dssecr;cdfuncao;dsfuncao;cdsubfuncao;dssubfuncao;nrexer;nremp;nrexerlici;nrlici;cdmodal;cdforn;nmforn;nrcgc;dsmodal;cdfontrec;dsfontrec;cdcat;dscat;dsmat;valor;w_nrexer;w_tipo;data;periodo;dtini;dtfin;cdsecr
"UNIDADE DE GESTÃO DE GOVERNO E FINANÇAS";"28";"ENCARGOS ESPECIAIS";"843";"SERVIÇO DA DÍVIDA INTERNA";"2024";"1";"";"0";"0";"7040702";"BANCO NACIONAL DE DESENVOL.ECON.E SOCIAL";"33657248000189";"";"0";"PROPRIA";"32902101";"JUROS DA DIVIDA CONTRATADA COM INSTITUICOES FINANC";"JUROS(P. JURIDICAS).";"101738.75";"2024";"L";"09/01/2024";"0";"01/01/2024";"31/01/2024";"8"
"UNIDADE DE GESTÃO DE GOVERNO E FINANÇAS";"28";"ENCARGOS ESPECIAIS";"843";"SERVIÇO DA DÍVIDA INTERNA";"2024";"2";"";"0";"0";"7040702";"BANCO NACIONAL DE DESENVOL.ECON.E SOCIAL";"33657248000189";"";"0";"PROPRIA";"46907101";"AMORTIZACAO DA DIVIDA CONTRATADA COM INSTITUICAO F";"AMORTIZACAO(P. JURIDICAS).";"103505.97";"2024";"L";"09/01/2024";"0";"01/01/2024";"31/01/2024";"8"
"UNIDADE DE GESTÃO DE GOVERNO E FINANÇAS";"28";"ENCARGOS ESPECIAIS";"843";"SERVIÇO DA DÍVIDA INTERNA";"2024";"3";"";"0";"0";"4000154";"CAIXA ECONOMICA FEDERAL";"00360305031689";"";"0";"PROPRIA";"46907101";"AMORTIZACAO DA DIVIDA CONTRATADA COM INSTITUICAO F";"AMORTIZACAO(P. JURIDICAS).";"109771.93";"2024";"L";"18/01/2024";"0";"01/01/2024";"31/01/2024";"8"
"UNIDADE DE GESTÃO DE GOVERNO E FINANÇAS";"28";"ENCARGOS ESPECIAIS";"843";"SERVIÇO DA DÍVIDA INTERNA";"2024";"4";"";"0";"0";"4000154";"CAIXA ECONOMICA FEDERAL";"00360305031689";"";"0";"PROPRIA";"32902101";"JUROS DA DIVIDA CONTRATADA COM INSTITUICOES FINANC";"JUROS(P. JURIDICAS).";"95430.9";"2024";"L";"18/01/2024";"0";"01/01/2024";"31/01/2024";"8"
"UNIDADE DE GESTÃO DE GOVERNO E FINANÇAS";"28";"ENCARGOS ESPECIAIS";"843";"SERVIÇO DA DÍVIDA INTERNA";"2024";"5";"";"0";"0";"4000154";"CAIXA ECONOMICA FEDERAL";"00360305031689";"";"0";"PROPRIA";"46907101";"AMORTIZACAO DA DIVIDA CONTRATADA COM INSTITUICAO F";"AMORTIZACAO(P. JURIDICAS).";"98739.48";"2024";"L";"18/01/2024";"0";"01/01/2024";"31/01/2024";"8"
"UNIDADE DE GESTÃO DE GOVERNO E FINANÇAS";"28";"ENCARGOS ESPECIAIS";"843";"SERVIÇO DA DÍVIDA INTERNA";"2024";"6";"";"0";"0";"4000154";"CAIXA ECONOMICA FEDERAL";"00360305031689";"";"0";"PROPRIA";"32902101";"JUROS DA DIVIDA CONTRATADA COM INSTITUICOES FINANC";"JUROS(P. JURIDICAS).";"93643.4";"2024";"L";"18/01/2024";"0";"01/01/2024";"31/01/2024";"8"
"UNIDADE DE GESTÃO DE GOVERNO E FINANÇAS";"28";"ENCARGOS ESPECIAIS";"843";"SERVIÇO DA DÍVIDA INTERNA";"2024";"7";"";"0";"0";"4000154";"CAIXA ECONOMICA FEDERAL";"00360305031689";"";"0";"PROPRIA";"46907101";"AMORTIZACAO DA DIVIDA CONTRATADA COM INSTITUICAO F";"AMORTIZACAO(P. JURIDICAS).";"1639754.89";"2024";"L";"18/01/2024";"0";"01/01/2024";"31/01/2024";"8"
"UNIDADE DE GESTÃO DE GOVERNO E FINANÇAS";"28";"ENCARGOS ESPECIAIS";"843";"SERVIÇO DA DÍVIDA INTERNA";"2024";"8";"";"0";"0";"4000154";"CAIXA ECONOMICA FEDERAL";"00360305031689";"";"0";"PROPRIA";"32902101";"JUROS DA DIVIDA CONTRATADA COM INSTITUICOES FINANC";"JUROS(P. JURIDICAS).";"1555124.79";"2024";"L";"18/01/2024";"0";"01/01/2024";"31/01/2024";"8"
"UNIDADE DE GESTÃO DE GOVERNO E FINANÇAS";"28";"ENCARGOS ESPECIAIS";"843";"SERVIÇO DA DÍVIDA INTERNA";"2024";"9";"";"0";"0";"7040702";"BANCO NACIONAL DE DESENVOL.ECON.E SOCIAL";"33657248000189";"";"0";"PROPRIA";"46907101";"AMORTIZACAO DA DIVIDA CONTRATADA COM INSTITUICAO F";"AMORTIZACAO(P. JURIDICAS).";"422755.19";"2024";"L";"09/01/2024";"0";"01/01/2024";"31/01/2024";"8"
"UNIDADE DE GESTÃO DE GOVERNO E FINANÇAS";"28";"ENCARGOS ESPECIAIS";"843";"SERVIÇO DA DÍVIDA INTERNA";"2024";"9";"";"0";"0";"7040702";"BANCO NACIONAL DE DESENVOL.ECON.E SOCIAL";"33657248000189";"";"0";"PROPRIA";"46907101";"AMORTIZACAO DA DIVIDA CONTRATADA COM INSTITUICAO F";"AMORTIZACAO(P. JURIDICAS).";"136029.35";"2024";"L";"09/01/2024";"0";"01/01/2024";"31/01/2024";"8"
"UNIDADE DE GESTÃO DE GOVERNO E FINANÇAS";"28";"ENCARGOS ESPECIAIS";"843";"SERVIÇO DA DÍVIDA INTERNA";"2024";"10";"";"0";"0";"7040702";"BANCO NACIONAL DE DESENVOL.ECON.E SOCIAL";"33657248000189";"";"0";"PROPRIA";"32902101";"JUROS DA DIVIDA CONTRATADA COM INSTITUICOES FINANC";"JUROS(P. JURIDICAS).";"62385.62";"2024";"L";"09/01/2024";"0";"01/01/2024";"31/01/2024";"8"
"UNIDADE DE GESTÃO DE GOVERNO E FINANÇAS";"28";"ENCARGOS ESPECIAIS";"843";"SERVIÇO DA DÍVIDA INTERNA";"2024";"10";"";"0";"0";"7040702";"BANCO NACIONAL DE DESENVOL.ECON.E SOCIAL";"33657248000189";"";"0";"PROPRIA";"32902101";"JUROS DA DIVIDA CONTRATADA COM INSTITUICOES FINANC";"JUROS(P. JURIDICAS).";"5797.18";"2024";"L";"09/01/2024";"0";"01/01/2024";"31/01/2024";"8"
"UNIDADE DE GESTÃO DE GOVERNO E FINANÇAS";"28";"ENCARGOS ESPECIAIS";"843";"SERVIÇO DA DÍVIDA INTERNA";"2024";"11";"";"0";"0";"4000154";"CAIXA ECONOMICA FEDERAL";"00360305031689";"";"0";"PROPRIA";"46907101";"AMORTIZACAO DA DIVIDA CONTRATADA COM INSTITUICAO F";"AMORTIZACAO(P. JURIDICAS).";"28682.73";"2024";"L";"12/01/2024";"0";"01/01/2024";"31/01/2024";"8"
"UNIDADE DE GESTÃO DE GOVERNO E FINANÇAS";"28";"ENCARGOS ESPECIAIS";"843";"SERVIÇO DA DÍVIDA INTERNA";"2024";"12";"";"0";"0";"4000154";"CAIXA ECONOMICA FEDERAL";"00360305031689";"";"0";"PROPRIA";"32902101";"JUROS DA DIVIDA CONTRATADA COM INSTITUICOES FINANC";"JUROS(P. JURIDICAS).";"35663.41";"2024";"L";"12/01/2024";"0";"01/01/2024";"31/01/2024";"8"
"UNIDADE DE GESTÃO DE GOVERNO E FINANÇAS";"28";"ENCARGOS ESPECIAIS";"843";"SERVIÇO DA DÍVIDA INTERNA";"2024";"13";"";"0";"0";"4000154";"CAIXA ECONOMICA FEDERAL";"00360305031689";"";"0";"PROPRIA";"32902201";"ENCARGOS DA DIVIDA CONTRATADA COM INSTITUICOES FIN";"ENCARGOS(P. JURIDICAS).";"14859.75";"2024";"L";"12/01/2024";"0";"01/01/2024";"31/01/2024";"8"
"UNIDADE DE GESTÃO DE GOVERNO E FINANÇAS";"28";"ENCARGOS ESPECIAIS";"843";"SERVIÇO DA DÍVIDA INTERNA";"2024";"14";"";"0";"0";"4000154";"CAIXA ECONOMICA FEDERAL";"00360305031689";"";"0";"PROPRIA";"46907101";"AMORTIZACAO DA DIVIDA CONTRATADA COM INSTITUICAO F";"AMORTIZACAO(P. JURIDICAS).";"406303.01";"2024";"L";"12/01/2024";"0";"01/01/2024";"31/01/2024";"8"
"UNIDADE DE GESTÃO DE GOVERNO E FINANÇAS";"28";"ENCARGOS ESPECIAIS";"843";"SERVIÇO DA DÍVIDA INTERNA";"2024";"15";"";"0";"0";"4000154";"CAIXA ECONOMICA FEDERAL";"00360305031689";"";"0";"PROPRIA";"32902101";"JUROS DA DIVIDA CONTRATADA COM INSTITUICOES FINANC";"JUROS(P. JURIDICAS).";"18653.61";"2024";"L";"12/01/2024";"0";"01/01/2024";"31/01/2024";"8"
"UNIDADE DE GESTÃO DE GOVERNO E FINANÇAS";"28";"ENCARGOS ESPECIAIS";"843";"SERVIÇO DA DÍVIDA INTERNA";"2024";"16";"";"0";"0";"4000154";"CAIXA ECONOMICA FEDERAL";"00360305031689";"";"0";"PROPRIA";"32902201";"ENCARGOS DA DIVIDA CONTRATADA COM INSTITUICOES FIN";"ENCARGOS(P. JURIDICAS).";"9326.8";"2024";"L";"12/01/2024";"0";"01/01/2024";"31/01/2024";"8"
"UNIDADE DE GESTÃO DE GOVERNO E FINANÇAS";"28";"ENCARGOS ESPECIAIS";"843";"SERVIÇO DA DÍVIDA INTERNA";"2024";"17";"";"0";"0";"100020781";"DESENVOLVE SP-AGENCIA DE FOMENTO DO EST.SÃO PAULO";"10663610000129";"";"0";"PROPRIA";"46907101";"AMORTIZACAO DA DIVIDA CONTRATADA COM INSTITUICAO F";"AMORTIZACAO(P. JURIDICAS).";"319187.93";"2024";"L";"08/01/2024";"0";"01/01/2024";"31/01/2024";"8"
"UNIDADE DE GESTÃO DE GOVERNO E FINANÇAS";"28";"ENCARGOS ESPECIAIS";"843";"SERVIÇO DA DÍVIDA INTERNA";"2024";"18";"";"0";"0";"100020781";"DESENVOLVE SP-AGENCIA DE FOMENTO DO EST.SÃO PAULO";"10663610000129";"";"0";"PROPRIA";"32902101";"JUROS DA DIVIDA CONTRATADA COM INSTITUICOES FINANC";"JUROS(P. JURIDICAS).";"33908.54";"2024";"L";"08/01/2024";"0";"01/01/2024";"31/01/2024";"8"
"UNIDADE DE GESTÃO DE GOVERNO E FINANÇAS";"28";"ENCARGOS ESPECIAIS";"843";"SERVIÇO DA DÍVIDA INTERNA";"2024";"21";"";"0";"0";"100004453";"IPREJUN-INST.PREVIDENCIA DO MUN.JUNDIAI";"05507216000161";"";"0";"PROPRIA";"32912100";"JUROS SOBRE DIVIDA POR CONTRATO - INTRA - ORCAMENT";"ACORDO CADPREV 107/2018/PARCELAMENTO";"377482.26";"2024";"L";"24/01/2024";"0";"01/01/2024";"31/01/2024";"8"
"UNIDADE DE GESTÃO DE GOVERNO E FINANÇAS";"28";"ENCARGOS ESPECIAIS";"843";"SERVIÇO DA DÍVIDA INTERNA";"2024";"22";"";"0";"0";"100004453";"IPREJUN-INST.PREVIDENCIA DO MUN.JUNDIAI";"05507216000161";"";"0";"PROPRIA";"31919299";"OUTRAS DESPESAS DE EXERCICIOS ANTERIORES - INTRA -";"ACORDO CADPREV 107/2018/PARCELAMENTO";"894931.86";"2024";"L";"24/01/2024";"0";"01/01/2024";"31/01/2024";"8"
"UNIDADE DE GESTÃO DE GOVERNO E FINANÇAS";"28";"ENCARGOS ESPECIAIS";"843";"SERVIÇO DA DÍVIDA INTERNA";"2024";"23";"";"0";"0";"100004453";"IPREJUN-INST.PREVIDENCIA DO MUN.JUNDIAI";"05507216000161";"";"0";"PROPRIA";"32912100";"JUROS SOBRE DIVIDA POR CONTRATO - INTRA - ORCAMENT";"ACORDO CADPREV 108/2018/PARCELAMENTO";"151521.63";"2024";"L";"24/01/2024";"0";"01/01/2024";"31/01/2024";"8"
"UNIDADE DE GESTÃO DE GOVERNO E FINANÇAS";"28";"ENCARGOS ESPECIAIS";"843";"SERVIÇO DA DÍVIDA INTERNA";"2024";"24";"";"0";"0";"100004453";"IPREJUN-INST.PREVIDENCIA DO MUN.JUNDIAI";"05507216000161";"";"0";"PROPRIA";"31919299";"OUTRAS DESPESAS DE EXERCICIOS ANTERIORES - INTRA -";"ACORDO CADPREV 108/2018/PARCELAMENTO";"359226.25";"2024";"L";"24/01/2024";"0";"01/01/2024";"31/01/2024";"8"
"UNIDADE DE GESTÃO DE GOVERNO E FINANÇAS";"28";"ENCARGOS ESPECIAIS";"843";"SERVIÇO DA DÍVIDA INTERNA";"2024";"25";"";"0";"0";"100004453";"IPREJUN-INST.PREVIDENCIA DO MUN.JUNDIAI";"05507216000161";"";"0";"PROPRIA";"32912100";"JUROS SOBRE DIVIDA POR CONTRATO - INTRA - ORCAMENT";"ACORDO CADPREV/IPREJUN/536/2020";"327174.55";"2024";"L";"24/01/2024";"0";"01/01/2024";"31/01/2024";"8"
"UNIDADE DE GESTÃO DE GOVERNO E FINANÇAS";"28";"ENCARGOS ESPECIAIS";"843";"SERVIÇO DA DÍVIDA INTERNA";"2024";"26";"";"0";"0";"100004453";"IPREJUN-INST.PREVIDENCIA DO MUN.JUNDIAI";"05507216000161";"";"0";"PROPRIA";"31919299";"OUTRAS DESPESAS DE EXERCICIOS ANTERIORES - INTRA -";"ACORDO CADPREV/IPREJUN/536/2020";"1603011.01";"2024";"L";"24/01/2024";"0";"01/01/2024";"31/01/2024";"8"
"UNIDADE DE GESTÃO DE GOVERNO E FINANÇAS";"28";"ENCARGOS ESPECIAIS";"843";"SERVIÇO DA DÍVIDA INTERNA";"2024";"27";"";"0";"0";"100004453";"IPREJUN-INST.PREVIDENCIA DO MUN.JUNDIAI";"05507216000161";"";"0";"PROPRIA";"32912100";"JUROS SOBRE DIVIDA POR CONTRATO - INTRA - ORCAMENT";"JUROS(OUTROS).";"166809.48";"2024";"L";"23/01/2024";"0";"01/01/2024";"31/01/2024";"8"
"UNIDADE DE GESTÃO DE GOVERNO E FINANÇAS";"28";"ENCARGOS ESPECIAIS";"843";"SERVIÇO DA DÍVIDA INTERNA";"2024";"28";"";"0";"0";"100004453";"IPREJUN-INST.PREVIDENCIA DO MUN.JUNDIAI";"05507216000161";"";"0";"PROPRIA";"31919299";"OUTRAS DESPESAS DE EXERCICIOS ANTERIORES - INTRA -";"AMORTIZACAO(OUTROS).";"331214.18";"2024";"L";"23/01/2024";"0";"01/01/2024";"31/01/2024";"8"
"UNIDADE DE GESTÃO DE GOVERNO E FINANÇAS";"28";"ENCARGOS ESPECIAIS";"843";"SERVIÇO DA DÍVIDA INTERNA";"2024";"29";"";"0";"0";"100004453";"IPREJUN-INST.PREVIDENCIA DO MUN.JUNDIAI";"05507216000161";"";"0";"PROPRIA";"32912100";"JUROS SOBRE DIVIDA POR CONTRATO - INTRA - ORCAMENT";"DESPESAS RESULT. DE LEIS. DEC.. CONV.. ACORDOS(ORG. PUBL.).";"357488.08";"2024";"L";"23/01/2024";"0";"01/01/2024";"31/01/2024";"8"
"UNIDADE DE GESTÃO DE GOVERNO E FINANÇAS";"28";"ENCARGOS ESPECIAIS";"843";"SERVIÇO DA DÍVIDA INTERNA";"2024";"30";"";"0";"0";"100004453";"IPREJUN-INST.PREVIDENCIA DO MUN.JUNDIAI";"05507216000161";"";"0";"PROPRIA";"46917199";"OUTRAS AMORTIZACOES DA DIVIDA CONTRATADA - INTRA -";"DESPESAS RESULT. DE LEIS. DEC.. CONV.. ACORDOS(ORG. PUBL.).";"709822.49";"2024";"L";"23/01/2024";"0";"01/01/2024";"31/01/2024";"8"
"UNIDADE DE GESTÃO DE GOVERNO E FINANÇAS";"28";"ENCARGOS ESPECIAIS";"846";"OUTROS ENCARGOS ESPECIAIS";"2024";"31";"";"0";"0";"100053128";"DENIS APARECIDO DE JESUS PINTOR";"28423501892";"";"0";"PROPRIA";"33909301";"INDENIZACOES";"INDENIZACOES E/OU RESSARCIMENTOS(P. FISICA).";"9426";"2024";"L";"04/01/2024";"0";"01/01/2024";"31/01/2024";"8"
"UNIDADE DE GESTÃO DE PROMOÇÃO DA SAÚDE";"10";"SAÚDE";"302";"ASSISTÊNCIA HOSPITALAR E AMBULATORIAL";"2024";"32";"";"0";"0";"4001269";"HOSPITAL DE CARIDADE S.VICENTE DE PAULA";"50944198000130";"";"0";"PROPRIA";"33503951";"SERVIÇOS MÉDICO-HOSPITALARES PRESTADOS EM UNIDADES";"SERVICOS DE SAUDE(P. JURIDICAS).";"10296672.74";"2024";"L";"03/01/2024";"0";"01/01/2024";"31/01/2024";"14"
"UNIDADE DE GESTÃO DE PROMOÇÃO DA SAÚDE";"10";"SAÚDE";"302";"ASSISTÊNCIA HOSPITALAR E AMBULATORIAL";"2024";"32";"";"0";"0";"4001269";"HOSPITAL DE CARIDADE S.VICENTE DE PAULA";"50944198000130";"";"0";"PROPRIA";"33503951";"SERVIÇOS MÉDICO-HOSPITALARES PRESTADOS EM UNIDADES";"SERVICOS DE SAUDE(P. JURIDICAS).";"4412859.74";"2024";"L";"10/01/2024";"0";"01/01/2024";"31/01/2024";"14"
"UNIDADE DE GESTÃO DE PROMOÇÃO DA SAÚDE";"10";"SAÚDE";"302";"ASSISTÊNCIA HOSPITALAR E AMBULATORIAL";"2024";"33";"";"0";"0";"4001269";"HOSPITAL DE CARIDADE S.VICENTE DE PAULA";"50944198000130";"";"5001";"FUNDO NACIONAL DE SAUDE - MS/SAS";"33503951";"SERVIÇOS MÉDICO-HOSPITALARES PRESTADOS EM UNIDADES";"SERVICOS DE SAUDE(P. JURIDICAS).";"3016556.07";"2024";"L";"03/01/2024";"0";"01/01/2024";"31/01/2024";"14"
"UNIDADE DE GESTÃO DE PROMOÇÃO DA SAÚDE";"10";"SAÚDE";"302";"ASSISTÊNCIA HOSPITALAR E AMBULATORIAL";"2024";"33";"";"0";"0";"4001269";"HOSPITAL DE CARIDADE S.VICENTE DE PAULA";"50944198000130";"";"5001";"FUNDO NACIONAL DE SAUDE - MS/SAS";"33503951";"SERVIÇOS MÉDICO-HOSPITALARES PRESTADOS EM UNIDADES";"SERVICOS DE SAUDE(P. JURIDICAS).";"324426.61";"2024";"L";"10/01/2024";"0";"01/01/2024";"31/01/2024";"14"
"UNIDADE DE GESTÃO DE PROMOÇÃO DA SAÚDE";"10";"SAÚDE";"302";"ASSISTÊNCIA HOSPITALAR E AMBULATORIAL";"2024";"33";"";"0";"0";"4001269";"HOSPITAL DE CARIDADE S.VICENTE DE PAULA";"50944198000130";"";"5001";"FUNDO NACIONAL DE SAUDE - MS/SAS";"33503951";"SERVIÇOS MÉDICO-HOSPITALARES PRESTADOS EM UNIDADES";"SERVICOS DE SAUDE(P. JURIDICAS).";"968383.14";"2024";"L";"10/01/2024";"0";"01/01/2024";"31/01/2024";"14"
"UNIDADE DE GESTÃO DE ESPORTE E LAZER";"27";"DESPORTO E LAZER";"811";"DESPORTO DE RENDIMENTO";"2024";"50";"2023";"316";"14";"100041387";"BY BUS TRANSPORTES LTDA";"69067031000166";"PREGÃO ELETRÔNICO";"0";"PROPRIA";"33903974";"FRETES E TRANSPORTES DE ENCOMENDAS";"FRETAMENTO-ONIBUS (MINIMO 44 LUGARES)";"21178.6";"2024";"L";"08/01/2024";"0";"01/01/2024";"31/01/2024";"23"
"UNIDADE DE GESTÃO DE EDUCAÇÃO";"12";"EDUCAÇÃO";"306";"ALIMENTAÇÃO E NUTRIÇÃO";"2024";"57";"2023";"15";"14";"1074558";"SOCOM ALIMENTOS LTDA EPP";"53372363000114";"PREGÃO ELETRÔNICO";"6108";"QUOTA DO SALARIO EDUCACAO";"33903007";"GENEROS DE ALIMENTACAO";"MASSA ALIMENTICIA SECA COM SEMOLA. TIPO GRAVATINHA";"17400";"2024";"L";"29/01/2024";"0";"01/01/2024";"31/01/2024";"13"
"UNIDADE DE GESTÃO DE EDUCAÇÃO";"12";"EDUCAÇÃO";"306";"ALIMENTAÇÃO E NUTRIÇÃO";"2024";"57";"2023";"15";"14";"1074558";"SOCOM ALIMENTOS LTDA EPP";"53372363000114";"PREGÃO ELETRÔNICO";"6108";"QUOTA DO SALARIO EDUCACAO";"33903007";"GENEROS DE ALIMENTACAO";"MACARRAO INTEGRAL. TIPO FUSILI";"18000";"2024";"L";"29/01/2024";"0";"01/01/2024";"31/01/2024";"13"
"UNIDADE DE GESTÃO DE EDUCAÇÃO";"12";"EDUCAÇÃO";"306";"ALIMENTAÇÃO E NUTRIÇÃO";"2024";"61";"2023";"281";"14";"100027995";"SÃO BRAZ S/A IND.E COM.DE ALIMENTOS";"08811226001903";"PREGÃO ELETRÔNICO";"6108";"QUOTA DO SALARIO EDUCACAO";"33903007";"GENEROS DE ALIMENTACAO";"FLOCOS DE MILHO";"37800";"2024";"L";"29/01/2024";"0";"01/01/2024";"31/01/2024";"13"
"UNIDADE DE GESTÃO DE PROMOÇÃO DA SAÚDE";"10";"SAÚDE";"302";"ASSISTÊNCIA HOSPITALAR E AMBULATORIAL";"2024";"63";"";"0";"0";"4001269";"HOSPITAL DE CARIDADE S.VICENTE DE PAULA";"50944198000130";"";"5001";"FUNDO NACIONAL DE SAUDE - MS/SAS";"33503956";"OUTROS SERVIÇOS DE ASSISTÊNCIA À SAÚDE";"SERVICOS DE SAUDE(P. JURIDICAS).";"172222";"2024";"L";"05/01/2024";"0";"01/01/2024";"31/01/2024";"14"
"UNIDADE DE GESTÃO DE PROMOÇÃO DA SAÚDE";"10";"SAÚDE";"302";"ASSISTÊNCIA HOSPITALAR E AMBULATORIAL";"2024";"63";"";"0";"0";"4001269";"HOSPITAL DE CARIDADE S.VICENTE DE PAULA";"50944198000130";"";"5001";"FUNDO NACIONAL DE SAUDE - MS/SAS";"33503956";"OUTROS SERVIÇOS DE ASSISTÊNCIA À SAÚDE";"SERVICOS DE SAUDE(P. JURIDICAS).";"172222";"2024";"L";"31/01/2024";"0";"01/01/2024";"31/01/2024";"14"
"UNIDADE DE GESTÃO DE PROMOÇÃO DA SAÚDE";"10";"SAÚDE";"302";"ASSISTÊNCIA HOSPITALAR E AMBULATORIAL";"2024";"64";"";"0";"0";"4001269";"HOSPITAL DE CARIDADE S.VICENTE DE PAULA";"50944198000130";"";"0";"PROPRIA";"33503956";"OUTROS SERVIÇOS DE ASSISTÊNCIA À SAÚDE";"SERVICOS DE SAUDE(P. JURIDICAS).";"1620277.43";"2024";"L";"05/01/2024";"0";"01/01/2024";"31/01/2024";"14"
"UNIDADE DE GESTÃO DE PROMOÇÃO DA SAÚDE";"10";"SAÚDE";"302";"ASSISTÊNCIA HOSPITALAR E AMBULATORIAL";"2024";"64";"";"0";"0";"4001269";"HOSPITAL DE CARIDADE S.VICENTE DE PAULA";"50944198000130";"";"0";"PROPRIA";"33503956";"OUTROS SERVIÇOS DE ASSISTÊNCIA À SAÚDE";"SERVICOS DE SAUDE(P. JURIDICAS).";"1620277.43";"2024";"L";"31/01/2024";"0";"01/01/2024";"31/01/2024";"14"
"UNIDADE DE GESTÃO DE PROMOÇÃO DA SAÚDE";"10";"SAÚDE";"301";"ATENÇÃO BÁSICA";"2024";"71";"";"0";"0";"4001269";"HOSPITAL DE CARIDADE S.VICENTE DE PAULA";"50944198000130";"";"0";"PROPRIA";"33503953";"SERVIÇOS MÉDICO-HOSPITALARES PRESTADOS NA ATENÇÃO";"SERVICOS DE SAUDE(P. JURIDICAS).";"2110815.9";"2024";"L";"11/01/2024";"0";"01/01/2024";"31/01/2024";"14"
"UNIDADE DE GESTÃO DA CASA CIVIL";"4";"ADMINISTRAÇÃO";"122";"ADMINISTRAÇÃO GERAL";"2024";"74";"";"0";"0";"100012604";"FOLHA DE PAGAMENTO";"45780103000150";"";"0";"PROPRIA";"31901131";"GRATIFICACOES POR EXERCICIO DE  CARGO";"FOLHA DE PAGAMENTO";"3713.48";"2024";"L";"03/01/2024";"0";"01/01/2024";"31/01/2024";"3"
"UNIDADE DE GESTÃO DA CASA CIVIL";"4";"ADMINISTRAÇÃO";"122";"ADMINISTRAÇÃO GERAL";"2024";"75";"";"0";"0";"100012604";"FOLHA DE PAGAMENTO";"45780103000150";"";"0";"PROPRIA";"31901133";"GRATIFICACOES POR EXERCICIO DE  FUNCOES";"FOLHA DE PAGAMENTO";"3308.15";"2024";"L";"03/01/2024";"0";"01/01/2024";"31/01/2024";"3"
"UNIDADE DE GESTÃO DA CASA CIVIL";"4";"ADMINISTRAÇÃO";"122";"ADMINISTRAÇÃO GERAL";"2024";"76";"";"0";"0";"100012604";"FOLHA DE PAGAMENTO";"45780103000150";"";"0";"PROPRIA";"31901137";"GRATIFICACOES POR TEMPO DE SERVICO";"FOLHA DE PAGAMENTO";"2398.68";"2024";"L";"03/01/2024";"0";"01/01/2024";"31/01/2024";"3"
"UNIDADE DE GESTÃO DA CASA CIVIL";"4";"ADMINISTRAÇÃO";"122";"ADMINISTRAÇÃO GERAL";"2024";"77";"";"0";"0";"100012604";"FOLHA DE PAGAMENTO";"45780103000150";"";"0";"PROPRIA";"31901144";"FÉRIAS - ABONO PECUNIARIO";"FOLHA DE PAGAMENTO";"26071.06";"2024";"L";"03/01/2024";"0";"01/01/2024";"31/01/2024";"3"
"UNIDADE DE GESTÃO DA CASA CIVIL";"4";"ADMINISTRAÇÃO";"122";"ADMINISTRAÇÃO GERAL";"2024";"78";"";"0";"0";"100012604";"FOLHA DE PAGAMENTO";"45780103000150";"";"0";"PROPRIA";"31901145";"FÉRIAS - ABONO CONSTITUICOES";"FOLHA DE PAGAMENTO";"13394.79";"2024";"L";"03/01/2024";"0";"01/01/2024";"31/01/2024";"3"
"UNIDADE DE GESTÃO DA CASA CIVIL";"4";"ADMINISTRAÇÃO";"122";"ADMINISTRAÇÃO GERAL";"2024";"79";"";"0";"0";"100012604";"FOLHA DE PAGAMENTO";"45780103000150";"";"0";"PROPRIA";"31901145";"FÉRIAS - ABONO CONSTITUICOES";"FOLHA DE PAGAMENTO";"11910.88";"2024";"L";"03/01/2024";"0";"01/01/2024";"31/01/2024";"3"
"UNIDADE DE GESTÃO DA CASA CIVIL";"4";"ADMINISTRAÇÃO";"122";"ADMINISTRAÇÃO GERAL";"2024";"80";"";"0";"0";"100012604";"FOLHA DE PAGAMENTO";"45780103000150";"";"0";"PROPRIA";"31901146";"FÉRIAS - PAGAMENTO ANTECIPADO - RPPS";"FOLHA DE PAGAMENTO";"35419.22";"2024";"L";"03/01/2024";"0";"01/01/2024";"31/01/2024";"3"
"UNIDADE DE GESTÃO DA CASA CIVIL";"4";"ADMINISTRAÇÃO";"122";"ADMINISTRAÇÃO GERAL";"2024";"81";"";"0";"0";"100012604";"FOLHA DE PAGAMENTO";"45780103000150";"";"0";"PROPRIA";"31901146";"FÉRIAS - PAGAMENTO ANTECIPADO - RPPS";"FOLHA DE PAGAMENTO";"21239.13";"2024";"L";"03/01/2024";"0";"01/01/2024";"31/01/2024";"3"
"UNIDADE DE GESTÃO DA CASA CIVIL";"4";"ADMINISTRAÇÃO";"122";"ADMINISTRAÇÃO GERAL";"2024";"82";"";"0";"0";"100012604";"FOLHA DE PAGAMENTO";"45780103000150";"";"0";"PROPRIA";"31901644";"SERVIÇOS EXTRAORDINÁRIOS";"FOLHA DE PAGAMENTO";"429.82";"2024";"L";"03/01/2024";"0";"01/01/2024";"31/01/2024";"3"
"UNIDADE GESTÃO DE INOVAÇÃO E RELAÇÃO COM O CIDADÃO";"4";"ADMINISTRAÇÃO";"122";"ADMINISTRAÇÃO GERAL";"2024";"83";"";"0";"0";"100012604";"FOLHA DE PAGAMENTO";"45780103000150";"";"0";"PROPRIA";"31901144";"FÉRIAS - ABONO PECUNIARIO";"FOLHA DE PAGAMENTO";"1909.11";"2024";"L";"03/01/2024";"0";"01/01/2024";"31/01/2024";"4"
"UNIDADE GESTÃO DE INOVAÇÃO E RELAÇÃO COM O CIDADÃO";"4";"ADMINISTRAÇÃO";"122";"ADMINISTRAÇÃO GERAL";"2024";"84";"";"0";"0";"100012604";"FOLHA DE PAGAMENTO";"45780103000150";"";"0";"PROPRIA";"31901145";"FÉRIAS - ABONO CONSTITUICOES";"FOLHA DE PAGAMENTO";"954.55";"2024";"L";"03/01/2024";"0";"01/01/2024";"31/01/2024";"4"
"UNIDADE GESTÃO DE INOVAÇÃO E RELAÇÃO COM O CIDADÃO";"4";"ADMINISTRAÇÃO";"122";"ADMINISTRAÇÃO GERAL";"2024";"85";"";"0";"0";"100012604";"FOLHA DE PAGAMENTO";"45780103000150";"";"0";"PROPRIA";"31901146";"FÉRIAS - PAGAMENTO ANTECIPADO - RPPS";"FOLHA DE PAGAMENTO";"2254.38";"2024";"L";"03/01/2024";"0";"01/01/2024";"31/01/2024";"4"
"UNIDADE GESTÃO DE INOVAÇÃO E RELAÇÃO COM O CIDADÃO";"4";"ADMINISTRAÇÃO";"122";"ADMINISTRAÇÃO GERAL";"2024";"86";"";"0";"0";"100012604";"FOLHA DE PAGAMENTO";"45780103000150";"";"0";"PROPRIA";"31901175";"SUBSÍDIOS - AGENTES POLÍTICOS";"FOLHA DE PAGAMENTO";"11997.74";"2024";"L";"03/01/2024";"0";"01/01/2024";"31/01/2024";"4"
"UNIDADE GESTÃO DE INOVAÇÃO E RELAÇÃO COM O CIDADÃO";"4";"ADMINISTRAÇÃO";"122";"ADMINISTRAÇÃO GERAL";"2024";"87";"";"0";"0";"100012604";"FOLHA DE PAGAMENTO";"45780103000150";"";"0";"PROPRIA";"31901175";"SUBSÍDIOS - AGENTES POLÍTICOS";"FOLHA DE PAGAMENTO";"4291.56";"2024";"L";"03/01/2024";"0";"01/01/2024";"31/01/2024";"4"
"UNIDADE GESTÃO DE INOVAÇÃO E RELAÇÃO COM O CIDADÃO";"4";"ADMINISTRAÇÃO";"122";"ADMINISTRAÇÃO GERAL";"2024";"88";"";"0";"0";"100012604";"FOLHA DE PAGAMENTO";"45780103000150";"";"0";"PROPRIA";"31901175";"SUBSÍDIOS - AGENTES POLÍTICOS";"FOLHA DE PAGAMENTO";"8583.12";"2024";"L";"03/01/2024";"0";"01/01/2024";"31/01/2024";"4"
"UNIDADE DE GESTÃO DE NEG. JURÍDICOS E CIDADANIA";"4";"ADMINISTRAÇÃO";"122";"ADMINISTRAÇÃO GERAL";"2024";"89";"";"0";"0";"100012604";"FOLHA DE PAGAMENTO";"45780103000150";"";"0";"PROPRIA";"31901105";"INCORPORADOS";"FOLHA DE PAGAMENTO";"2710.73";"2024";"L";"03/01/2024";"0";"01/01/2024";"31/01/2024";"6"
"UNIDADE DE GESTÃO DE NEG. JURÍDICOS E CIDADANIA";"4";"ADMINISTRAÇÃO";"122";"ADMINISTRAÇÃO GERAL";"2024";"90";"";"0";"0";"100012604";"FOLHA DE PAGAMENTO";"45780103000150";"";"0";"PROPRIA";"31901131";"GRATIFICACOES POR EXERCICIO DE  CARGO";"FOLHA DE PAGAMENTO";"2460.14";"2024";"L";"03/01/2024";"0";"01/01/2024";"31/01/2024";"6"
"UNIDADE DE GESTÃO DE NEG. JURÍDICOS E CIDADANIA";"4";"ADMINISTRAÇÃO";"122";"ADMINISTRAÇÃO GERAL";"2024";"91";"";"0";"0";"100012604";"FOLHA DE PAGAMENTO";"45780103000150";"";"0";"PROPRIA";"31901133";"GRATIFICACOES POR EXERCICIO DE  FUNCOES";"FOLHA DE PAGAMENTO";"1072.92";"2024";"L";"03/01/2024";"0";"01/01/2024";"31/01/2024";"6"
"UNIDADE DE GESTÃO DE NEG. JURÍDICOS E CIDADANIA";"4";"ADMINISTRAÇÃO";"122";"ADMINISTRAÇÃO GERAL";"2024";"92";"";"0";"0";"100012604";"FOLHA DE PAGAMENTO";"45780103000150";"";"0";"PROPRIA";"31901137";"GRATIFICACOES POR TEMPO DE SERVICO";"FOLHA DE PAGAMENTO";"12735.77";"2024";"L";"03/01/2024";"0";"01/01/2024";"31/01/2024";"6"
"UNIDADE DE GESTÃO DE NEG. JURÍDICOS E CIDADANIA";"4";"ADMINISTRAÇÃO";"122";"ADMINISTRAÇÃO GERAL";"2024";"93";"";"0";"0";"100012604";"FOLHA DE PAGAMENTO";"45780103000150";"";"0";"PROPRIA";"31901144";"FÉRIAS - ABONO PECUNIARIO";"FOLHA DE PAGAMENTO";"2874.64";"2024";"L";"03/01/2024";"0";"01/01/2024";"31/01/2024";"6"
"UNIDADE DE GESTÃO DE NEG. JURÍDICOS E CIDADANIA";"4";"ADMINISTRAÇÃO";"122";"ADMINISTRAÇÃO GERAL";"2024";"94";"";"0";"0";"100012604";"FOLHA DE PAGAMENTO";"45780103000150";"";"0";"PROPRIA";"31901145";"FÉRIAS - ABONO CONSTITUICOES";"FOLHA DE PAGAMENTO";"21931.96";"2024";"L";"03/01/2024";"0";"01/01/2024";"31/01/2024";"6"
"UNIDADE DE GESTÃO DE NEG. JURÍDICOS E CIDADANIA";"4";"ADMINISTRAÇÃO";"122";"ADMINISTRAÇÃO GERAL";"2024";"95";"";"0";"0";"100012604";"FOLHA DE PAGAMENTO";"45780103000150";"";"0";"PROPRIA";"31901146";"FÉRIAS - PAGAMENTO ANTECIPADO - RPPS";"FOLHA DE PAGAMENTO";"34306.33";"2024";"L";"03/01/2024";"0";"01/01/2024";"31/01/2024";"6"
"UNIDADE DE GESTÃO DE NEG. JURÍDICOS E CIDADANIA";"4";"ADMINISTRAÇÃO";"422";"DIREITOS INDIVIDUAIS. COLETIVOS E DIFUSOS";"2024";"96";"";"0";"0";"100012604";"FOLHA DE PAGAMENTO";"45780103000150";"";"0";"PROPRIA";"31901137";"GRATIFICACOES POR TEMPO DE SERVICO";"FOLHA DE PAGAMENTO";"902.83";"2024";"L";"03/01/2024";"0";"01/01/2024";"31/01/2024";"6"
"UNIDADE DE GESTÃO DE NEG. JURÍDICOS E CIDADANIA";"4";"ADMINISTRAÇÃO";"422";"DIREITOS INDIVIDUAIS. COLETIVOS E DIFUSOS";"2024";"97";"";"0";"0";"100012604";"FOLHA DE PAGAMENTO";"45780103000150";"";"0";"PROPRIA";"31901144";"FÉRIAS - ABONO PECUNIARIO";"FOLHA DE PAGAMENTO";"1549.13";"2024";"L";"03/01/2024";"0";"01/01/2024";"31/01/2024";"6"
"UNIDADE DE GESTÃO DE NEG. JURÍDICOS E CIDADANIA";"4";"ADMINISTRAÇÃO";"422";"DIREITOS INDIVIDUAIS. COLETIVOS E DIFUSOS";"2024";"98";"";"0";"0";"100012604";"FOLHA DE PAGAMENTO";"45780103000150";"";"0";"PROPRIA";"31901145";"FÉRIAS - ABONO CONSTITUICOES";"FOLHA DE PAGAMENTO";"2723.27";"2024";"L";"03/01/2024";"0";"01/01/2024";"31/01/2024";"6"
"UNIDADE DE GESTÃO DE NEG. JURÍDICOS E CIDADANIA";"4";"ADMINISTRAÇÃO";"422";"DIREITOS INDIVIDUAIS. COLETIVOS E DIFUSOS";"2024";"99";"";"0";"0";"100012604";"FOLHA DE PAGAMENTO";"45780103000150";"";"0";"PROPRIA";"31901146";"FÉRIAS - PAGAMENTO ANTECIPADO - RPPS";"FOLHA DE PAGAMENTO";"5637.43";"2024";"L";"03/01/2024";"0";"01/01/2024";"31/01/2024";"6"
"UNIDADE DE GESTÃO DE ADMINIST. E GESTÃO DE PESSOAS";"4";"ADMINISTRAÇÃO";"122";"ADMINISTRAÇÃO GERAL";"2024";"100";"";"0";"0";"100012604";"FOLHA DE PAGAMENTO";"45780103000150";"";"0";"PROPRIA";"31901105";"INCORPORADOS";"FOLHA DE PAGAMENTO";"1856.69";"2024";"L";"03/01/2024";"0";"01/01/2024";"31/01/2024";"7"
"UNIDADE DE GESTÃO DE ADMINIST. E GESTÃO DE PESSOAS";"4";"ADMINISTRAÇÃO";"122";"ADMINISTRAÇÃO GERAL";"2024";"101";"";"0";"0";"100012604";"FOLHA DE PAGAMENTO";"45780103000150";"";"0";"PROPRIA";"31901109";"ADICIONAL DE PERICULOSIDADE";"FOLHA DE PAGAMENTO";"3465.95";"2024";"L";"03/01/2024";"0";"01/01/2024";"31/01/2024";"7"
"UNIDADE DE GESTÃO DE ADMINIST. E GESTÃO DE PESSOAS";"4";"ADMINISTRAÇÃO";"122";"ADMINISTRAÇÃO GERAL";"2024";"102";"";"0";"0";"100012604";"FOLHA DE PAGAMENTO";"45780103000150";"";"0";"PROPRIA";"31901131";"GRATIFICACOES POR EXERCICIO DE  CARGO";"FOLHA DE PAGAMENTO";"4717.33";"2024";"L";"03/01/2024";"0";"01/01/2024";"31/01/2024";"7"
"UNIDADE DE GESTÃO DE ADMINIST. E GESTÃO DE PESSOAS";"4";"ADMINISTRAÇÃO";"122";"ADMINISTRAÇÃO GERAL";"2024";"103";"";"0";"0";"100012604";"FOLHA DE PAGAMENTO";"45780103000150";"";"0";"PROPRIA";"31901133";"GRATIFICACOES POR EXERCICIO DE  FUNCOES";"FOLHA DE PAGAMENTO";"2861.11";"2024";"L";"03/01/2024";"0";"01/01/2024";"31/01/2024";"7"
"UNIDADE DE GESTÃO DE ADMINIST. E GESTÃO DE PESSOAS";"4";"ADMINISTRAÇÃO";"122";"ADMINISTRAÇÃO GERAL";"2024";"104";"";"0";"0";"100012604";"FOLHA DE PAGAMENTO";"45780103000150";"";"0";"PROPRIA";"31901137";"GRATIFICACOES POR TEMPO DE SERVICO";"FOLHA DE PAGAMENTO";"1592.85";"2024";"L";"03/01/2024";"0";"01/01/2024";"31/01/2024";"7"
"UNIDADE DE GESTÃO DE ADMINIST. E GESTÃO DE PESSOAS";"4";"ADMINISTRAÇÃO";"122";"ADMINISTRAÇÃO GERAL";"2024";"105";"";"0";"0";"100012604";"FOLHA DE PAGAMENTO";"45780103000150";"";"0";"PROPRIA";"31901137";"GRATIFICACOES POR TEMPO DE SERVICO";"FOLHA DE PAGAMENTO";"10329.02";"2024";"L";"03/01/2024";"0";"01/01/2024";"31/01/2024";"7"
"UNIDADE DE GESTÃO DE ADMINIST. E GESTÃO DE PESSOAS";"4";"ADMINISTRAÇÃO";"122";"ADMINISTRAÇÃO GERAL";"2024";"106";"";"0";"0";"100012604";"FOLHA DE PAGAMENTO";"45780103000150";"";"0";"PROPRIA";"31901144";"FÉRIAS - ABONO PECUNIARIO";"FOLHA DE PAGAMENTO";"21476.12";"2024";"L";"03/01/2024";"0";"01/01/2024";"31/01/2024";"7"
"UNIDADE DE GESTÃO DE ADMINIST. E GESTÃO DE PESSOAS";"4";"ADMINISTRAÇÃO";"122";"ADMINISTRAÇÃO GERAL";"2024";"107";"";"0";"0";"100012604";"FOLHA DE PAGAMENTO";"45780103000150";"";"0";"PROPRIA";"31901144";"FÉRIAS - ABONO PECUNIARIO";"FOLHA DE PAGAMENTO";"6189.13";"2024";"L";"03/01/2024";"0";"01/01/2024";"31/01/2024";"7"
"UNIDADE DE GESTÃO DE ADMINIST. E GESTÃO DE PESSOAS";"4";"ADMINISTRAÇÃO";"122";"ADMINISTRAÇÃO GERAL";"2024";"108";"";"0";"0";"100012604";"FOLHA DE PAGAMENTO";"45780103000150";"";"0";"PROPRIA";"31901145";"FÉRIAS - ABONO CONSTITUICOES";"FOLHA DE PAGAMENTO";"1606.32";"2024";"L";"03/01/2024";"0";"01/01/2024";"31/01/2024";"7"
"UNIDADE DE GESTÃO DE ADMINIST. E GESTÃO DE PESSOAS";"4";"ADMINISTRAÇÃO";"122";"ADMINISTRAÇÃO GERAL";"2024";"109";"";"0";"0";"100012604";"FOLHA DE PAGAMENTO";"45780103000150";"";"0";"PROPRIA";"31901145";"FÉRIAS - ABONO CONSTITUICOES";"FOLHA DE PAGAMENTO";"30384.33";"2024";"L";"03/01/2024";"0";"01/01/2024";"31/01/2024";"7"
"UNIDADE DE GESTÃO DE ADMINIST. E GESTÃO DE PESSOAS";"4";"ADMINISTRAÇÃO";"122";"ADMINISTRAÇÃO GERAL";"2024";"110";"";"0";"0";"100012604";"FOLHA DE PAGAMENTO";"45780103000150";"";"0";"PROPRIA";"31901145";"FÉRIAS - ABONO CONSTITUICOES";"FOLHA DE PAGAMENTO";"1547.28";"2024";"L";"03/01/2024";"0";"01/01/2024";"31/01/2024";"7"
"UNIDADE DE GESTÃO DE ADMINIST. E GESTÃO DE PESSOAS";"4";"ADMINISTRAÇÃO";"122";"ADMINISTRAÇÃO GERAL";"2024";"111";"";"0";"0";"100012604";"FOLHA DE PAGAMENTO";"45780103000150";"";"0";"PROPRIA";"31901146";"FÉRIAS - PAGAMENTO ANTECIPADO - RPPS";"FOLHA DE PAGAMENTO";"3949.47";"2024";"L";"03/01/2024";"0";"01/01/2024";"31/01/2024";"7"
"UNIDADE DE GESTÃO DE ADMINIST. E GESTÃO DE PESSOAS";"4";"ADMINISTRAÇÃO";"122";"ADMINISTRAÇÃO GERAL";"2024";"112";"";"0";"0";"100012604";"FOLHA DE PAGAMENTO";"45780103000150";"";"0";"PROPRIA";"31901146";"FÉRIAS - PAGAMENTO ANTECIPADO - RPPS";"FOLHA DE PAGAMENTO";"2344.74";"2024";"L";"03/01/2024";"0";"01/01/2024";"31/01/2024";"7"
"UNIDADE DE GESTÃO DE ADMINIST. E GESTÃO DE PESSOAS";"4";"ADMINISTRAÇÃO";"122";"ADMINISTRAÇÃO GERAL";"2024";"113";"";"0";"0";"100012604";"FOLHA DE PAGAMENTO";"45780103000150";"";"0";"PROPRIA";"31901146";"FÉRIAS - PAGAMENTO ANTECIPADO - RPPS";"FOLHA DE PAGAMENTO";"47406.42";"2024";"L";"03/01/2024";"0";"01/01/2024";"31/01/2024";"7"
"UNIDADE DE GESTÃO DE ADMINIST. E GESTÃO DE PESSOAS";"4";"ADMINISTRAÇÃO";"122";"ADMINISTRAÇÃO GERAL";"2024";"114";"";"0";"0";"100012604";"FOLHA DE PAGAMENTO";"45780103000150";"";"0";"PROPRIA";"31901632";"SUBSTITUIÇÕES  RPPS";"FOLHA DE PAGAMENTO";"2446.53";"2024";"L";"03/01/2024";"0";"01/01/2024";"31/01/2024";"7"
"UNIDADE DE GESTÃO DE ADMINIST. E GESTÃO DE PESSOAS";"4";"ADMINISTRAÇÃO";"122";"ADMINISTRAÇÃO GERAL";"2024";"115";"";"0";"0";"100012604";"FOLHA DE PAGAMENTO";"45780103000150";"";"0";"PROPRIA";"31901644";"SERVIÇOS EXTRAORDINÁRIOS";"FOLHA DE PAGAMENTO";"143.38";"2024";"L";"03/01/2024";"0";"01/01/2024";"31/01/2024";"7"
"UNIDADE DE GESTÃO DE ADMINIST. E GESTÃO DE PESSOAS";"4";"ADMINISTRAÇÃO";"122";"ADMINISTRAÇÃO GERAL";"2024";"116";"";"0";"0";"100012604";"FOLHA DE PAGAMENTO";"45780103000150";"";"0";"PROPRIA";"31901644";"SERVIÇOS EXTRAORDINÁRIOS";"FOLHA DE PAGAMENTO";"319.64";"2024";"L";"03/01/2024";"0";"01/01/2024";"31/01/2024";"7"
"UNIDADE DE GESTÃO DE ADMINIST. E GESTÃO DE PESSOAS";"17";"SANEAMENTO";"122";"ADMINISTRAÇÃO GERAL";"2024";"117";"";"0";"0";"100012604";"FOLHA DE PAGAMENTO";"45780103000150";"";"902";"RESTITUIÇÕES DAE S/A";"31901109";"ADICIONAL DE PERICULOSIDADE";"FOLHA DE PAGAMENTO";"1578.38";"2024";"L";"03/01/2024";"0";"01/01/2024";"31/01/2024";"7"
"UNIDADE DE GESTÃO DE ADMINIST. E GESTÃO DE PESSOAS";"17";"SANEAMENTO";"122";"ADMINISTRAÇÃO GERAL";"2024";"118";"";"0";"0";"100012604";"FOLHA DE PAGAMENTO";"45780103000150";"";"902";"RESTITUIÇÕES DAE S/A";"31901110";"ADICIONAL DE INSALUBRIDADE";"FOLHA DE PAGAMENTO";"1232";"2024";"L";"03/01/2024";"0";"01/01/2024";"31/01/2024";"7"
"UNIDADE DE GESTÃO DE ADMINIST. E GESTÃO DE PESSOAS";"17";"SANEAMENTO";"122";"ADMINISTRAÇÃO GERAL";"2024";"119";"";"0";"0";"100012604";"FOLHA DE PAGAMENTO";"45780103000150";"";"902";"RESTITUIÇÕES DAE S/A";"31901137";"GRATIFICACOES POR TEMPO DE SERVICO";"FOLHA DE PAGAMENTO";"17885.05";"2024";"L";"03/01/2024";"0";"01/01/2024";"31/01/2024";"7"
"UNIDADE DE GESTÃO DE ADMINIST. E GESTÃO DE PESSOAS";"17";"SANEAMENTO";"122";"ADMINISTRAÇÃO GERAL";"2024";"120";"";"0";"0";"100012604";"FOLHA DE PAGAMENTO";"45780103000150";"";"902";"RESTITUIÇÕES DAE S/A";"31901144";"FÉRIAS - ABONO PECUNIARIO";"FOLHA DE PAGAMENTO";"16720.89";"2024";"L";"03/01/2024";"0";"01/01/2024";"31/01/2024";"7"
"UNIDADE DE GESTÃO DE ADMINIST. E GESTÃO DE PESSOAS";"17";"SANEAMENTO";"122";"ADMINISTRAÇÃO GERAL";"2024";"121";"";"0";"0";"100012604";"FOLHA DE PAGAMENTO";"45780103000150";"";"902";"RESTITUIÇÕES DAE S/A";"31901145";"FÉRIAS - ABONO CONSTITUICOES";"FOLHA DE PAGAMENTO";"22175.77";"2024";"L";"03/01/2024";"0";"01/01/2024";"31/01/2024";"7"
"UNIDADE DE GESTÃO DE ADMINIST. E GESTÃO DE PESSOAS";"17";"SANEAMENTO";"122";"ADMINISTRAÇÃO GERAL";"2024";"122";"";"0";"0";"100012604";"FOLHA DE PAGAMENTO";"45780103000150";"";"902";"RESTITUIÇÕES DAE S/A";"31901146";"FÉRIAS - PAGAMENTO ANTECIPADO - RPPS";"FOLHA DE PAGAMENTO";"27896.66";"2024";"L";"03/01/2024";"0";"01/01/2024";"31/01/2024";"7"
"UNIDADE DE GESTÃO DE ADMINIST. E GESTÃO DE PESSOAS";"17";"SANEAMENTO";"122";"ADMINISTRAÇÃO GERAL";"2024";"123";"";"0";"0";"100012604";"FOLHA DE PAGAMENTO";"45780103000150";"";"902";"RESTITUIÇÕES DAE S/A";"31901644";"SERVIÇOS EXTRAORDINÁRIOS";"FOLHA DE PAGAMENTO";"2064.94";"2024";"L";"03/01/2024";"0";"01/01/2024";"31/01/2024";"7"
"UNIDADE DE GESTÃO DE ADMINIST. E GESTÃO DE PESSOAS";"4";"ADMINISTRAÇÃO";"122";"ADMINISTRAÇÃO GERAL";"2024";"124";"";"0";"0";"100012604";"FOLHA DE PAGAMENTO";"45780103000150";"";"0";"PROPRIA";"31901105";"INCORPORADOS";"FOLHA DE PAGAMENTO";"1040.64";"2024";"L";"03/01/2024";"0";"01/01/2024";"31/01/2024";"7"
"UNIDADE DE GESTÃO DE ADMINIST. E GESTÃO DE PESSOAS";"4";"ADMINISTRAÇÃO";"122";"ADMINISTRAÇÃO GERAL";"2024";"125";"";"0";"0";"100012604";"FOLHA DE PAGAMENTO";"45780103000150";"";"0";"PROPRIA";"31901107";"ABONO DE PERMANENCIA";"FOLHA DE PAGAMENTO";"580.37";"2024";"L";"03/01/2024";"0";"01/01/2024";"31/01/2024";"7"
"UNIDADE DE GESTÃO DE ADMINIST. E GESTÃO DE PESSOAS";"4";"ADMINISTRAÇÃO";"122";"ADMINISTRAÇÃO GERAL";"2024";"126";"";"0";"0";"100012604";"FOLHA DE PAGAMENTO";"45780103000150";"";"0";"PROPRIA";"31901110";"ADICIONAL DE INSALUBRIDADE";"FOLHA DE PAGAMENTO";"176";"2024";"L";"03/01/2024";"0";"01/01/2024";"31/01/2024";"7"
"UNIDADE DE GESTÃO DE ADMINIST. E GESTÃO DE PESSOAS";"4";"ADMINISTRAÇÃO";"122";"ADMINISTRAÇÃO GERAL";"2024";"127";"";"0";"0";"100012604";"FOLHA DE PAGAMENTO";"45780103000150";"";"0";"PROPRIA";"31901133";"GRATIFICACOES POR EXERCICIO DE  FUNCOES";"FOLHA DE PAGAMENTO";"1061.87";"2024";"L";"03/01/2024";"0";"01/01/2024";"31/01/2024";"7"
"UNIDADE DE GESTÃO DE ADMINIST. E GESTÃO DE PESSOAS";"4";"ADMINISTRAÇÃO";"122";"ADMINISTRAÇÃO GERAL";"2024";"128";"";"0";"0";"100012604";"FOLHA DE PAGAMENTO";"45780103000150";"";"0";"PROPRIA";"31901137";"GRATIFICACOES POR TEMPO DE SERVICO";"FOLHA DE PAGAMENTO";"9299.84";"2024";"L";"03/01/2024";"0";"01/01/2024";"31/01/2024";"7"
"UNIDADE DE GESTÃO DE ADMINIST. E GESTÃO DE PESSOAS";"4";"ADMINISTRAÇÃO";"122";"ADMINISTRAÇÃO GERAL";"2024";"129";"";"0";"0";"100012604";"FOLHA DE PAGAMENTO";"45780103000150";"";"0";"PROPRIA";"31901137";"GRATIFICACOES POR TEMPO DE SERVICO";"FOLHA DE PAGAMENTO";"3744.11";"2024";"L";"03/01/2024";"0";"01/01/2024";"31/01/2024";"7"
"UNIDADE DE GESTÃO DE ADMINIST. E GESTÃO DE PESSOAS";"4";"ADMINISTRAÇÃO";"122";"ADMINISTRAÇÃO GERAL";"2024";"130";"";"0";"0";"100012604";"FOLHA DE PAGAMENTO";"45780103000150";"";"0";"PROPRIA";"31901144";"FÉRIAS - ABONO PECUNIARIO";"FOLHA DE PAGAMENTO";"18288.19";"2024";"L";"03/01/2024";"0";"01/01/2024";"31/01/2024";"7"
"UNIDADE DE GESTÃO DE ADMINIST. E GESTÃO DE PESSOAS";"4";"ADMINISTRAÇÃO";"122";"ADMINISTRAÇÃO GERAL";"2024";"131";"";"0";"0";"100012604";"FOLHA DE PAGAMENTO";"45780103000150";"";"0";"PROPRIA";"31901145";"FÉRIAS - ABONO CONSTITUICOES";"FOLHA DE PAGAMENTO";"4010.32";"2024";"L";"03/01/2024";"0";"01/01/2024";"31/01/2024";"7"
"UNIDADE DE GESTÃO DE ADMINIST. E GESTÃO DE PESSOAS";"4";"ADMINISTRAÇÃO";"122";"ADMINISTRAÇÃO GERAL";"2024";"132";"";"0";"0";"100012604";"FOLHA DE PAGAMENTO";"45780103000150";"";"0";"PROPRIA";"31901145";"FÉRIAS - ABONO CONSTITUICOES";"FOLHA DE PAGAMENTO";"18852.62";"2024";"L";"03/01/2024";"0";"01/01/2024";"31/01/2024";"7"
"UNIDADE DE GESTÃO DE ADMINIST. E GESTÃO DE PESSOAS";"4";"ADMINISTRAÇÃO";"122";"ADMINISTRAÇÃO GERAL";"2024";"133";"";"0";"0";"100012604";"FOLHA DE PAGAMENTO";"45780103000150";"";"0";"PROPRIA";"31901146";"FÉRIAS - PAGAMENTO ANTECIPADO - RPPS";"FOLHA DE PAGAMENTO";"3874.2";"2024";"L";"03/01/2024";"0";"01/01/2024";"31/01/2024";"7"
"UNIDADE DE GESTÃO DE ADMINIST. E GESTÃO DE PESSOAS";"4";"ADMINISTRAÇÃO";"122";"ADMINISTRAÇÃO GERAL";"2024";"134";"";"0";"0";"100012604";"FOLHA DE PAGAMENTO";"45780103000150";"";"0";"PROPRIA";"31901146";"FÉRIAS - PAGAMENTO ANTECIPADO - RPPS";"FOLHA DE PAGAMENTO";"33845.03";"2024";"L";"03/01/2024";"0";"01/01/2024";"31/01/2024";"7"
"UNIDADE DE GESTÃO DE ADMINIST. E GESTÃO DE PESSOAS";"4";"ADMINISTRAÇÃO";"122";"ADMINISTRAÇÃO GERAL";"2024";"135";"";"0";"0";"100012604";"FOLHA DE PAGAMENTO";"45780103000150";"";"0";"PROPRIA";"31901644";"SERVIÇOS EXTRAORDINÁRIOS";"FOLHA DE PAGAMENTO";"367.28";"2024";"L";"03/01/2024";"0";"01/01/2024";"31/01/2024";"7"
"UNIDADE DE GESTÃO DE GOVERNO E FINANÇAS";"4";"ADMINISTRAÇÃO";"122";"ADMINISTRAÇÃO GERAL";"2024";"136";"";"0";"0";"100012604";"FOLHA DE PAGAMENTO";"45780103000150";"";"0";"PROPRIA";"31901104";"ADICIONAL NOTURNO";"FOLHA DE PAGAMENTO";"6.33";"2024";"L";"03/01/2024";"0";"01/01/2024";"31/01/2024";"8"
"UNIDADE DE GESTÃO DE GOVERNO E FINANÇAS";"4";"ADMINISTRAÇÃO";"122";"ADMINISTRAÇÃO GERAL";"2024";"137";"";"0";"0";"100012604";"FOLHA DE PAGAMENTO";"45780103000150";"";"0";"PROPRIA";"31901105";"INCORPORADOS";"FOLHA DE PAGAMENTO";"1432.37";"2024";"L";"03/01/2024";"0";"01/01/2024";"31/01/2024";"8"
"UNIDADE DE GESTÃO DE GOVERNO E FINANÇAS";"4";"ADMINISTRAÇÃO";"122";"ADMINISTRAÇÃO GERAL";"2024";"138";"";"0";"0";"100012604";"FOLHA DE PAGAMENTO";"45780103000150";"";"0";"PROPRIA";"31901107";"ABONO DE PERMANENCIA";"FOLHA DE PAGAMENTO";"413.84";"2024";"L";"03/01/2024";"0";"01/01/2024";"31/01/2024";"8"
"UNIDADE DE GESTÃO DE GOVERNO E FINANÇAS";"4";"ADMINISTRAÇÃO";"122";"ADMINISTRAÇÃO GERAL";"2024";"139";"";"0";"0";"100012604";"FOLHA DE PAGAMENTO";"45780103000150";"";"0";"PROPRIA";"31901109";"ADICIONAL DE PERICULOSIDADE";"FOLHA DE PAGAMENTO";"1170.69";"2024";"L";"03/01/2024";"0";"01/01/2024";"31/01/2024";"8"
"UNIDADE DE GESTÃO DE GOVERNO E FINANÇAS";"4";"ADMINISTRAÇÃO";"122";"ADMINISTRAÇÃO GERAL";"2024";"140";"";"0";"0";"100012604";"FOLHA DE PAGAMENTO";"45780103000150";"";"0";"PROPRIA";"31901133";"GRATIFICACOES POR EXERCICIO DE  FUNCOES";"FOLHA DE PAGAMENTO";"10258.22";"2024";"L";"03/01/2024";"0";"01/01/2024";"31/01/2024";"8"
"UNIDADE DE GESTÃO DE GOVERNO E FINANÇAS";"4";"ADMINISTRAÇÃO";"122";"ADMINISTRAÇÃO GERAL";"2024";"141";"";"0";"0";"100012604";"FOLHA DE PAGAMENTO";"45780103000150";"";"0";"PROPRIA";"31901137";"GRATIFICACOES POR TEMPO DE SERVICO";"FOLHA DE PAGAMENTO";"15144.83";"2024";"L";"03/01/2024";"0";"01/01/2024";"31/01/2024";"8"
"UNIDADE DE GESTÃO DE GOVERNO E FINANÇAS";"4";"ADMINISTRAÇÃO";"122";"ADMINISTRAÇÃO GERAL";"2024";"142";"";"0";"0";"100012604";"FOLHA DE PAGAMENTO";"45780103000150";"";"0";"PROPRIA";"31901137";"GRATIFICACOES POR TEMPO DE SERVICO";"FOLHA DE PAGAMENTO";"1877.85";"2024";"L";"03/01/2024";"0";"01/01/2024";"31/01/2024";"8"
"UNIDADE DE GESTÃO DE GOVERNO E FINANÇAS";"4";"ADMINISTRAÇÃO";"122";"ADMINISTRAÇÃO GERAL";"2024";"143";"";"0";"0";"100012604";"FOLHA DE PAGAMENTO";"45780103000150";"";"0";"PROPRIA";"31901144";"FÉRIAS - ABONO PECUNIARIO";"FOLHA DE PAGAMENTO";"37740.48";"2024";"L";"03/01/2024";"0";"01/01/2024";"31/01/2024";"8"
"UNIDADE DE GESTÃO DE GOVERNO E FINANÇAS";"4";"ADMINISTRAÇÃO";"122";"ADMINISTRAÇÃO GERAL";"2024";"144";"";"0";"0";"100012604";"FOLHA DE PAGAMENTO";"45780103000150";"";"0";"PROPRIA";"31901145";"FÉRIAS - ABONO CONSTITUICOES";"FOLHA DE PAGAMENTO";"41639.24";"2024";"L";"03/01/2024";"0";"01/01/2024";"31/01/2024";"8"
"UNIDADE DE GESTÃO DE GOVERNO E FINANÇAS";"4";"ADMINISTRAÇÃO";"122";"ADMINISTRAÇÃO GERAL";"2024";"145";"";"0";"0";"100012604";"FOLHA DE PAGAMENTO";"45780103000150";"";"0";"PROPRIA";"31901145";"FÉRIAS - ABONO CONSTITUICOES";"FOLHA DE PAGAMENTO";"1837.38";"2024";"L";"03/01/2024";"0";"01/01/2024";"31/01/2024";"8"
"UNIDADE DE GESTÃO DE GOVERNO E FINANÇAS";"4";"ADMINISTRAÇÃO";"122";"ADMINISTRAÇÃO GERAL";"2024";"146";"";"0";"0";"100012604";"FOLHA DE PAGAMENTO";"45780103000150";"";"0";"PROPRIA";"31901145";"FÉRIAS - ABONO CONSTITUICOES";"FOLHA DE PAGAMENTO";"2509.62";"2024";"L";"03/01/2024";"0";"01/01/2024";"31/01/2024";"8"
"UNIDADE DE GESTÃO DE GOVERNO E FINANÇAS";"4";"ADMINISTRAÇÃO";"122";"ADMINISTRAÇÃO GERAL";"2024";"147";"";"0";"0";"100012604";"FOLHA DE PAGAMENTO";"45780103000150";"";"0";"PROPRIA";"31901146";"FÉRIAS - PAGAMENTO ANTECIPADO - RPPS";"FOLHA DE PAGAMENTO";"5777.72";"2024";"L";"03/01/2024";"0";"01/01/2024";"31/01/2024";"8"
"UNIDADE DE GESTÃO DE GOVERNO E FINANÇAS";"4";"ADMINISTRAÇÃO";"122";"ADMINISTRAÇÃO GERAL";"2024";"148";"";"0";"0";"100012604";"FOLHA DE PAGAMENTO";"45780103000150";"";"0";"PROPRIA";"31901146";"FÉRIAS - PAGAMENTO ANTECIPADO - RPPS";"FOLHA DE PAGAMENTO";"68676.29";"2024";"L";"03/01/2024";"0";"01/01/2024";"31/01/2024";"8"
"UNIDADE DE GESTÃO DE GOVERNO E FINANÇAS";"4";"ADMINISTRAÇÃO";"122";"ADMINISTRAÇÃO GERAL";"2024";"149";"";"0";"0";"100012604";"FOLHA DE PAGAMENTO";"45780103000150";"";"0";"PROPRIA";"31901146";"FÉRIAS - PAGAMENTO ANTECIPADO - RPPS";"FOLHA DE PAGAMENTO";"1058.93";"2024";"L";"03/01/2024";"0";"01/01/2024";"31/01/2024";"8"
"UNIDADE DE GESTÃO DE GOVERNO E FINANÇAS";"4";"ADMINISTRAÇÃO";"122";"ADMINISTRAÇÃO GERAL";"2024";"150";"";"0";"0";"100012604";"FOLHA DE PAGAMENTO";"45780103000150";"";"0";"PROPRIA";"31901632";"SUBSTITUIÇÕES  RPPS";"FOLHA DE PAGAMENTO";"6014.01";"2024";"L";"03/01/2024";"0";"01/01/2024";"31/01/2024";"8"
"UNIDADE DE GESTÃO DE GOVERNO E FINANÇAS";"4";"ADMINISTRAÇÃO";"122";"ADMINISTRAÇÃO GERAL";"2024";"151";"";"0";"0";"100012604";"FOLHA DE PAGAMENTO";"45780103000150";"";"0";"PROPRIA";"31901644";"SERVIÇOS EXTRAORDINÁRIOS";"FOLHA DE PAGAMENTO";"2475.11";"2024";"L";"03/01/2024";"0";"01/01/2024";"31/01/2024";"8"
"UNIDADE DE GESTÃO DE INFRAEST. E SERVIÇOS PÚBLICOS";"15";"URBANISMO";"122";"ADMINISTRAÇÃO GERAL";"2024";"152";"";"0";"0";"100012604";"FOLHA DE PAGAMENTO";"45780103000150";"";"0";"PROPRIA";"31901107";"ABONO DE PERMANENCIA";"FOLHA DE PAGAMENTO";"1850.2";"2024";"L";"03/01/2024";"0";"01/01/2024";"31/01/2024";"10"
"UNIDADE DE GESTÃO DE INFRAEST. E SERVIÇOS PÚBLICOS";"15";"URBANISMO";"122";"ADMINISTRAÇÃO GERAL";"2024";"153";"";"0";"0";"100012604";"FOLHA DE PAGAMENTO";"45780103000150";"";"0";"PROPRIA";"31901110";"ADICIONAL DE INSALUBRIDADE";"FOLHA DE PAGAMENTO";"3432";"2024";"L";"03/01/2024";"0";"01/01/2024";"31/01/2024";"10"
"UNIDADE DE GESTÃO DE INFRAEST. E SERVIÇOS PÚBLICOS";"15";"URBANISMO";"122";"ADMINISTRAÇÃO GERAL";"2024";"154";"";"0";"0";"100012604";"FOLHA DE PAGAMENTO";"45780103000150";"";"0";"PROPRIA";"31901133";"GRATIFICACOES POR EXERCICIO DE  FUNCOES";"FOLHA DE PAGAMENTO";"9164.87";"2024";"L";"03/01/2024";"0";"01/01/2024";"31/01/2024";"10"
"UNIDADE DE GESTÃO DE INFRAEST. E SERVIÇOS PÚBLICOS";"15";"URBANISMO";"122";"ADMINISTRAÇÃO GERAL";"2024";"155";"";"0";"0";"100012604";"FOLHA DE PAGAMENTO";"45780103000150";"";"0";"PROPRIA";"31901137";"GRATIFICACOES POR TEMPO DE SERVICO";"FOLHA DE PAGAMENTO";"45428.4";"2024";"L";"03/01/2024";"0";"01/01/2024";"31/01/2024";"10"
"UNIDADE DE GESTÃO DE INFRAEST. E SERVIÇOS PÚBLICOS";"15";"URBANISMO";"122";"ADMINISTRAÇÃO GERAL";"2024";"156";"";"0";"0";"100012604";"FOLHA DE PAGAMENTO";"45780103000150";"";"0";"PROPRIA";"31901137";"GRATIFICACOES POR TEMPO DE SERVICO";"FOLHA DE PAGAMENTO";"1461.53";"2024";"L";"03/01/2024";"0";"01/01/2024";"31/01/2024";"10"
"UNIDADE DE GESTÃO DE INFRAEST. E SERVIÇOS PÚBLICOS";"15";"URBANISMO";"122";"ADMINISTRAÇÃO GERAL";"2024";"157";"";"0";"0";"100012604";"FOLHA DE PAGAMENTO";"45780103000150";"";"0";"PROPRIA";"31901144";"FÉRIAS - ABONO PECUNIARIO";"FOLHA DE PAGAMENTO";"1909.11";"2024";"L";"03/01/2024";"0";"01/01/2024";"31/01/2024";"10"
"UNIDADE DE GESTÃO DE INFRAEST. E SERVIÇOS PÚBLICOS";"15";"URBANISMO";"122";"ADMINISTRAÇÃO GERAL";"2024";"158";"";"0";"0";"100012604";"FOLHA DE PAGAMENTO";"45780103000150";"";"0";"PROPRIA";"31901144";"FÉRIAS - ABONO PECUNIARIO";"FOLHA DE PAGAMENTO";"54148.94";"2024";"L";"03/01/2024";"0";"01/01/2024";"31/01/2024";"10"
"UNIDADE DE GESTÃO DE INFRAEST. E SERVIÇOS PÚBLICOS";"15";"URBANISMO";"122";"ADMINISTRAÇÃO GERAL";"2024";"159";"";"0";"0";"100012604";"FOLHA DE PAGAMENTO";"45780103000150";"";"0";"PROPRIA";"31901145";"FÉRIAS - ABONO CONSTITUICOES";"FOLHA DE PAGAMENTO";"954.55";"2024";"L";"03/01/2024";"0";"01/01/2024";"31/01/2024";"10"
"UNIDADE DE GESTÃO DE INFRAEST. E SERVIÇOS PÚBLICOS";"15";"URBANISMO";"122";"ADMINISTRAÇÃO GERAL";"2024";"160";"";"0";"0";"100012604";"FOLHA DE PAGAMENTO";"45780103000150";"";"0";"PROPRIA";"31901145";"FÉRIAS - ABONO CONSTITUICOES";"FOLHA DE PAGAMENTO";"93585.12";"2024";"L";"03/01/2024";"0";"01/01/2024";"31/01/2024";"10"
"UNIDADE DE GESTÃO DE INFRAEST. E SERVIÇOS PÚBLICOS";"15";"URBANISMO";"122";"ADMINISTRAÇÃO GERAL";"2024";"161";"";"0";"0";"100012604";"FOLHA DE PAGAMENTO";"45780103000150";"";"0";"PROPRIA";"31901145";"FÉRIAS - ABONO CONSTITUICOES";"FOLHA DE PAGAMENTO";"1879.11";"2024";"L";"03/01/2024";"0";"01/01/2024";"31/01/2024";"10"
"UNIDADE DE GESTÃO DE INFRAEST. E SERVIÇOS PÚBLICOS";"15";"URBANISMO";"122";"ADMINISTRAÇÃO GERAL";"2024";"162";"";"0";"0";"100012604";"FOLHA DE PAGAMENTO";"45780103000150";"";"0";"PROPRIA";"31901146";"FÉRIAS - PAGAMENTO ANTECIPADO - RPPS";"FOLHA DE PAGAMENTO";"141208.39";"2024";"L";"03/01/2024";"0";"01/01/2024";"31/01/2024";"10"
"UNIDADE DE GESTÃO DE INFRAEST. E SERVIÇOS PÚBLICOS";"15";"URBANISMO";"122";"ADMINISTRAÇÃO GERAL";"2024";"163";"";"0";"0";"100012604";"FOLHA DE PAGAMENTO";"45780103000150";"";"0";"PROPRIA";"31901146";"FÉRIAS - PAGAMENTO ANTECIPADO - RPPS";"FOLHA DE PAGAMENTO";"2108.31";"2024";"L";"03/01/2024";"0";"01/01/2024";"31/01/2024";"10"
"UNIDADE DE GESTÃO DE INFRAEST. E SERVIÇOS PÚBLICOS";"15";"URBANISMO";"122";"ADMINISTRAÇÃO GERAL";"2024";"164";"";"0";"0";"100012604";"FOLHA DE PAGAMENTO";"45780103000150";"";"0";"PROPRIA";"31901146";"FÉRIAS - PAGAMENTO ANTECIPADO - RPPS";"FOLHA DE PAGAMENTO";"2502.42";"2024";"L";"03/01/2024";"0";"01/01/2024";"31/01/2024";"10"
"UNIDADE DE GESTÃO DE INFRAEST. E SERVIÇOS PÚBLICOS";"15";"URBANISMO";"122";"ADMINISTRAÇÃO GERAL";"2024";"165";"";"0";"0";"100012604";"FOLHA DE PAGAMENTO";"45780103000150";"";"0";"PROPRIA";"31901644";"SERVIÇOS EXTRAORDINÁRIOS";"FOLHA DE PAGAMENTO";"19512.98";"2024";"L";"03/01/2024";"0";"01/01/2024";"31/01/2024";"10"
"UNIDADE GESTÃO DE PLANEJ. URBANO E MEIO AMBIENTE";"18";"GESTÃO AMBIENTAL";"122";"ADMINISTRAÇÃO GERAL";"2024";"166";"";"0";"0";"100012604";"FOLHA DE PAGAMENTO";"45780103000150";"";"0";"PROPRIA";"31901109";"ADICIONAL DE PERICULOSIDADE";"FOLHA DE PAGAMENTO";"1375.9";"2024";"L";"03/01/2024";"0";"01/01/2024";"31/01/2024";"11"
"UNIDADE GESTÃO DE PLANEJ. URBANO E MEIO AMBIENTE";"18";"GESTÃO AMBIENTAL";"122";"ADMINISTRAÇÃO GERAL";"2024";"167";"";"0";"0";"100012604";"FOLHA DE PAGAMENTO";"45780103000150";"";"0";"PROPRIA";"31901133";"GRATIFICACOES POR EXERCICIO DE  FUNCOES";"FOLHA DE PAGAMENTO";"4920.54";"2024";"L";"03/01/2024";"0";"01/01/2024";"31/01/2024";"11"
"UNIDADE GESTÃO DE PLANEJ. URBANO E MEIO AMBIENTE";"18";"GESTÃO AMBIENTAL";"122";"ADMINISTRAÇÃO GERAL";"2024";"168";"";"0";"0";"100012604";"FOLHA DE PAGAMENTO";"45780103000150";"";"0";"PROPRIA";"31901137";"GRATIFICACOES POR TEMPO DE SERVICO";"FOLHA DE PAGAMENTO";"7682.58";"2024";"L";"03/01/2024";"0";"01/01/2024";"31/01/2024";"11"
"UNIDADE GESTÃO DE PLANEJ. URBANO E MEIO AMBIENTE";"18";"GESTÃO AMBIENTAL";"122";"ADMINISTRAÇÃO GERAL";"2024";"169";"";"0";"0";"100012604";"FOLHA DE PAGAMENTO";"45780103000150";"";"0";"PROPRIA";"31901145";"FÉRIAS - ABONO CONSTITUICOES";"FOLHA DE PAGAMENTO";"27716.41";"2024";"L";"03/01/2024";"0";"01/01/2024";"31/01/2024";"11"
"UNIDADE GESTÃO DE PLANEJ. URBANO E MEIO AMBIENTE";"18";"GESTÃO AMBIENTAL";"122";"ADMINISTRAÇÃO GERAL";"2024";"170";"";"0";"0";"100012604";"FOLHA DE PAGAMENTO";"45780103000150";"";"0";"PROPRIA";"31901146";"FÉRIAS - PAGAMENTO ANTECIPADO - RPPS";"FOLHA DE PAGAMENTO";"51194.62";"2024";"L";"03/01/2024";"0";"01/01/2024";"31/01/2024";"11"
"UNIDADE GESTÃO DE PLANEJ. URBANO E MEIO AMBIENTE";"18";"GESTÃO AMBIENTAL";"122";"ADMINISTRAÇÃO GERAL";"2024";"171";"";"0";"0";"100012604";"FOLHA DE PAGAMENTO";"45780103000150";"";"0";"PROPRIA";"31901632";"SUBSTITUIÇÕES  RPPS";"FOLHA DE PAGAMENTO";"2690.71";"2024";"L";"03/01/2024";"0";"01/01/2024";"31/01/2024";"11"
"UNIDADE DE GESTÃO DE MOBILIDADE E TRANSPORTE";"15";"URBANISMO";"122";"ADMINISTRAÇÃO GERAL";"2024";"172";"";"0";"0";"100012604";"FOLHA DE PAGAMENTO";"45780103000150";"";"0";"PROPRIA";"31901104";"ADICIONAL NOTURNO";"FOLHA DE PAGAMENTO";"1737.82";"2024";"L";"03/01/2024";"0";"01/01/2024";"31/01/2024";"12"
"UNIDADE DE GESTÃO DE MOBILIDADE E TRANSPORTE";"15";"URBANISMO";"122";"ADMINISTRAÇÃO GERAL";"2024";"173";"";"0";"0";"100012604";"FOLHA DE PAGAMENTO";"45780103000150";"";"0";"PROPRIA";"31901107";"ABONO DE PERMANENCIA";"FOLHA DE PAGAMENTO";"1305.22";"2024";"L";"03/01/2024";"0";"01/01/2024";"31/01/2024";"12"
"UNIDADE DE GESTÃO DE MOBILIDADE E TRANSPORTE";"15";"URBANISMO";"122";"ADMINISTRAÇÃO GERAL";"2024";"174";"";"0";"0";"100012604";"FOLHA DE PAGAMENTO";"45780103000150";"";"0";"PROPRIA";"31901109";"ADICIONAL DE PERICULOSIDADE";"FOLHA DE PAGAMENTO";"1969.83";"2024";"L";"03/01/2024";"0";"01/01/2024";"31/01/2024";"12"
"UNIDADE DE GESTÃO DE MOBILIDADE E TRANSPORTE";"15";"URBANISMO";"122";"ADMINISTRAÇÃO GERAL";"2024";"175";"";"0";"0";"100012604";"FOLHA DE PAGAMENTO";"45780103000150";"";"0";"PROPRIA";"31901110";"ADICIONAL DE INSALUBRIDADE";"FOLHA DE PAGAMENTO";"1056";"2024";"L";"03/01/2024";"0";"01/01/2024";"31/01/2024";"12"
"UNIDADE DE GESTÃO DE MOBILIDADE E TRANSPORTE";"15";"URBANISMO";"122";"ADMINISTRAÇÃO GERAL";"2024";"176";"";"0";"0";"100012604";"FOLHA DE PAGAMENTO";"45780103000150";"";"0";"PROPRIA";"31901133";"GRATIFICACOES POR EXERCICIO DE  FUNCOES";"FOLHA DE PAGAMENTO";"19188.31";"2024";"L";"03/01/2024";"0";"01/01/2024";"31/01/2024";"12"
"UNIDADE DE GESTÃO DE MOBILIDADE E TRANSPORTE";"15";"URBANISMO";"122";"ADMINISTRAÇÃO GERAL";"2024";"177";"";"0";"0";"100012604";"FOLHA DE PAGAMENTO";"45780103000150";"";"0";"PROPRIA";"31901137";"GRATIFICACOES POR TEMPO DE SERVICO";"FOLHA DE PAGAMENTO";"19589.33";"2024";"L";"03/01/2024";"0";"01/01/2024";"31/01/2024";"12"
"UNIDADE DE GESTÃO DE MOBILIDADE E TRANSPORTE";"15";"URBANISMO";"122";"ADMINISTRAÇÃO GERAL";"2024";"178";"";"0";"0";"100012604";"FOLHA DE PAGAMENTO";"45780103000150";"";"0";"PROPRIA";"31901144";"FÉRIAS - ABONO PECUNIARIO";"FOLHA DE PAGAMENTO";"55877.66";"2024";"L";"03/01/2024";"0";"01/01/2024";"31/01/2024";"12"
"UNIDADE DE GESTÃO DE MOBILIDADE E TRANSPORTE";"15";"URBANISMO";"122";"ADMINISTRAÇÃO GERAL";"2024";"179";"";"0";"0";"100012604";"FOLHA DE PAGAMENTO";"45780103000150";"";"0";"PROPRIA";"31901145";"FÉRIAS - ABONO CONSTITUICOES";"FOLHA DE PAGAMENTO";"54706.46";"2024";"L";"03/01/2024";"0";"01/01/2024";"31/01/2024";"12"
"UNIDADE DE GESTÃO DE MOBILIDADE E TRANSPORTE";"15";"URBANISMO";"122";"ADMINISTRAÇÃO GERAL";"2024";"180";"";"0";"0";"100012604";"FOLHA DE PAGAMENTO";"45780103000150";"";"0";"PROPRIA";"31901146";"FÉRIAS - PAGAMENTO ANTECIPADO - RPPS";"FOLHA DE PAGAMENTO";"66789.59";"2024";"L";"03/01/2024";"0";"01/01/2024";"31/01/2024";"12"
"UNIDADE DE GESTÃO DE MOBILIDADE E TRANSPORTE";"15";"URBANISMO";"122";"ADMINISTRAÇÃO GERAL";"2024";"181";"";"0";"0";"100012604";"FOLHA DE PAGAMENTO";"45780103000150";"";"0";"PROPRIA";"31901632";"SUBSTITUIÇÕES  RPPS";"FOLHA DE PAGAMENTO";"2383.15";"2024";"L";"03/01/2024";"0";"01/01/2024";"31/01/2024";"12"
"UNIDADE DE GESTÃO DE MOBILIDADE E TRANSPORTE";"15";"URBANISMO";"122";"ADMINISTRAÇÃO GERAL";"2024";"182";"";"0";"0";"100012604";"FOLHA DE PAGAMENTO";"45780103000150";"";"0";"PROPRIA";"31901644";"SERVIÇOS EXTRAORDINÁRIOS";"FOLHA DE PAGAMENTO";"18439.15";"2024";"L";"03/01/2024";"0";"01/01/2024";"31/01/2024";"12"
"UNIDADE DE GESTÃO DE EDUCAÇÃO";"12";"EDUCAÇÃO";"365";"EDUCAÇÃO INFANTIL";"2024";"183";"";"0";"0";"100012604";"FOLHA DE PAGAMENTO";"45780103000150";"";"0";"PROPRIA";"31901104";"ADICIONAL NOTURNO";"FOLHA DE PAGAMENTO";"111.58";"2024";"L";"03/01/2024";"0";"01/01/2024";"31/01/2024";"13"
"UNIDADE DE GESTÃO DE EDUCAÇÃO";"12";"EDUCAÇÃO";"365";"EDUCAÇÃO INFANTIL";"2024";"184";"";"0";"0";"100012604";"FOLHA DE PAGAMENTO";"45780103000150";"";"0";"PROPRIA";"31901107";"ABONO DE PERMANENCIA";"FOLHA DE PAGAMENTO";"458.04";"2024";"L";"03/01/2024";"0";"01/01/2024";"31/01/2024";"13"
"UNIDADE DE GESTÃO DE EDUCAÇÃO";"12";"EDUCAÇÃO";"365";"EDUCAÇÃO INFANTIL";"2024";"185";"";"0";"0";"100012604";"FOLHA DE PAGAMENTO";"45780103000150";"";"0";"PROPRIA";"31901137";"GRATIFICACOES POR TEMPO DE SERVICO";"FOLHA DE PAGAMENTO";"17417.01";"2024";"L";"03/01/2024";"0";"01/01/2024";"31/01/2024";"13"
"UNIDADE DE GESTÃO DE EDUCAÇÃO";"12";"EDUCAÇÃO";"365";"EDUCAÇÃO INFANTIL";"2024";"186";"";"0";"0";"100012604";"FOLHA DE PAGAMENTO";"45780103000150";"";"0";"PROPRIA";"31901144";"FÉRIAS - ABONO PECUNIARIO";"FOLHA DE PAGAMENTO";"1645.08";"2024";"L";"03/01/2024";"0";"01/01/2024";"31/01/2024";"13"
"UNIDADE DE GESTÃO DE EDUCAÇÃO";"12";"EDUCAÇÃO";"365";"EDUCAÇÃO INFANTIL";"2024";"187";"";"0";"0";"100012604";"FOLHA DE PAGAMENTO";"45780103000150";"";"0";"PROPRIA";"31901145";"FÉRIAS - ABONO CONSTITUICOES";"FOLHA DE PAGAMENTO";"86595.5";"2024";"L";"03/01/2024";"0";"01/01/2024";"31/01/2024";"13"
"UNIDADE DE GESTÃO DE EDUCAÇÃO";"12";"EDUCAÇÃO";"365";"EDUCAÇÃO INFANTIL";"2024";"188";"";"0";"0";"100012604";"FOLHA DE PAGAMENTO";"45780103000150";"";"0";"PROPRIA";"31901146";"FÉRIAS - PAGAMENTO ANTECIPADO - RPPS";"FOLHA DE PAGAMENTO";"164010.28";"2024";"L";"03/01/2024";"0";"01/01/2024";"31/01/2024";"13"
"UNIDADE DE GESTÃO DE EDUCAÇÃO";"12";"EDUCAÇÃO";"365";"EDUCAÇÃO INFANTIL";"2024";"189";"";"0";"0";"100012604";"FOLHA DE PAGAMENTO";"45780103000150";"";"0";"PROPRIA";"31901644";"SERVIÇOS EXTRAORDINÁRIOS";"FOLHA DE PAGAMENTO";"31.38";"2024";"L";"03/01/2024";"0";"01/01/2024";"31/01/2024";"13"
"UNIDADE DE GESTÃO DE EDUCAÇÃO";"12";"EDUCAÇÃO";"365";"EDUCAÇÃO INFANTIL";"2024";"190";"";"0";"0";"100012604";"FOLHA DE PAGAMENTO";"45780103000150";"";"0";"PROPRIA";"31901104";"ADICIONAL NOTURNO";"FOLHA DE PAGAMENTO";"54.49";"2024";"L";"03/01/2024";"0";"01/01/2024";"31/01/2024";"13"
"UNIDADE DE GESTÃO DE EDUCAÇÃO";"12";"EDUCAÇÃO";"365";"EDUCAÇÃO INFANTIL";"2024";"191";"";"0";"0";"100012604";"FOLHA DE PAGAMENTO";"45780103000150";"";"0";"PROPRIA";"31901137";"GRATIFICACOES POR TEMPO DE SERVICO";"FOLHA DE PAGAMENTO";"14518.03";"2024";"L";"03/01/2024";"0";"01/01/2024";"31/01/2024";"13"
"UNIDADE DE GESTÃO DE EDUCAÇÃO";"12";"EDUCAÇÃO";"365";"EDUCAÇÃO INFANTIL";"2024";"192";"";"0";"0";"100012604";"FOLHA DE PAGAMENTO";"45780103000150";"";"0";"PROPRIA";"31901144";"FÉRIAS - ABONO PECUNIARIO";"FOLHA DE PAGAMENTO";"3557.28";"2024";"L";"03/01/2024";"0";"01/01/2024";"31/01/2024";"13"
"UNIDADE DE GESTÃO DE EDUCAÇÃO";"12";"EDUCAÇÃO";"365";"EDUCAÇÃO INFANTIL";"2024";"193";"";"0";"0";"100012604";"FOLHA DE PAGAMENTO";"45780103000150";"";"0";"PROPRIA";"31901145";"FÉRIAS - ABONO CONSTITUICOES";"FOLHA DE PAGAMENTO";"54123.44";"2024";"L";"03/01/2024";"0";"01/01/2024";"31/01/2024";"13"
"UNIDADE DE GESTÃO DE EDUCAÇÃO";"12";"EDUCAÇÃO";"365";"EDUCAÇÃO INFANTIL";"2024";"194";"";"0";"0";"100012604";"FOLHA DE PAGAMENTO";"45780103000150";"";"0";"PROPRIA";"31901146";"FÉRIAS - PAGAMENTO ANTECIPADO - RPPS";"FOLHA DE PAGAMENTO";"103385.91";"2024";"L";"03/01/2024";"0";"01/01/2024";"31/01/2024";"13"
"UNIDADE DE GESTÃO DE EDUCAÇÃO";"12";"EDUCAÇÃO";"365";"EDUCAÇÃO INFANTIL";"2024";"195";"";"0";"0";"100012604";"FOLHA DE PAGAMENTO";"45780103000150";"";"0";"PROPRIA";"31901644";"SERVIÇOS EXTRAORDINÁRIOS";"FOLHA DE PAGAMENTO";"11";"2024";"L";"03/01/2024";"0";"01/01/2024";"31/01/2024";"13"
"UNIDADE DE GESTÃO DE EDUCAÇÃO";"12";"EDUCAÇÃO";"361";"ENSINO FUNDAMENTAL";"2024";"196";"";"0";"0";"100012604";"FOLHA DE PAGAMENTO";"45780103000150";"";"0";"PROPRIA";"31901104";"ADICIONAL NOTURNO";"FOLHA DE PAGAMENTO";"308.02";"2024";"L";"03/01/2024";"0";"01/01/2024";"31/01/2024";"13"
"UNIDADE DE GESTÃO DE EDUCAÇÃO";"12";"EDUCAÇÃO";"361";"ENSINO FUNDAMENTAL";"2024";"197";"";"0";"0";"100012604";"FOLHA DE PAGAMENTO";"45780103000150";"";"0";"PROPRIA";"31901107";"ABONO DE PERMANENCIA";"FOLHA DE PAGAMENTO";"2173.82";"2024";"L";"03/01/2024";"0";"01/01/2024";"31/01/2024";"13"
"UNIDADE DE GESTÃO DE EDUCAÇÃO";"12";"EDUCAÇÃO";"361";"ENSINO FUNDAMENTAL";"2024";"198";"";"0";"0";"100012604";"FOLHA DE PAGAMENTO";"45780103000150";"";"0";"PROPRIA";"31901133";"GRATIFICACOES POR EXERCICIO DE  FUNCOES";"FOLHA DE PAGAMENTO";"894.09";"2024";"L";"03/01/2024";"0";"01/01/2024";"31/01/2024";"13"
"UNIDADE DE GESTÃO DE EDUCAÇÃO";"12";"EDUCAÇÃO";"361";"ENSINO FUNDAMENTAL";"2024";"199";"";"0";"0";"100012604";"FOLHA DE PAGAMENTO";"45780103000150";"";"0";"PROPRIA";"31901137";"GRATIFICACOES POR TEMPO DE SERVICO";"FOLHA DE PAGAMENTO";"41650.87";"2024";"L";"03/01/2024";"0";"01/01/2024";"31/01/2024";"13"
"UNIDADE DE GESTÃO DE EDUCAÇÃO";"12";"EDUCAÇÃO";"361";"ENSINO FUNDAMENTAL";"2024";"200";"";"0";"0";"100012604";"FOLHA DE PAGAMENTO";"45780103000150";"";"0";"PROPRIA";"31901144";"FÉRIAS - ABONO PECUNIARIO";"FOLHA DE PAGAMENTO";"6916.97";"2024";"L";"03/01/2024";"0";"01/01/2024";"31/01/2024";"13"
"UNIDADE DE GESTÃO DE EDUCAÇÃO";"12";"EDUCAÇÃO";"361";"ENSINO FUNDAMENTAL";"2024";"201";"";"0";"0";"100012604";"FOLHA DE PAGAMENTO";"45780103000150";"";"0";"PROPRIA";"31901145";"FÉRIAS - ABONO CONSTITUICOES";"FOLHA DE PAGAMENTO";"3094.57";"2024";"L";"03/01/2024";"0";"01/01/2024";"31/01/2024";"13"
"UNIDADE DE GESTÃO DE EDUCAÇÃO";"12";"EDUCAÇÃO";"361";"ENSINO FUNDAMENTAL";"2024";"202";"";"0";"0";"100012604";"FOLHA DE PAGAMENTO";"45780103000150";"";"0";"PROPRIA";"31901145";"FÉRIAS - ABONO CONSTITUICOES";"FOLHA DE PAGAMENTO";"168220.33";"2024";"L";"03/01/2024";"0";"01/01/2024";"31/01/2024";"13"
"UNIDADE DE GESTÃO DE EDUCAÇÃO";"12";"EDUCAÇÃO";"361";"ENSINO FUNDAMENTAL";"2024";"203";"";"0";"0";"100012604";"FOLHA DE PAGAMENTO";"45780103000150";"";"0";"PROPRIA";"31901146";"FÉRIAS - PAGAMENTO ANTECIPADO - RPPS";"FOLHA DE PAGAMENTO";"8406.76";"2024";"L";"03/01/2024";"0";"01/01/2024";"31/01/2024";"13"
"UNIDADE DE GESTÃO DE EDUCAÇÃO";"12";"EDUCAÇÃO";"361";"ENSINO FUNDAMENTAL";"2024";"204";"";"0";"0";"100012604";"FOLHA DE PAGAMENTO";"45780103000150";"";"0";"PROPRIA";"31901146";"FÉRIAS - PAGAMENTO ANTECIPADO - RPPS";"FOLHA DE PAGAMENTO";"308930.9";"2024";"L";"03/01/2024";"0";"01/01/2024";"31/01/2024";"13"
"UNIDADE DE GESTÃO DE EDUCAÇÃO";"12";"EDUCAÇÃO";"361";"ENSINO FUNDAMENTAL";"2024";"205";"";"0";"0";"100012604";"FOLHA DE PAGAMENTO";"45780103000150";"";"0";"PROPRIA";"31901644";"SERVIÇOS EXTRAORDINÁRIOS";"FOLHA DE PAGAMENTO";"142.87";"2024";"L";"03/01/2024";"0";"01/01/2024";"31/01/2024";"13"
"UNIDADE DE GESTÃO DE EDUCAÇÃO";"12";"EDUCAÇÃO";"361";"ENSINO FUNDAMENTAL";"2024";"206";"";"0";"0";"100012604";"FOLHA DE PAGAMENTO";"45780103000150";"";"0";"PROPRIA";"31901104";"ADICIONAL NOTURNO";"FOLHA DE PAGAMENTO";"1966.1";"2024";"L";"03/01/2024";"0";"01/01/2024";"31/01/2024";"13"
"UNIDADE DE GESTÃO DE EDUCAÇÃO";"12";"EDUCAÇÃO";"361";"ENSINO FUNDAMENTAL";"2024";"207";"";"0";"0";"100012604";"FOLHA DE PAGAMENTO";"45780103000150";"";"0";"PROPRIA";"31901107";"ABONO DE PERMANENCIA";"FOLHA DE PAGAMENTO";"793.87";"2024";"L";"03/01/2024";"0";"01/01/2024";"31/01/2024";"13"
"UNIDADE DE GESTÃO DE EDUCAÇÃO";"12";"EDUCAÇÃO";"361";"ENSINO FUNDAMENTAL";"2024";"208";"";"0";"0";"100012604";"FOLHA DE PAGAMENTO";"45780103000150";"";"0";"PROPRIA";"31901133";"GRATIFICACOES POR EXERCICIO DE  FUNCOES";"FOLHA DE PAGAMENTO";"5956.16";"2024";"L";"03/01/2024";"0";"01/01/2024";"31/01/2024";"13"
"UNIDADE DE GESTÃO DE EDUCAÇÃO";"12";"EDUCAÇÃO";"361";"ENSINO FUNDAMENTAL";"2024";"209";"";"0";"0";"100012604";"FOLHA DE PAGAMENTO";"45780103000150";"";"0";"PROPRIA";"31901137";"GRATIFICACOES POR TEMPO DE SERVICO";"FOLHA DE PAGAMENTO";"12577.18";"2024";"L";"03/01/2024";"0";"01/01/2024";"31/01/2024";"13"
"UNIDADE DE GESTÃO DE EDUCAÇÃO";"12";"EDUCAÇÃO";"361";"ENSINO FUNDAMENTAL";"2024";"210";"";"0";"0";"100012604";"FOLHA DE PAGAMENTO";"45780103000150";"";"0";"PROPRIA";"31901144";"FÉRIAS - ABONO PECUNIARIO";"FOLHA DE PAGAMENTO";"3428.87";"2024";"L";"03/01/2024";"0";"01/01/2024";"31/01/2024";"13"
"UNIDADE DE GESTÃO DE EDUCAÇÃO";"12";"EDUCAÇÃO";"361";"ENSINO FUNDAMENTAL";"2024";"211";"";"0";"0";"100012604";"FOLHA DE PAGAMENTO";"45780103000150";"";"0";"PROPRIA";"31901145";"FÉRIAS - ABONO CONSTITUICOES";"FOLHA DE PAGAMENTO";"45482.18";"2024";"L";"03/01/2024";"0";"01/01/2024";"31/01/2024";"13"
"UNIDADE DE GESTÃO DE EDUCAÇÃO";"12";"EDUCAÇÃO";"361";"ENSINO FUNDAMENTAL";"2024";"212";"";"0";"0";"100012604";"FOLHA DE PAGAMENTO";"45780103000150";"";"0";"PROPRIA";"31901146";"FÉRIAS - PAGAMENTO ANTECIPADO - RPPS";"FOLHA DE PAGAMENTO";"89234.76";"2024";"L";"03/01/2024";"0";"01/01/2024";"31/01/2024";"13"
"UNIDADE DE GESTÃO DE EDUCAÇÃO";"12";"EDUCAÇÃO";"361";"ENSINO FUNDAMENTAL";"2024";"213";"";"0";"0";"100012604";"FOLHA DE PAGAMENTO";"45780103000150";"";"0";"PROPRIA";"31901104";"ADICIONAL NOTURNO";"FOLHA DE PAGAMENTO";"1826.8";"2024";"L";"03/01/2024";"0";"01/01/2024";"31/01/2024";"13"
"UNIDADE DE GESTÃO DE EDUCAÇÃO";"12";"EDUCAÇÃO";"361";"ENSINO FUNDAMENTAL";"2024";"214";"";"0";"0";"100012604";"FOLHA DE PAGAMENTO";"45780103000150";"";"0";"PROPRIA";"31901107";"ABONO DE PERMANENCIA";"FOLHA DE PAGAMENTO";"23711.48";"2024";"L";"03/01/2024";"0";"01/01/2024";"31/01/2024";"13"
"UNIDADE DE GESTÃO DE EDUCAÇÃO";"12";"EDUCAÇÃO";"361";"ENSINO FUNDAMENTAL";"2024";"215";"";"0";"0";"100012604";"FOLHA DE PAGAMENTO";"45780103000150";"";"0";"PROPRIA";"31901131";"GRATIFICACOES POR EXERCICIO DE  CARGO";"FOLHA DE PAGAMENTO";"1856.74";"2024";"L";"03/01/2024";"0";"01/01/2024";"31/01/2024";"13"
"UNIDADE DE GESTÃO DE EDUCAÇÃO";"12";"EDUCAÇÃO";"361";"ENSINO FUNDAMENTAL";"2024";"216";"";"0";"0";"100012604";"FOLHA DE PAGAMENTO";"45780103000150";"";"0";"PROPRIA";"31901133";"GRATIFICACOES POR EXERCICIO DE  FUNCOES";"FOLHA DE PAGAMENTO";"85641.24";"2024";"L";"03/01/2024";"0";"01/01/2024";"31/01/2024";"13"
"UNIDADE DE GESTÃO DE EDUCAÇÃO";"12";"EDUCAÇÃO";"361";"ENSINO FUNDAMENTAL";"2024";"217";"";"0";"0";"100012604";"FOLHA DE PAGAMENTO";"45780103000150";"";"0";"PROPRIA";"31901137";"GRATIFICACOES POR TEMPO DE SERVICO";"FOLHA DE PAGAMENTO";"241747.32";"2024";"L";"03/01/2024";"0";"01/01/2024";"31/01/2024";"13"
"UNIDADE DE GESTÃO DE EDUCAÇÃO";"12";"EDUCAÇÃO";"361";"ENSINO FUNDAMENTAL";"2024";"218";"";"0";"0";"100012604";"FOLHA DE PAGAMENTO";"45780103000150";"";"0";"PROPRIA";"31901144";"FÉRIAS - ABONO PECUNIARIO";"FOLHA DE PAGAMENTO";"365151.27";"2024";"L";"03/01/2024";"0";"01/01/2024";"31/01/2024";"13"
"UNIDADE DE GESTÃO DE EDUCAÇÃO";"12";"EDUCAÇÃO";"361";"ENSINO FUNDAMENTAL";"2024";"219";"";"0";"0";"100012604";"FOLHA DE PAGAMENTO";"45780103000150";"";"0";"PROPRIA";"31901145";"FÉRIAS - ABONO CONSTITUICOES";"FOLHA DE PAGAMENTO";"658332.94";"2024";"L";"03/01/2024";"0";"01/01/2024";"31/01/2024";"13"
"UNIDADE DE GESTÃO DE EDUCAÇÃO";"12";"EDUCAÇÃO";"361";"ENSINO FUNDAMENTAL";"2024";"220";"";"0";"0";"100012604";"FOLHA DE PAGAMENTO";"45780103000150";"";"0";"PROPRIA";"31901146";"FÉRIAS - PAGAMENTO ANTECIPADO - RPPS";"FOLHA DE PAGAMENTO";"1185612.32";"2024";"L";"03/01/2024";"0";"01/01/2024";"31/01/2024";"13"
"UNIDADE DE GESTÃO DE EDUCAÇÃO";"12";"EDUCAÇÃO";"361";"ENSINO FUNDAMENTAL";"2024";"221";"";"0";"0";"100012604";"FOLHA DE PAGAMENTO";"45780103000150";"";"5203";"FUNDO MANUT.DES.ED.BÁSICA E VALOR.PROF.MAG.-FUNDEB";"31901104";"ADICIONAL NOTURNO";"FOLHA DE PAGAMENTO";"9.86";"2024";"L";"03/01/2024";"0";"01/01/2024";"31/01/2024";"13"
"UNIDADE DE GESTÃO DE EDUCAÇÃO";"12";"EDUCAÇÃO";"361";"ENSINO FUNDAMENTAL";"2024";"222";"";"0";"0";"100012604";"FOLHA DE PAGAMENTO";"45780103000150";"";"5203";"FUNDO MANUT.DES.ED.BÁSICA E VALOR.PROF.MAG.-FUNDEB";"31901107";"ABONO DE PERMANENCIA";"FOLHA DE PAGAMENTO";"6919.48";"2024";"L";"03/01/2024";"0";"01/01/2024";"31/01/2024";"13"
"UNIDADE DE GESTÃO DE EDUCAÇÃO";"12";"EDUCAÇÃO";"361";"ENSINO FUNDAMENTAL";"2024";"223";"";"0";"0";"100012604";"FOLHA DE PAGAMENTO";"45780103000150";"";"5203";"FUNDO MANUT.DES.ED.BÁSICA E VALOR.PROF.MAG.-FUNDEB";"31901133";"GRATIFICACOES POR EXERCICIO DE  FUNCOES";"FOLHA DE PAGAMENTO";"126158.1";"2024";"L";"03/01/2024";"0";"01/01/2024";"31/01/2024";"13"
"UNIDADE DE GESTÃO DE EDUCAÇÃO";"12";"EDUCAÇÃO";"361";"ENSINO FUNDAMENTAL";"2024";"224";"";"0";"0";"100012604";"FOLHA DE PAGAMENTO";"45780103000150";"";"5203";"FUNDO MANUT.DES.ED.BÁSICA E VALOR.PROF.MAG.-FUNDEB";"31901137";"GRATIFICACOES POR TEMPO DE SERVICO";"FOLHA DE PAGAMENTO";"295057.15";"2024";"L";"03/01/2024";"0";"01/01/2024";"31/01/2024";"13"
"UNIDADE DE GESTÃO DE EDUCAÇÃO";"12";"EDUCAÇÃO";"361";"ENSINO FUNDAMENTAL";"2024";"225";"";"0";"0";"100012604";"FOLHA DE PAGAMENTO";"45780103000150";"";"5203";"FUNDO MANUT.DES.ED.BÁSICA E VALOR.PROF.MAG.-FUNDEB";"31901144";"FÉRIAS - ABONO PECUNIARIO";"FOLHA DE PAGAMENTO";"296018.81";"2024";"L";"03/01/2024";"0";"01/01/2024";"31/01/2024";"13"
"UNIDADE DE GESTÃO DE EDUCAÇÃO";"12";"EDUCAÇÃO";"361";"ENSINO FUNDAMENTAL";"2024";"226";"";"0";"0";"100012604";"FOLHA DE PAGAMENTO";"45780103000150";"";"5203";"FUNDO MANUT.DES.ED.BÁSICA E VALOR.PROF.MAG.-FUNDEB";"31901145";"FÉRIAS - ABONO CONSTITUICOES";"FOLHA DE PAGAMENTO";"1421653.3";"2024";"L";"03/01/2024";"0";"01/01/2024";"31/01/2024";"13"
"UNIDADE DE GESTÃO DE EDUCAÇÃO";"12";"EDUCAÇÃO";"361";"ENSINO FUNDAMENTAL";"2024";"227";"";"0";"0";"100012604";"FOLHA DE PAGAMENTO";"45780103000150";"";"5203";"FUNDO MANUT.DES.ED.BÁSICA E VALOR.PROF.MAG.-FUNDEB";"31901146";"FÉRIAS - PAGAMENTO ANTECIPADO - RPPS";"FOLHA DE PAGAMENTO";"2863054.76";"2024";"L";"03/01/2024";"0";"01/01/2024";"31/01/2024";"13"
"UNIDADE DE GESTÃO DE EDUCAÇÃO";"12";"EDUCAÇÃO";"361";"ENSINO FUNDAMENTAL";"2024";"228";"";"0";"0";"100012604";"FOLHA DE PAGAMENTO";"45780103000150";"";"0";"PROPRIA";"31901644";"SERVIÇOS EXTRAORDINÁRIOS";"FOLHA DE PAGAMENTO";"552.06";"2024";"L";"03/01/2024";"0";"01/01/2024";"31/01/2024";"13"
"UNIDADE DE GESTÃO DE EDUCAÇÃO";"12";"EDUCAÇÃO";"361";"ENSINO FUNDAMENTAL";"2024";"229";"";"0";"0";"100012604";"FOLHA DE PAGAMENTO";"45780103000150";"";"5203";"FUNDO MANUT.DES.ED.BÁSICA E VALOR.PROF.MAG.-FUNDEB";"31901644";"SERVIÇOS EXTRAORDINÁRIOS";"FOLHA DE PAGAMENTO";"4058.65";"2024";"L";"03/01/2024";"0";"01/01/2024";"31/01/2024";"13"
"UNIDADE DE GESTÃO DE EDUCAÇÃO";"12";"EDUCAÇÃO";"365";"EDUCAÇÃO INFANTIL";"2024";"230";"";"0";"0";"100012604";"FOLHA DE PAGAMENTO";"45780103000150";"";"0";"PROPRIA";"31901104";"ADICIONAL NOTURNO";"FOLHA DE PAGAMENTO";"522.89";"2024";"L";"03/01/2024";"0";"01/01/2024";"31/01/2024";"13"
"UNIDADE DE GESTÃO DE EDUCAÇÃO";"12";"EDUCAÇÃO";"365";"EDUCAÇÃO INFANTIL";"2024";"231";"";"0";"0";"100012604";"FOLHA DE PAGAMENTO";"45780103000150";"";"0";"PROPRIA";"31901107";"ABONO DE PERMANENCIA";"FOLHA DE PAGAMENTO";"7624.6";"2024";"L";"03/01/2024";"0";"01/01/2024";"31/01/2024";"13"
"UNIDADE DE GESTÃO DE EDUCAÇÃO";"12";"EDUCAÇÃO";"365";"EDUCAÇÃO INFANTIL";"2024";"232";"";"0";"0";"100012604";"FOLHA DE PAGAMENTO";"45780103000150";"";"0";"PROPRIA";"31901131";"GRATIFICACOES POR EXERCICIO DE  CARGO";"FOLHA DE PAGAMENTO";"3713.48";"2024";"L";"03/01/2024";"0";"01/01/2024";"31/01/2024";"13"
"UNIDADE DE GESTÃO DE EDUCAÇÃO";"12";"EDUCAÇÃO";"365";"EDUCAÇÃO INFANTIL";"2024";"233";"";"0";"0";"100012604";"FOLHA DE PAGAMENTO";"45780103000150";"";"0";"PROPRIA";"31901133";"GRATIFICACOES POR EXERCICIO DE  FUNCOES";"FOLHA DE PAGAMENTO";"54610.77";"2024";"L";"03/01/2024";"0";"01/01/2024";"31/01/2024";"13"
"UNIDADE DE GESTÃO DE EDUCAÇÃO";"12";"EDUCAÇÃO";"365";"EDUCAÇÃO INFANTIL";"2024";"234";"";"0";"0";"100012604";"FOLHA DE PAGAMENTO";"45780103000150";"";"0";"PROPRIA";"31901137";"GRATIFICACOES POR TEMPO DE SERVICO";"FOLHA DE PAGAMENTO";"144139.39";"2024";"L";"03/01/2024";"0";"01/01/2024";"31/01/2024";"13"
"UNIDADE DE GESTÃO DE EDUCAÇÃO";"12";"EDUCAÇÃO";"365";"EDUCAÇÃO INFANTIL";"2024";"235";"";"0";"0";"100012604";"FOLHA DE PAGAMENTO";"45780103000150";"";"0";"PROPRIA";"31901144";"FÉRIAS - ABONO PECUNIARIO";"FOLHA DE PAGAMENTO";"262517.78";"2024";"L";"03/01/2024";"0";"01/01/2024";"31/01/2024";"13"
"UNIDADE DE GESTÃO DE EDUCAÇÃO";"12";"EDUCAÇÃO";"365";"EDUCAÇÃO INFANTIL";"2024";"236";"";"0";"0";"100012604";"FOLHA DE PAGAMENTO";"45780103000150";"";"0";"PROPRIA";"31901145";"FÉRIAS - ABONO CONSTITUICOES";"FOLHA DE PAGAMENTO";"474199.73";"2024";"L";"03/01/2024";"0";"01/01/2024";"31/01/2024";"13"
"UNIDADE DE GESTÃO DE EDUCAÇÃO";"12";"EDUCAÇÃO";"365";"EDUCAÇÃO INFANTIL";"2024";"237";"";"0";"0";"100012604";"FOLHA DE PAGAMENTO";"45780103000150";"";"0";"PROPRIA";"31901146";"FÉRIAS - PAGAMENTO ANTECIPADO - RPPS";"FOLHA DE PAGAMENTO";"918404.69";"2024";"L";"03/01/2024";"0";"01/01/2024";"31/01/2024";"13"
"UNIDADE DE GESTÃO DE EDUCAÇÃO";"12";"EDUCAÇÃO";"365";"EDUCAÇÃO INFANTIL";"2024";"238";"";"0";"0";"100012604";"FOLHA DE PAGAMENTO";"45780103000150";"";"0";"PROPRIA";"31901644";"SERVIÇOS EXTRAORDINÁRIOS";"FOLHA DE PAGAMENTO";"766.71";"2024";"L";"03/01/2024";"0";"01/01/2024";"31/01/2024";"13"
"UNIDADE DE GESTÃO DE EDUCAÇÃO";"12";"EDUCAÇÃO";"365";"EDUCAÇÃO INFANTIL";"2024";"239";"";"0";"0";"100012604";"FOLHA DE PAGAMENTO";"45780103000150";"";"0";"PROPRIA";"31901104";"ADICIONAL NOTURNO";"FOLHA DE PAGAMENTO";"251.31";"2024";"L";"03/01/2024";"0";"01/01/2024";"31/01/2024";"13"
"UNIDADE DE GESTÃO DE EDUCAÇÃO";"12";"EDUCAÇÃO";"365";"EDUCAÇÃO INFANTIL";"2024";"240";"";"0";"0";"100012604";"FOLHA DE PAGAMENTO";"45780103000150";"";"0";"PROPRIA";"31901107";"ABONO DE PERMANENCIA";"FOLHA DE PAGAMENTO";"25312.87";"2024";"L";"03/01/2024";"0";"01/01/2024";"31/01/2024";"13"
"UNIDADE DE GESTÃO DE EDUCAÇÃO";"12";"EDUCAÇÃO";"365";"EDUCAÇÃO INFANTIL";"2024";"241";"";"0";"0";"100012604";"FOLHA DE PAGAMENTO";"45780103000150";"";"0";"PROPRIA";"31901133";"GRATIFICACOES POR EXERCICIO DE  FUNCOES";"FOLHA DE PAGAMENTO";"51611.47";"2024";"L";"03/01/2024";"0";"01/01/2024";"31/01/2024";"13"
"UNIDADE DE GESTÃO DE EDUCAÇÃO";"12";"EDUCAÇÃO";"365";"EDUCAÇÃO INFANTIL";"2024";"242";"";"0";"0";"100012604";"FOLHA DE PAGAMENTO";"45780103000150";"";"0";"PROPRIA";"31901137";"GRATIFICACOES POR TEMPO DE SERVICO";"FOLHA DE PAGAMENTO";"134938.61";"2024";"L";"03/01/2024";"0";"01/01/2024";"31/01/2024";"13"
"UNIDADE DE GESTÃO DE EDUCAÇÃO";"12";"EDUCAÇÃO";"365";"EDUCAÇÃO INFANTIL";"2024";"243";"";"0";"0";"100012604";"FOLHA DE PAGAMENTO";"45780103000150";"";"0";"PROPRIA";"31901144";"FÉRIAS - ABONO PECUNIARIO";"FOLHA DE PAGAMENTO";"171681.67";"2024";"L";"03/01/2024";"0";"01/01/2024";"31/01/2024";"13"
"UNIDADE DE GESTÃO DE EDUCAÇÃO";"12";"EDUCAÇÃO";"365";"EDUCAÇÃO INFANTIL";"2024";"244";"";"0";"0";"100012604";"FOLHA DE PAGAMENTO";"45780103000150";"";"0";"PROPRIA";"31901145";"FÉRIAS - ABONO CONSTITUICOES";"FOLHA DE PAGAMENTO";"302003.86";"2024";"L";"03/01/2024";"0";"01/01/2024";"31/01/2024";"13"
"UNIDADE DE GESTÃO DE EDUCAÇÃO";"12";"EDUCAÇÃO";"365";"EDUCAÇÃO INFANTIL";"2024";"245";"";"0";"0";"100012604";"FOLHA DE PAGAMENTO";"45780103000150";"";"0";"PROPRIA";"31901146";"FÉRIAS - PAGAMENTO ANTECIPADO - RPPS";"FOLHA DE PAGAMENTO";"540573.24";"2024";"L";"03/01/2024";"0";"01/01/2024";"31/01/2024";"13"
"UNIDADE DE GESTÃO DE EDUCAÇÃO";"12";"EDUCAÇÃO";"365";"EDUCAÇÃO INFANTIL";"2024";"246";"";"0";"0";"100012604";"FOLHA DE PAGAMENTO";"45780103000150";"";"5203";"FUNDO MANUT.DES.ED.BÁSICA E VALOR.PROF.MAG.-FUNDEB";"31901104";"ADICIONAL NOTURNO";"FOLHA DE PAGAMENTO";"0.65";"2024";"L";"03/01/2024";"0";"01/01/2024";"31/01/2024";"13"
"UNIDADE DE GESTÃO DE EDUCAÇÃO";"12";"EDUCAÇÃO";"365";"EDUCAÇÃO INFANTIL";"2024";"247";"";"0";"0";"100012604";"FOLHA DE PAGAMENTO";"45780103000150";"";"5203";"FUNDO MANUT.DES.ED.BÁSICA E VALOR.PROF.MAG.-FUNDEB";"31901107";"ABONO DE PERMANENCIA";"FOLHA DE PAGAMENTO";"3646.42";"2024";"L";"03/01/2024";"0";"01/01/2024";"31/01/2024";"13"
"UNIDADE DE GESTÃO DE EDUCAÇÃO";"12";"EDUCAÇÃO";"365";"EDUCAÇÃO INFANTIL";"2024";"248";"";"0";"0";"100012604";"FOLHA DE PAGAMENTO";"45780103000150";"";"5203";"FUNDO MANUT.DES.ED.BÁSICA E VALOR.PROF.MAG.-FUNDEB";"31901133";"GRATIFICACOES POR EXERCICIO DE  FUNCOES";"FOLHA DE PAGAMENTO";"57822.18";"2024";"L";"03/01/2024";"0";"01/01/2024";"31/01/2024";"13"
"UNIDADE DE GESTÃO DE EDUCAÇÃO";"12";"EDUCAÇÃO";"365";"EDUCAÇÃO INFANTIL";"2024";"249";"";"0";"0";"100012604";"FOLHA DE PAGAMENTO";"45780103000150";"";"5203";"FUNDO MANUT.DES.ED.BÁSICA E VALOR.PROF.MAG.-FUNDEB";"31901137";"GRATIFICACOES POR TEMPO DE SERVICO";"FOLHA DE PAGAMENTO";"152903.73";"2024";"L";"03/01/2024";"0";"01/01/2024";"31/01/2024";"13"
"UNIDADE DE GESTÃO DE EDUCAÇÃO";"12";"EDUCAÇÃO";"365";"EDUCAÇÃO INFANTIL";"2024";"250";"";"0";"0";"100012604";"FOLHA DE PAGAMENTO";"45780103000150";"";"5203";"FUNDO MANUT.DES.ED.BÁSICA E VALOR.PROF.MAG.-FUNDEB";"31901144";"FÉRIAS - ABONO PECUNIARIO";"FOLHA DE PAGAMENTO";"81696.99";"2024";"L";"03/01/2024";"0";"01/01/2024";"31/01/2024";"13"
"UNIDADE DE GESTÃO DE EDUCAÇÃO";"12";"EDUCAÇÃO";"365";"EDUCAÇÃO INFANTIL";"2024";"251";"";"0";"0";"100012604";"FOLHA DE PAGAMENTO";"45780103000150";"";"5203";"FUNDO MANUT.DES.ED.BÁSICA E VALOR.PROF.MAG.-FUNDEB";"31901145";"FÉRIAS - ABONO CONSTITUICOES";"FOLHA DE PAGAMENTO";"692942.32";"2024";"L";"03/01/2024";"0";"01/01/2024";"31/01/2024";"13"
"UNIDADE DE GESTÃO DE EDUCAÇÃO";"12";"EDUCAÇÃO";"365";"EDUCAÇÃO INFANTIL";"2024";"252";"";"0";"0";"100012604";"FOLHA DE PAGAMENTO";"45780103000150";"";"5203";"FUNDO MANUT.DES.ED.BÁSICA E VALOR.PROF.MAG.-FUNDEB";"31901146";"FÉRIAS - PAGAMENTO ANTECIPADO - RPPS";"FOLHA DE PAGAMENTO";"1415935.54";"2024";"L";"03/01/2024";"0";"01/01/2024";"31/01/2024";"13"
"UNIDADE DE GESTÃO DE EDUCAÇÃO";"12";"EDUCAÇÃO";"365";"EDUCAÇÃO INFANTIL";"2024";"253";"";"0";"0";"100012604";"FOLHA DE PAGAMENTO";"45780103000150";"";"0";"PROPRIA";"31901644";"SERVIÇOS EXTRAORDINÁRIOS";"FOLHA DE PAGAMENTO";"386.85";"2024";"L";"03/01/2024";"0";"01/01/2024";"31/01/2024";"13"
"UNIDADE DE GESTÃO DE EDUCAÇÃO";"12";"EDUCAÇÃO";"365";"EDUCAÇÃO INFANTIL";"2024";"254";"";"0";"0";"100012604";"FOLHA DE PAGAMENTO";"45780103000150";"";"5203";"FUNDO MANUT.DES.ED.BÁSICA E VALOR.PROF.MAG.-FUNDEB";"31901644";"SERVIÇOS EXTRAORDINÁRIOS";"FOLHA DE PAGAMENTO";"1624.96";"2024";"L";"03/01/2024";"0";"01/01/2024";"31/01/2024";"13"
"UNIDADE DE GESTÃO DE EDUCAÇÃO";"12";"EDUCAÇÃO";"361";"ENSINO FUNDAMENTAL";"2024";"255";"";"0";"0";"100012604";"FOLHA DE PAGAMENTO";"45780103000150";"";"0";"PROPRIA";"31901104";"ADICIONAL NOTURNO";"FOLHA DE PAGAMENTO";"86.72";"2024";"L";"03/01/2024";"0";"01/01/2024";"31/01/2024";"13"
"UNIDADE DE GESTÃO DE EDUCAÇÃO";"12";"EDUCAÇÃO";"361";"ENSINO FUNDAMENTAL";"2024";"256";"";"0";"0";"100012604";"FOLHA DE PAGAMENTO";"45780103000150";"";"0";"PROPRIA";"31901107";"ABONO DE PERMANENCIA";"FOLHA DE PAGAMENTO";"2265.47";"2024";"L";"03/01/2024";"0";"01/01/2024";"31/01/2024";"13"
"UNIDADE DE GESTÃO DE EDUCAÇÃO";"12";"EDUCAÇÃO";"361";"ENSINO FUNDAMENTAL";"2024";"257";"";"0";"0";"100012604";"FOLHA DE PAGAMENTO";"45780103000150";"";"0";"PROPRIA";"31901133";"GRATIFICACOES POR EXERCICIO DE  FUNCOES";"FOLHA DE PAGAMENTO";"4711.47";"2024";"L";"03/01/2024";"0";"01/01/2024";"31/01/2024";"13"
"UNIDADE DE GESTÃO DE EDUCAÇÃO";"12";"EDUCAÇÃO";"361";"ENSINO FUNDAMENTAL";"2024";"258";"";"0";"0";"100012604";"FOLHA DE PAGAMENTO";"45780103000150";"";"0";"PROPRIA";"31901137";"GRATIFICACOES POR TEMPO DE SERVICO";"FOLHA DE PAGAMENTO";"19596.3";"2024";"L";"03/01/2024";"0";"01/01/2024";"31/01/2024";"13"
"UNIDADE DE GESTÃO DE EDUCAÇÃO";"12";"EDUCAÇÃO";"361";"ENSINO FUNDAMENTAL";"2024";"259";"";"0";"0";"100012604";"FOLHA DE PAGAMENTO";"45780103000150";"";"0";"PROPRIA";"31901137";"GRATIFICACOES POR TEMPO DE SERVICO";"FOLHA DE PAGAMENTO";"817.93";"2024";"L";"03/01/2024";"0";"01/01/2024";"31/01/2024";"13"
"UNIDADE DE GESTÃO DE EDUCAÇÃO";"12";"EDUCAÇÃO";"361";"ENSINO FUNDAMENTAL";"2024";"260";"";"0";"0";"100012604";"FOLHA DE PAGAMENTO";"45780103000150";"";"0";"PROPRIA";"31901144";"FÉRIAS - ABONO PECUNIARIO";"FOLHA DE PAGAMENTO";"24667";"2024";"L";"03/01/2024";"0";"01/01/2024";"31/01/2024";"13"
"UNIDADE DE GESTÃO DE EDUCAÇÃO";"12";"EDUCAÇÃO";"361";"ENSINO FUNDAMENTAL";"2024";"261";"";"0";"0";"100012604";"FOLHA DE PAGAMENTO";"45780103000150";"";"0";"PROPRIA";"31901144";"FÉRIAS - ABONO PECUNIARIO";"FOLHA DE PAGAMENTO";"3346.17";"2024";"L";"03/01/2024";"0";"01/01/2024";"31/01/2024";"13"
"UNIDADE DE GESTÃO DE EDUCAÇÃO";"12";"EDUCAÇÃO";"361";"ENSINO FUNDAMENTAL";"2024";"262";"";"0";"0";"100012604";"FOLHA DE PAGAMENTO";"45780103000150";"";"0";"PROPRIA";"31901145";"FÉRIAS - ABONO CONSTITUICOES";"FOLHA DE PAGAMENTO";"1181.45";"2024";"L";"03/01/2024";"0";"01/01/2024";"31/01/2024";"13"
"UNIDADE DE GESTÃO DE EDUCAÇÃO";"12";"EDUCAÇÃO";"361";"ENSINO FUNDAMENTAL";"2024";"263";"";"0";"0";"100012604";"FOLHA DE PAGAMENTO";"45780103000150";"";"0";"PROPRIA";"31901145";"FÉRIAS - ABONO CONSTITUICOES";"FOLHA DE PAGAMENTO";"4893.44";"2024";"L";"03/01/2024";"0";"01/01/2024";"31/01/2024";"13"
"UNIDADE DE GESTÃO DE EDUCAÇÃO";"12";"EDUCAÇÃO";"361";"ENSINO FUNDAMENTAL";"2024";"264";"";"0";"0";"100012604";"FOLHA DE PAGAMENTO";"45780103000150";"";"0";"PROPRIA";"31901145";"FÉRIAS - ABONO CONSTITUICOES";"FOLHA DE PAGAMENTO";"80223.26";"2024";"L";"03/01/2024";"0";"01/01/2024";"31/01/2024";"13"
"UNIDADE DE GESTÃO DE EDUCAÇÃO";"12";"EDUCAÇÃO";"361";"ENSINO FUNDAMENTAL";"2024";"265";"";"0";"0";"100012604";"FOLHA DE PAGAMENTO";"45780103000150";"";"0";"PROPRIA";"31901146";"FÉRIAS - PAGAMENTO ANTECIPADO - RPPS";"FOLHA DE PAGAMENTO";"12462.31";"2024";"L";"03/01/2024";"0";"01/01/2024";"31/01/2024";"13"
"UNIDADE DE GESTÃO DE EDUCAÇÃO";"12";"EDUCAÇÃO";"361";"ENSINO FUNDAMENTAL";"2024";"266";"";"0";"0";"100012604";"FOLHA DE PAGAMENTO";"45780103000150";"";"0";"PROPRIA";"31901146";"FÉRIAS - PAGAMENTO ANTECIPADO - RPPS";"FOLHA DE PAGAMENTO";"1233.18";"2024";"L";"03/01/2024";"0";"01/01/2024";"31/01/2024";"13"
"UNIDADE DE GESTÃO DE EDUCAÇÃO";"12";"EDUCAÇÃO";"361";"ENSINO FUNDAMENTAL";"2024";"267";"";"0";"0";"100012604";"FOLHA DE PAGAMENTO";"45780103000150";"";"0";"PROPRIA";"31901146";"FÉRIAS - PAGAMENTO ANTECIPADO - RPPS";"FOLHA DE PAGAMENTO";"159575.11";"2024";"L";"03/01/2024";"0";"01/01/2024";"31/01/2024";"13"
"UNIDADE DE GESTÃO DE EDUCAÇÃO";"12";"EDUCAÇÃO";"361";"ENSINO FUNDAMENTAL";"2024";"268";"";"0";"0";"100012604";"FOLHA DE PAGAMENTO";"45780103000150";"";"0";"PROPRIA";"31901175";"SUBSÍDIOS - AGENTES POLÍTICOS";"FOLHA DE PAGAMENTO";"5088.37";"2024";"L";"03/01/2024";"0";"01/01/2024";"31/01/2024";"13"
"UNIDADE DE GESTÃO DE EDUCAÇÃO";"12";"EDUCAÇÃO";"361";"ENSINO FUNDAMENTAL";"2024";"269";"";"0";"0";"100012604";"FOLHA DE PAGAMENTO";"45780103000150";"";"0";"PROPRIA";"31901175";"SUBSÍDIOS - AGENTES POLÍTICOS";"FOLHA DE PAGAMENTO";"2145.78";"2024";"L";"03/01/2024";"0";"01/01/2024";"31/01/2024";"13"
"UNIDADE DE GESTÃO DE EDUCAÇÃO";"12";"EDUCAÇÃO";"361";"ENSINO FUNDAMENTAL";"2024";"270";"";"0";"0";"100012604";"FOLHA DE PAGAMENTO";"45780103000150";"";"0";"PROPRIA";"31901644";"SERVIÇOS EXTRAORDINÁRIOS";"FOLHA DE PAGAMENTO";"161.59";"2024";"L";"03/01/2024";"0";"01/01/2024";"31/01/2024";"13"
"UNIDADE DE GESTÃO DE EDUCAÇÃO";"12";"EDUCAÇÃO";"366";"EDUCAÇÃO DE JOVENS E ADULTOS";"2024";"271";"";"0";"0";"100012604";"FOLHA DE PAGAMENTO";"45780103000150";"";"0";"PROPRIA";"31901104";"ADICIONAL NOTURNO";"FOLHA DE PAGAMENTO";"3829.67";"2024";"L";"03/01/2024";"0";"01/01/2024";"31/01/2024";"13"
"UNIDADE DE GESTÃO DE EDUCAÇÃO";"12";"EDUCAÇÃO";"366";"EDUCAÇÃO DE JOVENS E ADULTOS";"2024";"272";"";"0";"0";"100012604";"FOLHA DE PAGAMENTO";"45780103000150";"";"0";"PROPRIA";"31901133";"GRATIFICACOES POR EXERCICIO DE  FUNCOES";"FOLHA DE PAGAMENTO";"12903.66";"2024";"L";"03/01/2024";"0";"01/01/2024";"31/01/2024";"13"
"UNIDADE DE GESTÃO DE EDUCAÇÃO";"12";"EDUCAÇÃO";"366";"EDUCAÇÃO DE JOVENS E ADULTOS";"2024";"273";"";"0";"0";"100012604";"FOLHA DE PAGAMENTO";"45780103000150";"";"0";"PROPRIA";"31901137";"GRATIFICACOES POR TEMPO DE SERVICO";"FOLHA DE PAGAMENTO";"17519.67";"2024";"L";"03/01/2024";"0";"01/01/2024";"31/01/2024";"13"
"UNIDADE DE GESTÃO DE EDUCAÇÃO";"12";"EDUCAÇÃO";"366";"EDUCAÇÃO DE JOVENS E ADULTOS";"2024";"274";"";"0";"0";"100012604";"FOLHA DE PAGAMENTO";"45780103000150";"";"0";"PROPRIA";"31901145";"FÉRIAS - ABONO CONSTITUICOES";"FOLHA DE PAGAMENTO";"50648.91";"2024";"L";"03/01/2024";"0";"01/01/2024";"31/01/2024";"13"
"UNIDADE DE GESTÃO DE EDUCAÇÃO";"12";"EDUCAÇÃO";"366";"EDUCAÇÃO DE JOVENS E ADULTOS";"2024";"275";"";"0";"0";"100012604";"FOLHA DE PAGAMENTO";"45780103000150";"";"0";"PROPRIA";"31901146";"FÉRIAS - PAGAMENTO ANTECIPADO - RPPS";"FOLHA DE PAGAMENTO";"88168.28";"2024";"L";"03/01/2024";"0";"01/01/2024";"31/01/2024";"13"
"UNIDADE DE GESTÃO DE EDUCAÇÃO";"12";"EDUCAÇÃO";"365";"EDUCAÇÃO INFANTIL";"2024";"276";"";"0";"0";"100012604";"FOLHA DE PAGAMENTO";"45780103000150";"";"0";"PROPRIA";"31901104";"ADICIONAL NOTURNO";"FOLHA DE PAGAMENTO";"1.16";"2024";"L";"03/01/2024";"0";"01/01/2024";"31/01/2024";"13"
"UNIDADE DE GESTÃO DE EDUCAÇÃO";"12";"EDUCAÇÃO";"365";"EDUCAÇÃO INFANTIL";"2024";"277";"";"0";"0";"100012604";"FOLHA DE PAGAMENTO";"45780103000150";"";"0";"PROPRIA";"31901107";"ABONO DE PERMANENCIA";"FOLHA DE PAGAMENTO";"3999.43";"2024";"L";"03/01/2024";"0";"01/01/2024";"31/01/2024";"13"
"UNIDADE DE GESTÃO DE EDUCAÇÃO";"12";"EDUCAÇÃO";"365";"EDUCAÇÃO INFANTIL";"2024";"278";"";"0";"0";"100012604";"FOLHA DE PAGAMENTO";"45780103000150";"";"0";"PROPRIA";"31901133";"GRATIFICACOES POR EXERCICIO DE  FUNCOES";"FOLHA DE PAGAMENTO";"447.05";"2024";"L";"03/01/2024";"0";"01/01/2024";"31/01/2024";"13"
"UNIDADE DE GESTÃO DE EDUCAÇÃO";"12";"EDUCAÇÃO";"365";"EDUCAÇÃO INFANTIL";"2024";"279";"";"0";"0";"100012604";"FOLHA DE PAGAMENTO";"45780103000150";"";"0";"PROPRIA";"31901137";"GRATIFICACOES POR TEMPO DE SERVICO";"FOLHA DE PAGAMENTO";"157789.48";"2024";"L";"03/01/2024";"0";"01/01/2024";"31/01/2024";"13"
"UNIDADE DE GESTÃO DE EDUCAÇÃO";"12";"EDUCAÇÃO";"365";"EDUCAÇÃO INFANTIL";"2024";"280";"";"0";"0";"100012604";"FOLHA DE PAGAMENTO";"45780103000150";"";"0";"PROPRIA";"31901144";"FÉRIAS - ABONO PECUNIARIO";"FOLHA DE PAGAMENTO";"3931.27";"2024";"L";"03/01/2024";"0";"01/01/2024";"31/01/2024";"13"
"UNIDADE DE GESTÃO DE EDUCAÇÃO";"12";"EDUCAÇÃO";"365";"EDUCAÇÃO INFANTIL";"2024";"281";"";"0";"0";"100012604";"FOLHA DE PAGAMENTO";"45780103000150";"";"0";"PROPRIA";"31901145";"FÉRIAS - ABONO CONSTITUICOES";"FOLHA DE PAGAMENTO";"647790.38";"2024";"L";"03/01/2024";"0";"01/01/2024";"31/01/2024";"13"
"UNIDADE DE GESTÃO DE EDUCAÇÃO";"12";"EDUCAÇÃO";"365";"EDUCAÇÃO INFANTIL";"2024";"282";"";"0";"0";"100012604";"FOLHA DE PAGAMENTO";"45780103000150";"";"0";"PROPRIA";"31901146";"FÉRIAS - PAGAMENTO ANTECIPADO - RPPS";"FOLHA DE PAGAMENTO";"1228160.14";"2024";"L";"03/01/2024";"0";"01/01/2024";"31/01/2024";"13"
"UNIDADE DE GESTÃO DE EDUCAÇÃO";"12";"EDUCAÇÃO";"365";"EDUCAÇÃO INFANTIL";"2024";"283";"";"0";"0";"100012604";"FOLHA DE PAGAMENTO";"45780103000150";"";"0";"PROPRIA";"31901644";"SERVIÇOS EXTRAORDINÁRIOS";"FOLHA DE PAGAMENTO";"1034.09";"2024";"L";"03/01/2024";"0";"01/01/2024";"31/01/2024";"13"
"UNIDADE DE GESTÃO DE EDUCAÇÃO";"12";"EDUCAÇÃO";"365";"EDUCAÇÃO INFANTIL";"2024";"284";"";"0";"0";"100012604";"FOLHA DE PAGAMENTO";"45780103000150";"";"0";"PROPRIA";"31901104";"ADICIONAL NOTURNO";"FOLHA DE PAGAMENTO";"1.36";"2024";"L";"03/01/2024";"0";"01/01/2024";"31/01/2024";"13"
"UNIDADE DE GESTÃO DE EDUCAÇÃO";"12";"EDUCAÇÃO";"365";"EDUCAÇÃO INFANTIL";"2024";"285";"";"0";"0";"100012604";"FOLHA DE PAGAMENTO";"45780103000150";"";"0";"PROPRIA";"31901107";"ABONO DE PERMANENCIA";"FOLHA DE PAGAMENTO";"3020.21";"2024";"L";"03/01/2024";"0";"01/01/2024";"31/01/2024";"13"
"UNIDADE DE GESTÃO DE EDUCAÇÃO";"12";"EDUCAÇÃO";"365";"EDUCAÇÃO INFANTIL";"2024";"286";"";"0";"0";"100012604";"FOLHA DE PAGAMENTO";"45780103000150";"";"0";"PROPRIA";"31901137";"GRATIFICACOES POR TEMPO DE SERVICO";"FOLHA DE PAGAMENTO";"27545.96";"2024";"L";"03/01/2024";"0";"01/01/2024";"31/01/2024";"13"
"UNIDADE DE GESTÃO DE EDUCAÇÃO";"12";"EDUCAÇÃO";"365";"EDUCAÇÃO INFANTIL";"2024";"287";"";"0";"0";"100012604";"FOLHA DE PAGAMENTO";"45780103000150";"";"0";"PROPRIA";"31901145";"FÉRIAS - ABONO CONSTITUICOES";"FOLHA DE PAGAMENTO";"90980.03";"2024";"L";"03/01/2024";"0";"01/01/2024";"31/01/2024";"13"
"UNIDADE DE GESTÃO DE EDUCAÇÃO";"12";"EDUCAÇÃO";"365";"EDUCAÇÃO INFANTIL";"2024";"288";"";"0";"0";"100012604";"FOLHA DE PAGAMENTO";"45780103000150";"";"0";"PROPRIA";"31901146";"FÉRIAS - PAGAMENTO ANTECIPADO - RPPS";"FOLHA DE PAGAMENTO";"176235.36";"2024";"L";"03/01/2024";"0";"01/01/2024";"31/01/2024";"13"
"UNIDADE DE GESTÃO DE EDUCAÇÃO";"12";"EDUCAÇÃO";"365";"EDUCAÇÃO INFANTIL";"2024";"289";"";"0";"0";"100012604";"FOLHA DE PAGAMENTO";"45780103000150";"";"0";"PROPRIA";"31901644";"SERVIÇOS EXTRAORDINÁRIOS";"FOLHA DE PAGAMENTO";"51.53";"2024";"L";"03/01/2024";"0";"01/01/2024";"31/01/2024";"13"
"UNIDADE DE GESTÃO DE EDUCAÇÃO";"12";"EDUCAÇÃO";"361";"ENSINO FUNDAMENTAL";"2024";"290";"";"0";"0";"100012604";"FOLHA DE PAGAMENTO";"45780103000150";"";"0";"PROPRIA";"31901104";"ADICIONAL NOTURNO";"FOLHA DE PAGAMENTO";"94.33";"2024";"L";"03/01/2024";"0";"01/01/2024";"31/01/2024";"13"
"UNIDADE DE GESTÃO DE EDUCAÇÃO";"12";"EDUCAÇÃO";"361";"ENSINO FUNDAMENTAL";"2024";"291";"";"0";"0";"100012604";"FOLHA DE PAGAMENTO";"45780103000150";"";"0";"PROPRIA";"31901137";"GRATIFICACOES POR TEMPO DE SERVICO";"FOLHA DE PAGAMENTO";"721.23";"2024";"L";"03/01/2024";"0";"01/01/2024";"31/01/2024";"13"
"UNIDADE DE GESTÃO DE EDUCAÇÃO";"12";"EDUCAÇÃO";"361";"ENSINO FUNDAMENTAL";"2024";"292";"";"0";"0";"100012604";"FOLHA DE PAGAMENTO";"45780103000150";"";"0";"PROPRIA";"31901145";"FÉRIAS - ABONO CONSTITUICOES";"FOLHA DE PAGAMENTO";"3102.93";"2024";"L";"03/01/2024";"0";"01/01/2024";"31/01/2024";"13"
"UNIDADE DE GESTÃO DE EDUCAÇÃO";"12";"EDUCAÇÃO";"361";"ENSINO FUNDAMENTAL";"2024";"293";"";"0";"0";"100012604";"FOLHA DE PAGAMENTO";"45780103000150";"";"0";"PROPRIA";"31901146";"FÉRIAS - PAGAMENTO ANTECIPADO - RPPS";"FOLHA DE PAGAMENTO";"6109.62";"2024";"L";"03/01/2024";"0";"01/01/2024";"31/01/2024";"13"
"UNIDADE DE GESTÃO DE EDUCAÇÃO";"12";"EDUCAÇÃO";"361";"ENSINO FUNDAMENTAL";"2024";"294";"";"0";"0";"100012604";"FOLHA DE PAGAMENTO";"45780103000150";"";"0";"PROPRIA";"31901104";"ADICIONAL NOTURNO";"FOLHA DE PAGAMENTO";"25.34";"2024";"L";"03/01/2024";"0";"01/01/2024";"31/01/2024";"13"
"UNIDADE DE GESTÃO DE EDUCAÇÃO";"12";"EDUCAÇÃO";"361";"ENSINO FUNDAMENTAL";"2024";"295";"";"0";"0";"100012604";"FOLHA DE PAGAMENTO";"45780103000150";"";"0";"PROPRIA";"31901107";"ABONO DE PERMANENCIA";"FOLHA DE PAGAMENTO";"3669.7";"2024";"L";"03/01/2024";"0";"01/01/2024";"31/01/2024";"13"
"UNIDADE DE GESTÃO DE EDUCAÇÃO";"12";"EDUCAÇÃO";"361";"ENSINO FUNDAMENTAL";"2024";"296";"";"0";"0";"100012604";"FOLHA DE PAGAMENTO";"45780103000150";"";"0";"PROPRIA";"31901133";"GRATIFICACOES POR EXERCICIO DE  FUNCOES";"FOLHA DE PAGAMENTO";"447.05";"2024";"L";"03/01/2024";"0";"01/01/2024";"31/01/2024";"13"
"UNIDADE DE GESTÃO DE EDUCAÇÃO";"12";"EDUCAÇÃO";"361";"ENSINO FUNDAMENTAL";"2024";"297";"";"0";"0";"100012604";"FOLHA DE PAGAMENTO";"45780103000150";"";"0";"PROPRIA";"31901137";"GRATIFICACOES POR TEMPO DE SERVICO";"FOLHA DE PAGAMENTO";"1096.11";"2024";"L";"03/01/2024";"0";"01/01/2024";"31/01/2024";"13"
"UNIDADE DE GESTÃO DE EDUCAÇÃO";"12";"EDUCAÇÃO";"361";"ENSINO FUNDAMENTAL";"2024";"298";"";"0";"0";"100012604";"FOLHA DE PAGAMENTO";"45780103000150";"";"0";"PROPRIA";"31901137";"GRATIFICACOES POR TEMPO DE SERVICO";"FOLHA DE PAGAMENTO";"48202.28";"2024";"L";"03/01/2024";"0";"01/01/2024";"31/01/2024";"13"
"UNIDADE DE GESTÃO DE EDUCAÇÃO";"12";"EDUCAÇÃO";"361";"ENSINO FUNDAMENTAL";"2024";"299";"";"0";"0";"100012604";"FOLHA DE PAGAMENTO";"45780103000150";"";"0";"PROPRIA";"31901144";"FÉRIAS - ABONO PECUNIARIO";"FOLHA DE PAGAMENTO";"8749.56";"2024";"L";"03/01/2024";"0";"01/01/2024";"31/01/2024";"13"
"UNIDADE DE GESTÃO DE EDUCAÇÃO";"12";"EDUCAÇÃO";"361";"ENSINO FUNDAMENTAL";"2024";"300";"";"0";"0";"100012604";"FOLHA DE PAGAMENTO";"45780103000150";"";"0";"PROPRIA";"31901145";"FÉRIAS - ABONO CONSTITUICOES";"FOLHA DE PAGAMENTO";"1583.27";"2024";"L";"03/01/2024";"0";"01/01/2024";"31/01/2024";"13"
"UNIDADE DE GESTÃO DE EDUCAÇÃO";"12";"EDUCAÇÃO";"361";"ENSINO FUNDAMENTAL";"2024";"301";"";"0";"0";"100012604";"FOLHA DE PAGAMENTO";"45780103000150";"";"0";"PROPRIA";"31901145";"FÉRIAS - ABONO CONSTITUICOES";"FOLHA DE PAGAMENTO";"153637.21";"2024";"L";"03/01/2024";"0";"01/01/2024";"31/01/2024";"13"
"UNIDADE DE GESTÃO DE EDUCAÇÃO";"12";"EDUCAÇÃO";"361";"ENSINO FUNDAMENTAL";"2024";"302";"";"0";"0";"100012604";"FOLHA DE PAGAMENTO";"45780103000150";"";"0";"PROPRIA";"31901146";"FÉRIAS - PAGAMENTO ANTECIPADO - RPPS";"FOLHA DE PAGAMENTO";"2094.55";"2024";"L";"03/01/2024";"0";"01/01/2024";"31/01/2024";"13"
"UNIDADE DE GESTÃO DE EDUCAÇÃO";"12";"EDUCAÇÃO";"361";"ENSINO FUNDAMENTAL";"2024";"303";"";"0";"0";"100012604";"FOLHA DE PAGAMENTO";"45780103000150";"";"0";"PROPRIA";"31901146";"FÉRIAS - PAGAMENTO ANTECIPADO - RPPS";"FOLHA DE PAGAMENTO";"287172.79";"2024";"L";"03/01/2024";"0";"01/01/2024";"31/01/2024";"13"
"UNIDADE DE GESTÃO DE EDUCAÇÃO";"12";"EDUCAÇÃO";"361";"ENSINO FUNDAMENTAL";"2024";"304";"";"0";"0";"100012604";"FOLHA DE PAGAMENTO";"45780103000150";"";"0";"PROPRIA";"31901644";"SERVIÇOS EXTRAORDINÁRIOS";"FOLHA DE PAGAMENTO";"71.51";"2024";"L";"03/01/2024";"0";"01/01/2024";"31/01/2024";"13"
"UNIDADE DE GESTÃO DE EDUCAÇÃO";"12";"EDUCAÇÃO";"122";"ADMINISTRAÇÃO GERAL";"2024";"305";"";"0";"0";"100012604";"FOLHA DE PAGAMENTO";"45780103000150";"";"0";"PROPRIA";"31901104";"ADICIONAL NOTURNO";"FOLHA DE PAGAMENTO";"268.79";"2024";"L";"03/01/2024";"0";"01/01/2024";"31/01/2024";"13"
"UNIDADE DE GESTÃO DE EDUCAÇÃO";"12";"EDUCAÇÃO";"122";"ADMINISTRAÇÃO GERAL";"2024";"306";"";"0";"0";"100012604";"FOLHA DE PAGAMENTO";"45780103000150";"";"0";"PROPRIA";"31901107";"ABONO DE PERMANENCIA";"FOLHA DE PAGAMENTO";"2666.57";"2024";"L";"03/01/2024";"0";"01/01/2024";"31/01/2024";"13"
"UNIDADE DE GESTÃO DE EDUCAÇÃO";"12";"EDUCAÇÃO";"122";"ADMINISTRAÇÃO GERAL";"2024";"307";"";"0";"0";"100012604";"FOLHA DE PAGAMENTO";"45780103000150";"";"0";"PROPRIA";"31901133";"GRATIFICACOES POR EXERCICIO DE  FUNCOES";"FOLHA DE PAGAMENTO";"8446.21";"2024";"L";"03/01/2024";"0";"01/01/2024";"31/01/2024";"13"
"UNIDADE DE GESTÃO DE EDUCAÇÃO";"12";"EDUCAÇÃO";"122";"ADMINISTRAÇÃO GERAL";"2024";"308";"";"0";"0";"100012604";"FOLHA DE PAGAMENTO";"45780103000150";"";"0";"PROPRIA";"31901137";"GRATIFICACOES POR TEMPO DE SERVICO";"FOLHA DE PAGAMENTO";"9402.93";"2024";"L";"03/01/2024";"0";"01/01/2024";"31/01/2024";"13"
"UNIDADE DE GESTÃO DE EDUCAÇÃO";"12";"EDUCAÇÃO";"122";"ADMINISTRAÇÃO GERAL";"2024";"309";"";"0";"0";"100012604";"FOLHA DE PAGAMENTO";"45780103000150";"";"0";"PROPRIA";"31901144";"FÉRIAS - ABONO PECUNIARIO";"FOLHA DE PAGAMENTO";"10863.23";"2024";"L";"03/01/2024";"0";"01/01/2024";"31/01/2024";"13"
"UNIDADE DE GESTÃO DE EDUCAÇÃO";"12";"EDUCAÇÃO";"122";"ADMINISTRAÇÃO GERAL";"2024";"310";"";"0";"0";"100012604";"FOLHA DE PAGAMENTO";"45780103000150";"";"0";"PROPRIA";"31901145";"FÉRIAS - ABONO CONSTITUICOES";"FOLHA DE PAGAMENTO";"33640.32";"2024";"L";"03/01/2024";"0";"01/01/2024";"31/01/2024";"13"
"UNIDADE DE GESTÃO DE EDUCAÇÃO";"12";"EDUCAÇÃO";"122";"ADMINISTRAÇÃO GERAL";"2024";"311";"";"0";"0";"100012604";"FOLHA DE PAGAMENTO";"45780103000150";"";"0";"PROPRIA";"31901146";"FÉRIAS - PAGAMENTO ANTECIPADO - RPPS";"FOLHA DE PAGAMENTO";"59742.28";"2024";"L";"03/01/2024";"0";"01/01/2024";"31/01/2024";"13"
"UNIDADE DE GESTÃO DE EDUCAÇÃO";"12";"EDUCAÇÃO";"122";"ADMINISTRAÇÃO GERAL";"2024";"312";"";"0";"0";"100012604";"FOLHA DE PAGAMENTO";"45780103000150";"";"0";"PROPRIA";"31901644";"SERVIÇOS EXTRAORDINÁRIOS";"FOLHA DE PAGAMENTO";"180.5";"2024";"L";"03/01/2024";"0";"01/01/2024";"31/01/2024";"13"
"UNIDADE DE GESTÃO DE PROMOÇÃO DA SAÚDE";"10";"SAÚDE";"122";"ADMINISTRAÇÃO GERAL";"2024";"313";"";"0";"0";"100012604";"FOLHA DE PAGAMENTO";"45780103000150";"";"0";"PROPRIA";"31901110";"ADICIONAL DE INSALUBRIDADE";"FOLHA DE PAGAMENTO";"352";"2024";"L";"03/01/2024";"0";"01/01/2024";"31/01/2024";"14"
"UNIDADE DE GESTÃO DE PROMOÇÃO DA SAÚDE";"10";"SAÚDE";"122";"ADMINISTRAÇÃO GERAL";"2024";"314";"";"0";"0";"100012604";"FOLHA DE PAGAMENTO";"45780103000150";"";"0";"PROPRIA";"31901137";"GRATIFICACOES POR TEMPO DE SERVICO";"FOLHA DE PAGAMENTO";"852.74";"2024";"L";"03/01/2024";"0";"01/01/2024";"31/01/2024";"14"
"UNIDADE DE GESTÃO DE PROMOÇÃO DA SAÚDE";"10";"SAÚDE";"122";"ADMINISTRAÇÃO GERAL";"2024";"315";"";"0";"0";"100012604";"FOLHA DE PAGAMENTO";"45780103000150";"";"0";"PROPRIA";"31901144";"FÉRIAS - ABONO PECUNIARIO";"FOLHA DE PAGAMENTO";"8339.64";"2024";"L";"03/01/2024";"0";"01/01/2024";"31/01/2024";"14"
"UNIDADE DE GESTÃO DE PROMOÇÃO DA SAÚDE";"10";"SAÚDE";"122";"ADMINISTRAÇÃO GERAL";"2024";"316";"";"0";"0";"100012604";"FOLHA DE PAGAMENTO";"45780103000150";"";"0";"PROPRIA";"31901145";"FÉRIAS - ABONO CONSTITUICOES";"FOLHA DE PAGAMENTO";"2501.83";"2024";"L";"03/01/2024";"0";"01/01/2024";"31/01/2024";"14"
"UNIDADE DE GESTÃO DE PROMOÇÃO DA SAÚDE";"10";"SAÚDE";"122";"ADMINISTRAÇÃO GERAL";"2024";"317";"";"0";"0";"100012604";"FOLHA DE PAGAMENTO";"45780103000150";"";"0";"PROPRIA";"31901145";"FÉRIAS - ABONO CONSTITUICOES";"FOLHA DE PAGAMENTO";"4898.66";"2024";"L";"03/01/2024";"0";"01/01/2024";"31/01/2024";"14"
"UNIDADE DE GESTÃO DE PROMOÇÃO DA SAÚDE";"10";"SAÚDE";"122";"ADMINISTRAÇÃO GERAL";"2024";"318";"";"0";"0";"100012604";"FOLHA DE PAGAMENTO";"45780103000150";"";"0";"PROPRIA";"31901146";"FÉRIAS - PAGAMENTO ANTECIPADO - RPPS";"FOLHA DE PAGAMENTO";"8859.18";"2024";"L";"03/01/2024";"0";"01/01/2024";"31/01/2024";"14"
"UNIDADE DE GESTÃO DE PROMOÇÃO DA SAÚDE";"10";"SAÚDE";"122";"ADMINISTRAÇÃO GERAL";"2024";"319";"";"0";"0";"100012604";"FOLHA DE PAGAMENTO";"45780103000150";"";"0";"PROPRIA";"31901146";"FÉRIAS - PAGAMENTO ANTECIPADO - RPPS";"FOLHA DE PAGAMENTO";"5680.92";"2024";"L";"03/01/2024";"0";"01/01/2024";"31/01/2024";"14"
"UNIDADE DE GESTÃO DE PROMOÇÃO DA SAÚDE";"10";"SAÚDE";"122";"ADMINISTRAÇÃO GERAL";"2024";"320";"";"0";"0";"100012604";"FOLHA DE PAGAMENTO";"45780103000150";"";"0";"PROPRIA";"31901644";"SERVIÇOS EXTRAORDINÁRIOS";"FOLHA DE PAGAMENTO";"1278.23";"2024";"L";"03/01/2024";"0";"01/01/2024";"31/01/2024";"14"
"UNIDADE DE GESTÃO DE PROMOÇÃO DA SAÚDE";"10";"SAÚDE";"301";"ATENÇÃO BÁSICA";"2024";"321";"";"0";"0";"100012604";"FOLHA DE PAGAMENTO";"45780103000150";"";"0";"PROPRIA";"31900411";"SALÁRIOS - CONTRATO TEMPORÁRIO";"FOLHA DE PAGAMENTO";"982.97";"2024";"L";"03/01/2024";"0";"01/01/2024";"31/01/2024";"14"
"UNIDADE DE GESTÃO DE PROMOÇÃO DA SAÚDE";"10";"SAÚDE";"301";"ATENÇÃO BÁSICA";"2024";"322";"";"0";"0";"100012604";"FOLHA DE PAGAMENTO";"45780103000150";"";"0";"PROPRIA";"31900414";"FERIAS - ABONO CONSTITUCIONAL - CONTRATO TEMPORÁRI";"FOLHA DE PAGAMENTO";"4144.62";"2024";"L";"03/01/2024";"0";"01/01/2024";"31/01/2024";"14"
"UNIDADE DE GESTÃO DE PROMOÇÃO DA SAÚDE";"10";"SAÚDE";"301";"ATENÇÃO BÁSICA";"2024";"323";"";"0";"0";"100012604";"FOLHA DE PAGAMENTO";"45780103000150";"";"0";"PROPRIA";"31900414";"FERIAS - ABONO CONSTITUCIONAL - CONTRATO TEMPORÁRI";"FOLHA DE PAGAMENTO";"1971.86";"2024";"L";"03/01/2024";"0";"01/01/2024";"31/01/2024";"14"
"UNIDADE DE GESTÃO DE PROMOÇÃO DA SAÚDE";"10";"SAÚDE";"301";"ATENÇÃO BÁSICA";"2024";"324";"";"0";"0";"100012604";"FOLHA DE PAGAMENTO";"45780103000150";"";"0";"PROPRIA";"31900499";"OUTRAS CONTRATACOES POR TEMPO DETERMINADO";"FOLHA DE PAGAMENTO";"17.69";"2024";"L";"03/01/2024";"0";"01/01/2024";"31/01/2024";"14"
"UNIDADE DE GESTÃO DE PROMOÇÃO DA SAÚDE";"10";"SAÚDE";"301";"ATENÇÃO BÁSICA";"2024";"325";"";"0";"0";"100012604";"FOLHA DE PAGAMENTO";"45780103000150";"";"0";"PROPRIA";"31901107";"ABONO DE PERMANENCIA";"FOLHA DE PAGAMENTO";"2531.31";"2024";"L";"03/01/2024";"0";"01/01/2024";"31/01/2024";"14"
"UNIDADE DE GESTÃO DE PROMOÇÃO DA SAÚDE";"10";"SAÚDE";"301";"ATENÇÃO BÁSICA";"2024";"326";"";"0";"0";"100012604";"FOLHA DE PAGAMENTO";"45780103000150";"";"0";"PROPRIA";"31901110";"ADICIONAL DE INSALUBRIDADE";"FOLHA DE PAGAMENTO";"21348.61";"2024";"L";"03/01/2024";"0";"01/01/2024";"31/01/2024";"14"
"UNIDADE DE GESTÃO DE PROMOÇÃO DA SAÚDE";"10";"SAÚDE";"301";"ATENÇÃO BÁSICA";"2024";"327";"";"0";"0";"100012604";"FOLHA DE PAGAMENTO";"45780103000150";"";"0";"PROPRIA";"31901131";"GRATIFICACOES POR EXERCICIO DE  CARGO";"FOLHA DE PAGAMENTO";"3713.48";"2024";"L";"03/01/2024";"0";"01/01/2024";"31/01/2024";"14"
"UNIDADE DE GESTÃO DE PROMOÇÃO DA SAÚDE";"10";"SAÚDE";"301";"ATENÇÃO BÁSICA";"2024";"328";"";"0";"0";"100012604";"FOLHA DE PAGAMENTO";"45780103000150";"";"0";"PROPRIA";"31901133";"GRATIFICACOES POR EXERCICIO DE  FUNCOES";"FOLHA DE PAGAMENTO";"16540.72";"2024";"L";"03/01/2024";"0";"01/01/2024";"31/01/2024";"14"
"UNIDADE DE GESTÃO DE PROMOÇÃO DA SAÚDE";"10";"SAÚDE";"301";"ATENÇÃO BÁSICA";"2024";"329";"";"0";"0";"100012604";"FOLHA DE PAGAMENTO";"45780103000150";"";"0";"PROPRIA";"31901137";"GRATIFICACOES POR TEMPO DE SERVICO";"FOLHA DE PAGAMENTO";"54524.27";"2024";"L";"03/01/2024";"0";"01/01/2024";"31/01/2024";"14"
"UNIDADE DE GESTÃO DE PROMOÇÃO DA SAÚDE";"10";"SAÚDE";"301";"ATENÇÃO BÁSICA";"2024";"330";"";"0";"0";"100012604";"FOLHA DE PAGAMENTO";"45780103000150";"";"0";"PROPRIA";"31901144";"FÉRIAS - ABONO PECUNIARIO";"FOLHA DE PAGAMENTO";"91897.77";"2024";"L";"03/01/2024";"0";"01/01/2024";"31/01/2024";"14"
"UNIDADE DE GESTÃO DE PROMOÇÃO DA SAÚDE";"10";"SAÚDE";"301";"ATENÇÃO BÁSICA";"2024";"331";"";"0";"0";"100012604";"FOLHA DE PAGAMENTO";"45780103000150";"";"0";"PROPRIA";"31901145";"FÉRIAS - ABONO CONSTITUICOES";"FOLHA DE PAGAMENTO";"210187.08";"2024";"L";"03/01/2024";"0";"01/01/2024";"31/01/2024";"14"
"UNIDADE DE GESTÃO DE PROMOÇÃO DA SAÚDE";"10";"SAÚDE";"301";"ATENÇÃO BÁSICA";"2024";"332";"";"0";"0";"100012604";"FOLHA DE PAGAMENTO";"45780103000150";"";"0";"PROPRIA";"31901146";"FÉRIAS - PAGAMENTO ANTECIPADO - RPPS";"FOLHA DE PAGAMENTO";"385192.72";"2024";"L";"03/01/2024";"0";"01/01/2024";"31/01/2024";"14"
"UNIDADE DE GESTÃO DE PROMOÇÃO DA SAÚDE";"10";"SAÚDE";"301";"ATENÇÃO BÁSICA";"2024";"333";"";"0";"0";"100012604";"FOLHA DE PAGAMENTO";"45780103000150";"";"0";"PROPRIA";"31901644";"SERVIÇOS EXTRAORDINÁRIOS";"FOLHA DE PAGAMENTO";"29495.72";"2024";"L";"03/01/2024";"0";"01/01/2024";"31/01/2024";"14"
"UNIDADE DE GESTÃO DE PROMOÇÃO DA SAÚDE";"10";"SAÚDE";"302";"ASSISTÊNCIA HOSPITALAR E AMBULATORIAL";"2024";"334";"";"0";"0";"100012604";"FOLHA DE PAGAMENTO";"45780103000150";"";"0";"PROPRIA";"31901104";"ADICIONAL NOTURNO";"FOLHA DE PAGAMENTO";"65.37";"2024";"L";"03/01/2024";"0";"01/01/2024";"31/01/2024";"14"
"UNIDADE DE GESTÃO DE PROMOÇÃO DA SAÚDE";"10";"SAÚDE";"302";"ASSISTÊNCIA HOSPITALAR E AMBULATORIAL";"2024";"335";"";"0";"0";"100012604";"FOLHA DE PAGAMENTO";"45780103000150";"";"0";"PROPRIA";"31901107";"ABONO DE PERMANENCIA";"FOLHA DE PAGAMENTO";"1934.11";"2024";"L";"03/01/2024";"0";"01/01/2024";"31/01/2024";"14"
"UNIDADE DE GESTÃO DE PROMOÇÃO DA SAÚDE";"10";"SAÚDE";"302";"ASSISTÊNCIA HOSPITALAR E AMBULATORIAL";"2024";"336";"";"0";"0";"100012604";"FOLHA DE PAGAMENTO";"45780103000150";"";"0";"PROPRIA";"31901110";"ADICIONAL DE INSALUBRIDADE";"FOLHA DE PAGAMENTO";"5544";"2024";"L";"03/01/2024";"0";"01/01/2024";"31/01/2024";"14"
"UNIDADE DE GESTÃO DE PROMOÇÃO DA SAÚDE";"10";"SAÚDE";"302";"ASSISTÊNCIA HOSPITALAR E AMBULATORIAL";"2024";"337";"";"0";"0";"100012604";"FOLHA DE PAGAMENTO";"45780103000150";"";"0";"PROPRIA";"31901133";"GRATIFICACOES POR EXERCICIO DE  FUNCOES";"FOLHA DE PAGAMENTO";"1564.66";"2024";"L";"03/01/2024";"0";"01/01/2024";"31/01/2024";"14"
"UNIDADE DE GESTÃO DE PROMOÇÃO DA SAÚDE";"10";"SAÚDE";"302";"ASSISTÊNCIA HOSPITALAR E AMBULATORIAL";"2024";"338";"";"0";"0";"100012604";"FOLHA DE PAGAMENTO";"45780103000150";"";"0";"PROPRIA";"31901137";"GRATIFICACOES POR TEMPO DE SERVICO";"FOLHA DE PAGAMENTO";"20207.46";"2024";"L";"03/01/2024";"0";"01/01/2024";"31/01/2024";"14"
"UNIDADE DE GESTÃO DE PROMOÇÃO DA SAÚDE";"10";"SAÚDE";"302";"ASSISTÊNCIA HOSPITALAR E AMBULATORIAL";"2024";"339";"";"0";"0";"100012604";"FOLHA DE PAGAMENTO";"45780103000150";"";"0";"PROPRIA";"31901144";"FÉRIAS - ABONO PECUNIARIO";"FOLHA DE PAGAMENTO";"31092.37";"2024";"L";"03/01/2024";"0";"01/01/2024";"31/01/2024";"14"
"UNIDADE DE GESTÃO DE PROMOÇÃO DA SAÚDE";"10";"SAÚDE";"302";"ASSISTÊNCIA HOSPITALAR E AMBULATORIAL";"2024";"340";"";"0";"0";"100012604";"FOLHA DE PAGAMENTO";"45780103000150";"";"0";"PROPRIA";"31901145";"FÉRIAS - ABONO CONSTITUICOES";"FOLHA DE PAGAMENTO";"67290.61";"2024";"L";"03/01/2024";"0";"01/01/2024";"31/01/2024";"14"
"UNIDADE DE GESTÃO DE PROMOÇÃO DA SAÚDE";"10";"SAÚDE";"302";"ASSISTÊNCIA HOSPITALAR E AMBULATORIAL";"2024";"341";"";"0";"0";"100012604";"FOLHA DE PAGAMENTO";"45780103000150";"";"0";"PROPRIA";"31901146";"FÉRIAS - PAGAMENTO ANTECIPADO - RPPS";"FOLHA DE PAGAMENTO";"130324.53";"2024";"L";"03/01/2024";"0";"01/01/2024";"31/01/2024";"14"
"UNIDADE DE GESTÃO DE PROMOÇÃO DA SAÚDE";"10";"SAÚDE";"302";"ASSISTÊNCIA HOSPITALAR E AMBULATORIAL";"2024";"342";"";"0";"0";"100012604";"FOLHA DE PAGAMENTO";"45780103000150";"";"0";"PROPRIA";"31901644";"SERVIÇOS EXTRAORDINÁRIOS";"FOLHA DE PAGAMENTO";"11258.94";"2024";"L";"03/01/2024";"0";"01/01/2024";"31/01/2024";"14"
"UNIDADE DE GESTÃO DE PROMOÇÃO DA SAÚDE";"10";"SAÚDE";"305";"VIGILÂNCIA EPIDEMIOLÓGICA";"2024";"343";"";"0";"0";"100012604";"FOLHA DE PAGAMENTO";"45780103000150";"";"0";"PROPRIA";"31901110";"ADICIONAL DE INSALUBRIDADE";"FOLHA DE PAGAMENTO";"528";"2024";"L";"03/01/2024";"0";"01/01/2024";"31/01/2024";"14"
"UNIDADE DE GESTÃO DE PROMOÇÃO DA SAÚDE";"10";"SAÚDE";"305";"VIGILÂNCIA EPIDEMIOLÓGICA";"2024";"344";"";"0";"0";"100012604";"FOLHA DE PAGAMENTO";"45780103000150";"";"0";"PROPRIA";"31901110";"ADICIONAL DE INSALUBRIDADE";"FOLHA DE PAGAMENTO";"88";"2024";"L";"03/01/2024";"0";"01/01/2024";"31/01/2024";"14"
"UNIDADE DE GESTÃO DE PROMOÇÃO DA SAÚDE";"10";"SAÚDE";"305";"VIGILÂNCIA EPIDEMIOLÓGICA";"2024";"345";"";"0";"0";"100012604";"FOLHA DE PAGAMENTO";"45780103000150";"";"0";"PROPRIA";"31901137";"GRATIFICACOES POR TEMPO DE SERVICO";"FOLHA DE PAGAMENTO";"1680.4";"2024";"L";"03/01/2024";"0";"01/01/2024";"31/01/2024";"14"
"UNIDADE DE GESTÃO DE PROMOÇÃO DA SAÚDE";"10";"SAÚDE";"305";"VIGILÂNCIA EPIDEMIOLÓGICA";"2024";"346";"";"0";"0";"100012604";"FOLHA DE PAGAMENTO";"45780103000150";"";"0";"PROPRIA";"31901137";"GRATIFICACOES POR TEMPO DE SERVICO";"FOLHA DE PAGAMENTO";"915.41";"2024";"L";"03/01/2024";"0";"01/01/2024";"31/01/2024";"14"
"UNIDADE DE GESTÃO DE PROMOÇÃO DA SAÚDE";"10";"SAÚDE";"305";"VIGILÂNCIA EPIDEMIOLÓGICA";"2024";"347";"";"0";"0";"100012604";"FOLHA DE PAGAMENTO";"45780103000150";"";"0";"PROPRIA";"31901144";"FÉRIAS - ABONO PECUNIARIO";"FOLHA DE PAGAMENTO";"2348.35";"2024";"L";"03/01/2024";"0";"01/01/2024";"31/01/2024";"14"
"UNIDADE DE GESTÃO DE PROMOÇÃO DA SAÚDE";"10";"SAÚDE";"305";"VIGILÂNCIA EPIDEMIOLÓGICA";"2024";"348";"";"0";"0";"100012604";"FOLHA DE PAGAMENTO";"45780103000150";"";"0";"PROPRIA";"31901145";"FÉRIAS - ABONO CONSTITUICOES";"FOLHA DE PAGAMENTO";"1206.29";"2024";"L";"03/01/2024";"0";"01/01/2024";"31/01/2024";"14"
"UNIDADE DE GESTÃO DE PROMOÇÃO DA SAÚDE";"10";"SAÚDE";"305";"VIGILÂNCIA EPIDEMIOLÓGICA";"2024";"349";"";"0";"0";"100012604";"FOLHA DE PAGAMENTO";"45780103000150";"";"0";"PROPRIA";"31901145";"FÉRIAS - ABONO CONSTITUICOES";"FOLHA DE PAGAMENTO";"5675.33";"2024";"L";"03/01/2024";"0";"01/01/2024";"31/01/2024";"14"
"UNIDADE DE GESTÃO DE PROMOÇÃO DA SAÚDE";"10";"SAÚDE";"305";"VIGILÂNCIA EPIDEMIOLÓGICA";"2024";"350";"";"0";"0";"100012604";"FOLHA DE PAGAMENTO";"45780103000150";"";"0";"PROPRIA";"31901146";"FÉRIAS - PAGAMENTO ANTECIPADO - RPPS";"FOLHA DE PAGAMENTO";"12347.51";"2024";"L";"03/01/2024";"0";"01/01/2024";"31/01/2024";"14"
"UNIDADE DE GESTÃO DE PROMOÇÃO DA SAÚDE";"10";"SAÚDE";"305";"VIGILÂNCIA EPIDEMIOLÓGICA";"2024";"351";"";"0";"0";"100012604";"FOLHA DE PAGAMENTO";"45780103000150";"";"0";"PROPRIA";"31901146";"FÉRIAS - PAGAMENTO ANTECIPADO - RPPS";"FOLHA DE PAGAMENTO";"1039.83";"2024";"L";"03/01/2024";"0";"01/01/2024";"31/01/2024";"14"
"UNIDADE DE GESTÃO DE PROMOÇÃO DA SAÚDE";"10";"SAÚDE";"305";"VIGILÂNCIA EPIDEMIOLÓGICA";"2024";"352";"";"0";"0";"100012604";"FOLHA DE PAGAMENTO";"45780103000150";"";"0";"PROPRIA";"31901644";"SERVIÇOS EXTRAORDINÁRIOS";"FOLHA DE PAGAMENTO";"186.48";"2024";"L";"03/01/2024";"0";"01/01/2024";"31/01/2024";"14"
"UNIDADE DE GESTÃO DE PROMOÇÃO DA SAÚDE";"10";"SAÚDE";"304";"VIGILÂNCIA SANITÁRIA";"2024";"353";"";"0";"0";"100012604";"FOLHA DE PAGAMENTO";"45780103000150";"";"0";"PROPRIA";"31901110";"ADICIONAL DE INSALUBRIDADE";"FOLHA DE PAGAMENTO";"896.44";"2024";"L";"03/01/2024";"0";"01/01/2024";"31/01/2024";"14"
"UNIDADE DE GESTÃO DE PROMOÇÃO DA SAÚDE";"10";"SAÚDE";"304";"VIGILÂNCIA SANITÁRIA";"2024";"354";"";"0";"0";"100012604";"FOLHA DE PAGAMENTO";"45780103000150";"";"0";"PROPRIA";"31901133";"GRATIFICACOES POR EXERCICIO DE  FUNCOES";"FOLHA DE PAGAMENTO";"3566.94";"2024";"L";"03/01/2024";"0";"01/01/2024";"31/01/2024";"14"
"UNIDADE DE GESTÃO DE PROMOÇÃO DA SAÚDE";"10";"SAÚDE";"304";"VIGILÂNCIA SANITÁRIA";"2024";"355";"";"0";"0";"100012604";"FOLHA DE PAGAMENTO";"45780103000150";"";"0";"PROPRIA";"31901137";"GRATIFICACOES POR TEMPO DE SERVICO";"FOLHA DE PAGAMENTO";"5203.66";"2024";"L";"03/01/2024";"0";"01/01/2024";"31/01/2024";"14"
"UNIDADE DE GESTÃO DE PROMOÇÃO DA SAÚDE";"10";"SAÚDE";"304";"VIGILÂNCIA SANITÁRIA";"2024";"356";"";"0";"0";"100012604";"FOLHA DE PAGAMENTO";"45780103000150";"";"0";"PROPRIA";"31901144";"FÉRIAS - ABONO PECUNIARIO";"FOLHA DE PAGAMENTO";"10585.52";"2024";"L";"03/01/2024";"0";"01/01/2024";"31/01/2024";"14"
"UNIDADE DE GESTÃO DE PROMOÇÃO DA SAÚDE";"10";"SAÚDE";"304";"VIGILÂNCIA SANITÁRIA";"2024";"357";"";"0";"0";"100012604";"FOLHA DE PAGAMENTO";"45780103000150";"";"0";"PROPRIA";"31901145";"FÉRIAS - ABONO CONSTITUICOES";"FOLHA DE PAGAMENTO";"14240.36";"2024";"L";"03/01/2024";"0";"01/01/2024";"31/01/2024";"14"
"UNIDADE DE GESTÃO DE PROMOÇÃO DA SAÚDE";"10";"SAÚDE";"304";"VIGILÂNCIA SANITÁRIA";"2024";"358";"";"0";"0";"100012604";"FOLHA DE PAGAMENTO";"45780103000150";"";"0";"PROPRIA";"31901146";"FÉRIAS - PAGAMENTO ANTECIPADO - RPPS";"FOLHA DE PAGAMENTO";"23600.33";"2024";"L";"03/01/2024";"0";"01/01/2024";"31/01/2024";"14"
"UNIDADE DE GESTÃO DE PROMOÇÃO DA SAÚDE";"10";"SAÚDE";"304";"VIGILÂNCIA SANITÁRIA";"2024";"359";"";"0";"0";"100012604";"FOLHA DE PAGAMENTO";"45780103000150";"";"0";"PROPRIA";"31901644";"SERVIÇOS EXTRAORDINÁRIOS";"FOLHA DE PAGAMENTO";"3299.18";"2024";"L";"03/01/2024";"0";"01/01/2024";"31/01/2024";"14"
"UNIDADE DE GESTÃO DE PROMOÇÃO DA SAÚDE";"10";"SAÚDE";"303";"SUPORTE PROFILÁTICO E TERAPÊUTICO";"2024";"360";"";"0";"0";"100012604";"FOLHA DE PAGAMENTO";"45780103000150";"";"0";"PROPRIA";"31901110";"ADICIONAL DE INSALUBRIDADE";"FOLHA DE PAGAMENTO";"616";"2024";"L";"03/01/2024";"0";"01/01/2024";"31/01/2024";"14"
"UNIDADE DE GESTÃO DE PROMOÇÃO DA SAÚDE";"10";"SAÚDE";"303";"SUPORTE PROFILÁTICO E TERAPÊUTICO";"2024";"361";"";"0";"0";"100012604";"FOLHA DE PAGAMENTO";"45780103000150";"";"0";"PROPRIA";"31901133";"GRATIFICACOES POR EXERCICIO DE  FUNCOES";"FOLHA DE PAGAMENTO";"894.09";"2024";"L";"03/01/2024";"0";"01/01/2024";"31/01/2024";"14"
"UNIDADE DE GESTÃO DE PROMOÇÃO DA SAÚDE";"10";"SAÚDE";"303";"SUPORTE PROFILÁTICO E TERAPÊUTICO";"2024";"362";"";"0";"0";"100012604";"FOLHA DE PAGAMENTO";"45780103000150";"";"0";"PROPRIA";"31901137";"GRATIFICACOES POR TEMPO DE SERVICO";"FOLHA DE PAGAMENTO";"1935.42";"2024";"L";"03/01/2024";"0";"01/01/2024";"31/01/2024";"14"
"UNIDADE DE GESTÃO DE PROMOÇÃO DA SAÚDE";"10";"SAÚDE";"303";"SUPORTE PROFILÁTICO E TERAPÊUTICO";"2024";"363";"";"0";"0";"100012604";"FOLHA DE PAGAMENTO";"45780103000150";"";"0";"PROPRIA";"31901144";"FÉRIAS - ABONO PECUNIARIO";"FOLHA DE PAGAMENTO";"1688.2";"2024";"L";"03/01/2024";"0";"01/01/2024";"31/01/2024";"14"
"UNIDADE DE GESTÃO DE PROMOÇÃO DA SAÚDE";"10";"SAÚDE";"303";"SUPORTE PROFILÁTICO E TERAPÊUTICO";"2024";"364";"";"0";"0";"100012604";"FOLHA DE PAGAMENTO";"45780103000150";"";"0";"PROPRIA";"31901145";"FÉRIAS - ABONO CONSTITUICOES";"FOLHA DE PAGAMENTO";"9467.23";"2024";"L";"03/01/2024";"0";"01/01/2024";"31/01/2024";"14"
"UNIDADE DE GESTÃO DE PROMOÇÃO DA SAÚDE";"10";"SAÚDE";"303";"SUPORTE PROFILÁTICO E TERAPÊUTICO";"2024";"365";"";"0";"0";"100012604";"FOLHA DE PAGAMENTO";"45780103000150";"";"0";"PROPRIA";"31901146";"FÉRIAS - PAGAMENTO ANTECIPADO - RPPS";"FOLHA DE PAGAMENTO";"20515.49";"2024";"L";"03/01/2024";"0";"01/01/2024";"31/01/2024";"14"
"UNIDADE DE GESTÃO DE PROMOÇÃO DA SAÚDE";"10";"SAÚDE";"303";"SUPORTE PROFILÁTICO E TERAPÊUTICO";"2024";"366";"";"0";"0";"100012604";"FOLHA DE PAGAMENTO";"45780103000150";"";"0";"PROPRIA";"31901644";"SERVIÇOS EXTRAORDINÁRIOS";"FOLHA DE PAGAMENTO";"394.56";"2024";"L";"03/01/2024";"0";"01/01/2024";"31/01/2024";"14"
"UNIDADE GESTÃO DE ASSISTÊNCIA E DESENVOLV. SOCIAL";"8";"ASSISTÊNCIA SOCIAL";"244";"ASSISTÊNCIA COMUNITÁRIA";"2024";"367";"";"0";"0";"100012604";"FOLHA DE PAGAMENTO";"45780103000150";"";"0";"PROPRIA";"31901133";"GRATIFICACOES POR EXERCICIO DE  FUNCOES";"FOLHA DE PAGAMENTO";"894.09";"2024";"L";"03/01/2024";"0";"01/01/2024";"31/01/2024";"15"
"UNIDADE GESTÃO DE ASSISTÊNCIA E DESENVOLV. SOCIAL";"8";"ASSISTÊNCIA SOCIAL";"244";"ASSISTÊNCIA COMUNITÁRIA";"2024";"368";"";"0";"0";"100012604";"FOLHA DE PAGAMENTO";"45780103000150";"";"0";"PROPRIA";"31901137";"GRATIFICACOES POR TEMPO DE SERVICO";"FOLHA DE PAGAMENTO";"2975.03";"2024";"L";"03/01/2024";"0";"01/01/2024";"31/01/2024";"15"
"UNIDADE GESTÃO DE ASSISTÊNCIA E DESENVOLV. SOCIAL";"8";"ASSISTÊNCIA SOCIAL";"244";"ASSISTÊNCIA COMUNITÁRIA";"2024";"369";"";"0";"0";"100012604";"FOLHA DE PAGAMENTO";"45780103000150";"";"0";"PROPRIA";"31901144";"FÉRIAS - ABONO PECUNIARIO";"FOLHA DE PAGAMENTO";"2300.64";"2024";"L";"03/01/2024";"0";"01/01/2024";"31/01/2024";"15"
"UNIDADE GESTÃO DE ASSISTÊNCIA E DESENVOLV. SOCIAL";"8";"ASSISTÊNCIA SOCIAL";"244";"ASSISTÊNCIA COMUNITÁRIA";"2024";"370";"";"0";"0";"100012604";"FOLHA DE PAGAMENTO";"45780103000150";"";"0";"PROPRIA";"31901145";"FÉRIAS - ABONO CONSTITUICOES";"FOLHA DE PAGAMENTO";"13137.49";"2024";"L";"03/01/2024";"0";"01/01/2024";"31/01/2024";"15"
"UNIDADE GESTÃO DE ASSISTÊNCIA E DESENVOLV. SOCIAL";"8";"ASSISTÊNCIA SOCIAL";"244";"ASSISTÊNCIA COMUNITÁRIA";"2024";"371";"";"0";"0";"100012604";"FOLHA DE PAGAMENTO";"45780103000150";"";"0";"PROPRIA";"31901146";"FÉRIAS - PAGAMENTO ANTECIPADO - RPPS";"FOLHA DE PAGAMENTO";"27358.4";"2024";"L";"03/01/2024";"0";"01/01/2024";"31/01/2024";"15"
"UNIDADE GESTÃO DE ASSISTÊNCIA E DESENVOLV. SOCIAL";"8";"ASSISTÊNCIA SOCIAL";"244";"ASSISTÊNCIA COMUNITÁRIA";"2024";"372";"";"0";"0";"100012604";"FOLHA DE PAGAMENTO";"45780103000150";"";"0";"PROPRIA";"31901644";"SERVIÇOS EXTRAORDINÁRIOS";"FOLHA DE PAGAMENTO";"1519.24";"2024";"L";"03/01/2024";"0";"01/01/2024";"31/01/2024";"15"
"UNIDADE GESTÃO DE ASSISTÊNCIA E DESENVOLV. SOCIAL";"8";"ASSISTÊNCIA SOCIAL";"244";"ASSISTÊNCIA COMUNITÁRIA";"2024";"373";"";"0";"0";"100012604";"FOLHA DE PAGAMENTO";"45780103000150";"";"0";"PROPRIA";"31901133";"GRATIFICACOES POR EXERCICIO DE  FUNCOES";"FOLHA DE PAGAMENTO";"357.64";"2024";"L";"03/01/2024";"0";"01/01/2024";"31/01/2024";"15"
"UNIDADE GESTÃO DE ASSISTÊNCIA E DESENVOLV. SOCIAL";"8";"ASSISTÊNCIA SOCIAL";"244";"ASSISTÊNCIA COMUNITÁRIA";"2024";"374";"";"0";"0";"100012604";"FOLHA DE PAGAMENTO";"45780103000150";"";"0";"PROPRIA";"31901137";"GRATIFICACOES POR TEMPO DE SERVICO";"FOLHA DE PAGAMENTO";"488.08";"2024";"L";"03/01/2024";"0";"01/01/2024";"31/01/2024";"15"
"UNIDADE GESTÃO DE ASSISTÊNCIA E DESENVOLV. SOCIAL";"8";"ASSISTÊNCIA SOCIAL";"244";"ASSISTÊNCIA COMUNITÁRIA";"2024";"375";"";"0";"0";"100012604";"FOLHA DE PAGAMENTO";"45780103000150";"";"0";"PROPRIA";"31901144";"FÉRIAS - ABONO PECUNIARIO";"FOLHA DE PAGAMENTO";"6189.13";"2024";"L";"03/01/2024";"0";"01/01/2024";"31/01/2024";"15"
"UNIDADE GESTÃO DE ASSISTÊNCIA E DESENVOLV. SOCIAL";"8";"ASSISTÊNCIA SOCIAL";"244";"ASSISTÊNCIA COMUNITÁRIA";"2024";"376";"";"0";"0";"100012604";"FOLHA DE PAGAMENTO";"45780103000150";"";"0";"PROPRIA";"31901145";"FÉRIAS - ABONO CONSTITUICOES";"FOLHA DE PAGAMENTO";"1547.28";"2024";"L";"03/01/2024";"0";"01/01/2024";"31/01/2024";"15"
"UNIDADE GESTÃO DE ASSISTÊNCIA E DESENVOLV. SOCIAL";"8";"ASSISTÊNCIA SOCIAL";"244";"ASSISTÊNCIA COMUNITÁRIA";"2024";"377";"";"0";"0";"100012604";"FOLHA DE PAGAMENTO";"45780103000150";"";"0";"PROPRIA";"31901145";"FÉRIAS - ABONO CONSTITUICOES";"FOLHA DE PAGAMENTO";"4423.7";"2024";"L";"03/01/2024";"0";"01/01/2024";"31/01/2024";"15"
"UNIDADE GESTÃO DE ASSISTÊNCIA E DESENVOLV. SOCIAL";"8";"ASSISTÊNCIA SOCIAL";"244";"ASSISTÊNCIA COMUNITÁRIA";"2024";"378";"";"0";"0";"100012604";"FOLHA DE PAGAMENTO";"45780103000150";"";"0";"PROPRIA";"31901146";"FÉRIAS - PAGAMENTO ANTECIPADO - RPPS";"FOLHA DE PAGAMENTO";"3949.47";"2024";"L";"03/01/2024";"0";"01/01/2024";"31/01/2024";"15"
"UNIDADE GESTÃO DE ASSISTÊNCIA E DESENVOLV. SOCIAL";"8";"ASSISTÊNCIA SOCIAL";"244";"ASSISTÊNCIA COMUNITÁRIA";"2024";"379";"";"0";"0";"100012604";"FOLHA DE PAGAMENTO";"45780103000150";"";"0";"PROPRIA";"31901146";"FÉRIAS - PAGAMENTO ANTECIPADO - RPPS";"FOLHA DE PAGAMENTO";"7185.75";"2024";"L";"03/01/2024";"0";"01/01/2024";"31/01/2024";"15"
"UNIDADE GESTÃO DE ASSISTÊNCIA E DESENVOLV. SOCIAL";"8";"ASSISTÊNCIA SOCIAL";"244";"ASSISTÊNCIA COMUNITÁRIA";"2024";"380";"";"0";"0";"100012604";"FOLHA DE PAGAMENTO";"45780103000150";"";"0";"PROPRIA";"31901644";"SERVIÇOS EXTRAORDINÁRIOS";"FOLHA DE PAGAMENTO";"1300.36";"2024";"L";"03/01/2024";"0";"01/01/2024";"31/01/2024";"15"
"UNIDADE GESTÃO DE ASSISTÊNCIA E DESENVOLV. SOCIAL";"8";"ASSISTÊNCIA SOCIAL";"244";"ASSISTÊNCIA COMUNITÁRIA";"2024";"381";"";"0";"0";"100012604";"FOLHA DE PAGAMENTO";"45780103000150";"";"0";"PROPRIA";"31901133";"GRATIFICACOES POR EXERCICIO DE  FUNCOES";"FOLHA DE PAGAMENTO";"1564.66";"2024";"L";"03/01/2024";"0";"01/01/2024";"31/01/2024";"15"
"UNIDADE GESTÃO DE ASSISTÊNCIA E DESENVOLV. SOCIAL";"8";"ASSISTÊNCIA SOCIAL";"244";"ASSISTÊNCIA COMUNITÁRIA";"2024";"382";"";"0";"0";"100012604";"FOLHA DE PAGAMENTO";"45780103000150";"";"0";"PROPRIA";"31901137";"GRATIFICACOES POR TEMPO DE SERVICO";"FOLHA DE PAGAMENTO";"1967.57";"2024";"L";"03/01/2024";"0";"01/01/2024";"31/01/2024";"15"
"UNIDADE GESTÃO DE ASSISTÊNCIA E DESENVOLV. SOCIAL";"8";"ASSISTÊNCIA SOCIAL";"244";"ASSISTÊNCIA COMUNITÁRIA";"2024";"383";"";"0";"0";"100012604";"FOLHA DE PAGAMENTO";"45780103000150";"";"0";"PROPRIA";"31901145";"FÉRIAS - ABONO CONSTITUICOES";"FOLHA DE PAGAMENTO";"9998.3";"2024";"L";"03/01/2024";"0";"01/01/2024";"31/01/2024";"15"
"UNIDADE GESTÃO DE ASSISTÊNCIA E DESENVOLV. SOCIAL";"8";"ASSISTÊNCIA SOCIAL";"244";"ASSISTÊNCIA COMUNITÁRIA";"2024";"384";"";"0";"0";"100012604";"FOLHA DE PAGAMENTO";"45780103000150";"";"0";"PROPRIA";"31901146";"FÉRIAS - PAGAMENTO ANTECIPADO - RPPS";"FOLHA DE PAGAMENTO";"20469.63";"2024";"L";"03/01/2024";"0";"01/01/2024";"31/01/2024";"15"
"UNIDADE GESTÃO DE ASSISTÊNCIA E DESENVOLV. SOCIAL";"8";"ASSISTÊNCIA SOCIAL";"244";"ASSISTÊNCIA COMUNITÁRIA";"2024";"385";"";"0";"0";"100012604";"FOLHA DE PAGAMENTO";"45780103000150";"";"0";"PROPRIA";"31901644";"SERVIÇOS EXTRAORDINÁRIOS";"FOLHA DE PAGAMENTO";"695.44";"2024";"L";"03/01/2024";"0";"01/01/2024";"31/01/2024";"15"
"UNIDADE GESTÃO DE AGRONEGÓCIO. ABASTEC. E TURISMO";"20";"AGRICULTURA";"122";"ADMINISTRAÇÃO GERAL";"2024";"386";"";"0";"0";"100012604";"FOLHA DE PAGAMENTO";"45780103000150";"";"0";"PROPRIA";"31901104";"ADICIONAL NOTURNO";"FOLHA DE PAGAMENTO";"0.51";"2024";"L";"03/01/2024";"0";"01/01/2024";"31/01/2024";"17"
"UNIDADE GESTÃO DE AGRONEGÓCIO. ABASTEC. E TURISMO";"20";"AGRICULTURA";"122";"ADMINISTRAÇÃO GERAL";"2024";"387";"";"0";"0";"100012604";"FOLHA DE PAGAMENTO";"45780103000150";"";"0";"PROPRIA";"31901133";"GRATIFICACOES POR EXERCICIO DE  FUNCOES";"FOLHA DE PAGAMENTO";"2787.36";"2024";"L";"03/01/2024";"0";"01/01/2024";"31/01/2024";"17"
"UNIDADE GESTÃO DE AGRONEGÓCIO. ABASTEC. E TURISMO";"20";"AGRICULTURA";"122";"ADMINISTRAÇÃO GERAL";"2024";"388";"";"0";"0";"100012604";"FOLHA DE PAGAMENTO";"45780103000150";"";"0";"PROPRIA";"31901137";"GRATIFICACOES POR TEMPO DE SERVICO";"FOLHA DE PAGAMENTO";"929.12";"2024";"L";"03/01/2024";"0";"01/01/2024";"31/01/2024";"17"
"UNIDADE GESTÃO DE AGRONEGÓCIO. ABASTEC. E TURISMO";"20";"AGRICULTURA";"122";"ADMINISTRAÇÃO GERAL";"2024";"389";"";"0";"0";"100012604";"FOLHA DE PAGAMENTO";"45780103000150";"";"0";"PROPRIA";"31901145";"FÉRIAS - ABONO CONSTITUICOES";"FOLHA DE PAGAMENTO";"4700.94";"2024";"L";"03/01/2024";"0";"01/01/2024";"31/01/2024";"17"
"UNIDADE GESTÃO DE AGRONEGÓCIO. ABASTEC. E TURISMO";"20";"AGRICULTURA";"122";"ADMINISTRAÇÃO GERAL";"2024";"390";"";"0";"0";"100012604";"FOLHA DE PAGAMENTO";"45780103000150";"";"0";"PROPRIA";"31901146";"FÉRIAS - PAGAMENTO ANTECIPADO - RPPS";"FOLHA DE PAGAMENTO";"7835.24";"2024";"L";"03/01/2024";"0";"01/01/2024";"31/01/2024";"17"
"UNIDADE GESTÃO DE AGRONEGÓCIO. ABASTEC. E TURISMO";"20";"AGRICULTURA";"122";"ADMINISTRAÇÃO GERAL";"2024";"391";"";"0";"0";"100012604";"FOLHA DE PAGAMENTO";"45780103000150";"";"0";"PROPRIA";"31901644";"SERVIÇOS EXTRAORDINÁRIOS";"FOLHA DE PAGAMENTO";"1094.6";"2024";"L";"03/01/2024";"0";"01/01/2024";"31/01/2024";"17"
"UNIDADE DE GESTÃO DE SEGURANÇA MUNICIPAL";"6";"SEGURANÇA PÚBLICA";"122";"ADMINISTRAÇÃO GERAL";"2024";"392";"";"0";"0";"100012604";"FOLHA DE PAGAMENTO";"45780103000150";"";"0";"PROPRIA";"31901104";"ADICIONAL NOTURNO";"FOLHA DE PAGAMENTO";"6371.28";"2024";"L";"03/01/2024";"0";"01/01/2024";"31/01/2024";"19"
"UNIDADE DE GESTÃO DE SEGURANÇA MUNICIPAL";"6";"SEGURANÇA PÚBLICA";"122";"ADMINISTRAÇÃO GERAL";"2024";"393";"";"0";"0";"100012604";"FOLHA DE PAGAMENTO";"45780103000150";"";"0";"PROPRIA";"31901110";"ADICIONAL DE INSALUBRIDADE";"FOLHA DE PAGAMENTO";"264";"2024";"L";"03/01/2024";"0";"01/01/2024";"31/01/2024";"19"
"UNIDADE DE GESTÃO DE SEGURANÇA MUNICIPAL";"6";"SEGURANÇA PÚBLICA";"122";"ADMINISTRAÇÃO GERAL";"2024";"394";"";"0";"0";"100012604";"FOLHA DE PAGAMENTO";"45780103000150";"";"0";"PROPRIA";"31901133";"GRATIFICACOES POR EXERCICIO DE  FUNCOES";"FOLHA DE PAGAMENTO";"57207.02";"2024";"L";"03/01/2024";"0";"01/01/2024";"31/01/2024";"19"
"UNIDADE DE GESTÃO DE SEGURANÇA MUNICIPAL";"6";"SEGURANÇA PÚBLICA";"122";"ADMINISTRAÇÃO GERAL";"2024";"395";"";"0";"0";"100012604";"FOLHA DE PAGAMENTO";"45780103000150";"";"0";"PROPRIA";"31901137";"GRATIFICACOES POR TEMPO DE SERVICO";"FOLHA DE PAGAMENTO";"25178.57";"2024";"L";"03/01/2024";"0";"01/01/2024";"31/01/2024";"19"
"UNIDADE DE GESTÃO DE SEGURANÇA MUNICIPAL";"6";"SEGURANÇA PÚBLICA";"122";"ADMINISTRAÇÃO GERAL";"2024";"396";"";"0";"0";"100012604";"FOLHA DE PAGAMENTO";"45780103000150";"";"0";"PROPRIA";"31901137";"GRATIFICACOES POR TEMPO DE SERVICO";"FOLHA DE PAGAMENTO";"2157.91";"2024";"L";"03/01/2024";"0";"01/01/2024";"31/01/2024";"19"
"UNIDADE DE GESTÃO DE SEGURANÇA MUNICIPAL";"6";"SEGURANÇA PÚBLICA";"122";"ADMINISTRAÇÃO GERAL";"2024";"397";"";"0";"0";"100012604";"FOLHA DE PAGAMENTO";"45780103000150";"";"0";"PROPRIA";"31901144";"FÉRIAS - ABONO PECUNIARIO";"FOLHA DE PAGAMENTO";"118930.67";"2024";"L";"03/01/2024";"0";"01/01/2024";"31/01/2024";"19"
"UNIDADE DE GESTÃO DE SEGURANÇA MUNICIPAL";"6";"SEGURANÇA PÚBLICA";"122";"ADMINISTRAÇÃO GERAL";"2024";"398";"";"0";"0";"100012604";"FOLHA DE PAGAMENTO";"45780103000150";"";"0";"PROPRIA";"31901144";"FÉRIAS - ABONO PECUNIARIO";"FOLHA DE PAGAMENTO";"5548.92";"2024";"L";"03/01/2024";"0";"01/01/2024";"31/01/2024";"19"
"UNIDADE DE GESTÃO DE SEGURANÇA MUNICIPAL";"6";"SEGURANÇA PÚBLICA";"122";"ADMINISTRAÇÃO GERAL";"2024";"399";"";"0";"0";"100012604";"FOLHA DE PAGAMENTO";"45780103000150";"";"0";"PROPRIA";"31901145";"FÉRIAS - ABONO CONSTITUICOES";"FOLHA DE PAGAMENTO";"109880.93";"2024";"L";"03/01/2024";"0";"01/01/2024";"31/01/2024";"19"
"UNIDADE DE GESTÃO DE SEGURANÇA MUNICIPAL";"6";"SEGURANÇA PÚBLICA";"122";"ADMINISTRAÇÃO GERAL";"2024";"400";"";"0";"0";"100012604";"FOLHA DE PAGAMENTO";"45780103000150";"";"0";"PROPRIA";"31901145";"FÉRIAS - ABONO CONSTITUICOES";"FOLHA DE PAGAMENTO";"2774.45";"2024";"L";"03/01/2024";"0";"01/01/2024";"31/01/2024";"19"
"UNIDADE DE GESTÃO DE SEGURANÇA MUNICIPAL";"6";"SEGURANÇA PÚBLICA";"122";"ADMINISTRAÇÃO GERAL";"2024";"401";"";"0";"0";"100012604";"FOLHA DE PAGAMENTO";"45780103000150";"";"0";"PROPRIA";"31901146";"FÉRIAS - PAGAMENTO ANTECIPADO - RPPS";"FOLHA DE PAGAMENTO";"5288.5";"2024";"L";"03/01/2024";"0";"01/01/2024";"31/01/2024";"19"
"UNIDADE DE GESTÃO DE SEGURANÇA MUNICIPAL";"6";"SEGURANÇA PÚBLICA";"122";"ADMINISTRAÇÃO GERAL";"2024";"402";"";"0";"0";"100012604";"FOLHA DE PAGAMENTO";"45780103000150";"";"0";"PROPRIA";"31901146";"FÉRIAS - PAGAMENTO ANTECIPADO - RPPS";"FOLHA DE PAGAMENTO";"127889.1";"2024";"L";"03/01/2024";"0";"01/01/2024";"31/01/2024";"19"
"UNIDADE DE GESTÃO DE SEGURANÇA MUNICIPAL";"6";"SEGURANÇA PÚBLICA";"122";"ADMINISTRAÇÃO GERAL";"2024";"403";"";"0";"0";"100012604";"FOLHA DE PAGAMENTO";"45780103000150";"";"0";"PROPRIA";"31901644";"SERVIÇOS EXTRAORDINÁRIOS";"FOLHA DE PAGAMENTO";"43993.91";"2024";"L";"03/01/2024";"0";"01/01/2024";"31/01/2024";"19"
"UNIDADE DE GESTÃO DE CULTURA";"13";"CULTURA";"122";"ADMINISTRAÇÃO GERAL";"2024";"404";"";"0";"0";"100012604";"FOLHA DE PAGAMENTO";"45780103000150";"";"0";"PROPRIA";"31901104";"ADICIONAL NOTURNO";"FOLHA DE PAGAMENTO";"131.94";"2024";"L";"03/01/2024";"0";"01/01/2024";"31/01/2024";"22"
"UNIDADE DE GESTÃO DE CULTURA";"13";"CULTURA";"122";"ADMINISTRAÇÃO GERAL";"2024";"405";"";"0";"0";"100012604";"FOLHA DE PAGAMENTO";"45780103000150";"";"0";"PROPRIA";"31901107";"ABONO DE PERMANENCIA";"FOLHA DE PAGAMENTO";"757.49";"2024";"L";"03/01/2024";"0";"01/01/2024";"31/01/2024";"22"
"UNIDADE DE GESTÃO DE CULTURA";"13";"CULTURA";"122";"ADMINISTRAÇÃO GERAL";"2024";"406";"";"0";"0";"100012604";"FOLHA DE PAGAMENTO";"45780103000150";"";"0";"PROPRIA";"31901109";"ADICIONAL DE PERICULOSIDADE";"FOLHA DE PAGAMENTO";"2396.55";"2024";"L";"03/01/2024";"0";"01/01/2024";"31/01/2024";"22"
"UNIDADE DE GESTÃO DE CULTURA";"13";"CULTURA";"122";"ADMINISTRAÇÃO GERAL";"2024";"407";"";"0";"0";"100012604";"FOLHA DE PAGAMENTO";"45780103000150";"";"0";"PROPRIA";"31901110";"ADICIONAL DE INSALUBRIDADE";"FOLHA DE PAGAMENTO";"352";"2024";"L";"03/01/2024";"0";"01/01/2024";"31/01/2024";"22"
"UNIDADE DE GESTÃO DE CULTURA";"13";"CULTURA";"122";"ADMINISTRAÇÃO GERAL";"2024";"408";"";"0";"0";"100012604";"FOLHA DE PAGAMENTO";"45780103000150";"";"0";"PROPRIA";"31901133";"GRATIFICACOES POR EXERCICIO DE  FUNCOES";"FOLHA DE PAGAMENTO";"357.64";"2024";"L";"03/01/2024";"0";"01/01/2024";"31/01/2024";"22"
"UNIDADE DE GESTÃO DE CULTURA";"13";"CULTURA";"122";"ADMINISTRAÇÃO GERAL";"2024";"409";"";"0";"0";"100012604";"FOLHA DE PAGAMENTO";"45780103000150";"";"0";"PROPRIA";"31901137";"GRATIFICACOES POR TEMPO DE SERVICO";"FOLHA DE PAGAMENTO";"6197.54";"2024";"L";"03/01/2024";"0";"01/01/2024";"31/01/2024";"22"
"UNIDADE DE GESTÃO DE CULTURA";"13";"CULTURA";"122";"ADMINISTRAÇÃO GERAL";"2024";"410";"";"0";"0";"100012604";"FOLHA DE PAGAMENTO";"45780103000150";"";"0";"PROPRIA";"31901144";"FÉRIAS - ABONO PECUNIARIO";"FOLHA DE PAGAMENTO";"3346.17";"2024";"L";"03/01/2024";"0";"01/01/2024";"31/01/2024";"22"
"UNIDADE DE GESTÃO DE CULTURA";"13";"CULTURA";"122";"ADMINISTRAÇÃO GERAL";"2024";"411";"";"0";"0";"100012604";"FOLHA DE PAGAMENTO";"45780103000150";"";"0";"PROPRIA";"31901144";"FÉRIAS - ABONO PECUNIARIO";"FOLHA DE PAGAMENTO";"5181.72";"2024";"L";"03/01/2024";"0";"01/01/2024";"31/01/2024";"22"
"UNIDADE DE GESTÃO DE CULTURA";"13";"CULTURA";"122";"ADMINISTRAÇÃO GERAL";"2024";"412";"";"0";"0";"100012604";"FOLHA DE PAGAMENTO";"45780103000150";"";"0";"PROPRIA";"31901145";"FÉRIAS - ABONO CONSTITUICOES";"FOLHA DE PAGAMENTO";"13274.8";"2024";"L";"03/01/2024";"0";"01/01/2024";"31/01/2024";"22"
"UNIDADE DE GESTÃO DE CULTURA";"13";"CULTURA";"122";"ADMINISTRAÇÃO GERAL";"2024";"413";"";"0";"0";"100012604";"FOLHA DE PAGAMENTO";"45780103000150";"";"0";"PROPRIA";"31901145";"FÉRIAS - ABONO CONSTITUICOES";"FOLHA DE PAGAMENTO";"836.54";"2024";"L";"03/01/2024";"0";"01/01/2024";"31/01/2024";"22"
"UNIDADE DE GESTÃO DE CULTURA";"13";"CULTURA";"122";"ADMINISTRAÇÃO GERAL";"2024";"414";"";"0";"0";"100012604";"FOLHA DE PAGAMENTO";"45780103000150";"";"0";"PROPRIA";"31901146";"FÉRIAS - PAGAMENTO ANTECIPADO - RPPS";"FOLHA DE PAGAMENTO";"15982.72";"2024";"L";"03/01/2024";"0";"01/01/2024";"31/01/2024";"22"
"UNIDADE DE GESTÃO DE CULTURA";"13";"CULTURA";"122";"ADMINISTRAÇÃO GERAL";"2024";"415";"";"0";"0";"100012604";"FOLHA DE PAGAMENTO";"45780103000150";"";"0";"PROPRIA";"31901146";"FÉRIAS - PAGAMENTO ANTECIPADO - RPPS";"FOLHA DE PAGAMENTO";"2205.04";"2024";"L";"03/01/2024";"0";"01/01/2024";"31/01/2024";"22"
"UNIDADE DE GESTÃO DE CULTURA";"13";"CULTURA";"122";"ADMINISTRAÇÃO GERAL";"2024";"416";"";"0";"0";"100012604";"FOLHA DE PAGAMENTO";"45780103000150";"";"0";"PROPRIA";"31901644";"SERVIÇOS EXTRAORDINÁRIOS";"FOLHA DE PAGAMENTO";"4813.01";"2024";"L";"03/01/2024";"0";"01/01/2024";"31/01/2024";"22"
"UNIDADE DE GESTÃO DE ESPORTE E LAZER";"27";"DESPORTO E LAZER";"812";"DESPORTO COMUNITÁRIO";"2024";"417";"";"0";"0";"100012604";"FOLHA DE PAGAMENTO";"45780103000150";"";"0";"PROPRIA";"31901104";"ADICIONAL NOTURNO";"FOLHA DE PAGAMENTO";"647.66";"2024";"L";"03/01/2024";"0";"01/01/2024";"31/01/2024";"23"
"UNIDADE DE GESTÃO DE ESPORTE E LAZER";"27";"DESPORTO E LAZER";"812";"DESPORTO COMUNITÁRIO";"2024";"418";"";"0";"0";"100012604";"FOLHA DE PAGAMENTO";"45780103000150";"";"0";"PROPRIA";"31901107";"ABONO DE PERMANENCIA";"FOLHA DE PAGAMENTO";"1372.33";"2024";"L";"03/01/2024";"0";"01/01/2024";"31/01/2024";"23"
"UNIDADE DE GESTÃO DE ESPORTE E LAZER";"27";"DESPORTO E LAZER";"812";"DESPORTO COMUNITÁRIO";"2024";"419";"";"0";"0";"100012604";"FOLHA DE PAGAMENTO";"45780103000150";"";"0";"PROPRIA";"31901110";"ADICIONAL DE INSALUBRIDADE";"FOLHA DE PAGAMENTO";"1672";"2024";"L";"03/01/2024";"0";"01/01/2024";"31/01/2024";"23"
"UNIDADE DE GESTÃO DE ESPORTE E LAZER";"27";"DESPORTO E LAZER";"812";"DESPORTO COMUNITÁRIO";"2024";"420";"";"0";"0";"100012604";"FOLHA DE PAGAMENTO";"45780103000150";"";"0";"PROPRIA";"31901131";"GRATIFICACOES POR EXERCICIO DE  CARGO";"FOLHA DE PAGAMENTO";"5570.22";"2024";"L";"03/01/2024";"0";"01/01/2024";"31/01/2024";"23"
"UNIDADE DE GESTÃO DE ESPORTE E LAZER";"27";"DESPORTO E LAZER";"812";"DESPORTO COMUNITÁRIO";"2024";"421";"";"0";"0";"100012604";"FOLHA DE PAGAMENTO";"45780103000150";"";"0";"PROPRIA";"31901131";"GRATIFICACOES POR EXERCICIO DE  CARGO";"FOLHA DE PAGAMENTO";"5149.87";"2024";"L";"03/01/2024";"0";"01/01/2024";"31/01/2024";"23"
"UNIDADE DE GESTÃO DE ESPORTE E LAZER";"27";"DESPORTO E LAZER";"812";"DESPORTO COMUNITÁRIO";"2024";"422";"";"0";"0";"100012604";"FOLHA DE PAGAMENTO";"45780103000150";"";"0";"PROPRIA";"31901133";"GRATIFICACOES POR EXERCICIO DE  FUNCOES";"FOLHA DE PAGAMENTO";"5901.04";"2024";"L";"03/01/2024";"0";"01/01/2024";"31/01/2024";"23"
"UNIDADE DE GESTÃO DE ESPORTE E LAZER";"27";"DESPORTO E LAZER";"812";"DESPORTO COMUNITÁRIO";"2024";"423";"";"0";"0";"100012604";"FOLHA DE PAGAMENTO";"45780103000150";"";"0";"PROPRIA";"31901137";"GRATIFICACOES POR TEMPO DE SERVICO";"FOLHA DE PAGAMENTO";"58296.59";"2024";"L";"03/01/2024";"0";"01/01/2024";"31/01/2024";"23"
"UNIDADE DE GESTÃO DE ESPORTE E LAZER";"27";"DESPORTO E LAZER";"812";"DESPORTO COMUNITÁRIO";"2024";"424";"";"0";"0";"100012604";"FOLHA DE PAGAMENTO";"45780103000150";"";"0";"PROPRIA";"31901137";"GRATIFICACOES POR TEMPO DE SERVICO";"FOLHA DE PAGAMENTO";"116631.2";"2024";"L";"03/01/2024";"0";"01/01/2024";"31/01/2024";"23"
"UNIDADE DE GESTÃO DE ESPORTE E LAZER";"27";"DESPORTO E LAZER";"812";"DESPORTO COMUNITÁRIO";"2024";"425";"";"0";"0";"100012604";"FOLHA DE PAGAMENTO";"45780103000150";"";"0";"PROPRIA";"31901144";"FÉRIAS - ABONO PECUNIARIO";"FOLHA DE PAGAMENTO";"345212.54";"2024";"L";"03/01/2024";"0";"01/01/2024";"31/01/2024";"23"
"UNIDADE DE GESTÃO DE ESPORTE E LAZER";"27";"DESPORTO E LAZER";"812";"DESPORTO COMUNITÁRIO";"2024";"426";"";"0";"0";"100012604";"FOLHA DE PAGAMENTO";"45780103000150";"";"0";"PROPRIA";"31901144";"FÉRIAS - ABONO PECUNIARIO";"FOLHA DE PAGAMENTO";"98131.82";"2024";"L";"03/01/2024";"0";"01/01/2024";"31/01/2024";"23"
"UNIDADE DE GESTÃO DE ESPORTE E LAZER";"27";"DESPORTO E LAZER";"812";"DESPORTO COMUNITÁRIO";"2024";"427";"";"0";"0";"100012604";"FOLHA DE PAGAMENTO";"45780103000150";"";"0";"PROPRIA";"31901145";"FÉRIAS - ABONO CONSTITUICOES";"FOLHA DE PAGAMENTO";"230482.62";"2024";"L";"03/01/2024";"0";"01/01/2024";"31/01/2024";"23"
"UNIDADE DE GESTÃO DE ESPORTE E LAZER";"27";"DESPORTO E LAZER";"812";"DESPORTO COMUNITÁRIO";"2024";"428";"";"0";"0";"100012604";"FOLHA DE PAGAMENTO";"45780103000150";"";"0";"PROPRIA";"31901145";"FÉRIAS - ABONO CONSTITUICOES";"FOLHA DE PAGAMENTO";"56471.41";"2024";"L";"03/01/2024";"0";"01/01/2024";"31/01/2024";"23"
"UNIDADE DE GESTÃO DE ESPORTE E LAZER";"27";"DESPORTO E LAZER";"812";"DESPORTO COMUNITÁRIO";"2024";"429";"";"0";"0";"100012604";"FOLHA DE PAGAMENTO";"45780103000150";"";"0";"PROPRIA";"31901145";"FÉRIAS - ABONO CONSTITUICOES";"FOLHA DE PAGAMENTO";"3346.16";"2024";"L";"03/01/2024";"0";"01/01/2024";"31/01/2024";"23"
"UNIDADE DE GESTÃO DE ESPORTE E LAZER";"27";"DESPORTO E LAZER";"812";"DESPORTO COMUNITÁRIO";"2024";"430";"";"0";"0";"100012604";"FOLHA DE PAGAMENTO";"45780103000150";"";"0";"PROPRIA";"31901146";"FÉRIAS - PAGAMENTO ANTECIPADO - RPPS";"FOLHA DE PAGAMENTO";"7262.46";"2024";"L";"03/01/2024";"0";"01/01/2024";"31/01/2024";"23"
"UNIDADE DE GESTÃO DE ESPORTE E LAZER";"27";"DESPORTO E LAZER";"812";"DESPORTO COMUNITÁRIO";"2024";"431";"";"0";"0";"100012604";"FOLHA DE PAGAMENTO";"45780103000150";"";"0";"PROPRIA";"31901146";"FÉRIAS - PAGAMENTO ANTECIPADO - RPPS";"FOLHA DE PAGAMENTO";"407702.1";"2024";"L";"03/01/2024";"0";"01/01/2024";"31/01/2024";"23"
"UNIDADE DE GESTÃO DE ESPORTE E LAZER";"27";"DESPORTO E LAZER";"812";"DESPORTO COMUNITÁRIO";"2024";"432";"";"0";"0";"100012604";"FOLHA DE PAGAMENTO";"45780103000150";"";"0";"PROPRIA";"31901146";"FÉRIAS - PAGAMENTO ANTECIPADO - RPPS";"FOLHA DE PAGAMENTO";"85407.58";"2024";"L";"03/01/2024";"0";"01/01/2024";"31/01/2024";"23"
"UNIDADE DE GESTÃO DE ESPORTE E LAZER";"27";"DESPORTO E LAZER";"812";"DESPORTO COMUNITÁRIO";"2024";"433";"";"0";"0";"100012604";"FOLHA DE PAGAMENTO";"45780103000150";"";"0";"PROPRIA";"31901644";"SERVIÇOS EXTRAORDINÁRIOS";"FOLHA DE PAGAMENTO";"1168.25";"2024";"L";"03/01/2024";"0";"01/01/2024";"31/01/2024";"23"
"UNIDADE DE GESTÃO DE ESPORTE E LAZER";"27";"DESPORTO E LAZER";"812";"DESPORTO COMUNITÁRIO";"2024";"434";"";"0";"0";"100012604";"FOLHA DE PAGAMENTO";"45780103000150";"";"0";"PROPRIA";"31901644";"SERVIÇOS EXTRAORDINÁRIOS";"FOLHA DE PAGAMENTO";"9161.17";"2024";"L";"03/01/2024";"0";"01/01/2024";"31/01/2024";"23"
"UNIDADE DE GESTÃO DE GOVERNO E FINANÇAS";"28";"ENCARGOS ESPECIAIS";"846";"OUTROS ENCARGOS ESPECIAIS";"2024";"443";"";"0";"0";"100053304";"CLISIO SERVIOS MÉDICOS S/S LTDA";"18616558000161";"";"0";"PROPRIA";"33909302";"RESTITUICOES";"INDENIZACOES E/OU RESSARCIMENTOS(P. JURIDICA).";"332.61";"2024";"L";"05/01/2024";"0";"01/01/2024";"31/01/2024";"8"
"UNIDADE DE GESTÃO DE PROMOÇÃO DA SAÚDE";"10";"SAÚDE";"301";"ATENÇÃO BÁSICA";"2024";"453";"";"0";"0";"4001269";"HOSPITAL DE CARIDADE S.VICENTE DE PAULA";"50944198000130";"";"5002";"FUNDO NACIONAL DE SAUDE - PAB";"33503953";"SERVIÇOS MÉDICO-HOSPITALARES PRESTADOS NA ATENÇÃO";"SERVICOS DE SAUDE(P. JURIDICAS).";"854890.1";"2024";"L";"11/01/2024";"0";"01/01/2024";"31/01/2024";"14"
"UNIDADE DE GESTÃO DE EDUCAÇÃO";"12";"EDUCAÇÃO";"306";"ALIMENTAÇÃO E NUTRIÇÃO";"2024";"454";"";"0";"0";"100038103";"INSTITUTO KAIROS ETICA E ATUAÇÃO RESPONSÁVEL";"07037770000158";"";"6108";"QUOTA DO SALARIO EDUCACAO";"33503901";"TERMO DE COLABORAÇÃO";"CONVENIO MROSC - LEI 13019/2014 - MARCO REGUL.ORG.SOC.CIVIL";"26318.62";"2024";"L";"05/01/2024";"0";"01/01/2024";"31/01/2024";"13"
"UNIDADE DE GESTÃO DE EDUCAÇÃO";"12";"EDUCAÇÃO";"306";"ALIMENTAÇÃO E NUTRIÇÃO";"2024";"454";"";"0";"0";"100038103";"INSTITUTO KAIROS ETICA E ATUAÇÃO RESPONSÁVEL";"07037770000158";"";"6108";"QUOTA DO SALARIO EDUCACAO";"33503901";"TERMO DE COLABORAÇÃO";"CONVENIO MROSC - LEI 13019/2014 - MARCO REGUL.ORG.SOC.CIVIL";"26318.62";"2024";"L";"31/01/2024";"0";"01/01/2024";"31/01/2024";"13"
"UNIDADE DE GESTÃO DE PROMOÇÃO DA SAÚDE";"10";"SAÚDE";"302";"ASSISTÊNCIA HOSPITALAR E AMBULATORIAL";"2024";"455";"";"0";"0";"4001269";"HOSPITAL DE CARIDADE S.VICENTE DE PAULA";"50944198000130";"";"0";"PROPRIA";"33503951";"SERVIÇOS MÉDICO-HOSPITALARES PRESTADOS EM UNIDADES";"SERVICOS DE SAUDE(P. JURIDICAS).";"1251724.98";"2024";"L";"05/01/2024";"0";"01/01/2024";"31/01/2024";"14"
"UNIDADE DE GESTÃO DE PROMOÇÃO DA SAÚDE";"10";"SAÚDE";"302";"ASSISTÊNCIA HOSPITALAR E AMBULATORIAL";"2024";"455";"";"0";"0";"4001269";"HOSPITAL DE CARIDADE S.VICENTE DE PAULA";"50944198000130";"";"0";"PROPRIA";"33503951";"SERVIÇOS MÉDICO-HOSPITALARES PRESTADOS EM UNIDADES";"SERVICOS DE SAUDE(P. JURIDICAS).";"2220514.41";"2024";"L";"05/01/2024";"0";"01/01/2024";"31/01/2024";"14"
"UNIDADE DE GESTÃO DE PROMOÇÃO DA SAÚDE";"10";"SAÚDE";"302";"ASSISTÊNCIA HOSPITALAR E AMBULATORIAL";"2024";"455";"";"0";"0";"4001269";"HOSPITAL DE CARIDADE S.VICENTE DE PAULA";"50944198000130";"";"0";"PROPRIA";"33503951";"SERVIÇOS MÉDICO-HOSPITALARES PRESTADOS EM UNIDADES";"SERVICOS DE SAUDE(P. JURIDICAS).";"669268.62";"2024";"L";"05/01/2024";"0";"01/01/2024";"31/01/2024";"14"
"UNIDADE DE GESTÃO DE PROMOÇÃO DA SAÚDE";"10";"SAÚDE";"302";"ASSISTÊNCIA HOSPITALAR E AMBULATORIAL";"2024";"455";"";"0";"0";"4001269";"HOSPITAL DE CARIDADE S.VICENTE DE PAULA";"50944198000130";"";"0";"PROPRIA";"33503951";"SERVIÇOS MÉDICO-HOSPITALARES PRESTADOS EM UNIDADES";"SERVICOS DE SAUDE(P. JURIDICAS).";"674706.85";"2024";"L";"05/01/2024";"0";"01/01/2024";"31/01/2024";"14"
"UNIDADE DE GESTÃO DE PROMOÇÃO DA SAÚDE";"10";"SAÚDE";"302";"ASSISTÊNCIA HOSPITALAR E AMBULATORIAL";"2024";"455";"";"0";"0";"4001269";"HOSPITAL DE CARIDADE S.VICENTE DE PAULA";"50944198000130";"";"0";"PROPRIA";"33503951";"SERVIÇOS MÉDICO-HOSPITALARES PRESTADOS EM UNIDADES";"SERVICOS DE SAUDE(P. JURIDICAS).";"270000";"2024";"L";"23/01/2024";"0";"01/01/2024";"31/01/2024";"14"
"UNIDADE DE GESTÃO DE PROMOÇÃO DA SAÚDE";"10";"SAÚDE";"302";"ASSISTÊNCIA HOSPITALAR E AMBULATORIAL";"2024";"455";"";"0";"0";"4001269";"HOSPITAL DE CARIDADE S.VICENTE DE PAULA";"50944198000130";"";"0";"PROPRIA";"33503951";"SERVIÇOS MÉDICO-HOSPITALARES PRESTADOS EM UNIDADES";"SERVICOS DE SAUDE(P. JURIDICAS).";"2220514.41";"2024";"L";"31/01/2024";"0";"01/01/2024";"31/01/2024";"14"
"UNIDADE DE GESTÃO DE PROMOÇÃO DA SAÚDE";"10";"SAÚDE";"302";"ASSISTÊNCIA HOSPITALAR E AMBULATORIAL";"2024";"455";"";"0";"0";"4001269";"HOSPITAL DE CARIDADE S.VICENTE DE PAULA";"50944198000130";"";"0";"PROPRIA";"33503951";"SERVIÇOS MÉDICO-HOSPITALARES PRESTADOS EM UNIDADES";"SERVICOS DE SAUDE(P. JURIDICAS).";"1521724.98";"2024";"L";"31/01/2024";"0";"01/01/2024";"31/01/2024";"14"
"UNIDADE DE GESTÃO DE PROMOÇÃO DA SAÚDE";"10";"SAÚDE";"302";"ASSISTÊNCIA HOSPITALAR E AMBULATORIAL";"2024";"455";"";"0";"0";"4001269";"HOSPITAL DE CARIDADE S.VICENTE DE PAULA";"50944198000130";"";"0";"PROPRIA";"33503951";"SERVIÇOS MÉDICO-HOSPITALARES PRESTADOS EM UNIDADES";"SERVICOS DE SAUDE(P. JURIDICAS).";"669268.62";"2024";"L";"31/01/2024";"0";"01/01/2024";"31/01/2024";"14"
"UNIDADE DE GESTÃO DE PROMOÇÃO DA SAÚDE";"10";"SAÚDE";"302";"ASSISTÊNCIA HOSPITALAR E AMBULATORIAL";"2024";"455";"";"0";"0";"4001269";"HOSPITAL DE CARIDADE S.VICENTE DE PAULA";"50944198000130";"";"0";"PROPRIA";"33503951";"SERVIÇOS MÉDICO-HOSPITALARES PRESTADOS EM UNIDADES";"SERVICOS DE SAUDE(P. JURIDICAS).";"674706.85";"2024";"L";"31/01/2024";"0";"01/01/2024";"31/01/2024";"14"
"UNIDADE DE GESTÃO DE PROMOÇÃO DA SAÚDE";"10";"SAÚDE";"302";"ASSISTÊNCIA HOSPITALAR E AMBULATORIAL";"2024";"456";"";"0";"0";"4001269";"HOSPITAL DE CARIDADE S.VICENTE DE PAULA";"50944198000130";"";"5001";"FUNDO NACIONAL DE SAUDE - MS/SAS";"33503951";"SERVIÇOS MÉDICO-HOSPITALARES PRESTADOS EM UNIDADES";"SERVICOS DE SAUDE(P. JURIDICAS).";"88595.17";"2024";"L";"16/01/2024";"0";"01/01/2024";"31/01/2024";"14"
"UNIDADE DE GESTÃO DE NEG. JURÍDICOS E CIDADANIA";"4";"ADMINISTRAÇÃO";"122";"ADMINISTRAÇÃO GERAL";"2024";"457";"";"0";"0";"100010179";"FUNDO ESPECIAL DE DESPESA DO TRIBUNAL DE JUSTICA DO ESTADO DE SAO PAULO";"13847549000168";"";"0";"PROPRIA";"33903999";"OUTROS SERVICOS DE TERCEIROS - PESSOA JURIDICA";"OUTRAS TAXAS E TARIFAS.";"11.93";"2024";"L";"05/01/2024";"0";"01/01/2024";"31/01/2024";"6"
"UNIDADE DE GESTÃO DE NEG. JURÍDICOS E CIDADANIA";"4";"ADMINISTRAÇÃO";"122";"ADMINISTRAÇÃO GERAL";"2024";"458";"";"0";"0";"100012130";"TRIBUNAL DE JUSTIÇA DO ESTADO DE SAO PAULO-EPM";"51174001000193";"";"0";"PROPRIA";"33903999";"OUTROS SERVICOS DE TERCEIROS - PESSOA JURIDICA";"OUTRAS TAXAS E TARIFAS.";"102.78";"2024";"L";"05/01/2024";"0";"01/01/2024";"31/01/2024";"6"
"UNIDADE DE GESTÃO DE NEG. JURÍDICOS E CIDADANIA";"4";"ADMINISTRAÇÃO";"122";"ADMINISTRAÇÃO GERAL";"2024";"458";"";"0";"0";"100012130";"TRIBUNAL DE JUSTIÇA DO ESTADO DE SAO PAULO-EPM";"51174001000193";"";"0";"PROPRIA";"33903999";"OUTROS SERVICOS DE TERCEIROS - PESSOA JURIDICA";"OUTRAS TAXAS E TARIFAS.";"102.78";"2024";"L";"16/01/2024";"0";"01/01/2024";"31/01/2024";"6"
"UNIDADE DE GESTÃO DE NEG. JURÍDICOS E CIDADANIA";"4";"ADMINISTRAÇÃO";"122";"ADMINISTRAÇÃO GERAL";"2024";"458";"";"0";"0";"100012130";"TRIBUNAL DE JUSTIÇA DO ESTADO DE SAO PAULO-EPM";"51174001000193";"";"0";"PROPRIA";"33903999";"OUTROS SERVICOS DE TERCEIROS - PESSOA JURIDICA";"OUTRAS TAXAS E TARIFAS.";"318.24";"2024";"L";"18/01/2024";"0";"01/01/2024";"31/01/2024";"6"
"UNIDADE DE GESTÃO DE NEG. JURÍDICOS E CIDADANIA";"4";"ADMINISTRAÇÃO";"122";"ADMINISTRAÇÃO GERAL";"2024";"458";"";"0";"0";"100012130";"TRIBUNAL DE JUSTIÇA DO ESTADO DE SAO PAULO-EPM";"51174001000193";"";"0";"PROPRIA";"33903999";"OUTROS SERVICOS DE TERCEIROS - PESSOA JURIDICA";"OUTRAS TAXAS E TARIFAS.";"102.78";"2024";"L";"23/01/2024";"0";"01/01/2024";"31/01/2024";"6"
"UNIDADE DE GESTÃO DE CULTURA";"13";"CULTURA";"122";"ADMINISTRAÇÃO GERAL";"2024";"459";"";"0";"0";"100012604";"FOLHA DE PAGAMENTO";"45780103000150";"";"0";"PROPRIA";"31901144";"FÉRIAS - ABONO PECUNIARIO";"FOLHA DE PAGAMENTO";"1626.6";"2024";"L";"04/01/2024";"0";"01/01/2024";"31/01/2024";"22"
"UNIDADE DE GESTÃO DE CULTURA";"13";"CULTURA";"122";"ADMINISTRAÇÃO GERAL";"2024";"460";"";"0";"0";"100012604";"FOLHA DE PAGAMENTO";"45780103000150";"";"0";"PROPRIA";"31901145";"FÉRIAS - ABONO CONSTITUICOES";"FOLHA DE PAGAMENTO";"813.3";"2024";"L";"04/01/2024";"0";"01/01/2024";"31/01/2024";"22"
"UNIDADE DE GESTÃO DE CULTURA";"13";"CULTURA";"122";"ADMINISTRAÇÃO GERAL";"2024";"461";"";"0";"0";"100012604";"FOLHA DE PAGAMENTO";"45780103000150";"";"0";"PROPRIA";"31901146";"FÉRIAS - PAGAMENTO ANTECIPADO - RPPS";"FOLHA DE PAGAMENTO";"2073.2";"2024";"L";"04/01/2024";"0";"01/01/2024";"31/01/2024";"22"
"UNIDADE DE GESTÃO DE INFRAEST. E SERVIÇOS PÚBLICOS";"18";"GESTÃO AMBIENTAL";"452";"SERVIÇOS URBANOS";"2024";"463";"2018";"13";"7";"100024328";"TRAIL INFRAESTRUTURA LTDA";"05497348000150";"CONCORRENCIA(LEI 8666-93)";"0";"PROPRIA";"33903978";"LIMPEZA E CONSERVACAO";"VARRICAO DE VIAS E LOGADOUROS PUBLICOS";"321408.6";"2024";"L";"10/01/2024";"0";"01/01/2024";"31/01/2024";"10"
"UNIDADE DE GESTÃO DE INFRAEST. E SERVIÇOS PÚBLICOS";"18";"GESTÃO AMBIENTAL";"452";"SERVIÇOS URBANOS";"2024";"463";"2018";"13";"7";"100024328";"TRAIL INFRAESTRUTURA LTDA";"05497348000150";"CONCORRENCIA(LEI 8666-93)";"0";"PROPRIA";"33903978";"LIMPEZA E CONSERVACAO";"VARRICAO DE VIAS E LOGADOUROS PUBLICOS";"1977907.38";"2024";"L";"10/01/2024";"0";"01/01/2024";"31/01/2024";"10"
"UNIDADE DE GESTÃO DE INFRAEST. E SERVIÇOS PÚBLICOS";"18";"GESTÃO AMBIENTAL";"452";"SERVIÇOS URBANOS";"2024";"465";"2018";"13";"7";"2079184";"TECIPAR ENGENHARIA E MEIO AMBIENTE LTDA.";"61149829000145";"CONCORRENCIA(LEI 8666-93)";"0";"PROPRIA";"33903978";"LIMPEZA E CONSERVACAO";"TRANSBORDO- TRANSPORTE DE RESIDUOS";"500516.08";"2024";"L";"10/01/2024";"0";"01/01/2024";"31/01/2024";"10"
"UNIDADE DE GESTÃO DE ADMINIST. E GESTÃO DE PESSOAS";"4";"ADMINISTRAÇÃO";"122";"ADMINISTRAÇÃO GERAL";"2024";"466";"";"0";"0";"100042599";"PMJ-GERMANO HELIO SGARIONI";"06887047861";"";"0";"PROPRIA";"33903099";"OUTROS MATERIAIS DE CONSUMO";"ADIANTAMENTOS(SERVIDORES).";"1500";"2024";"L";"04/01/2024";"0";"01/01/2024";"31/01/2024";"7"
"UNIDADE DE GESTÃO DE ADMINIST. E GESTÃO DE PESSOAS";"4";"ADMINISTRAÇÃO";"122";"ADMINISTRAÇÃO GERAL";"2024";"467";"";"0";"0";"100042599";"PMJ-GERMANO HELIO SGARIONI";"06887047861";"";"0";"PROPRIA";"33903999";"OUTROS SERVICOS DE TERCEIROS - PESSOA JURIDICA";"ADIANTAMENTOS(SERVIDORES).";"1500";"2024";"L";"04/01/2024";"0";"01/01/2024";"31/01/2024";"7"
"UNIDADE DE GESTÃO DE PROMOÇÃO DA SAÚDE";"10";"SAÚDE";"302";"ASSISTÊNCIA HOSPITALAR E AMBULATORIAL";"2024";"470";"";"0";"0";"4001269";"HOSPITAL DE CARIDADE S.VICENTE DE PAULA";"50944198000130";"";"5001";"FUNDO NACIONAL DE SAUDE - MS/SAS";"33503956";"OUTROS SERVIÇOS DE ASSISTÊNCIA À SAÚDE";"SERVICOS DE SAUDE(P. JURIDICAS).";"305700";"2024";"L";"05/01/2024";"0";"01/01/2024";"31/01/2024";"14"
"UNIDADE DE GESTÃO DE PROMOÇÃO DA SAÚDE";"10";"SAÚDE";"302";"ASSISTÊNCIA HOSPITALAR E AMBULATORIAL";"2024";"470";"";"0";"0";"4001269";"HOSPITAL DE CARIDADE S.VICENTE DE PAULA";"50944198000130";"";"5001";"FUNDO NACIONAL DE SAUDE - MS/SAS";"33503956";"OUTROS SERVIÇOS DE ASSISTÊNCIA À SAÚDE";"SERVICOS DE SAUDE(P. JURIDICAS).";"305700";"2024";"L";"29/01/2024";"0";"01/01/2024";"31/01/2024";"14"
"UNIDADE DE GESTÃO DE PROMOÇÃO DA SAÚDE";"10";"SAÚDE";"302";"ASSISTÊNCIA HOSPITALAR E AMBULATORIAL";"2024";"472";"";"0";"0";"4001269";"HOSPITAL DE CARIDADE S.VICENTE DE PAULA";"50944198000130";"";"5001";"FUNDO NACIONAL DE SAUDE - MS/SAS";"33503951";"SERVIÇOS MÉDICO-HOSPITALARES PRESTADOS EM UNIDADES";"SERVICOS DE SAUDE(P. JURIDICAS).";"998467.67";"2024";"L";"16/01/2024";"0";"01/01/2024";"31/01/2024";"14"
"UNIDADE DE GESTÃO DE GOVERNO E FINANÇAS";"28";"ENCARGOS ESPECIAIS";"846";"OUTROS ENCARGOS ESPECIAIS";"2024";"475";"";"0";"0";"100053313";"SELMA MARIA CERVELIN NOBRE";"06888888878";"";"0";"PROPRIA";"33909302";"RESTITUICOES";"INDENIZACOES E/OU RESSARCIMENTOS(P. FISICA).";"1135.25";"2024";"L";"17/01/2024";"0";"01/01/2024";"31/01/2024";"8"
"UNIDADE DE GESTÃO DE GOVERNO E FINANÇAS";"28";"ENCARGOS ESPECIAIS";"846";"OUTROS ENCARGOS ESPECIAIS";"2024";"476";"";"0";"0";"100024476";"COMPRESSORES FAZZINI COMERCIO E SERVIÇOS TECNICOS";"09293344000100";"";"0";"PROPRIA";"33909302";"RESTITUICOES";"INDENIZACOES E/OU RESSARCIMENTOS(P. JURIDICA).";"2203.39";"2024";"L";"05/01/2024";"0";"01/01/2024";"31/01/2024";"8"
"UNIDADE GESTÃO DE ASSISTÊNCIA E DESENVOLV. SOCIAL";"8";"ASSISTÊNCIA SOCIAL";"244";"ASSISTÊNCIA COMUNITÁRIA";"2024";"477";"";"0";"0";"100053265";"DERCI MARIA DE OLIVEIRA BALBINO";"11573987824";"";"0";"PROPRIA";"33904899";"DEMAIS AUXÍLIOS FINANCEIROS A PESSOAS FÍSICAS";"AUXILIO VULNERABILIDADE";"396";"2024";"L";"05/01/2024";"0";"01/01/2024";"31/01/2024";"15"
"UNIDADE GESTÃO DE ASSISTÊNCIA E DESENVOLV. SOCIAL";"8";"ASSISTÊNCIA SOCIAL";"244";"ASSISTÊNCIA COMUNITÁRIA";"2024";"478";"";"0";"0";"100053267";"TAYNA DE LIMA DOMINGOS";"43257477880";"";"0";"PROPRIA";"33904899";"DEMAIS AUXÍLIOS FINANCEIROS A PESSOAS FÍSICAS";"AUXILIO VULNERABILIDADE";"660";"2024";"L";"05/01/2024";"0";"01/01/2024";"31/01/2024";"15"
"UNIDADE GESTÃO DE ASSISTÊNCIA E DESENVOLV. SOCIAL";"8";"ASSISTÊNCIA SOCIAL";"244";"ASSISTÊNCIA COMUNITÁRIA";"2024";"479";"";"0";"0";"100041886";"EDILAINE BUENO";"31243110864";"";"0";"PROPRIA";"33904899";"DEMAIS AUXÍLIOS FINANCEIROS A PESSOAS FÍSICAS";"AUXILIO VULNERABILIDADE";"660";"2024";"L";"05/01/2024";"0";"01/01/2024";"31/01/2024";"15"
"UNIDADE GESTÃO DE ASSISTÊNCIA E DESENVOLV. SOCIAL";"8";"ASSISTÊNCIA SOCIAL";"244";"ASSISTÊNCIA COMUNITÁRIA";"2024";"480";"";"0";"0";"100053272";"VALERIA DA SILVA SANTOS";"47876615821";"";"0";"PROPRIA";"33904899";"DEMAIS AUXÍLIOS FINANCEIROS A PESSOAS FÍSICAS";"AUXILIO VULNERABILIDADE";"660";"2024";"L";"05/01/2024";"0";"01/01/2024";"31/01/2024";"15"
"UNIDADE GESTÃO DE ASSISTÊNCIA E DESENVOLV. SOCIAL";"8";"ASSISTÊNCIA SOCIAL";"244";"ASSISTÊNCIA COMUNITÁRIA";"2024";"481";"";"0";"0";"100053271";"ANA KAROLINA SALUSTIANO MARTINS";"13503207490";"";"0";"PROPRIA";"33904899";"DEMAIS AUXÍLIOS FINANCEIROS A PESSOAS FÍSICAS";"AUXILIO VULNERABILIDADE";"660";"2024";"L";"05/01/2024";"0";"01/01/2024";"31/01/2024";"15"
"UNIDADE GESTÃO DE ASSISTÊNCIA E DESENVOLV. SOCIAL";"8";"ASSISTÊNCIA SOCIAL";"244";"ASSISTÊNCIA COMUNITÁRIA";"2024";"482";"";"0";"0";"100053270";"EDINA CABRAL";"37457741836";"";"0";"PROPRIA";"33904899";"DEMAIS AUXÍLIOS FINANCEIROS A PESSOAS FÍSICAS";"AUXILIO VULNERABILIDADE";"660";"2024";"L";"05/01/2024";"0";"01/01/2024";"31/01/2024";"15"
"UNIDADE GESTÃO DE ASSISTÊNCIA E DESENVOLV. SOCIAL";"8";"ASSISTÊNCIA SOCIAL";"244";"ASSISTÊNCIA COMUNITÁRIA";"2024";"483";"";"0";"0";"100053269";"ATHYNA GALDINO JACINTO";"57203876845";"";"0";"PROPRIA";"33904899";"DEMAIS AUXÍLIOS FINANCEIROS A PESSOAS FÍSICAS";"AUXILIO VULNERABILIDADE";"350";"2024";"L";"05/01/2024";"0";"01/01/2024";"31/01/2024";"15"
"UNIDADE GESTÃO DE ASSISTÊNCIA E DESENVOLV. SOCIAL";"8";"ASSISTÊNCIA SOCIAL";"244";"ASSISTÊNCIA COMUNITÁRIA";"2024";"484";"";"0";"0";"100053268";"JESSICA NATHALIA RONCADA";"44899871880";"";"0";"PROPRIA";"33904899";"DEMAIS AUXÍLIOS FINANCEIROS A PESSOAS FÍSICAS";"AUXILIO VULNERABILIDADE";"660";"2024";"L";"05/01/2024";"0";"01/01/2024";"31/01/2024";"15"
"UNIDADE GESTÃO DE ASSISTÊNCIA E DESENVOLV. SOCIAL";"8";"ASSISTÊNCIA SOCIAL";"244";"ASSISTÊNCIA COMUNITÁRIA";"2024";"485";"";"0";"0";"100053264";"JENIFER VITORIA CARDOSO DOS SANTOS";"53738358897";"";"0";"PROPRIA";"33904899";"DEMAIS AUXÍLIOS FINANCEIROS A PESSOAS FÍSICAS";"AUXILIO VULNERABILIDADE";"660";"2024";"L";"05/01/2024";"0";"01/01/2024";"31/01/2024";"15"
"UNIDADE GESTÃO DE ASSISTÊNCIA E DESENVOLV. SOCIAL";"8";"ASSISTÊNCIA SOCIAL";"244";"ASSISTÊNCIA COMUNITÁRIA";"2024";"486";"";"0";"0";"100053263";"ROSIMEIRE DOS SANTOS SILVA";"37830189862";"";"0";"PROPRIA";"33904899";"DEMAIS AUXÍLIOS FINANCEIROS A PESSOAS FÍSICAS";"AUXILIO VULNERABILIDADE";"660";"2024";"L";"05/01/2024";"0";"01/01/2024";"31/01/2024";"15"
"UNIDADE GESTÃO DE ASSISTÊNCIA E DESENVOLV. SOCIAL";"8";"ASSISTÊNCIA SOCIAL";"244";"ASSISTÊNCIA COMUNITÁRIA";"2024";"487";"";"0";"0";"100053262";"ALDA LUCIA ALVES DA SILVA";"21917741804";"";"0";"PROPRIA";"33904899";"DEMAIS AUXÍLIOS FINANCEIROS A PESSOAS FÍSICAS";"AUXILIO VULNERABILIDADE";"660";"2024";"L";"05/01/2024";"0";"01/01/2024";"31/01/2024";"15"
"UNIDADE GESTÃO DE ASSISTÊNCIA E DESENVOLV. SOCIAL";"8";"ASSISTÊNCIA SOCIAL";"244";"ASSISTÊNCIA COMUNITÁRIA";"2024";"488";"";"0";"0";"100053261";"ALINE PIRES CARDOSO";"23822346870";"";"0";"PROPRIA";"33904899";"DEMAIS AUXÍLIOS FINANCEIROS A PESSOAS FÍSICAS";"AUXILIO VULNERABILIDADE";"924";"2024";"L";"05/01/2024";"0";"01/01/2024";"31/01/2024";"15"
"UNIDADE GESTÃO DE ASSISTÊNCIA E DESENVOLV. SOCIAL";"8";"ASSISTÊNCIA SOCIAL";"244";"ASSISTÊNCIA COMUNITÁRIA";"2024";"489";"";"0";"0";"100053266";"NILTON FERREIRA BISPO";"02807309852";"";"0";"PROPRIA";"33904899";"DEMAIS AUXÍLIOS FINANCEIROS A PESSOAS FÍSICAS";"AUXILIO VULNERABILIDADE";"924";"2024";"L";"05/01/2024";"0";"01/01/2024";"31/01/2024";"15"
"UNIDADE GESTÃO DE ASSISTÊNCIA E DESENVOLV. SOCIAL";"8";"ASSISTÊNCIA SOCIAL";"244";"ASSISTÊNCIA COMUNITÁRIA";"2024";"490";"";"0";"0";"100050387";"KATIA CRISTINA LEONEL AZEVEDO";"34139061863";"";"0";"PROPRIA";"33904899";"DEMAIS AUXÍLIOS FINANCEIROS A PESSOAS FÍSICAS";"AUXILIO VULNERABILIDADE";"500";"2024";"L";"05/01/2024";"0";"01/01/2024";"31/01/2024";"15"
"UNIDADE GESTÃO DE ASSISTÊNCIA E DESENVOLV. SOCIAL";"8";"ASSISTÊNCIA SOCIAL";"244";"ASSISTÊNCIA COMUNITÁRIA";"2024";"491";"";"0";"0";"100049642";"MARIA GARCIA ARAUJO";"05045558803";"";"0";"PROPRIA";"33904899";"DEMAIS AUXÍLIOS FINANCEIROS A PESSOAS FÍSICAS";"AUXILIO VULNERABILIDADE";"500";"2024";"L";"05/01/2024";"0";"01/01/2024";"31/01/2024";"15"
"UNIDADE GESTÃO DE ASSISTÊNCIA E DESENVOLV. SOCIAL";"8";"ASSISTÊNCIA SOCIAL";"244";"ASSISTÊNCIA COMUNITÁRIA";"2024";"492";"";"0";"0";"100050675";"CLEUSA DA SILVA OLIVEIRA";"11774904802";"";"0";"PROPRIA";"33904899";"DEMAIS AUXÍLIOS FINANCEIROS A PESSOAS FÍSICAS";"AUXILIO VULNERABILIDADE";"500";"2024";"L";"05/01/2024";"0";"01/01/2024";"31/01/2024";"15"
"UNIDADE GESTÃO DE ASSISTÊNCIA E DESENVOLV. SOCIAL";"8";"ASSISTÊNCIA SOCIAL";"244";"ASSISTÊNCIA COMUNITÁRIA";"2024";"493";"";"0";"0";"100050650";"MAYARA DOS SANTOS ARAUJO";"12100610406";"";"0";"PROPRIA";"33904899";"DEMAIS AUXÍLIOS FINANCEIROS A PESSOAS FÍSICAS";"AUXILIO VULNERABILIDADE";"500";"2024";"L";"05/01/2024";"0";"01/01/2024";"31/01/2024";"15"
"UNIDADE GESTÃO DE ASSISTÊNCIA E DESENVOLV. SOCIAL";"8";"ASSISTÊNCIA SOCIAL";"244";"ASSISTÊNCIA COMUNITÁRIA";"2024";"494";"";"0";"0";"100052720";"TANIA PAULA DA SILVA";"25490873809";"";"0";"PROPRIA";"33904899";"DEMAIS AUXÍLIOS FINANCEIROS A PESSOAS FÍSICAS";"AUXILIO VULNERABILIDADE";"850";"2024";"L";"05/01/2024";"0";"01/01/2024";"31/01/2024";"15"
"UNIDADE GESTÃO DE ASSISTÊNCIA E DESENVOLV. SOCIAL";"8";"ASSISTÊNCIA SOCIAL";"244";"ASSISTÊNCIA COMUNITÁRIA";"2024";"495";"";"0";"0";"100050459";"MONICA ROZILENE DE SOUSA";"01539136655";"";"0";"PROPRIA";"33904899";"DEMAIS AUXÍLIOS FINANCEIROS A PESSOAS FÍSICAS";"AUXILIO VULNERABILIDADE";"850";"2024";"L";"05/01/2024";"0";"01/01/2024";"31/01/2024";"15"
"UNIDADE GESTÃO DE ASSISTÊNCIA E DESENVOLV. SOCIAL";"8";"ASSISTÊNCIA SOCIAL";"244";"ASSISTÊNCIA COMUNITÁRIA";"2024";"496";"";"0";"0";"100051878";"ELENICE FERREIRA LOPES";"34061538870";"";"0";"PROPRIA";"33904899";"DEMAIS AUXÍLIOS FINANCEIROS A PESSOAS FÍSICAS";"AUXILIO VULNERABILIDADE";"850";"2024";"L";"05/01/2024";"0";"01/01/2024";"31/01/2024";"15"
"UNIDADE GESTÃO DE ASSISTÊNCIA E DESENVOLV. SOCIAL";"8";"ASSISTÊNCIA SOCIAL";"244";"ASSISTÊNCIA COMUNITÁRIA";"2024";"497";"";"0";"0";"100051882";"CLARICE RIBEIRO DOS SANTOS";"03071683529";"";"0";"PROPRIA";"33904899";"DEMAIS AUXÍLIOS FINANCEIROS A PESSOAS FÍSICAS";"AUXILIO VULNERABILIDADE";"350";"2024";"L";"05/01/2024";"0";"01/01/2024";"31/01/2024";"15"
"UNIDADE GESTÃO DE ASSISTÊNCIA E DESENVOLV. SOCIAL";"8";"ASSISTÊNCIA SOCIAL";"244";"ASSISTÊNCIA COMUNITÁRIA";"2024";"498";"";"0";"0";"100052931";"ANA PAULA TOROLHO";"22929305878";"";"0";"PROPRIA";"33904899";"DEMAIS AUXÍLIOS FINANCEIROS A PESSOAS FÍSICAS";"AUXILIO VULNERABILIDADE";"396";"2024";"L";"08/01/2024";"0";"01/01/2024";"31/01/2024";"15"
"UNIDADE GESTÃO DE ASSISTÊNCIA E DESENVOLV. SOCIAL";"8";"ASSISTÊNCIA SOCIAL";"244";"ASSISTÊNCIA COMUNITÁRIA";"2024";"499";"";"0";"0";"100052315";"JOYCE CRISTINA DE OLIVEIRA";"30176679871";"";"0";"PROPRIA";"33904899";"DEMAIS AUXÍLIOS FINANCEIROS A PESSOAS FÍSICAS";"AUXILIO VULNERABILIDADE";"350";"2024";"L";"05/01/2024";"0";"01/01/2024";"31/01/2024";"15"
"UNIDADE GESTÃO DE ASSISTÊNCIA E DESENVOLV. SOCIAL";"8";"ASSISTÊNCIA SOCIAL";"244";"ASSISTÊNCIA COMUNITÁRIA";"2024";"500";"";"0";"0";"100053013";"INACIO ANTONIO DOS SANTOS";"10267451873";"";"0";"PROPRIA";"33904899";"DEMAIS AUXÍLIOS FINANCEIROS A PESSOAS FÍSICAS";"AUXILIO VULNERABILIDADE";"850";"2024";"L";"05/01/2024";"0";"01/01/2024";"31/01/2024";"15"
"UNIDADE GESTÃO DE ASSISTÊNCIA E DESENVOLV. SOCIAL";"8";"ASSISTÊNCIA SOCIAL";"244";"ASSISTÊNCIA COMUNITÁRIA";"2024";"501";"";"0";"0";"100052338";"ANNECY CAROLINE VALERIO";"33536928862";"";"0";"PROPRIA";"33904899";"DEMAIS AUXÍLIOS FINANCEIROS A PESSOAS FÍSICAS";"AUXILIO VULNERABILIDADE";"850";"2024";"L";"05/01/2024";"0";"01/01/2024";"31/01/2024";"15"
"UNIDADE GESTÃO DE ASSISTÊNCIA E DESENVOLV. SOCIAL";"8";"ASSISTÊNCIA SOCIAL";"244";"ASSISTÊNCIA COMUNITÁRIA";"2024";"502";"";"0";"0";"100048939";"PAOLA VIEIRA";"50442581807";"";"0";"PROPRIA";"33904899";"DEMAIS AUXÍLIOS FINANCEIROS A PESSOAS FÍSICAS";"AUXILIO VULNERABILIDADE";"850";"2024";"L";"11/01/2024";"0";"01/01/2024";"31/01/2024";"15"
"UNIDADE GESTÃO DE ASSISTÊNCIA E DESENVOLV. SOCIAL";"8";"ASSISTÊNCIA SOCIAL";"244";"ASSISTÊNCIA COMUNITÁRIA";"2024";"503";"";"0";"0";"100048544";"JONATHAN KAUE DOS SANTOS";"46280034836";"";"0";"PROPRIA";"33904899";"DEMAIS AUXÍLIOS FINANCEIROS A PESSOAS FÍSICAS";"AUXILIO VULNERABILIDADE";"850";"2024";"L";"17/01/2024";"0";"01/01/2024";"31/01/2024";"15"
"UNIDADE GESTÃO DE ASSISTÊNCIA E DESENVOLV. SOCIAL";"8";"ASSISTÊNCIA SOCIAL";"244";"ASSISTÊNCIA COMUNITÁRIA";"2024";"504";"";"0";"0";"100053083";"TATIANE LIMA DE PAULA";"21585835846";"";"0";"PROPRIA";"33904899";"DEMAIS AUXÍLIOS FINANCEIROS A PESSOAS FÍSICAS";"AUXILIO VULNERABILIDADE";"660";"2024";"L";"11/01/2024";"0";"01/01/2024";"31/01/2024";"15"
"UNIDADE GESTÃO DE ASSISTÊNCIA E DESENVOLV. SOCIAL";"8";"ASSISTÊNCIA SOCIAL";"244";"ASSISTÊNCIA COMUNITÁRIA";"2024";"505";"";"0";"0";"100053079";"MARIA FABIANA MARQUES GARCIA";"05709140350";"";"0";"PROPRIA";"33904899";"DEMAIS AUXÍLIOS FINANCEIROS A PESSOAS FÍSICAS";"AUXILIO VULNERABILIDADE";"850";"2024";"L";"11/01/2024";"0";"01/01/2024";"31/01/2024";"15"
"UNIDADE GESTÃO DE ASSISTÊNCIA E DESENVOLV. SOCIAL";"8";"ASSISTÊNCIA SOCIAL";"244";"ASSISTÊNCIA COMUNITÁRIA";"2024";"506";"";"0";"0";"100052751";"CINTIA CRISTINA VENANCIO";"15458021819";"";"0";"PROPRIA";"33904899";"DEMAIS AUXÍLIOS FINANCEIROS A PESSOAS FÍSICAS";"AUXILIO VULNERABILIDADE";"850";"2024";"L";"11/01/2024";"0";"01/01/2024";"31/01/2024";"15"
"UNIDADE GESTÃO DE ASSISTÊNCIA E DESENVOLV. SOCIAL";"8";"ASSISTÊNCIA SOCIAL";"244";"ASSISTÊNCIA COMUNITÁRIA";"2024";"507";"";"0";"0";"100052762";"LAICE MONY MACHADO TEIXEIRA";"39236660800";"";"0";"PROPRIA";"33904899";"DEMAIS AUXÍLIOS FINANCEIROS A PESSOAS FÍSICAS";"AUXILIO VULNERABILIDADE";"850";"2024";"L";"11/01/2024";"0";"01/01/2024";"31/01/2024";"15"
"UNIDADE GESTÃO DE ASSISTÊNCIA E DESENVOLV. SOCIAL";"8";"ASSISTÊNCIA SOCIAL";"244";"ASSISTÊNCIA COMUNITÁRIA";"2024";"508";"";"0";"0";"100050176";"MARIA DO CARMO MARIA";"17254840805";"";"0";"PROPRIA";"33904899";"DEMAIS AUXÍLIOS FINANCEIROS A PESSOAS FÍSICAS";"AUXILIO VULNERABILIDADE";"850";"2024";"L";"11/01/2024";"0";"01/01/2024";"31/01/2024";"15"
"UNIDADE GESTÃO DE ASSISTÊNCIA E DESENVOLV. SOCIAL";"8";"ASSISTÊNCIA SOCIAL";"244";"ASSISTÊNCIA COMUNITÁRIA";"2024";"509";"";"0";"0";"100051537";"LUCIANO DOS SANTOS BERNARDINO";"18064225817";"";"0";"PROPRIA";"33904899";"DEMAIS AUXÍLIOS FINANCEIROS A PESSOAS FÍSICAS";"AUXILIO VULNERABILIDADE";"350";"2024";"L";"11/01/2024";"0";"01/01/2024";"31/01/2024";"15"
"UNIDADE GESTÃO DE ASSISTÊNCIA E DESENVOLV. SOCIAL";"8";"ASSISTÊNCIA SOCIAL";"244";"ASSISTÊNCIA COMUNITÁRIA";"2024";"510";"";"0";"0";"100053139";"EDNALVA ROSA DOS SANTOS";"79367895534";"";"0";"PROPRIA";"33904899";"DEMAIS AUXÍLIOS FINANCEIROS A PESSOAS FÍSICAS";"AUXILIO VULNERABILIDADE";"350";"2024";"L";"11/01/2024";"0";"01/01/2024";"31/01/2024";"15"
"UNIDADE GESTÃO DE ASSISTÊNCIA E DESENVOLV. SOCIAL";"8";"ASSISTÊNCIA SOCIAL";"244";"ASSISTÊNCIA COMUNITÁRIA";"2024";"511";"";"0";"0";"100053140";"MICHELE MARIA DOS SANTOS";"44293963880";"";"0";"PROPRIA";"33904899";"DEMAIS AUXÍLIOS FINANCEIROS A PESSOAS FÍSICAS";"AUXILIO VULNERABILIDADE";"850";"2024";"L";"11/01/2024";"0";"01/01/2024";"31/01/2024";"15"
"UNIDADE GESTÃO DE ASSISTÊNCIA E DESENVOLV. SOCIAL";"8";"ASSISTÊNCIA SOCIAL";"244";"ASSISTÊNCIA COMUNITÁRIA";"2024";"512";"";"0";"0";"100045291";"DAIANE CRISTINA SOUSA DOS SANTOS";"08149074317";"";"0";"PROPRIA";"33904899";"DEMAIS AUXÍLIOS FINANCEIROS A PESSOAS FÍSICAS";"AUXILIO VULNERABILIDADE";"396";"2024";"L";"11/01/2024";"0";"01/01/2024";"31/01/2024";"15"
"UNIDADE GESTÃO DE ASSISTÊNCIA E DESENVOLV. SOCIAL";"8";"ASSISTÊNCIA SOCIAL";"244";"ASSISTÊNCIA COMUNITÁRIA";"2024";"513";"";"0";"0";"100044302";"JANINE DE CAMARGO REIS MISSIO";"24193819809";"";"0";"PROPRIA";"33904899";"DEMAIS AUXÍLIOS FINANCEIROS A PESSOAS FÍSICAS";"AUXILIO VULNERABILIDADE";"660";"2024";"L";"11/01/2024";"0";"01/01/2024";"31/01/2024";"15"
"UNIDADE GESTÃO DE ASSISTÊNCIA E DESENVOLV. SOCIAL";"8";"ASSISTÊNCIA SOCIAL";"244";"ASSISTÊNCIA COMUNITÁRIA";"2024";"514";"";"0";"0";"100053082";"EDISON CAMILLO DE OLIVEIRA";"13787376879";"";"0";"PROPRIA";"33904899";"DEMAIS AUXÍLIOS FINANCEIROS A PESSOAS FÍSICAS";"AUXILIO VULNERABILIDADE";"850";"2024";"L";"11/01/2024";"0";"01/01/2024";"31/01/2024";"15"
"UNIDADE GESTÃO DE ASSISTÊNCIA E DESENVOLV. SOCIAL";"8";"ASSISTÊNCIA SOCIAL";"244";"ASSISTÊNCIA COMUNITÁRIA";"2024";"515";"";"0";"0";"100042175";"ELLEN DAIANA RODRIGUES MACHADO";"34112964889";"";"0";"PROPRIA";"33904899";"DEMAIS AUXÍLIOS FINANCEIROS A PESSOAS FÍSICAS";"AUXILIO VULNERABILIDADE";"850";"2024";"L";"23/01/2024";"0";"01/01/2024";"31/01/2024";"15"
"UNIDADE GESTÃO DE ASSISTÊNCIA E DESENVOLV. SOCIAL";"8";"ASSISTÊNCIA SOCIAL";"244";"ASSISTÊNCIA COMUNITÁRIA";"2024";"516";"";"0";"0";"100052006";"FLAVIA APARECIDA ROCHA MARQUES";"36018502810";"";"0";"PROPRIA";"33904899";"DEMAIS AUXÍLIOS FINANCEIROS A PESSOAS FÍSICAS";"AUXILIO VULNERABILIDADE";"350";"2024";"L";"23/01/2024";"0";"01/01/2024";"31/01/2024";"15"
"UNIDADE GESTÃO DE ASSISTÊNCIA E DESENVOLV. SOCIAL";"8";"ASSISTÊNCIA SOCIAL";"244";"ASSISTÊNCIA COMUNITÁRIA";"2024";"517";"";"0";"0";"100037080";"ELISANGELA REGINA FLORENCIO";"42509957805";"";"0";"PROPRIA";"33904899";"DEMAIS AUXÍLIOS FINANCEIROS A PESSOAS FÍSICAS";"AUXILIO VULNERABILIDADE";"500";"2024";"L";"23/01/2024";"0";"01/01/2024";"31/01/2024";"15"
"UNIDADE GESTÃO DE ASSISTÊNCIA E DESENVOLV. SOCIAL";"8";"ASSISTÊNCIA SOCIAL";"244";"ASSISTÊNCIA COMUNITÁRIA";"2024";"518";"";"0";"0";"100049832";"DAIANE DA SILVA BARRETO";"34835092830";"";"0";"PROPRIA";"33904899";"DEMAIS AUXÍLIOS FINANCEIROS A PESSOAS FÍSICAS";"AUXILIO VULNERABILIDADE";"350";"2024";"L";"23/01/2024";"0";"01/01/2024";"31/01/2024";"15"
"UNIDADE GESTÃO DE ASSISTÊNCIA E DESENVOLV. SOCIAL";"8";"ASSISTÊNCIA SOCIAL";"244";"ASSISTÊNCIA COMUNITÁRIA";"2024";"519";"";"0";"0";"100045216";"LEANDRA REGINA DA SILVA";"30035354801";"";"0";"PROPRIA";"33904899";"DEMAIS AUXÍLIOS FINANCEIROS A PESSOAS FÍSICAS";"AUXILIO VULNERABILIDADE";"850";"2024";"L";"23/01/2024";"0";"01/01/2024";"31/01/2024";"15"
"UNIDADE GESTÃO DE ASSISTÊNCIA E DESENVOLV. SOCIAL";"8";"ASSISTÊNCIA SOCIAL";"244";"ASSISTÊNCIA COMUNITÁRIA";"2024";"520";"";"0";"0";"100052581";"EURIPEDES MARTINS SOUZA";"08714085895";"";"0";"PROPRIA";"33904899";"DEMAIS AUXÍLIOS FINANCEIROS A PESSOAS FÍSICAS";"AUXILIO VULNERABILIDADE";"350";"2024";"L";"23/01/2024";"0";"01/01/2024";"31/01/2024";"15"
"UNIDADE GESTÃO DE ASSISTÊNCIA E DESENVOLV. SOCIAL";"8";"ASSISTÊNCIA SOCIAL";"244";"ASSISTÊNCIA COMUNITÁRIA";"2024";"521";"";"0";"0";"100052501";"REGINA DE OLIVEIRA";"35177690881";"";"0";"PROPRIA";"33904899";"DEMAIS AUXÍLIOS FINANCEIROS A PESSOAS FÍSICAS";"AUXILIO VULNERABILIDADE";"850";"2024";"L";"11/01/2024";"0";"01/01/2024";"31/01/2024";"15"
"UNIDADE GESTÃO DE ASSISTÊNCIA E DESENVOLV. SOCIAL";"8";"ASSISTÊNCIA SOCIAL";"244";"ASSISTÊNCIA COMUNITÁRIA";"2024";"522";"";"0";"0";"100051611";"LUCIANA ROSARIA TARSITANO";"30990381803";"";"0";"PROPRIA";"33904899";"DEMAIS AUXÍLIOS FINANCEIROS A PESSOAS FÍSICAS";"AUXILIO VULNERABILIDADE";"500";"2024";"L";"11/01/2024";"0";"01/01/2024";"31/01/2024";"15"
"UNIDADE GESTÃO DE ASSISTÊNCIA E DESENVOLV. SOCIAL";"8";"ASSISTÊNCIA SOCIAL";"244";"ASSISTÊNCIA COMUNITÁRIA";"2024";"523";"";"0";"0";"100039268";"BENEDITA APARECIDA DA SILVA FRANCO BISPO";"22780501847";"";"0";"PROPRIA";"33904899";"DEMAIS AUXÍLIOS FINANCEIROS A PESSOAS FÍSICAS";"AUXILIO VULNERABILIDADE";"850";"2024";"L";"11/01/2024";"0";"01/01/2024";"31/01/2024";"15"
"UNIDADE GESTÃO DE ASSISTÊNCIA E DESENVOLV. SOCIAL";"8";"ASSISTÊNCIA SOCIAL";"244";"ASSISTÊNCIA COMUNITÁRIA";"2024";"524";"";"0";"0";"100053280";"DENIZE APARECIDA DE OLIVEIRA";"35418122819";"";"0";"PROPRIA";"33904899";"DEMAIS AUXÍLIOS FINANCEIROS A PESSOAS FÍSICAS";"AUXILIO VULNERABILIDADE";"660";"2024";"L";"05/01/2024";"0";"01/01/2024";"31/01/2024";"15"
"UNIDADE GESTÃO DE ASSISTÊNCIA E DESENVOLV. SOCIAL";"8";"ASSISTÊNCIA SOCIAL";"244";"ASSISTÊNCIA COMUNITÁRIA";"2024";"525";"";"0";"0";"100053279";"AURELINA GONÇALVES DA SILVA";"98138286768";"";"0";"PROPRIA";"33904899";"DEMAIS AUXÍLIOS FINANCEIROS A PESSOAS FÍSICAS";"AUXILIO VULNERABILIDADE";"924";"2024";"L";"05/01/2024";"0";"01/01/2024";"31/01/2024";"15"
"UNIDADE GESTÃO DE ASSISTÊNCIA E DESENVOLV. SOCIAL";"8";"ASSISTÊNCIA SOCIAL";"244";"ASSISTÊNCIA COMUNITÁRIA";"2024";"526";"";"0";"0";"100053308";"EDILANIA ALVES DE OLIVEIRA";"03327198390";"";"0";"PROPRIA";"33904899";"DEMAIS AUXÍLIOS FINANCEIROS A PESSOAS FÍSICAS";"AUXILIO VULNERABILIDADE";"660";"2024";"L";"05/01/2024";"0";"01/01/2024";"31/01/2024";"15"
"UNIDADE GESTÃO DE ASSISTÊNCIA E DESENVOLV. SOCIAL";"8";"ASSISTÊNCIA SOCIAL";"244";"ASSISTÊNCIA COMUNITÁRIA";"2024";"527";"";"0";"0";"100053307";"DRIELLY PRADO DE JESUS";"43177872880";"";"0";"PROPRIA";"33904899";"DEMAIS AUXÍLIOS FINANCEIROS A PESSOAS FÍSICAS";"AUXILIO VULNERABILIDADE";"660";"2024";"L";"05/01/2024";"0";"01/01/2024";"31/01/2024";"15"
"UNIDADE GESTÃO DE ASSISTÊNCIA E DESENVOLV. SOCIAL";"8";"ASSISTÊNCIA SOCIAL";"244";"ASSISTÊNCIA COMUNITÁRIA";"2024";"528";"";"0";"0";"100051879";"APARECIDA DE FATIMA FERRUGEN";"05083113813";"";"0";"PROPRIA";"33904899";"DEMAIS AUXÍLIOS FINANCEIROS A PESSOAS FÍSICAS";"AUXILIO VULNERABILIDADE";"850";"2024";"L";"05/01/2024";"0";"01/01/2024";"31/01/2024";"15"
"UNIDADE DE GESTÃO DE EDUCAÇÃO";"12";"EDUCAÇÃO";"306";"ALIMENTAÇÃO E NUTRIÇÃO";"2024";"536";"2022";"552";"14";"100038253";"WESLEY  DIONE GRANJA ME";"31301174000118";"PREGÃO ELETRÔNICO";"6108";"QUOTA DO SALARIO EDUCACAO";"33903007";"GENEROS DE ALIMENTACAO";"ATUM RALADO EM OLEO COMESTIVEL E CALDO VEGETAL";"14792";"2024";"L";"29/01/2024";"0";"01/01/2024";"31/01/2024";"13"
"UNIDADE DE GESTÃO DE EDUCAÇÃO";"12";"EDUCAÇÃO";"306";"ALIMENTAÇÃO E NUTRIÇÃO";"2024";"537";"2022";"553";"14";"1074558";"SOCOM ALIMENTOS LTDA EPP";"53372363000114";"PREGÃO ELETRÔNICO";"6108";"QUOTA DO SALARIO EDUCACAO";"33903007";"GENEROS DE ALIMENTACAO";"BISCOITO DOCE COM CACAU E AVEIA";"26220";"2024";"L";"29/01/2024";"0";"01/01/2024";"31/01/2024";"13"
"UNIDADE DE GESTÃO DE CULTURA";"4";"ADMINISTRAÇÃO";"122";"ADMINISTRAÇÃO GERAL";"2024";"547";"";"0";"0";"100053016";"PMJ-FERNANDO COSTA BRAGA";"18633651840";"";"0";"PROPRIA";"33903099";"OUTROS MATERIAIS DE CONSUMO";"ADIANTAMENTOS(SERVIDORES).";"400";"2024";"L";"05/01/2024";"0";"01/01/2024";"31/01/2024";"22"
"UNIDADE DE GESTÃO DE CULTURA";"4";"ADMINISTRAÇÃO";"122";"ADMINISTRAÇÃO GERAL";"2024";"548";"";"0";"0";"100053016";"PMJ-FERNANDO COSTA BRAGA";"18633651840";"";"0";"PROPRIA";"33903999";"OUTROS SERVICOS DE TERCEIROS - PESSOA JURIDICA";"ADIANTAMENTOS(SERVIDORES).";"1500";"2024";"L";"05/01/2024";"0";"01/01/2024";"31/01/2024";"22"
"UNIDADE DE GESTÃO DE ADMINIST. E GESTÃO DE PESSOAS";"4";"ADMINISTRAÇÃO";"122";"ADMINISTRAÇÃO GERAL";"2024";"551";"2023";"16";"14";"1097484";"CAFE CAICARA LTDA.";"50929884000131";"PREGÃO ELETRÔNICO";"0";"PROPRIA";"33903007";"GENEROS DE ALIMENTACAO";"CAFE TORRADO E MOIDO. COM 500G. QUAL. GLOBAL MIN. 4.8 PONTOS";"1509.6";"2024";"L";"10/01/2024";"0";"01/01/2024";"31/01/2024";"7"
"UNIDADE DE GESTÃO DE INFRAEST. E SERVIÇOS PÚBLICOS";"18";"GESTÃO AMBIENTAL";"541";"PRESERVAÇÃO E CONSERVAÇÃO AMBIENTAL";"2024";"553";"2023";"1400";"1";"100019433";"A.TELECAMP COM. DE EQUIPS. DE TELEFONIA LTDA EPP";"58672171000147";"COMPRA DIRETA";"0";"PROPRIA";"33903917";"MANUTENCAO E CONSERVACAO DE MAQUINAS E EQUIPAMENTO";"MANUTENCAO PREVENTIVA. CORRETIVA E ASSESSORIA-PABX";"191.66";"2024";"L";"12/01/2024";"0";"01/01/2024";"31/01/2024";"10"
"UNIDADE DE GESTÃO DE PROMOÇÃO DA SAÚDE";"4";"ADMINISTRAÇÃO";"122";"ADMINISTRAÇÃO GERAL";"2024";"556";"";"0";"0";"100032237";"PMJ - JÉSSICA CRISTINA PESTANA";"32270154800";"";"0";"PROPRIA";"33903099";"OUTROS MATERIAIS DE CONSUMO";"ADIANTAMENTOS(SERVIDORES).";"1500";"2024";"L";"05/01/2024";"0";"01/01/2024";"31/01/2024";"14"
"UNIDADE DE GESTÃO DE PROMOÇÃO DA SAÚDE";"4";"ADMINISTRAÇÃO";"122";"ADMINISTRAÇÃO GERAL";"2024";"557";"";"0";"0";"100032237";"PMJ - JÉSSICA CRISTINA PESTANA";"32270154800";"";"0";"PROPRIA";"33903999";"OUTROS SERVICOS DE TERCEIROS - PESSOA JURIDICA";"ADIANTAMENTOS(SERVIDORES).";"3000";"2024";"L";"05/01/2024";"0";"01/01/2024";"31/01/2024";"14"
"UNIDADE GESTÃO DE ASSISTÊNCIA E DESENVOLV. SOCIAL";"8";"ASSISTÊNCIA SOCIAL";"244";"ASSISTÊNCIA COMUNITÁRIA";"2024";"558";"";"0";"0";"100051299";"ANA PAULA ARAUJO DE CAMPOS OLIVEIRA";"37320197804";"";"0";"PROPRIA";"33904899";"DEMAIS AUXÍLIOS FINANCEIROS A PESSOAS FÍSICAS";"AUXILIO VULNERABILIDADE";"924";"2024";"L";"05/01/2024";"0";"01/01/2024";"31/01/2024";"15"
"UNIDADE GESTÃO DE ASSISTÊNCIA E DESENVOLV. SOCIAL";"8";"ASSISTÊNCIA SOCIAL";"244";"ASSISTÊNCIA COMUNITÁRIA";"2024";"559";"";"0";"0";"100051302";"KARLA DE CASSIA CANDIDO";"11815201690";"";"0";"PROPRIA";"33904899";"DEMAIS AUXÍLIOS FINANCEIROS A PESSOAS FÍSICAS";"AUXILIO VULNERABILIDADE";"924";"2024";"L";"05/01/2024";"0";"01/01/2024";"31/01/2024";"15"
"UNIDADE GESTÃO DE ASSISTÊNCIA E DESENVOLV. SOCIAL";"8";"ASSISTÊNCIA SOCIAL";"244";"ASSISTÊNCIA COMUNITÁRIA";"2024";"560";"";"0";"0";"100051374";"DEBORA CRISTINA AYALA ALVES";"29728994826";"";"0";"PROPRIA";"33904899";"DEMAIS AUXÍLIOS FINANCEIROS A PESSOAS FÍSICAS";"AUXILIO VULNERABILIDADE";"660";"2024";"L";"05/01/2024";"0";"01/01/2024";"31/01/2024";"15"
"UNIDADE DE GESTÃO DE ADMINIST. E GESTÃO DE PESSOAS";"4";"ADMINISTRAÇÃO";"122";"ADMINISTRAÇÃO GERAL";"2024";"565";"2023";"288";"14";"100030109";"SMALL DISTRIBUIDORA DE DERIVADOS DE PETROLEO LTDA";"02044526000107";"PREGÃO ELETRÔNICO";"0";"PROPRIA";"33903001";"COMBUSTIVEIS E LUBRIFICANTES AUTOMOTIVOS";"BIODIESEL S-10 (A GRANEL)";"1246.26";"2024";"L";"15/01/2024";"0";"01/01/2024";"31/01/2024";"7"
"UNIDADE DE GESTÃO DE ADMINIST. E GESTÃO DE PESSOAS";"4";"ADMINISTRAÇÃO";"122";"ADMINISTRAÇÃO GERAL";"2024";"565";"2023";"288";"14";"100030109";"SMALL DISTRIBUIDORA DE DERIVADOS DE PETROLEO LTDA";"02044526000107";"PREGÃO ELETRÔNICO";"0";"PROPRIA";"33903001";"COMBUSTIVEIS E LUBRIFICANTES AUTOMOTIVOS";"BIODIESEL S-10 (A GRANEL)";"77568";"2024";"L";"23/01/2024";"0";"01/01/2024";"31/01/2024";"7"
"UNIDADE DE GESTÃO DE ADMINIST. E GESTÃO DE PESSOAS";"4";"ADMINISTRAÇÃO";"122";"ADMINISTRAÇÃO GERAL";"2024";"565";"2023";"288";"14";"100030109";"SMALL DISTRIBUIDORA DE DERIVADOS DE PETROLEO LTDA";"02044526000107";"PREGÃO ELETRÔNICO";"0";"PROPRIA";"33903001";"COMBUSTIVEIS E LUBRIFICANTES AUTOMOTIVOS";"ALCOOL COMBUSTIVEL. A GRANEL.";"31162";"2024";"L";"31/01/2024";"0";"01/01/2024";"31/01/2024";"7"
"UNIDADE DE GESTÃO DE ADMINIST. E GESTÃO DE PESSOAS";"4";"ADMINISTRAÇÃO";"122";"ADMINISTRAÇÃO GERAL";"2024";"565";"2023";"288";"14";"100030109";"SMALL DISTRIBUIDORA DE DERIVADOS DE PETROLEO LTDA";"02044526000107";"PREGÃO ELETRÔNICO";"0";"PROPRIA";"33903001";"COMBUSTIVEIS E LUBRIFICANTES AUTOMOTIVOS";"BIODIESEL S-10 (A GRANEL)";"78727.5";"2024";"L";"31/01/2024";"0";"01/01/2024";"31/01/2024";"7"
"UNIDADE DE GESTÃO DE GOVERNO E FINANÇAS";"28";"ENCARGOS ESPECIAIS";"846";"OUTROS ENCARGOS ESPECIAIS";"2024";"569";"";"0";"0";"100053314";"ONCOVYD SERVIÇOS MÉDICOS LTDA";"31943773000135";"";"0";"PROPRIA";"33909302";"RESTITUICOES";"INDENIZACOES E/OU RESSARCIMENTOS(P. JURIDICA).";"21985.43";"2024";"L";"09/01/2024";"0";"01/01/2024";"31/01/2024";"8"
"UNIDADE DE GESTÃO DE GOVERNO E FINANÇAS";"28";"ENCARGOS ESPECIAIS";"846";"OUTROS ENCARGOS ESPECIAIS";"2024";"570";"";"0";"0";"100053317";"NOVA CLIMET - CLINICA DE MEDICINA DO TRABALHO LTDA";"41685437000193";"";"0";"PROPRIA";"33909302";"RESTITUICOES";"INDENIZACOES E/OU RESSARCIMENTOS(P. JURIDICA).";"83.89";"2024";"L";"08/01/2024";"0";"01/01/2024";"31/01/2024";"8"
"UNIDADE DE GESTÃO DE PROMOÇÃO DA SAÚDE";"10";"SAÚDE";"302";"ASSISTÊNCIA HOSPITALAR E AMBULATORIAL";"2024";"573";"";"0";"0";"100034036";"ASSOCIACAO FUNDO DE INCENTIVO A PESQUISA";"47673793008743";"";"5001";"FUNDO NACIONAL DE SAUDE - MS/SAS";"33503956";"OUTROS SERVIÇOS DE ASSISTÊNCIA À SAÚDE";"SERVICOS DE SAUDE(P. JURIDICAS).";"164293.41";"2024";"L";"11/01/2024";"0";"01/01/2024";"31/01/2024";"14"
"UNIDADE DE GESTÃO DE PROMOÇÃO DA SAÚDE";"10";"SAÚDE";"302";"ASSISTÊNCIA HOSPITALAR E AMBULATORIAL";"2024";"574";"";"0";"0";"100034036";"ASSOCIACAO FUNDO DE INCENTIVO A PESQUISA";"47673793008743";"";"0";"PROPRIA";"33503956";"OUTROS SERVIÇOS DE ASSISTÊNCIA À SAÚDE";"SERVICOS DE SAUDE(P. JURIDICAS).";"82859.45";"2024";"L";"11/01/2024";"0";"01/01/2024";"31/01/2024";"14"
"UNIDADE DE GESTÃO DE PROMOÇÃO DA SAÚDE";"10";"SAÚDE";"302";"ASSISTÊNCIA HOSPITALAR E AMBULATORIAL";"2024";"575";"";"0";"0";"100022427";"ASSOCIACAO FUNDO DE INCENTIVO A PESQUISA";"47673793000416";"";"5001";"FUNDO NACIONAL DE SAUDE - MS/SAS";"33503955";"SERVIÇOS LABORATORIAIS";"SERVICOS DE SAUDE(P. JURIDICAS).";"703500";"2024";"L";"11/01/2024";"0";"01/01/2024";"31/01/2024";"14"
"UNIDADE DE GESTÃO DE PROMOÇÃO DA SAÚDE";"10";"SAÚDE";"302";"ASSISTÊNCIA HOSPITALAR E AMBULATORIAL";"2024";"579";"";"0";"0";"1008036";"ASSOC DE EDUCACAO TERAPEUTICA  AMARATI";"51910578000116";"";"0";"PROPRIA";"33503952";"SERVIÇOS MÉDICO-HOSPITALARES PRESTADOS EM UNIDADES";"SERVICOS DE SAUDE(P. JURIDICAS).";"135647.66";"2024";"L";"08/01/2024";"0";"01/01/2024";"31/01/2024";"14"
"UNIDADE DE GESTÃO DE PROMOÇÃO DA SAÚDE";"10";"SAÚDE";"302";"ASSISTÊNCIA HOSPITALAR E AMBULATORIAL";"2024";"579";"";"0";"0";"1008036";"ASSOC DE EDUCACAO TERAPEUTICA  AMARATI";"51910578000116";"";"0";"PROPRIA";"33503952";"SERVIÇOS MÉDICO-HOSPITALARES PRESTADOS EM UNIDADES";"SERVICOS DE SAUDE(P. JURIDICAS).";"135647.66";"2024";"L";"29/01/2024";"0";"01/01/2024";"31/01/2024";"14"
"UNIDADE DE GESTÃO DE PROMOÇÃO DA SAÚDE";"10";"SAÚDE";"302";"ASSISTÊNCIA HOSPITALAR E AMBULATORIAL";"2024";"580";"";"0";"0";"1008036";"ASSOC DE EDUCACAO TERAPEUTICA  AMARATI";"51910578000116";"";"5001";"FUNDO NACIONAL DE SAUDE - MS/SAS";"33503952";"SERVIÇOS MÉDICO-HOSPITALARES PRESTADOS EM UNIDADES";"SERVICOS DE SAUDE(P. JURIDICAS).";"24352.34";"2024";"L";"08/01/2024";"0";"01/01/2024";"31/01/2024";"14"
"UNIDADE DE GESTÃO DE PROMOÇÃO DA SAÚDE";"10";"SAÚDE";"302";"ASSISTÊNCIA HOSPITALAR E AMBULATORIAL";"2024";"580";"";"0";"0";"1008036";"ASSOC DE EDUCACAO TERAPEUTICA  AMARATI";"51910578000116";"";"5001";"FUNDO NACIONAL DE SAUDE - MS/SAS";"33503952";"SERVIÇOS MÉDICO-HOSPITALARES PRESTADOS EM UNIDADES";"SERVICOS DE SAUDE(P. JURIDICAS).";"24352.34";"2024";"L";"29/01/2024";"0";"01/01/2024";"31/01/2024";"14"
"UNIDADE DE GESTÃO DE PROMOÇÃO DA SAÚDE";"10";"SAÚDE";"302";"ASSISTÊNCIA HOSPITALAR E AMBULATORIAL";"2024";"586";"";"0";"0";"1008168";"ASSOC TERAP DE ESTIMO AUDITIVA E LINGUAGEM";"51910842000111";"";"5001";"FUNDO NACIONAL DE SAUDE - MS/SAS";"33503953";"SERVIÇOS MÉDICO-HOSPITALARES PRESTADOS NA ATENÇÃO";"SERVICOS DE SAUDE(P. JURIDICAS).";"141601.82";"2024";"L";"08/01/2024";"0";"01/01/2024";"31/01/2024";"14"
"UNIDADE DE GESTÃO DE PROMOÇÃO DA SAÚDE";"10";"SAÚDE";"302";"ASSISTÊNCIA HOSPITALAR E AMBULATORIAL";"2024";"586";"";"0";"0";"1008168";"ASSOC TERAP DE ESTIMO AUDITIVA E LINGUAGEM";"51910842000111";"";"5001";"FUNDO NACIONAL DE SAUDE - MS/SAS";"33503953";"SERVIÇOS MÉDICO-HOSPITALARES PRESTADOS NA ATENÇÃO";"SERVICOS DE SAUDE(P. JURIDICAS).";"141601.82";"2024";"L";"29/01/2024";"0";"01/01/2024";"31/01/2024";"14"
"UNIDADE DE GESTÃO DE PROMOÇÃO DA SAÚDE";"10";"SAÚDE";"302";"ASSISTÊNCIA HOSPITALAR E AMBULATORIAL";"2024";"587";"";"0";"0";"1008168";"ASSOC TERAP DE ESTIMO AUDITIVA E LINGUAGEM";"51910842000111";"";"0";"PROPRIA";"33503953";"SERVIÇOS MÉDICO-HOSPITALARES PRESTADOS NA ATENÇÃO";"SERVICOS DE SAUDE(P. JURIDICAS).";"33308.92";"2024";"L";"08/01/2024";"0";"01/01/2024";"31/01/2024";"14"
"UNIDADE DE GESTÃO DE PROMOÇÃO DA SAÚDE";"10";"SAÚDE";"302";"ASSISTÊNCIA HOSPITALAR E AMBULATORIAL";"2024";"587";"";"0";"0";"1008168";"ASSOC TERAP DE ESTIMO AUDITIVA E LINGUAGEM";"51910842000111";"";"0";"PROPRIA";"33503953";"SERVIÇOS MÉDICO-HOSPITALARES PRESTADOS NA ATENÇÃO";"SERVICOS DE SAUDE(P. JURIDICAS).";"33308.92";"2024";"L";"29/01/2024";"0";"01/01/2024";"31/01/2024";"14"
"UNIDADE DE GESTÃO DE PROMOÇÃO DA SAÚDE";"10";"SAÚDE";"302";"ASSISTÊNCIA HOSPITALAR E AMBULATORIAL";"2024";"589";"";"0";"0";"1008168";"ASSOC TERAP DE ESTIMO AUDITIVA E LINGUAGEM";"51910842000111";"";"0";"PROPRIA";"33503953";"SERVIÇOS MÉDICO-HOSPITALARES PRESTADOS NA ATENÇÃO";"SERVICOS DE SAUDE(P. JURIDICAS).";"9030";"2024";"L";"08/01/2024";"0";"01/01/2024";"31/01/2024";"14"
"UNIDADE DE GESTÃO DE PROMOÇÃO DA SAÚDE";"10";"SAÚDE";"302";"ASSISTÊNCIA HOSPITALAR E AMBULATORIAL";"2024";"589";"";"0";"0";"1008168";"ASSOC TERAP DE ESTIMO AUDITIVA E LINGUAGEM";"51910842000111";"";"0";"PROPRIA";"33503953";"SERVIÇOS MÉDICO-HOSPITALARES PRESTADOS NA ATENÇÃO";"SERVICOS DE SAUDE(P. JURIDICAS).";"9030";"2024";"L";"29/01/2024";"0";"01/01/2024";"31/01/2024";"14"
"UNIDADE DE GESTÃO DE PROMOÇÃO DA SAÚDE";"10";"SAÚDE";"302";"ASSISTÊNCIA HOSPITALAR E AMBULATORIAL";"2024";"590";"";"0";"0";"100020704";"INST.JUND.LUIZ BRAILLE DE ASSIST.AO DEFIC.DA VISAO";"50958859000267";"";"5001";"FUNDO NACIONAL DE SAUDE - MS/SAS";"33503956";"OUTROS SERVIÇOS DE ASSISTÊNCIA À SAÚDE";"SERVICOS DE SAUDE(P. JURIDICAS).";"10106.22";"2024";"L";"10/01/2024";"0";"01/01/2024";"31/01/2024";"14"
"UNIDADE DE GESTÃO DE PROMOÇÃO DA SAÚDE";"10";"SAÚDE";"302";"ASSISTÊNCIA HOSPITALAR E AMBULATORIAL";"2024";"591";"";"0";"0";"100020704";"INST.JUND.LUIZ BRAILLE DE ASSIST.AO DEFIC.DA VISAO";"50958859000267";"";"0";"PROPRIA";"33503956";"OUTROS SERVIÇOS DE ASSISTÊNCIA À SAÚDE";"SERVICOS DE SAUDE(P. JURIDICAS).";"1540";"2024";"L";"10/01/2024";"0";"01/01/2024";"31/01/2024";"14"
"UNIDADE DE GESTÃO DE PROMOÇÃO DA SAÚDE";"10";"SAÚDE";"302";"ASSISTÊNCIA HOSPITALAR E AMBULATORIAL";"2024";"592";"";"0";"0";"1002583";"CENTRO DE REABILITACAO DE JUNDIAI";"51864619000185";"";"5001";"FUNDO NACIONAL DE SAUDE - MS/SAS";"33503952";"SERVIÇOS MÉDICO-HOSPITALARES PRESTADOS EM UNIDADES";"SERVICOS DE SAUDE(P. JURIDICAS).";"33134.99";"2024";"L";"10/01/2024";"0";"01/01/2024";"31/01/2024";"14"
"UNIDADE DE GESTÃO DE PROMOÇÃO DA SAÚDE";"10";"SAÚDE";"302";"ASSISTÊNCIA HOSPITALAR E AMBULATORIAL";"2024";"592";"";"0";"0";"1002583";"CENTRO DE REABILITACAO DE JUNDIAI";"51864619000185";"";"5001";"FUNDO NACIONAL DE SAUDE - MS/SAS";"33503952";"SERVIÇOS MÉDICO-HOSPITALARES PRESTADOS EM UNIDADES";"SERVICOS DE SAUDE(P. JURIDICAS).";"33134.99";"2024";"L";"29/01/2024";"0";"01/01/2024";"31/01/2024";"14"
"UNIDADE DE GESTÃO DE PROMOÇÃO DA SAÚDE";"10";"SAÚDE";"302";"ASSISTÊNCIA HOSPITALAR E AMBULATORIAL";"2024";"594";"";"0";"0";"4010914";"INSTITUTO JUNDIAIENSE LUIZ BRAILLE";"50958859000186";"";"5001";"FUNDO NACIONAL DE SAUDE - MS/SAS";"33503956";"OUTROS SERVIÇOS DE ASSISTÊNCIA À SAÚDE";"SERVICOS DE SAUDE(P. JURIDICAS).";"195725.24";"2024";"L";"10/01/2024";"0";"01/01/2024";"31/01/2024";"14"
"UNIDADE DE GESTÃO DE PROMOÇÃO DA SAÚDE";"10";"SAÚDE";"302";"ASSISTÊNCIA HOSPITALAR E AMBULATORIAL";"2024";"595";"";"0";"0";"1002583";"CENTRO DE REABILITACAO DE JUNDIAI";"51864619000185";"";"0";"PROPRIA";"33503952";"SERVIÇOS MÉDICO-HOSPITALARES PRESTADOS EM UNIDADES";"SERVICOS DE SAUDE(P. JURIDICAS).";"10500";"2024";"L";"10/01/2024";"0";"01/01/2024";"31/01/2024";"14"
"UNIDADE DE GESTÃO DE PROMOÇÃO DA SAÚDE";"10";"SAÚDE";"302";"ASSISTÊNCIA HOSPITALAR E AMBULATORIAL";"2024";"595";"";"0";"0";"1002583";"CENTRO DE REABILITACAO DE JUNDIAI";"51864619000185";"";"0";"PROPRIA";"33503952";"SERVIÇOS MÉDICO-HOSPITALARES PRESTADOS EM UNIDADES";"SERVICOS DE SAUDE(P. JURIDICAS).";"10500";"2024";"L";"29/01/2024";"0";"01/01/2024";"31/01/2024";"14"
"UNIDADE DE GESTÃO DE PROMOÇÃO DA SAÚDE";"10";"SAÚDE";"302";"ASSISTÊNCIA HOSPITALAR E AMBULATORIAL";"2024";"597";"";"0";"0";"100002020";"CTO.ESPEC.TRAT.DEP.ALCOOL E DROGAS CEAD";"03302793000191";"";"0";"PROPRIA";"33503956";"OUTROS SERVIÇOS DE ASSISTÊNCIA À SAÚDE";"SERVICOS DE SAUDE(P. JURIDICAS).";"207056.96";"2024";"L";"11/01/2024";"0";"01/01/2024";"31/01/2024";"14"
"UNIDADE DE GESTÃO DE PROMOÇÃO DA SAÚDE";"10";"SAÚDE";"302";"ASSISTÊNCIA HOSPITALAR E AMBULATORIAL";"2024";"598";"";"0";"0";"100002020";"CTO.ESPEC.TRAT.DEP.ALCOOL E DROGAS CEAD";"03302793000191";"";"5001";"FUNDO NACIONAL DE SAUDE - MS/SAS";"33503956";"OUTROS SERVIÇOS DE ASSISTÊNCIA À SAÚDE";"SERVICOS DE SAUDE(P. JURIDICAS).";"71875";"2024";"L";"11/01/2024";"0";"01/01/2024";"31/01/2024";"14"
"UNIDADE DE GESTÃO DE GOVERNO E FINANÇAS";"28";"ENCARGOS ESPECIAIS";"846";"OUTROS ENCARGOS ESPECIAIS";"2024";"617";"";"0";"0";"100053320";"LUCIANA FRANCO DE MATTOS";"00441878903";"";"0";"PROPRIA";"33909115";"SENTENÇAS JUDICIAIS DE PEQUENO VALOR";"DESPESAS OBRIGATORIAS E/OU JUDICIAIS(P. FISICAS).";"8354.39";"2024";"L";"09/01/2024";"0";"01/01/2024";"31/01/2024";"8"
"UNIDADE DE GESTÃO DE GOVERNO E FINANÇAS";"28";"ENCARGOS ESPECIAIS";"846";"OUTROS ENCARGOS ESPECIAIS";"2024";"618";"";"0";"0";"100053321";"ADRIANA CRISTINA DA SILVA DAVID";"16817690854";"";"0";"PROPRIA";"33909115";"SENTENÇAS JUDICIAIS DE PEQUENO VALOR";"DESPESAS OBRIGATORIAS E/OU JUDICIAIS(P. FISICAS).";"8611.92";"2024";"L";"09/01/2024";"0";"01/01/2024";"31/01/2024";"8"
"UNIDADE DE GESTÃO DE GOVERNO E FINANÇAS";"28";"ENCARGOS ESPECIAIS";"846";"OUTROS ENCARGOS ESPECIAIS";"2024";"619";"";"0";"0";"100053322";"MARIA APARECIDA BERTOLINI";"10232846855";"";"0";"PROPRIA";"33909115";"SENTENÇAS JUDICIAIS DE PEQUENO VALOR";"DESPESAS OBRIGATORIAS E/OU JUDICIAIS(P. FISICAS).";"8871.38";"2024";"L";"09/01/2024";"0";"01/01/2024";"31/01/2024";"8"
"UNIDADE DE GESTÃO DE GOVERNO E FINANÇAS";"28";"ENCARGOS ESPECIAIS";"846";"OUTROS ENCARGOS ESPECIAIS";"2024";"620";"";"0";"0";"100053323";"ANTONIO MARCOS DOS SANTOS";"06836681881";"";"0";"PROPRIA";"33909115";"SENTENÇAS JUDICIAIS DE PEQUENO VALOR";"DESPESAS OBRIGATORIAS E/OU JUDICIAIS(P. FISICAS).";"13712.78";"2024";"L";"09/01/2024";"0";"01/01/2024";"31/01/2024";"8"
"UNIDADE DE GESTÃO DE GOVERNO E FINANÇAS";"28";"ENCARGOS ESPECIAIS";"846";"OUTROS ENCARGOS ESPECIAIS";"2024";"621";"";"0";"0";"100053324";"JOSÉ EDUARDO DOS SANTOS";"09701445805";"";"0";"PROPRIA";"33909115";"SENTENÇAS JUDICIAIS DE PEQUENO VALOR";"DESPESAS OBRIGATORIAS E/OU JUDICIAIS(P. FISICAS).";"8365.38";"2024";"L";"09/01/2024";"0";"01/01/2024";"31/01/2024";"8"
"UNIDADE DE GESTÃO DE GOVERNO E FINANÇAS";"28";"ENCARGOS ESPECIAIS";"846";"OUTROS ENCARGOS ESPECIAIS";"2024";"622";"";"0";"0";"100053326";"CLELIA SILENE DA COSTA BERTI";"25865179896";"";"0";"PROPRIA";"33909115";"SENTENÇAS JUDICIAIS DE PEQUENO VALOR";"DESPESAS OBRIGATORIAS E/OU JUDICIAIS(P. FISICAS).";"4502.27";"2024";"L";"09/01/2024";"0";"01/01/2024";"31/01/2024";"8"
"UNIDADE DE GESTÃO DE GOVERNO E FINANÇAS";"28";"ENCARGOS ESPECIAIS";"846";"OUTROS ENCARGOS ESPECIAIS";"2024";"623";"";"0";"0";"100053328";"ILDA CIMA";"15315959104";"";"0";"PROPRIA";"33909115";"SENTENÇAS JUDICIAIS DE PEQUENO VALOR";"DESPESAS OBRIGATORIAS E/OU JUDICIAIS(P. FISICAS).";"6249.65";"2024";"L";"09/01/2024";"0";"01/01/2024";"31/01/2024";"8"
"UNIDADE DE GESTÃO DE GOVERNO E FINANÇAS";"28";"ENCARGOS ESPECIAIS";"846";"OUTROS ENCARGOS ESPECIAIS";"2024";"624";"";"0";"0";"100053329";"MARIANA MASSUCATO";"30662317807";"";"0";"PROPRIA";"33909115";"SENTENÇAS JUDICIAIS DE PEQUENO VALOR";"DESPESAS OBRIGATORIAS E/OU JUDICIAIS(P. FISICAS).";"9584.18";"2024";"L";"09/01/2024";"0";"01/01/2024";"31/01/2024";"8"
"UNIDADE DE GESTÃO DE GOVERNO E FINANÇAS";"28";"ENCARGOS ESPECIAIS";"846";"OUTROS ENCARGOS ESPECIAIS";"2024";"625";"";"0";"0";"100053330";"LAURICI DE FATIMA GOMES PAIVA";"04277963854";"";"0";"PROPRIA";"33909115";"SENTENÇAS JUDICIAIS DE PEQUENO VALOR";"DESPESAS OBRIGATORIAS E/OU JUDICIAIS(P. FISICAS).";"12077.09";"2024";"L";"09/01/2024";"0";"01/01/2024";"31/01/2024";"8"
"UNIDADE DE GESTÃO DE GOVERNO E FINANÇAS";"28";"ENCARGOS ESPECIAIS";"846";"OUTROS ENCARGOS ESPECIAIS";"2024";"626";"";"0";"0";"100053331";"SANDRO MOSCARDINI";"06844779801";"";"0";"PROPRIA";"33909115";"SENTENÇAS JUDICIAIS DE PEQUENO VALOR";"DESPESAS OBRIGATORIAS E/OU JUDICIAIS(P. FISICAS).";"7460.62";"2024";"L";"09/01/2024";"0";"01/01/2024";"31/01/2024";"8"
"UNIDADE DE GESTÃO DE GOVERNO E FINANÇAS";"28";"ENCARGOS ESPECIAIS";"846";"OUTROS ENCARGOS ESPECIAIS";"2024";"627";"";"0";"0";"100053327";"LUIZA ANTONIA CLEMENTE NAZARIO";"10251291804";"";"0";"PROPRIA";"33909115";"SENTENÇAS JUDICIAIS DE PEQUENO VALOR";"DESPESAS OBRIGATORIAS E/OU JUDICIAIS(P. FISICAS).";"18866.37";"2024";"L";"09/01/2024";"0";"01/01/2024";"31/01/2024";"8"
"UNIDADE DE GESTÃO DE GOVERNO E FINANÇAS";"28";"ENCARGOS ESPECIAIS";"846";"OUTROS ENCARGOS ESPECIAIS";"2024";"628";"";"0";"0";"100053332";"ROSANA DI FIORE";"02462212833";"";"0";"PROPRIA";"33909115";"SENTENÇAS JUDICIAIS DE PEQUENO VALOR";"DESPESAS OBRIGATORIAS E/OU JUDICIAIS(P. FISICAS).";"5126.72";"2024";"L";"09/01/2024";"0";"01/01/2024";"31/01/2024";"8"
"UNIDADE DE GESTÃO DE GOVERNO E FINANÇAS";"28";"ENCARGOS ESPECIAIS";"846";"OUTROS ENCARGOS ESPECIAIS";"2024";"629";"";"0";"0";"100053333";"VINICIUS AMARAL CAMPOLONGO";"28245372803";"";"0";"PROPRIA";"33909115";"SENTENÇAS JUDICIAIS DE PEQUENO VALOR";"DESPESAS OBRIGATORIAS E/OU JUDICIAIS(P. FISICAS).";"12828.71";"2024";"L";"09/01/2024";"0";"01/01/2024";"31/01/2024";"8"
"UNIDADE DE GESTÃO DE GOVERNO E FINANÇAS";"28";"ENCARGOS ESPECIAIS";"846";"OUTROS ENCARGOS ESPECIAIS";"2024";"630";"";"0";"0";"100053334";"GISELE MINEIRO";"33054981886";"";"0";"PROPRIA";"33909115";"SENTENÇAS JUDICIAIS DE PEQUENO VALOR";"DESPESAS OBRIGATORIAS E/OU JUDICIAIS(P. FISICAS).";"5507.33";"2024";"L";"09/01/2024";"0";"01/01/2024";"31/01/2024";"8"
"UNIDADE DE GESTÃO DE GOVERNO E FINANÇAS";"28";"ENCARGOS ESPECIAIS";"846";"OUTROS ENCARGOS ESPECIAIS";"2024";"631";"";"0";"0";"100048292";"TANIA CRISTINA MINEIRO";"22510618865";"";"0";"PROPRIA";"33909115";"SENTENÇAS JUDICIAIS DE PEQUENO VALOR";"DESPESAS OBRIGATORIAS E/OU JUDICIAIS(P. FISICAS).";"550.73";"2024";"L";"09/01/2024";"0";"01/01/2024";"31/01/2024";"8"
"UNIDADE DE GESTÃO DE GOVERNO E FINANÇAS";"28";"ENCARGOS ESPECIAIS";"846";"OUTROS ENCARGOS ESPECIAIS";"2024";"632";"";"0";"0";"100051615";"CÉSAR JUAREZ KARLING";"26197350840";"";"0";"PROPRIA";"33909115";"SENTENÇAS JUDICIAIS DE PEQUENO VALOR";"DESPESAS OBRIGATORIAS E/OU JUDICIAIS(P. FISICAS).";"11341.36";"2024";"L";"10/01/2024";"0";"01/01/2024";"31/01/2024";"8"
"UNIDADE DE GESTÃO DE GOVERNO E FINANÇAS";"28";"ENCARGOS ESPECIAIS";"846";"OUTROS ENCARGOS ESPECIAIS";"2024";"633";"";"0";"0";"100044130";"LEANDRO ZONATTI DEBASTIANI";"31347247823";"";"0";"PROPRIA";"33909115";"SENTENÇAS JUDICIAIS DE PEQUENO VALOR";"DESPESAS OBRIGATORIAS E/OU JUDICIAIS(P. FISICAS).";"632.62";"2024";"L";"10/01/2024";"0";"01/01/2024";"31/01/2024";"8"
"UNIDADE DE GESTÃO DE GOVERNO E FINANÇAS";"28";"ENCARGOS ESPECIAIS";"846";"OUTROS ENCARGOS ESPECIAIS";"2024";"634";"";"0";"0";"100053335";"MARCOS ALEXANDRE BORGES";"13772450806";"";"0";"PROPRIA";"33909115";"SENTENÇAS JUDICIAIS DE PEQUENO VALOR";"DESPESAS OBRIGATORIAS E/OU JUDICIAIS(P. FISICAS).";"7016.07";"2024";"L";"10/01/2024";"0";"01/01/2024";"31/01/2024";"8"
"UNIDADE DE GESTÃO DE GOVERNO E FINANÇAS";"28";"ENCARGOS ESPECIAIS";"846";"OUTROS ENCARGOS ESPECIAIS";"2024";"635";"";"0";"0";"100044130";"LEANDRO ZONATTI DEBASTIANI";"31347247823";"";"0";"PROPRIA";"33909115";"SENTENÇAS JUDICIAIS DE PEQUENO VALOR";"DESPESAS OBRIGATORIAS E/OU JUDICIAIS(P. FISICAS).";"1342.88";"2024";"L";"10/01/2024";"0";"01/01/2024";"31/01/2024";"8"
"UNIDADE DE GESTÃO DE PROMOÇÃO DA SAÚDE";"10";"SAÚDE";"302";"ASSISTÊNCIA HOSPITALAR E AMBULATORIAL";"2024";"636";"";"0";"0";"1091917";"GRP EM DEF.DA CRIANCA C/ CANCER GRENDACC";"00797397000194";"";"5001";"FUNDO NACIONAL DE SAUDE - MS/SAS";"33503952";"SERVIÇOS MÉDICO-HOSPITALARES PRESTADOS EM UNIDADES";"SERVICOS DE SAUDE(P. JURIDICAS).";"12628.51";"2024";"L";"10/01/2024";"0";"01/01/2024";"31/01/2024";"14"
"UNIDADE DE GESTÃO DE PROMOÇÃO DA SAÚDE";"10";"SAÚDE";"302";"ASSISTÊNCIA HOSPITALAR E AMBULATORIAL";"2024";"637";"";"0";"0";"1091917";"GRP EM DEF.DA CRIANCA C/ CANCER GRENDACC";"00797397000194";"";"0";"PROPRIA";"33503952";"SERVIÇOS MÉDICO-HOSPITALARES PRESTADOS EM UNIDADES";"SERVICOS DE SAUDE(P. JURIDICAS).";"6078.29";"2024";"L";"10/01/2024";"0";"01/01/2024";"31/01/2024";"14"
"UNIDADE DE GESTÃO DE PROMOÇÃO DA SAÚDE";"10";"SAÚDE";"301";"ATENÇÃO BÁSICA";"2024";"641";"";"0";"0";"100019182";"INSTITUTO IE ARUANDE";"11484697000130";"";"0";"PROPRIA";"33503952";"SERVIÇOS MÉDICO-HOSPITALARES PRESTADOS EM UNIDADES";"SERVICOS DE SAUDE(P. JURIDICAS).";"29180";"2024";"L";"30/01/2024";"0";"01/01/2024";"31/01/2024";"14"
"UNIDADE DE GESTÃO DE PROMOÇÃO DA SAÚDE";"10";"SAÚDE";"301";"ATENÇÃO BÁSICA";"2024";"642";"";"0";"0";"100019182";"INSTITUTO IE ARUANDE";"11484697000130";"";"5002";"FUNDO NACIONAL DE SAUDE - PAB";"33503952";"SERVIÇOS MÉDICO-HOSPITALARES PRESTADOS EM UNIDADES";"SERVICOS DE SAUDE(P. JURIDICAS).";"35200";"2024";"L";"30/01/2024";"0";"01/01/2024";"31/01/2024";"14"
"UNIDADE DE GESTÃO DE MOBILIDADE E TRANSPORTE";"4";"ADMINISTRAÇÃO";"122";"ADMINISTRAÇÃO GERAL";"2024";"644";"";"0";"0";"100041799";"PMJ - DANIEL DA SILVA PEREIRA";"32383969869";"";"0";"PROPRIA";"33903099";"OUTROS MATERIAIS DE CONSUMO";"ADIANTAMENTOS(SERVIDORES).";"1000";"2024";"L";"08/01/2024";"0";"01/01/2024";"31/01/2024";"12"
"UNIDADE DE GESTÃO DE MOBILIDADE E TRANSPORTE";"4";"ADMINISTRAÇÃO";"122";"ADMINISTRAÇÃO GERAL";"2024";"645";"";"0";"0";"100041799";"PMJ - DANIEL DA SILVA PEREIRA";"32383969869";"";"0";"PROPRIA";"33903999";"OUTROS SERVICOS DE TERCEIROS - PESSOA JURIDICA";"ADIANTAMENTOS(SERVIDORES).";"5000";"2024";"L";"08/01/2024";"0";"01/01/2024";"31/01/2024";"12"
"UNIDADE DE GESTÃO DE PROMOÇÃO DA SAÚDE";"10";"SAÚDE";"302";"ASSISTÊNCIA HOSPITALAR E AMBULATORIAL";"2024";"649";"";"0";"0";"1091917";"GRP EM DEF.DA CRIANCA C/ CANCER GRENDACC";"00797397000194";"";"5001";"FUNDO NACIONAL DE SAUDE - MS/SAS";"33503952";"SERVIÇOS MÉDICO-HOSPITALARES PRESTADOS EM UNIDADES";"SERVICOS DE SAUDE(P. JURIDICAS).";"141554.7";"2024";"L";"15/01/2024";"0";"01/01/2024";"31/01/2024";"14"
"UNIDADE DE GESTÃO DE PROMOÇÃO DA SAÚDE";"10";"SAÚDE";"302";"ASSISTÊNCIA HOSPITALAR E AMBULATORIAL";"2024";"649";"";"0";"0";"1091917";"GRP EM DEF.DA CRIANCA C/ CANCER GRENDACC";"00797397000194";"";"5001";"FUNDO NACIONAL DE SAUDE - MS/SAS";"33503952";"SERVIÇOS MÉDICO-HOSPITALARES PRESTADOS EM UNIDADES";"SERVICOS DE SAUDE(P. JURIDICAS).";"29445.3";"2024";"L";"15/01/2024";"0";"01/01/2024";"31/01/2024";"14"
"UNIDADE DE GESTÃO DE PROMOÇÃO DA SAÚDE";"10";"SAÚDE";"303";"SUPORTE PROFILÁTICO E TERAPÊUTICO";"2024";"650";"2023";"272";"14";"1066489";"AGLON COMERCIO E REPRESENTACOES LTDA";"65817900000171";"PREGÃO ELETRÔNICO";"0";"PROPRIA";"33903037";"MEDICAMENTOS FORNECIDOS POR DECISÃO JUDICIAL";"GLICOSAMINA SULFATO 1.5 + CONDROITINA 1.2 G. SACHES";"4212";"2024";"L";"24/01/2024";"0";"01/01/2024";"31/01/2024";"14"
"UNIDADE DE GESTÃO DE PROMOÇÃO DA SAÚDE";"10";"SAÚDE";"303";"SUPORTE PROFILÁTICO E TERAPÊUTICO";"2024";"651";"2023";"272";"14";"100005039";"PORTAL LTDA";"05005873000100";"PREGÃO ELETRÔNICO";"0";"PROPRIA";"33903037";"MEDICAMENTOS FORNECIDOS POR DECISÃO JUDICIAL";"INSULINA ASPART 100 UI/ML (10 ML)";"3285.66";"2024";"L";"17/01/2024";"0";"01/01/2024";"31/01/2024";"14"
"UNIDADE DE GESTÃO DE PROMOÇÃO DA SAÚDE";"10";"SAÚDE";"303";"SUPORTE PROFILÁTICO E TERAPÊUTICO";"2024";"651";"2023";"272";"14";"100005039";"PORTAL LTDA";"05005873000100";"PREGÃO ELETRÔNICO";"0";"PROPRIA";"33903037";"MEDICAMENTOS FORNECIDOS POR DECISÃO JUDICIAL";"INSULINA ASPART 100 UI/ML (10 ML)";"1564.6";"2024";"L";"17/01/2024";"0";"01/01/2024";"31/01/2024";"14"
"UNIDADE DE GESTÃO DE PROMOÇÃO DA SAÚDE";"10";"SAÚDE";"303";"SUPORTE PROFILÁTICO E TERAPÊUTICO";"2024";"651";"2023";"272";"14";"100005039";"PORTAL LTDA";"05005873000100";"PREGÃO ELETRÔNICO";"0";"PROPRIA";"33903037";"MEDICAMENTOS FORNECIDOS POR DECISÃO JUDICIAL";"INSULINA ASPART 100 UI/ML (10 ML)";"625.84";"2024";"L";"24/01/2024";"0";"01/01/2024";"31/01/2024";"14"
"UNIDADE DE GESTÃO DE PROMOÇÃO DA SAÚDE";"10";"SAÚDE";"303";"SUPORTE PROFILÁTICO E TERAPÊUTICO";"2024";"652";"2023";"272";"14";"100025015";"CM HOSPITALAR S.A";"12420164000157";"PREGÃO ELETRÔNICO";"0";"PROPRIA";"33903037";"MEDICAMENTOS FORNECIDOS POR DECISÃO JUDICIAL";"EMPAGLIFLOZINA 25MG";"6120";"2024";"L";"19/01/2024";"0";"01/01/2024";"31/01/2024";"14"
"UNIDADE DE GESTÃO DE GOVERNO E FINANÇAS";"28";"ENCARGOS ESPECIAIS";"846";"OUTROS ENCARGOS ESPECIAIS";"2024";"656";"";"0";"0";"100053345";"VANESSA VASCONCELOS AMBROSIN";"33106895810";"";"0";"PROPRIA";"33909115";"SENTENÇAS JUDICIAIS DE PEQUENO VALOR";"DESPESAS OBRIGATORIAS E/OU JUDICIAIS(P. FISICAS).";"4590.21";"2024";"L";"10/01/2024";"0";"01/01/2024";"31/01/2024";"8"
"UNIDADE DE GESTÃO DE GOVERNO E FINANÇAS";"28";"ENCARGOS ESPECIAIS";"846";"OUTROS ENCARGOS ESPECIAIS";"2024";"657";"";"0";"0";"100028512";"KARINE ENGLENS GERALDELI";"39697077819";"";"0";"PROPRIA";"33909115";"SENTENÇAS JUDICIAIS DE PEQUENO VALOR";"DESPESAS OBRIGATORIAS E/OU JUDICIAIS(P. FISICAS).";"7293.03";"2024";"L";"10/01/2024";"0";"01/01/2024";"31/01/2024";"8"
"UNIDADE DE GESTÃO DE PROMOÇÃO DA SAÚDE";"10";"SAÚDE";"303";"SUPORTE PROFILÁTICO E TERAPÊUTICO";"2024";"658";"2023";"296";"14";"1008572";"INTERLAB FARMACEUTICA LTDA";"43295831000140";"PREGÃO ELETRÔNICO";"0";"PROPRIA";"33903037";"MEDICAMENTOS FORNECIDOS POR DECISÃO JUDICIAL";"VEDOLIZUMABE 300MG PO LIOFILO PARA SOLUCAO INJETAVEL";"73568.25";"2024";"L";"24/01/2024";"0";"01/01/2024";"31/01/2024";"14"
"UNIDADE DE GESTÃO DE PROMOÇÃO DA SAÚDE";"10";"SAÚDE";"303";"SUPORTE PROFILÁTICO E TERAPÊUTICO";"2024";"658";"2023";"296";"14";"1008572";"INTERLAB FARMACEUTICA LTDA";"43295831000140";"PREGÃO ELETRÔNICO";"0";"PROPRIA";"33903037";"MEDICAMENTOS FORNECIDOS POR DECISÃO JUDICIAL";"ELTROMBOPAGUE OLAMINA 50MG";"3133.9";"2024";"L";"24/01/2024";"0";"01/01/2024";"31/01/2024";"14"
"UNIDADE DE GESTÃO DE GOVERNO E FINANÇAS";"28";"ENCARGOS ESPECIAIS";"846";"OUTROS ENCARGOS ESPECIAIS";"2024";"659";"";"0";"0";"100053346";"MARLENE APARECIDA MAZON";"10107209888";"";"0";"PROPRIA";"33909115";"SENTENÇAS JUDICIAIS DE PEQUENO VALOR";"DESPESAS OBRIGATORIAS E/OU JUDICIAIS(P. FISICAS).";"20039.17";"2024";"L";"10/01/2024";"0";"01/01/2024";"31/01/2024";"8"
"UNIDADE DE GESTÃO DE PROMOÇÃO DA SAÚDE";"10";"SAÚDE";"303";"SUPORTE PROFILÁTICO E TERAPÊUTICO";"2024";"660";"2023";"296";"14";"1097736";"MED CENTER COMERCIAL LTDA";"00874929000140";"PREGÃO ELETRÔNICO";"0";"PROPRIA";"33903037";"MEDICAMENTOS FORNECIDOS POR DECISÃO JUDICIAL";"OXICODONA CLORIDRATO 20 MG";"3528";"2024";"L";"11/01/2024";"0";"01/01/2024";"31/01/2024";"14"
"UNIDADE DE GESTÃO DE GOVERNO E FINANÇAS";"28";"ENCARGOS ESPECIAIS";"846";"OUTROS ENCARGOS ESPECIAIS";"2024";"662";"";"0";"0";"100042337";"DANIEL PENEDO";"30098233807";"";"0";"PROPRIA";"33909115";"SENTENÇAS JUDICIAIS DE PEQUENO VALOR";"DESPESAS OBRIGATORIAS E/OU JUDICIAIS(P. FISICAS).";"958.74";"2024";"L";"09/01/2024";"0";"01/01/2024";"31/01/2024";"8"
"UNIDADE DE GESTÃO DE PROMOÇÃO DA SAÚDE";"10";"SAÚDE";"303";"SUPORTE PROFILÁTICO E TERAPÊUTICO";"2024";"663";"2023";"296";"14";"100043723";"ONCO PROD DIST. PROD. HOSP E ONCOLÓGICOS LTDA";"04307650002502";"PREGÃO ELETRÔNICO";"0";"PROPRIA";"33903037";"MEDICAMENTOS FORNECIDOS POR DECISÃO JUDICIAL";"USTEQUINUMABE 45MG/0.5ML. SOL. INJETAVEL. SERINGA PREENCHIDA";"10450";"2024";"L";"24/01/2024";"0";"01/01/2024";"31/01/2024";"14"
"UNIDADE DE GESTÃO DE PROMOÇÃO DA SAÚDE";"10";"SAÚDE";"303";"SUPORTE PROFILÁTICO E TERAPÊUTICO";"2024";"663";"2023";"296";"14";"100043723";"ONCO PROD DIST. PROD. HOSP E ONCOLÓGICOS LTDA";"04307650002502";"PREGÃO ELETRÔNICO";"0";"PROPRIA";"33903037";"MEDICAMENTOS FORNECIDOS POR DECISÃO JUDICIAL";"INSULINA DEGLUDECA 100UI/ML 3ML EM CANETA DESCARTAVEL";"34475";"2024";"L";"31/01/2024";"0";"01/01/2024";"31/01/2024";"14"
"UNIDADE DE GESTÃO DE PROMOÇÃO DA SAÚDE";"10";"SAÚDE";"303";"SUPORTE PROFILÁTICO E TERAPÊUTICO";"2024";"666";"2023";"296";"14";"100052158";"TRES PHARMA DISTRIBUIDORA E SERVIÇOS LTDA";"26401571000121";"PREGÃO ELETRÔNICO";"0";"PROPRIA";"33903037";"MEDICAMENTOS FORNECIDOS POR DECISÃO JUDICIAL";"INFLIXIMABE 100MG INJETAVEL";"9600";"2024";"L";"17/01/2024";"0";"01/01/2024";"31/01/2024";"14"
"UNIDADE DE GESTÃO DE INFRAEST. E SERVIÇOS PÚBLICOS";"15";"URBANISMO";"451";"INFRA-ESTRUTURA URBANA";"2024";"667";"2022";"8";"7";"100014702";"CASAMAX COMERCIAL E SERVIÇOS LTDA.";"08183516000120";"CONCORRENCIA(LEI 8666-93)";"8025";"DESENVOLVE SP-OBRAS DE REQUALIFICAÇÃO VIÁRIA.";"44905199";"OUTRAS OBRAS E INSTALACOES";"OBRA DE PAV. ASF. E DRENAGEM DE AGUAS PLUVIAIS VIAS URBANAS";"1285696.2";"2024";"L";"26/01/2024";"0";"01/01/2024";"31/01/2024";"10"
"UNIDADE DE GESTÃO DE CULTURA";"4";"ADMINISTRAÇÃO";"122";"ADMINISTRAÇÃO GERAL";"2024";"668";"2019";"48";"2";"100019433";"A.TELECAMP COM. DE EQUIPS. DE TELEFONIA LTDA EPP";"58672171000147";"CONVITE";"0";"PROPRIA";"33903912";"LOCACAO DE MAQUINAS E EQUIPAMENTOS";"LOCACAO DE SISTEMA DE TELEFONIA";"358";"2024";"L";"18/01/2024";"0";"01/01/2024";"31/01/2024";"22"
"UNIDADE DE GESTÃO DE CULTURA";"13";"CULTURA";"392";"DIFUSÃO CULTURAL";"2024";"670";"2023";"422";"14";"100025362";"JGN LTDA EPP";"03302934000176";"PREGÃO ELETRÔNICO";"911";"RECURSO CESSÃO DIREITO OPERAC. FOLHA DE PAGAMENTO";"33903914";"LOCACAO BENS MOVEIS DE OUTRAS NATUREZAS E INTANGIV";"LOCACAO- TECIDO TENCIONADO. PARA FECHAMENTO E DECORACAO";"76500";"2024";"L";"15/01/2024";"0";"01/01/2024";"31/01/2024";"22"
"UNIDADE GESTÃO DE AGRONEGÓCIO. ABASTEC. E TURISMO";"23";"COMÉRCIO E SERVIÇOS";"695";"TURISMO";"2024";"671";"2023";"410";"14";"100025362";"JGN LTDA EPP";"03302934000176";"PREGÃO ELETRÔNICO";"911";"RECURSO CESSÃO DIREITO OPERAC. FOLHA DE PAGAMENTO";"33903914";"LOCACAO BENS MOVEIS DE OUTRAS NATUREZAS E INTANGIV";"LOCACAO-TENDA 10M X 10M. COM FECHAMENTO LATERAL";"212676";"2024";"L";"29/01/2024";"0";"01/01/2024";"31/01/2024";"17"
"UNIDADE GESTÃO DE AGRONEGÓCIO. ABASTEC. E TURISMO";"23";"COMÉRCIO E SERVIÇOS";"695";"TURISMO";"2024";"671";"2023";"410";"14";"100025362";"JGN LTDA EPP";"03302934000176";"PREGÃO ELETRÔNICO";"911";"RECURSO CESSÃO DIREITO OPERAC. FOLHA DE PAGAMENTO";"33903914";"LOCACAO BENS MOVEIS DE OUTRAS NATUREZAS E INTANGIV";"LOCACAO-TENDA 5M X 5M. COM FECHAMENTO LATERAL";"31840";"2024";"L";"29/01/2024";"0";"01/01/2024";"31/01/2024";"17"
"UNIDADE GESTÃO DE AGRONEGÓCIO. ABASTEC. E TURISMO";"23";"COMÉRCIO E SERVIÇOS";"695";"TURISMO";"2024";"671";"2023";"410";"14";"100025362";"JGN LTDA EPP";"03302934000176";"PREGÃO ELETRÔNICO";"911";"RECURSO CESSÃO DIREITO OPERAC. FOLHA DE PAGAMENTO";"33903914";"LOCACAO BENS MOVEIS DE OUTRAS NATUREZAS E INTANGIV";"LOCACAO-TENDA 8M X 8M. COM FECHAMENTO LATERAL";"48160";"2024";"L";"29/01/2024";"0";"01/01/2024";"31/01/2024";"17"
"UNIDADE DE GESTÃO DE ESPORTE E LAZER";"27";"DESPORTO E LAZER";"812";"DESPORTO COMUNITÁRIO";"2024";"674";"2023";"2540";"1";"100046830";"ART ALIMENTACAO LTDA ME";"45922939000141";"COMPRA DIRETA";"0";"PROPRIA";"33903026";"MATERIAL ELETRICO E ELETRONICO";"LUMINARIA DE EMERGENCIA 30 LEDS";"1260.4";"2024";"L";"26/01/2024";"0";"01/01/2024";"31/01/2024";"23"
"UNIDADE GESTÃO DE AGRONEGÓCIO. ABASTEC. E TURISMO";"4";"ADMINISTRAÇÃO";"122";"ADMINISTRAÇÃO GERAL";"2024";"686";"";"0";"0";"100015890";"PMJ - EDVALDO AVANZZI";"06835240890";"";"0";"PROPRIA";"33903099";"OUTROS MATERIAIS DE CONSUMO";"ADIANTAMENTOS(SERVIDORES).";"300";"2024";"L";"08/01/2024";"0";"01/01/2024";"31/01/2024";"17"
"UNIDADE GESTÃO DE AGRONEGÓCIO. ABASTEC. E TURISMO";"4";"ADMINISTRAÇÃO";"122";"ADMINISTRAÇÃO GERAL";"2024";"687";"";"0";"0";"100015890";"PMJ - EDVALDO AVANZZI";"06835240890";"";"0";"PROPRIA";"33903999";"OUTROS SERVICOS DE TERCEIROS - PESSOA JURIDICA";"ADIANTAMENTOS(SERVIDORES).";"2000";"2024";"L";"08/01/2024";"0";"01/01/2024";"31/01/2024";"17"
"UNIDADE DE GESTÃO DE INFRAEST. E SERVIÇOS PÚBLICOS";"15";"URBANISMO";"122";"ADMINISTRAÇÃO GERAL";"2024";"689";"";"0";"0";"100012604";"FOLHA DE PAGAMENTO";"45780103000150";"";"0";"PROPRIA";"31901142";"FÉRIAS INDENIZADAS";"FOLHA DE PAGAMENTO";"61043.06";"2024";"L";"08/01/2024";"0";"01/01/2024";"31/01/2024";"10"
"UNIDADE DE GESTÃO DE EDUCAÇÃO";"12";"EDUCAÇÃO";"361";"ENSINO FUNDAMENTAL";"2024";"690";"";"0";"0";"100012604";"FOLHA DE PAGAMENTO";"45780103000150";"";"0";"PROPRIA";"31901142";"FÉRIAS INDENIZADAS";"FOLHA DE PAGAMENTO";"4295.48";"2024";"L";"08/01/2024";"0";"01/01/2024";"31/01/2024";"13"
"UNIDADE DE GESTÃO DES. ECON. CIÊNCIA E TECNOLOGIA";"11";"TRABALHO";"122";"ADMINISTRAÇÃO GERAL";"2024";"691";"";"0";"0";"100012604";"FOLHA DE PAGAMENTO";"45780103000150";"";"0";"PROPRIA";"31901142";"FÉRIAS INDENIZADAS";"FOLHA DE PAGAMENTO";"18403.92";"2024";"L";"08/01/2024";"0";"01/01/2024";"31/01/2024";"16"
"UNIDADE DE GESTÃO DE ESPORTE E LAZER";"27";"DESPORTO E LAZER";"812";"DESPORTO COMUNITÁRIO";"2024";"692";"";"0";"0";"100012604";"FOLHA DE PAGAMENTO";"45780103000150";"";"0";"PROPRIA";"31901104";"ADICIONAL NOTURNO";"FOLHA DE PAGAMENTO";"29.71";"2024";"L";"08/01/2024";"0";"01/01/2024";"31/01/2024";"23"
"UNIDADE DE GESTÃO DE ESPORTE E LAZER";"27";"DESPORTO E LAZER";"812";"DESPORTO COMUNITÁRIO";"2024";"693";"";"0";"0";"100012604";"FOLHA DE PAGAMENTO";"45780103000150";"";"0";"PROPRIA";"31901142";"FÉRIAS INDENIZADAS";"FOLHA DE PAGAMENTO";"5748.21";"2024";"L";"08/01/2024";"0";"01/01/2024";"31/01/2024";"23"
"UNIDADE DE GESTÃO DE ADMINIST. E GESTÃO DE PESSOAS";"4";"ADMINISTRAÇÃO";"122";"ADMINISTRAÇÃO GERAL";"2024";"695";"";"0";"0";"100012604";"FOLHA DE PAGAMENTO";"45780103000150";"";"0";"PROPRIA";"31901142";"FÉRIAS INDENIZADAS";"FOLHA DE PAGAMENTO";"6373.81";"2024";"L";"09/01/2024";"0";"01/01/2024";"31/01/2024";"7"
"UNIDADE DE GESTÃO DE ADMINIST. E GESTÃO DE PESSOAS";"4";"ADMINISTRAÇÃO";"122";"ADMINISTRAÇÃO GERAL";"2024";"696";"";"0";"0";"4000055";"FUNDO DE GARANTIA POR TEMPO DE SERVICO";"00360305000104";"";"0";"PROPRIA";"31901301";"FGTS";"FOLHA DE PAGAMENTO";"95.22";"2024";"L";"08/01/2024";"0";"01/01/2024";"31/01/2024";"7"
"UNIDADE DE GESTÃO DE ADMINIST. E GESTÃO DE PESSOAS";"4";"ADMINISTRAÇÃO";"122";"ADMINISTRAÇÃO GERAL";"2024";"697";"";"0";"0";"4016168";"I.N.S.S -INST.NACIONAL DE SEGURO SOCIAL";"29979036000140";"";"0";"PROPRIA";"31901302";"CONTRIBUICOES PREVIDENCIARIAS - INSS";"FOLHA DE PAGAMENTO";"267.29";"2024";"L";"08/01/2024";"0";"01/01/2024";"31/01/2024";"7"
"UNIDADE DE GESTÃO DE ADMINIST. E GESTÃO DE PESSOAS";"4";"ADMINISTRAÇÃO";"122";"ADMINISTRAÇÃO GERAL";"2024";"698";"";"0";"0";"100012604";"FOLHA DE PAGAMENTO";"45780103000150";"";"0";"PROPRIA";"31901644";"SERVIÇOS EXTRAORDINÁRIOS";"FOLHA DE PAGAMENTO";"1190.33";"2024";"L";"09/01/2024";"0";"01/01/2024";"31/01/2024";"7"
"UNIDADE DE GESTÃO DE NEG. JURÍDICOS E CIDADANIA";"4";"ADMINISTRAÇÃO";"122";"ADMINISTRAÇÃO GERAL";"2024";"704";"";"0";"0";"100047961";"SECRETARIA DA FAZENDA E PLANEJ. DO ESTADO DE SP";"46377222000129";"";"0";"PROPRIA";"33903999";"OUTROS SERVICOS DE TERCEIROS - PESSOA JURIDICA";"OUTRAS TAXAS E TARIFAS.";"353.6";"2024";"L";"11/01/2024";"0";"01/01/2024";"31/01/2024";"6"
"UNIDADE DE GESTÃO DE GOVERNO E FINANÇAS";"28";"ENCARGOS ESPECIAIS";"846";"OUTROS ENCARGOS ESPECIAIS";"2024";"705";"";"0";"0";"100053348";"SUELI APARECIDA ALVES DE OLIVEIRA";"04414902800";"";"0";"PROPRIA";"33909115";"SENTENÇAS JUDICIAIS DE PEQUENO VALOR";"DESPESAS OBRIGATORIAS E/OU JUDICIAIS(P. FISICAS).";"11755.04";"2024";"L";"09/01/2024";"0";"01/01/2024";"31/01/2024";"8"
"UNIDADE DE GESTÃO DE GOVERNO E FINANÇAS";"28";"ENCARGOS ESPECIAIS";"846";"OUTROS ENCARGOS ESPECIAIS";"2024";"706";"";"0";"0";"100036191";"ELIAS MORAES";"28628860843";"";"0";"PROPRIA";"33909115";"SENTENÇAS JUDICIAIS DE PEQUENO VALOR";"DESPESAS OBRIGATORIAS E/OU JUDICIAIS(P. FISICAS).";"742.14";"2024";"L";"09/01/2024";"0";"01/01/2024";"31/01/2024";"8"
"UNIDADE DE GESTÃO DE GOVERNO E FINANÇAS";"28";"ENCARGOS ESPECIAIS";"846";"OUTROS ENCARGOS ESPECIAIS";"2024";"707";"";"0";"0";"100042932";"ITIEL MARTINS";"36115335809";"";"0";"PROPRIA";"33909115";"SENTENÇAS JUDICIAIS DE PEQUENO VALOR";"DESPESAS OBRIGATORIAS E/OU JUDICIAIS(P. FISICAS).";"760.31";"2024";"L";"09/01/2024";"0";"01/01/2024";"31/01/2024";"8"
"UNIDADE DE GESTÃO DE GOVERNO E FINANÇAS";"28";"ENCARGOS ESPECIAIS";"846";"OUTROS ENCARGOS ESPECIAIS";"2024";"708";"";"0";"0";"100035879";"VANIA DE ALMEIDA ROSA";"08316174898";"";"0";"PROPRIA";"33909115";"SENTENÇAS JUDICIAIS DE PEQUENO VALOR";"DESPESAS OBRIGATORIAS E/OU JUDICIAIS(P. FISICAS).";"1213.25";"2024";"L";"09/01/2024";"0";"01/01/2024";"31/01/2024";"8"
"UNIDADE DE GESTÃO DE GOVERNO E FINANÇAS";"28";"ENCARGOS ESPECIAIS";"846";"OUTROS ENCARGOS ESPECIAIS";"2024";"709";"";"0";"0";"100036614";"ROBERTO BARBOSA LEAL";"24694915843";"";"0";"PROPRIA";"33909115";"SENTENÇAS JUDICIAIS DE PEQUENO VALOR";"DESPESAS OBRIGATORIAS E/OU JUDICIAIS(P. FISICAS).";"2018.44";"2024";"L";"09/01/2024";"0";"01/01/2024";"31/01/2024";"8"
"UNIDADE DE GESTÃO DE GOVERNO E FINANÇAS";"28";"ENCARGOS ESPECIAIS";"846";"OUTROS ENCARGOS ESPECIAIS";"2024";"710";"";"0";"0";"100042293";"MARCIO DA SILVA";"22378660820";"";"0";"PROPRIA";"33909115";"SENTENÇAS JUDICIAIS DE PEQUENO VALOR";"DESPESAS OBRIGATORIAS E/OU JUDICIAIS(P. FISICAS).";"2004.4";"2024";"L";"09/01/2024";"0";"01/01/2024";"31/01/2024";"8"
"UNIDADE DE GESTÃO DE GOVERNO E FINANÇAS";"28";"ENCARGOS ESPECIAIS";"846";"OUTROS ENCARGOS ESPECIAIS";"2024";"711";"";"0";"0";"100052738";"PAULO CARDOSO SOCIE.INDIV.DE ADVOCACIA";"42425500000115";"";"0";"PROPRIA";"33909115";"SENTENÇAS JUDICIAIS DE PEQUENO VALOR";"DESPESAS OBRIGATORIAS E/OU JUDICIAIS(P. JURIDICAS).";"1646.87";"2024";"L";"09/01/2024";"0";"01/01/2024";"31/01/2024";"8"
"UNIDADE DE GESTÃO DE GOVERNO E FINANÇAS";"28";"ENCARGOS ESPECIAIS";"846";"OUTROS ENCARGOS ESPECIAIS";"2024";"712";"";"0";"0";"100053349";"ANDREA AMORIM DE OLIVEIRA";"21797069870";"";"0";"PROPRIA";"33909115";"SENTENÇAS JUDICIAIS DE PEQUENO VALOR";"DESPESAS OBRIGATORIAS E/OU JUDICIAIS(P. FISICAS).";"10834.65";"2024";"L";"09/01/2024";"0";"01/01/2024";"31/01/2024";"8"
"UNIDADE DE GESTÃO DE GOVERNO E FINANÇAS";"28";"ENCARGOS ESPECIAIS";"846";"OUTROS ENCARGOS ESPECIAIS";"2024";"713";"";"0";"0";"100053350";"RENAN RODRIGUES ROMÃO";"42435775873";"";"0";"PROPRIA";"33909115";"SENTENÇAS JUDICIAIS DE PEQUENO VALOR";"DESPESAS OBRIGATORIAS E/OU JUDICIAIS(P. FISICAS).";"1257.84";"2024";"L";"09/01/2024";"0";"01/01/2024";"31/01/2024";"8"
"UNIDADE DE GESTÃO DE GOVERNO E FINANÇAS";"28";"ENCARGOS ESPECIAIS";"846";"OUTROS ENCARGOS ESPECIAIS";"2024";"714";"";"0";"0";"100053351";"JOSÉ ONACI MONTEIRO DA COSTA";"03483057455";"";"0";"PROPRIA";"33909115";"SENTENÇAS JUDICIAIS DE PEQUENO VALOR";"DESPESAS OBRIGATORIAS E/OU JUDICIAIS(P. FISICAS).";"8503.35";"2024";"L";"09/01/2024";"0";"01/01/2024";"31/01/2024";"8"
"UNIDADE DE GESTÃO DE GOVERNO E FINANÇAS";"28";"ENCARGOS ESPECIAIS";"846";"OUTROS ENCARGOS ESPECIAIS";"2024";"715";"";"0";"0";"100034023";"PAULECIR BLANCO";"36146584819";"";"0";"PROPRIA";"33909115";"SENTENÇAS JUDICIAIS DE PEQUENO VALOR";"DESPESAS OBRIGATORIAS E/OU JUDICIAIS(P. FISICAS).";"1213.25";"2024";"L";"09/01/2024";"0";"01/01/2024";"31/01/2024";"8"
"UNIDADE DE GESTÃO DE GOVERNO E FINANÇAS";"28";"ENCARGOS ESPECIAIS";"846";"OUTROS ENCARGOS ESPECIAIS";"2024";"716";"";"0";"0";"100048352";"ISAQUE PEREIRA DE SOUZA";"33344713817";"";"0";"PROPRIA";"33909115";"SENTENÇAS JUDICIAIS DE PEQUENO VALOR";"DESPESAS OBRIGATORIAS E/OU JUDICIAIS(P. FISICAS).";"8007.88";"2024";"L";"09/01/2024";"0";"01/01/2024";"31/01/2024";"8"
"UNIDADE DE GESTÃO DE GOVERNO E FINANÇAS";"28";"ENCARGOS ESPECIAIS";"846";"OUTROS ENCARGOS ESPECIAIS";"2024";"717";"";"0";"0";"100035576";"DIEGO JORGE ALVES DE ARAUJO";"35032974803";"";"0";"PROPRIA";"33909115";"SENTENÇAS JUDICIAIS DE PEQUENO VALOR";"DESPESAS OBRIGATORIAS E/OU JUDICIAIS(P. FISICAS).";"2039.4";"2024";"L";"09/01/2024";"0";"01/01/2024";"31/01/2024";"8"
"UNIDADE DE GESTÃO DE GOVERNO E FINANÇAS";"28";"ENCARGOS ESPECIAIS";"846";"OUTROS ENCARGOS ESPECIAIS";"2024";"718";"";"0";"0";"100035879";"VANIA DE ALMEIDA ROSA";"08316174898";"";"0";"PROPRIA";"33909115";"SENTENÇAS JUDICIAIS DE PEQUENO VALOR";"DESPESAS OBRIGATORIAS E/OU JUDICIAIS(P. FISICAS).";"1181.15";"2024";"L";"09/01/2024";"0";"01/01/2024";"31/01/2024";"8"
"UNIDADE DE GESTÃO DE GOVERNO E FINANÇAS";"28";"ENCARGOS ESPECIAIS";"846";"OUTROS ENCARGOS ESPECIAIS";"2024";"719";"";"0";"0";"100053353";"SANDRA REGINA DE OLIVEIRA RIOS";"14718846862";"";"0";"PROPRIA";"33909115";"SENTENÇAS JUDICIAIS DE PEQUENO VALOR";"DESPESAS OBRIGATORIAS E/OU JUDICIAIS(P. FISICAS).";"9045.94";"2024";"L";"09/01/2024";"0";"01/01/2024";"31/01/2024";"8"
"UNIDADE DE GESTÃO DE GOVERNO E FINANÇAS";"28";"ENCARGOS ESPECIAIS";"846";"OUTROS ENCARGOS ESPECIAIS";"2024";"720";"";"0";"0";"100053354";"VANIA NOGUEIRA DE LIMA VIEIRA";"21437871895";"";"0";"PROPRIA";"33909115";"SENTENÇAS JUDICIAIS DE PEQUENO VALOR";"DESPESAS OBRIGATORIAS E/OU JUDICIAIS(P. FISICAS).";"10751.15";"2024";"L";"09/01/2024";"0";"01/01/2024";"31/01/2024";"8"
"UNIDADE DE GESTÃO DE CULTURA";"13";"CULTURA";"392";"DIFUSÃO CULTURAL";"2024";"721";"2024";"1";"1";"100027507";"17.992.441 ANDRE FERNANDES DE OLIVEIRA ME";"17992441000110";"COMPRA DIRETA";"0";"PROPRIA";"33903999";"OUTROS SERVICOS DE TERCEIROS - PESSOA JURIDICA";"SHOW ARTISTICO";"14506";"2024";"L";"23/01/2024";"0";"01/01/2024";"31/01/2024";"22"
"UNIDADE DE GESTÃO DE GOVERNO E FINANÇAS";"28";"ENCARGOS ESPECIAIS";"846";"OUTROS ENCARGOS ESPECIAIS";"2024";"725";"";"0";"0";"100053355";"EMERSON DE MIRANDA CARDOSO";"32561722880";"";"0";"PROPRIA";"33909115";"SENTENÇAS JUDICIAIS DE PEQUENO VALOR";"DESPESAS OBRIGATORIAS E/OU JUDICIAIS(P. FISICAS).";"14324.6";"2024";"L";"09/01/2024";"0";"01/01/2024";"31/01/2024";"8"
"UNIDADE DE GESTÃO DE GOVERNO E FINANÇAS";"28";"ENCARGOS ESPECIAIS";"846";"OUTROS ENCARGOS ESPECIAIS";"2024";"726";"";"0";"0";"100053352";"CRISTIANE ALONSO PESSOTO";"31758869810";"";"0";"PROPRIA";"33909115";"SENTENÇAS JUDICIAIS DE PEQUENO VALOR";"DESPESAS OBRIGATORIAS E/OU JUDICIAIS(P. FISICAS).";"5198.44";"2024";"L";"09/01/2024";"0";"01/01/2024";"31/01/2024";"8"
"UNIDADE DE GESTÃO DE GOVERNO E FINANÇAS";"28";"ENCARGOS ESPECIAIS";"846";"OUTROS ENCARGOS ESPECIAIS";"2024";"729";"";"0";"0";"100053356";"ELVIS BARBOSA LIMA";"15561458884";"";"0";"PROPRIA";"33909302";"RESTITUICOES";"INDENIZACOES E/OU RESSARCIMENTOS(P. FISICA).";"1707.6";"2024";"L";"10/01/2024";"0";"01/01/2024";"31/01/2024";"8"
"UNIDADE DE GESTÃO DE INFRAEST. E SERVIÇOS PÚBLICOS";"15";"URBANISMO";"452";"SERVIÇOS URBANOS";"2024";"741";"2021";"201";"14";"100029269";"AVANTY TRANSPORTES E LOCACOES LTDA EPP";"17927338000196";"PREGÃO ELETRÔNICO";"0";"PROPRIA";"33903914";"LOCACAO BENS MOVEIS DE OUTRAS NATUREZAS E INTANGIV";"LOCACAO DE VEICULOS LEVES MODELO HATCH";"79140.27";"2024";"L";"25/01/2024";"0";"01/01/2024";"31/01/2024";"10"
"UNIDADE DE GESTÃO DE GOVERNO E FINANÇAS";"28";"ENCARGOS ESPECIAIS";"846";"OUTROS ENCARGOS ESPECIAIS";"2024";"743";"";"0";"0";"100053359";"ROGERIO ROMERA MICHEL";"31982357827";"";"0";"PROPRIA";"33909115";"SENTENÇAS JUDICIAIS DE PEQUENO VALOR";"DESPESAS OBRIGATORIAS E/OU JUDICIAIS(P. FISICAS).";"23337.35";"2024";"L";"09/01/2024";"0";"01/01/2024";"31/01/2024";"8"
"UNIDADE DE GESTÃO DE GOVERNO E FINANÇAS";"28";"ENCARGOS ESPECIAIS";"846";"OUTROS ENCARGOS ESPECIAIS";"2024";"744";"";"0";"0";"100052298";"PAULO AFONSO MENDONÇA DE SIQUEIRA";"08086586898";"";"0";"PROPRIA";"33909115";"SENTENÇAS JUDICIAIS DE PEQUENO VALOR";"DESPESAS OBRIGATORIAS E/OU JUDICIAIS(P. FISICAS).";"1052";"2024";"L";"10/01/2024";"0";"01/01/2024";"31/01/2024";"8"
"UNIDADE DE GESTÃO DE GOVERNO E FINANÇAS";"28";"ENCARGOS ESPECIAIS";"846";"OUTROS ENCARGOS ESPECIAIS";"2024";"745";"";"0";"0";"100053360";"ROSANGELA PRADO CHAVES DE BARROS";"13786009830";"";"0";"PROPRIA";"33909115";"SENTENÇAS JUDICIAIS DE PEQUENO VALOR";"DESPESAS OBRIGATORIAS E/OU JUDICIAIS(P. FISICAS).";"2154.97";"2024";"L";"10/01/2024";"0";"01/01/2024";"31/01/2024";"8"
"UNIDADE DE GESTÃO DE GOVERNO E FINANÇAS";"28";"ENCARGOS ESPECIAIS";"846";"OUTROS ENCARGOS ESPECIAIS";"2024";"746";"";"0";"0";"100041975";"PAULA APARECIDA JULIO";"25565991897";"";"0";"PROPRIA";"33909115";"SENTENÇAS JUDICIAIS DE PEQUENO VALOR";"DESPESAS OBRIGATORIAS E/OU JUDICIAIS(P. FISICAS).";"1040.91";"2024";"L";"09/01/2024";"0";"01/01/2024";"31/01/2024";"8"
"UNIDADE GESTÃO DE ASSISTÊNCIA E DESENVOLV. SOCIAL";"4";"ADMINISTRAÇÃO";"122";"ADMINISTRAÇÃO GERAL";"2024";"747";"";"0";"0";"100044411";"PMJ- ANDRE MOTA IASSIA";"40248932896";"";"0";"PROPRIA";"33903099";"OUTROS MATERIAIS DE CONSUMO";"ADIANTAMENTOS(SERVIDORES).";"1000";"2024";"L";"09/01/2024";"0";"01/01/2024";"31/01/2024";"15"
"UNIDADE GESTÃO DE ASSISTÊNCIA E DESENVOLV. SOCIAL";"4";"ADMINISTRAÇÃO";"122";"ADMINISTRAÇÃO GERAL";"2024";"748";"";"0";"0";"100044411";"PMJ- ANDRE MOTA IASSIA";"40248932896";"";"0";"PROPRIA";"33903999";"OUTROS SERVICOS DE TERCEIROS - PESSOA JURIDICA";"ADIANTAMENTOS(SERVIDORES).";"6000";"2024";"L";"09/01/2024";"0";"01/01/2024";"31/01/2024";"15"
"UNIDADE DE GESTÃO DE ADMINIST. E GESTÃO DE PESSOAS";"4";"ADMINISTRAÇÃO";"122";"ADMINISTRAÇÃO GERAL";"2024";"749";"2024";"2";"1";"100005989";"PORTO SEGURO CIA DE SEGUROS GERAIS";"61198164000160";"COMPRA DIRETA";"0";"PROPRIA";"33903969";"SEGUROS EM GERAL";"SEGURO DE VEICULO";"4987.2";"2024";"L";"26/01/2024";"0";"01/01/2024";"31/01/2024";"7"
"UNIDADE DE GESTÃO DE PROMOÇÃO DA SAÚDE";"10";"SAÚDE";"303";"SUPORTE PROFILÁTICO E TERAPÊUTICO";"2024";"752";"2023";"65";"14";"1066489";"AGLON COMERCIO E REPRESENTACOES LTDA";"65817900000171";"PREGÃO ELETRÔNICO";"0";"PROPRIA";"33903037";"MEDICAMENTOS FORNECIDOS POR DECISÃO JUDICIAL";"BEVACIZUMAB 400 MG";"12662.08";"2024";"L";"24/01/2024";"0";"01/01/2024";"31/01/2024";"14"
"UNIDADE DE GESTÃO DE PROMOÇÃO DA SAÚDE";"10";"SAÚDE";"303";"SUPORTE PROFILÁTICO E TERAPÊUTICO";"2024";"752";"2023";"65";"14";"1066489";"AGLON COMERCIO E REPRESENTACOES LTDA";"65817900000171";"PREGÃO ELETRÔNICO";"0";"PROPRIA";"33903037";"MEDICAMENTOS FORNECIDOS POR DECISÃO JUDICIAL";"BEVACIZUMAB 400 MG";"37986.24";"2024";"L";"24/01/2024";"0";"01/01/2024";"31/01/2024";"14"
"UNIDADE DE GESTÃO DE PROMOÇÃO DA SAÚDE";"10";"SAÚDE";"303";"SUPORTE PROFILÁTICO E TERAPÊUTICO";"2024";"754";"2023";"65";"14";"100010146";"ATIVA COMERCIAL HOSPITALAR LTDA";"04274988000138";"PREGÃO ELETRÔNICO";"0";"PROPRIA";"33903009";"MATERIAL FARMACOLOGICO";"SORBITOL + SODIO LAURILSULFATO BISNAGAS COM 6.5G";"220.8";"2024";"L";"17/01/2024";"0";"01/01/2024";"31/01/2024";"14"
"UNIDADE DE GESTÃO DE PROMOÇÃO DA SAÚDE";"10";"SAÚDE";"303";"SUPORTE PROFILÁTICO E TERAPÊUTICO";"2024";"755";"2023";"65";"14";"100025015";"CM HOSPITALAR S.A";"12420164000157";"PREGÃO ELETRÔNICO";"0";"PROPRIA";"33903037";"MEDICAMENTOS FORNECIDOS POR DECISÃO JUDICIAL";"SITAGLIPTINA 50MG + METFORMINA 1000MG LIBERACAO PROLONGADA";"1348.8";"2024";"L";"26/01/2024";"0";"01/01/2024";"31/01/2024";"14"
"UNIDADE DE GESTÃO DE PROMOÇÃO DA SAÚDE";"10";"SAÚDE";"303";"SUPORTE PROFILÁTICO E TERAPÊUTICO";"2024";"755";"2023";"65";"14";"100025015";"CM HOSPITALAR S.A";"12420164000157";"PREGÃO ELETRÔNICO";"0";"PROPRIA";"33903037";"MEDICAMENTOS FORNECIDOS POR DECISÃO JUDICIAL";"SITAGLIPTINA 50MG";"689.92";"2024";"L";"26/01/2024";"0";"01/01/2024";"31/01/2024";"14"
"UNIDADE DE GESTÃO DE PROMOÇÃO DA SAÚDE";"10";"SAÚDE";"303";"SUPORTE PROFILÁTICO E TERAPÊUTICO";"2024";"755";"2023";"65";"14";"100025015";"CM HOSPITALAR S.A";"12420164000157";"PREGÃO ELETRÔNICO";"0";"PROPRIA";"33903037";"MEDICAMENTOS FORNECIDOS POR DECISÃO JUDICIAL";"INSULINA GLARGINA 300 U/ML. EM CANETA DESCARTAVEL 1.5 ML";"495.12";"2024";"L";"26/01/2024";"0";"01/01/2024";"31/01/2024";"14"
"UNIDADE DE GESTÃO DE PROMOÇÃO DA SAÚDE";"10";"SAÚDE";"303";"SUPORTE PROFILÁTICO E TERAPÊUTICO";"2024";"756";"2023";"65";"14";"100040883";"ONCO PROD.DISTR.DE PRODS.HOSP.E ONCOLOGICOS LTDA";"04307650001530";"PREGÃO ELETRÔNICO";"0";"PROPRIA";"33903009";"MATERIAL FARMACOLOGICO";"SAXAGLIPTINA 5MG";"761.04";"2024";"L";"31/01/2024";"0";"01/01/2024";"31/01/2024";"14"
"UNIDADE DE GESTÃO DE PROMOÇÃO DA SAÚDE";"10";"SAÚDE";"303";"SUPORTE PROFILÁTICO E TERAPÊUTICO";"2024";"757";"2023";"65";"14";"100034784";"ONCO PROD DISTR. DE PROD HOSP E ONCOLÓGICOS LTDA";"04307650001298";"PREGÃO ELETRÔNICO";"0";"PROPRIA";"33903037";"MEDICAMENTOS FORNECIDOS POR DECISÃO JUDICIAL";"TRASTUZUMABE DERUXTECANA 100 MG FRASCO/AMPOLA";"123430.2";"2024";"L";"31/01/2024";"0";"01/01/2024";"31/01/2024";"14"
"UNIDADE DE GESTÃO DE PROMOÇÃO DA SAÚDE";"10";"SAÚDE";"303";"SUPORTE PROFILÁTICO E TERAPÊUTICO";"2024";"758";"2023";"65";"14";"100034784";"ONCO PROD DISTR. DE PROD HOSP E ONCOLÓGICOS LTDA";"04307650001298";"PREGÃO ELETRÔNICO";"0";"PROPRIA";"33903037";"MEDICAMENTOS FORNECIDOS POR DECISÃO JUDICIAL";"TRASTUZUMABE DERUXTECANA 100 MG FRASCO/AMPOLA";"185145.3";"2024";"L";"31/01/2024";"0";"01/01/2024";"31/01/2024";"14"
"UNIDADE DE GESTÃO DE INFRAEST. E SERVIÇOS PÚBLICOS";"15";"URBANISMO";"122";"ADMINISTRAÇÃO GERAL";"2024";"759";"";"0";"0";"100012604";"FOLHA DE PAGAMENTO";"45780103000150";"";"0";"PROPRIA";"31901142";"FÉRIAS INDENIZADAS";"FOLHA DE PAGAMENTO";"15210.49";"2024";"L";"09/01/2024";"0";"01/01/2024";"31/01/2024";"10"
"UNIDADE DE GESTÃO DE INFRAEST. E SERVIÇOS PÚBLICOS";"15";"URBANISMO";"122";"ADMINISTRAÇÃO GERAL";"2024";"760";"";"0";"0";"4000055";"FUNDO DE GARANTIA POR TEMPO DE SERVICO";"00360305000104";"";"0";"PROPRIA";"31901301";"FGTS";"FOLHA DE PAGAMENTO";"62.76";"2024";"L";"09/01/2024";"0";"01/01/2024";"31/01/2024";"10"
"UNIDADE DE GESTÃO DE INFRAEST. E SERVIÇOS PÚBLICOS";"15";"URBANISMO";"122";"ADMINISTRAÇÃO GERAL";"2024";"761";"";"0";"0";"4016168";"I.N.S.S -INST.NACIONAL DE SEGURO SOCIAL";"29979036000140";"";"0";"PROPRIA";"31901302";"CONTRIBUICOES PREVIDENCIARIAS - INSS";"FOLHA DE PAGAMENTO";"176.17";"2024";"L";"09/01/2024";"0";"01/01/2024";"31/01/2024";"10"
"UNIDADE DE GESTÃO DE INFRAEST. E SERVIÇOS PÚBLICOS";"15";"URBANISMO";"122";"ADMINISTRAÇÃO GERAL";"2024";"762";"";"0";"0";"100012604";"FOLHA DE PAGAMENTO";"45780103000150";"";"0";"PROPRIA";"31901644";"SERVIÇOS EXTRAORDINÁRIOS";"FOLHA DE PAGAMENTO";"784.55";"2024";"L";"09/01/2024";"0";"01/01/2024";"31/01/2024";"10"
"UNIDADE GESTÃO DE ASSISTÊNCIA E DESENVOLV. SOCIAL";"8";"ASSISTÊNCIA SOCIAL";"244";"ASSISTÊNCIA COMUNITÁRIA";"2024";"764";"";"0";"0";"100053340";"FERNANDA LIMA NEIVA";"05589877105";"";"0";"PROPRIA";"33904899";"DEMAIS AUXÍLIOS FINANCEIROS A PESSOAS FÍSICAS";"AUXILIO VULNERABILIDADE";"924";"2024";"L";"12/01/2024";"0";"01/01/2024";"31/01/2024";"15"
"UNIDADE GESTÃO DE ASSISTÊNCIA E DESENVOLV. SOCIAL";"8";"ASSISTÊNCIA SOCIAL";"244";"ASSISTÊNCIA COMUNITÁRIA";"2024";"765";"";"0";"0";"100040388";"RENATA MARIA BORGES";"38625332803";"";"0";"PROPRIA";"33904899";"DEMAIS AUXÍLIOS FINANCEIROS A PESSOAS FÍSICAS";"AUXILIO VULNERABILIDADE";"660";"2024";"L";"11/01/2024";"0";"01/01/2024";"31/01/2024";"15"
"UNIDADE GESTÃO DE ASSISTÊNCIA E DESENVOLV. SOCIAL";"8";"ASSISTÊNCIA SOCIAL";"244";"ASSISTÊNCIA COMUNITÁRIA";"2024";"766";"";"0";"0";"100050674";"MAYLA DINIZ MOURA";"08551220640";"";"0";"PROPRIA";"33904899";"DEMAIS AUXÍLIOS FINANCEIROS A PESSOAS FÍSICAS";"AUXILIO VULNERABILIDADE";"924";"2024";"L";"11/01/2024";"0";"01/01/2024";"31/01/2024";"15"
"UNIDADE GESTÃO DE ASSISTÊNCIA E DESENVOLV. SOCIAL";"8";"ASSISTÊNCIA SOCIAL";"244";"ASSISTÊNCIA COMUNITÁRIA";"2024";"767";"";"0";"0";"100053337";"PALOMA ALVES NOGUEIRA";"43646464828";"";"0";"PROPRIA";"33904899";"DEMAIS AUXÍLIOS FINANCEIROS A PESSOAS FÍSICAS";"AUXILIO VULNERABILIDADE";"660";"2024";"L";"11/01/2024";"0";"01/01/2024";"31/01/2024";"15"
"UNIDADE GESTÃO DE ASSISTÊNCIA E DESENVOLV. SOCIAL";"8";"ASSISTÊNCIA SOCIAL";"244";"ASSISTÊNCIA COMUNITÁRIA";"2024";"768";"";"0";"0";"100053338";"ANA JULIA LIMA GOMES";"48924306847";"";"0";"PROPRIA";"33904899";"DEMAIS AUXÍLIOS FINANCEIROS A PESSOAS FÍSICAS";"AUXILIO VULNERABILIDADE";"660";"2024";"L";"11/01/2024";"0";"01/01/2024";"31/01/2024";"15"
"UNIDADE GESTÃO DE ASSISTÊNCIA E DESENVOLV. SOCIAL";"8";"ASSISTÊNCIA SOCIAL";"244";"ASSISTÊNCIA COMUNITÁRIA";"2024";"769";"";"0";"0";"100053344";"BEATRIZ CRISTINA PIRES SANTOS";"44112304889";"";"0";"PROPRIA";"33904899";"DEMAIS AUXÍLIOS FINANCEIROS A PESSOAS FÍSICAS";"AUXILIO VULNERABILIDADE";"660";"2024";"L";"11/01/2024";"0";"01/01/2024";"31/01/2024";"15"
"UNIDADE GESTÃO DE ASSISTÊNCIA E DESENVOLV. SOCIAL";"8";"ASSISTÊNCIA SOCIAL";"244";"ASSISTÊNCIA COMUNITÁRIA";"2024";"770";"";"0";"0";"100053343";"ANANDA HELEN PEREIRA DOS SANTOS";"54256434895";"";"0";"PROPRIA";"33904899";"DEMAIS AUXÍLIOS FINANCEIROS A PESSOAS FÍSICAS";"AUXILIO VULNERABILIDADE";"660";"2024";"L";"11/01/2024";"0";"01/01/2024";"31/01/2024";"15"
"UNIDADE GESTÃO DE ASSISTÊNCIA E DESENVOLV. SOCIAL";"8";"ASSISTÊNCIA SOCIAL";"244";"ASSISTÊNCIA COMUNITÁRIA";"2024";"771";"";"0";"0";"100053341";"NAYARA DO REGO FERNANDES";"49600891800";"";"0";"PROPRIA";"33904899";"DEMAIS AUXÍLIOS FINANCEIROS A PESSOAS FÍSICAS";"AUXILIO VULNERABILIDADE";"660";"2024";"L";"11/01/2024";"0";"01/01/2024";"31/01/2024";"15"
"UNIDADE GESTÃO DE ASSISTÊNCIA E DESENVOLV. SOCIAL";"8";"ASSISTÊNCIA SOCIAL";"244";"ASSISTÊNCIA COMUNITÁRIA";"2024";"772";"";"0";"0";"100003205";"REDE DE ASSIST VICENTINA DE JUNDIAI";"50971720000172";"";"0";"PROPRIA";"33503901";"TERMO DE COLABORAÇÃO";"CONVENIO MROSC - LEI 13019/2014 - MARCO REGUL.ORG.SOC.CIVIL";"71084.03";"2024";"L";"16/01/2024";"0";"01/01/2024";"31/01/2024";"15"
"UNIDADE DE GESTÃO DE PROMOÇÃO DA SAÚDE";"10";"SAÚDE";"301";"ATENÇÃO BÁSICA";"2024";"778";"";"0";"0";"100012604";"FOLHA DE PAGAMENTO";"45780103000150";"";"0";"PROPRIA";"31900411";"SALÁRIOS - CONTRATO TEMPORÁRIO";"FOLHA DE PAGAMENTO";"291.19";"2024";"L";"09/01/2024";"0";"01/01/2024";"31/01/2024";"14"
"UNIDADE DE GESTÃO DE PROMOÇÃO DA SAÚDE";"10";"SAÚDE";"301";"ATENÇÃO BÁSICA";"2024";"779";"";"0";"0";"100012604";"FOLHA DE PAGAMENTO";"45780103000150";"";"0";"PROPRIA";"31900411";"SALÁRIOS - CONTRATO TEMPORÁRIO";"FOLHA DE PAGAMENTO";"93.01";"2024";"L";"09/01/2024";"0";"01/01/2024";"31/01/2024";"14"
"UNIDADE DE GESTÃO DE PROMOÇÃO DA SAÚDE";"10";"SAÚDE";"301";"ATENÇÃO BÁSICA";"2024";"780";"";"0";"0";"100012604";"FOLHA DE PAGAMENTO";"45780103000150";"";"0";"PROPRIA";"31900411";"SALÁRIOS - CONTRATO TEMPORÁRIO";"FOLHA DE PAGAMENTO";"18.83";"2024";"L";"09/01/2024";"0";"01/01/2024";"31/01/2024";"14"
"UNIDADE DE GESTÃO DE PROMOÇÃO DA SAÚDE";"10";"SAÚDE";"301";"ATENÇÃO BÁSICA";"2024";"781";"";"0";"0";"100012604";"FOLHA DE PAGAMENTO";"45780103000150";"";"0";"PROPRIA";"31900414";"FERIAS - ABONO CONSTITUCIONAL - CONTRATO TEMPORÁRI";"FOLHA DE PAGAMENTO";"3147.91";"2024";"L";"09/01/2024";"0";"01/01/2024";"31/01/2024";"14"
"UNIDADE DE GESTÃO DE PROMOÇÃO DA SAÚDE";"10";"SAÚDE";"301";"ATENÇÃO BÁSICA";"2024";"782";"";"0";"0";"4016168";"I.N.S.S -INST.NACIONAL DE SEGURO SOCIAL";"29979036000140";"";"0";"PROPRIA";"31900416";"OBRIGAÇÕES PATRONAIS - INSS - CONTRATO TEMPORÁRIO";"FOLHA DE PAGAMENTO";"139.6";"2024";"L";"09/01/2024";"0";"01/01/2024";"31/01/2024";"14"
"UNIDADE DE GESTÃO DE PROMOÇÃO DA SAÚDE";"10";"SAÚDE";"301";"ATENÇÃO BÁSICA";"2024";"783";"";"0";"0";"100012604";"FOLHA DE PAGAMENTO";"45780103000150";"";"0";"PROPRIA";"31900499";"OUTRAS CONTRATACOES POR TEMPO DETERMINADO";"FOLHA DE PAGAMENTO";"87.58";"2024";"L";"09/01/2024";"0";"01/01/2024";"31/01/2024";"14"
"UNIDADE DE GESTÃO DE PROMOÇÃO DA SAÚDE";"10";"SAÚDE";"302";"ASSISTÊNCIA HOSPITALAR E AMBULATORIAL";"2024";"784";"";"0";"0";"100012604";"FOLHA DE PAGAMENTO";"45780103000150";"";"0";"PROPRIA";"31900411";"SALÁRIOS - CONTRATO TEMPORÁRIO";"FOLHA DE PAGAMENTO";"18.83";"2024";"L";"09/01/2024";"0";"01/01/2024";"31/01/2024";"14"
"UNIDADE DE GESTÃO DE PROMOÇÃO DA SAÚDE";"10";"SAÚDE";"302";"ASSISTÊNCIA HOSPITALAR E AMBULATORIAL";"2024";"785";"";"0";"0";"100012604";"FOLHA DE PAGAMENTO";"45780103000150";"";"0";"PROPRIA";"31900411";"SALÁRIOS - CONTRATO TEMPORÁRIO";"FOLHA DE PAGAMENTO";"291.19";"2024";"L";"09/01/2024";"0";"01/01/2024";"31/01/2024";"14"
"UNIDADE DE GESTÃO DE PROMOÇÃO DA SAÚDE";"10";"SAÚDE";"302";"ASSISTÊNCIA HOSPITALAR E AMBULATORIAL";"2024";"786";"";"0";"0";"100012604";"FOLHA DE PAGAMENTO";"45780103000150";"";"0";"PROPRIA";"31900414";"FERIAS - ABONO CONSTITUCIONAL - CONTRATO TEMPORÁRI";"FOLHA DE PAGAMENTO";"3102.28";"2024";"L";"09/01/2024";"0";"01/01/2024";"31/01/2024";"14"
"UNIDADE DE GESTÃO DE PROMOÇÃO DA SAÚDE";"10";"SAÚDE";"302";"ASSISTÊNCIA HOSPITALAR E AMBULATORIAL";"2024";"787";"";"0";"0";"4016168";"I.N.S.S -INST.NACIONAL DE SEGURO SOCIAL";"29979036000140";"";"0";"PROPRIA";"31900416";"OBRIGAÇÕES PATRONAIS - INSS - CONTRATO TEMPORÁRIO";"FOLHA DE PAGAMENTO";"104.04";"2024";"L";"09/01/2024";"0";"01/01/2024";"31/01/2024";"14"
"UNIDADE DE GESTÃO DE PROMOÇÃO DA SAÚDE";"10";"SAÚDE";"302";"ASSISTÊNCIA HOSPITALAR E AMBULATORIAL";"2024";"788";"";"0";"0";"100012604";"FOLHA DE PAGAMENTO";"45780103000150";"";"0";"PROPRIA";"31900499";"OUTRAS CONTRATACOES POR TEMPO DETERMINADO";"FOLHA DE PAGAMENTO";"55.61";"2024";"L";"09/01/2024";"0";"01/01/2024";"31/01/2024";"14"
"UNIDADE GESTÃO DE ASSISTÊNCIA E DESENVOLV. SOCIAL";"8";"ASSISTÊNCIA SOCIAL";"244";"ASSISTÊNCIA COMUNITÁRIA";"2024";"789";"";"0";"0";"100001021";"CASA SANTA MARTA";"02818105000188";"";"0";"PROPRIA";"33503901";"TERMO DE COLABORAÇÃO";"CONVENIO MROSC - LEI 13019/2014 - MARCO REGUL.ORG.SOC.CIVIL";"12000";"2024";"L";"16/01/2024";"0";"01/01/2024";"31/01/2024";"15"
"UNIDADE DE GESTÃO DE PROMOÇÃO DA SAÚDE";"10";"SAÚDE";"302";"ASSISTÊNCIA HOSPITALAR E AMBULATORIAL";"2024";"790";"";"0";"0";"1002583";"CENTRO DE REABILITACAO DE JUNDIAI";"51864619000185";"";"0";"PROPRIA";"33503952";"SERVIÇOS MÉDICO-HOSPITALARES PRESTADOS EM UNIDADES";"SERVICOS DE SAUDE(P. JURIDICAS).";"38651.62";"2024";"L";"10/01/2024";"0";"01/01/2024";"31/01/2024";"14"
"UNIDADE DE GESTÃO DE PROMOÇÃO DA SAÚDE";"10";"SAÚDE";"302";"ASSISTÊNCIA HOSPITALAR E AMBULATORIAL";"2024";"790";"";"0";"0";"1002583";"CENTRO DE REABILITACAO DE JUNDIAI";"51864619000185";"";"0";"PROPRIA";"33503952";"SERVIÇOS MÉDICO-HOSPITALARES PRESTADOS EM UNIDADES";"SERVICOS DE SAUDE(P. JURIDICAS).";"38651.62";"2024";"L";"29/01/2024";"0";"01/01/2024";"31/01/2024";"14"
"UNIDADE DE GESTÃO DE GOVERNO E FINANÇAS";"28";"ENCARGOS ESPECIAIS";"846";"OUTROS ENCARGOS ESPECIAIS";"2024";"791";"";"0";"0";"100012130";"TRIBUNAL DE JUSTIÇA DO ESTADO DE SAO PAULO-EPM";"51174001000193";"";"0";"PROPRIA";"44909100";"SENTENÇAS JUDICIAIS";"DESPESAS OBRIGATORIAS E/OU JUDICIAIS(ORG. PUBL.).";"1343898.8";"2024";"L";"18/01/2024";"0";"01/01/2024";"31/01/2024";"8"
"UNIDADE DE GESTÃO DE GOVERNO E FINANÇAS";"28";"ENCARGOS ESPECIAIS";"846";"OUTROS ENCARGOS ESPECIAIS";"2024";"792";"";"0";"0";"100012130";"TRIBUNAL DE JUSTIÇA DO ESTADO DE SAO PAULO-EPM";"51174001000193";"";"0";"PROPRIA";"33909113";"PRECATÓRIOS JUDICIAS";"DESPESAS OBRIGATORIAS E/OU JUDICIAIS(ORG. PUBL.).";"3612951.63";"2024";"L";"18/01/2024";"0";"01/01/2024";"31/01/2024";"8"
"UNIDADE DE GESTÃO DE INFRAEST. E SERVIÇOS PÚBLICOS";"15";"URBANISMO";"452";"SERVIÇOS URBANOS";"2024";"793";"2023";"62";"6";"100033025";"RT ENERGIA E SERVIÇOS LTDA";"11091314000163";"DISPENSA DE LICITACAO";"5701";"FUNDO MUNICIPAL DE ILUMINAÇÃO PUBLICA/CIP/LC988/14";"44905199";"OUTRAS OBRAS E INSTALACOES";"ATIVIDADES OPERACIONAIS DE EXPANSAO. MELHORIAS E REPAROS";"285242.74";"2024";"L";"18/01/2024";"0";"01/01/2024";"31/01/2024";"10"
"UNIDADE DE GESTÃO DE INFRAEST. E SERVIÇOS PÚBLICOS";"15";"URBANISMO";"452";"SERVIÇOS URBANOS";"2024";"794";"2023";"62";"6";"100033025";"RT ENERGIA E SERVIÇOS LTDA";"11091314000163";"DISPENSA DE LICITACAO";"5701";"FUNDO MUNICIPAL DE ILUMINAÇÃO PUBLICA/CIP/LC988/14";"33903905";"SERVICOS TECNICOS PROFISSIONAIS";"MANUT PREVENTIVA. CORRETIVA E PREDITIVA DO SIST ILUM PUBLICA";"70280.38";"2024";"L";"18/01/2024";"0";"01/01/2024";"31/01/2024";"10"
"UNIDADE DE GESTÃO DE PROMOÇÃO DA SAÚDE";"10";"SAÚDE";"303";"SUPORTE PROFILÁTICO E TERAPÊUTICO";"2024";"796";"2023";"314";"14";"1008572";"INTERLAB FARMACEUTICA LTDA";"43295831000140";"PREGÃO ELETRÔNICO";"0";"PROPRIA";"33903037";"MEDICAMENTOS FORNECIDOS POR DECISÃO JUDICIAL";"OXCARBAZEPINA COMPRIMIDO REVESTIDO 300 MG";"562.03";"2024";"L";"19/01/2024";"0";"01/01/2024";"31/01/2024";"14"
"UNIDADE DE GESTÃO DE PROMOÇÃO DA SAÚDE";"10";"SAÚDE";"303";"SUPORTE PROFILÁTICO E TERAPÊUTICO";"2024";"796";"2023";"314";"14";"1008572";"INTERLAB FARMACEUTICA LTDA";"43295831000140";"PREGÃO ELETRÔNICO";"0";"PROPRIA";"33903037";"MEDICAMENTOS FORNECIDOS POR DECISÃO JUDICIAL";"OXCARBAZEPINA COMPRIMIDO REVESTIDO 600 MG";"1663.64";"2024";"L";"19/01/2024";"0";"01/01/2024";"31/01/2024";"14"
"UNIDADE DE GESTÃO DE PROMOÇÃO DA SAÚDE";"10";"SAÚDE";"303";"SUPORTE PROFILÁTICO E TERAPÊUTICO";"2024";"797";"2023";"314";"14";"1008572";"INTERLAB FARMACEUTICA LTDA";"43295831000140";"PREGÃO ELETRÔNICO";"0";"PROPRIA";"33903037";"MEDICAMENTOS FORNECIDOS POR DECISÃO JUDICIAL";"OXCARBAZEPINA COMPRIMIDO REVESTIDO 300 MG";"88.97";"2024";"L";"19/01/2024";"0";"01/01/2024";"31/01/2024";"14"
"UNIDADE DE GESTÃO DE PROMOÇÃO DA SAÚDE";"10";"SAÚDE";"303";"SUPORTE PROFILÁTICO E TERAPÊUTICO";"2024";"797";"2023";"314";"14";"1008572";"INTERLAB FARMACEUTICA LTDA";"43295831000140";"PREGÃO ELETRÔNICO";"0";"PROPRIA";"33903037";"MEDICAMENTOS FORNECIDOS POR DECISÃO JUDICIAL";"OXCARBAZEPINA COMPRIMIDO REVESTIDO 600 MG";"342.76";"2024";"L";"19/01/2024";"0";"01/01/2024";"31/01/2024";"14"
"UNIDADE DE GESTÃO DE PROMOÇÃO DA SAÚDE";"10";"SAÚDE";"303";"SUPORTE PROFILÁTICO E TERAPÊUTICO";"2024";"798";"2023";"314";"14";"1063403";"DAKFILM COMERCIAL LTDA.";"61613881000100";"PREGÃO ELETRÔNICO";"0";"PROPRIA";"33903037";"MEDICAMENTOS FORNECIDOS POR DECISÃO JUDICIAL";"INSULINA ASPART 100U/ML - CARPULE COM 3 ML";"144.45";"2024";"L";"26/01/2024";"0";"01/01/2024";"31/01/2024";"14"
"UNIDADE DE GESTÃO DE PROMOÇÃO DA SAÚDE";"10";"SAÚDE";"303";"SUPORTE PROFILÁTICO E TERAPÊUTICO";"2024";"801";"2023";"126";"14";"1008572";"INTERLAB FARMACEUTICA LTDA";"43295831000140";"PREGÃO ELETRÔNICO";"0";"PROPRIA";"33903037";"MEDICAMENTOS FORNECIDOS POR DECISÃO JUDICIAL";"INSULINA LISPRO 100 UI/ML (10 ML)";"459";"2024";"L";"17/01/2024";"0";"01/01/2024";"31/01/2024";"14"
"UNIDADE DE GESTÃO DE PROMOÇÃO DA SAÚDE";"10";"SAÚDE";"303";"SUPORTE PROFILÁTICO E TERAPÊUTICO";"2024";"802";"2023";"126";"14";"100009165";"FRESENIUS KABI BRASIL LTDA.";"49324221000104";"PREGÃO ELETRÔNICO";"0";"PROPRIA";"33903037";"MEDICAMENTOS FORNECIDOS POR DECISÃO JUDICIAL";"AMINOACIDOS + ANALOGOS";"414";"2024";"L";"26/01/2024";"0";"01/01/2024";"31/01/2024";"14"
"UNIDADE DE GESTÃO DE PROMOÇÃO DA SAÚDE";"10";"SAÚDE";"303";"SUPORTE PROFILÁTICO E TERAPÊUTICO";"2024";"804";"2023";"126";"14";"100025015";"CM HOSPITALAR S.A";"12420164000157";"PREGÃO ELETRÔNICO";"0";"PROPRIA";"33903037";"MEDICAMENTOS FORNECIDOS POR DECISÃO JUDICIAL";"DENOSUMABE 60MG SOL.INJETAVEL SERINGA - 1ML";"32978.88";"2024";"L";"31/01/2024";"0";"01/01/2024";"31/01/2024";"14"
"UNIDADE DE GESTÃO DE PROMOÇÃO DA SAÚDE";"10";"SAÚDE";"303";"SUPORTE PROFILÁTICO E TERAPÊUTICO";"2024";"805";"2023";"126";"14";"100033771";"PROVIP DISTRIBUIDORA HOSPITALAR LTDA EPP";"20202872000140";"PREGÃO ELETRÔNICO";"0";"PROPRIA";"33903037";"MEDICAMENTOS FORNECIDOS POR DECISÃO JUDICIAL";"INSULINA DETEMIR 100UI/ML EM CANETA INJETORA DESCARTAVEL 3ML";"16925.7";"2024";"L";"31/01/2024";"0";"01/01/2024";"31/01/2024";"14"
"UNIDADE DE GESTÃO DE PROMOÇÃO DA SAÚDE";"10";"SAÚDE";"303";"SUPORTE PROFILÁTICO E TERAPÊUTICO";"2024";"806";"2023";"126";"14";"100041985";"TECHPHARMA HOSP COM. IMPORTACAO E EXPOR LTDA EPP";"35067853000125";"PREGÃO ELETRÔNICO";"0";"PROPRIA";"33903037";"MEDICAMENTOS FORNECIDOS POR DECISÃO JUDICIAL";"INSULINA GLARGINA 100 UI/ML. SOLUCAO INJETAVE. CARPULE 3 ML";"71145";"2024";"L";"24/01/2024";"0";"01/01/2024";"31/01/2024";"14"
"UNIDADE DE GESTÃO DA CASA CIVIL";"6";"SEGURANÇA PÚBLICA";"181";"POLICIAMENTO";"2024";"807";"";"0";"0";"100002650";"COMPANHIA PIRATININGA DE FORCA E LUZ";"04172213000151";"";"0";"PROPRIA";"33903999";"OUTROS SERVICOS DE TERCEIROS - PESSOA JURIDICA";"ENERGIA ELETRICA(TAXAS E TAR.).";"2341.78";"2024";"L";"17/01/2024";"0";"01/01/2024";"31/01/2024";"3"
"UNIDADE DE GESTÃO DA CASA CIVIL";"6";"SEGURANÇA PÚBLICA";"181";"POLICIAMENTO";"2024";"810";"";"0";"0";"100002650";"COMPANHIA PIRATININGA DE FORCA E LUZ";"04172213000151";"";"0";"PROPRIA";"33903999";"OUTROS SERVICOS DE TERCEIROS - PESSOA JURIDICA";"ENERGIA ELETRICA(TAXAS E TAR.).";"4459.18";"2024";"L";"30/01/2024";"0";"01/01/2024";"31/01/2024";"3"
"UNIDADE DE GESTÃO DE PROMOÇÃO DA SAÚDE";"10";"SAÚDE";"302";"ASSISTÊNCIA HOSPITALAR E AMBULATORIAL";"2024";"812";"";"0";"0";"100002020";"CTO.ESPEC.TRAT.DEP.ALCOOL E DROGAS CEAD";"03302793000191";"";"0";"PROPRIA";"33503956";"OUTROS SERVIÇOS DE ASSISTÊNCIA À SAÚDE";"SERVICOS DE SAUDE(P. JURIDICAS).";"204867.51";"2024";"L";"11/01/2024";"0";"01/01/2024";"31/01/2024";"14"
"UNIDADE DE GESTÃO DE PROMOÇÃO DA SAÚDE";"10";"SAÚDE";"302";"ASSISTÊNCIA HOSPITALAR E AMBULATORIAL";"2024";"813";"";"0";"0";"100002020";"CTO.ESPEC.TRAT.DEP.ALCOOL E DROGAS CEAD";"03302793000191";"";"0";"PROPRIA";"33503956";"OUTROS SERVIÇOS DE ASSISTÊNCIA À SAÚDE";"SERVICOS DE SAUDE(P. JURIDICAS).";"261533.72";"2024";"L";"11/01/2024";"0";"01/01/2024";"31/01/2024";"14"
"UNIDADE DE GESTÃO DE PROMOÇÃO DA SAÚDE";"10";"SAÚDE";"303";"SUPORTE PROFILÁTICO E TERAPÊUTICO";"2024";"814";"2023";"201";"14";"100010146";"ATIVA COMERCIAL HOSPITALAR LTDA";"04274988000138";"PREGÃO ELETRÔNICO";"0";"PROPRIA";"33903037";"MEDICAMENTOS FORNECIDOS POR DECISÃO JUDICIAL";"COLECALCIFEROL 200UI/GOTAS - FRASCO 20ML";"202.23";"2024";"L";"24/01/2024";"0";"01/01/2024";"31/01/2024";"14"
"UNIDADE DE GESTÃO DE PROMOÇÃO DA SAÚDE";"10";"SAÚDE";"302";"ASSISTÊNCIA HOSPITALAR E AMBULATORIAL";"2024";"815";"";"0";"0";"100002020";"CTO.ESPEC.TRAT.DEP.ALCOOL E DROGAS CEAD";"03302793000191";"";"5001";"FUNDO NACIONAL DE SAUDE - MS/SAS";"33503956";"OUTROS SERVIÇOS DE ASSISTÊNCIA À SAÚDE";"SERVICOS DE SAUDE(P. JURIDICAS).";"204233.32";"2024";"L";"11/01/2024";"0";"01/01/2024";"31/01/2024";"14"
"UNIDADE DE GESTÃO DE PROMOÇÃO DA SAÚDE";"10";"SAÚDE";"301";"ATENÇÃO BÁSICA";"2024";"816";"";"0";"0";"100002020";"CTO.ESPEC.TRAT.DEP.ALCOOL E DROGAS CEAD";"03302793000191";"";"5002";"FUNDO NACIONAL DE SAUDE - PAB";"33503956";"OUTROS SERVIÇOS DE ASSISTÊNCIA À SAÚDE";"SERVICOS DE SAUDE(P. JURIDICAS).";"49966";"2024";"L";"11/01/2024";"0";"01/01/2024";"31/01/2024";"14"
"UNIDADE DE GESTÃO DE PROMOÇÃO DA SAÚDE";"10";"SAÚDE";"303";"SUPORTE PROFILÁTICO E TERAPÊUTICO";"2024";"817";"2023";"201";"14";"100010146";"ATIVA COMERCIAL HOSPITALAR LTDA";"04274988000138";"PREGÃO ELETRÔNICO";"0";"PROPRIA";"33903037";"MEDICAMENTOS FORNECIDOS POR DECISÃO JUDICIAL";"COLECALCIFEROL 200UI/GOTAS - FRASCO 20ML";"516.81";"2024";"L";"24/01/2024";"0";"01/01/2024";"31/01/2024";"14"
"UNIDADE DE GESTÃO DE PROMOÇÃO DA SAÚDE";"10";"SAÚDE";"303";"SUPORTE PROFILÁTICO E TERAPÊUTICO";"2024";"819";"2023";"201";"14";"100047371";"DROGARIA AMARAL SOCIEDADE UNIPESSOAL LTDA EPP";"51336832000114";"PREGÃO ELETRÔNICO";"0";"PROPRIA";"33903037";"MEDICAMENTOS FORNECIDOS POR DECISÃO JUDICIAL";"EMPAGLIFLOZINA 25 MG + LINAGLIPTINA 5 MG. COMP. REVESTIDOS";"4185";"2024";"L";"18/01/2024";"0";"01/01/2024";"31/01/2024";"14"
"UNIDADE DE GESTÃO DE GOVERNO E FINANÇAS";"28";"ENCARGOS ESPECIAIS";"846";"OUTROS ENCARGOS ESPECIAIS";"2024";"821";"";"0";"0";"100053362";"MADALENA ROSÁRIA DA SILVA";"04996049898";"";"0";"PROPRIA";"33909302";"RESTITUICOES";"INDENIZACOES E/OU RESSARCIMENTOS(P. FISICA).";"410.31";"2024";"L";"19/01/2024";"0";"01/01/2024";"31/01/2024";"8"
"UNIDADE DE GESTÃO DE GOVERNO E FINANÇAS";"28";"ENCARGOS ESPECIAIS";"846";"OUTROS ENCARGOS ESPECIAIS";"2024";"822";"";"0";"0";"100053369";"DIRCE MARIA PEREIRA";"25559654833";"";"0";"PROPRIA";"33909302";"RESTITUICOES";"INDENIZACOES E/OU RESSARCIMENTOS(P. FISICA).";"194.47";"2024";"L";"24/01/2024";"0";"01/01/2024";"31/01/2024";"8"
"UNIDADE DE GESTÃO DE NEG. JURÍDICOS E CIDADANIA";"4";"ADMINISTRAÇÃO";"122";"ADMINISTRAÇÃO GERAL";"2024";"823";"";"0";"0";"100029785";"PMJ - ROGÉRIA APARECIDA NASCIMENTO";"13753692883";"";"0";"PROPRIA";"33903999";"OUTROS SERVICOS DE TERCEIROS - PESSOA JURIDICA";"ADIANTAMENTOS(SERVIDORES).";"3000";"2024";"L";"10/01/2024";"0";"01/01/2024";"31/01/2024";"6"
"UNIDADE DE GESTÃO DE NEG. JURÍDICOS E CIDADANIA";"4";"ADMINISTRAÇÃO";"122";"ADMINISTRAÇÃO GERAL";"2024";"824";"";"0";"0";"100029785";"PMJ - ROGÉRIA APARECIDA NASCIMENTO";"13753692883";"";"0";"PROPRIA";"33903099";"OUTROS MATERIAIS DE CONSUMO";"ADIANTAMENTOS(SERVIDORES).";"500";"2024";"L";"10/01/2024";"0";"01/01/2024";"31/01/2024";"6"
"UNIDADE DE GESTÃO DE PROMOÇÃO DA SAÚDE";"10";"SAÚDE";"303";"SUPORTE PROFILÁTICO E TERAPÊUTICO";"2024";"826";"2023";"279";"14";"1063403";"DAKFILM COMERCIAL LTDA.";"61613881000100";"PREGÃO ELETRÔNICO";"0";"PROPRIA";"33903037";"MEDICAMENTOS FORNECIDOS POR DECISÃO JUDICIAL";"INSULINA ASPART 100 UI/ML 3ML EM CANETA INJETORA DESCARTAVEL";"7488";"2024";"L";"26/01/2024";"0";"01/01/2024";"31/01/2024";"14"
"UNIDADE DE GESTÃO DE PROMOÇÃO DA SAÚDE";"10";"SAÚDE";"303";"SUPORTE PROFILÁTICO E TERAPÊUTICO";"2024";"827";"2023";"279";"14";"100036243";"BRISTOL-MYERS SQUIBB FARMACEUTICA LTDA";"56998982003122";"PREGÃO ELETRÔNICO";"0";"PROPRIA";"33903037";"MEDICAMENTOS FORNECIDOS POR DECISÃO JUDICIAL";"NIVOLUMABE 10MG/ML FRASCO AMPOLA CONTENDO 4ML (40MG)";"19031.53";"2024";"L";"24/01/2024";"0";"01/01/2024";"31/01/2024";"14"
"UNIDADE DE GESTÃO DE PROMOÇÃO DA SAÚDE";"10";"SAÚDE";"303";"SUPORTE PROFILÁTICO E TERAPÊUTICO";"2024";"832";"2023";"334";"14";"100039571";"MEDSI DISTRIBUIDORA DE MEDICAMENTOS LTDA EPP";"30754325000120";"PREGÃO ELETRÔNICO";"0";"PROPRIA";"33903037";"MEDICAMENTOS FORNECIDOS POR DECISÃO JUDICIAL";"GLICLAZIDA MR 60MG";"64.68";"2024";"L";"24/01/2024";"0";"01/01/2024";"31/01/2024";"14"
"UNIDADE DE GESTÃO DE PROMOÇÃO DA SAÚDE";"10";"SAÚDE";"303";"SUPORTE PROFILÁTICO E TERAPÊUTICO";"2024";"835";"2023";"334";"14";"100047121";"AVAREMED DISTRIBUIDORA DE MEDICAMENTOS LTDA";"11195057000100";"PREGÃO ELETRÔNICO";"0";"PROPRIA";"33903037";"MEDICAMENTOS FORNECIDOS POR DECISÃO JUDICIAL";"VALSARTANA 320MG + ANLODIPINO 10MG";"308.7";"2024";"L";"26/01/2024";"0";"01/01/2024";"31/01/2024";"14"
"UNIDADE DE GESTÃO DE PROMOÇÃO DA SAÚDE";"10";"SAÚDE";"303";"SUPORTE PROFILÁTICO E TERAPÊUTICO";"2024";"836";"2023";"334";"14";"100049888";"LYON FARMA-HOSPITALAR IMP E EXP LTDA ME";"44291264000117";"PREGÃO ELETRÔNICO";"0";"PROPRIA";"33903037";"MEDICAMENTOS FORNECIDOS POR DECISÃO JUDICIAL";"ENOXAPARINA SODICA 40MG SERINGAS PREENCHIDAS";"1471.5";"2024";"L";"26/01/2024";"0";"01/01/2024";"31/01/2024";"14"
"UNIDADE DE GESTÃO DE PROMOÇÃO DA SAÚDE";"10";"SAÚDE";"303";"SUPORTE PROFILÁTICO E TERAPÊUTICO";"2024";"839";"2022";"482";"14";"100006270";"PRATI. DONADUZZI & CIA LTDA.";"73856593000166";"PREGÃO ELETRÔNICO";"0";"PROPRIA";"33903037";"MEDICAMENTOS FORNECIDOS POR DECISÃO JUDICIAL";"CANABIDIOL 200 MG/ML SOLUCAO ORAL 30 ML";"549323.28";"2024";"L";"19/01/2024";"0";"01/01/2024";"31/01/2024";"14"
"UNIDADE DE GESTÃO DE PROMOÇÃO DA SAÚDE";"10";"SAÚDE";"302";"ASSISTÊNCIA HOSPITALAR E AMBULATORIAL";"2024";"840";"2022";"467";"14";"100034222";"MEDGRAN INDUSTRIA E COMERCIO DE PROD.HOSP.LTDA EPP";"14766081000140";"PREGÃO ELETRÔNICO";"0";"PROPRIA";"33903098";"OUTROS MATERIAIS DE CONSUMO DECORRENTE DE DECISÃO";"FRASCO DESCARTAVEL PARA DIETA ENTERAL (300ML)";"119.25";"2024";"L";"19/01/2024";"0";"01/01/2024";"31/01/2024";"14"
"UNIDADE DE GESTÃO DE PROMOÇÃO DA SAÚDE";"10";"SAÚDE";"302";"ASSISTÊNCIA HOSPITALAR E AMBULATORIAL";"2024";"841";"2022";"467";"14";"100047085";"ALFALAGOS LTDA";"05194502000467";"PREGÃO ELETRÔNICO";"0";"PROPRIA";"33903098";"OUTROS MATERIAIS DE CONSUMO DECORRENTE DE DECISÃO";"EQUIPO MACRO GOTEJADOR PARA NUTRICAO ENTERAL";"60.5";"2024";"L";"26/01/2024";"0";"01/01/2024";"31/01/2024";"14"
"UNIDADE DE GESTÃO DE PROMOÇÃO DA SAÚDE";"10";"SAÚDE";"302";"ASSISTÊNCIA HOSPITALAR E AMBULATORIAL";"2024";"842";"2022";"488";"14";"100016603";"PRODIET NUTRIÇÃO CLÍNICA S/A";"08183359000153";"PREGÃO ELETRÔNICO";"0";"PROPRIA";"33903098";"OUTROS MATERIAIS DE CONSUMO DECORRENTE DE DECISÃO";"ESPESSANTE ALIMENTAR EM PO";"172.5";"2024";"L";"24/01/2024";"0";"01/01/2024";"31/01/2024";"14"
"UNIDADE DE GESTÃO DE PROMOÇÃO DA SAÚDE";"10";"SAÚDE";"302";"ASSISTÊNCIA HOSPITALAR E AMBULATORIAL";"2024";"843";"2022";"488";"14";"100042416";"NUTRIPORT COMERCIAL LTDA";"03612312000144";"PREGÃO ELETRÔNICO";"0";"PROPRIA";"33903098";"OUTROS MATERIAIS DE CONSUMO DECORRENTE DE DECISÃO";"DIETA A BASE DE AMINOACIDOS PARA CRIANCAS MAIORES DE 1 ANO";"24974.76";"2024";"L";"17/01/2024";"0";"01/01/2024";"31/01/2024";"14"
"UNIDADE DE GESTÃO DE PROMOÇÃO DA SAÚDE";"10";"SAÚDE";"302";"ASSISTÊNCIA HOSPITALAR E AMBULATORIAL";"2024";"844";"2022";"488";"14";"100042833";"MEDIC & NUTRE COMERCIO LTDA";"30518878000184";"PREGÃO ELETRÔNICO";"0";"PROPRIA";"33903098";"OUTROS MATERIAIS DE CONSUMO DECORRENTE DE DECISÃO";"FORMULA INFANTIL CONSTITUIDA POR 100% DE AMINOACIDOS LIVRES";"21700.8";"2024";"L";"24/01/2024";"0";"01/01/2024";"31/01/2024";"14"
"UNIDADE DE GESTÃO DE PROMOÇÃO DA SAÚDE";"10";"SAÚDE";"302";"ASSISTÊNCIA HOSPITALAR E AMBULATORIAL";"2024";"845";"2022";"488";"14";"100042416";"NUTRIPORT COMERCIAL LTDA";"03612312000144";"PREGÃO ELETRÔNICO";"0";"PROPRIA";"33903098";"OUTROS MATERIAIS DE CONSUMO DECORRENTE DE DECISÃO";"SUPLEMENTO ORAL INFANTIL EM PO";"2375.4";"2024";"L";"17/01/2024";"0";"01/01/2024";"31/01/2024";"14"
"UNIDADE DE GESTÃO DE PROMOÇÃO DA SAÚDE";"10";"SAÚDE";"302";"ASSISTÊNCIA HOSPITALAR E AMBULATORIAL";"2024";"846";"2022";"544";"14";"100042416";"NUTRIPORT COMERCIAL LTDA";"03612312000144";"PREGÃO ELETRÔNICO";"0";"PROPRIA";"33903098";"OUTROS MATERIAIS DE CONSUMO DECORRENTE DE DECISÃO";"DIETA CETOGENICA 4:1";"19583.31";"2024";"L";"17/01/2024";"0";"01/01/2024";"31/01/2024";"14"
"UNIDADE DE GESTÃO DE PROMOÇÃO DA SAÚDE";"10";"SAÚDE";"302";"ASSISTÊNCIA HOSPITALAR E AMBULATORIAL";"2024";"847";"2022";"544";"14";"100042416";"NUTRIPORT COMERCIAL LTDA";"03612312000144";"PREGÃO ELETRÔNICO";"0";"PROPRIA";"33903098";"OUTROS MATERIAIS DE CONSUMO DECORRENTE DE DECISÃO";"SUPLEMENTO NUTRICIONAL A BASE DE AMINOACIDOS LIVRES";"4644.5";"2024";"L";"17/01/2024";"0";"01/01/2024";"31/01/2024";"14"
"UNIDADE DE GESTÃO DE PROMOÇÃO DA SAÚDE";"10";"SAÚDE";"302";"ASSISTÊNCIA HOSPITALAR E AMBULATORIAL";"2024";"848";"2022";"544";"14";"100042416";"NUTRIPORT COMERCIAL LTDA";"03612312000144";"PREGÃO ELETRÔNICO";"0";"PROPRIA";"33903098";"OUTROS MATERIAIS DE CONSUMO DECORRENTE DE DECISÃO";"SUPLEMENTO NUTRICIONAL A BASE DE AMINOACIDOS LIVRES";"3317.5";"2024";"L";"17/01/2024";"0";"01/01/2024";"31/01/2024";"14"
"UNIDADE DE GESTÃO DE PROMOÇÃO DA SAÚDE";"10";"SAÚDE";"302";"ASSISTÊNCIA HOSPITALAR E AMBULATORIAL";"2024";"849";"2022";"466";"14";"100042833";"MEDIC & NUTRE COMERCIO LTDA";"30518878000184";"PREGÃO ELETRÔNICO";"0";"PROPRIA";"33903098";"OUTROS MATERIAIS DE CONSUMO DECORRENTE DE DECISÃO";"DIETA ENTERAL HIPERCALORICA COM FIBRAS";"6237";"2024";"L";"17/01/2024";"0";"01/01/2024";"31/01/2024";"14"
"UNIDADE DE GESTÃO DE PROMOÇÃO DA SAÚDE";"10";"SAÚDE";"302";"ASSISTÊNCIA HOSPITALAR E AMBULATORIAL";"2024";"850";"2022";"466";"14";"100042416";"NUTRIPORT COMERCIAL LTDA";"03612312000144";"PREGÃO ELETRÔNICO";"0";"PROPRIA";"33903098";"OUTROS MATERIAIS DE CONSUMO DECORRENTE DE DECISÃO";"EMULSAO DE LIPIDEOS";"1386.2";"2024";"L";"17/01/2024";"0";"01/01/2024";"31/01/2024";"14"
"UNIDADE DE GESTÃO DE PROMOÇÃO DA SAÚDE";"10";"SAÚDE";"303";"SUPORTE PROFILÁTICO E TERAPÊUTICO";"2024";"851";"2022";"470";"14";"1008572";"INTERLAB FARMACEUTICA LTDA";"43295831000140";"PREGÃO ELETRÔNICO";"0";"PROPRIA";"33903009";"MATERIAL FARMACOLOGICO";"COLECALCIFEROL (VITAMINA D3) 1000UI";"514.8";"2024";"L";"17/01/2024";"0";"01/01/2024";"31/01/2024";"14"
"UNIDADE DE GESTÃO DE PROMOÇÃO DA SAÚDE";"10";"SAÚDE";"303";"SUPORTE PROFILÁTICO E TERAPÊUTICO";"2024";"851";"2022";"470";"14";"1008572";"INTERLAB FARMACEUTICA LTDA";"43295831000140";"PREGÃO ELETRÔNICO";"0";"PROPRIA";"33903009";"MATERIAL FARMACOLOGICO";"COLECALCIFEROL (VITAMINA D3) 7000UI";"1800";"2024";"L";"17/01/2024";"0";"01/01/2024";"31/01/2024";"14"
"UNIDADE DE GESTÃO DE PROMOÇÃO DA SAÚDE";"10";"SAÚDE";"303";"SUPORTE PROFILÁTICO E TERAPÊUTICO";"2024";"852";"2022";"470";"14";"1008572";"INTERLAB FARMACEUTICA LTDA";"43295831000140";"PREGÃO ELETRÔNICO";"0";"PROPRIA";"33903037";"MEDICAMENTOS FORNECIDOS POR DECISÃO JUDICIAL";"VORTIOXETINA 10 MG COMPRIMIDO REVESTIDO";"2499";"2024";"L";"17/01/2024";"0";"01/01/2024";"31/01/2024";"14"
"UNIDADE DE GESTÃO DE PROMOÇÃO DA SAÚDE";"10";"SAÚDE";"303";"SUPORTE PROFILÁTICO E TERAPÊUTICO";"2024";"852";"2022";"470";"14";"1008572";"INTERLAB FARMACEUTICA LTDA";"43295831000140";"PREGÃO ELETRÔNICO";"0";"PROPRIA";"33903037";"MEDICAMENTOS FORNECIDOS POR DECISÃO JUDICIAL";"COLECALCIFEROL 2000UI";"276.78";"2024";"L";"17/01/2024";"0";"01/01/2024";"31/01/2024";"14"
"UNIDADE DE GESTÃO DE PROMOÇÃO DA SAÚDE";"10";"SAÚDE";"303";"SUPORTE PROFILÁTICO E TERAPÊUTICO";"2024";"853";"2022";"470";"14";"1066489";"AGLON COMERCIO E REPRESENTACOES LTDA";"65817900000171";"PREGÃO ELETRÔNICO";"0";"PROPRIA";"33903009";"MATERIAL FARMACOLOGICO";"DIOSMINA 900MG + HESPERIDINA 100MG";"4209";"2024";"L";"24/01/2024";"0";"01/01/2024";"31/01/2024";"14"
"UNIDADE DE GESTÃO DE PROMOÇÃO DA SAÚDE";"10";"SAÚDE";"303";"SUPORTE PROFILÁTICO E TERAPÊUTICO";"2024";"859";"2022";"470";"14";"100041459";"CM HOSPITALAR S.A";"12420164000904";"PREGÃO ELETRÔNICO";"0";"PROPRIA";"33903037";"MEDICAMENTOS FORNECIDOS POR DECISÃO JUDICIAL";"ENOXAPARINA SODICA 60MG SERINGAS PREENCHIDAS";"13194";"2024";"L";"24/01/2024";"0";"01/01/2024";"31/01/2024";"14"
"UNIDADE DE GESTÃO DE PROMOÇÃO DA SAÚDE";"10";"SAÚDE";"303";"SUPORTE PROFILÁTICO E TERAPÊUTICO";"2024";"859";"2022";"470";"14";"100041459";"CM HOSPITALAR S.A";"12420164000904";"PREGÃO ELETRÔNICO";"0";"PROPRIA";"33903037";"MEDICAMENTOS FORNECIDOS POR DECISÃO JUDICIAL";"CANAGLIFLOZINA 300MG";"4126.2";"2024";"L";"24/01/2024";"0";"01/01/2024";"31/01/2024";"14"
"UNIDADE DE GESTÃO DE PROMOÇÃO DA SAÚDE";"10";"SAÚDE";"303";"SUPORTE PROFILÁTICO E TERAPÊUTICO";"2024";"860";"2022";"470";"14";"100045021";"SP HOSPITALAR LTDA";"27817504000155";"PREGÃO ELETRÔNICO";"0";"PROPRIA";"33903037";"MEDICAMENTOS FORNECIDOS POR DECISÃO JUDICIAL";"TESTOSTERONA UNDECANOATO 250MG/ML INJETAVEL 4ML";"416";"2024";"L";"19/01/2024";"0";"01/01/2024";"31/01/2024";"14"
"UNIDADE DE GESTÃO DE PROMOÇÃO DA SAÚDE";"10";"SAÚDE";"303";"SUPORTE PROFILÁTICO E TERAPÊUTICO";"2024";"861";"2022";"470";"14";"100045021";"SP HOSPITALAR LTDA";"27817504000155";"PREGÃO ELETRÔNICO";"0";"PROPRIA";"33903037";"MEDICAMENTOS FORNECIDOS POR DECISÃO JUDICIAL";"TESTOSTERONA UNDECANOATO 250MG/ML INJETAVEL 4ML";"832";"2024";"L";"19/01/2024";"0";"01/01/2024";"31/01/2024";"14"
"UNIDADE DE GESTÃO DE GOVERNO E FINANÇAS";"28";"ENCARGOS ESPECIAIS";"846";"OUTROS ENCARGOS ESPECIAIS";"2024";"862";"";"0";"0";"100048209";"HENRIQUE DUARTE DE ALMEIDA";"31749284863";"";"0";"PROPRIA";"33909115";"SENTENÇAS JUDICIAIS DE PEQUENO VALOR";"DESPESAS OBRIGATORIAS E/OU JUDICIAIS(P. FISICAS).";"1192.65";"2024";"L";"09/01/2024";"0";"01/01/2024";"31/01/2024";"8"
"UNIDADE DE GESTÃO DE GOVERNO E FINANÇAS";"28";"ENCARGOS ESPECIAIS";"846";"OUTROS ENCARGOS ESPECIAIS";"2024";"863";"";"0";"0";"100052298";"PAULO AFONSO MENDONÇA DE SIQUEIRA";"08086586898";"";"0";"PROPRIA";"33909115";"SENTENÇAS JUDICIAIS DE PEQUENO VALOR";"DESPESAS OBRIGATORIAS E/OU JUDICIAIS(P. FISICAS).";"1130.28";"2024";"L";"09/01/2024";"0";"01/01/2024";"31/01/2024";"8"
"UNIDADE DE GESTÃO DE GOVERNO E FINANÇAS";"28";"ENCARGOS ESPECIAIS";"846";"OUTROS ENCARGOS ESPECIAIS";"2024";"864";"";"0";"0";"100053370";"THACIÁRA SILVA";"42453347896";"";"0";"PROPRIA";"33909115";"SENTENÇAS JUDICIAIS DE PEQUENO VALOR";"DESPESAS OBRIGATORIAS E/OU JUDICIAIS(P. FISICAS).";"1549.18";"2024";"L";"10/01/2024";"0";"01/01/2024";"31/01/2024";"8"
"UNIDADE DE GESTÃO DE GOVERNO E FINANÇAS";"28";"ENCARGOS ESPECIAIS";"846";"OUTROS ENCARGOS ESPECIAIS";"2024";"865";"";"0";"0";"100045290";"ANDRE MIRANDA CARVALHO DE FREITAS";"15358388842";"";"0";"PROPRIA";"33909115";"SENTENÇAS JUDICIAIS DE PEQUENO VALOR";"DESPESAS OBRIGATORIAS E/OU JUDICIAIS(P. FISICAS).";"1955.13";"2024";"L";"10/01/2024";"0";"01/01/2024";"31/01/2024";"8"
"UNIDADE GESTÃO DE ASSISTÊNCIA E DESENVOLV. SOCIAL";"8";"ASSISTÊNCIA SOCIAL";"243";"ASSISTÊNCIA À CRIANÇA E AO ADOLESCENTE";"2024";"866";"";"0";"0";"4010799";"CASA TRANSITORIA N. SENHORA APARECIDA";"51887826000155";"";"0";"PROPRIA";"33503901";"TERMO DE COLABORAÇÃO";"CONVENIO MROSC - LEI 13019/2014 - MARCO REGUL.ORG.SOC.CIVIL";"86800";"2024";"L";"16/01/2024";"0";"01/01/2024";"31/01/2024";"15"
"UNIDADE DE GESTÃO DES. ECON. CIÊNCIA E TECNOLOGIA";"4";"ADMINISTRAÇÃO";"122";"ADMINISTRAÇÃO GERAL";"2024";"869";"";"0";"0";"100046986";"PMJ-SILMARA BARELLI";"13528247878";"";"0";"PROPRIA";"33903099";"OUTROS MATERIAIS DE CONSUMO";"ADIANTAMENTOS(SERVIDORES).";"300";"2024";"L";"10/01/2024";"0";"01/01/2024";"31/01/2024";"16"
"UNIDADE DE GESTÃO DES. ECON. CIÊNCIA E TECNOLOGIA";"4";"ADMINISTRAÇÃO";"122";"ADMINISTRAÇÃO GERAL";"2024";"870";"";"0";"0";"100046986";"PMJ-SILMARA BARELLI";"13528247878";"";"0";"PROPRIA";"33903999";"OUTROS SERVICOS DE TERCEIROS - PESSOA JURIDICA";"ADIANTAMENTOS(SERVIDORES).";"2000";"2024";"L";"10/01/2024";"0";"01/01/2024";"31/01/2024";"16"
"UNIDADE DE GESTÃO DE PROMOÇÃO DA SAÚDE";"10";"SAÚDE";"302";"ASSISTÊNCIA HOSPITALAR E AMBULATORIAL";"2024";"871";"2002";"6";"6";"100001439";"DAGILE ADMIN.DE BENS PROPRIO E PARTICIPACOES LTDA";"50936343000130";"DISPENSA DE LICITACAO";"0";"PROPRIA";"33903910";"LOCACAO DE IMOVEIS";"LOCACAO-IMOVEL";"16473";"2024";"L";"31/01/2024";"0";"01/01/2024";"31/01/2024";"14"
"UNIDADE DE GESTÃO DE PROMOÇÃO DA SAÚDE";"10";"SAÚDE";"301";"ATENÇÃO BÁSICA";"2024";"873";"2013";"83";"6";"100047206";"ARFRANGI ADMINISTRACAO DE BENS PROPRIOS LTDA";"43103236000166";"DISPENSA DE LICITACAO";"5002";"FUNDO NACIONAL DE SAUDE - PAB";"33903910";"LOCACAO DE IMOVEIS";"LOCACAO-IMOVEL - UNIDADE DE SAUDE";"6710";"2024";"L";"31/01/2024";"0";"01/01/2024";"31/01/2024";"14"
"UNIDADE DE GESTÃO DE PROMOÇÃO DA SAÚDE";"10";"SAÚDE";"302";"ASSISTÊNCIA HOSPITALAR E AMBULATORIAL";"2024";"874";"2016";"50";"6";"100019711";"APARECIDO TUPÃ ALVES DA SILVA E OUTRA";"86768751891";"DISPENSA DE LICITACAO";"0";"PROPRIA";"33903615";"LOCACAO DE IMOVEIS";"LOCACAO-IMOVEL - CAPS";"12187";"2024";"L";"31/01/2024";"0";"01/01/2024";"31/01/2024";"14"
"UNIDADE DE GESTÃO DE PROMOÇÃO DA SAÚDE";"10";"SAÚDE";"301";"ATENÇÃO BÁSICA";"2024";"875";"2017";"22";"6";"100039874";"J4 INVESTIMENTOS LTDA - ME";"28114584000145";"DISPENSA DE LICITACAO";"0";"PROPRIA";"33903615";"LOCACAO DE IMOVEIS";"LOCACAO-IMOVEL";"16434";"2024";"L";"31/01/2024";"0";"01/01/2024";"31/01/2024";"14"
"UNIDADE DE GESTÃO DE PROMOÇÃO DA SAÚDE";"10";"SAÚDE";"305";"VIGILÂNCIA EPIDEMIOLÓGICA";"2024";"877";"2015";"73";"6";"100018413";"GABRIEL FRANCISCO FORNARI PUTTINI";"12702615848";"DISPENSA DE LICITACAO";"5004";"FUNDO NACIONAL SAUDE-TETO FIN.EPID.E CONTR.DOENCAS";"33903615";"LOCACAO DE IMOVEIS";"LOCACAO-IMOVEL";"14165";"2024";"L";"31/01/2024";"0";"01/01/2024";"31/01/2024";"14"
"UNIDADE DE GESTÃO DE PROMOÇÃO DA SAÚDE";"10";"SAÚDE";"301";"ATENÇÃO BÁSICA";"2024";"878";"2017";"24";"6";"100035665";"DANILO MIQUELETTO E OUTRO";"28693364898";"DISPENSA DE LICITACAO";"5002";"FUNDO NACIONAL DE SAUDE - PAB";"33903615";"LOCACAO DE IMOVEIS";"LOCACAO-IMOVEL";"2020";"2024";"L";"31/01/2024";"0";"01/01/2024";"31/01/2024";"14"
"UNIDADE DE GESTÃO DE PROMOÇÃO DA SAÚDE";"10";"SAÚDE";"302";"ASSISTÊNCIA HOSPITALAR E AMBULATORIAL";"2024";"879";"2013";"68";"6";"100028456";"MAM ADMINISTRACAO E PARTICIPACAO LTDA";"19133646000175";"DISPENSA DE LICITACAO";"0";"PROPRIA";"33903910";"LOCACAO DE IMOVEIS";"LOCACAO-IMOVEL";"56500";"2024";"L";"31/01/2024";"0";"01/01/2024";"31/01/2024";"14"
"UNIDADE DE GESTÃO DE PROMOÇÃO DA SAÚDE";"10";"SAÚDE";"302";"ASSISTÊNCIA HOSPITALAR E AMBULATORIAL";"2024";"880";"2021";"51";"6";"100001439";"DAGILE ADMIN.DE BENS PROPRIO E PARTICIPACOES LTDA";"50936343000130";"DISPENSA DE LICITACAO";"5001";"FUNDO NACIONAL DE SAUDE - MS/SAS";"33903910";"LOCACAO DE IMOVEIS";"LOCACAO-IMOVEL";"5406.18";"2024";"L";"31/01/2024";"0";"01/01/2024";"31/01/2024";"14"
"UNIDADE DE GESTÃO DE PROMOÇÃO DA SAÚDE";"10";"SAÚDE";"302";"ASSISTÊNCIA HOSPITALAR E AMBULATORIAL";"2024";"881";"2017";"65";"6";"100036647";"WALTER MARCIANO DE ASSIS E OUTRO(A)";"86994484815";"DISPENSA DE LICITACAO";"0";"PROPRIA";"33903615";"LOCACAO DE IMOVEIS";"LOCACAO-IMOVEL";"12340";"2024";"L";"31/01/2024";"0";"01/01/2024";"31/01/2024";"14"
"UNIDADE DE GESTÃO DE PROMOÇÃO DA SAÚDE";"10";"SAÚDE";"302";"ASSISTÊNCIA HOSPITALAR E AMBULATORIAL";"2024";"884";"2000";"13";"6";"100008172";"ELIANE MARISA DE SOUSA LOPES FRANZINI";"00188647830";"DISPENSA DE LICITACAO";"0";"PROPRIA";"33903615";"LOCACAO DE IMOVEIS";"LOCACAO-IMOVEL - PRONTO ATENDIMENTO PTE.S.JOAO";"5768.05";"2024";"L";"31/01/2024";"0";"01/01/2024";"31/01/2024";"14"
"UNIDADE DE GESTÃO DE PROMOÇÃO DA SAÚDE";"10";"SAÚDE";"302";"ASSISTÊNCIA HOSPITALAR E AMBULATORIAL";"2024";"885";"2021";"107";"6";"100046198";"EVALDO JOSE DOS REIS FERREIRA";"05122799857";"DISPENSA DE LICITACAO";"0";"PROPRIA";"33903615";"LOCACAO DE IMOVEIS";"LOCACAO-IMOVEL";"9360";"2024";"L";"31/01/2024";"0";"01/01/2024";"31/01/2024";"14"
"UNIDADE DE GESTÃO DE PROMOÇÃO DA SAÚDE";"10";"SAÚDE";"302";"ASSISTÊNCIA HOSPITALAR E AMBULATORIAL";"2024";"887";"2022";"66";"6";"100049041";"CAMILA VASQUES WEISSER PINTO RODRIGUES";"25997384829";"DISPENSA DE LICITACAO";"0";"PROPRIA";"33903615";"LOCACAO DE IMOVEIS";"LOCACAO-IMOVEL";"8500";"2024";"L";"31/01/2024";"0";"01/01/2024";"31/01/2024";"14"
"UNIDADE DE GESTÃO DE PROMOÇÃO DA SAÚDE";"10";"SAÚDE";"301";"ATENÇÃO BÁSICA";"2024";"889";"2016";"10";"6";"100032693";"SANDRA NETTO SAMPAIO";"04367670821";"DISPENSA DE LICITACAO";"0";"PROPRIA";"33903615";"LOCACAO DE IMOVEIS";"LOCACAO-IMOVEL";"5400";"2024";"L";"31/01/2024";"0";"01/01/2024";"31/01/2024";"14"
"UNIDADE DE GESTÃO DE PROMOÇÃO DA SAÚDE";"10";"SAÚDE";"301";"ATENÇÃO BÁSICA";"2024";"891";"1999";"15";"6";"100000522";"MARIA ANDINALVA CARBONARI SECCO";"16836629898";"DISPENSA DE LICITACAO";"5002";"FUNDO NACIONAL DE SAUDE - PAB";"33903615";"LOCACAO DE IMOVEIS";"LOCACAO-IMOVEL - UNIDADE DE SAUDE";"7100";"2024";"L";"31/01/2024";"0";"01/01/2024";"31/01/2024";"14"
"UNIDADE DE GESTÃO DE PROMOÇÃO DA SAÚDE";"10";"SAÚDE";"302";"ASSISTÊNCIA HOSPITALAR E AMBULATORIAL";"2024";"893";"1999";"11";"6";"100000490";"ANTONIA SOUSA";"82317038887";"DISPENSA DE LICITACAO";"0";"PROPRIA";"33903615";"LOCACAO DE IMOVEIS";"LOCACAO-IMOVEL";"5850";"2024";"L";"31/01/2024";"0";"01/01/2024";"31/01/2024";"14"
"UNIDADE GESTÃO DE ASSISTÊNCIA E DESENVOLV. SOCIAL";"8";"ASSISTÊNCIA SOCIAL";"244";"ASSISTÊNCIA COMUNITÁRIA";"2024";"894";"";"0";"0";"100049370";"ELAINE THAIS FERREIRA PEIXOTO";"33604314801";"";"0";"PROPRIA";"33904899";"DEMAIS AUXÍLIOS FINANCEIROS A PESSOAS FÍSICAS";"AUXILIO VULNERABILIDADE";"660";"2024";"L";"11/01/2024";"0";"01/01/2024";"31/01/2024";"15"
"UNIDADE GESTÃO DE ASSISTÊNCIA E DESENVOLV. SOCIAL";"8";"ASSISTÊNCIA SOCIAL";"244";"ASSISTÊNCIA COMUNITÁRIA";"2024";"895";"";"0";"0";"100052005";"SEBASTIANA APARECIDA JONJOBI";"16077765880";"";"0";"PROPRIA";"33904899";"DEMAIS AUXÍLIOS FINANCEIROS A PESSOAS FÍSICAS";"AUXILIO VULNERABILIDADE";"396";"2024";"L";"11/01/2024";"0";"01/01/2024";"31/01/2024";"15"
"UNIDADE DE GESTÃO DE CULTURA";"13";"CULTURA";"392";"DIFUSÃO CULTURAL";"2024";"896";"2023";"309";"14";"100028955";"FORMATHO DIGITAL PRINT LTDA. - ME";"14606849000118";"PREGÃO ELETRÔNICO";"0";"PROPRIA";"33903044";"MATERIAL DE SINALIZAÇÃO VISUAL E AFINS";"TOTEM PE DE OUVIDO. MED. TOTAL 180 X 55 X 4 CM";"16520";"2024";"L";"26/01/2024";"0";"01/01/2024";"31/01/2024";"22"
"UNIDADE DE GESTÃO DE GOVERNO E FINANÇAS";"28";"ENCARGOS ESPECIAIS";"846";"OUTROS ENCARGOS ESPECIAIS";"2024";"897";"";"0";"0";"100053371";"GENI SILVA AMORIM";"49608649820";"";"0";"PROPRIA";"33909302";"RESTITUICOES";"INDENIZACOES E/OU RESSARCIMENTOS(P. FISICA).";"1166.26";"2024";"L";"22/01/2024";"0";"01/01/2024";"31/01/2024";"8"
"UNIDADE DE GESTÃO DE PROMOÇÃO DA SAÚDE";"10";"SAÚDE";"302";"ASSISTÊNCIA HOSPITALAR E AMBULATORIAL";"2024";"899";"2005";"19";"6";"100038391";"MGB NEGOCIOS E PARTICIPACOES LTDA";"08278413000144";"DISPENSA DE LICITACAO";"0";"PROPRIA";"33903910";"LOCACAO DE IMOVEIS";"LOCACAO-IMOVEL - NIS";"12932.98";"2024";"L";"31/01/2024";"0";"01/01/2024";"31/01/2024";"14"
"UNIDADE GESTÃO DE ASSISTÊNCIA E DESENVOLV. SOCIAL";"8";"ASSISTÊNCIA SOCIAL";"244";"ASSISTÊNCIA COMUNITÁRIA";"2024";"902";"";"0";"0";"100053302";"INDESC INSTITUTO NACIONAL DE DESENVOLVIMENTO SOCIA";"07393987000109";"";"0";"PROPRIA";"33503901";"TERMO DE COLABORAÇÃO";"CONVENIO MROSC - LEI 13019/2014 - MARCO REGUL.ORG.SOC.CIVIL";"163076.92";"2024";"L";"16/01/2024";"0";"01/01/2024";"31/01/2024";"15"
"UNIDADE GESTÃO DE ASSISTÊNCIA E DESENVOLV. SOCIAL";"8";"ASSISTÊNCIA SOCIAL";"244";"ASSISTÊNCIA COMUNITÁRIA";"2024";"906";"";"0";"0";"100052930";"RICARDO AVELINO DA SILVA";"33455026826";"";"0";"PROPRIA";"33904899";"DEMAIS AUXÍLIOS FINANCEIROS A PESSOAS FÍSICAS";"AUXILIO VULNERABILIDADE";"660";"2024";"L";"11/01/2024";"0";"01/01/2024";"31/01/2024";"15"
"UNIDADE GESTÃO DE ASSISTÊNCIA E DESENVOLV. SOCIAL";"8";"ASSISTÊNCIA SOCIAL";"244";"ASSISTÊNCIA COMUNITÁRIA";"2024";"907";"";"0";"0";"100052928";"ALBERTINA FELISBERTO DE SOUZA SILVA";"44224941805";"";"0";"PROPRIA";"33904899";"DEMAIS AUXÍLIOS FINANCEIROS A PESSOAS FÍSICAS";"AUXILIO VULNERABILIDADE";"500";"2024";"L";"11/01/2024";"0";"01/01/2024";"31/01/2024";"15"
"UNIDADE GESTÃO DE ASSISTÊNCIA E DESENVOLV. SOCIAL";"8";"ASSISTÊNCIA SOCIAL";"244";"ASSISTÊNCIA COMUNITÁRIA";"2024";"908";"";"0";"0";"100053342";"RAQUEL LOUZADA VENTURA";"14703127784";"";"0";"PROPRIA";"33904899";"DEMAIS AUXÍLIOS FINANCEIROS A PESSOAS FÍSICAS";"AUXILIO VULNERABILIDADE";"660";"2024";"L";"15/01/2024";"0";"01/01/2024";"31/01/2024";"15"
"UNIDADE GESTÃO DE ASSISTÊNCIA E DESENVOLV. SOCIAL";"8";"ASSISTÊNCIA SOCIAL";"244";"ASSISTÊNCIA COMUNITÁRIA";"2024";"909";"";"0";"0";"100053339";"GABRIEL DEURI";"54171293804";"";"0";"PROPRIA";"33904899";"DEMAIS AUXÍLIOS FINANCEIROS A PESSOAS FÍSICAS";"AUXILIO VULNERABILIDADE";"924";"2024";"L";"11/01/2024";"0";"01/01/2024";"31/01/2024";"15"
"UNIDADE GESTÃO DE ASSISTÊNCIA E DESENVOLV. SOCIAL";"8";"ASSISTÊNCIA SOCIAL";"244";"ASSISTÊNCIA COMUNITÁRIA";"2024";"910";"";"0";"0";"100040996";"ELISABETE CRISTINA DA SILVA";"43987978821";"";"0";"PROPRIA";"33904899";"DEMAIS AUXÍLIOS FINANCEIROS A PESSOAS FÍSICAS";"AUXILIO VULNERABILIDADE";"660";"2024";"L";"11/01/2024";"0";"01/01/2024";"31/01/2024";"15"
"UNIDADE GESTÃO DE ASSISTÊNCIA E DESENVOLV. SOCIAL";"8";"ASSISTÊNCIA SOCIAL";"244";"ASSISTÊNCIA COMUNITÁRIA";"2024";"911";"";"0";"0";"100053368";"JOSENILDA FLORENCIO DA SILVA";"31453125884";"";"0";"PROPRIA";"33904899";"DEMAIS AUXÍLIOS FINANCEIROS A PESSOAS FÍSICAS";"AUXILIO VULNERABILIDADE";"660";"2024";"L";"11/01/2024";"0";"01/01/2024";"31/01/2024";"15"
"UNIDADE GESTÃO DE ASSISTÊNCIA E DESENVOLV. SOCIAL";"8";"ASSISTÊNCIA SOCIAL";"244";"ASSISTÊNCIA COMUNITÁRIA";"2024";"912";"";"0";"0";"100053367";"ALESSANDRA SANTANA DO NASCIMENTO";"42363007883";"";"0";"PROPRIA";"33904899";"DEMAIS AUXÍLIOS FINANCEIROS A PESSOAS FÍSICAS";"AUXILIO VULNERABILIDADE";"660";"2024";"L";"11/01/2024";"0";"01/01/2024";"31/01/2024";"15"
"UNIDADE GESTÃO DE ASSISTÊNCIA E DESENVOLV. SOCIAL";"8";"ASSISTÊNCIA SOCIAL";"244";"ASSISTÊNCIA COMUNITÁRIA";"2024";"913";"";"0";"0";"100053366";"JAILTON DA SILVA SANTIAGO";"09070286599";"";"0";"PROPRIA";"33904899";"DEMAIS AUXÍLIOS FINANCEIROS A PESSOAS FÍSICAS";"AUXILIO VULNERABILIDADE";"660";"2024";"L";"11/01/2024";"0";"01/01/2024";"31/01/2024";"15"
"UNIDADE DE GESTÃO DE PROMOÇÃO DA SAÚDE";"10";"SAÚDE";"302";"ASSISTÊNCIA HOSPITALAR E AMBULATORIAL";"2024";"915";"";"0";"0";"1091917";"GRP EM DEF.DA CRIANCA C/ CANCER GRENDACC";"00797397000194";"";"0";"PROPRIA";"33503952";"SERVIÇOS MÉDICO-HOSPITALARES PRESTADOS EM UNIDADES";"SERVICOS DE SAUDE(P. JURIDICAS).";"100000";"2024";"L";"15/01/2024";"0";"01/01/2024";"31/01/2024";"14"
"UNIDADE DE GESTÃO DE PROMOÇÃO DA SAÚDE";"10";"SAÚDE";"303";"SUPORTE PROFILÁTICO E TERAPÊUTICO";"2024";"919";"2023";"127";"14";"100013894";"REIS FARMACIA DE MANIPULACAO LTDA EPP";"07711912000110";"PREGÃO ELETRÔNICO";"0";"PROPRIA";"33903037";"MEDICAMENTOS FORNECIDOS POR DECISÃO JUDICIAL";"FORMULA MANIPULADA-VITIS VINIFERA 150MG + CASTANHA DA INDI";"51.6";"2024";"L";"18/01/2024";"0";"01/01/2024";"31/01/2024";"14"
"UNIDADE DE GESTÃO DE PROMOÇÃO DA SAÚDE";"10";"SAÚDE";"303";"SUPORTE PROFILÁTICO E TERAPÊUTICO";"2024";"919";"2023";"127";"14";"100013894";"REIS FARMACIA DE MANIPULACAO LTDA EPP";"07711912000110";"PREGÃO ELETRÔNICO";"0";"PROPRIA";"33903037";"MEDICAMENTOS FORNECIDOS POR DECISÃO JUDICIAL";"FORMULA MANIPULADA-MELATONINA 4MG/5ML USO ORAL";"64.1";"2024";"L";"18/01/2024";"0";"01/01/2024";"31/01/2024";"14"
"UNIDADE DE GESTÃO DE PROMOÇÃO DA SAÚDE";"10";"SAÚDE";"303";"SUPORTE PROFILÁTICO E TERAPÊUTICO";"2024";"919";"2023";"127";"14";"100013894";"REIS FARMACIA DE MANIPULACAO LTDA EPP";"07711912000110";"PREGÃO ELETRÔNICO";"0";"PROPRIA";"33903037";"MEDICAMENTOS FORNECIDOS POR DECISÃO JUDICIAL";"FORMULA MANIPULADA-CRAMBERRY 500MG";"82.8";"2024";"L";"18/01/2024";"0";"01/01/2024";"31/01/2024";"14"
"UNIDADE DE GESTÃO DE PROMOÇÃO DA SAÚDE";"10";"SAÚDE";"303";"SUPORTE PROFILÁTICO E TERAPÊUTICO";"2024";"920";"2023";"127";"14";"100041021";"FARMACIA DE MANIPULAÇÃO IDEAL FORMULAS LTDA-ME";"04522343000177";"PREGÃO ELETRÔNICO";"0";"PROPRIA";"33903037";"MEDICAMENTOS FORNECIDOS POR DECISÃO JUDICIAL";"FORMULA MANIPULADA-COENZIMA Q10 100MG";"55.8";"2024";"L";"17/01/2024";"0";"01/01/2024";"31/01/2024";"14"
"UNIDADE DE GESTÃO DE PROMOÇÃO DA SAÚDE";"10";"SAÚDE";"303";"SUPORTE PROFILÁTICO E TERAPÊUTICO";"2024";"920";"2023";"127";"14";"100041021";"FARMACIA DE MANIPULAÇÃO IDEAL FORMULAS LTDA-ME";"04522343000177";"PREGÃO ELETRÔNICO";"0";"PROPRIA";"33903037";"MEDICAMENTOS FORNECIDOS POR DECISÃO JUDICIAL";"FORMULA MANIPULADA-L-SERINA 5G SACHE";"972";"2024";"L";"17/01/2024";"0";"01/01/2024";"31/01/2024";"14"
"UNIDADE DE GESTÃO DE PROMOÇÃO DA SAÚDE";"10";"SAÚDE";"303";"SUPORTE PROFILÁTICO E TERAPÊUTICO";"2024";"920";"2023";"127";"14";"100041021";"FARMACIA DE MANIPULAÇÃO IDEAL FORMULAS LTDA-ME";"04522343000177";"PREGÃO ELETRÔNICO";"0";"PROPRIA";"33903037";"MEDICAMENTOS FORNECIDOS POR DECISÃO JUDICIAL";"FORMULA MANIPULADA-BIOTINA 5MG";"72";"2024";"L";"17/01/2024";"0";"01/01/2024";"31/01/2024";"14"
"UNIDADE DE GESTÃO DE PROMOÇÃO DA SAÚDE";"10";"SAÚDE";"305";"VIGILÂNCIA EPIDEMIOLÓGICA";"2024";"927";"2020";"37";"6";"100028456";"MAM ADMINISTRACAO E PARTICIPACAO LTDA";"19133646000175";"DISPENSA DE LICITACAO";"5004";"FUNDO NACIONAL SAUDE-TETO FIN.EPID.E CONTR.DOENCAS";"33903910";"LOCACAO DE IMOVEIS";"LOCACAO-IMOVEL";"27927";"2024";"L";"31/01/2024";"0";"01/01/2024";"31/01/2024";"14"
"UNIDADE DE GESTÃO DE PROMOÇÃO DA SAÚDE";"10";"SAÚDE";"302";"ASSISTÊNCIA HOSPITALAR E AMBULATORIAL";"2024";"929";"2013";"35";"6";"100026771";"JOAO CHACRA JUNIOR E OUTRO";"01600009808";"DISPENSA DE LICITACAO";"0";"PROPRIA";"33903615";"LOCACAO DE IMOVEIS";"LOCACAO-IMOVEL - CAPSI";"8400";"2024";"L";"31/01/2024";"0";"01/01/2024";"31/01/2024";"14"
"UNIDADE DE GESTÃO DE NEG. JURÍDICOS E CIDADANIA";"4";"ADMINISTRAÇÃO";"122";"ADMINISTRAÇÃO GERAL";"2024";"933";"2022";"1";"5";"100046156";"SOFTPLAN PLANEJAMENTO E SISTEMAS S/A";"82845322000104";"INEXIGIBILIDADE";"0";"PROPRIA";"33904099";"OUTROS SERVIÇOS DE TECNOLOGIA DA INFORMAÇÃO E COMU";"LICENCA DE SOFTWARE - SOLUCAO INTEGRADA DE GESTAO.PROC.JUD.";"58466.67";"2024";"L";"16/01/2024";"0";"01/01/2024";"31/01/2024";"6"
"UNIDADE DE GESTÃO DE CULTURA";"13";"CULTURA";"392";"DIFUSÃO CULTURAL";"2024";"936";"2024";"17";"1";"100033785";"IMUSICO SHOWS ARTISTICOS LTDA - ME";"23362385000132";"COMPRA DIRETA";"0";"PROPRIA";"33903923";"FESTIVIDADES E HOMENAGENS";"SHOW MUSICAL";"2500";"2024";"L";"31/01/2024";"0";"01/01/2024";"31/01/2024";"22"
"UNIDADE DE GESTÃO DE CULTURA";"13";"CULTURA";"392";"DIFUSÃO CULTURAL";"2024";"938";"2024";"19";"1";"100053108";"THIAGO LUIS BARBOSA";"36151220000163";"COMPRA DIRETA";"0";"PROPRIA";"33903923";"FESTIVIDADES E HOMENAGENS";"SHOW MUSICAL";"1500";"2024";"L";"18/01/2024";"0";"01/01/2024";"31/01/2024";"22"
"UNIDADE DE GESTÃO DE PROMOÇÃO DA SAÚDE";"10";"SAÚDE";"301";"ATENÇÃO BÁSICA";"2024";"943";"2010";"33";"6";"100019711";"APARECIDO TUPÃ ALVES DA SILVA E OUTRA";"86768751891";"DISPENSA DE LICITACAO";"0";"PROPRIA";"33903615";"LOCACAO DE IMOVEIS";"LOCACAO-IMOVEL - CEREST";"13390";"2024";"L";"31/01/2024";"0";"01/01/2024";"31/01/2024";"14"
"UNIDADE DE GESTÃO DE CULTURA";"13";"CULTURA";"392";"DIFUSÃO CULTURAL";"2024";"945";"2023";"4";"11";"100037487";"RENATA PELEGRINI PUPO 36973536832 ME";"15687104000193";"CONCURSO";"0";"PROPRIA";"33903999";"OUTROS SERVICOS DE TERCEIROS - PESSOA JURIDICA";"SHOW ARTISTICO";"3000";"2024";"L";"26/01/2024";"0";"01/01/2024";"31/01/2024";"22"
"UNIDADE DE GESTÃO DE PROMOÇÃO DA SAÚDE";"10";"SAÚDE";"302";"ASSISTÊNCIA HOSPITALAR E AMBULATORIAL";"2024";"950";"2023";"356";"14";"100041183";"AMC SAÚDE COMERCIAL HOSPITALAR LTDA EPP";"33551382000109";"PREGÃO ELETRÔNICO";"0";"PROPRIA";"33903299";"OUTROS MATERIAIS DE DISTRIBUIÇÃO GRATUITA";"DIETA ENTERAL ESPECIFICA PARA DOENA DE CROHN ADULTO";"11151.36";"2024";"L";"30/01/2024";"0";"01/01/2024";"31/01/2024";"14"
"UNIDADE DE GESTÃO DA CASA CIVIL";"4";"ADMINISTRAÇÃO";"122";"ADMINISTRAÇÃO GERAL";"2024";"951";"";"0";"0";"100012604";"FOLHA DE PAGAMENTO";"45780103000150";"";"0";"PROPRIA";"31901144";"FÉRIAS - ABONO PECUNIARIO";"FOLHA DE PAGAMENTO";"6189.13";"2024";"L";"11/01/2024";"0";"01/01/2024";"31/01/2024";"3"
"UNIDADE DE GESTÃO DA CASA CIVIL";"4";"ADMINISTRAÇÃO";"122";"ADMINISTRAÇÃO GERAL";"2024";"952";"";"0";"0";"100012604";"FOLHA DE PAGAMENTO";"45780103000150";"";"0";"PROPRIA";"31901145";"FÉRIAS - ABONO CONSTITUICOES";"FOLHA DE PAGAMENTO";"1547.28";"2024";"L";"11/01/2024";"0";"01/01/2024";"31/01/2024";"3"
"UNIDADE DE GESTÃO DA CASA CIVIL";"4";"ADMINISTRAÇÃO";"122";"ADMINISTRAÇÃO GERAL";"2024";"953";"";"0";"0";"100012604";"FOLHA DE PAGAMENTO";"45780103000150";"";"0";"PROPRIA";"31901146";"FÉRIAS - PAGAMENTO ANTECIPADO - RPPS";"FOLHA DE PAGAMENTO";"3949.47";"2024";"L";"11/01/2024";"0";"01/01/2024";"31/01/2024";"3"
"UNIDADE DE GESTÃO DE NEG. JURÍDICOS E CIDADANIA";"4";"ADMINISTRAÇÃO";"122";"ADMINISTRAÇÃO GERAL";"2024";"954";"";"0";"0";"100012604";"FOLHA DE PAGAMENTO";"45780103000150";"";"0";"PROPRIA";"31901131";"GRATIFICACOES POR EXERCICIO DE  CARGO";"FOLHA DE PAGAMENTO";"2460.14";"2024";"L";"11/01/2024";"0";"01/01/2024";"31/01/2024";"6"
"UNIDADE DE GESTÃO DE NEG. JURÍDICOS E CIDADANIA";"4";"ADMINISTRAÇÃO";"122";"ADMINISTRAÇÃO GERAL";"2024";"955";"";"0";"0";"100012604";"FOLHA DE PAGAMENTO";"45780103000150";"";"0";"PROPRIA";"31901137";"GRATIFICACOES POR TEMPO DE SERVICO";"FOLHA DE PAGAMENTO";"678.07";"2024";"L";"11/01/2024";"0";"01/01/2024";"31/01/2024";"6"
"UNIDADE DE GESTÃO DE NEG. JURÍDICOS E CIDADANIA";"4";"ADMINISTRAÇÃO";"122";"ADMINISTRAÇÃO GERAL";"2024";"956";"";"0";"0";"100012604";"FOLHA DE PAGAMENTO";"45780103000150";"";"0";"PROPRIA";"31901145";"FÉRIAS - ABONO CONSTITUICOES";"FOLHA DE PAGAMENTO";"1673.08";"2024";"L";"11/01/2024";"0";"01/01/2024";"31/01/2024";"6"
"UNIDADE DE GESTÃO DE NEG. JURÍDICOS E CIDADANIA";"4";"ADMINISTRAÇÃO";"122";"ADMINISTRAÇÃO GERAL";"2024";"957";"";"0";"0";"100012604";"FOLHA DE PAGAMENTO";"45780103000150";"";"0";"PROPRIA";"31901145";"FÉRIAS - ABONO CONSTITUICOES";"FOLHA DE PAGAMENTO";"3306.32";"2024";"L";"11/01/2024";"0";"01/01/2024";"31/01/2024";"6"
"UNIDADE DE GESTÃO DE NEG. JURÍDICOS E CIDADANIA";"4";"ADMINISTRAÇÃO";"122";"ADMINISTRAÇÃO GERAL";"2024";"958";"";"0";"0";"100012604";"FOLHA DE PAGAMENTO";"45780103000150";"";"0";"PROPRIA";"31901146";"FÉRIAS - PAGAMENTO ANTECIPADO - RPPS";"FOLHA DE PAGAMENTO";"5736.5";"2024";"L";"11/01/2024";"0";"01/01/2024";"31/01/2024";"6"
"UNIDADE DE GESTÃO DE NEG. JURÍDICOS E CIDADANIA";"4";"ADMINISTRAÇÃO";"122";"ADMINISTRAÇÃO GERAL";"2024";"959";"";"0";"0";"100012604";"FOLHA DE PAGAMENTO";"45780103000150";"";"0";"PROPRIA";"31901146";"FÉRIAS - PAGAMENTO ANTECIPADO - RPPS";"FOLHA DE PAGAMENTO";"4256.42";"2024";"L";"11/01/2024";"0";"01/01/2024";"31/01/2024";"6"
"UNIDADE DE GESTÃO DE ADMINIST. E GESTÃO DE PESSOAS";"4";"ADMINISTRAÇÃO";"122";"ADMINISTRAÇÃO GERAL";"2024";"960";"";"0";"0";"100012604";"FOLHA DE PAGAMENTO";"45780103000150";"";"0";"PROPRIA";"31901133";"GRATIFICACOES POR EXERCICIO DE  FUNCOES";"FOLHA DE PAGAMENTO";"357.64";"2024";"L";"11/01/2024";"0";"01/01/2024";"31/01/2024";"7"
"UNIDADE DE GESTÃO DE ADMINIST. E GESTÃO DE PESSOAS";"4";"ADMINISTRAÇÃO";"122";"ADMINISTRAÇÃO GERAL";"2024";"961";"";"0";"0";"100012604";"FOLHA DE PAGAMENTO";"45780103000150";"";"0";"PROPRIA";"31901137";"GRATIFICACOES POR TEMPO DE SERVICO";"FOLHA DE PAGAMENTO";"1580.08";"2024";"L";"11/01/2024";"0";"01/01/2024";"31/01/2024";"7"
"UNIDADE DE GESTÃO DE ADMINIST. E GESTÃO DE PESSOAS";"4";"ADMINISTRAÇÃO";"122";"ADMINISTRAÇÃO GERAL";"2024";"962";"";"0";"0";"100012604";"FOLHA DE PAGAMENTO";"45780103000150";"";"0";"PROPRIA";"31901144";"FÉRIAS - ABONO PECUNIARIO";"FOLHA DE PAGAMENTO";"2121.75";"2024";"L";"11/01/2024";"0";"01/01/2024";"31/01/2024";"7"
"UNIDADE DE GESTÃO DE ADMINIST. E GESTÃO DE PESSOAS";"4";"ADMINISTRAÇÃO";"122";"ADMINISTRAÇÃO GERAL";"2024";"963";"";"0";"0";"100012604";"FOLHA DE PAGAMENTO";"45780103000150";"";"0";"PROPRIA";"31901145";"FÉRIAS - ABONO CONSTITUICOES";"FOLHA DE PAGAMENTO";"2872.28";"2024";"L";"11/01/2024";"0";"01/01/2024";"31/01/2024";"7"
"UNIDADE DE GESTÃO DE ADMINIST. E GESTÃO DE PESSOAS";"4";"ADMINISTRAÇÃO";"122";"ADMINISTRAÇÃO GERAL";"2024";"964";"";"0";"0";"100012604";"FOLHA DE PAGAMENTO";"45780103000150";"";"0";"PROPRIA";"31901146";"FÉRIAS - PAGAMENTO ANTECIPADO - RPPS";"FOLHA DE PAGAMENTO";"4713.2";"2024";"L";"11/01/2024";"0";"01/01/2024";"31/01/2024";"7"
"UNIDADE DE GESTÃO DE ADMINIST. E GESTÃO DE PESSOAS";"4";"ADMINISTRAÇÃO";"122";"ADMINISTRAÇÃO GERAL";"2024";"965";"";"0";"0";"100012604";"FOLHA DE PAGAMENTO";"45780103000150";"";"0";"PROPRIA";"31901644";"SERVIÇOS EXTRAORDINÁRIOS";"FOLHA DE PAGAMENTO";"66.04";"2024";"L";"11/01/2024";"0";"01/01/2024";"31/01/2024";"7"
"UNIDADE DE GESTÃO DE ADMINIST. E GESTÃO DE PESSOAS";"17";"SANEAMENTO";"122";"ADMINISTRAÇÃO GERAL";"2024";"966";"";"0";"0";"100012604";"FOLHA DE PAGAMENTO";"45780103000150";"";"902";"RESTITUIÇÕES DAE S/A";"31901109";"ADICIONAL DE PERICULOSIDADE";"FOLHA DE PAGAMENTO";"1657.31";"2024";"L";"11/01/2024";"0";"01/01/2024";"31/01/2024";"7"
"UNIDADE DE GESTÃO DE ADMINIST. E GESTÃO DE PESSOAS";"17";"SANEAMENTO";"122";"ADMINISTRAÇÃO GERAL";"2024";"967";"";"0";"0";"100012604";"FOLHA DE PAGAMENTO";"45780103000150";"";"902";"RESTITUIÇÕES DAE S/A";"31901137";"GRATIFICACOES POR TEMPO DE SERVICO";"FOLHA DE PAGAMENTO";"6951.67";"2024";"L";"11/01/2024";"0";"01/01/2024";"31/01/2024";"7"
"UNIDADE DE GESTÃO DE ADMINIST. E GESTÃO DE PESSOAS";"17";"SANEAMENTO";"122";"ADMINISTRAÇÃO GERAL";"2024";"968";"";"0";"0";"100012604";"FOLHA DE PAGAMENTO";"45780103000150";"";"902";"RESTITUIÇÕES DAE S/A";"31901144";"FÉRIAS - ABONO PECUNIARIO";"FOLHA DE PAGAMENTO";"11536.76";"2024";"L";"11/01/2024";"0";"01/01/2024";"31/01/2024";"7"
"UNIDADE DE GESTÃO DE ADMINIST. E GESTÃO DE PESSOAS";"17";"SANEAMENTO";"122";"ADMINISTRAÇÃO GERAL";"2024";"969";"";"0";"0";"100012604";"FOLHA DE PAGAMENTO";"45780103000150";"";"902";"RESTITUIÇÕES DAE S/A";"31901145";"FÉRIAS - ABONO CONSTITUICOES";"FOLHA DE PAGAMENTO";"8209.58";"2024";"L";"11/01/2024";"0";"01/01/2024";"31/01/2024";"7"
"UNIDADE DE GESTÃO DE ADMINIST. E GESTÃO DE PESSOAS";"17";"SANEAMENTO";"122";"ADMINISTRAÇÃO GERAL";"2024";"970";"";"0";"0";"100012604";"FOLHA DE PAGAMENTO";"45780103000150";"";"902";"RESTITUIÇÕES DAE S/A";"31901146";"FÉRIAS - PAGAMENTO ANTECIPADO - RPPS";"FOLHA DE PAGAMENTO";"12111.85";"2024";"L";"11/01/2024";"0";"01/01/2024";"31/01/2024";"7"
"UNIDADE DE GESTÃO DE ADMINIST. E GESTÃO DE PESSOAS";"4";"ADMINISTRAÇÃO";"122";"ADMINISTRAÇÃO GERAL";"2024";"971";"";"0";"0";"100012604";"FOLHA DE PAGAMENTO";"45780103000150";"";"0";"PROPRIA";"31901137";"GRATIFICACOES POR TEMPO DE SERVICO";"FOLHA DE PAGAMENTO";"997.01";"2024";"L";"11/01/2024";"0";"01/01/2024";"31/01/2024";"7"
"UNIDADE DE GESTÃO DE ADMINIST. E GESTÃO DE PESSOAS";"4";"ADMINISTRAÇÃO";"122";"ADMINISTRAÇÃO GERAL";"2024";"972";"";"0";"0";"100012604";"FOLHA DE PAGAMENTO";"45780103000150";"";"0";"PROPRIA";"31901144";"FÉRIAS - ABONO PECUNIARIO";"FOLHA DE PAGAMENTO";"2632.08";"2024";"L";"11/01/2024";"0";"01/01/2024";"31/01/2024";"7"
"UNIDADE DE GESTÃO DE ADMINIST. E GESTÃO DE PESSOAS";"4";"ADMINISTRAÇÃO";"122";"ADMINISTRAÇÃO GERAL";"2024";"973";"";"0";"0";"100012604";"FOLHA DE PAGAMENTO";"45780103000150";"";"0";"PROPRIA";"31901145";"FÉRIAS - ABONO CONSTITUICOES";"FOLHA DE PAGAMENTO";"2877.45";"2024";"L";"11/01/2024";"0";"01/01/2024";"31/01/2024";"7"
"UNIDADE DE GESTÃO DE ADMINIST. E GESTÃO DE PESSOAS";"4";"ADMINISTRAÇÃO";"122";"ADMINISTRAÇÃO GERAL";"2024";"974";"";"0";"0";"100012604";"FOLHA DE PAGAMENTO";"45780103000150";"";"0";"PROPRIA";"31901146";"FÉRIAS - PAGAMENTO ANTECIPADO - RPPS";"FOLHA DE PAGAMENTO";"5533.44";"2024";"L";"11/01/2024";"0";"01/01/2024";"31/01/2024";"7"
"UNIDADE DE GESTÃO DE GOVERNO E FINANÇAS";"4";"ADMINISTRAÇÃO";"122";"ADMINISTRAÇÃO GERAL";"2024";"975";"";"0";"0";"100012604";"FOLHA DE PAGAMENTO";"45780103000150";"";"0";"PROPRIA";"31901133";"GRATIFICACOES POR EXERCICIO DE  FUNCOES";"FOLHA DE PAGAMENTO";"1162.33";"2024";"L";"11/01/2024";"0";"01/01/2024";"31/01/2024";"8"
"UNIDADE DE GESTÃO DE GOVERNO E FINANÇAS";"4";"ADMINISTRAÇÃO";"122";"ADMINISTRAÇÃO GERAL";"2024";"976";"";"0";"0";"100012604";"FOLHA DE PAGAMENTO";"45780103000150";"";"0";"PROPRIA";"31901137";"GRATIFICACOES POR TEMPO DE SERVICO";"FOLHA DE PAGAMENTO";"2251.57";"2024";"L";"11/01/2024";"0";"01/01/2024";"31/01/2024";"8"
"UNIDADE DE GESTÃO DE GOVERNO E FINANÇAS";"4";"ADMINISTRAÇÃO";"122";"ADMINISTRAÇÃO GERAL";"2024";"977";"";"0";"0";"100012604";"FOLHA DE PAGAMENTO";"45780103000150";"";"0";"PROPRIA";"31901144";"FÉRIAS - ABONO PECUNIARIO";"FOLHA DE PAGAMENTO";"8437.52";"2024";"L";"11/01/2024";"0";"01/01/2024";"31/01/2024";"8"
"UNIDADE DE GESTÃO DE GOVERNO E FINANÇAS";"4";"ADMINISTRAÇÃO";"122";"ADMINISTRAÇÃO GERAL";"2024";"978";"";"0";"0";"100012604";"FOLHA DE PAGAMENTO";"45780103000150";"";"0";"PROPRIA";"31901145";"FÉRIAS - ABONO CONSTITUICOES";"FOLHA DE PAGAMENTO";"4214.61";"2024";"L";"11/01/2024";"0";"01/01/2024";"31/01/2024";"8"
"UNIDADE DE GESTÃO DE GOVERNO E FINANÇAS";"4";"ADMINISTRAÇÃO";"122";"ADMINISTRAÇÃO GERAL";"2024";"979";"";"0";"0";"100012604";"FOLHA DE PAGAMENTO";"45780103000150";"";"0";"PROPRIA";"31901145";"FÉRIAS - ABONO CONSTITUICOES";"FOLHA DE PAGAMENTO";"2109.38";"2024";"L";"11/01/2024";"0";"01/01/2024";"31/01/2024";"8"
"UNIDADE DE GESTÃO DE GOVERNO E FINANÇAS";"4";"ADMINISTRAÇÃO";"122";"ADMINISTRAÇÃO GERAL";"2024";"980";"";"0";"0";"100012604";"FOLHA DE PAGAMENTO";"45780103000150";"";"0";"PROPRIA";"31901146";"FÉRIAS - PAGAMENTO ANTECIPADO - RPPS";"FOLHA DE PAGAMENTO";"7622.51";"2024";"L";"11/01/2024";"0";"01/01/2024";"31/01/2024";"8"
"UNIDADE DE GESTÃO DE GOVERNO E FINANÇAS";"4";"ADMINISTRAÇÃO";"122";"ADMINISTRAÇÃO GERAL";"2024";"981";"";"0";"0";"100012604";"FOLHA DE PAGAMENTO";"45780103000150";"";"0";"PROPRIA";"31901146";"FÉRIAS - PAGAMENTO ANTECIPADO - RPPS";"FOLHA DE PAGAMENTO";"5451.19";"2024";"L";"11/01/2024";"0";"01/01/2024";"31/01/2024";"8"
"UNIDADE DE GESTÃO DE INFRAEST. E SERVIÇOS PÚBLICOS";"15";"URBANISMO";"122";"ADMINISTRAÇÃO GERAL";"2024";"982";"";"0";"0";"100012604";"FOLHA DE PAGAMENTO";"45780103000150";"";"0";"PROPRIA";"31901109";"ADICIONAL DE PERICULOSIDADE";"FOLHA DE PAGAMENTO";"479.15";"2024";"L";"11/01/2024";"0";"01/01/2024";"31/01/2024";"10"
"UNIDADE DE GESTÃO DE INFRAEST. E SERVIÇOS PÚBLICOS";"15";"URBANISMO";"122";"ADMINISTRAÇÃO GERAL";"2024";"983";"";"0";"0";"100012604";"FOLHA DE PAGAMENTO";"45780103000150";"";"0";"PROPRIA";"31901109";"ADICIONAL DE PERICULOSIDADE";"FOLHA DE PAGAMENTO";"2230.91";"2024";"L";"11/01/2024";"0";"01/01/2024";"31/01/2024";"10"
"UNIDADE DE GESTÃO DE INFRAEST. E SERVIÇOS PÚBLICOS";"15";"URBANISMO";"122";"ADMINISTRAÇÃO GERAL";"2024";"984";"";"0";"0";"100012604";"FOLHA DE PAGAMENTO";"45780103000150";"";"0";"PROPRIA";"31901110";"ADICIONAL DE INSALUBRIDADE";"FOLHA DE PAGAMENTO";"188.27";"2024";"L";"11/01/2024";"0";"01/01/2024";"31/01/2024";"10"
"UNIDADE DE GESTÃO DE INFRAEST. E SERVIÇOS PÚBLICOS";"15";"URBANISMO";"122";"ADMINISTRAÇÃO GERAL";"2024";"985";"";"0";"0";"100012604";"FOLHA DE PAGAMENTO";"45780103000150";"";"0";"PROPRIA";"31901133";"GRATIFICACOES POR EXERCICIO DE  FUNCOES";"FOLHA DE PAGAMENTO";"2906.99";"2024";"L";"11/01/2024";"0";"01/01/2024";"31/01/2024";"10"
"UNIDADE DE GESTÃO DE INFRAEST. E SERVIÇOS PÚBLICOS";"15";"URBANISMO";"122";"ADMINISTRAÇÃO GERAL";"2024";"986";"";"0";"0";"100012604";"FOLHA DE PAGAMENTO";"45780103000150";"";"0";"PROPRIA";"31901137";"GRATIFICACOES POR TEMPO DE SERVICO";"FOLHA DE PAGAMENTO";"7044.39";"2024";"L";"11/01/2024";"0";"01/01/2024";"31/01/2024";"10"
"UNIDADE DE GESTÃO DE INFRAEST. E SERVIÇOS PÚBLICOS";"15";"URBANISMO";"122";"ADMINISTRAÇÃO GERAL";"2024";"987";"";"0";"0";"100012604";"FOLHA DE PAGAMENTO";"45780103000150";"";"0";"PROPRIA";"31901137";"GRATIFICACOES POR TEMPO DE SERVICO";"FOLHA DE PAGAMENTO";"825.26";"2024";"L";"11/01/2024";"0";"01/01/2024";"31/01/2024";"10"
"UNIDADE DE GESTÃO DE INFRAEST. E SERVIÇOS PÚBLICOS";"15";"URBANISMO";"122";"ADMINISTRAÇÃO GERAL";"2024";"988";"";"0";"0";"100012604";"FOLHA DE PAGAMENTO";"45780103000150";"";"0";"PROPRIA";"31901144";"FÉRIAS - ABONO PECUNIARIO";"FOLHA DE PAGAMENTO";"27213.04";"2024";"L";"11/01/2024";"0";"01/01/2024";"31/01/2024";"10"
"UNIDADE DE GESTÃO DE INFRAEST. E SERVIÇOS PÚBLICOS";"15";"URBANISMO";"122";"ADMINISTRAÇÃO GERAL";"2024";"989";"";"0";"0";"100012604";"FOLHA DE PAGAMENTO";"45780103000150";"";"0";"PROPRIA";"31901145";"FÉRIAS - ABONO CONSTITUICOES";"FOLHA DE PAGAMENTO";"967.19";"2024";"L";"11/01/2024";"0";"01/01/2024";"31/01/2024";"10"
"UNIDADE DE GESTÃO DE INFRAEST. E SERVIÇOS PÚBLICOS";"15";"URBANISMO";"122";"ADMINISTRAÇÃO GERAL";"2024";"990";"";"0";"0";"100012604";"FOLHA DE PAGAMENTO";"45780103000150";"";"0";"PROPRIA";"31901145";"FÉRIAS - ABONO CONSTITUICOES";"FOLHA DE PAGAMENTO";"1673.08";"2024";"L";"11/01/2024";"0";"01/01/2024";"31/01/2024";"10"
"UNIDADE DE GESTÃO DE INFRAEST. E SERVIÇOS PÚBLICOS";"15";"URBANISMO";"122";"ADMINISTRAÇÃO GERAL";"2024";"991";"";"0";"0";"100012604";"FOLHA DE PAGAMENTO";"45780103000150";"";"0";"PROPRIA";"31901145";"FÉRIAS - ABONO CONSTITUICOES";"FOLHA DE PAGAMENTO";"19303.71";"2024";"L";"11/01/2024";"0";"01/01/2024";"31/01/2024";"10"
"UNIDADE DE GESTÃO DE INFRAEST. E SERVIÇOS PÚBLICOS";"15";"URBANISMO";"122";"ADMINISTRAÇÃO GERAL";"2024";"992";"";"0";"0";"100012604";"FOLHA DE PAGAMENTO";"45780103000150";"";"0";"PROPRIA";"31901146";"FÉRIAS - PAGAMENTO ANTECIPADO - RPPS";"FOLHA DE PAGAMENTO";"1229.64";"2024";"L";"11/01/2024";"0";"01/01/2024";"31/01/2024";"10"
"UNIDADE DE GESTÃO DE INFRAEST. E SERVIÇOS PÚBLICOS";"15";"URBANISMO";"122";"ADMINISTRAÇÃO GERAL";"2024";"993";"";"0";"0";"100012604";"FOLHA DE PAGAMENTO";"45780103000150";"";"0";"PROPRIA";"31901146";"FÉRIAS - PAGAMENTO ANTECIPADO - RPPS";"FOLHA DE PAGAMENTO";"27604.38";"2024";"L";"11/01/2024";"0";"01/01/2024";"31/01/2024";"10"
"UNIDADE DE GESTÃO DE INFRAEST. E SERVIÇOS PÚBLICOS";"15";"URBANISMO";"122";"ADMINISTRAÇÃO GERAL";"2024";"994";"";"0";"0";"100012604";"FOLHA DE PAGAMENTO";"45780103000150";"";"0";"PROPRIA";"31901146";"FÉRIAS - PAGAMENTO ANTECIPADO - RPPS";"FOLHA DE PAGAMENTO";"4256.42";"2024";"L";"11/01/2024";"0";"01/01/2024";"31/01/2024";"10"
"UNIDADE DE GESTÃO DE INFRAEST. E SERVIÇOS PÚBLICOS";"15";"URBANISMO";"122";"ADMINISTRAÇÃO GERAL";"2024";"995";"";"0";"0";"100012604";"FOLHA DE PAGAMENTO";"45780103000150";"";"0";"PROPRIA";"31901644";"SERVIÇOS EXTRAORDINÁRIOS";"FOLHA DE PAGAMENTO";"3670.56";"2024";"L";"11/01/2024";"0";"01/01/2024";"31/01/2024";"10"
"UNIDADE GESTÃO DE PLANEJ. URBANO E MEIO AMBIENTE";"18";"GESTÃO AMBIENTAL";"122";"ADMINISTRAÇÃO GERAL";"2024";"996";"";"0";"0";"100012604";"FOLHA DE PAGAMENTO";"45780103000150";"";"0";"PROPRIA";"31901110";"ADICIONAL DE INSALUBRIDADE";"FOLHA DE PAGAMENTO";"188.27";"2024";"L";"11/01/2024";"0";"01/01/2024";"31/01/2024";"11"
"UNIDADE GESTÃO DE PLANEJ. URBANO E MEIO AMBIENTE";"18";"GESTÃO AMBIENTAL";"122";"ADMINISTRAÇÃO GERAL";"2024";"997";"";"0";"0";"100012604";"FOLHA DE PAGAMENTO";"45780103000150";"";"0";"PROPRIA";"31901137";"GRATIFICACOES POR TEMPO DE SERVICO";"FOLHA DE PAGAMENTO";"5138.15";"2024";"L";"11/01/2024";"0";"01/01/2024";"31/01/2024";"11"
"UNIDADE GESTÃO DE PLANEJ. URBANO E MEIO AMBIENTE";"18";"GESTÃO AMBIENTAL";"122";"ADMINISTRAÇÃO GERAL";"2024";"998";"";"0";"0";"100012604";"FOLHA DE PAGAMENTO";"45780103000150";"";"0";"PROPRIA";"31901144";"FÉRIAS - ABONO PECUNIARIO";"FOLHA DE PAGAMENTO";"20389.06";"2024";"L";"11/01/2024";"0";"01/01/2024";"31/01/2024";"11"
"UNIDADE GESTÃO DE PLANEJ. URBANO E MEIO AMBIENTE";"18";"GESTÃO AMBIENTAL";"122";"ADMINISTRAÇÃO GERAL";"2024";"999";"";"0";"0";"100012604";"FOLHA DE PAGAMENTO";"45780103000150";"";"0";"PROPRIA";"31901145";"FÉRIAS - ABONO CONSTITUICOES";"FOLHA DE PAGAMENTO";"13188.98";"2024";"L";"11/01/2024";"0";"01/01/2024";"31/01/2024";"11"
"UNIDADE GESTÃO DE PLANEJ. URBANO E MEIO AMBIENTE";"18";"GESTÃO AMBIENTAL";"122";"ADMINISTRAÇÃO GERAL";"2024";"1000";"";"0";"0";"100012604";"FOLHA DE PAGAMENTO";"45780103000150";"";"0";"PROPRIA";"31901146";"FÉRIAS - PAGAMENTO ANTECIPADO - RPPS";"FOLHA DE PAGAMENTO";"25995.17";"2024";"L";"11/01/2024";"0";"01/01/2024";"31/01/2024";"11"
"UNIDADE GESTÃO DE PLANEJ. URBANO E MEIO AMBIENTE";"18";"GESTÃO AMBIENTAL";"122";"ADMINISTRAÇÃO GERAL";"2024";"1001";"";"0";"0";"100012604";"FOLHA DE PAGAMENTO";"45780103000150";"";"0";"PROPRIA";"31901644";"SERVIÇOS EXTRAORDINÁRIOS";"FOLHA DE PAGAMENTO";"481.03";"2024";"L";"11/01/2024";"0";"01/01/2024";"31/01/2024";"11"
"UNIDADE DE GESTÃO DE MOBILIDADE E TRANSPORTE";"15";"URBANISMO";"122";"ADMINISTRAÇÃO GERAL";"2024";"1002";"";"0";"0";"100012604";"FOLHA DE PAGAMENTO";"45780103000150";"";"0";"PROPRIA";"31901104";"ADICIONAL NOTURNO";"FOLHA DE PAGAMENTO";"44.84";"2024";"L";"11/01/2024";"0";"01/01/2024";"31/01/2024";"12"
"UNIDADE DE GESTÃO DE MOBILIDADE E TRANSPORTE";"15";"URBANISMO";"122";"ADMINISTRAÇÃO GERAL";"2024";"1003";"";"0";"0";"100012604";"FOLHA DE PAGAMENTO";"45780103000150";"";"0";"PROPRIA";"31901109";"ADICIONAL DE PERICULOSIDADE";"FOLHA DE PAGAMENTO";"1453.49";"2024";"L";"11/01/2024";"0";"01/01/2024";"31/01/2024";"12"
"UNIDADE DE GESTÃO DE MOBILIDADE E TRANSPORTE";"15";"URBANISMO";"122";"ADMINISTRAÇÃO GERAL";"2024";"1004";"";"0";"0";"100012604";"FOLHA DE PAGAMENTO";"45780103000150";"";"0";"PROPRIA";"31901133";"GRATIFICACOES POR EXERCICIO DE  FUNCOES";"FOLHA DE PAGAMENTO";"7043.91";"2024";"L";"11/01/2024";"0";"01/01/2024";"31/01/2024";"12"
"UNIDADE DE GESTÃO DE MOBILIDADE E TRANSPORTE";"15";"URBANISMO";"122";"ADMINISTRAÇÃO GERAL";"2024";"1005";"";"0";"0";"100012604";"FOLHA DE PAGAMENTO";"45780103000150";"";"0";"PROPRIA";"31901137";"GRATIFICACOES POR TEMPO DE SERVICO";"FOLHA DE PAGAMENTO";"8730.04";"2024";"L";"11/01/2024";"0";"01/01/2024";"31/01/2024";"12"
"UNIDADE DE GESTÃO DE MOBILIDADE E TRANSPORTE";"15";"URBANISMO";"122";"ADMINISTRAÇÃO GERAL";"2024";"1006";"";"0";"0";"100012604";"FOLHA DE PAGAMENTO";"45780103000150";"";"0";"PROPRIA";"31901145";"FÉRIAS - ABONO CONSTITUICOES";"FOLHA DE PAGAMENTO";"16831.09";"2024";"L";"11/01/2024";"0";"01/01/2024";"31/01/2024";"12"
"UNIDADE DE GESTÃO DE MOBILIDADE E TRANSPORTE";"15";"URBANISMO";"122";"ADMINISTRAÇÃO GERAL";"2024";"1007";"";"0";"0";"100012604";"FOLHA DE PAGAMENTO";"45780103000150";"";"0";"PROPRIA";"31901146";"FÉRIAS - PAGAMENTO ANTECIPADO - RPPS";"FOLHA DE PAGAMENTO";"16291.91";"2024";"L";"11/01/2024";"0";"01/01/2024";"31/01/2024";"12"
"UNIDADE DE GESTÃO DE MOBILIDADE E TRANSPORTE";"15";"URBANISMO";"122";"ADMINISTRAÇÃO GERAL";"2024";"1008";"";"0";"0";"100012604";"FOLHA DE PAGAMENTO";"45780103000150";"";"0";"PROPRIA";"31901644";"SERVIÇOS EXTRAORDINÁRIOS";"FOLHA DE PAGAMENTO";"5897.33";"2024";"L";"11/01/2024";"0";"01/01/2024";"31/01/2024";"12"
"UNIDADE DE GESTÃO DE EDUCAÇÃO";"12";"EDUCAÇÃO";"365";"EDUCAÇÃO INFANTIL";"2024";"1009";"";"0";"0";"100012604";"FOLHA DE PAGAMENTO";"45780103000150";"";"0";"PROPRIA";"31901145";"FÉRIAS - ABONO CONSTITUICOES";"FOLHA DE PAGAMENTO";"645.87";"2024";"L";"11/01/2024";"0";"01/01/2024";"31/01/2024";"13"
"UNIDADE DE GESTÃO DE EDUCAÇÃO";"12";"EDUCAÇÃO";"365";"EDUCAÇÃO INFANTIL";"2024";"1010";"";"0";"0";"100012604";"FOLHA DE PAGAMENTO";"45780103000150";"";"0";"PROPRIA";"31901146";"FÉRIAS - PAGAMENTO ANTECIPADO - RPPS";"FOLHA DE PAGAMENTO";"1215.81";"2024";"L";"11/01/2024";"0";"01/01/2024";"31/01/2024";"13"
"UNIDADE DE GESTÃO DE EDUCAÇÃO";"12";"EDUCAÇÃO";"361";"ENSINO FUNDAMENTAL";"2024";"1011";"";"0";"0";"100012604";"FOLHA DE PAGAMENTO";"45780103000150";"";"0";"PROPRIA";"31901137";"GRATIFICACOES POR TEMPO DE SERVICO";"FOLHA DE PAGAMENTO";"448.87";"2024";"L";"11/01/2024";"0";"01/01/2024";"31/01/2024";"13"
"UNIDADE DE GESTÃO DE EDUCAÇÃO";"12";"EDUCAÇÃO";"361";"ENSINO FUNDAMENTAL";"2024";"1012";"";"0";"0";"100012604";"FOLHA DE PAGAMENTO";"45780103000150";"";"0";"PROPRIA";"31901145";"FÉRIAS - ABONO CONSTITUICOES";"FOLHA DE PAGAMENTO";"1645.88";"2024";"L";"11/01/2024";"0";"01/01/2024";"31/01/2024";"13"
"UNIDADE DE GESTÃO DE EDUCAÇÃO";"12";"EDUCAÇÃO";"361";"ENSINO FUNDAMENTAL";"2024";"1013";"";"0";"0";"100012604";"FOLHA DE PAGAMENTO";"45780103000150";"";"0";"PROPRIA";"31901146";"FÉRIAS - PAGAMENTO ANTECIPADO - RPPS";"FOLHA DE PAGAMENTO";"2202.58";"2024";"L";"11/01/2024";"0";"01/01/2024";"31/01/2024";"13"
"UNIDADE DE GESTÃO DE EDUCAÇÃO";"12";"EDUCAÇÃO";"361";"ENSINO FUNDAMENTAL";"2024";"1014";"";"0";"0";"100012604";"FOLHA DE PAGAMENTO";"45780103000150";"";"0";"PROPRIA";"31901137";"GRATIFICACOES POR TEMPO DE SERVICO";"FOLHA DE PAGAMENTO";"233.79";"2024";"L";"11/01/2024";"0";"01/01/2024";"31/01/2024";"13"
"UNIDADE DE GESTÃO DE EDUCAÇÃO";"12";"EDUCAÇÃO";"361";"ENSINO FUNDAMENTAL";"2024";"1015";"";"0";"0";"100012604";"FOLHA DE PAGAMENTO";"45780103000150";"";"0";"PROPRIA";"31901145";"FÉRIAS - ABONO CONSTITUICOES";"FOLHA DE PAGAMENTO";"1636.51";"2024";"L";"11/01/2024";"0";"01/01/2024";"31/01/2024";"13"
"UNIDADE DE GESTÃO DE EDUCAÇÃO";"12";"EDUCAÇÃO";"361";"ENSINO FUNDAMENTAL";"2024";"1016";"";"0";"0";"100012604";"FOLHA DE PAGAMENTO";"45780103000150";"";"0";"PROPRIA";"31901146";"FÉRIAS - PAGAMENTO ANTECIPADO - RPPS";"FOLHA DE PAGAMENTO";"3054.42";"2024";"L";"11/01/2024";"0";"01/01/2024";"31/01/2024";"13"
"UNIDADE DE GESTÃO DE EDUCAÇÃO";"12";"EDUCAÇÃO";"361";"ENSINO FUNDAMENTAL";"2024";"1017";"";"0";"0";"100012604";"FOLHA DE PAGAMENTO";"45780103000150";"";"0";"PROPRIA";"31901107";"ABONO DE PERMANENCIA";"FOLHA DE PAGAMENTO";"757.62";"2024";"L";"11/01/2024";"0";"01/01/2024";"31/01/2024";"13"
"UNIDADE DE GESTÃO DE EDUCAÇÃO";"12";"EDUCAÇÃO";"361";"ENSINO FUNDAMENTAL";"2024";"1018";"";"0";"0";"100012604";"FOLHA DE PAGAMENTO";"45780103000150";"";"0";"PROPRIA";"31901131";"GRATIFICACOES POR EXERCICIO DE  CARGO";"FOLHA DE PAGAMENTO";"3713.48";"2024";"L";"11/01/2024";"0";"01/01/2024";"31/01/2024";"13"
"UNIDADE DE GESTÃO DE EDUCAÇÃO";"12";"EDUCAÇÃO";"361";"ENSINO FUNDAMENTAL";"2024";"1019";"";"0";"0";"100012604";"FOLHA DE PAGAMENTO";"45780103000150";"";"0";"PROPRIA";"31901133";"GRATIFICACOES POR EXERCICIO DE  FUNCOES";"FOLHA DE PAGAMENTO";"1316.65";"2024";"L";"11/01/2024";"0";"01/01/2024";"31/01/2024";"13"
"UNIDADE DE GESTÃO DE EDUCAÇÃO";"12";"EDUCAÇÃO";"361";"ENSINO FUNDAMENTAL";"2024";"1020";"";"0";"0";"100012604";"FOLHA DE PAGAMENTO";"45780103000150";"";"0";"PROPRIA";"31901137";"GRATIFICACOES POR TEMPO DE SERVICO";"FOLHA DE PAGAMENTO";"3871.84";"2024";"L";"11/01/2024";"0";"01/01/2024";"31/01/2024";"13"
"UNIDADE DE GESTÃO DE EDUCAÇÃO";"12";"EDUCAÇÃO";"361";"ENSINO FUNDAMENTAL";"2024";"1021";"";"0";"0";"100012604";"FOLHA DE PAGAMENTO";"45780103000150";"";"0";"PROPRIA";"31901144";"FÉRIAS - ABONO PECUNIARIO";"FOLHA DE PAGAMENTO";"14639.91";"2024";"L";"11/01/2024";"0";"01/01/2024";"31/01/2024";"13"
"UNIDADE DE GESTÃO DE EDUCAÇÃO";"12";"EDUCAÇÃO";"361";"ENSINO FUNDAMENTAL";"2024";"1022";"";"0";"0";"100012604";"FOLHA DE PAGAMENTO";"45780103000150";"";"0";"PROPRIA";"31901145";"FÉRIAS - ABONO CONSTITUICOES";"FOLHA DE PAGAMENTO";"11016.94";"2024";"L";"11/01/2024";"0";"01/01/2024";"31/01/2024";"13"
"UNIDADE DE GESTÃO DE EDUCAÇÃO";"12";"EDUCAÇÃO";"361";"ENSINO FUNDAMENTAL";"2024";"1023";"";"0";"0";"100012604";"FOLHA DE PAGAMENTO";"45780103000150";"";"0";"PROPRIA";"31901146";"FÉRIAS - PAGAMENTO ANTECIPADO - RPPS";"FOLHA DE PAGAMENTO";"19857.27";"2024";"L";"11/01/2024";"0";"01/01/2024";"31/01/2024";"13"
"UNIDADE DE GESTÃO DE EDUCAÇÃO";"12";"EDUCAÇÃO";"365";"EDUCAÇÃO INFANTIL";"2024";"1024";"";"0";"0";"100012604";"FOLHA DE PAGAMENTO";"45780103000150";"";"0";"PROPRIA";"31901133";"GRATIFICACOES POR EXERCICIO DE  FUNCOES";"FOLHA DE PAGAMENTO";"951.73";"2024";"L";"11/01/2024";"0";"01/01/2024";"31/01/2024";"13"
"UNIDADE DE GESTÃO DE EDUCAÇÃO";"12";"EDUCAÇÃO";"365";"EDUCAÇÃO INFANTIL";"2024";"1025";"";"0";"0";"100012604";"FOLHA DE PAGAMENTO";"45780103000150";"";"0";"PROPRIA";"31901137";"GRATIFICACOES POR TEMPO DE SERVICO";"FOLHA DE PAGAMENTO";"1881.92";"2024";"L";"11/01/2024";"0";"01/01/2024";"31/01/2024";"13"
"UNIDADE DE GESTÃO DE EDUCAÇÃO";"12";"EDUCAÇÃO";"365";"EDUCAÇÃO INFANTIL";"2024";"1026";"";"0";"0";"100012604";"FOLHA DE PAGAMENTO";"45780103000150";"";"0";"PROPRIA";"31901144";"FÉRIAS - ABONO PECUNIARIO";"FOLHA DE PAGAMENTO";"16140.43";"2024";"L";"11/01/2024";"0";"01/01/2024";"31/01/2024";"13"
"UNIDADE DE GESTÃO DE EDUCAÇÃO";"12";"EDUCAÇÃO";"365";"EDUCAÇÃO INFANTIL";"2024";"1027";"";"0";"0";"100012604";"FOLHA DE PAGAMENTO";"45780103000150";"";"0";"PROPRIA";"31901145";"FÉRIAS - ABONO CONSTITUICOES";"FOLHA DE PAGAMENTO";"5235.28";"2024";"L";"11/01/2024";"0";"01/01/2024";"31/01/2024";"13"
"UNIDADE DE GESTÃO DE EDUCAÇÃO";"12";"EDUCAÇÃO";"365";"EDUCAÇÃO INFANTIL";"2024";"1028";"";"0";"0";"100012604";"FOLHA DE PAGAMENTO";"45780103000150";"";"0";"PROPRIA";"31901146";"FÉRIAS - PAGAMENTO ANTECIPADO - RPPS";"FOLHA DE PAGAMENTO";"8902.83";"2024";"L";"11/01/2024";"0";"01/01/2024";"31/01/2024";"13"
"UNIDADE DE GESTÃO DE EDUCAÇÃO";"12";"EDUCAÇÃO";"365";"EDUCAÇÃO INFANTIL";"2024";"1029";"";"0";"0";"100012604";"FOLHA DE PAGAMENTO";"45780103000150";"";"0";"PROPRIA";"31901133";"GRATIFICACOES POR EXERCICIO DE  FUNCOES";"FOLHA DE PAGAMENTO";"128.88";"2024";"L";"11/01/2024";"0";"01/01/2024";"31/01/2024";"13"
"UNIDADE DE GESTÃO DE EDUCAÇÃO";"12";"EDUCAÇÃO";"365";"EDUCAÇÃO INFANTIL";"2024";"1030";"";"0";"0";"100012604";"FOLHA DE PAGAMENTO";"45780103000150";"";"0";"PROPRIA";"31901137";"GRATIFICACOES POR TEMPO DE SERVICO";"FOLHA DE PAGAMENTO";"257.75";"2024";"L";"11/01/2024";"0";"01/01/2024";"31/01/2024";"13"
"UNIDADE DE GESTÃO DE EDUCAÇÃO";"12";"EDUCAÇÃO";"365";"EDUCAÇÃO INFANTIL";"2024";"1031";"";"0";"0";"100012604";"FOLHA DE PAGAMENTO";"45780103000150";"";"0";"PROPRIA";"31901145";"FÉRIAS - ABONO CONSTITUICOES";"FOLHA DE PAGAMENTO";"1317.46";"2024";"L";"11/01/2024";"0";"01/01/2024";"31/01/2024";"13"
"UNIDADE DE GESTÃO DE EDUCAÇÃO";"12";"EDUCAÇÃO";"365";"EDUCAÇÃO INFANTIL";"2024";"1032";"";"0";"0";"100012604";"FOLHA DE PAGAMENTO";"45780103000150";"";"0";"PROPRIA";"31901146";"FÉRIAS - PAGAMENTO ANTECIPADO - RPPS";"FOLHA DE PAGAMENTO";"2781.32";"2024";"L";"11/01/2024";"0";"01/01/2024";"31/01/2024";"13"
"UNIDADE DE GESTÃO DE EDUCAÇÃO";"12";"EDUCAÇÃO";"365";"EDUCAÇÃO INFANTIL";"2024";"1033";"";"0";"0";"100012604";"FOLHA DE PAGAMENTO";"45780103000150";"";"5203";"FUNDO MANUT.DES.ED.BÁSICA E VALOR.PROF.MAG.-FUNDEB";"31901145";"FÉRIAS - ABONO CONSTITUICOES";"FOLHA DE PAGAMENTO";"1923.37";"2024";"L";"11/01/2024";"0";"01/01/2024";"31/01/2024";"13"
"UNIDADE DE GESTÃO DE EDUCAÇÃO";"12";"EDUCAÇÃO";"365";"EDUCAÇÃO INFANTIL";"2024";"1034";"";"0";"0";"100012604";"FOLHA DE PAGAMENTO";"45780103000150";"";"5203";"FUNDO MANUT.DES.ED.BÁSICA E VALOR.PROF.MAG.-FUNDEB";"31901146";"FÉRIAS - PAGAMENTO ANTECIPADO - RPPS";"FOLHA DE PAGAMENTO";"3175.86";"2024";"L";"11/01/2024";"0";"01/01/2024";"31/01/2024";"13"
"UNIDADE DE GESTÃO DE EDUCAÇÃO";"12";"EDUCAÇÃO";"361";"ENSINO FUNDAMENTAL";"2024";"1035";"";"0";"0";"100012604";"FOLHA DE PAGAMENTO";"45780103000150";"";"0";"PROPRIA";"31901107";"ABONO DE PERMANENCIA";"FOLHA DE PAGAMENTO";"912.46";"2024";"L";"11/01/2024";"0";"01/01/2024";"31/01/2024";"13"
"UNIDADE DE GESTÃO DE EDUCAÇÃO";"12";"EDUCAÇÃO";"361";"ENSINO FUNDAMENTAL";"2024";"1036";"";"0";"0";"100012604";"FOLHA DE PAGAMENTO";"45780103000150";"";"0";"PROPRIA";"31901109";"ADICIONAL DE PERICULOSIDADE";"FOLHA DE PAGAMENTO";"1380.16";"2024";"L";"11/01/2024";"0";"01/01/2024";"31/01/2024";"13"
"UNIDADE DE GESTÃO DE EDUCAÇÃO";"12";"EDUCAÇÃO";"361";"ENSINO FUNDAMENTAL";"2024";"1037";"";"0";"0";"100012604";"FOLHA DE PAGAMENTO";"45780103000150";"";"0";"PROPRIA";"31901133";"GRATIFICACOES POR EXERCICIO DE  FUNCOES";"FOLHA DE PAGAMENTO";"2360.08";"2024";"L";"11/01/2024";"0";"01/01/2024";"31/01/2024";"13"
"UNIDADE DE GESTÃO DE EDUCAÇÃO";"12";"EDUCAÇÃO";"361";"ENSINO FUNDAMENTAL";"2024";"1038";"";"0";"0";"100012604";"FOLHA DE PAGAMENTO";"45780103000150";"";"0";"PROPRIA";"31901137";"GRATIFICACOES POR TEMPO DE SERVICO";"FOLHA DE PAGAMENTO";"4838.36";"2024";"L";"11/01/2024";"0";"01/01/2024";"31/01/2024";"13"
"UNIDADE DE GESTÃO DE EDUCAÇÃO";"12";"EDUCAÇÃO";"361";"ENSINO FUNDAMENTAL";"2024";"1039";"";"0";"0";"100012604";"FOLHA DE PAGAMENTO";"45780103000150";"";"0";"PROPRIA";"31901144";"FÉRIAS - ABONO PECUNIARIO";"FOLHA DE PAGAMENTO";"15830.75";"2024";"L";"11/01/2024";"0";"01/01/2024";"31/01/2024";"13"
"UNIDADE DE GESTÃO DE EDUCAÇÃO";"12";"EDUCAÇÃO";"361";"ENSINO FUNDAMENTAL";"2024";"1040";"";"0";"0";"100012604";"FOLHA DE PAGAMENTO";"45780103000150";"";"0";"PROPRIA";"31901145";"FÉRIAS - ABONO CONSTITUICOES";"FOLHA DE PAGAMENTO";"14691.63";"2024";"L";"11/01/2024";"0";"01/01/2024";"31/01/2024";"13"
"UNIDADE DE GESTÃO DE EDUCAÇÃO";"12";"EDUCAÇÃO";"361";"ENSINO FUNDAMENTAL";"2024";"1041";"";"0";"0";"100012604";"FOLHA DE PAGAMENTO";"45780103000150";"";"0";"PROPRIA";"31901146";"FÉRIAS - PAGAMENTO ANTECIPADO - RPPS";"FOLHA DE PAGAMENTO";"26362.51";"2024";"L";"11/01/2024";"0";"01/01/2024";"31/01/2024";"13"
"UNIDADE DE GESTÃO DE EDUCAÇÃO";"12";"EDUCAÇÃO";"361";"ENSINO FUNDAMENTAL";"2024";"1042";"";"0";"0";"100012604";"FOLHA DE PAGAMENTO";"45780103000150";"";"0";"PROPRIA";"31901644";"SERVIÇOS EXTRAORDINÁRIOS";"FOLHA DE PAGAMENTO";"39.49";"2024";"L";"11/01/2024";"0";"01/01/2024";"31/01/2024";"13"
"UNIDADE DE GESTÃO DE EDUCAÇÃO";"12";"EDUCAÇÃO";"366";"EDUCAÇÃO DE JOVENS E ADULTOS";"2024";"1043";"";"0";"0";"100012604";"FOLHA DE PAGAMENTO";"45780103000150";"";"0";"PROPRIA";"31901104";"ADICIONAL NOTURNO";"FOLHA DE PAGAMENTO";"29.84";"2024";"L";"11/01/2024";"0";"01/01/2024";"31/01/2024";"13"
"UNIDADE DE GESTÃO DE EDUCAÇÃO";"12";"EDUCAÇÃO";"366";"EDUCAÇÃO DE JOVENS E ADULTOS";"2024";"1044";"";"0";"0";"100012604";"FOLHA DE PAGAMENTO";"45780103000150";"";"0";"PROPRIA";"31901133";"GRATIFICACOES POR EXERCICIO DE  FUNCOES";"FOLHA DE PAGAMENTO";"568.33";"2024";"L";"11/01/2024";"0";"01/01/2024";"31/01/2024";"13"
"UNIDADE DE GESTÃO DE EDUCAÇÃO";"12";"EDUCAÇÃO";"366";"EDUCAÇÃO DE JOVENS E ADULTOS";"2024";"1045";"";"0";"0";"100012604";"FOLHA DE PAGAMENTO";"45780103000150";"";"0";"PROPRIA";"31901137";"GRATIFICACOES POR TEMPO DE SERVICO";"FOLHA DE PAGAMENTO";"426.25";"2024";"L";"11/01/2024";"0";"01/01/2024";"31/01/2024";"13"
"UNIDADE DE GESTÃO DE EDUCAÇÃO";"12";"EDUCAÇÃO";"366";"EDUCAÇÃO DE JOVENS E ADULTOS";"2024";"1046";"";"0";"0";"100012604";"FOLHA DE PAGAMENTO";"45780103000150";"";"0";"PROPRIA";"31901144";"FÉRIAS - ABONO PECUNIARIO";"FOLHA DE PAGAMENTO";"5154.82";"2024";"L";"11/01/2024";"0";"01/01/2024";"31/01/2024";"13"
"UNIDADE DE GESTÃO DE EDUCAÇÃO";"12";"EDUCAÇÃO";"366";"EDUCAÇÃO DE JOVENS E ADULTOS";"2024";"1047";"";"0";"0";"100012604";"FOLHA DE PAGAMENTO";"45780103000150";"";"0";"PROPRIA";"31901145";"FÉRIAS - ABONO CONSTITUICOES";"FOLHA DE PAGAMENTO";"1288.71";"2024";"L";"11/01/2024";"0";"01/01/2024";"31/01/2024";"13"
"UNIDADE DE GESTÃO DE EDUCAÇÃO";"12";"EDUCAÇÃO";"366";"EDUCAÇÃO DE JOVENS E ADULTOS";"2024";"1048";"";"0";"0";"100012604";"FOLHA DE PAGAMENTO";"45780103000150";"";"0";"PROPRIA";"31901146";"FÉRIAS - PAGAMENTO ANTECIPADO - RPPS";"FOLHA DE PAGAMENTO";"1759.64";"2024";"L";"11/01/2024";"0";"01/01/2024";"31/01/2024";"13"
"UNIDADE DE GESTÃO DE EDUCAÇÃO";"12";"EDUCAÇÃO";"365";"EDUCAÇÃO INFANTIL";"2024";"1049";"";"0";"0";"100012604";"FOLHA DE PAGAMENTO";"45780103000150";"";"0";"PROPRIA";"31901137";"GRATIFICACOES POR TEMPO DE SERVICO";"FOLHA DE PAGAMENTO";"257.49";"2024";"L";"11/01/2024";"0";"01/01/2024";"31/01/2024";"13"
"UNIDADE DE GESTÃO DE EDUCAÇÃO";"12";"EDUCAÇÃO";"365";"EDUCAÇÃO INFANTIL";"2024";"1050";"";"0";"0";"100012604";"FOLHA DE PAGAMENTO";"45780103000150";"";"0";"PROPRIA";"31901144";"FÉRIAS - ABONO PECUNIARIO";"FOLHA DE PAGAMENTO";"2632.08";"2024";"L";"11/01/2024";"0";"01/01/2024";"31/01/2024";"13"
"UNIDADE DE GESTÃO DE EDUCAÇÃO";"12";"EDUCAÇÃO";"365";"EDUCAÇÃO INFANTIL";"2024";"1051";"";"0";"0";"100012604";"FOLHA DE PAGAMENTO";"45780103000150";"";"0";"PROPRIA";"31901145";"FÉRIAS - ABONO CONSTITUICOES";"FOLHA DE PAGAMENTO";"658.02";"2024";"L";"11/01/2024";"0";"01/01/2024";"31/01/2024";"13"
"UNIDADE DE GESTÃO DE EDUCAÇÃO";"12";"EDUCAÇÃO";"365";"EDUCAÇÃO INFANTIL";"2024";"1052";"";"0";"0";"100012604";"FOLHA DE PAGAMENTO";"45780103000150";"";"0";"PROPRIA";"31901146";"FÉRIAS - PAGAMENTO ANTECIPADO - RPPS";"FOLHA DE PAGAMENTO";"1156.15";"2024";"L";"11/01/2024";"0";"01/01/2024";"31/01/2024";"13"
"UNIDADE DE GESTÃO DE EDUCAÇÃO";"12";"EDUCAÇÃO";"122";"ADMINISTRAÇÃO GERAL";"2024";"1053";"";"0";"0";"100012604";"FOLHA DE PAGAMENTO";"45780103000150";"";"0";"PROPRIA";"31901107";"ABONO DE PERMANENCIA";"FOLHA DE PAGAMENTO";"394.13";"2024";"L";"11/01/2024";"0";"01/01/2024";"31/01/2024";"13"
"UNIDADE DE GESTÃO DE EDUCAÇÃO";"12";"EDUCAÇÃO";"122";"ADMINISTRAÇÃO GERAL";"2024";"1054";"";"0";"0";"100012604";"FOLHA DE PAGAMENTO";"45780103000150";"";"0";"PROPRIA";"31901137";"GRATIFICACOES POR TEMPO DE SERVICO";"FOLHA DE PAGAMENTO";"828.05";"2024";"L";"11/01/2024";"0";"01/01/2024";"31/01/2024";"13"
"UNIDADE DE GESTÃO DE EDUCAÇÃO";"12";"EDUCAÇÃO";"122";"ADMINISTRAÇÃO GERAL";"2024";"1055";"";"0";"0";"100012604";"FOLHA DE PAGAMENTO";"45780103000150";"";"0";"PROPRIA";"31901145";"FÉRIAS - ABONO CONSTITUICOES";"FOLHA DE PAGAMENTO";"938.4";"2024";"L";"11/01/2024";"0";"01/01/2024";"31/01/2024";"13"
"UNIDADE DE GESTÃO DE EDUCAÇÃO";"12";"EDUCAÇÃO";"122";"ADMINISTRAÇÃO GERAL";"2024";"1056";"";"0";"0";"100012604";"FOLHA DE PAGAMENTO";"45780103000150";"";"0";"PROPRIA";"31901146";"FÉRIAS - PAGAMENTO ANTECIPADO - RPPS";"FOLHA DE PAGAMENTO";"1211.58";"2024";"L";"11/01/2024";"0";"01/01/2024";"31/01/2024";"13"
"UNIDADE DE GESTÃO DE PROMOÇÃO DA SAÚDE";"10";"SAÚDE";"122";"ADMINISTRAÇÃO GERAL";"2024";"1057";"";"0";"0";"100012604";"FOLHA DE PAGAMENTO";"45780103000150";"";"0";"PROPRIA";"31901133";"GRATIFICACOES POR EXERCICIO DE  FUNCOES";"FOLHA DE PAGAMENTO";"1251.74";"2024";"L";"11/01/2024";"0";"01/01/2024";"31/01/2024";"14"
"UNIDADE DE GESTÃO DE PROMOÇÃO DA SAÚDE";"10";"SAÚDE";"122";"ADMINISTRAÇÃO GERAL";"2024";"1058";"";"0";"0";"100012604";"FOLHA DE PAGAMENTO";"45780103000150";"";"0";"PROPRIA";"31901137";"GRATIFICACOES POR TEMPO DE SERVICO";"FOLHA DE PAGAMENTO";"2346.41";"2024";"L";"11/01/2024";"0";"01/01/2024";"31/01/2024";"14"
"UNIDADE DE GESTÃO DE PROMOÇÃO DA SAÚDE";"10";"SAÚDE";"122";"ADMINISTRAÇÃO GERAL";"2024";"1059";"";"0";"0";"100012604";"FOLHA DE PAGAMENTO";"45780103000150";"";"0";"PROPRIA";"31901144";"FÉRIAS - ABONO PECUNIARIO";"FOLHA DE PAGAMENTO";"3464.3";"2024";"L";"11/01/2024";"0";"01/01/2024";"31/01/2024";"14"
"UNIDADE DE GESTÃO DE PROMOÇÃO DA SAÚDE";"10";"SAÚDE";"122";"ADMINISTRAÇÃO GERAL";"2024";"1060";"";"0";"0";"100012604";"FOLHA DE PAGAMENTO";"45780103000150";"";"0";"PROPRIA";"31901145";"FÉRIAS - ABONO CONSTITUICOES";"FOLHA DE PAGAMENTO";"5568.88";"2024";"L";"11/01/2024";"0";"01/01/2024";"31/01/2024";"14"
"UNIDADE DE GESTÃO DE PROMOÇÃO DA SAÚDE";"10";"SAÚDE";"122";"ADMINISTRAÇÃO GERAL";"2024";"1061";"";"0";"0";"100012604";"FOLHA DE PAGAMENTO";"45780103000150";"";"0";"PROPRIA";"31901146";"FÉRIAS - PAGAMENTO ANTECIPADO - RPPS";"FOLHA DE PAGAMENTO";"9657.52";"2024";"L";"11/01/2024";"0";"01/01/2024";"31/01/2024";"14"
"UNIDADE DE GESTÃO DE PROMOÇÃO DA SAÚDE";"10";"SAÚDE";"122";"ADMINISTRAÇÃO GERAL";"2024";"1062";"";"0";"0";"100012604";"FOLHA DE PAGAMENTO";"45780103000150";"";"0";"PROPRIA";"31901644";"SERVIÇOS EXTRAORDINÁRIOS";"FOLHA DE PAGAMENTO";"257.35";"2024";"L";"11/01/2024";"0";"01/01/2024";"31/01/2024";"14"
"UNIDADE DE GESTÃO DE PROMOÇÃO DA SAÚDE";"10";"SAÚDE";"301";"ATENÇÃO BÁSICA";"2024";"1063";"";"0";"0";"100012604";"FOLHA DE PAGAMENTO";"45780103000150";"";"0";"PROPRIA";"31901104";"ADICIONAL NOTURNO";"FOLHA DE PAGAMENTO";"8.58";"2024";"L";"11/01/2024";"0";"01/01/2024";"31/01/2024";"14"
"UNIDADE DE GESTÃO DE PROMOÇÃO DA SAÚDE";"10";"SAÚDE";"301";"ATENÇÃO BÁSICA";"2024";"1064";"";"0";"0";"100012604";"FOLHA DE PAGAMENTO";"45780103000150";"";"0";"PROPRIA";"31901107";"ABONO DE PERMANENCIA";"FOLHA DE PAGAMENTO";"327.89";"2024";"L";"11/01/2024";"0";"01/01/2024";"31/01/2024";"14"
"UNIDADE DE GESTÃO DE PROMOÇÃO DA SAÚDE";"10";"SAÚDE";"301";"ATENÇÃO BÁSICA";"2024";"1065";"";"0";"0";"100012604";"FOLHA DE PAGAMENTO";"45780103000150";"";"0";"PROPRIA";"31901110";"ADICIONAL DE INSALUBRIDADE";"FOLHA DE PAGAMENTO";"4819.16";"2024";"L";"11/01/2024";"0";"01/01/2024";"31/01/2024";"14"
"UNIDADE DE GESTÃO DE PROMOÇÃO DA SAÚDE";"10";"SAÚDE";"301";"ATENÇÃO BÁSICA";"2024";"1066";"";"0";"0";"100012604";"FOLHA DE PAGAMENTO";"45780103000150";"";"0";"PROPRIA";"31901133";"GRATIFICACOES POR EXERCICIO DE  FUNCOES";"FOLHA DE PAGAMENTO";"3911.65";"2024";"L";"11/01/2024";"0";"01/01/2024";"31/01/2024";"14"
"UNIDADE DE GESTÃO DE PROMOÇÃO DA SAÚDE";"10";"SAÚDE";"301";"ATENÇÃO BÁSICA";"2024";"1067";"";"0";"0";"100012604";"FOLHA DE PAGAMENTO";"45780103000150";"";"0";"PROPRIA";"31901137";"GRATIFICACOES POR TEMPO DE SERVICO";"FOLHA DE PAGAMENTO";"11110.69";"2024";"L";"11/01/2024";"0";"01/01/2024";"31/01/2024";"14"
"UNIDADE DE GESTÃO DE PROMOÇÃO DA SAÚDE";"10";"SAÚDE";"301";"ATENÇÃO BÁSICA";"2024";"1068";"";"0";"0";"100012604";"FOLHA DE PAGAMENTO";"45780103000150";"";"0";"PROPRIA";"31901144";"FÉRIAS - ABONO PECUNIARIO";"FOLHA DE PAGAMENTO";"9096.74";"2024";"L";"11/01/2024";"0";"01/01/2024";"31/01/2024";"14"
"UNIDADE DE GESTÃO DE PROMOÇÃO DA SAÚDE";"10";"SAÚDE";"301";"ATENÇÃO BÁSICA";"2024";"1069";"";"0";"0";"100012604";"FOLHA DE PAGAMENTO";"45780103000150";"";"0";"PROPRIA";"31901145";"FÉRIAS - ABONO CONSTITUICOES";"FOLHA DE PAGAMENTO";"50756.86";"2024";"L";"11/01/2024";"0";"01/01/2024";"31/01/2024";"14"
"UNIDADE DE GESTÃO DE PROMOÇÃO DA SAÚDE";"10";"SAÚDE";"301";"ATENÇÃO BÁSICA";"2024";"1070";"";"0";"0";"100012604";"FOLHA DE PAGAMENTO";"45780103000150";"";"0";"PROPRIA";"31901146";"FÉRIAS - PAGAMENTO ANTECIPADO - RPPS";"FOLHA DE PAGAMENTO";"98250.49";"2024";"L";"11/01/2024";"0";"01/01/2024";"31/01/2024";"14"
"UNIDADE DE GESTÃO DE PROMOÇÃO DA SAÚDE";"10";"SAÚDE";"301";"ATENÇÃO BÁSICA";"2024";"1071";"";"0";"0";"100012604";"FOLHA DE PAGAMENTO";"45780103000150";"";"0";"PROPRIA";"31901644";"SERVIÇOS EXTRAORDINÁRIOS";"FOLHA DE PAGAMENTO";"7639.41";"2024";"L";"11/01/2024";"0";"01/01/2024";"31/01/2024";"14"
"UNIDADE DE GESTÃO DE PROMOÇÃO DA SAÚDE";"10";"SAÚDE";"302";"ASSISTÊNCIA HOSPITALAR E AMBULATORIAL";"2024";"1072";"";"0";"0";"100012604";"FOLHA DE PAGAMENTO";"45780103000150";"";"0";"PROPRIA";"31901104";"ADICIONAL NOTURNO";"FOLHA DE PAGAMENTO";"1.53";"2024";"L";"11/01/2024";"0";"01/01/2024";"31/01/2024";"14"
"UNIDADE DE GESTÃO DE PROMOÇÃO DA SAÚDE";"10";"SAÚDE";"302";"ASSISTÊNCIA HOSPITALAR E AMBULATORIAL";"2024";"1073";"";"0";"0";"100012604";"FOLHA DE PAGAMENTO";"45780103000150";"";"0";"PROPRIA";"31901110";"ADICIONAL DE INSALUBRIDADE";"FOLHA DE PAGAMENTO";"1411.98";"2024";"L";"11/01/2024";"0";"01/01/2024";"31/01/2024";"14"
"UNIDADE DE GESTÃO DE PROMOÇÃO DA SAÚDE";"10";"SAÚDE";"302";"ASSISTÊNCIA HOSPITALAR E AMBULATORIAL";"2024";"1074";"";"0";"0";"100012604";"FOLHA DE PAGAMENTO";"45780103000150";"";"0";"PROPRIA";"31901133";"GRATIFICACOES POR EXERCICIO DE  FUNCOES";"FOLHA DE PAGAMENTO";"894.09";"2024";"L";"11/01/2024";"0";"01/01/2024";"31/01/2024";"14"
"UNIDADE DE GESTÃO DE PROMOÇÃO DA SAÚDE";"10";"SAÚDE";"302";"ASSISTÊNCIA HOSPITALAR E AMBULATORIAL";"2024";"1075";"";"0";"0";"100012604";"FOLHA DE PAGAMENTO";"45780103000150";"";"0";"PROPRIA";"31901137";"GRATIFICACOES POR TEMPO DE SERVICO";"FOLHA DE PAGAMENTO";"7509.58";"2024";"L";"11/01/2024";"0";"01/01/2024";"31/01/2024";"14"
"UNIDADE DE GESTÃO DE PROMOÇÃO DA SAÚDE";"10";"SAÚDE";"302";"ASSISTÊNCIA HOSPITALAR E AMBULATORIAL";"2024";"1076";"";"0";"0";"100012604";"FOLHA DE PAGAMENTO";"45780103000150";"";"0";"PROPRIA";"31901145";"FÉRIAS - ABONO CONSTITUICOES";"FOLHA DE PAGAMENTO";"21261.47";"2024";"L";"11/01/2024";"0";"01/01/2024";"31/01/2024";"14"
"UNIDADE DE GESTÃO DE PROMOÇÃO DA SAÚDE";"10";"SAÚDE";"302";"ASSISTÊNCIA HOSPITALAR E AMBULATORIAL";"2024";"1077";"";"0";"0";"100012604";"FOLHA DE PAGAMENTO";"45780103000150";"";"0";"PROPRIA";"31901146";"FÉRIAS - PAGAMENTO ANTECIPADO - RPPS";"FOLHA DE PAGAMENTO";"40395.03";"2024";"L";"11/01/2024";"0";"01/01/2024";"31/01/2024";"14"
"UNIDADE DE GESTÃO DE PROMOÇÃO DA SAÚDE";"10";"SAÚDE";"302";"ASSISTÊNCIA HOSPITALAR E AMBULATORIAL";"2024";"1078";"";"0";"0";"100012604";"FOLHA DE PAGAMENTO";"45780103000150";"";"0";"PROPRIA";"31901644";"SERVIÇOS EXTRAORDINÁRIOS";"FOLHA DE PAGAMENTO";"1472.2";"2024";"L";"11/01/2024";"0";"01/01/2024";"31/01/2024";"14"
"UNIDADE DE GESTÃO DE PROMOÇÃO DA SAÚDE";"10";"SAÚDE";"305";"VIGILÂNCIA EPIDEMIOLÓGICA";"2024";"1079";"";"0";"0";"100012604";"FOLHA DE PAGAMENTO";"45780103000150";"";"0";"PROPRIA";"31901110";"ADICIONAL DE INSALUBRIDADE";"FOLHA DE PAGAMENTO";"376.54";"2024";"L";"11/01/2024";"0";"01/01/2024";"31/01/2024";"14"
"UNIDADE DE GESTÃO DE PROMOÇÃO DA SAÚDE";"10";"SAÚDE";"305";"VIGILÂNCIA EPIDEMIOLÓGICA";"2024";"1080";"";"0";"0";"100012604";"FOLHA DE PAGAMENTO";"45780103000150";"";"0";"PROPRIA";"31901133";"GRATIFICACOES POR EXERCICIO DE  FUNCOES";"FOLHA DE PAGAMENTO";"1564.66";"2024";"L";"11/01/2024";"0";"01/01/2024";"31/01/2024";"14"
"UNIDADE DE GESTÃO DE PROMOÇÃO DA SAÚDE";"10";"SAÚDE";"305";"VIGILÂNCIA EPIDEMIOLÓGICA";"2024";"1081";"";"0";"0";"100012604";"FOLHA DE PAGAMENTO";"45780103000150";"";"0";"PROPRIA";"31901137";"GRATIFICACOES POR TEMPO DE SERVICO";"FOLHA DE PAGAMENTO";"2881.56";"2024";"L";"11/01/2024";"0";"01/01/2024";"31/01/2024";"14"
"UNIDADE DE GESTÃO DE PROMOÇÃO DA SAÚDE";"10";"SAÚDE";"305";"VIGILÂNCIA EPIDEMIOLÓGICA";"2024";"1082";"";"0";"0";"100012604";"FOLHA DE PAGAMENTO";"45780103000150";"";"0";"PROPRIA";"31901145";"FÉRIAS - ABONO CONSTITUICOES";"FOLHA DE PAGAMENTO";"8080.96";"2024";"L";"11/01/2024";"0";"01/01/2024";"31/01/2024";"14"
"UNIDADE DE GESTÃO DE PROMOÇÃO DA SAÚDE";"10";"SAÚDE";"305";"VIGILÂNCIA EPIDEMIOLÓGICA";"2024";"1083";"";"0";"0";"100012604";"FOLHA DE PAGAMENTO";"45780103000150";"";"0";"PROPRIA";"31901146";"FÉRIAS - PAGAMENTO ANTECIPADO - RPPS";"FOLHA DE PAGAMENTO";"12979.99";"2024";"L";"11/01/2024";"0";"01/01/2024";"31/01/2024";"14"
"UNIDADE DE GESTÃO DE PROMOÇÃO DA SAÚDE";"10";"SAÚDE";"305";"VIGILÂNCIA EPIDEMIOLÓGICA";"2024";"1084";"";"0";"0";"100012604";"FOLHA DE PAGAMENTO";"45780103000150";"";"0";"PROPRIA";"31901644";"SERVIÇOS EXTRAORDINÁRIOS";"FOLHA DE PAGAMENTO";"775.64";"2024";"L";"11/01/2024";"0";"01/01/2024";"31/01/2024";"14"
"UNIDADE DE GESTÃO DE PROMOÇÃO DA SAÚDE";"10";"SAÚDE";"304";"VIGILÂNCIA SANITÁRIA";"2024";"1085";"";"0";"0";"100012604";"FOLHA DE PAGAMENTO";"45780103000150";"";"0";"PROPRIA";"31901107";"ABONO DE PERMANENCIA";"FOLHA DE PAGAMENTO";"523.15";"2024";"L";"11/01/2024";"0";"01/01/2024";"31/01/2024";"14"
"UNIDADE DE GESTÃO DE PROMOÇÃO DA SAÚDE";"10";"SAÚDE";"304";"VIGILÂNCIA SANITÁRIA";"2024";"1086";"";"0";"0";"100012604";"FOLHA DE PAGAMENTO";"45780103000150";"";"0";"PROPRIA";"31901110";"ADICIONAL DE INSALUBRIDADE";"FOLHA DE PAGAMENTO";"94.13";"2024";"L";"11/01/2024";"0";"01/01/2024";"31/01/2024";"14"
"UNIDADE DE GESTÃO DE PROMOÇÃO DA SAÚDE";"10";"SAÚDE";"304";"VIGILÂNCIA SANITÁRIA";"2024";"1087";"";"0";"0";"100012604";"FOLHA DE PAGAMENTO";"45780103000150";"";"0";"PROPRIA";"31901133";"GRATIFICACOES POR EXERCICIO DE  FUNCOES";"FOLHA DE PAGAMENTO";"2346.99";"2024";"L";"11/01/2024";"0";"01/01/2024";"31/01/2024";"14"
"UNIDADE DE GESTÃO DE PROMOÇÃO DA SAÚDE";"10";"SAÚDE";"304";"VIGILÂNCIA SANITÁRIA";"2024";"1088";"";"0";"0";"100012604";"FOLHA DE PAGAMENTO";"45780103000150";"";"0";"PROPRIA";"31901137";"GRATIFICACOES POR TEMPO DE SERVICO";"FOLHA DE PAGAMENTO";"3692.73";"2024";"L";"11/01/2024";"0";"01/01/2024";"31/01/2024";"14"
"UNIDADE DE GESTÃO DE PROMOÇÃO DA SAÚDE";"10";"SAÚDE";"304";"VIGILÂNCIA SANITÁRIA";"2024";"1089";"";"0";"0";"100012604";"FOLHA DE PAGAMENTO";"45780103000150";"";"0";"PROPRIA";"31901145";"FÉRIAS - ABONO CONSTITUICOES";"FOLHA DE PAGAMENTO";"12441.78";"2024";"L";"11/01/2024";"0";"01/01/2024";"31/01/2024";"14"
"UNIDADE DE GESTÃO DE PROMOÇÃO DA SAÚDE";"10";"SAÚDE";"304";"VIGILÂNCIA SANITÁRIA";"2024";"1090";"";"0";"0";"100012604";"FOLHA DE PAGAMENTO";"45780103000150";"";"0";"PROPRIA";"31901146";"FÉRIAS - PAGAMENTO ANTECIPADO - RPPS";"FOLHA DE PAGAMENTO";"23940.61";"2024";"L";"11/01/2024";"0";"01/01/2024";"31/01/2024";"14"
"UNIDADE DE GESTÃO DE PROMOÇÃO DA SAÚDE";"10";"SAÚDE";"304";"VIGILÂNCIA SANITÁRIA";"2024";"1091";"";"0";"0";"100012604";"FOLHA DE PAGAMENTO";"45780103000150";"";"0";"PROPRIA";"31901644";"SERVIÇOS EXTRAORDINÁRIOS";"FOLHA DE PAGAMENTO";"2561.87";"2024";"L";"11/01/2024";"0";"01/01/2024";"31/01/2024";"14"
"UNIDADE GESTÃO DE ASSISTÊNCIA E DESENVOLV. SOCIAL";"8";"ASSISTÊNCIA SOCIAL";"244";"ASSISTÊNCIA COMUNITÁRIA";"2024";"1092";"";"0";"0";"100012604";"FOLHA DE PAGAMENTO";"45780103000150";"";"0";"PROPRIA";"31901137";"GRATIFICACOES POR TEMPO DE SERVICO";"FOLHA DE PAGAMENTO";"7860.4";"2024";"L";"11/01/2024";"0";"01/01/2024";"31/01/2024";"15"
"UNIDADE GESTÃO DE ASSISTÊNCIA E DESENVOLV. SOCIAL";"8";"ASSISTÊNCIA SOCIAL";"244";"ASSISTÊNCIA COMUNITÁRIA";"2024";"1093";"";"0";"0";"100012604";"FOLHA DE PAGAMENTO";"45780103000150";"";"0";"PROPRIA";"31901144";"FÉRIAS - ABONO PECUNIARIO";"FOLHA DE PAGAMENTO";"1862.43";"2024";"L";"11/01/2024";"0";"01/01/2024";"31/01/2024";"15"
"UNIDADE GESTÃO DE ASSISTÊNCIA E DESENVOLV. SOCIAL";"8";"ASSISTÊNCIA SOCIAL";"244";"ASSISTÊNCIA COMUNITÁRIA";"2024";"1094";"";"0";"0";"100012604";"FOLHA DE PAGAMENTO";"45780103000150";"";"0";"PROPRIA";"31901145";"FÉRIAS - ABONO CONSTITUICOES";"FOLHA DE PAGAMENTO";"11112.55";"2024";"L";"11/01/2024";"0";"01/01/2024";"31/01/2024";"15"
"UNIDADE GESTÃO DE ASSISTÊNCIA E DESENVOLV. SOCIAL";"8";"ASSISTÊNCIA SOCIAL";"244";"ASSISTÊNCIA COMUNITÁRIA";"2024";"1095";"";"0";"0";"100012604";"FOLHA DE PAGAMENTO";"45780103000150";"";"0";"PROPRIA";"31901146";"FÉRIAS - PAGAMENTO ANTECIPADO - RPPS";"FOLHA DE PAGAMENTO";"18952.27";"2024";"L";"11/01/2024";"0";"01/01/2024";"31/01/2024";"15"
"UNIDADE GESTÃO DE ASSISTÊNCIA E DESENVOLV. SOCIAL";"8";"ASSISTÊNCIA SOCIAL";"244";"ASSISTÊNCIA COMUNITÁRIA";"2024";"1096";"";"0";"0";"100012604";"FOLHA DE PAGAMENTO";"45780103000150";"";"0";"PROPRIA";"31901644";"SERVIÇOS EXTRAORDINÁRIOS";"FOLHA DE PAGAMENTO";"357.33";"2024";"L";"11/01/2024";"0";"01/01/2024";"31/01/2024";"15"
"UNIDADE GESTÃO DE ASSISTÊNCIA E DESENVOLV. SOCIAL";"8";"ASSISTÊNCIA SOCIAL";"244";"ASSISTÊNCIA COMUNITÁRIA";"2024";"1097";"";"0";"0";"100012604";"FOLHA DE PAGAMENTO";"45780103000150";"";"0";"PROPRIA";"31901137";"GRATIFICACOES POR TEMPO DE SERVICO";"FOLHA DE PAGAMENTO";"622.79";"2024";"L";"11/01/2024";"0";"01/01/2024";"31/01/2024";"15"
"UNIDADE GESTÃO DE ASSISTÊNCIA E DESENVOLV. SOCIAL";"8";"ASSISTÊNCIA SOCIAL";"244";"ASSISTÊNCIA COMUNITÁRIA";"2024";"1098";"";"0";"0";"100012604";"FOLHA DE PAGAMENTO";"45780103000150";"";"0";"PROPRIA";"31901145";"FÉRIAS - ABONO CONSTITUICOES";"FOLHA DE PAGAMENTO";"1245.59";"2024";"L";"11/01/2024";"0";"01/01/2024";"31/01/2024";"15"
"UNIDADE GESTÃO DE ASSISTÊNCIA E DESENVOLV. SOCIAL";"8";"ASSISTÊNCIA SOCIAL";"244";"ASSISTÊNCIA COMUNITÁRIA";"2024";"1099";"";"0";"0";"100012604";"FOLHA DE PAGAMENTO";"45780103000150";"";"0";"PROPRIA";"31901146";"FÉRIAS - PAGAMENTO ANTECIPADO - RPPS";"FOLHA DE PAGAMENTO";"2009.36";"2024";"L";"11/01/2024";"0";"01/01/2024";"31/01/2024";"15"
"UNIDADE GESTÃO DE AGRONEGÓCIO. ABASTEC. E TURISMO";"20";"AGRICULTURA";"122";"ADMINISTRAÇÃO GERAL";"2024";"1100";"";"0";"0";"100012604";"FOLHA DE PAGAMENTO";"45780103000150";"";"0";"PROPRIA";"31901137";"GRATIFICACOES POR TEMPO DE SERVICO";"FOLHA DE PAGAMENTO";"1380.94";"2024";"L";"11/01/2024";"0";"01/01/2024";"31/01/2024";"17"
"UNIDADE GESTÃO DE AGRONEGÓCIO. ABASTEC. E TURISMO";"20";"AGRICULTURA";"122";"ADMINISTRAÇÃO GERAL";"2024";"1101";"";"0";"0";"100012604";"FOLHA DE PAGAMENTO";"45780103000150";"";"0";"PROPRIA";"31901145";"FÉRIAS - ABONO CONSTITUICOES";"FOLHA DE PAGAMENTO";"1564.98";"2024";"L";"11/01/2024";"0";"01/01/2024";"31/01/2024";"17"
"UNIDADE GESTÃO DE AGRONEGÓCIO. ABASTEC. E TURISMO";"20";"AGRICULTURA";"122";"ADMINISTRAÇÃO GERAL";"2024";"1102";"";"0";"0";"100012604";"FOLHA DE PAGAMENTO";"45780103000150";"";"0";"PROPRIA";"31901146";"FÉRIAS - PAGAMENTO ANTECIPADO - RPPS";"FOLHA DE PAGAMENTO";"2641.69";"2024";"L";"11/01/2024";"0";"01/01/2024";"31/01/2024";"17"
"UNIDADE DE GESTÃO DE SEGURANÇA MUNICIPAL";"6";"SEGURANÇA PÚBLICA";"122";"ADMINISTRAÇÃO GERAL";"2024";"1103";"";"0";"0";"100012604";"FOLHA DE PAGAMENTO";"45780103000150";"";"0";"PROPRIA";"31901104";"ADICIONAL NOTURNO";"FOLHA DE PAGAMENTO";"884.79";"2024";"L";"11/01/2024";"0";"01/01/2024";"31/01/2024";"19"
"UNIDADE DE GESTÃO DE SEGURANÇA MUNICIPAL";"6";"SEGURANÇA PÚBLICA";"122";"ADMINISTRAÇÃO GERAL";"2024";"1104";"";"0";"0";"100012604";"FOLHA DE PAGAMENTO";"45780103000150";"";"0";"PROPRIA";"31901107";"ABONO DE PERMANENCIA";"FOLHA DE PAGAMENTO";"4504.87";"2024";"L";"11/01/2024";"0";"01/01/2024";"31/01/2024";"19"
"UNIDADE DE GESTÃO DE SEGURANÇA MUNICIPAL";"6";"SEGURANÇA PÚBLICA";"122";"ADMINISTRAÇÃO GERAL";"2024";"1105";"";"0";"0";"100012604";"FOLHA DE PAGAMENTO";"45780103000150";"";"0";"PROPRIA";"31901133";"GRATIFICACOES POR EXERCICIO DE  FUNCOES";"FOLHA DE PAGAMENTO";"13429.05";"2024";"L";"11/01/2024";"0";"01/01/2024";"31/01/2024";"19"
"UNIDADE DE GESTÃO DE SEGURANÇA MUNICIPAL";"6";"SEGURANÇA PÚBLICA";"122";"ADMINISTRAÇÃO GERAL";"2024";"1106";"";"0";"0";"100012604";"FOLHA DE PAGAMENTO";"45780103000150";"";"0";"PROPRIA";"31901137";"GRATIFICACOES POR TEMPO DE SERVICO";"FOLHA DE PAGAMENTO";"10561.13";"2024";"L";"11/01/2024";"0";"01/01/2024";"31/01/2024";"19"
"UNIDADE DE GESTÃO DE SEGURANÇA MUNICIPAL";"6";"SEGURANÇA PÚBLICA";"122";"ADMINISTRAÇÃO GERAL";"2024";"1107";"";"0";"0";"100012604";"FOLHA DE PAGAMENTO";"45780103000150";"";"0";"PROPRIA";"31901144";"FÉRIAS - ABONO PECUNIARIO";"FOLHA DE PAGAMENTO";"35468.13";"2024";"L";"11/01/2024";"0";"01/01/2024";"31/01/2024";"19"
"UNIDADE DE GESTÃO DE SEGURANÇA MUNICIPAL";"6";"SEGURANÇA PÚBLICA";"122";"ADMINISTRAÇÃO GERAL";"2024";"1108";"";"0";"0";"100012604";"FOLHA DE PAGAMENTO";"45780103000150";"";"0";"PROPRIA";"31901145";"FÉRIAS - ABONO CONSTITUICOES";"FOLHA DE PAGAMENTO";"26578.77";"2024";"L";"11/01/2024";"0";"01/01/2024";"31/01/2024";"19"
"UNIDADE DE GESTÃO DE SEGURANÇA MUNICIPAL";"6";"SEGURANÇA PÚBLICA";"122";"ADMINISTRAÇÃO GERAL";"2024";"1109";"";"0";"0";"100012604";"FOLHA DE PAGAMENTO";"45780103000150";"";"0";"PROPRIA";"31901146";"FÉRIAS - PAGAMENTO ANTECIPADO - RPPS";"FOLHA DE PAGAMENTO";"22743.67";"2024";"L";"11/01/2024";"0";"01/01/2024";"31/01/2024";"19"
"UNIDADE DE GESTÃO DE SEGURANÇA MUNICIPAL";"6";"SEGURANÇA PÚBLICA";"122";"ADMINISTRAÇÃO GERAL";"2024";"1110";"";"0";"0";"100012604";"FOLHA DE PAGAMENTO";"45780103000150";"";"0";"PROPRIA";"31901175";"SUBSÍDIOS - AGENTES POLÍTICOS";"FOLHA DE PAGAMENTO";"11997.74";"2024";"L";"11/01/2024";"0";"01/01/2024";"31/01/2024";"19"
"UNIDADE DE GESTÃO DE SEGURANÇA MUNICIPAL";"6";"SEGURANÇA PÚBLICA";"122";"ADMINISTRAÇÃO GERAL";"2024";"1111";"";"0";"0";"100012604";"FOLHA DE PAGAMENTO";"45780103000150";"";"0";"PROPRIA";"31901175";"SUBSÍDIOS - AGENTES POLÍTICOS";"FOLHA DE PAGAMENTO";"4291.56";"2024";"L";"11/01/2024";"0";"01/01/2024";"31/01/2024";"19"
"UNIDADE DE GESTÃO DE SEGURANÇA MUNICIPAL";"6";"SEGURANÇA PÚBLICA";"122";"ADMINISTRAÇÃO GERAL";"2024";"1112";"";"0";"0";"100012604";"FOLHA DE PAGAMENTO";"45780103000150";"";"0";"PROPRIA";"31901644";"SERVIÇOS EXTRAORDINÁRIOS";"FOLHA DE PAGAMENTO";"10097.95";"2024";"L";"11/01/2024";"0";"01/01/2024";"31/01/2024";"19"
"UNIDADE DE GESTÃO DE CULTURA";"13";"CULTURA";"122";"ADMINISTRAÇÃO GERAL";"2024";"1113";"";"0";"0";"100012604";"FOLHA DE PAGAMENTO";"45780103000150";"";"0";"PROPRIA";"31901137";"GRATIFICACOES POR TEMPO DE SERVICO";"FOLHA DE PAGAMENTO";"389.49";"2024";"L";"11/01/2024";"0";"01/01/2024";"31/01/2024";"22"
"UNIDADE DE GESTÃO DE CULTURA";"13";"CULTURA";"122";"ADMINISTRAÇÃO GERAL";"2024";"1114";"";"0";"0";"100012604";"FOLHA DE PAGAMENTO";"45780103000150";"";"0";"PROPRIA";"31901145";"FÉRIAS - ABONO CONSTITUICOES";"FOLHA DE PAGAMENTO";"1154.29";"2024";"L";"11/01/2024";"0";"01/01/2024";"31/01/2024";"22"
"UNIDADE DE GESTÃO DE CULTURA";"13";"CULTURA";"122";"ADMINISTRAÇÃO GERAL";"2024";"1115";"";"0";"0";"100012604";"FOLHA DE PAGAMENTO";"45780103000150";"";"0";"PROPRIA";"31901146";"FÉRIAS - PAGAMENTO ANTECIPADO - RPPS";"FOLHA DE PAGAMENTO";"2153.43";"2024";"L";"11/01/2024";"0";"01/01/2024";"31/01/2024";"22"
"UNIDADE DE GESTÃO DE CULTURA";"13";"CULTURA";"122";"ADMINISTRAÇÃO GERAL";"2024";"1116";"";"0";"0";"100012604";"FOLHA DE PAGAMENTO";"45780103000150";"";"0";"PROPRIA";"31901644";"SERVIÇOS EXTRAORDINÁRIOS";"FOLHA DE PAGAMENTO";"476.78";"2024";"L";"11/01/2024";"0";"01/01/2024";"31/01/2024";"22"
"UNIDADE DE GESTÃO DE ESPORTE E LAZER";"27";"DESPORTO E LAZER";"812";"DESPORTO COMUNITÁRIO";"2024";"1117";"";"0";"0";"100012604";"FOLHA DE PAGAMENTO";"45780103000150";"";"0";"PROPRIA";"31901104";"ADICIONAL NOTURNO";"FOLHA DE PAGAMENTO";"0.24";"2024";"L";"11/01/2024";"0";"01/01/2024";"31/01/2024";"23"
"UNIDADE DE GESTÃO DE ESPORTE E LAZER";"27";"DESPORTO E LAZER";"812";"DESPORTO COMUNITÁRIO";"2024";"1118";"";"0";"0";"100012604";"FOLHA DE PAGAMENTO";"45780103000150";"";"0";"PROPRIA";"31901133";"GRATIFICACOES POR EXERCICIO DE  FUNCOES";"FOLHA DE PAGAMENTO";"1162.32";"2024";"L";"11/01/2024";"0";"01/01/2024";"31/01/2024";"23"
"UNIDADE DE GESTÃO DE ESPORTE E LAZER";"27";"DESPORTO E LAZER";"812";"DESPORTO COMUNITÁRIO";"2024";"1119";"";"0";"0";"100012604";"FOLHA DE PAGAMENTO";"45780103000150";"";"0";"PROPRIA";"31901137";"GRATIFICACOES POR TEMPO DE SERVICO";"FOLHA DE PAGAMENTO";"764.75";"2024";"L";"11/01/2024";"0";"01/01/2024";"31/01/2024";"23"
"UNIDADE DE GESTÃO DE ESPORTE E LAZER";"27";"DESPORTO E LAZER";"812";"DESPORTO COMUNITÁRIO";"2024";"1120";"";"0";"0";"100012604";"FOLHA DE PAGAMENTO";"45780103000150";"";"0";"PROPRIA";"31901144";"FÉRIAS - ABONO PECUNIARIO";"FOLHA DE PAGAMENTO";"4255.13";"2024";"L";"11/01/2024";"0";"01/01/2024";"31/01/2024";"23"
"UNIDADE DE GESTÃO DE ESPORTE E LAZER";"27";"DESPORTO E LAZER";"812";"DESPORTO COMUNITÁRIO";"2024";"1121";"";"0";"0";"100012604";"FOLHA DE PAGAMENTO";"45780103000150";"";"0";"PROPRIA";"31901145";"FÉRIAS - ABONO CONSTITUICOES";"FOLHA DE PAGAMENTO";"4800.11";"2024";"L";"11/01/2024";"0";"01/01/2024";"31/01/2024";"23"
"UNIDADE DE GESTÃO DE ESPORTE E LAZER";"27";"DESPORTO E LAZER";"812";"DESPORTO COMUNITÁRIO";"2024";"1122";"";"0";"0";"100012604";"FOLHA DE PAGAMENTO";"45780103000150";"";"0";"PROPRIA";"31901146";"FÉRIAS - PAGAMENTO ANTECIPADO - RPPS";"FOLHA DE PAGAMENTO";"5385.78";"2024";"L";"11/01/2024";"0";"01/01/2024";"31/01/2024";"23"
"UNIDADE DE GESTÃO DE ESPORTE E LAZER";"27";"DESPORTO E LAZER";"812";"DESPORTO COMUNITÁRIO";"2024";"1123";"";"0";"0";"100012604";"FOLHA DE PAGAMENTO";"45780103000150";"";"0";"PROPRIA";"31901632";"SUBSTITUIÇÕES  RPPS";"FOLHA DE PAGAMENTO";"3084.87";"2024";"L";"11/01/2024";"0";"01/01/2024";"31/01/2024";"23"
"UNIDADE DE GESTÃO DE ESPORTE E LAZER";"27";"DESPORTO E LAZER";"812";"DESPORTO COMUNITÁRIO";"2024";"1124";"";"0";"0";"100012604";"FOLHA DE PAGAMENTO";"45780103000150";"";"0";"PROPRIA";"31901644";"SERVIÇOS EXTRAORDINÁRIOS";"FOLHA DE PAGAMENTO";"1564.86";"2024";"L";"11/01/2024";"0";"01/01/2024";"31/01/2024";"23"
"UNIDADE DE GESTÃO DA CASA CIVIL";"4";"ADMINISTRAÇÃO";"122";"ADMINISTRAÇÃO GERAL";"2024";"1125";"";"0";"0";"100012604";"FOLHA DE PAGAMENTO";"45780103000150";"";"0";"PROPRIA";"31901101";"VENCIMENTO E SALARIOS";"FOLHA DE PAGAMENTO";"6194.82";"2024";"L";"11/01/2024";"0";"01/01/2024";"31/01/2024";"3"
"UNIDADE DE GESTÃO DA CASA CIVIL";"4";"ADMINISTRAÇÃO";"122";"ADMINISTRAÇÃO GERAL";"2024";"1126";"";"0";"0";"100012604";"FOLHA DE PAGAMENTO";"45780103000150";"";"0";"PROPRIA";"31901101";"VENCIMENTO E SALARIOS";"FOLHA DE PAGAMENTO";"144581.37";"2024";"L";"11/01/2024";"0";"01/01/2024";"31/01/2024";"3"
"UNIDADE DE GESTÃO DA CASA CIVIL";"4";"ADMINISTRAÇÃO";"122";"ADMINISTRAÇÃO GERAL";"2024";"1127";"";"0";"0";"100012604";"FOLHA DE PAGAMENTO";"45780103000150";"";"0";"PROPRIA";"31901101";"VENCIMENTO E SALARIOS";"FOLHA DE PAGAMENTO";"58224.88";"2024";"L";"11/01/2024";"0";"01/01/2024";"31/01/2024";"3"
"UNIDADE DE GESTÃO DA CASA CIVIL";"4";"ADMINISTRAÇÃO";"122";"ADMINISTRAÇÃO GERAL";"2024";"1128";"";"0";"0";"100012604";"FOLHA DE PAGAMENTO";"45780103000150";"";"0";"PROPRIA";"31901105";"INCORPORADOS";"FOLHA DE PAGAMENTO";"1949.58";"2024";"L";"11/01/2024";"0";"01/01/2024";"31/01/2024";"3"
"UNIDADE DE GESTÃO DA CASA CIVIL";"4";"ADMINISTRAÇÃO";"122";"ADMINISTRAÇÃO GERAL";"2024";"1129";"";"0";"0";"100012604";"FOLHA DE PAGAMENTO";"45780103000150";"";"0";"PROPRIA";"31901133";"GRATIFICACOES POR EXERCICIO DE  FUNCOES";"FOLHA DE PAGAMENTO";"6435.17";"2024";"L";"11/01/2024";"0";"01/01/2024";"31/01/2024";"3"
"UNIDADE DE GESTÃO DA CASA CIVIL";"4";"ADMINISTRAÇÃO";"122";"ADMINISTRAÇÃO GERAL";"2024";"1130";"";"0";"0";"100012604";"FOLHA DE PAGAMENTO";"45780103000150";"";"0";"PROPRIA";"31901137";"GRATIFICACOES POR TEMPO DE SERVICO";"FOLHA DE PAGAMENTO";"11237.66";"2024";"L";"11/01/2024";"0";"01/01/2024";"31/01/2024";"3"
"UNIDADE DE GESTÃO DA CASA CIVIL";"4";"ADMINISTRAÇÃO";"122";"ADMINISTRAÇÃO GERAL";"2024";"1131";"";"0";"0";"100012604";"FOLHA DE PAGAMENTO";"45780103000150";"";"0";"PROPRIA";"31901137";"GRATIFICACOES POR TEMPO DE SERVICO";"FOLHA DE PAGAMENTO";"3200.86";"2024";"L";"11/01/2024";"0";"01/01/2024";"31/01/2024";"3"
"UNIDADE DE GESTÃO DA CASA CIVIL";"4";"ADMINISTRAÇÃO";"122";"ADMINISTRAÇÃO GERAL";"2024";"1132";"";"0";"0";"100012604";"FOLHA DE PAGAMENTO";"45780103000150";"";"0";"PROPRIA";"31901632";"SUBSTITUIÇÕES  RPPS";"FOLHA DE PAGAMENTO";"3528.96";"2024";"L";"11/01/2024";"0";"01/01/2024";"31/01/2024";"3"
"UNIDADE GESTÃO DE INOVAÇÃO E RELAÇÃO COM O CIDADÃO";"4";"ADMINISTRAÇÃO";"122";"ADMINISTRAÇÃO GERAL";"2024";"1133";"";"0";"0";"100012604";"FOLHA DE PAGAMENTO";"45780103000150";"";"0";"PROPRIA";"31901101";"VENCIMENTO E SALARIOS";"FOLHA DE PAGAMENTO";"50971.53";"2024";"L";"11/01/2024";"0";"01/01/2024";"31/01/2024";"4"
"UNIDADE GESTÃO DE INOVAÇÃO E RELAÇÃO COM O CIDADÃO";"4";"ADMINISTRAÇÃO";"122";"ADMINISTRAÇÃO GERAL";"2024";"1134";"";"0";"0";"100012604";"FOLHA DE PAGAMENTO";"45780103000150";"";"0";"PROPRIA";"31901101";"VENCIMENTO E SALARIOS";"FOLHA DE PAGAMENTO";"10638.21";"2024";"L";"11/01/2024";"0";"01/01/2024";"31/01/2024";"4"
"UNIDADE GESTÃO DE INOVAÇÃO E RELAÇÃO COM O CIDADÃO";"4";"ADMINISTRAÇÃO";"122";"ADMINISTRAÇÃO GERAL";"2024";"1135";"";"0";"0";"100012604";"FOLHA DE PAGAMENTO";"45780103000150";"";"0";"PROPRIA";"31901131";"GRATIFICACOES POR EXERCICIO DE  CARGO";"FOLHA DE PAGAMENTO";"1949.58";"2024";"L";"11/01/2024";"0";"01/01/2024";"31/01/2024";"4"
"UNIDADE GESTÃO DE INOVAÇÃO E RELAÇÃO COM O CIDADÃO";"4";"ADMINISTRAÇÃO";"122";"ADMINISTRAÇÃO GERAL";"2024";"1136";"";"0";"0";"100012604";"FOLHA DE PAGAMENTO";"45780103000150";"";"0";"PROPRIA";"31901133";"GRATIFICACOES POR EXERCICIO DE  FUNCOES";"FOLHA DE PAGAMENTO";"1408.2";"2024";"L";"11/01/2024";"0";"01/01/2024";"31/01/2024";"4"
"UNIDADE GESTÃO DE INOVAÇÃO E RELAÇÃO COM O CIDADÃO";"4";"ADMINISTRAÇÃO";"122";"ADMINISTRAÇÃO GERAL";"2024";"1137";"";"0";"0";"100012604";"FOLHA DE PAGAMENTO";"45780103000150";"";"0";"PROPRIA";"31901137";"GRATIFICACOES POR TEMPO DE SERVICO";"FOLHA DE PAGAMENTO";"1009.09";"2024";"L";"11/01/2024";"0";"01/01/2024";"31/01/2024";"4"
"UNIDADE DE GESTÃO DE NEG. JURÍDICOS E CIDADANIA";"4";"ADMINISTRAÇÃO";"122";"ADMINISTRAÇÃO GERAL";"2024";"1138";"";"0";"0";"100012604";"FOLHA DE PAGAMENTO";"45780103000150";"";"0";"PROPRIA";"31901101";"VENCIMENTO E SALARIOS";"FOLHA DE PAGAMENTO";"198090.69";"2024";"L";"11/01/2024";"0";"01/01/2024";"31/01/2024";"6"
"UNIDADE DE GESTÃO DE NEG. JURÍDICOS E CIDADANIA";"4";"ADMINISTRAÇÃO";"122";"ADMINISTRAÇÃO GERAL";"2024";"1139";"";"0";"0";"100012604";"FOLHA DE PAGAMENTO";"45780103000150";"";"0";"PROPRIA";"31901101";"VENCIMENTO E SALARIOS";"FOLHA DE PAGAMENTO";"34102.8";"2024";"L";"11/01/2024";"0";"01/01/2024";"31/01/2024";"6"
"UNIDADE DE GESTÃO DE NEG. JURÍDICOS E CIDADANIA";"4";"ADMINISTRAÇÃO";"122";"ADMINISTRAÇÃO GERAL";"2024";"1140";"";"0";"0";"100012604";"FOLHA DE PAGAMENTO";"45780103000150";"";"0";"PROPRIA";"31901101";"VENCIMENTO E SALARIOS";"FOLHA DE PAGAMENTO";"13551.38";"2024";"L";"11/01/2024";"0";"01/01/2024";"31/01/2024";"6"
"UNIDADE DE GESTÃO DE NEG. JURÍDICOS E CIDADANIA";"4";"ADMINISTRAÇÃO";"122";"ADMINISTRAÇÃO GERAL";"2024";"1141";"";"0";"0";"100012604";"FOLHA DE PAGAMENTO";"45780103000150";"";"0";"PROPRIA";"31901105";"INCORPORADOS";"FOLHA DE PAGAMENTO";"1845.1";"2024";"L";"11/01/2024";"0";"01/01/2024";"31/01/2024";"6"
"UNIDADE DE GESTÃO DE NEG. JURÍDICOS E CIDADANIA";"4";"ADMINISTRAÇÃO";"122";"ADMINISTRAÇÃO GERAL";"2024";"1142";"";"0";"0";"100012604";"FOLHA DE PAGAMENTO";"45780103000150";"";"0";"PROPRIA";"31901105";"INCORPORADOS";"FOLHA DE PAGAMENTO";"2841.46";"2024";"L";"11/01/2024";"0";"01/01/2024";"31/01/2024";"6"
"UNIDADE DE GESTÃO DE NEG. JURÍDICOS E CIDADANIA";"4";"ADMINISTRAÇÃO";"122";"ADMINISTRAÇÃO GERAL";"2024";"1143";"";"0";"0";"100012604";"FOLHA DE PAGAMENTO";"45780103000150";"";"0";"PROPRIA";"31901131";"GRATIFICACOES POR EXERCICIO DE  CARGO";"FOLHA DE PAGAMENTO";"12940.15";"2024";"L";"11/01/2024";"0";"01/01/2024";"31/01/2024";"6"
"UNIDADE DE GESTÃO DE NEG. JURÍDICOS E CIDADANIA";"4";"ADMINISTRAÇÃO";"122";"ADMINISTRAÇÃO GERAL";"2024";"1144";"";"0";"0";"100012604";"FOLHA DE PAGAMENTO";"45780103000150";"";"0";"PROPRIA";"31901133";"GRATIFICACOES POR EXERCICIO DE  FUNCOES";"FOLHA DE PAGAMENTO";"4224.6";"2024";"L";"11/01/2024";"0";"01/01/2024";"31/01/2024";"6"
"UNIDADE DE GESTÃO DE NEG. JURÍDICOS E CIDADANIA";"4";"ADMINISTRAÇÃO";"122";"ADMINISTRAÇÃO GERAL";"2024";"1145";"";"0";"0";"100012604";"FOLHA DE PAGAMENTO";"45780103000150";"";"0";"PROPRIA";"31901137";"GRATIFICACOES POR TEMPO DE SERVICO";"FOLHA DE PAGAMENTO";"10916.48";"2024";"L";"11/01/2024";"0";"01/01/2024";"31/01/2024";"6"
"UNIDADE DE GESTÃO DE NEG. JURÍDICOS E CIDADANIA";"4";"ADMINISTRAÇÃO";"122";"ADMINISTRAÇÃO GERAL";"2024";"1146";"";"0";"0";"100012604";"FOLHA DE PAGAMENTO";"45780103000150";"";"0";"PROPRIA";"31901137";"GRATIFICACOES POR TEMPO DE SERVICO";"FOLHA DE PAGAMENTO";"27548.66";"2024";"L";"11/01/2024";"0";"01/01/2024";"31/01/2024";"6"
"UNIDADE DE GESTÃO DE NEG. JURÍDICOS E CIDADANIA";"4";"ADMINISTRAÇÃO";"422";"DIREITOS INDIVIDUAIS. COLETIVOS E DIFUSOS";"2024";"1147";"";"0";"0";"100012604";"FOLHA DE PAGAMENTO";"45780103000150";"";"0";"PROPRIA";"31901101";"VENCIMENTO E SALARIOS";"FOLHA DE PAGAMENTO";"11914.77";"2024";"L";"11/01/2024";"0";"01/01/2024";"31/01/2024";"6"
"UNIDADE DE GESTÃO DE NEG. JURÍDICOS E CIDADANIA";"4";"ADMINISTRAÇÃO";"422";"DIREITOS INDIVIDUAIS. COLETIVOS E DIFUSOS";"2024";"1148";"";"0";"0";"100012604";"FOLHA DE PAGAMENTO";"45780103000150";"";"0";"PROPRIA";"31901101";"VENCIMENTO E SALARIOS";"FOLHA DE PAGAMENTO";"10919.18";"2024";"L";"11/01/2024";"0";"01/01/2024";"31/01/2024";"6"
"UNIDADE DE GESTÃO DE NEG. JURÍDICOS E CIDADANIA";"4";"ADMINISTRAÇÃO";"422";"DIREITOS INDIVIDUAIS. COLETIVOS E DIFUSOS";"2024";"1149";"";"0";"0";"100012604";"FOLHA DE PAGAMENTO";"45780103000150";"";"0";"PROPRIA";"31901137";"GRATIFICACOES POR TEMPO DE SERVICO";"FOLHA DE PAGAMENTO";"623.92";"2024";"L";"11/01/2024";"0";"01/01/2024";"31/01/2024";"6"
"UNIDADE DE GESTÃO DE ADMINIST. E GESTÃO DE PESSOAS";"4";"ADMINISTRAÇÃO";"122";"ADMINISTRAÇÃO GERAL";"2024";"1150";"";"0";"0";"100012604";"FOLHA DE PAGAMENTO";"45780103000150";"";"0";"PROPRIA";"31901101";"VENCIMENTO E SALARIOS";"FOLHA DE PAGAMENTO";"22437.61";"2024";"L";"11/01/2024";"0";"01/01/2024";"31/01/2024";"7"
"UNIDADE DE GESTÃO DE ADMINIST. E GESTÃO DE PESSOAS";"4";"ADMINISTRAÇÃO";"122";"ADMINISTRAÇÃO GERAL";"2024";"1151";"";"0";"0";"100012604";"FOLHA DE PAGAMENTO";"45780103000150";"";"0";"PROPRIA";"31901101";"VENCIMENTO E SALARIOS";"FOLHA DE PAGAMENTO";"51602.4";"2024";"L";"11/01/2024";"0";"01/01/2024";"31/01/2024";"7"
"UNIDADE DE GESTÃO DE ADMINIST. E GESTÃO DE PESSOAS";"4";"ADMINISTRAÇÃO";"122";"ADMINISTRAÇÃO GERAL";"2024";"1152";"";"0";"0";"100012604";"FOLHA DE PAGAMENTO";"45780103000150";"";"0";"PROPRIA";"31901101";"VENCIMENTO E SALARIOS";"FOLHA DE PAGAMENTO";"250008.78";"2024";"L";"11/01/2024";"0";"01/01/2024";"31/01/2024";"7"
"UNIDADE DE GESTÃO DE ADMINIST. E GESTÃO DE PESSOAS";"4";"ADMINISTRAÇÃO";"122";"ADMINISTRAÇÃO GERAL";"2024";"1153";"";"0";"0";"100012604";"FOLHA DE PAGAMENTO";"45780103000150";"";"0";"PROPRIA";"31901131";"GRATIFICACOES POR EXERCICIO DE  CARGO";"FOLHA DE PAGAMENTO";"4953.2";"2024";"L";"11/01/2024";"0";"01/01/2024";"31/01/2024";"7"
"UNIDADE DE GESTÃO DE ADMINIST. E GESTÃO DE PESSOAS";"4";"ADMINISTRAÇÃO";"122";"ADMINISTRAÇÃO GERAL";"2024";"1154";"";"0";"0";"100012604";"FOLHA DE PAGAMENTO";"45780103000150";"";"0";"PROPRIA";"31901133";"GRATIFICACOES POR EXERCICIO DE  FUNCOES";"FOLHA DE PAGAMENTO";"24320.32";"2024";"L";"11/01/2024";"0";"01/01/2024";"31/01/2024";"7"
"UNIDADE DE GESTÃO DE ADMINIST. E GESTÃO DE PESSOAS";"4";"ADMINISTRAÇÃO";"122";"ADMINISTRAÇÃO GERAL";"2024";"1155";"";"0";"0";"100012604";"FOLHA DE PAGAMENTO";"45780103000150";"";"0";"PROPRIA";"31901137";"GRATIFICACOES POR TEMPO DE SERVICO";"FOLHA DE PAGAMENTO";"36034.95";"2024";"L";"11/01/2024";"0";"01/01/2024";"31/01/2024";"7"
"UNIDADE DE GESTÃO DE ADMINIST. E GESTÃO DE PESSOAS";"4";"ADMINISTRAÇÃO";"122";"ADMINISTRAÇÃO GERAL";"2024";"1156";"";"0";"0";"100012604";"FOLHA DE PAGAMENTO";"45780103000150";"";"0";"PROPRIA";"31901137";"GRATIFICACOES POR TEMPO DE SERVICO";"FOLHA DE PAGAMENTO";"14101.71";"2024";"L";"11/01/2024";"0";"01/01/2024";"31/01/2024";"7"
"UNIDADE DE GESTÃO DE ADMINIST. E GESTÃO DE PESSOAS";"4";"ADMINISTRAÇÃO";"122";"ADMINISTRAÇÃO GERAL";"2024";"1157";"";"0";"0";"100012604";"FOLHA DE PAGAMENTO";"45780103000150";"";"0";"PROPRIA";"31901632";"SUBSTITUIÇÕES  RPPS";"FOLHA DE PAGAMENTO";"2230.38";"2024";"L";"11/01/2024";"0";"01/01/2024";"31/01/2024";"7"
"UNIDADE DE GESTÃO DE ADMINIST. E GESTÃO DE PESSOAS";"9";"PREVIDÊNCIA SOCIAL";"271";"PREVIDÊNCIA BÁSICA";"2024";"1158";"";"0";"0";"100012604";"FOLHA DE PAGAMENTO";"45780103000150";"";"0";"PROPRIA";"31900101";"PROVENTOS - PESSOAL CIVIL";"FOLHA DE PAGAMENTO";"19491.63";"2024";"L";"11/01/2024";"0";"01/01/2024";"31/01/2024";"7"
"UNIDADE DE GESTÃO DE ADMINIST. E GESTÃO DE PESSOAS";"9";"PREVIDÊNCIA SOCIAL";"271";"PREVIDÊNCIA BÁSICA";"2024";"1159";"";"0";"0";"100012604";"FOLHA DE PAGAMENTO";"45780103000150";"";"0";"PROPRIA";"31900101";"PROVENTOS - PESSOAL CIVIL";"FOLHA DE PAGAMENTO";"1725.81";"2024";"L";"11/01/2024";"0";"01/01/2024";"31/01/2024";"7"
"UNIDADE DE GESTÃO DE ADMINIST. E GESTÃO DE PESSOAS";"9";"PREVIDÊNCIA SOCIAL";"271";"PREVIDÊNCIA BÁSICA";"2024";"1160";"";"0";"0";"100012604";"FOLHA DE PAGAMENTO";"45780103000150";"";"0";"PROPRIA";"31900101";"PROVENTOS - PESSOAL CIVIL";"FOLHA DE PAGAMENTO";"67164.08";"2024";"L";"11/01/2024";"0";"01/01/2024";"31/01/2024";"7"
"UNIDADE DE GESTÃO DE ADMINIST. E GESTÃO DE PESSOAS";"9";"PREVIDÊNCIA SOCIAL";"271";"PREVIDÊNCIA BÁSICA";"2024";"1161";"";"0";"0";"100012604";"FOLHA DE PAGAMENTO";"45780103000150";"";"0";"PROPRIA";"31900101";"PROVENTOS - PESSOAL CIVIL";"FOLHA DE PAGAMENTO";"116335.49";"2024";"L";"11/01/2024";"0";"01/01/2024";"31/01/2024";"7"
"UNIDADE DE GESTÃO DE ADMINIST. E GESTÃO DE PESSOAS";"9";"PREVIDÊNCIA SOCIAL";"271";"PREVIDÊNCIA BÁSICA";"2024";"1162";"";"0";"0";"100012604";"FOLHA DE PAGAMENTO";"45780103000150";"";"0";"PROPRIA";"31900151";"ADICIONAIS. VANTAGENS. GRATIFICAÇÕES E OUTROS COMP";"FOLHA DE PAGAMENTO";"28512.14";"2024";"L";"11/01/2024";"0";"01/01/2024";"31/01/2024";"7"
"UNIDADE DE GESTÃO DE ADMINIST. E GESTÃO DE PESSOAS";"9";"PREVIDÊNCIA SOCIAL";"271";"PREVIDÊNCIA BÁSICA";"2024";"1163";"";"0";"0";"100012604";"FOLHA DE PAGAMENTO";"45780103000150";"";"0";"PROPRIA";"31900151";"ADICIONAIS. VANTAGENS. GRATIFICAÇÕES E OUTROS COMP";"FOLHA DE PAGAMENTO";"834.91";"2024";"L";"11/01/2024";"0";"01/01/2024";"31/01/2024";"7"
"UNIDADE DE GESTÃO DE ADMINIST. E GESTÃO DE PESSOAS";"9";"PREVIDÊNCIA SOCIAL";"271";"PREVIDÊNCIA BÁSICA";"2024";"1164";"";"0";"0";"100012604";"FOLHA DE PAGAMENTO";"45780103000150";"";"0";"PROPRIA";"31900151";"ADICIONAIS. VANTAGENS. GRATIFICAÇÕES E OUTROS COMP";"FOLHA DE PAGAMENTO";"3455.82";"2024";"L";"11/01/2024";"0";"01/01/2024";"31/01/2024";"7"
"UNIDADE DE GESTÃO DE ADMINIST. E GESTÃO DE PESSOAS";"9";"PREVIDÊNCIA SOCIAL";"271";"PREVIDÊNCIA BÁSICA";"2024";"1165";"";"0";"0";"100012604";"FOLHA DE PAGAMENTO";"45780103000150";"";"0";"PROPRIA";"31900151";"ADICIONAIS. VANTAGENS. GRATIFICAÇÕES E OUTROS COMP";"FOLHA DE PAGAMENTO";"42206.66";"2024";"L";"11/01/2024";"0";"01/01/2024";"31/01/2024";"7"
"UNIDADE DE GESTÃO DE ADMINIST. E GESTÃO DE PESSOAS";"9";"PREVIDÊNCIA SOCIAL";"271";"PREVIDÊNCIA BÁSICA";"2024";"1166";"";"0";"0";"100012604";"FOLHA DE PAGAMENTO";"45780103000150";"";"0";"PROPRIA";"31900301";"PESSOAL CIVIL";"FOLHA DE PAGAMENTO";"34036.27";"2024";"L";"11/01/2024";"0";"01/01/2024";"31/01/2024";"7"
"UNIDADE DE GESTÃO DE ADMINIST. E GESTÃO DE PESSOAS";"9";"PREVIDÊNCIA SOCIAL";"271";"PREVIDÊNCIA BÁSICA";"2024";"1167";"";"0";"0";"100012604";"FOLHA DE PAGAMENTO";"45780103000150";"";"0";"PROPRIA";"31900301";"PESSOAL CIVIL";"FOLHA DE PAGAMENTO";"20371.33";"2024";"L";"11/01/2024";"0";"01/01/2024";"31/01/2024";"7"
"UNIDADE DE GESTÃO DE ADMINIST. E GESTÃO DE PESSOAS";"9";"PREVIDÊNCIA SOCIAL";"271";"PREVIDÊNCIA BÁSICA";"2024";"1168";"";"0";"0";"100012604";"FOLHA DE PAGAMENTO";"45780103000150";"";"0";"PROPRIA";"31900301";"PESSOAL CIVIL";"FOLHA DE PAGAMENTO";"2494.39";"2024";"L";"11/01/2024";"0";"01/01/2024";"31/01/2024";"7"
"UNIDADE DE GESTÃO DE ADMINIST. E GESTÃO DE PESSOAS";"9";"PREVIDÊNCIA SOCIAL";"271";"PREVIDÊNCIA BÁSICA";"2024";"1169";"";"0";"0";"100012604";"FOLHA DE PAGAMENTO";"45780103000150";"";"0";"PROPRIA";"31900351";"ADICIONAIS. VANTAGENS. GRATIFICAÇÕES E OUTROS COMP";"FOLHA DE PAGAMENTO";"71.72";"2024";"L";"11/01/2024";"0";"01/01/2024";"31/01/2024";"7"
"UNIDADE DE GESTÃO DE ADMINIST. E GESTÃO DE PESSOAS";"9";"PREVIDÊNCIA SOCIAL";"271";"PREVIDÊNCIA BÁSICA";"2024";"1170";"";"0";"0";"100012604";"FOLHA DE PAGAMENTO";"45780103000150";"";"0";"PROPRIA";"31900351";"ADICIONAIS. VANTAGENS. GRATIFICAÇÕES E OUTROS COMP";"FOLHA DE PAGAMENTO";"60.85";"2024";"L";"11/01/2024";"0";"01/01/2024";"31/01/2024";"7"
"UNIDADE DE GESTÃO DE ADMINIST. E GESTÃO DE PESSOAS";"9";"PREVIDÊNCIA SOCIAL";"271";"PREVIDÊNCIA BÁSICA";"2024";"1171";"";"0";"0";"100012604";"FOLHA DE PAGAMENTO";"45780103000150";"";"0";"PROPRIA";"31900351";"ADICIONAIS. VANTAGENS. GRATIFICAÇÕES E OUTROS COMP";"FOLHA DE PAGAMENTO";"12245.7";"2024";"L";"11/01/2024";"0";"01/01/2024";"31/01/2024";"7"
"UNIDADE DE GESTÃO DE ADMINIST. E GESTÃO DE PESSOAS";"9";"PREVIDÊNCIA SOCIAL";"271";"PREVIDÊNCIA BÁSICA";"2024";"1172";"";"0";"0";"100012604";"FOLHA DE PAGAMENTO";"45780103000150";"";"0";"PROPRIA";"31900101";"PROVENTOS - PESSOAL CIVIL";"FOLHA DE PAGAMENTO";"187360.17";"2024";"L";"11/01/2024";"0";"01/01/2024";"31/01/2024";"7"
"UNIDADE DE GESTÃO DE ADMINIST. E GESTÃO DE PESSOAS";"9";"PREVIDÊNCIA SOCIAL";"271";"PREVIDÊNCIA BÁSICA";"2024";"1173";"";"0";"0";"100012604";"FOLHA DE PAGAMENTO";"45780103000150";"";"0";"PROPRIA";"31900151";"ADICIONAIS. VANTAGENS. GRATIFICAÇÕES E OUTROS COMP";"FOLHA DE PAGAMENTO";"744.4";"2024";"L";"11/01/2024";"0";"01/01/2024";"31/01/2024";"7"
"UNIDADE DE GESTÃO DE ADMINIST. E GESTÃO DE PESSOAS";"9";"PREVIDÊNCIA SOCIAL";"271";"PREVIDÊNCIA BÁSICA";"2024";"1174";"";"0";"0";"100012604";"FOLHA DE PAGAMENTO";"45780103000150";"";"0";"PROPRIA";"31900151";"ADICIONAIS. VANTAGENS. GRATIFICAÇÕES E OUTROS COMP";"FOLHA DE PAGAMENTO";"63245.59";"2024";"L";"11/01/2024";"0";"01/01/2024";"31/01/2024";"7"
"UNIDADE DE GESTÃO DE ADMINIST. E GESTÃO DE PESSOAS";"9";"PREVIDÊNCIA SOCIAL";"271";"PREVIDÊNCIA BÁSICA";"2024";"1175";"";"0";"0";"100012604";"FOLHA DE PAGAMENTO";"45780103000150";"";"0";"PROPRIA";"31900301";"PESSOAL CIVIL";"FOLHA DE PAGAMENTO";"61038.37";"2024";"L";"11/01/2024";"0";"01/01/2024";"31/01/2024";"7"
"UNIDADE DE GESTÃO DE ADMINIST. E GESTÃO DE PESSOAS";"9";"PREVIDÊNCIA SOCIAL";"271";"PREVIDÊNCIA BÁSICA";"2024";"1176";"";"0";"0";"100012604";"FOLHA DE PAGAMENTO";"45780103000150";"";"0";"PROPRIA";"31900351";"ADICIONAIS. VANTAGENS. GRATIFICAÇÕES E OUTROS COMP";"FOLHA DE PAGAMENTO";"30289.46";"2024";"L";"11/01/2024";"0";"01/01/2024";"31/01/2024";"7"
"UNIDADE DE GESTÃO DE ADMINIST. E GESTÃO DE PESSOAS";"9";"PREVIDÊNCIA SOCIAL";"271";"PREVIDÊNCIA BÁSICA";"2024";"1177";"";"0";"0";"100012604";"FOLHA DE PAGAMENTO";"45780103000150";"";"0";"PROPRIA";"31900351";"ADICIONAIS. VANTAGENS. GRATIFICAÇÕES E OUTROS COMP";"FOLHA DE PAGAMENTO";"1566.9";"2024";"L";"11/01/2024";"0";"01/01/2024";"31/01/2024";"7"
"UNIDADE DE GESTÃO DE ADMINIST. E GESTÃO DE PESSOAS";"17";"SANEAMENTO";"122";"ADMINISTRAÇÃO GERAL";"2024";"1178";"";"0";"0";"100012604";"FOLHA DE PAGAMENTO";"45780103000150";"";"902";"RESTITUIÇÕES DAE S/A";"31901101";"VENCIMENTO E SALARIOS";"FOLHA DE PAGAMENTO";"232880.92";"2024";"L";"11/01/2024";"0";"01/01/2024";"31/01/2024";"7"
"UNIDADE DE GESTÃO DE ADMINIST. E GESTÃO DE PESSOAS";"17";"SANEAMENTO";"122";"ADMINISTRAÇÃO GERAL";"2024";"1179";"";"0";"0";"100012604";"FOLHA DE PAGAMENTO";"45780103000150";"";"902";"RESTITUIÇÕES DAE S/A";"31901101";"VENCIMENTO E SALARIOS";"FOLHA DE PAGAMENTO";"2448.15";"2024";"L";"11/01/2024";"0";"01/01/2024";"31/01/2024";"7"
"UNIDADE DE GESTÃO DE ADMINIST. E GESTÃO DE PESSOAS";"17";"SANEAMENTO";"122";"ADMINISTRAÇÃO GERAL";"2024";"1180";"";"0";"0";"100012604";"FOLHA DE PAGAMENTO";"45780103000150";"";"902";"RESTITUIÇÕES DAE S/A";"31901133";"GRATIFICACOES POR EXERCICIO DE  FUNCOES";"FOLHA DE PAGAMENTO";"10071.89";"2024";"L";"11/01/2024";"0";"01/01/2024";"31/01/2024";"7"
"UNIDADE DE GESTÃO DE ADMINIST. E GESTÃO DE PESSOAS";"17";"SANEAMENTO";"122";"ADMINISTRAÇÃO GERAL";"2024";"1181";"";"0";"0";"100012604";"FOLHA DE PAGAMENTO";"45780103000150";"";"902";"RESTITUIÇÕES DAE S/A";"31901137";"GRATIFICACOES POR TEMPO DE SERVICO";"FOLHA DE PAGAMENTO";"93280.47";"2024";"L";"11/01/2024";"0";"01/01/2024";"31/01/2024";"7"
"UNIDADE DE GESTÃO DE ADMINIST. E GESTÃO DE PESSOAS";"17";"SANEAMENTO";"122";"ADMINISTRAÇÃO GERAL";"2024";"1182";"";"0";"0";"100012604";"FOLHA DE PAGAMENTO";"45780103000150";"";"902";"RESTITUIÇÕES DAE S/A";"31901137";"GRATIFICACOES POR TEMPO DE SERVICO";"FOLHA DE PAGAMENTO";"856.85";"2024";"L";"11/01/2024";"0";"01/01/2024";"31/01/2024";"7"
"UNIDADE DE GESTÃO DE ADMINIST. E GESTÃO DE PESSOAS";"4";"ADMINISTRAÇÃO";"122";"ADMINISTRAÇÃO GERAL";"2024";"1183";"";"0";"0";"100012604";"FOLHA DE PAGAMENTO";"45780103000150";"";"0";"PROPRIA";"31901101";"VENCIMENTO E SALARIOS";"FOLHA DE PAGAMENTO";"15836.36";"2024";"L";"11/01/2024";"0";"01/01/2024";"31/01/2024";"7"
"UNIDADE DE GESTÃO DE ADMINIST. E GESTÃO DE PESSOAS";"4";"ADMINISTRAÇÃO";"122";"ADMINISTRAÇÃO GERAL";"2024";"1184";"";"0";"0";"100012604";"FOLHA DE PAGAMENTO";"45780103000150";"";"0";"PROPRIA";"31901101";"VENCIMENTO E SALARIOS";"FOLHA DE PAGAMENTO";"149152.8";"2024";"L";"11/01/2024";"0";"01/01/2024";"31/01/2024";"7"
"UNIDADE DE GESTÃO DE ADMINIST. E GESTÃO DE PESSOAS";"4";"ADMINISTRAÇÃO";"122";"ADMINISTRAÇÃO GERAL";"2024";"1185";"";"0";"0";"100012604";"FOLHA DE PAGAMENTO";"45780103000150";"";"0";"PROPRIA";"31901133";"GRATIFICACOES POR EXERCICIO DE  FUNCOES";"FOLHA DE PAGAMENTO";"7665.77";"2024";"L";"11/01/2024";"0";"01/01/2024";"31/01/2024";"7"
"UNIDADE DE GESTÃO DE ADMINIST. E GESTÃO DE PESSOAS";"4";"ADMINISTRAÇÃO";"122";"ADMINISTRAÇÃO GERAL";"2024";"1186";"";"0";"0";"100012604";"FOLHA DE PAGAMENTO";"45780103000150";"";"0";"PROPRIA";"31901133";"GRATIFICACOES POR EXERCICIO DE  FUNCOES";"FOLHA DE PAGAMENTO";"98.84";"2024";"L";"11/01/2024";"0";"01/01/2024";"31/01/2024";"7"
"UNIDADE DE GESTÃO DE ADMINIST. E GESTÃO DE PESSOAS";"4";"ADMINISTRAÇÃO";"122";"ADMINISTRAÇÃO GERAL";"2024";"1187";"";"0";"0";"100012604";"FOLHA DE PAGAMENTO";"45780103000150";"";"0";"PROPRIA";"31901137";"GRATIFICACOES POR TEMPO DE SERVICO";"FOLHA DE PAGAMENTO";"7508.96";"2024";"L";"11/01/2024";"0";"01/01/2024";"31/01/2024";"7"
"UNIDADE DE GESTÃO DE ADMINIST. E GESTÃO DE PESSOAS";"4";"ADMINISTRAÇÃO";"122";"ADMINISTRAÇÃO GERAL";"2024";"1188";"";"0";"0";"100012604";"FOLHA DE PAGAMENTO";"45780103000150";"";"0";"PROPRIA";"31901137";"GRATIFICACOES POR TEMPO DE SERVICO";"FOLHA DE PAGAMENTO";"28184.53";"2024";"L";"11/01/2024";"0";"01/01/2024";"31/01/2024";"7"
"UNIDADE DE GESTÃO DE GOVERNO E FINANÇAS";"4";"ADMINISTRAÇÃO";"122";"ADMINISTRAÇÃO GERAL";"2024";"1189";"";"0";"0";"100012604";"FOLHA DE PAGAMENTO";"45780103000150";"";"0";"PROPRIA";"31901101";"VENCIMENTO E SALARIOS";"FOLHA DE PAGAMENTO";"75698.16";"2024";"L";"11/01/2024";"0";"01/01/2024";"31/01/2024";"8"
"UNIDADE DE GESTÃO DE GOVERNO E FINANÇAS";"4";"ADMINISTRAÇÃO";"122";"ADMINISTRAÇÃO GERAL";"2024";"1190";"";"0";"0";"100012604";"FOLHA DE PAGAMENTO";"45780103000150";"";"0";"PROPRIA";"31901101";"VENCIMENTO E SALARIOS";"FOLHA DE PAGAMENTO";"29051.06";"2024";"L";"11/01/2024";"0";"01/01/2024";"31/01/2024";"8"
"UNIDADE DE GESTÃO DE GOVERNO E FINANÇAS";"4";"ADMINISTRAÇÃO";"122";"ADMINISTRAÇÃO GERAL";"2024";"1191";"";"0";"0";"100012604";"FOLHA DE PAGAMENTO";"45780103000150";"";"0";"PROPRIA";"31901101";"VENCIMENTO E SALARIOS";"FOLHA DE PAGAMENTO";"430254";"2024";"L";"11/01/2024";"0";"01/01/2024";"31/01/2024";"8"
"UNIDADE DE GESTÃO DE GOVERNO E FINANÇAS";"4";"ADMINISTRAÇÃO";"122";"ADMINISTRAÇÃO GERAL";"2024";"1192";"";"0";"0";"100012604";"FOLHA DE PAGAMENTO";"45780103000150";"";"0";"PROPRIA";"31901105";"INCORPORADOS";"FOLHA DE PAGAMENTO";"5227.42";"2024";"L";"11/01/2024";"0";"01/01/2024";"31/01/2024";"8"
"UNIDADE DE GESTÃO DE GOVERNO E FINANÇAS";"4";"ADMINISTRAÇÃO";"122";"ADMINISTRAÇÃO GERAL";"2024";"1193";"";"0";"0";"100012604";"FOLHA DE PAGAMENTO";"45780103000150";"";"0";"PROPRIA";"31901105";"INCORPORADOS";"FOLHA DE PAGAMENTO";"5592.06";"2024";"L";"11/01/2024";"0";"01/01/2024";"31/01/2024";"8"
"UNIDADE DE GESTÃO DE GOVERNO E FINANÇAS";"4";"ADMINISTRAÇÃO";"122";"ADMINISTRAÇÃO GERAL";"2024";"1194";"";"0";"0";"100012604";"FOLHA DE PAGAMENTO";"45780103000150";"";"0";"PROPRIA";"31901131";"GRATIFICACOES POR EXERCICIO DE  CARGO";"FOLHA DE PAGAMENTO";"5848.74";"2024";"L";"11/01/2024";"0";"01/01/2024";"31/01/2024";"8"
"UNIDADE DE GESTÃO DE GOVERNO E FINANÇAS";"4";"ADMINISTRAÇÃO";"122";"ADMINISTRAÇÃO GERAL";"2024";"1195";"";"0";"0";"100012604";"FOLHA DE PAGAMENTO";"45780103000150";"";"0";"PROPRIA";"31901133";"GRATIFICACOES POR EXERCICIO DE  FUNCOES";"FOLHA DE PAGAMENTO";"36244.14";"2024";"L";"11/01/2024";"0";"01/01/2024";"31/01/2024";"8"
"UNIDADE DE GESTÃO DE GOVERNO E FINANÇAS";"4";"ADMINISTRAÇÃO";"122";"ADMINISTRAÇÃO GERAL";"2024";"1196";"";"0";"0";"100012604";"FOLHA DE PAGAMENTO";"45780103000150";"";"0";"PROPRIA";"31901137";"GRATIFICACOES POR TEMPO DE SERVICO";"FOLHA DE PAGAMENTO";"71421.14";"2024";"L";"11/01/2024";"0";"01/01/2024";"31/01/2024";"8"
"UNIDADE DE GESTÃO DE GOVERNO E FINANÇAS";"4";"ADMINISTRAÇÃO";"122";"ADMINISTRAÇÃO GERAL";"2024";"1197";"";"0";"0";"100012604";"FOLHA DE PAGAMENTO";"45780103000150";"";"0";"PROPRIA";"31901137";"GRATIFICACOES POR TEMPO DE SERVICO";"FOLHA DE PAGAMENTO";"16647.54";"2024";"L";"11/01/2024";"0";"01/01/2024";"31/01/2024";"8"
"UNIDADE DE GESTÃO DE INFRAEST. E SERVIÇOS PÚBLICOS";"15";"URBANISMO";"122";"ADMINISTRAÇÃO GERAL";"2024";"1198";"";"0";"0";"100012604";"FOLHA DE PAGAMENTO";"45780103000150";"";"0";"PROPRIA";"31901101";"VENCIMENTO E SALARIOS";"FOLHA DE PAGAMENTO";"528342.49";"2024";"L";"11/01/2024";"0";"01/01/2024";"31/01/2024";"10"
"UNIDADE DE GESTÃO DE INFRAEST. E SERVIÇOS PÚBLICOS";"15";"URBANISMO";"122";"ADMINISTRAÇÃO GERAL";"2024";"1199";"";"0";"0";"100012604";"FOLHA DE PAGAMENTO";"45780103000150";"";"0";"PROPRIA";"31901101";"VENCIMENTO E SALARIOS";"FOLHA DE PAGAMENTO";"31825.41";"2024";"L";"11/01/2024";"0";"01/01/2024";"31/01/2024";"10"
"UNIDADE DE GESTÃO DE INFRAEST. E SERVIÇOS PÚBLICOS";"15";"URBANISMO";"122";"ADMINISTRAÇÃO GERAL";"2024";"1200";"";"0";"0";"100012604";"FOLHA DE PAGAMENTO";"45780103000150";"";"0";"PROPRIA";"31901101";"VENCIMENTO E SALARIOS";"FOLHA DE PAGAMENTO";"99599.67";"2024";"L";"11/01/2024";"0";"01/01/2024";"31/01/2024";"10"
"UNIDADE DE GESTÃO DE INFRAEST. E SERVIÇOS PÚBLICOS";"15";"URBANISMO";"122";"ADMINISTRAÇÃO GERAL";"2024";"1201";"";"0";"0";"100012604";"FOLHA DE PAGAMENTO";"45780103000150";"";"0";"PROPRIA";"31901131";"GRATIFICACOES POR EXERCICIO DE  CARGO";"FOLHA DE PAGAMENTO";"1949.58";"2024";"L";"11/01/2024";"0";"01/01/2024";"31/01/2024";"10"
"UNIDADE DE GESTÃO DE INFRAEST. E SERVIÇOS PÚBLICOS";"15";"URBANISMO";"122";"ADMINISTRAÇÃO GERAL";"2024";"1202";"";"0";"0";"100012604";"FOLHA DE PAGAMENTO";"45780103000150";"";"0";"PROPRIA";"31901133";"GRATIFICACOES POR EXERCICIO DE  FUNCOES";"FOLHA DE PAGAMENTO";"45595.32";"2024";"L";"11/01/2024";"0";"01/01/2024";"31/01/2024";"10"
"UNIDADE DE GESTÃO DE INFRAEST. E SERVIÇOS PÚBLICOS";"15";"URBANISMO";"122";"ADMINISTRAÇÃO GERAL";"2024";"1203";"";"0";"0";"100012604";"FOLHA DE PAGAMENTO";"45780103000150";"";"0";"PROPRIA";"31901133";"GRATIFICACOES POR EXERCICIO DE  FUNCOES";"FOLHA DE PAGAMENTO";"1599.26";"2024";"L";"11/01/2024";"0";"01/01/2024";"31/01/2024";"10"
"UNIDADE DE GESTÃO DE INFRAEST. E SERVIÇOS PÚBLICOS";"15";"URBANISMO";"122";"ADMINISTRAÇÃO GERAL";"2024";"1204";"";"0";"0";"100012604";"FOLHA DE PAGAMENTO";"45780103000150";"";"0";"PROPRIA";"31901137";"GRATIFICACOES POR TEMPO DE SERVICO";"FOLHA DE PAGAMENTO";"14283.5";"2024";"L";"11/01/2024";"0";"01/01/2024";"31/01/2024";"10"
"UNIDADE DE GESTÃO DE INFRAEST. E SERVIÇOS PÚBLICOS";"15";"URBANISMO";"122";"ADMINISTRAÇÃO GERAL";"2024";"1205";"";"0";"0";"100012604";"FOLHA DE PAGAMENTO";"45780103000150";"";"0";"PROPRIA";"31901137";"GRATIFICACOES POR TEMPO DE SERVICO";"FOLHA DE PAGAMENTO";"114275.71";"2024";"L";"11/01/2024";"0";"01/01/2024";"31/01/2024";"10"
"UNIDADE DE GESTÃO DE INFRAEST. E SERVIÇOS PÚBLICOS";"15";"URBANISMO";"122";"ADMINISTRAÇÃO GERAL";"2024";"1206";"";"0";"0";"100012604";"FOLHA DE PAGAMENTO";"45780103000150";"";"0";"PROPRIA";"31901632";"SUBSTITUIÇÕES  RPPS";"FOLHA DE PAGAMENTO";"4985.22";"2024";"L";"11/01/2024";"0";"01/01/2024";"31/01/2024";"10"
"UNIDADE GESTÃO DE PLANEJ. URBANO E MEIO AMBIENTE";"18";"GESTÃO AMBIENTAL";"122";"ADMINISTRAÇÃO GERAL";"2024";"1207";"";"0";"0";"100012604";"FOLHA DE PAGAMENTO";"45780103000150";"";"0";"PROPRIA";"31901101";"VENCIMENTO E SALARIOS";"FOLHA DE PAGAMENTO";"28169.13";"2024";"L";"11/01/2024";"0";"01/01/2024";"31/01/2024";"11"
"UNIDADE GESTÃO DE PLANEJ. URBANO E MEIO AMBIENTE";"18";"GESTÃO AMBIENTAL";"122";"ADMINISTRAÇÃO GERAL";"2024";"1208";"";"0";"0";"100012604";"FOLHA DE PAGAMENTO";"45780103000150";"";"0";"PROPRIA";"31901101";"VENCIMENTO E SALARIOS";"FOLHA DE PAGAMENTO";"268193.91";"2024";"L";"11/01/2024";"0";"01/01/2024";"31/01/2024";"11"
"UNIDADE GESTÃO DE PLANEJ. URBANO E MEIO AMBIENTE";"18";"GESTÃO AMBIENTAL";"122";"ADMINISTRAÇÃO GERAL";"2024";"1209";"";"0";"0";"100012604";"FOLHA DE PAGAMENTO";"45780103000150";"";"0";"PROPRIA";"31901101";"VENCIMENTO E SALARIOS";"FOLHA DE PAGAMENTO";"15399.63";"2024";"L";"11/01/2024";"0";"01/01/2024";"31/01/2024";"11"
"UNIDADE GESTÃO DE PLANEJ. URBANO E MEIO AMBIENTE";"18";"GESTÃO AMBIENTAL";"122";"ADMINISTRAÇÃO GERAL";"2024";"1210";"";"0";"0";"100012604";"FOLHA DE PAGAMENTO";"45780103000150";"";"0";"PROPRIA";"31901133";"GRATIFICACOES POR EXERCICIO DE  FUNCOES";"FOLHA DE PAGAMENTO";"18326.52";"2024";"L";"11/01/2024";"0";"01/01/2024";"31/01/2024";"11"
"UNIDADE GESTÃO DE PLANEJ. URBANO E MEIO AMBIENTE";"18";"GESTÃO AMBIENTAL";"122";"ADMINISTRAÇÃO GERAL";"2024";"1211";"";"0";"0";"100012604";"FOLHA DE PAGAMENTO";"45780103000150";"";"0";"PROPRIA";"31901133";"GRATIFICACOES POR EXERCICIO DE  FUNCOES";"FOLHA DE PAGAMENTO";"2450.97";"2024";"L";"11/01/2024";"0";"01/01/2024";"31/01/2024";"11"
"UNIDADE GESTÃO DE PLANEJ. URBANO E MEIO AMBIENTE";"18";"GESTÃO AMBIENTAL";"122";"ADMINISTRAÇÃO GERAL";"2024";"1212";"";"0";"0";"100012604";"FOLHA DE PAGAMENTO";"45780103000150";"";"0";"PROPRIA";"31901137";"GRATIFICACOES POR TEMPO DE SERVICO";"FOLHA DE PAGAMENTO";"39162.6";"2024";"L";"11/01/2024";"0";"01/01/2024";"31/01/2024";"11"
"UNIDADE GESTÃO DE PLANEJ. URBANO E MEIO AMBIENTE";"18";"GESTÃO AMBIENTAL";"122";"ADMINISTRAÇÃO GERAL";"2024";"1213";"";"0";"0";"100012604";"FOLHA DE PAGAMENTO";"45780103000150";"";"0";"PROPRIA";"31901137";"GRATIFICACOES POR TEMPO DE SERVICO";"FOLHA DE PAGAMENTO";"7876.93";"2024";"L";"11/01/2024";"0";"01/01/2024";"31/01/2024";"11"
"UNIDADE DE GESTÃO DE MOBILIDADE E TRANSPORTE";"15";"URBANISMO";"122";"ADMINISTRAÇÃO GERAL";"2024";"1214";"";"0";"0";"100012604";"FOLHA DE PAGAMENTO";"45780103000150";"";"0";"PROPRIA";"31901101";"VENCIMENTO E SALARIOS";"FOLHA DE PAGAMENTO";"444556.76";"2024";"L";"11/01/2024";"0";"01/01/2024";"31/01/2024";"12"
"UNIDADE DE GESTÃO DE MOBILIDADE E TRANSPORTE";"15";"URBANISMO";"122";"ADMINISTRAÇÃO GERAL";"2024";"1215";"";"0";"0";"100012604";"FOLHA DE PAGAMENTO";"45780103000150";"";"0";"PROPRIA";"31901101";"VENCIMENTO E SALARIOS";"FOLHA DE PAGAMENTO";"16917.81";"2024";"L";"11/01/2024";"0";"01/01/2024";"31/01/2024";"12"
"UNIDADE DE GESTÃO DE MOBILIDADE E TRANSPORTE";"15";"URBANISMO";"122";"ADMINISTRAÇÃO GERAL";"2024";"1216";"";"0";"0";"100012604";"FOLHA DE PAGAMENTO";"45780103000150";"";"0";"PROPRIA";"31901101";"VENCIMENTO E SALARIOS";"FOLHA DE PAGAMENTO";"23026.46";"2024";"L";"11/01/2024";"0";"01/01/2024";"31/01/2024";"12"
"UNIDADE DE GESTÃO DE MOBILIDADE E TRANSPORTE";"15";"URBANISMO";"122";"ADMINISTRAÇÃO GERAL";"2024";"1217";"";"0";"0";"100012604";"FOLHA DE PAGAMENTO";"45780103000150";"";"0";"PROPRIA";"31901131";"GRATIFICACOES POR EXERCICIO DE  CARGO";"FOLHA DE PAGAMENTO";"3003.62";"2024";"L";"11/01/2024";"0";"01/01/2024";"31/01/2024";"12"
"UNIDADE DE GESTÃO DE MOBILIDADE E TRANSPORTE";"15";"URBANISMO";"122";"ADMINISTRAÇÃO GERAL";"2024";"1218";"";"0";"0";"100012604";"FOLHA DE PAGAMENTO";"45780103000150";"";"0";"PROPRIA";"31901133";"GRATIFICACOES POR EXERCICIO DE  FUNCOES";"FOLHA DE PAGAMENTO";"1341.62";"2024";"L";"11/01/2024";"0";"01/01/2024";"31/01/2024";"12"
"UNIDADE DE GESTÃO DE MOBILIDADE E TRANSPORTE";"15";"URBANISMO";"122";"ADMINISTRAÇÃO GERAL";"2024";"1219";"";"0";"0";"100012604";"FOLHA DE PAGAMENTO";"45780103000150";"";"0";"PROPRIA";"31901133";"GRATIFICACOES POR EXERCICIO DE  FUNCOES";"FOLHA DE PAGAMENTO";"89642.95";"2024";"L";"11/01/2024";"0";"01/01/2024";"31/01/2024";"12"
"UNIDADE DE GESTÃO DE MOBILIDADE E TRANSPORTE";"15";"URBANISMO";"122";"ADMINISTRAÇÃO GERAL";"2024";"1220";"";"0";"0";"100012604";"FOLHA DE PAGAMENTO";"45780103000150";"";"0";"PROPRIA";"31901137";"GRATIFICACOES POR TEMPO DE SERVICO";"FOLHA DE PAGAMENTO";"98519.95";"2024";"L";"11/01/2024";"0";"01/01/2024";"31/01/2024";"12"
"UNIDADE DE GESTÃO DE MOBILIDADE E TRANSPORTE";"15";"URBANISMO";"122";"ADMINISTRAÇÃO GERAL";"2024";"1221";"";"0";"0";"100012604";"FOLHA DE PAGAMENTO";"45780103000150";"";"0";"PROPRIA";"31901137";"GRATIFICACOES POR TEMPO DE SERVICO";"FOLHA DE PAGAMENTO";"10971.2";"2024";"L";"11/01/2024";"0";"01/01/2024";"31/01/2024";"12"
"UNIDADE DE GESTÃO DE MOBILIDADE E TRANSPORTE";"15";"URBANISMO";"122";"ADMINISTRAÇÃO GERAL";"2024";"1222";"";"0";"0";"100012604";"FOLHA DE PAGAMENTO";"45780103000150";"";"0";"PROPRIA";"31901632";"SUBSTITUIÇÕES  RPPS";"FOLHA DE PAGAMENTO";"4761.53";"2024";"L";"11/01/2024";"0";"01/01/2024";"31/01/2024";"12"
"UNIDADE DE GESTÃO DE EDUCAÇÃO";"12";"EDUCAÇÃO";"365";"EDUCAÇÃO INFANTIL";"2024";"1223";"";"0";"0";"100012604";"FOLHA DE PAGAMENTO";"45780103000150";"";"0";"PROPRIA";"31901101";"VENCIMENTO E SALARIOS";"FOLHA DE PAGAMENTO";"5895.42";"2024";"L";"11/01/2024";"0";"01/01/2024";"31/01/2024";"13"
"UNIDADE DE GESTÃO DE EDUCAÇÃO";"12";"EDUCAÇÃO";"365";"EDUCAÇÃO INFANTIL";"2024";"1224";"";"0";"0";"100012604";"FOLHA DE PAGAMENTO";"45780103000150";"";"0";"PROPRIA";"31901137";"GRATIFICACOES POR TEMPO DE SERVICO";"FOLHA DE PAGAMENTO";"528.27";"2024";"L";"11/01/2024";"0";"01/01/2024";"31/01/2024";"13"
"UNIDADE DE GESTÃO DE EDUCAÇÃO";"12";"EDUCAÇÃO";"365";"EDUCAÇÃO INFANTIL";"2024";"1225";"";"0";"0";"100012604";"FOLHA DE PAGAMENTO";"45780103000150";"";"0";"PROPRIA";"31901101";"VENCIMENTO E SALARIOS";"FOLHA DE PAGAMENTO";"3208.57";"2024";"L";"11/01/2024";"0";"01/01/2024";"31/01/2024";"13"
"UNIDADE DE GESTÃO DE EDUCAÇÃO";"12";"EDUCAÇÃO";"365";"EDUCAÇÃO INFANTIL";"2024";"1226";"";"0";"0";"100012604";"FOLHA DE PAGAMENTO";"45780103000150";"";"0";"PROPRIA";"31901137";"GRATIFICACOES POR TEMPO DE SERVICO";"FOLHA DE PAGAMENTO";"204.48";"2024";"L";"11/01/2024";"0";"01/01/2024";"31/01/2024";"13"
"UNIDADE DE GESTÃO DE EDUCAÇÃO";"12";"EDUCAÇÃO";"361";"ENSINO FUNDAMENTAL";"2024";"1227";"";"0";"0";"100012604";"FOLHA DE PAGAMENTO";"45780103000150";"";"0";"PROPRIA";"31901101";"VENCIMENTO E SALARIOS";"FOLHA DE PAGAMENTO";"35263.38";"2024";"L";"11/01/2024";"0";"01/01/2024";"31/01/2024";"13"
"UNIDADE DE GESTÃO DE EDUCAÇÃO";"12";"EDUCAÇÃO";"361";"ENSINO FUNDAMENTAL";"2024";"1228";"";"0";"0";"100012604";"FOLHA DE PAGAMENTO";"45780103000150";"";"0";"PROPRIA";"31901137";"GRATIFICACOES POR TEMPO DE SERVICO";"FOLHA DE PAGAMENTO";"8404.12";"2024";"L";"11/01/2024";"0";"01/01/2024";"31/01/2024";"13"
"UNIDADE DE GESTÃO DE EDUCAÇÃO";"12";"EDUCAÇÃO";"361";"ENSINO FUNDAMENTAL";"2024";"1229";"";"0";"0";"100012604";"FOLHA DE PAGAMENTO";"45780103000150";"";"0";"PROPRIA";"31901101";"VENCIMENTO E SALARIOS";"FOLHA DE PAGAMENTO";"4474.3";"2024";"L";"11/01/2024";"0";"01/01/2024";"31/01/2024";"13"
"UNIDADE DE GESTÃO DE EDUCAÇÃO";"12";"EDUCAÇÃO";"361";"ENSINO FUNDAMENTAL";"2024";"1230";"";"0";"0";"100012604";"FOLHA DE PAGAMENTO";"45780103000150";"";"0";"PROPRIA";"31901133";"GRATIFICACOES POR EXERCICIO DE  FUNCOES";"FOLHA DE PAGAMENTO";"122.74";"2024";"L";"11/01/2024";"0";"01/01/2024";"31/01/2024";"13"
"UNIDADE DE GESTÃO DE EDUCAÇÃO";"12";"EDUCAÇÃO";"361";"ENSINO FUNDAMENTAL";"2024";"1231";"";"0";"0";"100012604";"FOLHA DE PAGAMENTO";"45780103000150";"";"0";"PROPRIA";"31901137";"GRATIFICACOES POR TEMPO DE SERVICO";"FOLHA DE PAGAMENTO";"122.74";"2024";"L";"11/01/2024";"0";"01/01/2024";"31/01/2024";"13"
"UNIDADE DE GESTÃO DE EDUCAÇÃO";"12";"EDUCAÇÃO";"361";"ENSINO FUNDAMENTAL";"2024";"1232";"";"0";"0";"100012604";"FOLHA DE PAGAMENTO";"45780103000150";"";"0";"PROPRIA";"31900411";"SALÁRIOS - CONTRATO TEMPORÁRIO";"FOLHA DE PAGAMENTO";"2019.54";"2024";"L";"11/01/2024";"0";"01/01/2024";"31/01/2024";"13"
"UNIDADE DE GESTÃO DE EDUCAÇÃO";"12";"EDUCAÇÃO";"361";"ENSINO FUNDAMENTAL";"2024";"1233";"";"0";"0";"100012604";"FOLHA DE PAGAMENTO";"45780103000150";"";"0";"PROPRIA";"31901101";"VENCIMENTO E SALARIOS";"FOLHA DE PAGAMENTO";"497251.19";"2024";"L";"11/01/2024";"0";"01/01/2024";"31/01/2024";"13"
"UNIDADE DE GESTÃO DE EDUCAÇÃO";"12";"EDUCAÇÃO";"361";"ENSINO FUNDAMENTAL";"2024";"1234";"";"0";"0";"100012604";"FOLHA DE PAGAMENTO";"45780103000150";"";"0";"PROPRIA";"31901131";"GRATIFICACOES POR EXERCICIO DE  CARGO";"FOLHA DE PAGAMENTO";"3899.16";"2024";"L";"11/01/2024";"0";"01/01/2024";"31/01/2024";"13"
"UNIDADE DE GESTÃO DE EDUCAÇÃO";"12";"EDUCAÇÃO";"361";"ENSINO FUNDAMENTAL";"2024";"1235";"";"0";"0";"100012604";"FOLHA DE PAGAMENTO";"45780103000150";"";"0";"PROPRIA";"31901133";"GRATIFICACOES POR EXERCICIO DE  FUNCOES";"FOLHA DE PAGAMENTO";"21855.8";"2024";"L";"11/01/2024";"0";"01/01/2024";"31/01/2024";"13"
"UNIDADE DE GESTÃO DE EDUCAÇÃO";"12";"EDUCAÇÃO";"361";"ENSINO FUNDAMENTAL";"2024";"1236";"";"0";"0";"100012604";"FOLHA DE PAGAMENTO";"45780103000150";"";"0";"PROPRIA";"31901137";"GRATIFICACOES POR TEMPO DE SERVICO";"FOLHA DE PAGAMENTO";"47972.9";"2024";"L";"11/01/2024";"0";"01/01/2024";"31/01/2024";"13"
"UNIDADE DE GESTÃO DE EDUCAÇÃO";"12";"EDUCAÇÃO";"361";"ENSINO FUNDAMENTAL";"2024";"1237";"";"0";"0";"100012604";"FOLHA DE PAGAMENTO";"45780103000150";"";"5203";"FUNDO MANUT.DES.ED.BÁSICA E VALOR.PROF.MAG.-FUNDEB";"31901101";"VENCIMENTO E SALARIOS";"FOLHA DE PAGAMENTO";"257102.03";"2024";"L";"11/01/2024";"0";"01/01/2024";"31/01/2024";"13"
"UNIDADE DE GESTÃO DE EDUCAÇÃO";"12";"EDUCAÇÃO";"361";"ENSINO FUNDAMENTAL";"2024";"1238";"";"0";"0";"100012604";"FOLHA DE PAGAMENTO";"45780103000150";"";"5203";"FUNDO MANUT.DES.ED.BÁSICA E VALOR.PROF.MAG.-FUNDEB";"31901133";"GRATIFICACOES POR EXERCICIO DE  FUNCOES";"FOLHA DE PAGAMENTO";"9006.53";"2024";"L";"11/01/2024";"0";"01/01/2024";"31/01/2024";"13"
"UNIDADE DE GESTÃO DE EDUCAÇÃO";"12";"EDUCAÇÃO";"361";"ENSINO FUNDAMENTAL";"2024";"1239";"";"0";"0";"100012604";"FOLHA DE PAGAMENTO";"45780103000150";"";"5203";"FUNDO MANUT.DES.ED.BÁSICA E VALOR.PROF.MAG.-FUNDEB";"31901137";"GRATIFICACOES POR TEMPO DE SERVICO";"FOLHA DE PAGAMENTO";"21158.2";"2024";"L";"11/01/2024";"0";"01/01/2024";"31/01/2024";"13"
"UNIDADE DE GESTÃO DE EDUCAÇÃO";"12";"EDUCAÇÃO";"361";"ENSINO FUNDAMENTAL";"2024";"1240";"";"0";"0";"100012604";"FOLHA DE PAGAMENTO";"45780103000150";"";"0";"PROPRIA";"31901632";"SUBSTITUIÇÕES  RPPS";"FOLHA DE PAGAMENTO";"1740.98";"2024";"L";"11/01/2024";"0";"01/01/2024";"31/01/2024";"13"
"UNIDADE DE GESTÃO DE EDUCAÇÃO";"12";"EDUCAÇÃO";"365";"EDUCAÇÃO INFANTIL";"2024";"1241";"";"0";"0";"100012604";"FOLHA DE PAGAMENTO";"45780103000150";"";"0";"PROPRIA";"31900411";"SALÁRIOS - CONTRATO TEMPORÁRIO";"FOLHA DE PAGAMENTO";"2019.54";"2024";"L";"11/01/2024";"0";"01/01/2024";"31/01/2024";"13"
"UNIDADE DE GESTÃO DE EDUCAÇÃO";"12";"EDUCAÇÃO";"365";"EDUCAÇÃO INFANTIL";"2024";"1242";"";"0";"0";"100012604";"FOLHA DE PAGAMENTO";"45780103000150";"";"0";"PROPRIA";"31901101";"VENCIMENTO E SALARIOS";"FOLHA DE PAGAMENTO";"233394.83";"2024";"L";"11/01/2024";"0";"01/01/2024";"31/01/2024";"13"
"UNIDADE DE GESTÃO DE EDUCAÇÃO";"12";"EDUCAÇÃO";"365";"EDUCAÇÃO INFANTIL";"2024";"1243";"";"0";"0";"100012604";"FOLHA DE PAGAMENTO";"45780103000150";"";"0";"PROPRIA";"31901133";"GRATIFICACOES POR EXERCICIO DE  FUNCOES";"FOLHA DE PAGAMENTO";"13653.38";"2024";"L";"11/01/2024";"0";"01/01/2024";"31/01/2024";"13"
"UNIDADE DE GESTÃO DE EDUCAÇÃO";"12";"EDUCAÇÃO";"365";"EDUCAÇÃO INFANTIL";"2024";"1244";"";"0";"0";"100012604";"FOLHA DE PAGAMENTO";"45780103000150";"";"0";"PROPRIA";"31901137";"GRATIFICACOES POR TEMPO DE SERVICO";"FOLHA DE PAGAMENTO";"28979.27";"2024";"L";"11/01/2024";"0";"01/01/2024";"31/01/2024";"13"
"UNIDADE DE GESTÃO DE EDUCAÇÃO";"12";"EDUCAÇÃO";"365";"EDUCAÇÃO INFANTIL";"2024";"1245";"";"0";"0";"100012604";"FOLHA DE PAGAMENTO";"45780103000150";"";"0";"PROPRIA";"31900411";"SALÁRIOS - CONTRATO TEMPORÁRIO";"FOLHA DE PAGAMENTO";"2019.54";"2024";"L";"11/01/2024";"0";"01/01/2024";"31/01/2024";"13"
"UNIDADE DE GESTÃO DE EDUCAÇÃO";"12";"EDUCAÇÃO";"365";"EDUCAÇÃO INFANTIL";"2024";"1246";"";"0";"0";"100012604";"FOLHA DE PAGAMENTO";"45780103000150";"";"0";"PROPRIA";"31901101";"VENCIMENTO E SALARIOS";"FOLHA DE PAGAMENTO";"168873.39";"2024";"L";"11/01/2024";"0";"01/01/2024";"31/01/2024";"13"
"UNIDADE DE GESTÃO DE EDUCAÇÃO";"12";"EDUCAÇÃO";"365";"EDUCAÇÃO INFANTIL";"2024";"1247";"";"0";"0";"100012604";"FOLHA DE PAGAMENTO";"45780103000150";"";"0";"PROPRIA";"31901133";"GRATIFICACOES POR EXERCICIO DE  FUNCOES";"FOLHA DE PAGAMENTO";"10478.32";"2024";"L";"11/01/2024";"0";"01/01/2024";"31/01/2024";"13"
"UNIDADE DE GESTÃO DE EDUCAÇÃO";"12";"EDUCAÇÃO";"365";"EDUCAÇÃO INFANTIL";"2024";"1248";"";"0";"0";"100012604";"FOLHA DE PAGAMENTO";"45780103000150";"";"0";"PROPRIA";"31901137";"GRATIFICACOES POR TEMPO DE SERVICO";"FOLHA DE PAGAMENTO";"17705";"2024";"L";"11/01/2024";"0";"01/01/2024";"31/01/2024";"13"
"UNIDADE DE GESTÃO DE EDUCAÇÃO";"12";"EDUCAÇÃO";"365";"EDUCAÇÃO INFANTIL";"2024";"1249";"";"0";"0";"100012604";"FOLHA DE PAGAMENTO";"45780103000150";"";"5203";"FUNDO MANUT.DES.ED.BÁSICA E VALOR.PROF.MAG.-FUNDEB";"31901101";"VENCIMENTO E SALARIOS";"FOLHA DE PAGAMENTO";"66893.09";"2024";"L";"11/01/2024";"0";"01/01/2024";"31/01/2024";"13"
"UNIDADE DE GESTÃO DE EDUCAÇÃO";"12";"EDUCAÇÃO";"365";"EDUCAÇÃO INFANTIL";"2024";"1250";"";"0";"0";"100012604";"FOLHA DE PAGAMENTO";"45780103000150";"";"5203";"FUNDO MANUT.DES.ED.BÁSICA E VALOR.PROF.MAG.-FUNDEB";"31901133";"GRATIFICACOES POR EXERCICIO DE  FUNCOES";"FOLHA DE PAGAMENTO";"2704.95";"2024";"L";"11/01/2024";"0";"01/01/2024";"31/01/2024";"13"
"UNIDADE DE GESTÃO DE EDUCAÇÃO";"12";"EDUCAÇÃO";"365";"EDUCAÇÃO INFANTIL";"2024";"1251";"";"0";"0";"100012604";"FOLHA DE PAGAMENTO";"45780103000150";"";"5203";"FUNDO MANUT.DES.ED.BÁSICA E VALOR.PROF.MAG.-FUNDEB";"31901137";"GRATIFICACOES POR TEMPO DE SERVICO";"FOLHA DE PAGAMENTO";"4185.28";"2024";"L";"11/01/2024";"0";"01/01/2024";"31/01/2024";"13"
"UNIDADE DE GESTÃO DE EDUCAÇÃO";"12";"EDUCAÇÃO";"361";"ENSINO FUNDAMENTAL";"2024";"1252";"";"0";"0";"100012604";"FOLHA DE PAGAMENTO";"45780103000150";"";"0";"PROPRIA";"31901101";"VENCIMENTO E SALARIOS";"FOLHA DE PAGAMENTO";"38823.12";"2024";"L";"11/01/2024";"0";"01/01/2024";"31/01/2024";"13"
"UNIDADE DE GESTÃO DE EDUCAÇÃO";"12";"EDUCAÇÃO";"361";"ENSINO FUNDAMENTAL";"2024";"1253";"";"0";"0";"100012604";"FOLHA DE PAGAMENTO";"45780103000150";"";"0";"PROPRIA";"31901101";"VENCIMENTO E SALARIOS";"FOLHA DE PAGAMENTO";"129650.3";"2024";"L";"11/01/2024";"0";"01/01/2024";"31/01/2024";"13"
"UNIDADE DE GESTÃO DE EDUCAÇÃO";"12";"EDUCAÇÃO";"361";"ENSINO FUNDAMENTAL";"2024";"1254";"";"0";"0";"100012604";"FOLHA DE PAGAMENTO";"45780103000150";"";"0";"PROPRIA";"31901101";"VENCIMENTO E SALARIOS";"FOLHA DE PAGAMENTO";"5934.87";"2024";"L";"11/01/2024";"0";"01/01/2024";"31/01/2024";"13"
"UNIDADE DE GESTÃO DE EDUCAÇÃO";"12";"EDUCAÇÃO";"361";"ENSINO FUNDAMENTAL";"2024";"1255";"";"0";"0";"100012604";"FOLHA DE PAGAMENTO";"45780103000150";"";"0";"PROPRIA";"31901105";"INCORPORADOS";"FOLHA DE PAGAMENTO";"631.61";"2024";"L";"11/01/2024";"0";"01/01/2024";"31/01/2024";"13"
"UNIDADE DE GESTÃO DE EDUCAÇÃO";"12";"EDUCAÇÃO";"361";"ENSINO FUNDAMENTAL";"2024";"1256";"";"0";"0";"100012604";"FOLHA DE PAGAMENTO";"45780103000150";"";"0";"PROPRIA";"31901133";"GRATIFICACOES POR EXERCICIO DE  FUNCOES";"FOLHA DE PAGAMENTO";"9060.03";"2024";"L";"11/01/2024";"0";"01/01/2024";"31/01/2024";"13"
"UNIDADE DE GESTÃO DE EDUCAÇÃO";"12";"EDUCAÇÃO";"361";"ENSINO FUNDAMENTAL";"2024";"1257";"";"0";"0";"100012604";"FOLHA DE PAGAMENTO";"45780103000150";"";"0";"PROPRIA";"31901137";"GRATIFICACOES POR TEMPO DE SERVICO";"FOLHA DE PAGAMENTO";"2611.98";"2024";"L";"11/01/2024";"0";"01/01/2024";"31/01/2024";"13"
"UNIDADE DE GESTÃO DE EDUCAÇÃO";"12";"EDUCAÇÃO";"361";"ENSINO FUNDAMENTAL";"2024";"1258";"";"0";"0";"100012604";"FOLHA DE PAGAMENTO";"45780103000150";"";"0";"PROPRIA";"31901137";"GRATIFICACOES POR TEMPO DE SERVICO";"FOLHA DE PAGAMENTO";"11114.87";"2024";"L";"11/01/2024";"0";"01/01/2024";"31/01/2024";"13"
"UNIDADE DE GESTÃO DE EDUCAÇÃO";"12";"EDUCAÇÃO";"361";"ENSINO FUNDAMENTAL";"2024";"1259";"";"0";"0";"100012604";"FOLHA DE PAGAMENTO";"45780103000150";"";"0";"PROPRIA";"31901632";"SUBSTITUIÇÕES  RPPS";"FOLHA DE PAGAMENTO";"2981.42";"2024";"L";"11/01/2024";"0";"01/01/2024";"31/01/2024";"13"
"UNIDADE DE GESTÃO DE EDUCAÇÃO";"12";"EDUCAÇÃO";"366";"EDUCAÇÃO DE JOVENS E ADULTOS";"2024";"1260";"";"0";"0";"100012604";"FOLHA DE PAGAMENTO";"45780103000150";"";"0";"PROPRIA";"31901101";"VENCIMENTO E SALARIOS";"FOLHA DE PAGAMENTO";"7260.79";"2024";"L";"11/01/2024";"0";"01/01/2024";"31/01/2024";"13"
"UNIDADE DE GESTÃO DE EDUCAÇÃO";"12";"EDUCAÇÃO";"366";"EDUCAÇÃO DE JOVENS E ADULTOS";"2024";"1261";"";"0";"0";"100012604";"FOLHA DE PAGAMENTO";"45780103000150";"";"0";"PROPRIA";"31901133";"GRATIFICACOES POR EXERCICIO DE  FUNCOES";"FOLHA DE PAGAMENTO";"1044.32";"2024";"L";"11/01/2024";"0";"01/01/2024";"31/01/2024";"13"
"UNIDADE DE GESTÃO DE EDUCAÇÃO";"12";"EDUCAÇÃO";"366";"EDUCAÇÃO DE JOVENS E ADULTOS";"2024";"1262";"";"0";"0";"100012604";"FOLHA DE PAGAMENTO";"45780103000150";"";"0";"PROPRIA";"31901137";"GRATIFICACOES POR TEMPO DE SERVICO";"FOLHA DE PAGAMENTO";"895.14";"2024";"L";"11/01/2024";"0";"01/01/2024";"31/01/2024";"13"
"UNIDADE DE GESTÃO DE EDUCAÇÃO";"12";"EDUCAÇÃO";"365";"EDUCAÇÃO INFANTIL";"2024";"1263";"";"0";"0";"100012604";"FOLHA DE PAGAMENTO";"45780103000150";"";"0";"PROPRIA";"31901101";"VENCIMENTO E SALARIOS";"FOLHA DE PAGAMENTO";"70129.9";"2024";"L";"11/01/2024";"0";"01/01/2024";"31/01/2024";"13"
"UNIDADE DE GESTÃO DE EDUCAÇÃO";"12";"EDUCAÇÃO";"365";"EDUCAÇÃO INFANTIL";"2024";"1264";"";"0";"0";"100012604";"FOLHA DE PAGAMENTO";"45780103000150";"";"0";"PROPRIA";"31901133";"GRATIFICACOES POR EXERCICIO DE  FUNCOES";"FOLHA DE PAGAMENTO";"469.4";"2024";"L";"11/01/2024";"0";"01/01/2024";"31/01/2024";"13"
"UNIDADE DE GESTÃO DE EDUCAÇÃO";"12";"EDUCAÇÃO";"365";"EDUCAÇÃO INFANTIL";"2024";"1265";"";"0";"0";"100012604";"FOLHA DE PAGAMENTO";"45780103000150";"";"0";"PROPRIA";"31901137";"GRATIFICACOES POR TEMPO DE SERVICO";"FOLHA DE PAGAMENTO";"2012.13";"2024";"L";"11/01/2024";"0";"01/01/2024";"31/01/2024";"13"
"UNIDADE DE GESTÃO DE EDUCAÇÃO";"12";"EDUCAÇÃO";"365";"EDUCAÇÃO INFANTIL";"2024";"1266";"";"0";"0";"100012604";"FOLHA DE PAGAMENTO";"45780103000150";"";"0";"PROPRIA";"31901101";"VENCIMENTO E SALARIOS";"FOLHA DE PAGAMENTO";"9364.05";"2024";"L";"11/01/2024";"0";"01/01/2024";"31/01/2024";"13"
"UNIDADE DE GESTÃO DE EDUCAÇÃO";"12";"EDUCAÇÃO";"365";"EDUCAÇÃO INFANTIL";"2024";"1267";"";"0";"0";"100012604";"FOLHA DE PAGAMENTO";"45780103000150";"";"0";"PROPRIA";"31901137";"GRATIFICACOES POR TEMPO DE SERVICO";"FOLHA DE PAGAMENTO";"591.08";"2024";"L";"11/01/2024";"0";"01/01/2024";"31/01/2024";"13"
"UNIDADE DE GESTÃO DE EDUCAÇÃO";"12";"EDUCAÇÃO";"361";"ENSINO FUNDAMENTAL";"2024";"1268";"";"0";"0";"100012604";"FOLHA DE PAGAMENTO";"45780103000150";"";"0";"PROPRIA";"31901101";"VENCIMENTO E SALARIOS";"FOLHA DE PAGAMENTO";"2763.79";"2024";"L";"11/01/2024";"0";"01/01/2024";"31/01/2024";"13"
"UNIDADE DE GESTÃO DE EDUCAÇÃO";"12";"EDUCAÇÃO";"361";"ENSINO FUNDAMENTAL";"2024";"1269";"";"0";"0";"100012604";"FOLHA DE PAGAMENTO";"45780103000150";"";"0";"PROPRIA";"31901133";"GRATIFICACOES POR EXERCICIO DE  FUNCOES";"FOLHA DE PAGAMENTO";"469.4";"2024";"L";"11/01/2024";"0";"01/01/2024";"31/01/2024";"13"
"UNIDADE DE GESTÃO DE EDUCAÇÃO";"12";"EDUCAÇÃO";"361";"ENSINO FUNDAMENTAL";"2024";"1270";"";"0";"0";"100012604";"FOLHA DE PAGAMENTO";"45780103000150";"";"0";"PROPRIA";"31901137";"GRATIFICACOES POR TEMPO DE SERVICO";"FOLHA DE PAGAMENTO";"138.19";"2024";"L";"11/01/2024";"0";"01/01/2024";"31/01/2024";"13"
"UNIDADE DE GESTÃO DE EDUCAÇÃO";"12";"EDUCAÇÃO";"361";"ENSINO FUNDAMENTAL";"2024";"1271";"";"0";"0";"100012604";"FOLHA DE PAGAMENTO";"45780103000150";"";"0";"PROPRIA";"31901101";"VENCIMENTO E SALARIOS";"FOLHA DE PAGAMENTO";"2114.79";"2024";"L";"11/01/2024";"0";"01/01/2024";"31/01/2024";"13"
"UNIDADE DE GESTÃO DE EDUCAÇÃO";"12";"EDUCAÇÃO";"361";"ENSINO FUNDAMENTAL";"2024";"1272";"";"0";"0";"100012604";"FOLHA DE PAGAMENTO";"45780103000150";"";"0";"PROPRIA";"31901101";"VENCIMENTO E SALARIOS";"FOLHA DE PAGAMENTO";"12804.49";"2024";"L";"11/01/2024";"0";"01/01/2024";"31/01/2024";"13"
"UNIDADE DE GESTÃO DE EDUCAÇÃO";"12";"EDUCAÇÃO";"361";"ENSINO FUNDAMENTAL";"2024";"1273";"";"0";"0";"100012604";"FOLHA DE PAGAMENTO";"45780103000150";"";"0";"PROPRIA";"31901133";"GRATIFICACOES POR EXERCICIO DE  FUNCOES";"FOLHA DE PAGAMENTO";"938.8";"2024";"L";"11/01/2024";"0";"01/01/2024";"31/01/2024";"13"
"UNIDADE DE GESTÃO DE EDUCAÇÃO";"12";"EDUCAÇÃO";"361";"ENSINO FUNDAMENTAL";"2024";"1274";"";"0";"0";"100012604";"FOLHA DE PAGAMENTO";"45780103000150";"";"0";"PROPRIA";"31901137";"GRATIFICACOES POR TEMPO DE SERVICO";"FOLHA DE PAGAMENTO";"1362.62";"2024";"L";"11/01/2024";"0";"01/01/2024";"31/01/2024";"13"
"UNIDADE DE GESTÃO DE EDUCAÇÃO";"12";"EDUCAÇÃO";"361";"ENSINO FUNDAMENTAL";"2024";"1275";"";"0";"0";"100012604";"FOLHA DE PAGAMENTO";"45780103000150";"";"0";"PROPRIA";"31901137";"GRATIFICACOES POR TEMPO DE SERVICO";"FOLHA DE PAGAMENTO";"740.18";"2024";"L";"11/01/2024";"0";"01/01/2024";"31/01/2024";"13"
"UNIDADE DE GESTÃO DE EDUCAÇÃO";"12";"EDUCAÇÃO";"122";"ADMINISTRAÇÃO GERAL";"2024";"1276";"";"0";"0";"100012604";"FOLHA DE PAGAMENTO";"45780103000150";"";"0";"PROPRIA";"31901101";"VENCIMENTO E SALARIOS";"FOLHA DE PAGAMENTO";"12811.75";"2024";"L";"11/01/2024";"0";"01/01/2024";"31/01/2024";"13"
"UNIDADE DE GESTÃO DE EDUCAÇÃO";"12";"EDUCAÇÃO";"122";"ADMINISTRAÇÃO GERAL";"2024";"1277";"";"0";"0";"100012604";"FOLHA DE PAGAMENTO";"45780103000150";"";"0";"PROPRIA";"31901133";"GRATIFICACOES POR EXERCICIO DE  FUNCOES";"FOLHA DE PAGAMENTO";"329.62";"2024";"L";"11/01/2024";"0";"01/01/2024";"31/01/2024";"13"
"UNIDADE DE GESTÃO DE EDUCAÇÃO";"12";"EDUCAÇÃO";"122";"ADMINISTRAÇÃO GERAL";"2024";"1278";"";"0";"0";"100012604";"FOLHA DE PAGAMENTO";"45780103000150";"";"0";"PROPRIA";"31901137";"GRATIFICACOES POR TEMPO DE SERVICO";"FOLHA DE PAGAMENTO";"1366.76";"2024";"L";"11/01/2024";"0";"01/01/2024";"31/01/2024";"13"
"UNIDADE DE GESTÃO DE PROMOÇÃO DA SAÚDE";"10";"SAÚDE";"122";"ADMINISTRAÇÃO GERAL";"2024";"1279";"";"0";"0";"100012604";"FOLHA DE PAGAMENTO";"45780103000150";"";"0";"PROPRIA";"31901101";"VENCIMENTO E SALARIOS";"FOLHA DE PAGAMENTO";"9012.48";"2024";"L";"11/01/2024";"0";"01/01/2024";"31/01/2024";"14"
"UNIDADE DE GESTÃO DE PROMOÇÃO DA SAÚDE";"10";"SAÚDE";"122";"ADMINISTRAÇÃO GERAL";"2024";"1280";"";"0";"0";"100012604";"FOLHA DE PAGAMENTO";"45780103000150";"";"0";"PROPRIA";"31901101";"VENCIMENTO E SALARIOS";"FOLHA DE PAGAMENTO";"172365.53";"2024";"L";"11/01/2024";"0";"01/01/2024";"31/01/2024";"14"
"UNIDADE DE GESTÃO DE PROMOÇÃO DA SAÚDE";"10";"SAÚDE";"122";"ADMINISTRAÇÃO GERAL";"2024";"1281";"";"0";"0";"100012604";"FOLHA DE PAGAMENTO";"45780103000150";"";"0";"PROPRIA";"31901101";"VENCIMENTO E SALARIOS";"FOLHA DE PAGAMENTO";"5643.19";"2024";"L";"11/01/2024";"0";"01/01/2024";"31/01/2024";"14"
"UNIDADE DE GESTÃO DE PROMOÇÃO DA SAÚDE";"10";"SAÚDE";"122";"ADMINISTRAÇÃO GERAL";"2024";"1282";"";"0";"0";"100012604";"FOLHA DE PAGAMENTO";"45780103000150";"";"0";"PROPRIA";"31901131";"GRATIFICACOES POR EXERCICIO DE  CARGO";"FOLHA DE PAGAMENTO";"6556.98";"2024";"L";"11/01/2024";"0";"01/01/2024";"31/01/2024";"14"
"UNIDADE DE GESTÃO DE PROMOÇÃO DA SAÚDE";"10";"SAÚDE";"122";"ADMINISTRAÇÃO GERAL";"2024";"1283";"";"0";"0";"100012604";"FOLHA DE PAGAMENTO";"45780103000150";"";"0";"PROPRIA";"31901133";"GRATIFICACOES POR EXERCICIO DE  FUNCOES";"FOLHA DE PAGAMENTO";"9427.68";"2024";"L";"11/01/2024";"0";"01/01/2024";"31/01/2024";"14"
"UNIDADE DE GESTÃO DE PROMOÇÃO DA SAÚDE";"10";"SAÚDE";"122";"ADMINISTRAÇÃO GERAL";"2024";"1284";"";"0";"0";"100012604";"FOLHA DE PAGAMENTO";"45780103000150";"";"0";"PROPRIA";"31901137";"GRATIFICACOES POR TEMPO DE SERVICO";"FOLHA DE PAGAMENTO";"1975.11";"2024";"L";"11/01/2024";"0";"01/01/2024";"31/01/2024";"14"
"UNIDADE DE GESTÃO DE PROMOÇÃO DA SAÚDE";"10";"SAÚDE";"122";"ADMINISTRAÇÃO GERAL";"2024";"1285";"";"0";"0";"100012604";"FOLHA DE PAGAMENTO";"45780103000150";"";"0";"PROPRIA";"31901137";"GRATIFICACOES POR TEMPO DE SERVICO";"FOLHA DE PAGAMENTO";"19694.72";"2024";"L";"11/01/2024";"0";"01/01/2024";"31/01/2024";"14"
"UNIDADE DE GESTÃO DE PROMOÇÃO DA SAÚDE";"10";"SAÚDE";"122";"ADMINISTRAÇÃO GERAL";"2024";"1286";"";"0";"0";"100012604";"FOLHA DE PAGAMENTO";"45780103000150";"";"0";"PROPRIA";"31901632";"SUBSTITUIÇÕES  RPPS";"FOLHA DE PAGAMENTO";"2776.87";"2024";"L";"11/01/2024";"0";"01/01/2024";"31/01/2024";"14"
"UNIDADE DE GESTÃO DE PROMOÇÃO DA SAÚDE";"10";"SAÚDE";"301";"ATENÇÃO BÁSICA";"2024";"1287";"";"0";"0";"100012604";"FOLHA DE PAGAMENTO";"45780103000150";"";"0";"PROPRIA";"31900411";"SALÁRIOS - CONTRATO TEMPORÁRIO";"FOLHA DE PAGAMENTO";"36666.02";"2024";"L";"11/01/2024";"0";"01/01/2024";"31/01/2024";"14"
"UNIDADE DE GESTÃO DE PROMOÇÃO DA SAÚDE";"10";"SAÚDE";"301";"ATENÇÃO BÁSICA";"2024";"1288";"";"0";"0";"100012604";"FOLHA DE PAGAMENTO";"45780103000150";"";"0";"PROPRIA";"31900451";"ADICIONAIS DE CONTRATO TEMPORÁRIO";"FOLHA DE PAGAMENTO";"3349.22";"2024";"L";"11/01/2024";"0";"01/01/2024";"31/01/2024";"14"
"UNIDADE DE GESTÃO DE PROMOÇÃO DA SAÚDE";"10";"SAÚDE";"301";"ATENÇÃO BÁSICA";"2024";"1289";"";"0";"0";"100012604";"FOLHA DE PAGAMENTO";"45780103000150";"";"0";"PROPRIA";"31901101";"VENCIMENTO E SALARIOS";"FOLHA DE PAGAMENTO";"5270.22";"2024";"L";"11/01/2024";"0";"01/01/2024";"31/01/2024";"14"
"UNIDADE DE GESTÃO DE PROMOÇÃO DA SAÚDE";"10";"SAÚDE";"301";"ATENÇÃO BÁSICA";"2024";"1290";"";"0";"0";"100012604";"FOLHA DE PAGAMENTO";"45780103000150";"";"0";"PROPRIA";"31901101";"VENCIMENTO E SALARIOS";"FOLHA DE PAGAMENTO";"1577110.04";"2024";"L";"11/01/2024";"0";"01/01/2024";"31/01/2024";"14"
"UNIDADE DE GESTÃO DE PROMOÇÃO DA SAÚDE";"10";"SAÚDE";"301";"ATENÇÃO BÁSICA";"2024";"1291";"";"0";"0";"100012604";"FOLHA DE PAGAMENTO";"45780103000150";"";"0";"PROPRIA";"31901101";"VENCIMENTO E SALARIOS";"FOLHA DE PAGAMENTO";"32348.01";"2024";"L";"11/01/2024";"0";"01/01/2024";"31/01/2024";"14"
"UNIDADE DE GESTÃO DE PROMOÇÃO DA SAÚDE";"10";"SAÚDE";"301";"ATENÇÃO BÁSICA";"2024";"1292";"";"0";"0";"100012604";"FOLHA DE PAGAMENTO";"45780103000150";"";"0";"PROPRIA";"31901133";"GRATIFICACOES POR EXERCICIO DE  FUNCOES";"FOLHA DE PAGAMENTO";"121696.29";"2024";"L";"11/01/2024";"0";"01/01/2024";"31/01/2024";"14"
"UNIDADE DE GESTÃO DE PROMOÇÃO DA SAÚDE";"10";"SAÚDE";"301";"ATENÇÃO BÁSICA";"2024";"1293";"";"0";"0";"100012604";"FOLHA DE PAGAMENTO";"45780103000150";"";"0";"PROPRIA";"31901133";"GRATIFICACOES POR EXERCICIO DE  FUNCOES";"FOLHA DE PAGAMENTO";"691.88";"2024";"L";"11/01/2024";"0";"01/01/2024";"31/01/2024";"14"
"UNIDADE DE GESTÃO DE PROMOÇÃO DA SAÚDE";"10";"SAÚDE";"301";"ATENÇÃO BÁSICA";"2024";"1294";"";"0";"0";"100012604";"FOLHA DE PAGAMENTO";"45780103000150";"";"0";"PROPRIA";"31901137";"GRATIFICACOES POR TEMPO DE SERVICO";"FOLHA DE PAGAMENTO";"134329.63";"2024";"L";"11/01/2024";"0";"01/01/2024";"31/01/2024";"14"
"UNIDADE DE GESTÃO DE PROMOÇÃO DA SAÚDE";"10";"SAÚDE";"301";"ATENÇÃO BÁSICA";"2024";"1295";"";"0";"0";"100012604";"FOLHA DE PAGAMENTO";"45780103000150";"";"0";"PROPRIA";"31901137";"GRATIFICACOES POR TEMPO DE SERVICO";"FOLHA DE PAGAMENTO";"14784.5";"2024";"L";"11/01/2024";"0";"01/01/2024";"31/01/2024";"14"
"UNIDADE DE GESTÃO DE PROMOÇÃO DA SAÚDE";"10";"SAÚDE";"302";"ASSISTÊNCIA HOSPITALAR E AMBULATORIAL";"2024";"1296";"";"0";"0";"100012604";"FOLHA DE PAGAMENTO";"45780103000150";"";"0";"PROPRIA";"31900411";"SALÁRIOS - CONTRATO TEMPORÁRIO";"FOLHA DE PAGAMENTO";"9084.23";"2024";"L";"11/01/2024";"0";"01/01/2024";"31/01/2024";"14"
"UNIDADE DE GESTÃO DE PROMOÇÃO DA SAÚDE";"10";"SAÚDE";"302";"ASSISTÊNCIA HOSPITALAR E AMBULATORIAL";"2024";"1297";"";"0";"0";"100012604";"FOLHA DE PAGAMENTO";"45780103000150";"";"0";"PROPRIA";"31900451";"ADICIONAIS DE CONTRATO TEMPORÁRIO";"FOLHA DE PAGAMENTO";"395.36";"2024";"L";"11/01/2024";"0";"01/01/2024";"31/01/2024";"14"
"UNIDADE DE GESTÃO DE PROMOÇÃO DA SAÚDE";"10";"SAÚDE";"302";"ASSISTÊNCIA HOSPITALAR E AMBULATORIAL";"2024";"1298";"";"0";"0";"100012604";"FOLHA DE PAGAMENTO";"45780103000150";"";"0";"PROPRIA";"31901101";"VENCIMENTO E SALARIOS";"FOLHA DE PAGAMENTO";"4731.28";"2024";"L";"11/01/2024";"0";"01/01/2024";"31/01/2024";"14"
"UNIDADE DE GESTÃO DE PROMOÇÃO DA SAÚDE";"10";"SAÚDE";"302";"ASSISTÊNCIA HOSPITALAR E AMBULATORIAL";"2024";"1299";"";"0";"0";"100012604";"FOLHA DE PAGAMENTO";"45780103000150";"";"0";"PROPRIA";"31901101";"VENCIMENTO E SALARIOS";"FOLHA DE PAGAMENTO";"4873.95";"2024";"L";"11/01/2024";"0";"01/01/2024";"31/01/2024";"14"
"UNIDADE DE GESTÃO DE PROMOÇÃO DA SAÚDE";"10";"SAÚDE";"302";"ASSISTÊNCIA HOSPITALAR E AMBULATORIAL";"2024";"1300";"";"0";"0";"100012604";"FOLHA DE PAGAMENTO";"45780103000150";"";"0";"PROPRIA";"31901101";"VENCIMENTO E SALARIOS";"FOLHA DE PAGAMENTO";"668152.15";"2024";"L";"11/01/2024";"0";"01/01/2024";"31/01/2024";"14"
"UNIDADE DE GESTÃO DE PROMOÇÃO DA SAÚDE";"10";"SAÚDE";"302";"ASSISTÊNCIA HOSPITALAR E AMBULATORIAL";"2024";"1301";"";"0";"0";"100012604";"FOLHA DE PAGAMENTO";"45780103000150";"";"0";"PROPRIA";"31901133";"GRATIFICACOES POR EXERCICIO DE  FUNCOES";"FOLHA DE PAGAMENTO";"98.84";"2024";"L";"11/01/2024";"0";"01/01/2024";"31/01/2024";"14"
"UNIDADE DE GESTÃO DE PROMOÇÃO DA SAÚDE";"10";"SAÚDE";"302";"ASSISTÊNCIA HOSPITALAR E AMBULATORIAL";"2024";"1302";"";"0";"0";"100012604";"FOLHA DE PAGAMENTO";"45780103000150";"";"0";"PROPRIA";"31901133";"GRATIFICACOES POR EXERCICIO DE  FUNCOES";"FOLHA DE PAGAMENTO";"37767.36";"2024";"L";"11/01/2024";"0";"01/01/2024";"31/01/2024";"14"
"UNIDADE DE GESTÃO DE PROMOÇÃO DA SAÚDE";"10";"SAÚDE";"302";"ASSISTÊNCIA HOSPITALAR E AMBULATORIAL";"2024";"1303";"";"0";"0";"100012604";"FOLHA DE PAGAMENTO";"45780103000150";"";"0";"PROPRIA";"31901137";"GRATIFICACOES POR TEMPO DE SERVICO";"FOLHA DE PAGAMENTO";"1655.95";"2024";"L";"11/01/2024";"0";"01/01/2024";"31/01/2024";"14"
"UNIDADE DE GESTÃO DE PROMOÇÃO DA SAÚDE";"10";"SAÚDE";"302";"ASSISTÊNCIA HOSPITALAR E AMBULATORIAL";"2024";"1304";"";"0";"0";"100012604";"FOLHA DE PAGAMENTO";"45780103000150";"";"0";"PROPRIA";"31901137";"GRATIFICACOES POR TEMPO DE SERVICO";"FOLHA DE PAGAMENTO";"69286.89";"2024";"L";"11/01/2024";"0";"01/01/2024";"31/01/2024";"14"
"UNIDADE DE GESTÃO DE PROMOÇÃO DA SAÚDE";"10";"SAÚDE";"305";"VIGILÂNCIA EPIDEMIOLÓGICA";"2024";"1305";"";"0";"0";"100012604";"FOLHA DE PAGAMENTO";"45780103000150";"";"0";"PROPRIA";"31900411";"SALÁRIOS - CONTRATO TEMPORÁRIO";"FOLHA DE PAGAMENTO";"1528.77";"2024";"L";"11/01/2024";"0";"01/01/2024";"31/01/2024";"14"
"UNIDADE DE GESTÃO DE PROMOÇÃO DA SAÚDE";"10";"SAÚDE";"305";"VIGILÂNCIA EPIDEMIOLÓGICA";"2024";"1306";"";"0";"0";"100012604";"FOLHA DE PAGAMENTO";"45780103000150";"";"0";"PROPRIA";"31900451";"ADICIONAIS DE CONTRATO TEMPORÁRIO";"FOLHA DE PAGAMENTO";"98.84";"2024";"L";"11/01/2024";"0";"01/01/2024";"31/01/2024";"14"
"UNIDADE DE GESTÃO DE PROMOÇÃO DA SAÚDE";"10";"SAÚDE";"305";"VIGILÂNCIA EPIDEMIOLÓGICA";"2024";"1307";"";"0";"0";"100012604";"FOLHA DE PAGAMENTO";"45780103000150";"";"0";"PROPRIA";"31901101";"VENCIMENTO E SALARIOS";"FOLHA DE PAGAMENTO";"123415.73";"2024";"L";"11/01/2024";"0";"01/01/2024";"31/01/2024";"14"
"UNIDADE DE GESTÃO DE PROMOÇÃO DA SAÚDE";"10";"SAÚDE";"305";"VIGILÂNCIA EPIDEMIOLÓGICA";"2024";"1308";"";"0";"0";"100012604";"FOLHA DE PAGAMENTO";"45780103000150";"";"0";"PROPRIA";"31901101";"VENCIMENTO E SALARIOS";"FOLHA DE PAGAMENTO";"2746.24";"2024";"L";"11/01/2024";"0";"01/01/2024";"31/01/2024";"14"
"UNIDADE DE GESTÃO DE PROMOÇÃO DA SAÚDE";"10";"SAÚDE";"305";"VIGILÂNCIA EPIDEMIOLÓGICA";"2024";"1309";"";"0";"0";"100012604";"FOLHA DE PAGAMENTO";"45780103000150";"";"0";"PROPRIA";"31901133";"GRATIFICACOES POR EXERCICIO DE  FUNCOES";"FOLHA DE PAGAMENTO";"98.84";"2024";"L";"11/01/2024";"0";"01/01/2024";"31/01/2024";"14"
"UNIDADE DE GESTÃO DE PROMOÇÃO DA SAÚDE";"10";"SAÚDE";"305";"VIGILÂNCIA EPIDEMIOLÓGICA";"2024";"1310";"";"0";"0";"100012604";"FOLHA DE PAGAMENTO";"45780103000150";"";"0";"PROPRIA";"31901133";"GRATIFICACOES POR EXERCICIO DE  FUNCOES";"FOLHA DE PAGAMENTO";"3459.4";"2024";"L";"11/01/2024";"0";"01/01/2024";"31/01/2024";"14"
"UNIDADE DE GESTÃO DE PROMOÇÃO DA SAÚDE";"10";"SAÚDE";"305";"VIGILÂNCIA EPIDEMIOLÓGICA";"2024";"1311";"";"0";"0";"100012604";"FOLHA DE PAGAMENTO";"45780103000150";"";"0";"PROPRIA";"31901137";"GRATIFICACOES POR TEMPO DE SERVICO";"FOLHA DE PAGAMENTO";"20336.62";"2024";"L";"11/01/2024";"0";"01/01/2024";"31/01/2024";"14"
"UNIDADE DE GESTÃO DE PROMOÇÃO DA SAÚDE";"10";"SAÚDE";"305";"VIGILÂNCIA EPIDEMIOLÓGICA";"2024";"1312";"";"0";"0";"100012604";"FOLHA DE PAGAMENTO";"45780103000150";"";"0";"PROPRIA";"31901137";"GRATIFICACOES POR TEMPO DE SERVICO";"FOLHA DE PAGAMENTO";"961.18";"2024";"L";"11/01/2024";"0";"01/01/2024";"31/01/2024";"14"
"UNIDADE DE GESTÃO DE PROMOÇÃO DA SAÚDE";"10";"SAÚDE";"304";"VIGILÂNCIA SANITÁRIA";"2024";"1313";"";"0";"0";"100012604";"FOLHA DE PAGAMENTO";"45780103000150";"";"0";"PROPRIA";"31901101";"VENCIMENTO E SALARIOS";"FOLHA DE PAGAMENTO";"266265.86";"2024";"L";"11/01/2024";"0";"01/01/2024";"31/01/2024";"14"
"UNIDADE DE GESTÃO DE PROMOÇÃO DA SAÚDE";"10";"SAÚDE";"304";"VIGILÂNCIA SANITÁRIA";"2024";"1314";"";"0";"0";"100012604";"FOLHA DE PAGAMENTO";"45780103000150";"";"0";"PROPRIA";"31901101";"VENCIMENTO E SALARIOS";"FOLHA DE PAGAMENTO";"4873.95";"2024";"L";"11/01/2024";"0";"01/01/2024";"31/01/2024";"14"
"UNIDADE DE GESTÃO DE PROMOÇÃO DA SAÚDE";"10";"SAÚDE";"304";"VIGILÂNCIA SANITÁRIA";"2024";"1315";"";"0";"0";"100012604";"FOLHA DE PAGAMENTO";"45780103000150";"";"0";"PROPRIA";"31901133";"GRATIFICACOES POR EXERCICIO DE  FUNCOES";"FOLHA DE PAGAMENTO";"22892.31";"2024";"L";"11/01/2024";"0";"01/01/2024";"31/01/2024";"14"
"UNIDADE DE GESTÃO DE PROMOÇÃO DA SAÚDE";"10";"SAÚDE";"304";"VIGILÂNCIA SANITÁRIA";"2024";"1316";"";"0";"0";"100012604";"FOLHA DE PAGAMENTO";"45780103000150";"";"0";"PROPRIA";"31901137";"GRATIFICACOES POR TEMPO DE SERVICO";"FOLHA DE PAGAMENTO";"32622.32";"2024";"L";"11/01/2024";"0";"01/01/2024";"31/01/2024";"14"
"UNIDADE DE GESTÃO DE PROMOÇÃO DA SAÚDE";"10";"SAÚDE";"303";"SUPORTE PROFILÁTICO E TERAPÊUTICO";"2024";"1317";"";"0";"0";"100012604";"FOLHA DE PAGAMENTO";"45780103000150";"";"0";"PROPRIA";"31901101";"VENCIMENTO E SALARIOS";"FOLHA DE PAGAMENTO";"97719.55";"2024";"L";"11/01/2024";"0";"01/01/2024";"31/01/2024";"14"
"UNIDADE DE GESTÃO DE PROMOÇÃO DA SAÚDE";"10";"SAÚDE";"303";"SUPORTE PROFILÁTICO E TERAPÊUTICO";"2024";"1318";"";"0";"0";"100012604";"FOLHA DE PAGAMENTO";"45780103000150";"";"0";"PROPRIA";"31901101";"VENCIMENTO E SALARIOS";"FOLHA DE PAGAMENTO";"2935.93";"2024";"L";"11/01/2024";"0";"01/01/2024";"31/01/2024";"14"
"UNIDADE DE GESTÃO DE PROMOÇÃO DA SAÚDE";"10";"SAÚDE";"303";"SUPORTE PROFILÁTICO E TERAPÊUTICO";"2024";"1319";"";"0";"0";"100012604";"FOLHA DE PAGAMENTO";"45780103000150";"";"0";"PROPRIA";"31901133";"GRATIFICACOES POR EXERCICIO DE  FUNCOES";"FOLHA DE PAGAMENTO";"8602.94";"2024";"L";"11/01/2024";"0";"01/01/2024";"31/01/2024";"14"
"UNIDADE DE GESTÃO DE PROMOÇÃO DA SAÚDE";"10";"SAÚDE";"303";"SUPORTE PROFILÁTICO E TERAPÊUTICO";"2024";"1320";"";"0";"0";"100012604";"FOLHA DE PAGAMENTO";"45780103000150";"";"0";"PROPRIA";"31901133";"GRATIFICACOES POR EXERCICIO DE  FUNCOES";"FOLHA DE PAGAMENTO";"98.84";"2024";"L";"11/01/2024";"0";"01/01/2024";"31/01/2024";"14"
"UNIDADE DE GESTÃO DE PROMOÇÃO DA SAÚDE";"10";"SAÚDE";"303";"SUPORTE PROFILÁTICO E TERAPÊUTICO";"2024";"1321";"";"0";"0";"100012604";"FOLHA DE PAGAMENTO";"45780103000150";"";"0";"PROPRIA";"31901137";"GRATIFICACOES POR TEMPO DE SERVICO";"FOLHA DE PAGAMENTO";"10645.34";"2024";"L";"11/01/2024";"0";"01/01/2024";"31/01/2024";"14"
"UNIDADE DE GESTÃO DE PROMOÇÃO DA SAÚDE";"10";"SAÚDE";"303";"SUPORTE PROFILÁTICO E TERAPÊUTICO";"2024";"1322";"";"0";"0";"100012604";"FOLHA DE PAGAMENTO";"45780103000150";"";"0";"PROPRIA";"31901137";"GRATIFICACOES POR TEMPO DE SERVICO";"FOLHA DE PAGAMENTO";"1027.58";"2024";"L";"11/01/2024";"0";"01/01/2024";"31/01/2024";"14"
"UNIDADE GESTÃO DE ASSISTÊNCIA E DESENVOLV. SOCIAL";"8";"ASSISTÊNCIA SOCIAL";"244";"ASSISTÊNCIA COMUNITÁRIA";"2024";"1323";"";"0";"0";"100012604";"FOLHA DE PAGAMENTO";"45780103000150";"";"0";"PROPRIA";"31901101";"VENCIMENTO E SALARIOS";"FOLHA DE PAGAMENTO";"112548.12";"2024";"L";"11/01/2024";"0";"01/01/2024";"31/01/2024";"15"
"UNIDADE GESTÃO DE ASSISTÊNCIA E DESENVOLV. SOCIAL";"8";"ASSISTÊNCIA SOCIAL";"244";"ASSISTÊNCIA COMUNITÁRIA";"2024";"1324";"";"0";"0";"100012604";"FOLHA DE PAGAMENTO";"45780103000150";"";"0";"PROPRIA";"31901131";"GRATIFICACOES POR EXERCICIO DE  CARGO";"FOLHA DE PAGAMENTO";"1949.58";"2024";"L";"11/01/2024";"0";"01/01/2024";"31/01/2024";"15"
"UNIDADE GESTÃO DE ASSISTÊNCIA E DESENVOLV. SOCIAL";"8";"ASSISTÊNCIA SOCIAL";"244";"ASSISTÊNCIA COMUNITÁRIA";"2024";"1325";"";"0";"0";"100012604";"FOLHA DE PAGAMENTO";"45780103000150";"";"0";"PROPRIA";"31901133";"GRATIFICACOES POR EXERCICIO DE  FUNCOES";"FOLHA DE PAGAMENTO";"3309.27";"2024";"L";"11/01/2024";"0";"01/01/2024";"31/01/2024";"15"
"UNIDADE GESTÃO DE ASSISTÊNCIA E DESENVOLV. SOCIAL";"8";"ASSISTÊNCIA SOCIAL";"244";"ASSISTÊNCIA COMUNITÁRIA";"2024";"1326";"";"0";"0";"100012604";"FOLHA DE PAGAMENTO";"45780103000150";"";"0";"PROPRIA";"31901137";"GRATIFICACOES POR TEMPO DE SERVICO";"FOLHA DE PAGAMENTO";"10419.74";"2024";"L";"11/01/2024";"0";"01/01/2024";"31/01/2024";"15"
"UNIDADE GESTÃO DE ASSISTÊNCIA E DESENVOLV. SOCIAL";"8";"ASSISTÊNCIA SOCIAL";"244";"ASSISTÊNCIA COMUNITÁRIA";"2024";"1327";"";"0";"0";"100012604";"FOLHA DE PAGAMENTO";"45780103000150";"";"0";"PROPRIA";"31901101";"VENCIMENTO E SALARIOS";"FOLHA DE PAGAMENTO";"58609.53";"2024";"L";"11/01/2024";"0";"01/01/2024";"31/01/2024";"15"
"UNIDADE GESTÃO DE ASSISTÊNCIA E DESENVOLV. SOCIAL";"8";"ASSISTÊNCIA SOCIAL";"244";"ASSISTÊNCIA COMUNITÁRIA";"2024";"1328";"";"0";"0";"100012604";"FOLHA DE PAGAMENTO";"45780103000150";"";"0";"PROPRIA";"31901101";"VENCIMENTO E SALARIOS";"FOLHA DE PAGAMENTO";"33310.26";"2024";"L";"11/01/2024";"0";"01/01/2024";"31/01/2024";"15"
"UNIDADE GESTÃO DE ASSISTÊNCIA E DESENVOLV. SOCIAL";"8";"ASSISTÊNCIA SOCIAL";"244";"ASSISTÊNCIA COMUNITÁRIA";"2024";"1329";"";"0";"0";"100012604";"FOLHA DE PAGAMENTO";"45780103000150";"";"0";"PROPRIA";"31901101";"VENCIMENTO E SALARIOS";"FOLHA DE PAGAMENTO";"2630.64";"2024";"L";"11/01/2024";"0";"01/01/2024";"31/01/2024";"15"
"UNIDADE GESTÃO DE ASSISTÊNCIA E DESENVOLV. SOCIAL";"8";"ASSISTÊNCIA SOCIAL";"244";"ASSISTÊNCIA COMUNITÁRIA";"2024";"1330";"";"0";"0";"100012604";"FOLHA DE PAGAMENTO";"45780103000150";"";"0";"PROPRIA";"31901133";"GRATIFICACOES POR EXERCICIO DE  FUNCOES";"FOLHA DE PAGAMENTO";"2065.36";"2024";"L";"11/01/2024";"0";"01/01/2024";"31/01/2024";"15"
"UNIDADE GESTÃO DE ASSISTÊNCIA E DESENVOLV. SOCIAL";"8";"ASSISTÊNCIA SOCIAL";"244";"ASSISTÊNCIA COMUNITÁRIA";"2024";"1331";"";"0";"0";"100012604";"FOLHA DE PAGAMENTO";"45780103000150";"";"0";"PROPRIA";"31901137";"GRATIFICACOES POR TEMPO DE SERVICO";"FOLHA DE PAGAMENTO";"1359.25";"2024";"L";"11/01/2024";"0";"01/01/2024";"31/01/2024";"15"
"UNIDADE GESTÃO DE ASSISTÊNCIA E DESENVOLV. SOCIAL";"8";"ASSISTÊNCIA SOCIAL";"244";"ASSISTÊNCIA COMUNITÁRIA";"2024";"1332";"";"0";"0";"100012604";"FOLHA DE PAGAMENTO";"45780103000150";"";"0";"PROPRIA";"31901137";"GRATIFICACOES POR TEMPO DE SERVICO";"FOLHA DE PAGAMENTO";"5883.36";"2024";"L";"11/01/2024";"0";"01/01/2024";"31/01/2024";"15"
"UNIDADE GESTÃO DE ASSISTÊNCIA E DESENVOLV. SOCIAL";"8";"ASSISTÊNCIA SOCIAL";"244";"ASSISTÊNCIA COMUNITÁRIA";"2024";"1333";"";"0";"0";"100012604";"FOLHA DE PAGAMENTO";"45780103000150";"";"0";"PROPRIA";"31901101";"VENCIMENTO E SALARIOS";"FOLHA DE PAGAMENTO";"112795";"2024";"L";"11/01/2024";"0";"01/01/2024";"31/01/2024";"15"
"UNIDADE GESTÃO DE ASSISTÊNCIA E DESENVOLV. SOCIAL";"8";"ASSISTÊNCIA SOCIAL";"244";"ASSISTÊNCIA COMUNITÁRIA";"2024";"1334";"";"0";"0";"100012604";"FOLHA DE PAGAMENTO";"45780103000150";"";"0";"PROPRIA";"31901101";"VENCIMENTO E SALARIOS";"FOLHA DE PAGAMENTO";"2635.11";"2024";"L";"11/01/2024";"0";"01/01/2024";"31/01/2024";"15"
"UNIDADE GESTÃO DE ASSISTÊNCIA E DESENVOLV. SOCIAL";"8";"ASSISTÊNCIA SOCIAL";"244";"ASSISTÊNCIA COMUNITÁRIA";"2024";"1335";"";"0";"0";"100012604";"FOLHA DE PAGAMENTO";"45780103000150";"";"0";"PROPRIA";"31901131";"GRATIFICACOES POR EXERCICIO DE  CARGO";"FOLHA DE PAGAMENTO";"1949.58";"2024";"L";"11/01/2024";"0";"01/01/2024";"31/01/2024";"15"
"UNIDADE GESTÃO DE ASSISTÊNCIA E DESENVOLV. SOCIAL";"8";"ASSISTÊNCIA SOCIAL";"244";"ASSISTÊNCIA COMUNITÁRIA";"2024";"1336";"";"0";"0";"100012604";"FOLHA DE PAGAMENTO";"45780103000150";"";"0";"PROPRIA";"31901133";"GRATIFICACOES POR EXERCICIO DE  FUNCOES";"FOLHA DE PAGAMENTO";"7527.27";"2024";"L";"11/01/2024";"0";"01/01/2024";"31/01/2024";"15"
"UNIDADE GESTÃO DE ASSISTÊNCIA E DESENVOLV. SOCIAL";"8";"ASSISTÊNCIA SOCIAL";"244";"ASSISTÊNCIA COMUNITÁRIA";"2024";"1337";"";"0";"0";"100012604";"FOLHA DE PAGAMENTO";"45780103000150";"";"0";"PROPRIA";"31901137";"GRATIFICACOES POR TEMPO DE SERVICO";"FOLHA DE PAGAMENTO";"6158.59";"2024";"L";"11/01/2024";"0";"01/01/2024";"31/01/2024";"15"
"UNIDADE DE GESTÃO DES. ECON. CIÊNCIA E TECNOLOGIA";"11";"TRABALHO";"122";"ADMINISTRAÇÃO GERAL";"2024";"1338";"";"0";"0";"100012604";"FOLHA DE PAGAMENTO";"45780103000150";"";"0";"PROPRIA";"31901101";"VENCIMENTO E SALARIOS";"FOLHA DE PAGAMENTO";"16439.59";"2024";"L";"11/01/2024";"0";"01/01/2024";"31/01/2024";"16"
"UNIDADE DE GESTÃO DES. ECON. CIÊNCIA E TECNOLOGIA";"11";"TRABALHO";"122";"ADMINISTRAÇÃO GERAL";"2024";"1339";"";"0";"0";"100012604";"FOLHA DE PAGAMENTO";"45780103000150";"";"0";"PROPRIA";"31901101";"VENCIMENTO E SALARIOS";"FOLHA DE PAGAMENTO";"46461.27";"2024";"L";"11/01/2024";"0";"01/01/2024";"31/01/2024";"16"
"UNIDADE DE GESTÃO DES. ECON. CIÊNCIA E TECNOLOGIA";"11";"TRABALHO";"122";"ADMINISTRAÇÃO GERAL";"2024";"1340";"";"0";"0";"100012604";"FOLHA DE PAGAMENTO";"45780103000150";"";"0";"PROPRIA";"31901133";"GRATIFICACOES POR EXERCICIO DE  FUNCOES";"FOLHA DE PAGAMENTO";"2833.27";"2024";"L";"11/01/2024";"0";"01/01/2024";"31/01/2024";"16"
"UNIDADE DE GESTÃO DES. ECON. CIÊNCIA E TECNOLOGIA";"11";"TRABALHO";"122";"ADMINISTRAÇÃO GERAL";"2024";"1341";"";"0";"0";"100012604";"FOLHA DE PAGAMENTO";"45780103000150";"";"0";"PROPRIA";"31901137";"GRATIFICACOES POR TEMPO DE SERVICO";"FOLHA DE PAGAMENTO";"1724.54";"2024";"L";"11/01/2024";"0";"01/01/2024";"31/01/2024";"16"
"UNIDADE GESTÃO DE AGRONEGÓCIO. ABASTEC. E TURISMO";"20";"AGRICULTURA";"122";"ADMINISTRAÇÃO GERAL";"2024";"1342";"";"0";"0";"100012604";"FOLHA DE PAGAMENTO";"45780103000150";"";"0";"PROPRIA";"31901101";"VENCIMENTO E SALARIOS";"FOLHA DE PAGAMENTO";"56912.34";"2024";"L";"11/01/2024";"0";"01/01/2024";"31/01/2024";"17"
"UNIDADE GESTÃO DE AGRONEGÓCIO. ABASTEC. E TURISMO";"20";"AGRICULTURA";"122";"ADMINISTRAÇÃO GERAL";"2024";"1343";"";"0";"0";"100012604";"FOLHA DE PAGAMENTO";"45780103000150";"";"0";"PROPRIA";"31901101";"VENCIMENTO E SALARIOS";"FOLHA DE PAGAMENTO";"22898.91";"2024";"L";"11/01/2024";"0";"01/01/2024";"31/01/2024";"17"
"UNIDADE GESTÃO DE AGRONEGÓCIO. ABASTEC. E TURISMO";"20";"AGRICULTURA";"122";"ADMINISTRAÇÃO GERAL";"2024";"1344";"";"0";"0";"100012604";"FOLHA DE PAGAMENTO";"45780103000150";"";"0";"PROPRIA";"31901133";"GRATIFICACOES POR EXERCICIO DE  FUNCOES";"FOLHA DE PAGAMENTO";"8017.17";"2024";"L";"11/01/2024";"0";"01/01/2024";"31/01/2024";"17"
"UNIDADE GESTÃO DE AGRONEGÓCIO. ABASTEC. E TURISMO";"20";"AGRICULTURA";"122";"ADMINISTRAÇÃO GERAL";"2024";"1345";"";"0";"0";"100012604";"FOLHA DE PAGAMENTO";"45780103000150";"";"0";"PROPRIA";"31901137";"GRATIFICACOES POR TEMPO DE SERVICO";"FOLHA DE PAGAMENTO";"7962.91";"2024";"L";"11/01/2024";"0";"01/01/2024";"31/01/2024";"17"
"UNIDADE GESTÃO DE AGRONEGÓCIO. ABASTEC. E TURISMO";"20";"AGRICULTURA";"122";"ADMINISTRAÇÃO GERAL";"2024";"1346";"";"0";"0";"100012604";"FOLHA DE PAGAMENTO";"45780103000150";"";"0";"PROPRIA";"31901632";"SUBSTITUIÇÕES  RPPS";"FOLHA DE PAGAMENTO";"3316.96";"2024";"L";"11/01/2024";"0";"01/01/2024";"31/01/2024";"17"
"UNIDADE DE GESTÃO DE SEGURANÇA MUNICIPAL";"6";"SEGURANÇA PÚBLICA";"122";"ADMINISTRAÇÃO GERAL";"2024";"1347";"";"0";"0";"100012604";"FOLHA DE PAGAMENTO";"45780103000150";"";"0";"PROPRIA";"31901101";"VENCIMENTO E SALARIOS";"FOLHA DE PAGAMENTO";"5641.95";"2024";"L";"11/01/2024";"0";"01/01/2024";"31/01/2024";"19"
"UNIDADE DE GESTÃO DE SEGURANÇA MUNICIPAL";"6";"SEGURANÇA PÚBLICA";"122";"ADMINISTRAÇÃO GERAL";"2024";"1348";"";"0";"0";"100012604";"FOLHA DE PAGAMENTO";"45780103000150";"";"0";"PROPRIA";"31901101";"VENCIMENTO E SALARIOS";"FOLHA DE PAGAMENTO";"13452.79";"2024";"L";"11/01/2024";"0";"01/01/2024";"31/01/2024";"19"
"UNIDADE DE GESTÃO DE SEGURANÇA MUNICIPAL";"6";"SEGURANÇA PÚBLICA";"122";"ADMINISTRAÇÃO GERAL";"2024";"1349";"";"0";"0";"100012604";"FOLHA DE PAGAMENTO";"45780103000150";"";"0";"PROPRIA";"31901101";"VENCIMENTO E SALARIOS";"FOLHA DE PAGAMENTO";"800378.53";"2024";"L";"11/01/2024";"0";"01/01/2024";"31/01/2024";"19"
"UNIDADE DE GESTÃO DE SEGURANÇA MUNICIPAL";"6";"SEGURANÇA PÚBLICA";"122";"ADMINISTRAÇÃO GERAL";"2024";"1350";"";"0";"0";"100012604";"FOLHA DE PAGAMENTO";"45780103000150";"";"0";"PROPRIA";"31901131";"GRATIFICACOES POR EXERCICIO DE  CARGO";"FOLHA DE PAGAMENTO";"7798.32";"2024";"L";"11/01/2024";"0";"01/01/2024";"31/01/2024";"19"
"UNIDADE DE GESTÃO DE SEGURANÇA MUNICIPAL";"6";"SEGURANÇA PÚBLICA";"122";"ADMINISTRAÇÃO GERAL";"2024";"1351";"";"0";"0";"100012604";"FOLHA DE PAGAMENTO";"45780103000150";"";"0";"PROPRIA";"31901133";"GRATIFICACOES POR EXERCICIO DE  FUNCOES";"FOLHA DE PAGAMENTO";"235921.19";"2024";"L";"11/01/2024";"0";"01/01/2024";"31/01/2024";"19"
"UNIDADE DE GESTÃO DE SEGURANÇA MUNICIPAL";"6";"SEGURANÇA PÚBLICA";"122";"ADMINISTRAÇÃO GERAL";"2024";"1352";"";"0";"0";"100012604";"FOLHA DE PAGAMENTO";"45780103000150";"";"0";"PROPRIA";"31901133";"GRATIFICACOES POR EXERCICIO DE  FUNCOES";"FOLHA DE PAGAMENTO";"1158.96";"2024";"L";"11/01/2024";"0";"01/01/2024";"31/01/2024";"19"
"UNIDADE DE GESTÃO DE SEGURANÇA MUNICIPAL";"6";"SEGURANÇA PÚBLICA";"122";"ADMINISTRAÇÃO GERAL";"2024";"1353";"";"0";"0";"100012604";"FOLHA DE PAGAMENTO";"45780103000150";"";"0";"PROPRIA";"31901137";"GRATIFICACOES POR TEMPO DE SERVICO";"FOLHA DE PAGAMENTO";"155300.28";"2024";"L";"11/01/2024";"0";"01/01/2024";"31/01/2024";"19"
"UNIDADE DE GESTÃO DE SEGURANÇA MUNICIPAL";"6";"SEGURANÇA PÚBLICA";"122";"ADMINISTRAÇÃO GERAL";"2024";"1354";"";"0";"0";"100012604";"FOLHA DE PAGAMENTO";"45780103000150";"";"0";"PROPRIA";"31901137";"GRATIFICACOES POR TEMPO DE SERVICO";"FOLHA DE PAGAMENTO";"4708.47";"2024";"L";"11/01/2024";"0";"01/01/2024";"31/01/2024";"19"
"UNIDADE DE GESTÃO DE SEGURANÇA MUNICIPAL";"6";"SEGURANÇA PÚBLICA";"122";"ADMINISTRAÇÃO GERAL";"2024";"1355";"";"0";"0";"100012604";"FOLHA DE PAGAMENTO";"45780103000150";"";"0";"PROPRIA";"31901632";"SUBSTITUIÇÕES  RPPS";"FOLHA DE PAGAMENTO";"3853.18";"2024";"L";"11/01/2024";"0";"01/01/2024";"31/01/2024";"19"
"UNIDADE DE GESTÃO DE CULTURA";"13";"CULTURA";"122";"ADMINISTRAÇÃO GERAL";"2024";"1356";"";"0";"0";"100012604";"FOLHA DE PAGAMENTO";"45780103000150";"";"0";"PROPRIA";"31901101";"VENCIMENTO E SALARIOS";"FOLHA DE PAGAMENTO";"93377.57";"2024";"L";"11/01/2024";"0";"01/01/2024";"31/01/2024";"22"
"UNIDADE DE GESTÃO DE CULTURA";"13";"CULTURA";"122";"ADMINISTRAÇÃO GERAL";"2024";"1357";"";"0";"0";"100012604";"FOLHA DE PAGAMENTO";"45780103000150";"";"0";"PROPRIA";"31901101";"VENCIMENTO E SALARIOS";"FOLHA DE PAGAMENTO";"38652.45";"2024";"L";"11/01/2024";"0";"01/01/2024";"31/01/2024";"22"
"UNIDADE DE GESTÃO DE CULTURA";"13";"CULTURA";"122";"ADMINISTRAÇÃO GERAL";"2024";"1358";"";"0";"0";"100012604";"FOLHA DE PAGAMENTO";"45780103000150";"";"0";"PROPRIA";"31901101";"VENCIMENTO E SALARIOS";"FOLHA DE PAGAMENTO";"8890.55";"2024";"L";"11/01/2024";"0";"01/01/2024";"31/01/2024";"22"
"UNIDADE DE GESTÃO DE CULTURA";"13";"CULTURA";"122";"ADMINISTRAÇÃO GERAL";"2024";"1359";"";"0";"0";"100012604";"FOLHA DE PAGAMENTO";"45780103000150";"";"0";"PROPRIA";"31901131";"GRATIFICACOES POR EXERCICIO DE  CARGO";"FOLHA DE PAGAMENTO";"1054.04";"2024";"L";"11/01/2024";"0";"01/01/2024";"31/01/2024";"22"
"UNIDADE DE GESTÃO DE CULTURA";"13";"CULTURA";"122";"ADMINISTRAÇÃO GERAL";"2024";"1360";"";"0";"0";"100012604";"FOLHA DE PAGAMENTO";"45780103000150";"";"0";"PROPRIA";"31901133";"GRATIFICACOES POR EXERCICIO DE  FUNCOES";"FOLHA DE PAGAMENTO";"6447.51";"2024";"L";"11/01/2024";"0";"01/01/2024";"31/01/2024";"22"
"UNIDADE DE GESTÃO DE CULTURA";"13";"CULTURA";"122";"ADMINISTRAÇÃO GERAL";"2024";"1361";"";"0";"0";"100012604";"FOLHA DE PAGAMENTO";"45780103000150";"";"0";"PROPRIA";"31901137";"GRATIFICACOES POR TEMPO DE SERVICO";"FOLHA DE PAGAMENTO";"12891.37";"2024";"L";"11/01/2024";"0";"01/01/2024";"31/01/2024";"22"
"UNIDADE DE GESTÃO DE CULTURA";"13";"CULTURA";"122";"ADMINISTRAÇÃO GERAL";"2024";"1362";"";"0";"0";"100012604";"FOLHA DE PAGAMENTO";"45780103000150";"";"0";"PROPRIA";"31901137";"GRATIFICACOES POR TEMPO DE SERVICO";"FOLHA DE PAGAMENTO";"4593.75";"2024";"L";"11/01/2024";"0";"01/01/2024";"31/01/2024";"22"
"UNIDADE DE GESTÃO DE ESPORTE E LAZER";"27";"DESPORTO E LAZER";"812";"DESPORTO COMUNITÁRIO";"2024";"1363";"";"0";"0";"100012604";"FOLHA DE PAGAMENTO";"45780103000150";"";"0";"PROPRIA";"31901101";"VENCIMENTO E SALARIOS";"FOLHA DE PAGAMENTO";"22196.07";"2024";"L";"11/01/2024";"0";"01/01/2024";"31/01/2024";"23"
"UNIDADE DE GESTÃO DE ESPORTE E LAZER";"27";"DESPORTO E LAZER";"812";"DESPORTO COMUNITÁRIO";"2024";"1364";"";"0";"0";"100012604";"FOLHA DE PAGAMENTO";"45780103000150";"";"0";"PROPRIA";"31901101";"VENCIMENTO E SALARIOS";"FOLHA DE PAGAMENTO";"148058.35";"2024";"L";"11/01/2024";"0";"01/01/2024";"31/01/2024";"23"
"UNIDADE DE GESTÃO DE ESPORTE E LAZER";"27";"DESPORTO E LAZER";"812";"DESPORTO COMUNITÁRIO";"2024";"1365";"";"0";"0";"100012604";"FOLHA DE PAGAMENTO";"45780103000150";"";"0";"PROPRIA";"31901101";"VENCIMENTO E SALARIOS";"FOLHA DE PAGAMENTO";"21792.74";"2024";"L";"11/01/2024";"0";"01/01/2024";"31/01/2024";"23"
"UNIDADE DE GESTÃO DE ESPORTE E LAZER";"27";"DESPORTO E LAZER";"812";"DESPORTO COMUNITÁRIO";"2024";"1366";"";"0";"0";"100012604";"FOLHA DE PAGAMENTO";"45780103000150";"";"0";"PROPRIA";"31901131";"GRATIFICACOES POR EXERCICIO DE  CARGO";"FOLHA DE PAGAMENTO";"8506.56";"2024";"L";"11/01/2024";"0";"01/01/2024";"31/01/2024";"23"
"UNIDADE DE GESTÃO DE ESPORTE E LAZER";"27";"DESPORTO E LAZER";"812";"DESPORTO COMUNITÁRIO";"2024";"1367";"";"0";"0";"100012604";"FOLHA DE PAGAMENTO";"45780103000150";"";"0";"PROPRIA";"31901133";"GRATIFICACOES POR EXERCICIO DE  FUNCOES";"FOLHA DE PAGAMENTO";"9313.96";"2024";"L";"11/01/2024";"0";"01/01/2024";"31/01/2024";"23"
"UNIDADE DE GESTÃO DE ESPORTE E LAZER";"27";"DESPORTO E LAZER";"812";"DESPORTO COMUNITÁRIO";"2024";"1368";"";"0";"0";"100012604";"FOLHA DE PAGAMENTO";"45780103000150";"";"0";"PROPRIA";"31901137";"GRATIFICACOES POR TEMPO DE SERVICO";"FOLHA DE PAGAMENTO";"10437.21";"2024";"L";"11/01/2024";"0";"01/01/2024";"31/01/2024";"23"
"UNIDADE DE GESTÃO DE ESPORTE E LAZER";"27";"DESPORTO E LAZER";"812";"DESPORTO COMUNITÁRIO";"2024";"1369";"";"0";"0";"100012604";"FOLHA DE PAGAMENTO";"45780103000150";"";"0";"PROPRIA";"31901137";"GRATIFICACOES POR TEMPO DE SERVICO";"FOLHA DE PAGAMENTO";"32207.2";"2024";"L";"11/01/2024";"0";"01/01/2024";"31/01/2024";"23"
"UNIDADE DE GESTÃO DE ESPORTE E LAZER";"27";"DESPORTO E LAZER";"812";"DESPORTO COMUNITÁRIO";"2024";"1370";"";"0";"0";"100012604";"FOLHA DE PAGAMENTO";"45780103000150";"";"0";"PROPRIA";"31901632";"SUBSTITUIÇÕES  RPPS";"FOLHA DE PAGAMENTO";"3239.11";"2024";"L";"11/01/2024";"0";"01/01/2024";"31/01/2024";"23"
"UNIDADE DE GESTÃO DE GOVERNO E FINANÇAS";"28";"ENCARGOS ESPECIAIS";"846";"OUTROS ENCARGOS ESPECIAIS";"2024";"1371";"";"0";"0";"100035879";"VANIA DE ALMEIDA ROSA";"08316174898";"";"0";"PROPRIA";"33909115";"SENTENÇAS JUDICIAIS DE PEQUENO VALOR";"DESPESAS OBRIGATORIAS E/OU JUDICIAIS(P. FISICAS).";"781.1";"2024";"L";"11/01/2024";"0";"01/01/2024";"31/01/2024";"8"
"UNIDADE DE GESTÃO DE GOVERNO E FINANÇAS";"28";"ENCARGOS ESPECIAIS";"846";"OUTROS ENCARGOS ESPECIAIS";"2024";"1372";"";"0";"0";"100043979";"EDGAR ANTONIO DE JESUS";"13205153804";"";"0";"PROPRIA";"33909115";"SENTENÇAS JUDICIAIS DE PEQUENO VALOR";"DESPESAS OBRIGATORIAS E/OU JUDICIAIS(P. FISICAS).";"2937.44";"2024";"L";"11/01/2024";"0";"01/01/2024";"31/01/2024";"8"
"UNIDADE DE GESTÃO DE GOVERNO E FINANÇAS";"28";"ENCARGOS ESPECIAIS";"846";"OUTROS ENCARGOS ESPECIAIS";"2024";"1373";"";"0";"0";"100048101";"PAULO RICARDO CHENQUER";"27958696833";"";"0";"PROPRIA";"33909115";"SENTENÇAS JUDICIAIS DE PEQUENO VALOR";"DESPESAS OBRIGATORIAS E/OU JUDICIAIS(P. FISICAS).";"1151.78";"2024";"L";"11/01/2024";"0";"01/01/2024";"31/01/2024";"8"
"UNIDADE DE GESTÃO DE GOVERNO E FINANÇAS";"28";"ENCARGOS ESPECIAIS";"846";"OUTROS ENCARGOS ESPECIAIS";"2024";"1374";"";"0";"0";"100035879";"VANIA DE ALMEIDA ROSA";"08316174898";"";"0";"PROPRIA";"33909115";"SENTENÇAS JUDICIAIS DE PEQUENO VALOR";"DESPESAS OBRIGATORIAS E/OU JUDICIAIS(P. FISICAS).";"1256.59";"2024";"L";"11/01/2024";"0";"01/01/2024";"31/01/2024";"8"
"UNIDADE DE GESTÃO DE GOVERNO E FINANÇAS";"28";"ENCARGOS ESPECIAIS";"846";"OUTROS ENCARGOS ESPECIAIS";"2024";"1375";"";"0";"0";"100042712";"ALINE MONIQUE ARAÚJO";"22975546807";"";"0";"PROPRIA";"33909115";"SENTENÇAS JUDICIAIS DE PEQUENO VALOR";"DESPESAS OBRIGATORIAS E/OU JUDICIAIS(P. FISICAS).";"1318.9";"2024";"L";"11/01/2024";"0";"01/01/2024";"31/01/2024";"8"
"UNIDADE GESTÃO DE ASSISTÊNCIA E DESENVOLV. SOCIAL";"8";"ASSISTÊNCIA SOCIAL";"244";"ASSISTÊNCIA COMUNITÁRIA";"2024";"1377";"";"0";"0";"4010880";"LAR NOSSA SENHORA DAS GRAÇAS";"61000683001062";"";"0";"PROPRIA";"33503901";"TERMO DE COLABORAÇÃO";"CONVENIO MROSC - LEI 13019/2014 - MARCO REGUL.ORG.SOC.CIVIL";"218029.77";"2024";"L";"16/01/2024";"0";"01/01/2024";"31/01/2024";"15"
"UNIDADE DE GESTÃO DE MOBILIDADE E TRANSPORTE";"15";"URBANISMO";"122";"ADMINISTRAÇÃO GERAL";"2024";"1378";"";"0";"0";"100012604";"FOLHA DE PAGAMENTO";"45780103000150";"";"0";"PROPRIA";"31901101";"VENCIMENTO E SALARIOS";"FOLHA DE PAGAMENTO";"1756.74";"2024";"L";"11/01/2024";"0";"01/01/2024";"31/01/2024";"12"
"UNIDADE DE GESTÃO DE MOBILIDADE E TRANSPORTE";"15";"URBANISMO";"122";"ADMINISTRAÇÃO GERAL";"2024";"1379";"";"0";"0";"100012604";"FOLHA DE PAGAMENTO";"45780103000150";"";"0";"PROPRIA";"31901142";"FÉRIAS INDENIZADAS";"FOLHA DE PAGAMENTO";"20077.02";"2024";"L";"11/01/2024";"0";"01/01/2024";"31/01/2024";"12"
"UNIDADE DE GESTÃO DE MOBILIDADE E TRANSPORTE";"15";"URBANISMO";"122";"ADMINISTRAÇÃO GERAL";"2024";"1380";"";"0";"0";"4016168";"I.N.S.S -INST.NACIONAL DE SEGURO SOCIAL";"29979036000140";"";"0";"PROPRIA";"31901302";"CONTRIBUICOES PREVIDENCIARIAS - INSS";"FOLHA DE PAGAMENTO";"394.48";"2024";"L";"11/01/2024";"0";"01/01/2024";"31/01/2024";"12"
"UNIDADE DE GESTÃO DE MOBILIDADE E TRANSPORTE";"15";"URBANISMO";"122";"ADMINISTRAÇÃO GERAL";"2024";"1381";"";"0";"0";"100012604";"FOLHA DE PAGAMENTO";"45780103000150";"";"0";"PROPRIA";"33904901";"INDENIZACAO AUXILIO TRANSPORTE";"FOLHA DE PAGAMENTO";"110";"2024";"L";"11/01/2024";"0";"01/01/2024";"31/01/2024";"12"
"UNIDADE GESTÃO DE ASSISTÊNCIA E DESENVOLV. SOCIAL";"8";"ASSISTÊNCIA SOCIAL";"244";"ASSISTÊNCIA COMUNITÁRIA";"2024";"1382";"";"0";"0";"100003205";"REDE DE ASSIST VICENTINA DE JUNDIAI";"50971720000172";"";"0";"PROPRIA";"33503901";"TERMO DE COLABORAÇÃO";"CONVENIO MROSC - LEI 13019/2014 - MARCO REGUL.ORG.SOC.CIVIL";"218029.78";"2024";"L";"16/01/2024";"0";"01/01/2024";"31/01/2024";"15"
"UNIDADE DE GESTÃO DE GOVERNO E FINANÇAS";"28";"ENCARGOS ESPECIAIS";"846";"OUTROS ENCARGOS ESPECIAIS";"2024";"1384";"";"0";"0";"100048608";"KAREN ALMEIDA DOS REIS";"43732775836";"";"0";"PROPRIA";"33909115";"SENTENÇAS JUDICIAIS DE PEQUENO VALOR";"DESPESAS OBRIGATORIAS E/OU JUDICIAIS(P. FISICAS).";"11425.18";"2024";"L";"15/01/2024";"0";"01/01/2024";"31/01/2024";"8"
"UNIDADE GESTÃO DE ASSISTÊNCIA E DESENVOLV. SOCIAL";"8";"ASSISTÊNCIA SOCIAL";"244";"ASSISTÊNCIA COMUNITÁRIA";"2024";"1385";"";"0";"0";"7040647";"SOS - SERVICO DE OBRAS SOCIAIS";"50951466000140";"";"0";"PROPRIA";"33503901";"TERMO DE COLABORAÇÃO";"CONVENIO MROSC - LEI 13019/2014 - MARCO REGUL.ORG.SOC.CIVIL";"84703.24";"2024";"L";"16/01/2024";"0";"01/01/2024";"31/01/2024";"15"
"UNIDADE GESTÃO DE ASSISTÊNCIA E DESENVOLV. SOCIAL";"8";"ASSISTÊNCIA SOCIAL";"244";"ASSISTÊNCIA COMUNITÁRIA";"2024";"1390";"";"0";"0";"100011787";"ACOLHIMENTO BOM PASTOR";"04115907000157";"";"0";"PROPRIA";"33503901";"TERMO DE COLABORAÇÃO";"CONVENIO MROSC - LEI 13019/2014 - MARCO REGUL.ORG.SOC.CIVIL";"39578.58";"2024";"L";"16/01/2024";"0";"01/01/2024";"31/01/2024";"15"
"UNIDADE DE GESTÃO DE CULTURA";"13";"CULTURA";"392";"DIFUSÃO CULTURAL";"2024";"1393";"2024";"21";"1";"100040861";"SILVIA DONIZETE MARCELINO 08782933880";"28541281000109";"COMPRA DIRETA";"0";"PROPRIA";"33903999";"OUTROS SERVICOS DE TERCEIROS - PESSOA JURIDICA";"SHOW ARTISTICO";"6360";"2024";"L";"26/01/2024";"0";"01/01/2024";"31/01/2024";"22"
"UNIDADE GESTÃO DE ASSISTÊNCIA E DESENVOLV. SOCIAL";"8";"ASSISTÊNCIA SOCIAL";"244";"ASSISTÊNCIA COMUNITÁRIA";"2024";"1397";"";"0";"0";"100011787";"ACOLHIMENTO BOM PASTOR";"04115907000157";"";"0";"PROPRIA";"33503901";"TERMO DE COLABORAÇÃO";"CONVENIO MROSC - LEI 13019/2014 - MARCO REGUL.ORG.SOC.CIVIL";"32571.12";"2024";"L";"16/01/2024";"0";"01/01/2024";"31/01/2024";"15"
"UNIDADE DE GESTÃO DE GOVERNO E FINANÇAS";"28";"ENCARGOS ESPECIAIS";"846";"OUTROS ENCARGOS ESPECIAIS";"2024";"1399";"";"0";"0";"100035465";"ADAUTO LORENCETTI";"86960504872";"";"5403";"FUNDO MUNICIPAL DE TRANSITO - MULTAS";"33909302";"RESTITUICOES";"INDENIZACOES E/OU RESSARCIMENTOS(P. FISICA).";"104.13";"2024";"L";"15/01/2024";"0";"01/01/2024";"31/01/2024";"8"
"UNIDADE DE GESTÃO DE GOVERNO E FINANÇAS";"28";"ENCARGOS ESPECIAIS";"846";"OUTROS ENCARGOS ESPECIAIS";"2024";"1400";"";"0";"0";"100051123";"CB ROAD COMÉRCIO DE VEÍCULOS LTDA";"47756998000112";"";"0";"PROPRIA";"33909302";"RESTITUICOES";"INDENIZACOES E/OU RESSARCIMENTOS(P. JURIDICA).";"158.06";"2024";"L";"12/01/2024";"0";"01/01/2024";"31/01/2024";"8"
"UNIDADE DE GESTÃO DE GOVERNO E FINANÇAS";"28";"ENCARGOS ESPECIAIS";"846";"OUTROS ENCARGOS ESPECIAIS";"2024";"1403";"";"0";"0";"100053374";"CRISTIANE FERNANDA ZAIA RISSATO";"27079483816";"";"0";"PROPRIA";"33909302";"RESTITUICOES";"INDENIZACOES E/OU RESSARCIMENTOS(P. FISICA).";"166.18";"2024";"L";"12/01/2024";"0";"01/01/2024";"31/01/2024";"8"
"UNIDADE DE GESTÃO DE GOVERNO E FINANÇAS";"28";"ENCARGOS ESPECIAIS";"846";"OUTROS ENCARGOS ESPECIAIS";"2024";"1404";"";"0";"0";"100053374";"CRISTIANE FERNANDA ZAIA RISSATO";"27079483816";"";"0";"PROPRIA";"33909302";"RESTITUICOES";"INDENIZACOES E/OU RESSARCIMENTOS(P. FISICA).";"65.03";"2024";"L";"12/01/2024";"0";"01/01/2024";"31/01/2024";"8"
"UNIDADE DE GESTÃO DE GOVERNO E FINANÇAS";"28";"ENCARGOS ESPECIAIS";"846";"OUTROS ENCARGOS ESPECIAIS";"2024";"1405";"";"0";"0";"100053374";"CRISTIANE FERNANDA ZAIA RISSATO";"27079483816";"";"0";"PROPRIA";"33909302";"RESTITUICOES";"INDENIZACOES E/OU RESSARCIMENTOS(P. FISICA).";"194.04";"2024";"L";"12/01/2024";"0";"01/01/2024";"31/01/2024";"8"
"UNIDADE DE GESTÃO DE GOVERNO E FINANÇAS";"28";"ENCARGOS ESPECIAIS";"846";"OUTROS ENCARGOS ESPECIAIS";"2024";"1406";"";"0";"0";"100053377";"TOMÁS ERIKSON LAMAS";"14874412823";"";"0";"PROPRIA";"33909302";"RESTITUICOES";"INDENIZACOES E/OU RESSARCIMENTOS(P. FISICA).";"1385.05";"2024";"L";"24/01/2024";"0";"01/01/2024";"31/01/2024";"8"
"UNIDADE DE GESTÃO DE GOVERNO E FINANÇAS";"28";"ENCARGOS ESPECIAIS";"846";"OUTROS ENCARGOS ESPECIAIS";"2024";"1407";"";"0";"0";"100053317";"NOVA CLIMET - CLINICA DE MEDICINA DO TRABALHO LTDA";"41685437000193";"";"0";"PROPRIA";"33909302";"RESTITUICOES";"INDENIZACOES E/OU RESSARCIMENTOS(P. JURIDICA).";"108.61";"2024";"L";"17/01/2024";"0";"01/01/2024";"31/01/2024";"8"
"UNIDADE GESTÃO DE ASSISTÊNCIA E DESENVOLV. SOCIAL";"8";"ASSISTÊNCIA SOCIAL";"244";"ASSISTÊNCIA COMUNITÁRIA";"2024";"1414";"";"0";"0";"100011787";"ACOLHIMENTO BOM PASTOR";"04115907000157";"";"0";"PROPRIA";"33503901";"TERMO DE COLABORAÇÃO";"CONVENIO MROSC - LEI 13019/2014 - MARCO REGUL.ORG.SOC.CIVIL";"32346.14";"2024";"L";"16/01/2024";"0";"01/01/2024";"31/01/2024";"15"
"UNIDADE DE GESTÃO DE PROMOÇÃO DA SAÚDE";"10";"SAÚDE";"301";"ATENÇÃO BÁSICA";"2024";"1418";"2013";"83";"6";"100047205";"ACPM NEGOCIOS E PARTIC SOCIETARIAS LTDA E OUTRA";"18814089000195";"DISPENSA DE LICITACAO";"5002";"FUNDO NACIONAL DE SAUDE - PAB";"33903910";"LOCACAO DE IMOVEIS";"LOCACAO-IMOVEL - UNIDADE DE SAUDE";"6710";"2024";"L";"31/01/2024";"0";"01/01/2024";"31/01/2024";"14"
"UNIDADE GESTÃO DE ASSISTÊNCIA E DESENVOLV. SOCIAL";"8";"ASSISTÊNCIA SOCIAL";"244";"ASSISTÊNCIA COMUNITÁRIA";"2024";"1420";"";"0";"0";"100001021";"CASA SANTA MARTA";"02818105000188";"";"0";"PROPRIA";"33503901";"TERMO DE COLABORAÇÃO";"CONVENIO MROSC - LEI 13019/2014 - MARCO REGUL.ORG.SOC.CIVIL";"150000";"2024";"L";"16/01/2024";"0";"01/01/2024";"31/01/2024";"15"
"UNIDADE DE GESTÃO DE CULTURA";"13";"CULTURA";"392";"DIFUSÃO CULTURAL";"2024";"1421";"2024";"23";"1";"100026134";"KG CAVALCANTE ASSESSORIA ARTISTICA E PROMOCOES ME";"17897396000114";"COMPRA DIRETA";"0";"PROPRIA";"33903999";"OUTROS SERVICOS DE TERCEIROS - PESSOA JURIDICA";"SHOW ARTISTICO";"3000";"2024";"L";"23/01/2024";"0";"01/01/2024";"31/01/2024";"22"
"UNIDADE DE GESTÃO DE PROMOÇÃO DA SAÚDE";"10";"SAÚDE";"302";"ASSISTÊNCIA HOSPITALAR E AMBULATORIAL";"2024";"1423";"2019";"27";"5";"4033704";"INSTITUTO DE PATOLOGIA CARDOSO DE ALMEIDA LTDA EPP";"44657054000108";"INEXIGIBILIDADE";"5001";"FUNDO NACIONAL DE SAUDE - MS/SAS";"33903950";"SERVIÇO MÉDICO-HOSPITALAR. ODONTOLÓGICO E LABORATO";"EXAME-CITOPATOLOGIA";"2701.51";"2024";"L";"24/01/2024";"0";"01/01/2024";"31/01/2024";"14"
"UNIDADE DE GESTÃO DE CULTURA";"13";"CULTURA";"392";"DIFUSÃO CULTURAL";"2024";"1430";"2024";"26";"1";"100044410";"MAYARA RODRIGUES MANGA";"15043259000197";"COMPRA DIRETA";"0";"PROPRIA";"33903923";"FESTIVIDADES E HOMENAGENS";"SHOW MUSICAL";"5000";"2024";"L";"31/01/2024";"0";"01/01/2024";"31/01/2024";"22"
"UNIDADE GESTÃO DE ASSISTÊNCIA E DESENVOLV. SOCIAL";"8";"ASSISTÊNCIA SOCIAL";"244";"ASSISTÊNCIA COMUNITÁRIA";"2024";"1432";"2021";"54";"6";"100044868";"ANA CRISTINA GASPARI NIVOLONI";"05396307803";"DISPENSA DE LICITACAO";"0";"PROPRIA";"33903615";"LOCACAO DE IMOVEIS";"LOCACAO-IMOVEL";"12000";"2024";"L";"16/01/2024";"0";"01/01/2024";"31/01/2024";"15"
"UNIDADE DE GESTÃO DE EDUCAÇÃO";"12";"EDUCAÇÃO";"361";"ENSINO FUNDAMENTAL";"2024";"1437";"";"0";"0";"1008168";"ASSOC TERAP DE ESTIMO AUDITIVA E LINGUAGEM";"51910842000111";"";"0";"PROPRIA";"33503901";"TERMO DE COLABORAÇÃO";"CONVENIO MROSC - LEI 13019/2014 - MARCO REGUL.ORG.SOC.CIVIL";"16181.69";"2024";"L";"29/01/2024";"0";"01/01/2024";"31/01/2024";"13"
"UNIDADE DE GESTÃO DE EDUCAÇÃO";"12";"EDUCAÇÃO";"365";"EDUCAÇÃO INFANTIL";"2024";"1438";"";"0";"0";"1008168";"ASSOC TERAP DE ESTIMO AUDITIVA E LINGUAGEM";"51910842000111";"";"0";"PROPRIA";"33503901";"TERMO DE COLABORAÇÃO";"CONVENIO MROSC - LEI 13019/2014 - MARCO REGUL.ORG.SOC.CIVIL";"51242.02";"2024";"L";"29/01/2024";"0";"01/01/2024";"31/01/2024";"13"
"UNIDADE DE GESTÃO DE EDUCAÇÃO";"12";"EDUCAÇÃO";"361";"ENSINO FUNDAMENTAL";"2024";"1439";"";"0";"0";"1000587";"ASSOC. DE PAIS E AMIGOS DO EXCEP. APAE DE JUNDIAÍ";"50956440000195";"";"0";"PROPRIA";"33503901";"TERMO DE COLABORAÇÃO";"CONVENIO MROSC - LEI 13019/2014 - MARCO REGUL.ORG.SOC.CIVIL";"16259.44";"2024";"L";"29/01/2024";"0";"01/01/2024";"31/01/2024";"13"
"UNIDADE DE GESTÃO DE EDUCAÇÃO";"12";"EDUCAÇÃO";"365";"EDUCAÇÃO INFANTIL";"2024";"1440";"";"0";"0";"1000587";"ASSOC. DE PAIS E AMIGOS DO EXCEP. APAE DE JUNDIAÍ";"50956440000195";"";"0";"PROPRIA";"33503901";"TERMO DE COLABORAÇÃO";"CONVENIO MROSC - LEI 13019/2014 - MARCO REGUL.ORG.SOC.CIVIL";"57647.1";"2024";"L";"29/01/2024";"0";"01/01/2024";"31/01/2024";"13"
"UNIDADE DE GESTÃO DE EDUCAÇÃO";"12";"EDUCAÇÃO";"361";"ENSINO FUNDAMENTAL";"2024";"1441";"";"0";"0";"1000587";"ASSOC. DE PAIS E AMIGOS DO EXCEP. APAE DE JUNDIAÍ";"50956440000195";"";"0";"PROPRIA";"33503901";"TERMO DE COLABORAÇÃO";"CONVENIO MROSC - LEI 13019/2014 - MARCO REGUL.ORG.SOC.CIVIL";"48397.64";"2024";"L";"29/01/2024";"0";"01/01/2024";"31/01/2024";"13"
"UNIDADE DE GESTÃO DE EDUCAÇÃO";"12";"EDUCAÇÃO";"365";"EDUCAÇÃO INFANTIL";"2024";"1442";"";"0";"0";"1000587";"ASSOC. DE PAIS E AMIGOS DO EXCEP. APAE DE JUNDIAÍ";"50956440000195";"";"0";"PROPRIA";"33503901";"TERMO DE COLABORAÇÃO";"CONVENIO MROSC - LEI 13019/2014 - MARCO REGUL.ORG.SOC.CIVIL";"16132.54";"2024";"L";"29/01/2024";"0";"01/01/2024";"31/01/2024";"13"
"UNIDADE GESTÃO DE ASSISTÊNCIA E DESENVOLV. SOCIAL";"8";"ASSISTÊNCIA SOCIAL";"244";"ASSISTÊNCIA COMUNITÁRIA";"2024";"1444";"";"0";"0";"100033697";"ASSOCIAÇÃO ALMATER";"15670588000168";"";"0";"PROPRIA";"33503901";"TERMO DE COLABORAÇÃO";"CONVENIO MROSC - LEI 13019/2014 - MARCO REGUL.ORG.SOC.CIVIL";"53181.65";"2024";"L";"16/01/2024";"0";"01/01/2024";"31/01/2024";"15"
"UNIDADE DE GESTÃO DE CULTURA";"13";"CULTURA";"392";"DIFUSÃO CULTURAL";"2024";"1447";"2024";"28";"1";"100041164";"MARIA APARECIDA CLINI DREZZA 02436950806";"19030129000170";"COMPRA DIRETA";"0";"PROPRIA";"33903999";"OUTROS SERVICOS DE TERCEIROS - PESSOA JURIDICA";"SHOW ARTISTICO";"1600";"2024";"L";"30/01/2024";"0";"01/01/2024";"31/01/2024";"22"
"UNIDADE DE GESTÃO DE PROMOÇÃO DA SAÚDE";"10";"SAÚDE";"301";"ATENÇÃO BÁSICA";"2024";"1448";"2021";"97";"6";"100046033";"JOSÉ EDUARDO MARTINELLI E OUTRA";"72212861834";"DISPENSA DE LICITACAO";"5002";"FUNDO NACIONAL DE SAUDE - PAB";"33903615";"LOCACAO DE IMOVEIS";"LOCACAO-IMOVEL";"7188.01";"2024";"L";"31/01/2024";"0";"01/01/2024";"31/01/2024";"14"
"UNIDADE DE GESTÃO DE GOVERNO E FINANÇAS";"28";"ENCARGOS ESPECIAIS";"846";"OUTROS ENCARGOS ESPECIAIS";"2024";"1452";"";"0";"0";"100032865";"AUTOMALOGICA SISTEMAS PARA AUTOMAÇÃO LTDA";"08574081000145";"";"0";"PROPRIA";"33909302";"RESTITUICOES";"INDENIZACOES E/OU RESSARCIMENTOS(P. JURIDICA).";"2611.23";"2024";"L";"17/01/2024";"0";"01/01/2024";"31/01/2024";"8"
"UNIDADE DE GESTÃO DE GOVERNO E FINANÇAS";"28";"ENCARGOS ESPECIAIS";"846";"OUTROS ENCARGOS ESPECIAIS";"2024";"1453";"";"0";"0";"100053386";"ROSILEI CRISTINA ZANUSSO";"18452682883";"";"0";"PROPRIA";"33909302";"RESTITUICOES";"INDENIZACOES E/OU RESSARCIMENTOS(P. FISICA).";"999.15";"2024";"L";"17/01/2024";"0";"01/01/2024";"31/01/2024";"8"
"UNIDADE DE GESTÃO DE GOVERNO E FINANÇAS";"28";"ENCARGOS ESPECIAIS";"846";"OUTROS ENCARGOS ESPECIAIS";"2024";"1454";"";"0";"0";"100053389";"WE MONT ENG. E CONST. E MONTAGENS LTDA";"26665394000190";"";"0";"PROPRIA";"33909302";"RESTITUICOES";"INDENIZACOES E/OU RESSARCIMENTOS(P. JURIDICA).";"77.67";"2024";"L";"17/01/2024";"0";"01/01/2024";"31/01/2024";"8"
"UNIDADE DE GESTÃO DE GOVERNO E FINANÇAS";"28";"ENCARGOS ESPECIAIS";"846";"OUTROS ENCARGOS ESPECIAIS";"2024";"1455";"";"0";"0";"100053391";"MAURICEIA APARECIDA DE OLIVEIRA";"06728136886";"";"0";"PROPRIA";"33909115";"SENTENÇAS JUDICIAIS DE PEQUENO VALOR";"DESPESAS OBRIGATORIAS E/OU JUDICIAIS(P. FISICAS).";"19157.51";"2024";"L";"12/01/2024";"0";"01/01/2024";"31/01/2024";"8"
"UNIDADE DE GESTÃO DE CULTURA";"13";"CULTURA";"392";"DIFUSÃO CULTURAL";"2024";"1457";"2024";"30";"1";"100028955";"FORMATHO DIGITAL PRINT LTDA. - ME";"14606849000118";"COMPRA DIRETA";"0";"PROPRIA";"33903963";"SERVICOS GRAFICOS";"CONFECCAO DE QUADRO EM CANVAS";"1960";"2024";"L";"26/01/2024";"0";"01/01/2024";"31/01/2024";"22"
"UNIDADE DE GESTÃO DE GOVERNO E FINANÇAS";"28";"ENCARGOS ESPECIAIS";"846";"OUTROS ENCARGOS ESPECIAIS";"2024";"1458";"";"0";"0";"100053392";"EDELAINE DOS SANTOS";"14837573827";"";"0";"PROPRIA";"33909115";"SENTENÇAS JUDICIAIS DE PEQUENO VALOR";"DESPESAS OBRIGATORIAS E/OU JUDICIAIS(P. FISICAS).";"12372.49";"2024";"L";"12/01/2024";"0";"01/01/2024";"31/01/2024";"8"
"UNIDADE DE GESTÃO DE CULTURA";"13";"CULTURA";"392";"DIFUSÃO CULTURAL";"2024";"1459";"2024";"30";"1";"100028955";"FORMATHO DIGITAL PRINT LTDA. - ME";"14606849000118";"COMPRA DIRETA";"0";"PROPRIA";"33903990";"SERVICOS DE PUBLICIDADE LEGAL";"CONFECCAO-PLACA PUBLICITARIA";"3500";"2024";"L";"26/01/2024";"0";"01/01/2024";"31/01/2024";"22"
"UNIDADE DE GESTÃO DE GOVERNO E FINANÇAS";"28";"ENCARGOS ESPECIAIS";"846";"OUTROS ENCARGOS ESPECIAIS";"2024";"1460";"";"0";"0";"100053393";"ANA LUCIA FERREIRA DE AZEVEDO";"07961211845";"";"0";"PROPRIA";"33909115";"SENTENÇAS JUDICIAIS DE PEQUENO VALOR";"DESPESAS OBRIGATORIAS E/OU JUDICIAIS(P. FISICAS).";"15197.53";"2024";"L";"12/01/2024";"0";"01/01/2024";"31/01/2024";"8"
"UNIDADE DE GESTÃO DE GOVERNO E FINANÇAS";"28";"ENCARGOS ESPECIAIS";"846";"OUTROS ENCARGOS ESPECIAIS";"2024";"1461";"";"0";"0";"100053394";"ALINE SOUZA SANTOS";"32606637895";"";"0";"PROPRIA";"33909115";"SENTENÇAS JUDICIAIS DE PEQUENO VALOR";"DESPESAS OBRIGATORIAS E/OU JUDICIAIS(P. FISICAS).";"6757.25";"2024";"L";"12/01/2024";"0";"01/01/2024";"31/01/2024";"8"
"UNIDADE DE GESTÃO DE GOVERNO E FINANÇAS";"28";"ENCARGOS ESPECIAIS";"846";"OUTROS ENCARGOS ESPECIAIS";"2024";"1465";"";"0";"0";"100053396";"JAIR ANTONIO TAVARES";"13756743829";"";"0";"PROPRIA";"33909115";"SENTENÇAS JUDICIAIS DE PEQUENO VALOR";"DESPESAS OBRIGATORIAS E/OU JUDICIAIS(P. FISICAS).";"17094";"2024";"L";"12/01/2024";"0";"01/01/2024";"31/01/2024";"8"
"UNIDADE DE GESTÃO DE GOVERNO E FINANÇAS";"28";"ENCARGOS ESPECIAIS";"846";"OUTROS ENCARGOS ESPECIAIS";"2024";"1470";"";"0";"0";"100053389";"WE MONT ENG. E CONST. E MONTAGENS LTDA";"26665394000190";"";"0";"PROPRIA";"33909302";"RESTITUICOES";"INDENIZACOES E/OU RESSARCIMENTOS(P. JURIDICA).";"75.42";"2024";"L";"17/01/2024";"0";"01/01/2024";"31/01/2024";"8"
"UNIDADE DE GESTÃO DE GOVERNO E FINANÇAS";"28";"ENCARGOS ESPECIAIS";"846";"OUTROS ENCARGOS ESPECIAIS";"2024";"1471";"";"0";"0";"100053397";"MARIA REGINA NICOLAU";"17928455889";"";"0";"PROPRIA";"33909115";"SENTENÇAS JUDICIAIS DE PEQUENO VALOR";"DESPESAS OBRIGATORIAS E/OU JUDICIAIS(P. FISICAS).";"8668";"2024";"L";"12/01/2024";"0";"01/01/2024";"31/01/2024";"8"
"UNIDADE DE GESTÃO DE GOVERNO E FINANÇAS";"28";"ENCARGOS ESPECIAIS";"846";"OUTROS ENCARGOS ESPECIAIS";"2024";"1476";"";"0";"0";"100053398";"HUMBERTO DA SILVA VITAL";"31797158805";"";"0";"PROPRIA";"33909115";"SENTENÇAS JUDICIAIS DE PEQUENO VALOR";"DESPESAS OBRIGATORIAS E/OU JUDICIAIS(P. FISICAS).";"10827.68";"2024";"L";"12/01/2024";"0";"01/01/2024";"31/01/2024";"8"
"UNIDADE DE GESTÃO DE GOVERNO E FINANÇAS";"28";"ENCARGOS ESPECIAIS";"846";"OUTROS ENCARGOS ESPECIAIS";"2024";"1477";"";"0";"0";"100053399";"JOEL DELFINO MACHADO";"71195963815";"";"0";"PROPRIA";"33909115";"SENTENÇAS JUDICIAIS DE PEQUENO VALOR";"DESPESAS OBRIGATORIAS E/OU JUDICIAIS(P. FISICAS).";"8436.14";"2024";"L";"12/01/2024";"0";"01/01/2024";"31/01/2024";"8"
"UNIDADE DE GESTÃO DE GOVERNO E FINANÇAS";"28";"ENCARGOS ESPECIAIS";"846";"OUTROS ENCARGOS ESPECIAIS";"2024";"1478";"";"0";"0";"100053389";"WE MONT ENG. E CONST. E MONTAGENS LTDA";"26665394000190";"";"0";"PROPRIA";"33909302";"RESTITUICOES";"INDENIZACOES E/OU RESSARCIMENTOS(P. JURIDICA).";"79.58";"2024";"L";"17/01/2024";"0";"01/01/2024";"31/01/2024";"8"
"UNIDADE DE GESTÃO DE PROMOÇÃO DA SAÚDE";"10";"SAÚDE";"305";"VIGILÂNCIA EPIDEMIOLÓGICA";"2024";"1479";"2021";"79";"6";"100045528";"DARCY SACOMANI DOS SANTOS";"11931601895";"DISPENSA DE LICITACAO";"5004";"FUNDO NACIONAL SAUDE-TETO FIN.EPID.E CONTR.DOENCAS";"33903615";"LOCACAO DE IMOVEIS";"LOCACAO-IMOVEL";"23457";"2024";"L";"31/01/2024";"0";"01/01/2024";"31/01/2024";"14"
"UNIDADE DE GESTÃO DE GOVERNO E FINANÇAS";"28";"ENCARGOS ESPECIAIS";"846";"OUTROS ENCARGOS ESPECIAIS";"2024";"1484";"";"0";"0";"100046115";"ANTONIO CARLOS ZAPAROLI";"37130609834";"";"0";"PROPRIA";"33909302";"RESTITUICOES";"INDENIZACOES E/OU RESSARCIMENTOS(P. FISICA).";"3317.69";"2024";"L";"15/01/2024";"0";"01/01/2024";"31/01/2024";"8"
"UNIDADE DE GESTÃO DE EDUCAÇÃO";"12";"EDUCAÇÃO";"365";"EDUCAÇÃO INFANTIL";"2024";"1488";"2023";"20";"5";"100037749";"CALEIDOSCOPIO ESCOLA INFANTIL LTDA ME";"29514583000150";"INEXIGIBILIDADE";"0";"PROPRIA";"33903965";"SERVIÇOS DE APOIO AO ENSINO";"FORNECIMENTO DE VAGAS EM CRECHES";"79040";"2024";"L";"31/01/2024";"0";"01/01/2024";"31/01/2024";"13"
"UNIDADE DE GESTÃO DE PROMOÇÃO DA SAÚDE";"10";"SAÚDE";"303";"SUPORTE PROFILÁTICO E TERAPÊUTICO";"2024";"1489";"2023";"7";"14";"1079573";"LUMAR COM. DE PRODUTOS FARMACEUTICOS LTDA";"49228695000152";"PREGÃO ELETRÔNICO";"0";"PROPRIA";"33903037";"MEDICAMENTOS FORNECIDOS POR DECISÃO JUDICIAL";"ALOGLIPTINA 25MG";"654";"2024";"L";"26/01/2024";"0";"01/01/2024";"31/01/2024";"14"
"UNIDADE DE GESTÃO DE EDUCAÇÃO";"12";"EDUCAÇÃO";"365";"EDUCAÇÃO INFANTIL";"2024";"1490";"2019";"14";"5";"100039704";"ROCHA & SANTOS EDUCACAO INFANTIL LTDA ME";"13723638000100";"INEXIGIBILIDADE";"0";"PROPRIA";"33903965";"SERVIÇOS DE APOIO AO ENSINO";"FORNECIMENTO DE VAGAS EM CRECHES - TEMPO PARCIAL";"34860";"2024";"L";"31/01/2024";"0";"01/01/2024";"31/01/2024";"13"
"UNIDADE DE GESTÃO DE PROMOÇÃO DA SAÚDE";"10";"SAÚDE";"303";"SUPORTE PROFILÁTICO E TERAPÊUTICO";"2024";"1492";"2023";"7";"14";"100005039";"PORTAL LTDA";"05005873000100";"PREGÃO ELETRÔNICO";"0";"PROPRIA";"33903009";"MATERIAL FARMACOLOGICO";"GLUCAGON 1MG/ML INJETAVEL 1ML";"228.16";"2024";"L";"26/01/2024";"0";"01/01/2024";"31/01/2024";"14"
"UNIDADE DE GESTÃO DE PROMOÇÃO DA SAÚDE";"10";"SAÚDE";"303";"SUPORTE PROFILÁTICO E TERAPÊUTICO";"2024";"1495";"2023";"7";"14";"100040398";"DUPATRI HOSPITALAR COM. IMP. E EXP. LTDA";"04027894000750";"PREGÃO ELETRÔNICO";"0";"PROPRIA";"33903037";"MEDICAMENTOS FORNECIDOS POR DECISÃO JUDICIAL";"FORMOTEROL FUMARATO + BUDESONIDA 6/200MCG SUSPENSAO AEROSSOL";"523.13";"2024";"L";"26/01/2024";"0";"01/01/2024";"31/01/2024";"14"
"UNIDADE DE GESTÃO DE PROMOÇÃO DA SAÚDE";"10";"SAÚDE";"303";"SUPORTE PROFILÁTICO E TERAPÊUTICO";"2024";"1497";"2023";"9";"14";"1008572";"INTERLAB FARMACEUTICA LTDA";"43295831000140";"PREGÃO ELETRÔNICO";"0";"PROPRIA";"33903037";"MEDICAMENTOS FORNECIDOS POR DECISÃO JUDICIAL";"ACIDO TIOCTICO 600 MG";"909.6";"2024";"L";"17/01/2024";"0";"01/01/2024";"31/01/2024";"14"
"UNIDADE DE GESTÃO DE PROMOÇÃO DA SAÚDE";"10";"SAÚDE";"303";"SUPORTE PROFILÁTICO E TERAPÊUTICO";"2024";"1497";"2023";"9";"14";"1008572";"INTERLAB FARMACEUTICA LTDA";"43295831000140";"PREGÃO ELETRÔNICO";"0";"PROPRIA";"33903037";"MEDICAMENTOS FORNECIDOS POR DECISÃO JUDICIAL";"METILFENIDATO 30MG (LA)";"999";"2024";"L";"24/01/2024";"0";"01/01/2024";"31/01/2024";"14"
"UNIDADE DE GESTÃO DE PROMOÇÃO DA SAÚDE";"10";"SAÚDE";"303";"SUPORTE PROFILÁTICO E TERAPÊUTICO";"2024";"1498";"2023";"9";"14";"1066489";"AGLON COMERCIO E REPRESENTACOES LTDA";"65817900000171";"PREGÃO ELETRÔNICO";"0";"PROPRIA";"33903009";"MATERIAL FARMACOLOGICO";"PIRIDOSTIGMINA BROMETO 60MG";"138.24";"2024";"L";"24/01/2024";"0";"01/01/2024";"31/01/2024";"14"
"UNIDADE DE GESTÃO DE PROMOÇÃO DA SAÚDE";"10";"SAÚDE";"303";"SUPORTE PROFILÁTICO E TERAPÊUTICO";"2024";"1499";"2023";"9";"14";"100037935";"INDMED HOSPITALAR LTDA";"24614797000185";"PREGÃO ELETRÔNICO";"0";"PROPRIA";"33903009";"MATERIAL FARMACOLOGICO";"ACETILSALICILICO ACIDO 100 MG TAMPONADO";"105.96";"2024";"L";"19/01/2024";"0";"01/01/2024";"31/01/2024";"14"
"UNIDADE DE GESTÃO DE EDUCAÇÃO";"12";"EDUCAÇÃO";"365";"EDUCAÇÃO INFANTIL";"2024";"1500";"2019";"57";"5";"100026364";"CENTRO EDUCACIONAL PINGO DE GENTE LTDA ME";"03263424000137";"INEXIGIBILIDADE";"0";"PROPRIA";"33903965";"SERVIÇOS DE APOIO AO ENSINO";"FORNECIMENTO DE VAGAS EM CRECHES";"47280";"2024";"L";"31/01/2024";"0";"01/01/2024";"31/01/2024";"13"
"UNIDADE DE GESTÃO DE EDUCAÇÃO";"12";"EDUCAÇÃO";"365";"EDUCAÇÃO INFANTIL";"2024";"1504";"2023";"1";"5";"100037026";"SABER E APRENDER EDUCAÇÃO INFANTIL LTDA";"22180256000160";"INEXIGIBILIDADE";"0";"PROPRIA";"33903965";"SERVIÇOS DE APOIO AO ENSINO";"FORNECIMENTO DE VAGAS EM CRECHES";"31740";"2024";"L";"31/01/2024";"0";"01/01/2024";"31/01/2024";"13"
"UNIDADE GESTÃO DE AGRONEGÓCIO. ABASTEC. E TURISMO";"23";"COMÉRCIO E SERVIÇOS";"695";"TURISMO";"2024";"1506";"";"0";"0";"100034367";"ASSOCIACAO AGRICOLA DE JUNDIAI";"50980432000184";"";"911";"RECURSO CESSÃO DIREITO OPERAC. FOLHA DE PAGAMENTO";"33503902";"TERMO DE FOMENTO";"CONVENIO MROSC - LEI 13019/2014 - MARCO REGUL.ORG.SOC.CIVIL";"2236308";"2024";"L";"16/01/2024";"0";"01/01/2024";"31/01/2024";"17"
"UNIDADE DE GESTÃO DE EDUCAÇÃO";"12";"EDUCAÇÃO";"365";"EDUCAÇÃO INFANTIL";"2024";"1511";"2021";"37";"5";"100027304";"ASSOC. U.  B.  IRS. S. VICENTE DE PAULO DE GYSEGEM";"61000683001143";"INEXIGIBILIDADE";"0";"PROPRIA";"33903965";"SERVIÇOS DE APOIO AO ENSINO";"FORNECIMENTO DE VAGAS EM CRECHES";"270875";"2024";"L";"31/01/2024";"0";"01/01/2024";"31/01/2024";"13"
"UNIDADE DE GESTÃO DE GOVERNO E FINANÇAS";"28";"ENCARGOS ESPECIAIS";"846";"OUTROS ENCARGOS ESPECIAIS";"2024";"1512";"";"0";"0";"100043052";"HELIO FELIX DE SOUZA";"41610431391";"";"0";"PROPRIA";"33909199";"DIVERSAS SENTENCAS";"DESPESAS OBRIGATORIAS E/OU JUDICIAIS(P. FISICAS).";"1989.16";"2024";"L";"26/01/2024";"0";"01/01/2024";"31/01/2024";"8"
"UNIDADE DE GESTÃO DE GOVERNO E FINANÇAS";"28";"ENCARGOS ESPECIAIS";"846";"OUTROS ENCARGOS ESPECIAIS";"2024";"1512";"";"0";"0";"100043052";"HELIO FELIX DE SOUZA";"41610431391";"";"0";"PROPRIA";"33909199";"DIVERSAS SENTENCAS";"DESPESAS OBRIGATORIAS E/OU JUDICIAIS(P. FISICAS).";"1989.16";"2024";"L";"26/01/2024";"0";"01/01/2024";"31/01/2024";"8"
"UNIDADE DE GESTÃO DE GOVERNO E FINANÇAS";"28";"ENCARGOS ESPECIAIS";"846";"OUTROS ENCARGOS ESPECIAIS";"2024";"1512";"";"0";"0";"100043052";"HELIO FELIX DE SOUZA";"41610431391";"";"0";"PROPRIA";"33909199";"DIVERSAS SENTENCAS";"DESPESAS OBRIGATORIAS E/OU JUDICIAIS(P. FISICAS).";"1989.16";"2024";"L";"26/01/2024";"0";"01/01/2024";"31/01/2024";"8"
"UNIDADE DE GESTÃO DE GOVERNO E FINANÇAS";"28";"ENCARGOS ESPECIAIS";"846";"OUTROS ENCARGOS ESPECIAIS";"2024";"1512";"";"0";"0";"100043052";"HELIO FELIX DE SOUZA";"41610431391";"";"0";"PROPRIA";"33909199";"DIVERSAS SENTENCAS";"DESPESAS OBRIGATORIAS E/OU JUDICIAIS(P. FISICAS).";"1989.16";"2024";"L";"26/01/2024";"0";"01/01/2024";"31/01/2024";"8"
"UNIDADE DE GESTÃO DE GOVERNO E FINANÇAS";"28";"ENCARGOS ESPECIAIS";"846";"OUTROS ENCARGOS ESPECIAIS";"2024";"1512";"";"0";"0";"100043052";"HELIO FELIX DE SOUZA";"41610431391";"";"0";"PROPRIA";"33909199";"DIVERSAS SENTENCAS";"DESPESAS OBRIGATORIAS E/OU JUDICIAIS(P. FISICAS).";"1989.16";"2024";"L";"26/01/2024";"0";"01/01/2024";"31/01/2024";"8"
"UNIDADE DE GESTÃO DE GOVERNO E FINANÇAS";"28";"ENCARGOS ESPECIAIS";"846";"OUTROS ENCARGOS ESPECIAIS";"2024";"1512";"";"0";"0";"100043052";"HELIO FELIX DE SOUZA";"41610431391";"";"0";"PROPRIA";"33909199";"DIVERSAS SENTENCAS";"DESPESAS OBRIGATORIAS E/OU JUDICIAIS(P. FISICAS).";"1989.16";"2024";"L";"26/01/2024";"0";"01/01/2024";"31/01/2024";"8"
"UNIDADE DE GESTÃO DE GOVERNO E FINANÇAS";"28";"ENCARGOS ESPECIAIS";"846";"OUTROS ENCARGOS ESPECIAIS";"2024";"1512";"";"0";"0";"100043052";"HELIO FELIX DE SOUZA";"41610431391";"";"0";"PROPRIA";"33909199";"DIVERSAS SENTENCAS";"DESPESAS OBRIGATORIAS E/OU JUDICIAIS(P. FISICAS).";"1989.16";"2024";"L";"26/01/2024";"0";"01/01/2024";"31/01/2024";"8"
"UNIDADE DE GESTÃO DE GOVERNO E FINANÇAS";"28";"ENCARGOS ESPECIAIS";"846";"OUTROS ENCARGOS ESPECIAIS";"2024";"1512";"";"0";"0";"100043052";"HELIO FELIX DE SOUZA";"41610431391";"";"0";"PROPRIA";"33909199";"DIVERSAS SENTENCAS";"DESPESAS OBRIGATORIAS E/OU JUDICIAIS(P. FISICAS).";"1989.16";"2024";"L";"26/01/2024";"0";"01/01/2024";"31/01/2024";"8"
"UNIDADE DE GESTÃO DE GOVERNO E FINANÇAS";"28";"ENCARGOS ESPECIAIS";"846";"OUTROS ENCARGOS ESPECIAIS";"2024";"1512";"";"0";"0";"100043052";"HELIO FELIX DE SOUZA";"41610431391";"";"0";"PROPRIA";"33909199";"DIVERSAS SENTENCAS";"DESPESAS OBRIGATORIAS E/OU JUDICIAIS(P. FISICAS).";"1989.16";"2024";"L";"26/01/2024";"0";"01/01/2024";"31/01/2024";"8"
"UNIDADE DE GESTÃO DE GOVERNO E FINANÇAS";"28";"ENCARGOS ESPECIAIS";"846";"OUTROS ENCARGOS ESPECIAIS";"2024";"1513";"";"0";"0";"100003863";"LUIZ CORAINI";"01678870846";"";"0";"PROPRIA";"33909199";"DIVERSAS SENTENCAS";"DESPESAS OBRIGATORIAS E/OU JUDICIAIS(P. FISICAS).";"1066.62";"2024";"L";"18/01/2024";"0";"01/01/2024";"31/01/2024";"8"
"UNIDADE DE GESTÃO DE GOVERNO E FINANÇAS";"28";"ENCARGOS ESPECIAIS";"846";"OUTROS ENCARGOS ESPECIAIS";"2024";"1513";"";"0";"0";"100003863";"LUIZ CORAINI";"01678870846";"";"0";"PROPRIA";"33909199";"DIVERSAS SENTENCAS";"DESPESAS OBRIGATORIAS E/OU JUDICIAIS(P. FISICAS).";"1066.59";"2024";"L";"23/01/2024";"0";"01/01/2024";"31/01/2024";"8"
"UNIDADE DE GESTÃO DE GOVERNO E FINANÇAS";"28";"ENCARGOS ESPECIAIS";"846";"OUTROS ENCARGOS ESPECIAIS";"2024";"1513";"";"0";"0";"100003863";"LUIZ CORAINI";"01678870846";"";"0";"PROPRIA";"33909199";"DIVERSAS SENTENCAS";"DESPESAS OBRIGATORIAS E/OU JUDICIAIS(P. FISICAS).";"1066.62";"2024";"L";"23/01/2024";"0";"01/01/2024";"31/01/2024";"8"
"UNIDADE DE GESTÃO DE GOVERNO E FINANÇAS";"28";"ENCARGOS ESPECIAIS";"846";"OUTROS ENCARGOS ESPECIAIS";"2024";"1513";"";"0";"0";"100003863";"LUIZ CORAINI";"01678870846";"";"0";"PROPRIA";"33909199";"DIVERSAS SENTENCAS";"DESPESAS OBRIGATORIAS E/OU JUDICIAIS(P. FISICAS).";"1066.62";"2024";"L";"23/01/2024";"0";"01/01/2024";"31/01/2024";"8"
"UNIDADE DE GESTÃO DE GOVERNO E FINANÇAS";"28";"ENCARGOS ESPECIAIS";"846";"OUTROS ENCARGOS ESPECIAIS";"2024";"1513";"";"0";"0";"100003863";"LUIZ CORAINI";"01678870846";"";"0";"PROPRIA";"33909199";"DIVERSAS SENTENCAS";"DESPESAS OBRIGATORIAS E/OU JUDICIAIS(P. FISICAS).";"1066.62";"2024";"L";"23/01/2024";"0";"01/01/2024";"31/01/2024";"8"
"UNIDADE DE GESTÃO DE GOVERNO E FINANÇAS";"28";"ENCARGOS ESPECIAIS";"846";"OUTROS ENCARGOS ESPECIAIS";"2024";"1513";"";"0";"0";"100003863";"LUIZ CORAINI";"01678870846";"";"0";"PROPRIA";"33909199";"DIVERSAS SENTENCAS";"DESPESAS OBRIGATORIAS E/OU JUDICIAIS(P. FISICAS).";"1066.62";"2024";"L";"23/01/2024";"0";"01/01/2024";"31/01/2024";"8"
"UNIDADE DE GESTÃO DE GOVERNO E FINANÇAS";"28";"ENCARGOS ESPECIAIS";"846";"OUTROS ENCARGOS ESPECIAIS";"2024";"1513";"";"0";"0";"100003863";"LUIZ CORAINI";"01678870846";"";"0";"PROPRIA";"33909199";"DIVERSAS SENTENCAS";"DESPESAS OBRIGATORIAS E/OU JUDICIAIS(P. FISICAS).";"1066.62";"2024";"L";"23/01/2024";"0";"01/01/2024";"31/01/2024";"8"
"UNIDADE DE GESTÃO DE GOVERNO E FINANÇAS";"28";"ENCARGOS ESPECIAIS";"846";"OUTROS ENCARGOS ESPECIAIS";"2024";"1513";"";"0";"0";"100003863";"LUIZ CORAINI";"01678870846";"";"0";"PROPRIA";"33909199";"DIVERSAS SENTENCAS";"DESPESAS OBRIGATORIAS E/OU JUDICIAIS(P. FISICAS).";"1066.62";"2024";"L";"23/01/2024";"0";"01/01/2024";"31/01/2024";"8"
"UNIDADE DE GESTÃO DE GOVERNO E FINANÇAS";"28";"ENCARGOS ESPECIAIS";"846";"OUTROS ENCARGOS ESPECIAIS";"2024";"1513";"";"0";"0";"100003863";"LUIZ CORAINI";"01678870846";"";"0";"PROPRIA";"33909199";"DIVERSAS SENTENCAS";"DESPESAS OBRIGATORIAS E/OU JUDICIAIS(P. FISICAS).";"1066.62";"2024";"L";"23/01/2024";"0";"01/01/2024";"31/01/2024";"8"
"UNIDADE DE GESTÃO DE GOVERNO E FINANÇAS";"28";"ENCARGOS ESPECIAIS";"846";"OUTROS ENCARGOS ESPECIAIS";"2024";"1513";"";"0";"0";"100003863";"LUIZ CORAINI";"01678870846";"";"0";"PROPRIA";"33909199";"DIVERSAS SENTENCAS";"DESPESAS OBRIGATORIAS E/OU JUDICIAIS(P. FISICAS).";"1066.62";"2024";"L";"23/01/2024";"0";"01/01/2024";"31/01/2024";"8"
"UNIDADE DE GESTÃO DE GOVERNO E FINANÇAS";"28";"ENCARGOS ESPECIAIS";"846";"OUTROS ENCARGOS ESPECIAIS";"2024";"1513";"";"0";"0";"100003863";"LUIZ CORAINI";"01678870846";"";"0";"PROPRIA";"33909199";"DIVERSAS SENTENCAS";"DESPESAS OBRIGATORIAS E/OU JUDICIAIS(P. FISICAS).";"1066.62";"2024";"L";"23/01/2024";"0";"01/01/2024";"31/01/2024";"8"
"UNIDADE DE GESTÃO DE GOVERNO E FINANÇAS";"28";"ENCARGOS ESPECIAIS";"846";"OUTROS ENCARGOS ESPECIAIS";"2024";"1513";"";"0";"0";"100003863";"LUIZ CORAINI";"01678870846";"";"0";"PROPRIA";"33909199";"DIVERSAS SENTENCAS";"DESPESAS OBRIGATORIAS E/OU JUDICIAIS(P. FISICAS).";"1066.62";"2024";"L";"23/01/2024";"0";"01/01/2024";"31/01/2024";"8"
"UNIDADE DE GESTÃO DE GOVERNO E FINANÇAS";"28";"ENCARGOS ESPECIAIS";"846";"OUTROS ENCARGOS ESPECIAIS";"2024";"1514";"";"0";"0";"100005703";"JOICE FERNANDA OLIVEIRA";"35479830880";"";"0";"PROPRIA";"33909199";"DIVERSAS SENTENCAS";"DESPESAS OBRIGATORIAS E/OU JUDICIAIS(P. FISICAS).";"4236";"2024";"L";"18/01/2024";"0";"01/01/2024";"31/01/2024";"8"
"UNIDADE DE GESTÃO DE GOVERNO E FINANÇAS";"28";"ENCARGOS ESPECIAIS";"846";"OUTROS ENCARGOS ESPECIAIS";"2024";"1514";"";"0";"0";"100005703";"JOICE FERNANDA OLIVEIRA";"35479830880";"";"0";"PROPRIA";"33909199";"DIVERSAS SENTENCAS";"DESPESAS OBRIGATORIAS E/OU JUDICIAIS(P. FISICAS).";"4236";"2024";"L";"23/01/2024";"0";"01/01/2024";"31/01/2024";"8"
"UNIDADE DE GESTÃO DE GOVERNO E FINANÇAS";"28";"ENCARGOS ESPECIAIS";"846";"OUTROS ENCARGOS ESPECIAIS";"2024";"1514";"";"0";"0";"100005703";"JOICE FERNANDA OLIVEIRA";"35479830880";"";"0";"PROPRIA";"33909199";"DIVERSAS SENTENCAS";"DESPESAS OBRIGATORIAS E/OU JUDICIAIS(P. FISICAS).";"4236";"2024";"L";"23/01/2024";"0";"01/01/2024";"31/01/2024";"8"
"UNIDADE DE GESTÃO DE GOVERNO E FINANÇAS";"28";"ENCARGOS ESPECIAIS";"846";"OUTROS ENCARGOS ESPECIAIS";"2024";"1514";"";"0";"0";"100005703";"JOICE FERNANDA OLIVEIRA";"35479830880";"";"0";"PROPRIA";"33909199";"DIVERSAS SENTENCAS";"DESPESAS OBRIGATORIAS E/OU JUDICIAIS(P. FISICAS).";"4236";"2024";"L";"23/01/2024";"0";"01/01/2024";"31/01/2024";"8"
"UNIDADE DE GESTÃO DE GOVERNO E FINANÇAS";"28";"ENCARGOS ESPECIAIS";"846";"OUTROS ENCARGOS ESPECIAIS";"2024";"1514";"";"0";"0";"100005703";"JOICE FERNANDA OLIVEIRA";"35479830880";"";"0";"PROPRIA";"33909199";"DIVERSAS SENTENCAS";"DESPESAS OBRIGATORIAS E/OU JUDICIAIS(P. FISICAS).";"4236";"2024";"L";"23/01/2024";"0";"01/01/2024";"31/01/2024";"8"
"UNIDADE DE GESTÃO DE GOVERNO E FINANÇAS";"28";"ENCARGOS ESPECIAIS";"846";"OUTROS ENCARGOS ESPECIAIS";"2024";"1514";"";"0";"0";"100005703";"JOICE FERNANDA OLIVEIRA";"35479830880";"";"0";"PROPRIA";"33909199";"DIVERSAS SENTENCAS";"DESPESAS OBRIGATORIAS E/OU JUDICIAIS(P. FISICAS).";"4236";"2024";"L";"23/01/2024";"0";"01/01/2024";"31/01/2024";"8"
"UNIDADE DE GESTÃO DE GOVERNO E FINANÇAS";"28";"ENCARGOS ESPECIAIS";"846";"OUTROS ENCARGOS ESPECIAIS";"2024";"1514";"";"0";"0";"100005703";"JOICE FERNANDA OLIVEIRA";"35479830880";"";"0";"PROPRIA";"33909199";"DIVERSAS SENTENCAS";"DESPESAS OBRIGATORIAS E/OU JUDICIAIS(P. FISICAS).";"4236";"2024";"L";"23/01/2024";"0";"01/01/2024";"31/01/2024";"8"
"UNIDADE DE GESTÃO DE GOVERNO E FINANÇAS";"28";"ENCARGOS ESPECIAIS";"846";"OUTROS ENCARGOS ESPECIAIS";"2024";"1514";"";"0";"0";"100005703";"JOICE FERNANDA OLIVEIRA";"35479830880";"";"0";"PROPRIA";"33909199";"DIVERSAS SENTENCAS";"DESPESAS OBRIGATORIAS E/OU JUDICIAIS(P. FISICAS).";"4236";"2024";"L";"23/01/2024";"0";"01/01/2024";"31/01/2024";"8"
"UNIDADE DE GESTÃO DE GOVERNO E FINANÇAS";"28";"ENCARGOS ESPECIAIS";"846";"OUTROS ENCARGOS ESPECIAIS";"2024";"1514";"";"0";"0";"100005703";"JOICE FERNANDA OLIVEIRA";"35479830880";"";"0";"PROPRIA";"33909199";"DIVERSAS SENTENCAS";"DESPESAS OBRIGATORIAS E/OU JUDICIAIS(P. FISICAS).";"4236";"2024";"L";"23/01/2024";"0";"01/01/2024";"31/01/2024";"8"
"UNIDADE DE GESTÃO DE GOVERNO E FINANÇAS";"28";"ENCARGOS ESPECIAIS";"846";"OUTROS ENCARGOS ESPECIAIS";"2024";"1514";"";"0";"0";"100005703";"JOICE FERNANDA OLIVEIRA";"35479830880";"";"0";"PROPRIA";"33909199";"DIVERSAS SENTENCAS";"DESPESAS OBRIGATORIAS E/OU JUDICIAIS(P. FISICAS).";"4236";"2024";"L";"23/01/2024";"0";"01/01/2024";"31/01/2024";"8"
"UNIDADE DE GESTÃO DE GOVERNO E FINANÇAS";"28";"ENCARGOS ESPECIAIS";"846";"OUTROS ENCARGOS ESPECIAIS";"2024";"1514";"";"0";"0";"100005703";"JOICE FERNANDA OLIVEIRA";"35479830880";"";"0";"PROPRIA";"33909199";"DIVERSAS SENTENCAS";"DESPESAS OBRIGATORIAS E/OU JUDICIAIS(P. FISICAS).";"4236";"2024";"L";"23/01/2024";"0";"01/01/2024";"31/01/2024";"8"
"UNIDADE DE GESTÃO DE GOVERNO E FINANÇAS";"28";"ENCARGOS ESPECIAIS";"846";"OUTROS ENCARGOS ESPECIAIS";"2024";"1514";"";"0";"0";"100005703";"JOICE FERNANDA OLIVEIRA";"35479830880";"";"0";"PROPRIA";"33909199";"DIVERSAS SENTENCAS";"DESPESAS OBRIGATORIAS E/OU JUDICIAIS(P. FISICAS).";"4236";"2024";"L";"23/01/2024";"0";"01/01/2024";"31/01/2024";"8"
"UNIDADE DE GESTÃO DE EDUCAÇÃO";"12";"EDUCAÇÃO";"365";"EDUCAÇÃO INFANTIL";"2024";"1517";"2021";"38";"5";"4010831";"ASSOCIACAO LOURDES FERES KHAWALI";"51921831000137";"INEXIGIBILIDADE";"0";"PROPRIA";"33903965";"SERVIÇOS DE APOIO AO ENSINO";"FORNECIMENTO DE VAGAS EM CRECHES";"244280";"2024";"L";"31/01/2024";"0";"01/01/2024";"31/01/2024";"13"
"UNIDADE DE GESTÃO DE EDUCAÇÃO";"12";"EDUCAÇÃO";"365";"EDUCAÇÃO INFANTIL";"2024";"1518";"2021";"33";"5";"4011110";"LAR ANALIA FRANCO";"50969492000104";"INEXIGIBILIDADE";"0";"PROPRIA";"33903965";"SERVIÇOS DE APOIO AO ENSINO";"FORNECIMENTO DE VAGAS EM CRECHES";"123125";"2024";"L";"31/01/2024";"0";"01/01/2024";"31/01/2024";"13"
"UNIDADE DE GESTÃO DE EDUCAÇÃO";"12";"EDUCAÇÃO";"365";"EDUCAÇÃO INFANTIL";"2024";"1519";"2021";"35";"5";"4010872";"LAR CRECHE WILSON DE OLIVEIRA";"46988697000151";"INEXIGIBILIDADE";"0";"PROPRIA";"33903965";"SERVIÇOS DE APOIO AO ENSINO";"FORNECIMENTO DE VAGAS EM CRECHES";"19700";"2024";"L";"31/01/2024";"0";"01/01/2024";"31/01/2024";"13"
"UNIDADE DE GESTÃO DE CULTURA";"13";"CULTURA";"392";"DIFUSÃO CULTURAL";"2024";"1520";"2023";"4";"11";"100027290";"D COSTA ESCOLA DE MUSICA LTDA. ME";"10776119000104";"CONCURSO";"0";"PROPRIA";"33903923";"FESTIVIDADES E HOMENAGENS";"SHOW MUSICAL";"2500";"2024";"L";"23/01/2024";"0";"01/01/2024";"31/01/2024";"22"
"UNIDADE DE GESTÃO DE EDUCAÇÃO";"12";"EDUCAÇÃO";"365";"EDUCAÇÃO INFANTIL";"2024";"1521";"2021";"32";"5";"4010781";"CASA DA CRIANCA N.SENHORA DO DESTERRO";"50981687000161";"INEXIGIBILIDADE";"0";"PROPRIA";"33903965";"SERVIÇOS DE APOIO AO ENSINO";"FORNECIMENTO DE VAGAS EM CRECHES";"59100";"2024";"L";"31/01/2024";"0";"01/01/2024";"31/01/2024";"13"
"UNIDADE DE GESTÃO DE EDUCAÇÃO";"12";"EDUCAÇÃO";"365";"EDUCAÇÃO INFANTIL";"2024";"1522";"2021";"34";"5";"4010864";"LAR GALEAO COUTINHO";"50965003000138";"INEXIGIBILIDADE";"0";"PROPRIA";"33903965";"SERVIÇOS DE APOIO AO ENSINO";"FORNECIMENTO DE VAGAS EM CRECHES";"39400";"2024";"L";"31/01/2024";"0";"01/01/2024";"31/01/2024";"13"
"UNIDADE DE GESTÃO DE CULTURA";"13";"CULTURA";"392";"DIFUSÃO CULTURAL";"2024";"1526";"2023";"4";"11";"100026281";"RENATA IACOVINO 10264948858";"17366145000103";"CONCURSO";"0";"PROPRIA";"33903923";"FESTIVIDADES E HOMENAGENS";"SHOW MUSICAL";"2000";"2024";"L";"26/01/2024";"0";"01/01/2024";"31/01/2024";"22"
"UNIDADE DE GESTÃO DE EDUCAÇÃO";"12";"EDUCAÇÃO";"122";"ADMINISTRAÇÃO GERAL";"2024";"1527";"2021";"129";"14";"100005727";"DJ LOCAÇÃO DE EQUIPAMENTOS DE TI LTDA";"04839879000110";"PREGÃO ELETRÔNICO";"0";"PROPRIA";"33904001";"LOCAÇÃO DE EQUIPAMENTOS E SOFTWARE";"SERVICOS DE IMPRESSAO COM LOCACAO DE EQUIPAMENTOS";"484.02";"2024";"L";"19/01/2024";"0";"01/01/2024";"31/01/2024";"13"
"UNIDADE DE GESTÃO DE EDUCAÇÃO";"12";"EDUCAÇÃO";"361";"ENSINO FUNDAMENTAL";"2024";"1528";"2021";"129";"14";"100005727";"DJ LOCAÇÃO DE EQUIPAMENTOS DE TI LTDA";"04839879000110";"PREGÃO ELETRÔNICO";"0";"PROPRIA";"33904001";"LOCAÇÃO DE EQUIPAMENTOS E SOFTWARE";"SERVICOS DE IMPRESSAO COM LOCACAO DE EQUIPAMENTOS";"1355.26";"2024";"L";"19/01/2024";"0";"01/01/2024";"31/01/2024";"13"
"UNIDADE DE GESTÃO DE EDUCAÇÃO";"12";"EDUCAÇÃO";"361";"ENSINO FUNDAMENTAL";"2024";"1529";"2021";"129";"14";"100005727";"DJ LOCAÇÃO DE EQUIPAMENTOS DE TI LTDA";"04839879000110";"PREGÃO ELETRÔNICO";"0";"PROPRIA";"33904001";"LOCAÇÃO DE EQUIPAMENTOS E SOFTWARE";"SERVICOS DE IMPRESSAO COM LOCACAO DE EQUIPAMENTOS";"3388.15";"2024";"L";"19/01/2024";"0";"01/01/2024";"31/01/2024";"13"
"UNIDADE DE GESTÃO DE EDUCAÇÃO";"12";"EDUCAÇÃO";"361";"ENSINO FUNDAMENTAL";"2024";"1530";"2021";"129";"14";"100005727";"DJ LOCAÇÃO DE EQUIPAMENTOS DE TI LTDA";"04839879000110";"PREGÃO ELETRÔNICO";"0";"PROPRIA";"33904001";"LOCAÇÃO DE EQUIPAMENTOS E SOFTWARE";"SERVICOS DE IMPRESSAO COM LOCACAO DE EQUIPAMENTOS";"193.61";"2024";"L";"19/01/2024";"0";"01/01/2024";"31/01/2024";"13"
"UNIDADE DE GESTÃO DE EDUCAÇÃO";"12";"EDUCAÇÃO";"365";"EDUCAÇÃO INFANTIL";"2024";"1531";"2021";"129";"14";"100005727";"DJ LOCAÇÃO DE EQUIPAMENTOS DE TI LTDA";"04839879000110";"PREGÃO ELETRÔNICO";"0";"PROPRIA";"33904001";"LOCAÇÃO DE EQUIPAMENTOS E SOFTWARE";"SERVICOS DE IMPRESSAO COM LOCACAO DE EQUIPAMENTOS";"2129.7";"2024";"L";"19/01/2024";"0";"01/01/2024";"31/01/2024";"13"
"UNIDADE DE GESTÃO DE EDUCAÇÃO";"12";"EDUCAÇÃO";"365";"EDUCAÇÃO INFANTIL";"2024";"1532";"2021";"129";"14";"100005727";"DJ LOCAÇÃO DE EQUIPAMENTOS DE TI LTDA";"04839879000110";"PREGÃO ELETRÔNICO";"0";"PROPRIA";"33904001";"LOCAÇÃO DE EQUIPAMENTOS E SOFTWARE";"SERVICOS DE IMPRESSAO COM LOCACAO DE EQUIPAMENTOS";"2129.7";"2024";"L";"19/01/2024";"0";"01/01/2024";"31/01/2024";"13"
"UNIDADE DE GESTÃO DE CULTURA";"13";"CULTURA";"392";"DIFUSÃO CULTURAL";"2024";"1533";"2023";"4";"11";"100042342";"LRT ZAPAROLI SERVIÇOS E PRODUÇÕES ME";"31802480000138";"CONCURSO";"0";"PROPRIA";"33903999";"OUTROS SERVICOS DE TERCEIROS - PESSOA JURIDICA";"SHOW ARTISTICO";"2500";"2024";"L";"23/01/2024";"0";"01/01/2024";"31/01/2024";"22"
"UNIDADE DE GESTÃO DE CULTURA";"13";"CULTURA";"392";"DIFUSÃO CULTURAL";"2024";"1534";"2023";"5";"11";"100041337";"ROSELI ELISABETH A.SCHNELL PIZARRO 06869660824";"34112785000106";"CONCURSO";"0";"PROPRIA";"33903999";"OUTROS SERVICOS DE TERCEIROS - PESSOA JURIDICA";"SHOW ARTISTICO";"2000";"2024";"L";"22/01/2024";"0";"01/01/2024";"31/01/2024";"22"
"UNIDADE DE GESTÃO DE CULTURA";"13";"CULTURA";"392";"DIFUSÃO CULTURAL";"2024";"1535";"2023";"4";"11";"100053385";"JOSE ROBERTO MUSSELLI JUNIOR";"11984155000126";"CONCURSO";"0";"PROPRIA";"33903923";"FESTIVIDADES E HOMENAGENS";"SHOW MUSICAL";"3000";"2024";"L";"19/01/2024";"0";"01/01/2024";"31/01/2024";"22"
"UNIDADE DE GESTÃO DE CULTURA";"13";"CULTURA";"392";"DIFUSÃO CULTURAL";"2024";"1536";"2023";"5";"11";"100010483";"RAQUEL MATIAS MEDEIA 32660213801 ME";"48195105000170";"CONCURSO";"0";"PROPRIA";"33903923";"FESTIVIDADES E HOMENAGENS";"SHOW MUSICAL";"3000";"2024";"L";"22/01/2024";"0";"01/01/2024";"31/01/2024";"22"
"UNIDADE DE GESTÃO DE CULTURA";"13";"CULTURA";"392";"DIFUSÃO CULTURAL";"2024";"1537";"2023";"4";"11";"100034382";"DANIEL FERNANDO MATEUS";"24235893000112";"CONCURSO";"0";"PROPRIA";"33903999";"OUTROS SERVICOS DE TERCEIROS - PESSOA JURIDICA";"SHOW ARTISTICO";"1500";"2024";"L";"18/01/2024";"0";"01/01/2024";"31/01/2024";"22"
"UNIDADE DE GESTÃO DE CULTURA";"13";"CULTURA";"392";"DIFUSÃO CULTURAL";"2024";"1538";"2023";"4";"11";"100026134";"KG CAVALCANTE ASSESSORIA ARTISTICA E PROMOCOES ME";"17897396000114";"CONCURSO";"0";"PROPRIA";"33903923";"FESTIVIDADES E HOMENAGENS";"SHOW MUSICAL";"2500";"2024";"L";"23/01/2024";"0";"01/01/2024";"31/01/2024";"22"
"UNIDADE DE GESTÃO DE GOVERNO E FINANÇAS";"28";"ENCARGOS ESPECIAIS";"846";"OUTROS ENCARGOS ESPECIAIS";"2024";"1540";"";"0";"0";"100050970";"RECEITA FEDERAL";"00394460005887";"";"0";"PROPRIA";"33904715";"";"MULTAS DIVERSAS";"27021.76";"2024";"L";"11/01/2024";"0";"01/01/2024";"31/01/2024";"8"
"UNIDADE DE GESTÃO DE GOVERNO E FINANÇAS";"28";"ENCARGOS ESPECIAIS";"846";"OUTROS ENCARGOS ESPECIAIS";"2024";"1541";"";"0";"0";"100053400";"PRISCILA SANTOS BUENO";"31221943847";"";"0";"PROPRIA";"33909302";"RESTITUICOES";"INDENIZACOES E/OU RESSARCIMENTOS(P. FISICA).";"690.12";"2024";"L";"12/01/2024";"0";"01/01/2024";"31/01/2024";"8"
"UNIDADE DE GESTÃO DE GOVERNO E FINANÇAS";"28";"ENCARGOS ESPECIAIS";"846";"OUTROS ENCARGOS ESPECIAIS";"2024";"1542";"";"0";"0";"100053400";"PRISCILA SANTOS BUENO";"31221943847";"";"0";"PROPRIA";"33909302";"RESTITUICOES";"INDENIZACOES E/OU RESSARCIMENTOS(P. FISICA).";"694.72";"2024";"L";"12/01/2024";"0";"01/01/2024";"31/01/2024";"8"
"UNIDADE DE GESTÃO DE GOVERNO E FINANÇAS";"28";"ENCARGOS ESPECIAIS";"846";"OUTROS ENCARGOS ESPECIAIS";"2024";"1543";"";"0";"0";"100053400";"PRISCILA SANTOS BUENO";"31221943847";"";"0";"PROPRIA";"33909302";"RESTITUICOES";"INDENIZACOES E/OU RESSARCIMENTOS(P. FISICA).";"655.58";"2024";"L";"12/01/2024";"0";"01/01/2024";"31/01/2024";"8"
"UNIDADE GESTÃO DE ASSISTÊNCIA E DESENVOLV. SOCIAL";"8";"ASSISTÊNCIA SOCIAL";"244";"ASSISTÊNCIA COMUNITÁRIA";"2024";"1544";"";"0";"0";"100050128";"HACALI HÁ UM CAMINHO A LIBERDADE";"61704086000128";"";"0";"PROPRIA";"33503901";"TERMO DE COLABORAÇÃO";"CONVENIO MROSC - LEI 13019/2014 - MARCO REGUL.ORG.SOC.CIVIL";"112500";"2024";"L";"16/01/2024";"0";"01/01/2024";"31/01/2024";"15"
"UNIDADE DE GESTÃO DE CULTURA";"13";"CULTURA";"392";"DIFUSÃO CULTURAL";"2024";"1546";"2023";"4";"11";"100023341";"DANIEL FRANCISCAO ME";"97549808000164";"CONCURSO";"0";"PROPRIA";"33903923";"FESTIVIDADES E HOMENAGENS";"SHOW MUSICAL";"3000";"2024";"L";"31/01/2024";"0";"01/01/2024";"31/01/2024";"22"
"UNIDADE DE GESTÃO DE CULTURA";"13";"CULTURA";"392";"DIFUSÃO CULTURAL";"2024";"1548";"2023";"4";"11";"100035801";"GUSTAVO HENRIQUE DOS SANTOS KOCH 41481284878 ME";"27356911000102";"CONCURSO";"0";"PROPRIA";"33903923";"FESTIVIDADES E HOMENAGENS";"SHOW MUSICAL";"2500";"2024";"L";"18/01/2024";"0";"01/01/2024";"31/01/2024";"22"
"UNIDADE DE GESTÃO DE CULTURA";"13";"CULTURA";"392";"DIFUSÃO CULTURAL";"2024";"1549";"2023";"4";"11";"100051732";"49.674.615 JULIANA ALMEIDA DE DEUS ME";"49674615000192";"CONCURSO";"0";"PROPRIA";"33903923";"FESTIVIDADES E HOMENAGENS";"SHOW MUSICAL";"3000";"2024";"L";"31/01/2024";"0";"01/01/2024";"31/01/2024";"22"
"UNIDADE GESTÃO DE ASSISTÊNCIA E DESENVOLV. SOCIAL";"8";"ASSISTÊNCIA SOCIAL";"244";"ASSISTÊNCIA COMUNITÁRIA";"2024";"1550";"";"0";"0";"100001021";"CASA SANTA MARTA";"02818105000188";"";"0";"PROPRIA";"33503901";"TERMO DE COLABORAÇÃO";"CONVENIO MROSC - LEI 13019/2014 - MARCO REGUL.ORG.SOC.CIVIL";"71500";"2024";"L";"16/01/2024";"0";"01/01/2024";"31/01/2024";"15"
"UNIDADE GESTÃO DE ASSISTÊNCIA E DESENVOLV. SOCIAL";"8";"ASSISTÊNCIA SOCIAL";"244";"ASSISTÊNCIA COMUNITÁRIA";"2024";"1552";"";"0";"0";"4010807";"CENTRO COMUNITARIO DE VILA HORTOLANDIA";"44644557000130";"";"0";"PROPRIA";"33503901";"TERMO DE COLABORAÇÃO";"CONVENIO MROSC - LEI 13019/2014 - MARCO REGUL.ORG.SOC.CIVIL";"73166.66";"2024";"L";"16/01/2024";"0";"01/01/2024";"31/01/2024";"15"
"UNIDADE GESTÃO DE ASSISTÊNCIA E DESENVOLV. SOCIAL";"8";"ASSISTÊNCIA SOCIAL";"244";"ASSISTÊNCIA COMUNITÁRIA";"2024";"1553";"";"0";"0";"100038510";"ASSOCIACAO PESTALOZZI DE SUMARE";"57501611000130";"";"0";"PROPRIA";"33503901";"TERMO DE COLABORAÇÃO";"CONVENIO MROSC - LEI 13019/2014 - MARCO REGUL.ORG.SOC.CIVIL";"78325.86";"2024";"L";"16/01/2024";"0";"01/01/2024";"31/01/2024";"15"
"UNIDADE DE GESTÃO DE PROMOÇÃO DA SAÚDE";"10";"SAÚDE";"302";"ASSISTÊNCIA HOSPITALAR E AMBULATORIAL";"2024";"1554";"";"0";"0";"100006254";"CONSELHO DE SECRETÁRIOS MUNIC. SAUDE EST.SAO PAULO";"59995241000160";"";"5001";"FUNDO NACIONAL DE SAUDE - MS/SAS";"33903999";"OUTROS SERVICOS DE TERCEIROS - PESSOA JURIDICA";"CONTRIBUICOES(TAXAS E TAR.).";"3855";"2024";"L";"15/01/2024";"0";"01/01/2024";"31/01/2024";"14"
"UNIDADE GESTÃO DE ASSISTÊNCIA E DESENVOLV. SOCIAL";"8";"ASSISTÊNCIA SOCIAL";"244";"ASSISTÊNCIA COMUNITÁRIA";"2024";"1555";"";"0";"0";"100038510";"ASSOCIACAO PESTALOZZI DE SUMARE";"57501611000130";"";"0";"PROPRIA";"33503901";"TERMO DE COLABORAÇÃO";"CONVENIO MROSC - LEI 13019/2014 - MARCO REGUL.ORG.SOC.CIVIL";"62330.11";"2024";"L";"16/01/2024";"0";"01/01/2024";"31/01/2024";"15"
"UNIDADE DE GESTÃO DE CULTURA";"13";"CULTURA";"392";"DIFUSÃO CULTURAL";"2024";"1556";"2023";"5";"11";"100044369";"LETICIA MARIA NOGUEIRA-ME";"27813725000155";"CONCURSO";"0";"PROPRIA";"33903923";"FESTIVIDADES E HOMENAGENS";"SHOW MUSICAL";"1500";"2024";"L";"25/01/2024";"0";"01/01/2024";"31/01/2024";"22"
"UNIDADE DE GESTÃO DE CULTURA";"13";"CULTURA";"392";"DIFUSÃO CULTURAL";"2024";"1557";"2023";"4";"11";"100048641";"THIAGO MARQUINI MACHADO";"47098757000123";"CONCURSO";"0";"PROPRIA";"33903923";"FESTIVIDADES E HOMENAGENS";"SHOW MUSICAL";"3000";"2024";"L";"25/01/2024";"0";"01/01/2024";"31/01/2024";"22"
"UNIDADE DE GESTÃO DE CULTURA";"13";"CULTURA";"392";"DIFUSÃO CULTURAL";"2024";"1558";"2023";"4";"11";"100041329";"CLARINA ANA FASANARO 05718482810 ME";"35211727000100";"CONCURSO";"0";"PROPRIA";"33903923";"FESTIVIDADES E HOMENAGENS";"SHOW MUSICAL";"3000";"2024";"L";"25/01/2024";"0";"01/01/2024";"31/01/2024";"22"
"UNIDADE DE GESTÃO DE MOBILIDADE E TRANSPORTE";"4";"ADMINISTRAÇÃO";"122";"ADMINISTRAÇÃO GERAL";"2024";"1563";"2023";"366";"14";"100051829";"BLUBRINK COMERCIO E DISTRIBUIÇÃO LTDA EPP";"49641267000157";"PREGÃO ELETRÔNICO";"0";"PROPRIA";"44905234";"MAQUINAS. UTENSILIO E EQUIPAMENTOS DIVERSOS";"BEBEDOURO INDUSTRIAL EM INOX 50L - 220V";"4798";"2024";"L";"31/01/2024";"0";"01/01/2024";"31/01/2024";"12"
"UNIDADE GESTÃO DE ASSISTÊNCIA E DESENVOLV. SOCIAL";"8";"ASSISTÊNCIA SOCIAL";"243";"ASSISTÊNCIA À CRIANÇA E AO ADOLESCENTE";"2024";"1564";"";"0";"0";"100006684";"ASSOCIACAO E COMUNIDADE CASA DE NAZARE";"05137060000174";"";"0";"PROPRIA";"33503901";"TERMO DE COLABORAÇÃO";"CONVENIO MROSC - LEI 13019/2014 - MARCO REGUL.ORG.SOC.CIVIL";"195000";"2024";"L";"16/01/2024";"0";"01/01/2024";"31/01/2024";"15"
"UNIDADE DE GESTÃO DE PROMOÇÃO DA SAÚDE";"10";"SAÚDE";"303";"SUPORTE PROFILÁTICO E TERAPÊUTICO";"2024";"1566";"2023";"301";"14";"1066489";"AGLON COMERCIO E REPRESENTACOES LTDA";"65817900000171";"PREGÃO ELETRÔNICO";"0";"PROPRIA";"33903037";"MEDICAMENTOS FORNECIDOS POR DECISÃO JUDICIAL";"ATEZOLIZUMABE SOLUCAO INJETAVEL IM/EV 1.200MG/20ML";"25752.99";"2024";"L";"26/01/2024";"0";"01/01/2024";"31/01/2024";"14"
"UNIDADE DE GESTÃO DE PROMOÇÃO DA SAÚDE";"10";"SAÚDE";"303";"SUPORTE PROFILÁTICO E TERAPÊUTICO";"2024";"1566";"2023";"301";"14";"1066489";"AGLON COMERCIO E REPRESENTACOES LTDA";"65817900000171";"PREGÃO ELETRÔNICO";"0";"PROPRIA";"33903037";"MEDICAMENTOS FORNECIDOS POR DECISÃO JUDICIAL";"BEVACIZUMAB 100 MG";"1415.89";"2024";"L";"26/01/2024";"0";"01/01/2024";"31/01/2024";"14"
"UNIDADE DE GESTÃO DE PROMOÇÃO DA SAÚDE";"10";"SAÚDE";"303";"SUPORTE PROFILÁTICO E TERAPÊUTICO";"2024";"1567";"2023";"301";"14";"100005039";"PORTAL LTDA";"05005873000100";"PREGÃO ELETRÔNICO";"0";"PROPRIA";"33903037";"MEDICAMENTOS FORNECIDOS POR DECISÃO JUDICIAL";"ABIRATERONA 250 MG";"949.2";"2024";"L";"19/01/2024";"0";"01/01/2024";"31/01/2024";"14"
"UNIDADE DE GESTÃO DE PROMOÇÃO DA SAÚDE";"10";"SAÚDE";"303";"SUPORTE PROFILÁTICO E TERAPÊUTICO";"2024";"1568";"2023";"301";"14";"100039571";"MEDSI DISTRIBUIDORA DE MEDICAMENTOS LTDA EPP";"30754325000120";"PREGÃO ELETRÔNICO";"0";"PROPRIA";"33903037";"MEDICAMENTOS FORNECIDOS POR DECISÃO JUDICIAL";"APIXABANA 2.5MG";"383.7";"2024";"L";"26/01/2024";"0";"01/01/2024";"31/01/2024";"14"
"UNIDADE DE GESTÃO DE PROMOÇÃO DA SAÚDE";"10";"SAÚDE";"303";"SUPORTE PROFILÁTICO E TERAPÊUTICO";"2024";"1569";"2023";"301";"14";"100040883";"ONCO PROD.DISTR.DE PRODS.HOSP.E ONCOLOGICOS LTDA";"04307650001530";"PREGÃO ELETRÔNICO";"0";"PROPRIA";"33903037";"MEDICAMENTOS FORNECIDOS POR DECISÃO JUDICIAL";"PALIPERIDONA 150MG/1.5ML SUSPENSAO INJETAVEL 1.5ML";"13400";"2024";"L";"31/01/2024";"0";"01/01/2024";"31/01/2024";"14"
"UNIDADE GESTÃO DE ASSISTÊNCIA E DESENVOLV. SOCIAL";"8";"ASSISTÊNCIA SOCIAL";"244";"ASSISTÊNCIA COMUNITÁRIA";"2024";"1573";"";"0";"0";"100011787";"ACOLHIMENTO BOM PASTOR";"04115907000157";"";"6445";"SNF/MMFDH/PROJETO FAMILIAS FORTES/RECONECTE";"33503901";"TERMO DE COLABORAÇÃO";"CONVENIO MROSC - LEI 13019/2014 - MARCO REGUL.ORG.SOC.CIVIL";"12500";"2024";"L";"16/01/2024";"0";"01/01/2024";"31/01/2024";"15"
"UNIDADE GESTÃO DE ASSISTÊNCIA E DESENVOLV. SOCIAL";"8";"ASSISTÊNCIA SOCIAL";"243";"ASSISTÊNCIA À CRIANÇA E AO ADOLESCENTE";"2024";"1574";"";"0";"0";"100002054";"CARITAS DIOCESANA DE JUNDIAI";"02073048000155";"";"5104";"FUNDO MUNIC.DIREITOS DA CRIANCA E ADOLESC.-DOACOES";"33503902";"TERMO DE FOMENTO";"CONVENIO MROSC - LEI 13019/2014 - MARCO REGUL.ORG.SOC.CIVIL";"14900";"2024";"L";"16/01/2024";"0";"01/01/2024";"31/01/2024";"15"
"UNIDADE DE GESTÃO DE MOBILIDADE E TRANSPORTE";"15";"URBANISMO";"451";"INFRA-ESTRUTURA URBANA";"2024";"1580";"";"0";"0";"100028120";"MARCELO VANTINI DOS SANTOS";"18013615847";"";"5403";"FUNDO MUNICIPAL DE TRANSITO - MULTAS";"33903645";"JETONS A CONSELHEIROS";"GRATIFICACOES(P. FISICAS).";"1770.48";"2024";"L";"25/01/2024";"0";"01/01/2024";"31/01/2024";"12"
"UNIDADE DE GESTÃO DE MOBILIDADE E TRANSPORTE";"15";"URBANISMO";"451";"INFRA-ESTRUTURA URBANA";"2024";"1581";"";"0";"0";"100029598";"GERALDO JOSE CASOTI";"06836136859";"";"5403";"FUNDO MUNICIPAL DE TRANSITO - MULTAS";"33903645";"JETONS A CONSELHEIROS";"GRATIFICACOES(P. FISICAS).";"1770.48";"2024";"L";"25/01/2024";"0";"01/01/2024";"31/01/2024";"12"
"UNIDADE DE GESTÃO DE MOBILIDADE E TRANSPORTE";"15";"URBANISMO";"451";"INFRA-ESTRUTURA URBANA";"2024";"1582";"";"0";"0";"4036624";"I.N.S.S.-SERVICOS DE TERCEIROS";"29979036000140";"";"5403";"FUNDO MUNICIPAL DE TRANSITO - MULTAS";"33904718";"CONTRIBUICOES PREVIDENCIARIAS - SERVICOS DE TERCEI";"RECOLHIMENTO OBRIGACOES PREVID. E FISCAIS(P. FISICAS).";"17.46";"2024";"L";"12/01/2024";"0";"01/01/2024";"31/01/2024";"12"
"UNIDADE DE GESTÃO DE MOBILIDADE E TRANSPORTE";"15";"URBANISMO";"451";"INFRA-ESTRUTURA URBANA";"2024";"1582";"";"0";"0";"4036624";"I.N.S.S.-SERVICOS DE TERCEIROS";"29979036000140";"";"5403";"FUNDO MUNICIPAL DE TRANSITO - MULTAS";"33904718";"CONTRIBUICOES PREVIDENCIARIAS - SERVICOS DE TERCEI";"RECOLHIMENTO OBRIGACOES PREVID. E FISCAIS(P. FISICAS).";"708.2";"2024";"L";"25/01/2024";"0";"01/01/2024";"31/01/2024";"12"
"UNIDADE DE GESTÃO DE EDUCAÇÃO";"12";"EDUCAÇÃO";"306";"ALIMENTAÇÃO E NUTRIÇÃO";"2024";"1586";"";"0";"0";"100000736";"SECRETARIA DE ESTADO DA EDUCACAO";"46384111000140";"";"6106";"SEE/MERENDA ESCOLAR";"33909399";"DIVERSAS INDENIZACOES E RESTITUICOES";"DESPESAS RESULT. DE LEIS. DEC.. CONV.. ACORDOS(ORG. PUBL.).";"0.04";"2024";"L";"16/01/2024";"0";"01/01/2024";"31/01/2024";"13"
"UNIDADE GESTÃO DE ASSISTÊNCIA E DESENVOLV. SOCIAL";"8";"ASSISTÊNCIA SOCIAL";"243";"ASSISTÊNCIA À CRIANÇA E AO ADOLESCENTE";"2024";"1587";"";"0";"0";"4010799";"CASA TRANSITORIA N. SENHORA APARECIDA";"51887826000155";"";"0";"PROPRIA";"33503901";"TERMO DE COLABORAÇÃO";"CONVENIO MROSC - LEI 13019/2014 - MARCO REGUL.ORG.SOC.CIVIL";"100000";"2024";"L";"16/01/2024";"0";"01/01/2024";"31/01/2024";"15"
"UNIDADE DE GESTÃO DA CASA CIVIL";"4";"ADMINISTRAÇÃO";"122";"ADMINISTRAÇÃO GERAL";"2024";"1590";"";"0";"0";"100026496";"PMJ-CRISTIANE ALONSO PESSOTO";"31758869810";"";"0";"PROPRIA";"33903099";"OUTROS MATERIAIS DE CONSUMO";"ADIANTAMENTOS(SERVIDORES).";"300";"2024";"L";"15/01/2024";"0";"01/01/2024";"31/01/2024";"3"
"UNIDADE DE GESTÃO DA CASA CIVIL";"4";"ADMINISTRAÇÃO";"122";"ADMINISTRAÇÃO GERAL";"2024";"1591";"";"0";"0";"100026496";"PMJ-CRISTIANE ALONSO PESSOTO";"31758869810";"";"0";"PROPRIA";"33903999";"OUTROS SERVICOS DE TERCEIROS - PESSOA JURIDICA";"ADIANTAMENTOS(SERVIDORES).";"3000";"2024";"L";"15/01/2024";"0";"01/01/2024";"31/01/2024";"3"
"UNIDADE DE GESTÃO DE GOVERNO E FINANÇAS";"28";"ENCARGOS ESPECIAIS";"846";"OUTROS ENCARGOS ESPECIAIS";"2024";"1592";"";"0";"0";"100053411";"ELAINE APARECIDA SANTOS FERREIRA";"24681602825";"";"0";"PROPRIA";"33909115";"SENTENÇAS JUDICIAIS DE PEQUENO VALOR";"DESPESAS OBRIGATORIAS E/OU JUDICIAIS(P. FISICAS).";"6358.71";"2024";"L";"15/01/2024";"0";"01/01/2024";"31/01/2024";"8"
"UNIDADE DE GESTÃO DE GOVERNO E FINANÇAS";"28";"ENCARGOS ESPECIAIS";"846";"OUTROS ENCARGOS ESPECIAIS";"2024";"1593";"";"0";"0";"100053412";"FABIO DA SILVA PRADO";"13771648882";"";"0";"PROPRIA";"33909115";"SENTENÇAS JUDICIAIS DE PEQUENO VALOR";"DESPESAS OBRIGATORIAS E/OU JUDICIAIS(P. FISICAS).";"28617.56";"2024";"L";"15/01/2024";"0";"01/01/2024";"31/01/2024";"8"
"UNIDADE DE GESTÃO DE GOVERNO E FINANÇAS";"28";"ENCARGOS ESPECIAIS";"846";"OUTROS ENCARGOS ESPECIAIS";"2024";"1594";"";"0";"0";"100053413";"NOELI CALDEIRA MARTHO";"05639897856";"";"0";"PROPRIA";"33909115";"SENTENÇAS JUDICIAIS DE PEQUENO VALOR";"DESPESAS OBRIGATORIAS E/OU JUDICIAIS(P. FISICAS).";"11533.62";"2024";"L";"15/01/2024";"0";"01/01/2024";"31/01/2024";"8"
"UNIDADE DE GESTÃO DE GOVERNO E FINANÇAS";"28";"ENCARGOS ESPECIAIS";"846";"OUTROS ENCARGOS ESPECIAIS";"2024";"1595";"";"0";"0";"100053414";"SILVANA SILVESTRONI";"27914182885";"";"0";"PROPRIA";"33909115";"SENTENÇAS JUDICIAIS DE PEQUENO VALOR";"DESPESAS OBRIGATORIAS E/OU JUDICIAIS(P. FISICAS).";"2460.79";"2024";"L";"15/01/2024";"0";"01/01/2024";"31/01/2024";"8"
"UNIDADE DE GESTÃO DE GOVERNO E FINANÇAS";"28";"ENCARGOS ESPECIAIS";"846";"OUTROS ENCARGOS ESPECIAIS";"2024";"1596";"";"0";"0";"100053416";"MONICA MONTEIRO PATERNIANI";"31982287861";"";"0";"PROPRIA";"33909115";"SENTENÇAS JUDICIAIS DE PEQUENO VALOR";"DESPESAS OBRIGATORIAS E/OU JUDICIAIS(P. FISICAS).";"2246.97";"2024";"L";"15/01/2024";"0";"01/01/2024";"31/01/2024";"8"
"UNIDADE DE GESTÃO DE GOVERNO E FINANÇAS";"28";"ENCARGOS ESPECIAIS";"846";"OUTROS ENCARGOS ESPECIAIS";"2024";"1597";"";"0";"0";"100025828";"EVERTON CARARETO";"29463617809";"";"0";"PROPRIA";"33909115";"SENTENÇAS JUDICIAIS DE PEQUENO VALOR";"DESPESAS OBRIGATORIAS E/OU JUDICIAIS(P. FISICAS).";"24030.79";"2024";"L";"15/01/2024";"0";"01/01/2024";"31/01/2024";"8"
"UNIDADE DE GESTÃO DE GOVERNO E FINANÇAS";"28";"ENCARGOS ESPECIAIS";"846";"OUTROS ENCARGOS ESPECIAIS";"2024";"1600";"";"0";"0";"100053372";"CLAUDINEIA RIBAS DE OLIVEIRA";"26281107845";"";"5403";"FUNDO MUNICIPAL DE TRANSITO - MULTAS";"33909302";"RESTITUICOES";"INDENIZACOES E/OU RESSARCIMENTOS(P. FISICA).";"145.28";"2024";"L";"22/01/2024";"0";"01/01/2024";"31/01/2024";"8"
"UNIDADE DE GESTÃO DE ADMINIST. E GESTÃO DE PESSOAS";"4";"ADMINISTRAÇÃO";"122";"ADMINISTRAÇÃO GERAL";"2024";"1601";"2023";"437";"1";"1097642";"ALFATEL JUNDIAI COMERCIO. TELECOMUNICACOES E INFORMATICA LTDA";"01857631000194";"COMPRA DIRETA";"0";"PROPRIA";"33903917";"MANUTENCAO E CONSERVACAO DE MAQUINAS E EQUIPAMENTO";"MANUTENCAO-PORTA AUTOMATICA";"1237";"2024";"L";"24/01/2024";"0";"01/01/2024";"31/01/2024";"7"
"UNIDADE DE GESTÃO DE CULTURA";"13";"CULTURA";"392";"DIFUSÃO CULTURAL";"2024";"1610";"2024";"35";"1";"100041379";"35.732.264 MATHEUS FERREIRA DE LIMA ME";"35732264000114";"COMPRA DIRETA";"0";"PROPRIA";"33903999";"OUTROS SERVICOS DE TERCEIROS - PESSOA JURIDICA";"SHOW ARTISTICO";"2000";"2024";"L";"25/01/2024";"0";"01/01/2024";"31/01/2024";"22"
"UNIDADE DE GESTÃO DE MOBILIDADE E TRANSPORTE";"15";"URBANISMO";"451";"INFRA-ESTRUTURA URBANA";"2024";"1611";"2021";"2";"15";"1055623";"CLD CONSTRUTORA LACOS DET.E ELETRONICA LTDA";"55996615000101";"PREGÃO PRESENCIAL";"5403";"FUNDO MUNICIPAL DE TRANSITO - MULTAS";"33903905";"SERVICOS TECNICOS PROFISSIONAIS";"SERVICO DE ENGENHARIA TRANSITO.C/FORN.MATS.M.OBRA E EQUIPS";"1087566.62";"2024";"L";"18/01/2024";"0";"01/01/2024";"31/01/2024";"12"
"UNIDADE DE GESTÃO DE MOBILIDADE E TRANSPORTE";"15";"URBANISMO";"451";"INFRA-ESTRUTURA URBANA";"2024";"1611";"2021";"2";"15";"1055623";"CLD CONSTRUTORA LACOS DET.E ELETRONICA LTDA";"55996615000101";"PREGÃO PRESENCIAL";"5403";"FUNDO MUNICIPAL DE TRANSITO - MULTAS";"33903905";"SERVICOS TECNICOS PROFISSIONAIS";"SERVICO DE ENGENHARIA TRANSITO.C/FORN.MATS.M.OBRA E EQUIPS";"568421.34";"2024";"L";"24/01/2024";"0";"01/01/2024";"31/01/2024";"12"
"UNIDADE DE GESTÃO DE SEGURANÇA MUNICIPAL";"6";"SEGURANÇA PÚBLICA";"181";"POLICIAMENTO";"2024";"1613";"2022";"43";"2";"100026004";"FUTURA COMERCIAL EIRELI ME";"13544759000187";"CONVITE";"0";"PROPRIA";"33904099";"OUTROS SERVIÇOS DE TECNOLOGIA DA INFORMAÇÃO E COMU";"LINK DE ACESSO A INTERNET (CONFORME DESCRICAO EM ANEXO)";"75";"2024";"L";"22/01/2024";"0";"01/01/2024";"31/01/2024";"19"
"UNIDADE DE GESTÃO DE CULTURA";"13";"CULTURA";"392";"DIFUSÃO CULTURAL";"2024";"1616";"2024";"37";"1";"100034742";"LUAN HENRIQUE DA SILVA";"24697513000161";"COMPRA DIRETA";"0";"PROPRIA";"33903999";"OUTROS SERVICOS DE TERCEIROS - PESSOA JURIDICA";"SHOW ARTISTICO";"2000";"2024";"L";"25/01/2024";"0";"01/01/2024";"31/01/2024";"22"
"UNIDADE DE GESTÃO DE CULTURA";"13";"CULTURA";"392";"DIFUSÃO CULTURAL";"2024";"1618";"2024";"38";"1";"100034742";"LUAN HENRIQUE DA SILVA";"24697513000161";"COMPRA DIRETA";"0";"PROPRIA";"33903999";"OUTROS SERVICOS DE TERCEIROS - PESSOA JURIDICA";"SHOW ARTISTICO";"2000";"2024";"L";"25/01/2024";"0";"01/01/2024";"31/01/2024";"22"
"UNIDADE DE GESTÃO DE CULTURA";"13";"CULTURA";"392";"DIFUSÃO CULTURAL";"2024";"1621";"2024";"40";"1";"100041411";"SOCLESON DE OLIVEIRA DANTAS 29833039855";"35824149000170";"COMPRA DIRETA";"0";"PROPRIA";"33903999";"OUTROS SERVICOS DE TERCEIROS - PESSOA JURIDICA";"SHOW ARTISTICO";"1500";"2024";"L";"19/01/2024";"0";"01/01/2024";"31/01/2024";"22"
"UNIDADE DE GESTÃO DE PROMOÇÃO DA SAÚDE";"10";"SAÚDE";"302";"ASSISTÊNCIA HOSPITALAR E AMBULATORIAL";"2024";"1624";"2024";"43";"1";"100022201";"FUNDACAO ANTONIO PRUDENTE";"60961968000106";"COMPRA DIRETA";"0";"PROPRIA";"33903989";"SERVIÇOS DECORRENTES DE DECISÃO JUDICIAL";"CONSULTA MEDICA";"610.2";"2024";"L";"16/01/2024";"0";"01/01/2024";"31/01/2024";"14"
"UNIDADE GESTÃO DE INOVAÇÃO E RELAÇÃO COM O CIDADÃO";"4";"ADMINISTRAÇÃO";"122";"ADMINISTRAÇÃO GERAL";"2024";"1633";"";"0";"0";"100051700";"PMJ-KATHIA ANZELOTTI";"17797261806";"";"0";"PROPRIA";"33903099";"OUTROS MATERIAIS DE CONSUMO";"ADIANTAMENTOS(SERVIDORES).";"300";"2024";"L";"15/01/2024";"0";"01/01/2024";"31/01/2024";"4"
"UNIDADE GESTÃO DE INOVAÇÃO E RELAÇÃO COM O CIDADÃO";"4";"ADMINISTRAÇÃO";"122";"ADMINISTRAÇÃO GERAL";"2024";"1634";"";"0";"0";"100051700";"PMJ-KATHIA ANZELOTTI";"17797261806";"";"0";"PROPRIA";"33903999";"OUTROS SERVICOS DE TERCEIROS - PESSOA JURIDICA";"ADIANTAMENTOS(SERVIDORES).";"1000";"2024";"L";"15/01/2024";"0";"01/01/2024";"31/01/2024";"4"
"UNIDADE DE GESTÃO DE ADMINIST. E GESTÃO DE PESSOAS";"4";"ADMINISTRAÇÃO";"122";"ADMINISTRAÇÃO GERAL";"2024";"1638";"2019";"8";"6";"100002650";"COMPANHIA PIRATININGA DE FORCA E LUZ";"04172213000151";"DISPENSA DE LICITACAO";"0";"PROPRIA";"33903943";"SERVICOS DE ENERGIA ELETRICA";"ENERGIA ELETRICA(TAXAS E TAR.).";"2231.42";"2024";"L";"18/01/2024";"0";"01/01/2024";"31/01/2024";"7"
"UNIDADE DE GESTÃO DE ADMINIST. E GESTÃO DE PESSOAS";"4";"ADMINISTRAÇÃO";"122";"ADMINISTRAÇÃO GERAL";"2024";"1638";"2019";"8";"6";"100002650";"COMPANHIA PIRATININGA DE FORCA E LUZ";"04172213000151";"DISPENSA DE LICITACAO";"0";"PROPRIA";"33903943";"SERVICOS DE ENERGIA ELETRICA";"ENERGIA ELETRICA(TAXAS E TAR.).";"24465.69";"2024";"L";"26/01/2024";"0";"01/01/2024";"31/01/2024";"7"
"UNIDADE DE GESTÃO DE PROMOÇÃO DA SAÚDE";"10";"SAÚDE";"301";"ATENÇÃO BÁSICA";"2024";"1639";"";"0";"0";"100044328";"PEDRO HENRIQUE OMENA CELESTINO";"01014051118";"";"0";"PROPRIA";"33904899";"DEMAIS AUXÍLIOS FINANCEIROS A PESSOAS FÍSICAS";"AJUDA DE CUSTO";"3747.37";"2024";"L";"30/01/2024";"0";"01/01/2024";"31/01/2024";"14"
"UNIDADE DE GESTÃO DE PROMOÇÃO DA SAÚDE";"10";"SAÚDE";"301";"ATENÇÃO BÁSICA";"2024";"1640";"";"0";"0";"100044721";"MICHELLE BATISTA DE ARAUJO";"00948572108";"";"0";"PROPRIA";"33904899";"DEMAIS AUXÍLIOS FINANCEIROS A PESSOAS FÍSICAS";"AJUDA DE CUSTO";"3811.22";"2024";"L";"30/01/2024";"0";"01/01/2024";"31/01/2024";"14"
"UNIDADE DE GESTÃO DE PROMOÇÃO DA SAÚDE";"10";"SAÚDE";"301";"ATENÇÃO BÁSICA";"2024";"1641";"";"0";"0";"100049624";"AUDELIO TORRES JIMENEZ";"06722763137";"";"0";"PROPRIA";"33904899";"DEMAIS AUXÍLIOS FINANCEIROS A PESSOAS FÍSICAS";"AJUDA DE CUSTO";"3779.29";"2024";"L";"30/01/2024";"0";"01/01/2024";"31/01/2024";"14"
"UNIDADE DE GESTÃO DE PROMOÇÃO DA SAÚDE";"10";"SAÚDE";"301";"ATENÇÃO BÁSICA";"2024";"1642";"";"0";"0";"100051883";"Bruna de Souza Cristofoli";"93459548215";"";"0";"PROPRIA";"33904899";"DEMAIS AUXÍLIOS FINANCEIROS A PESSOAS FÍSICAS";"AJUDA DE CUSTO";"3853.78";"2024";"L";"30/01/2024";"0";"01/01/2024";"31/01/2024";"14"
"UNIDADE DE GESTÃO DE PROMOÇÃO DA SAÚDE";"10";"SAÚDE";"301";"ATENÇÃO BÁSICA";"2024";"1643";"";"0";"0";"100052246";"YORDANYS PEREZ DAUDINOT";"06600977108";"";"0";"PROPRIA";"33904899";"DEMAIS AUXÍLIOS FINANCEIROS A PESSOAS FÍSICAS";"AJUDA DE CUSTO";"3853.78";"2024";"L";"30/01/2024";"0";"01/01/2024";"31/01/2024";"14"
"UNIDADE DE GESTÃO DE PROMOÇÃO DA SAÚDE";"10";"SAÚDE";"301";"ATENÇÃO BÁSICA";"2024";"1644";"";"0";"0";"100052247";"XIOMARA HINOJOSA FURONES";"08108777160";"";"0";"PROPRIA";"33904899";"DEMAIS AUXÍLIOS FINANCEIROS A PESSOAS FÍSICAS";"AJUDA DE CUSTO";"3853.78";"2024";"L";"30/01/2024";"0";"01/01/2024";"31/01/2024";"14"
"UNIDADE DE GESTÃO DE PROMOÇÃO DA SAÚDE";"10";"SAÚDE";"301";"ATENÇÃO BÁSICA";"2024";"1645";"";"0";"0";"100052248";"LARISSA DE ASSIS TIMPONE";"22963446829";"";"0";"PROPRIA";"33904899";"DEMAIS AUXÍLIOS FINANCEIROS A PESSOAS FÍSICAS";"AJUDA DE CUSTO";"3853.78";"2024";"L";"30/01/2024";"0";"01/01/2024";"31/01/2024";"14"
"UNIDADE DE GESTÃO DE PROMOÇÃO DA SAÚDE";"10";"SAÚDE";"301";"ATENÇÃO BÁSICA";"2024";"1646";"";"0";"0";"100052249";"ANA PAULA CARVALHO SILVA";"04026583104";"";"0";"PROPRIA";"33904899";"DEMAIS AUXÍLIOS FINANCEIROS A PESSOAS FÍSICAS";"AJUDA DE CUSTO";"3832.5";"2024";"L";"30/01/2024";"0";"01/01/2024";"31/01/2024";"14"
"UNIDADE DE GESTÃO DE PROMOÇÃO DA SAÚDE";"10";"SAÚDE";"301";"ATENÇÃO BÁSICA";"2024";"1647";"";"0";"0";"100053039";"CÁSSIA REGINA GARCIA GUTIERREZ";"36929809810";"";"0";"PROPRIA";"33904899";"DEMAIS AUXÍLIOS FINANCEIROS A PESSOAS FÍSICAS";"AJUDA DE CUSTO";"3853.78";"2024";"L";"30/01/2024";"0";"01/01/2024";"31/01/2024";"14"
"UNIDADE DE GESTÃO DE PROMOÇÃO DA SAÚDE";"10";"SAÚDE";"301";"ATENÇÃO BÁSICA";"2024";"1648";"";"0";"0";"100053040";"ELIAS DE BRITO DA SILVA";"02706222255";"";"0";"PROPRIA";"33904899";"DEMAIS AUXÍLIOS FINANCEIROS A PESSOAS FÍSICAS";"AJUDA DE CUSTO";"3853.78";"2024";"L";"30/01/2024";"0";"01/01/2024";"31/01/2024";"14"
"UNIDADE DE GESTÃO DE PROMOÇÃO DA SAÚDE";"10";"SAÚDE";"301";"ATENÇÃO BÁSICA";"2024";"1649";"";"0";"0";"100053041";"GEISIELLE KAWANE DA SILVA";"44330056810";"";"0";"PROPRIA";"33904899";"DEMAIS AUXÍLIOS FINANCEIROS A PESSOAS FÍSICAS";"AJUDA DE CUSTO";"3853.78";"2024";"L";"30/01/2024";"0";"01/01/2024";"31/01/2024";"14"
"UNIDADE DE GESTÃO DE PROMOÇÃO DA SAÚDE";"10";"SAÚDE";"301";"ATENÇÃO BÁSICA";"2024";"1650";"";"0";"0";"100053044";"IANCA JAIANA SILVA";"45293877801";"";"0";"PROPRIA";"33904899";"DEMAIS AUXÍLIOS FINANCEIROS A PESSOAS FÍSICAS";"AJUDA DE CUSTO";"3853.78";"2024";"L";"30/01/2024";"0";"01/01/2024";"31/01/2024";"14"
"UNIDADE DE GESTÃO DE PROMOÇÃO DA SAÚDE";"10";"SAÚDE";"301";"ATENÇÃO BÁSICA";"2024";"1651";"";"0";"0";"100053045";"ROSEMEIRE APARECIDA BATISTA MOTA";"29035389808";"";"0";"PROPRIA";"33904899";"DEMAIS AUXÍLIOS FINANCEIROS A PESSOAS FÍSICAS";"AJUDA DE CUSTO";"3853.78";"2024";"L";"30/01/2024";"0";"01/01/2024";"31/01/2024";"14"
"UNIDADE DE GESTÃO DE ADMINIST. E GESTÃO DE PESSOAS";"4";"ADMINISTRAÇÃO";"122";"ADMINISTRAÇÃO GERAL";"2024";"1652";"2020";"20";"5";"100001815";"EMPRESA BRASILEIRA DE CORREIOS E TELEGRAFOS";"34028316710151";"INEXIGIBILIDADE";"0";"PROPRIA";"33903999";"OUTROS SERVICOS DE TERCEIROS - PESSOA JURIDICA";"SERVICOS DE CORRESPONDENCIA";"11120.18";"2024";"L";"19/01/2024";"0";"01/01/2024";"31/01/2024";"7"
"UNIDADE DE GESTÃO DE GOVERNO E FINANÇAS";"28";"ENCARGOS ESPECIAIS";"846";"OUTROS ENCARGOS ESPECIAIS";"2024";"1654";"";"0";"0";"100036614";"ROBERTO BARBOSA LEAL";"24694915843";"";"0";"PROPRIA";"33909115";"SENTENÇAS JUDICIAIS DE PEQUENO VALOR";"DESPESAS OBRIGATORIAS E/OU JUDICIAIS(P. FISICAS).";"793.82";"2024";"L";"15/01/2024";"0";"01/01/2024";"31/01/2024";"8"
"UNIDADE DE GESTÃO DE GOVERNO E FINANÇAS";"28";"ENCARGOS ESPECIAIS";"846";"OUTROS ENCARGOS ESPECIAIS";"2024";"1655";"";"0";"0";"100036614";"ROBERTO BARBOSA LEAL";"24694915843";"";"0";"PROPRIA";"33909115";"SENTENÇAS JUDICIAIS DE PEQUENO VALOR";"DESPESAS OBRIGATORIAS E/OU JUDICIAIS(P. FISICAS).";"1281.37";"2024";"L";"15/01/2024";"0";"01/01/2024";"31/01/2024";"8"
"UNIDADE GESTÃO DE ASSISTÊNCIA E DESENVOLV. SOCIAL";"8";"ASSISTÊNCIA SOCIAL";"244";"ASSISTÊNCIA COMUNITÁRIA";"2024";"1656";"";"0";"0";"100033697";"ASSOCIAÇÃO ALMATER";"15670588000168";"";"0";"PROPRIA";"33503901";"TERMO DE COLABORAÇÃO";"CONVENIO MROSC - LEI 13019/2014 - MARCO REGUL.ORG.SOC.CIVIL";"41179.16";"2024";"L";"22/01/2024";"0";"01/01/2024";"31/01/2024";"15"
"UNIDADE DE GESTÃO DE GOVERNO E FINANÇAS";"28";"ENCARGOS ESPECIAIS";"846";"OUTROS ENCARGOS ESPECIAIS";"2024";"1657";"";"0";"0";"100036614";"ROBERTO BARBOSA LEAL";"24694915843";"";"0";"PROPRIA";"33909115";"SENTENÇAS JUDICIAIS DE PEQUENO VALOR";"DESPESAS OBRIGATORIAS E/OU JUDICIAIS(P. FISICAS).";"1201.28";"2024";"L";"15/01/2024";"0";"01/01/2024";"31/01/2024";"8"
"UNIDADE GESTÃO DE ASSISTÊNCIA E DESENVOLV. SOCIAL";"8";"ASSISTÊNCIA SOCIAL";"244";"ASSISTÊNCIA COMUNITÁRIA";"2024";"1660";"";"0";"0";"100052929";"ANA PAULA CARLOS";"21544560818";"";"0";"PROPRIA";"33904899";"DEMAIS AUXÍLIOS FINANCEIROS A PESSOAS FÍSICAS";"AUXILIO VULNERABILIDADE";"500";"2024";"L";"24/01/2024";"0";"01/01/2024";"31/01/2024";"15"
"UNIDADE GESTÃO DE ASSISTÊNCIA E DESENVOLV. SOCIAL";"8";"ASSISTÊNCIA SOCIAL";"244";"ASSISTÊNCIA COMUNITÁRIA";"2024";"1661";"";"0";"0";"100051532";"JOÃO GUILHERME DA SILVA";"54588793845";"";"0";"PROPRIA";"33904899";"DEMAIS AUXÍLIOS FINANCEIROS A PESSOAS FÍSICAS";"AUXILIO VULNERABILIDADE";"988.4";"2024";"L";"24/01/2024";"0";"01/01/2024";"31/01/2024";"15"
"UNIDADE GESTÃO DE ASSISTÊNCIA E DESENVOLV. SOCIAL";"8";"ASSISTÊNCIA SOCIAL";"244";"ASSISTÊNCIA COMUNITÁRIA";"2024";"1662";"";"0";"0";"100053405";"ANDREZA ANDREIA DE ANDRADE BARRETO";"35353804805";"";"0";"PROPRIA";"33904899";"DEMAIS AUXÍLIOS FINANCEIROS A PESSOAS FÍSICAS";"AUXILIO VULNERABILIDADE";"924";"2024";"L";"23/01/2024";"0";"01/01/2024";"31/01/2024";"15"
"UNIDADE GESTÃO DE ASSISTÊNCIA E DESENVOLV. SOCIAL";"8";"ASSISTÊNCIA SOCIAL";"244";"ASSISTÊNCIA COMUNITÁRIA";"2024";"1663";"";"0";"0";"100053404";"MACULENE PIERRE";"80282980954";"";"0";"PROPRIA";"33904899";"DEMAIS AUXÍLIOS FINANCEIROS A PESSOAS FÍSICAS";"AUXILIO VULNERABILIDADE";"706";"2024";"L";"23/01/2024";"0";"01/01/2024";"31/01/2024";"15"
"UNIDADE GESTÃO DE ASSISTÊNCIA E DESENVOLV. SOCIAL";"8";"ASSISTÊNCIA SOCIAL";"244";"ASSISTÊNCIA COMUNITÁRIA";"2024";"1664";"";"0";"0";"100053403";"DEISE APARECIDA GONÇALVES";"35790301835";"";"0";"PROPRIA";"33904899";"DEMAIS AUXÍLIOS FINANCEIROS A PESSOAS FÍSICAS";"AUXILIO VULNERABILIDADE";"396";"2024";"L";"23/01/2024";"0";"01/01/2024";"31/01/2024";"15"
"UNIDADE GESTÃO DE ASSISTÊNCIA E DESENVOLV. SOCIAL";"8";"ASSISTÊNCIA SOCIAL";"244";"ASSISTÊNCIA COMUNITÁRIA";"2024";"1665";"";"0";"0";"100049636";"MARLI APARECIDA ADÃO";"44591060861";"";"0";"PROPRIA";"33904899";"DEMAIS AUXÍLIOS FINANCEIROS A PESSOAS FÍSICAS";"AUXILIO VULNERABILIDADE";"660";"2024";"L";"23/01/2024";"0";"01/01/2024";"31/01/2024";"15"
"UNIDADE DE GESTÃO DE CULTURA";"13";"CULTURA";"392";"DIFUSÃO CULTURAL";"2024";"1671";"2023";"4";"11";"100041337";"ROSELI ELISABETH A.SCHNELL PIZARRO 06869660824";"34112785000106";"CONCURSO";"0";"PROPRIA";"33903999";"OUTROS SERVICOS DE TERCEIROS - PESSOA JURIDICA";"SHOW ARTISTICO";"2000";"2024";"L";"26/01/2024";"0";"01/01/2024";"31/01/2024";"22"
"UNIDADE GESTÃO DE PLANEJ. URBANO E MEIO AMBIENTE";"18";"GESTÃO AMBIENTAL";"541";"PRESERVAÇÃO E CONSERVAÇÃO AMBIENTAL";"2024";"1676";"";"0";"0";"100006182";"ASSOCIACAO MATA CILIAR";"61056933000195";"";"903";"ROYALTIES";"33503901";"TERMO DE COLABORAÇÃO";"CONVENIO MROSC - LEI 13019/2014 - MARCO REGUL.ORG.SOC.CIVIL";"66235.57";"2024";"L";"18/01/2024";"0";"01/01/2024";"31/01/2024";"11"
"UNIDADE DE GESTÃO DE PROMOÇÃO DA SAÚDE";"10";"SAÚDE";"302";"ASSISTÊNCIA HOSPITALAR E AMBULATORIAL";"2024";"1677";"2023";"2501";"1";"100046830";"ART ALIMENTACAO LTDA ME";"45922939000141";"COMPRA DIRETA";"0";"PROPRIA";"33903007";"GENEROS DE ALIMENTACAO";"FORNECIMENTO DE ALIMENTOS PERECIVEIS.";"51.55";"2024";"L";"30/01/2024";"0";"01/01/2024";"31/01/2024";"14"
"UNIDADE DE GESTÃO DE PROMOÇÃO DA SAÚDE";"10";"SAÚDE";"302";"ASSISTÊNCIA HOSPITALAR E AMBULATORIAL";"2024";"1685";"2023";"158";"14";"100033312";"PAMELA RAFAELA SEMEGUINI LEME DA SILVA ME";"24064550000132";"PREGÃO ELETRÔNICO";"0";"PROPRIA";"33903098";"OUTROS MATERIAIS DE CONSUMO DECORRENTE DE DECISÃO";"LOCAO HIDRATANTE RESTAURADOR 295ML";"6590.3";"2024";"L";"26/01/2024";"0";"01/01/2024";"31/01/2024";"14"
"UNIDADE DE GESTÃO DE PROMOÇÃO DA SAÚDE";"10";"SAÚDE";"302";"ASSISTÊNCIA HOSPITALAR E AMBULATORIAL";"2024";"1686";"2023";"158";"14";"100033312";"PAMELA RAFAELA SEMEGUINI LEME DA SILVA ME";"24064550000132";"PREGÃO ELETRÔNICO";"0";"PROPRIA";"33903098";"OUTROS MATERIAIS DE CONSUMO DECORRENTE DE DECISÃO";"LOCAO HIDRATANTE RESTAURADOR 295ML";"4579.7";"2024";"L";"26/01/2024";"0";"01/01/2024";"31/01/2024";"14"
"UNIDADE DE GESTÃO DE PROMOÇÃO DA SAÚDE";"10";"SAÚDE";"302";"ASSISTÊNCIA HOSPITALAR E AMBULATORIAL";"2024";"1687";"2023";"158";"14";"100017162";"CQC TECNOLOGIA EM SISTEMAS DIAGNOSTICOS LTDA";"46962122000321";"PREGÃO ELETRÔNICO";"0";"PROPRIA";"33903098";"OUTROS MATERIAIS DE CONSUMO DECORRENTE DE DECISÃO";"ALCOOL SWAB - SACHE. COM 100 SACHES.";"13.23";"2024";"L";"24/01/2024";"0";"01/01/2024";"31/01/2024";"14"
"UNIDADE DE GESTÃO DE PROMOÇÃO DA SAÚDE";"10";"SAÚDE";"302";"ASSISTÊNCIA HOSPITALAR E AMBULATORIAL";"2024";"1688";"2023";"158";"14";"100017162";"CQC TECNOLOGIA EM SISTEMAS DIAGNOSTICOS LTDA";"46962122000321";"PREGÃO ELETRÔNICO";"0";"PROPRIA";"33903098";"OUTROS MATERIAIS DE CONSUMO DECORRENTE DE DECISÃO";"ALCOOL SWAB - SACHE. COM 100 SACHES.";"70.56";"2024";"L";"24/01/2024";"0";"01/01/2024";"31/01/2024";"14"
"UNIDADE DE GESTÃO DE PROMOÇÃO DA SAÚDE";"10";"SAÚDE";"302";"ASSISTÊNCIA HOSPITALAR E AMBULATORIAL";"2024";"1690";"2023";"236";"14";"100009165";"FRESENIUS KABI BRASIL LTDA.";"49324221000104";"PREGÃO ELETRÔNICO";"0";"PROPRIA";"33903098";"OUTROS MATERIAIS DE CONSUMO DECORRENTE DE DECISÃO";"DIETA ENTERAL PEDIATRICA 1.0";"11700";"2024";"L";"24/01/2024";"0";"01/01/2024";"31/01/2024";"14"
"UNIDADE DE GESTÃO DE PROMOÇÃO DA SAÚDE";"10";"SAÚDE";"302";"ASSISTÊNCIA HOSPITALAR E AMBULATORIAL";"2024";"1691";"2023";"236";"14";"100041183";"AMC SAÚDE COMERCIAL HOSPITALAR LTDA EPP";"33551382000109";"PREGÃO ELETRÔNICO";"0";"PROPRIA";"33903098";"OUTROS MATERIAIS DE CONSUMO DECORRENTE DE DECISÃO";"DIETA ENTERAL PEDIATRICA 1.0";"2895.2";"2024";"L";"26/01/2024";"0";"01/01/2024";"31/01/2024";"14"
"UNIDADE DE GESTÃO DE PROMOÇÃO DA SAÚDE";"10";"SAÚDE";"302";"ASSISTÊNCIA HOSPITALAR E AMBULATORIAL";"2024";"1693";"2023";"236";"14";"100039646";"MEDICAM DISTRIBUIDORA LTDA";"29494115000161";"PREGÃO ELETRÔNICO";"0";"PROPRIA";"33903098";"OUTROS MATERIAIS DE CONSUMO DECORRENTE DE DECISÃO";"SUPLEMENTO HIPERPROTEICO SABOR CAFE COM LEITE";"427.5";"2024";"L";"19/01/2024";"0";"01/01/2024";"31/01/2024";"14"
"UNIDADE DE GESTÃO DE PROMOÇÃO DA SAÚDE";"10";"SAÚDE";"302";"ASSISTÊNCIA HOSPITALAR E AMBULATORIAL";"2024";"1694";"2023";"236";"14";"100042416";"NUTRIPORT COMERCIAL LTDA";"03612312000144";"PREGÃO ELETRÔNICO";"0";"PROPRIA";"33903098";"OUTROS MATERIAIS DE CONSUMO DECORRENTE DE DECISÃO";"FORMULA DE PROTEINA EXTENSAMENTE HIDROLISADA PARA LACTENTES";"913.92";"2024";"L";"24/01/2024";"0";"01/01/2024";"31/01/2024";"14"
"UNIDADE DE GESTÃO DE PROMOÇÃO DA SAÚDE";"10";"SAÚDE";"302";"ASSISTÊNCIA HOSPITALAR E AMBULATORIAL";"2024";"1695";"2023";"236";"14";"100042416";"NUTRIPORT COMERCIAL LTDA";"03612312000144";"PREGÃO ELETRÔNICO";"0";"PROPRIA";"33903098";"OUTROS MATERIAIS DE CONSUMO DECORRENTE DE DECISÃO";"FORMULA DE PROTEINA EXTENSAMENTE HIDROLISADA PARA LACTENTES";"3998.4";"2024";"L";"24/01/2024";"0";"01/01/2024";"31/01/2024";"14"
"UNIDADE DE GESTÃO DE PROMOÇÃO DA SAÚDE";"10";"SAÚDE";"302";"ASSISTÊNCIA HOSPITALAR E AMBULATORIAL";"2024";"1699";"2023";"227";"14";"100048031";"COLOPLAST DO BRASIL LTDA";"02794555000501";"PREGÃO ELETRÔNICO";"0";"PROPRIA";"33903098";"OUTROS MATERIAIS DE CONSUMO DECORRENTE DE DECISÃO";"CATETER URETRAL MASCULINO LUBRIFICADO N.12";"10344.3";"2024";"L";"24/01/2024";"0";"01/01/2024";"31/01/2024";"14"
"UNIDADE DE GESTÃO DA CASA CIVIL";"4";"ADMINISTRAÇÃO";"122";"ADMINISTRAÇÃO GERAL";"2024";"1700";"";"0";"0";"7036269";"ASSOCIACAO PAULISTA DE MUNICIPIOS";"43821388000102";"";"0";"PROPRIA";"33903901";"ASSINATURAS DE PERIODICOS E ANUIDADES";"ASSINATURA ANUAL - ASSOCIACAO PAULISTA DE MUNICIPIOS";"22395.6";"2024";"L";"18/01/2024";"0";"01/01/2024";"31/01/2024";"3"
"UNIDADE DE GESTÃO DE PROMOÇÃO DA SAÚDE";"10";"SAÚDE";"301";"ATENÇÃO BÁSICA";"2024";"1701";"";"0";"0";"100048630";"MONIZE REZENDE DE SOUSA";"11040711693";"";"0";"PROPRIA";"33904899";"DEMAIS AUXÍLIOS FINANCEIROS A PESSOAS FÍSICAS";"AJUDA DE CUSTO";"1100";"2024";"L";"30/01/2024";"0";"01/01/2024";"31/01/2024";"14"
"UNIDADE DE GESTÃO DE PROMOÇÃO DA SAÚDE";"10";"SAÚDE";"301";"ATENÇÃO BÁSICA";"2024";"1702";"";"0";"0";"100049175";"LANA MAYARA MENESES LUSTOSA VARGAS";"05386057316";"";"0";"PROPRIA";"33904899";"DEMAIS AUXÍLIOS FINANCEIROS A PESSOAS FÍSICAS";"AJUDA DE CUSTO";"1100";"2024";"L";"30/01/2024";"0";"01/01/2024";"31/01/2024";"14"
"UNIDADE DE GESTÃO DE CULTURA";"13";"CULTURA";"392";"DIFUSÃO CULTURAL";"2024";"1704";"2024";"46";"1";"100023341";"DANIEL FRANCISCAO ME";"97549808000164";"COMPRA DIRETA";"0";"PROPRIA";"33903923";"FESTIVIDADES E HOMENAGENS";"SHOW MUSICAL";"2500";"2024";"L";"31/01/2024";"0";"01/01/2024";"31/01/2024";"22"
"UNIDADE DE GESTÃO DE EDUCAÇÃO";"12";"EDUCAÇÃO";"365";"EDUCAÇÃO INFANTIL";"2024";"1705";"2019";"63";"5";"100041266";"MARTINS & BALTAZAR ESCOLA INFANTIL LTDA";"31105439000102";"INEXIGIBILIDADE";"0";"PROPRIA";"33903965";"SERVIÇOS DE APOIO AO ENSINO";"FORNECIMENTO DE VAGAS EM CRECHES - TEMPO PARCIAL";"39000";"2024";"L";"31/01/2024";"0";"01/01/2024";"31/01/2024";"13"
"UNIDADE DE GESTÃO DE EDUCAÇÃO";"12";"EDUCAÇÃO";"365";"EDUCAÇÃO INFANTIL";"2024";"1706";"2019";"44";"5";"100022763";"ESCOLA DE EDUC.INFANTIL CAMINHO DO SABER LTDA ME";"09297416000198";"INEXIGIBILIDADE";"0";"PROPRIA";"33903965";"SERVIÇOS DE APOIO AO ENSINO";"FORNECIMENTO DE VAGAS EM CRECHES";"43235";"2024";"L";"31/01/2024";"0";"01/01/2024";"31/01/2024";"13"
"UNIDADE DE GESTÃO DE CULTURA";"13";"CULTURA";"392";"DIFUSÃO CULTURAL";"2024";"1707";"2024";"47";"1";"100050012";"RENAN CARLOS SANT ANNA ME";"19975613000172";"COMPRA DIRETA";"0";"PROPRIA";"33903999";"OUTROS SERVICOS DE TERCEIROS - PESSOA JURIDICA";"SHOW ARTISTICO";"2000";"2024";"L";"25/01/2024";"0";"01/01/2024";"31/01/2024";"22"
"UNIDADE DE GESTÃO DE EDUCAÇÃO";"12";"EDUCAÇÃO";"365";"EDUCAÇÃO INFANTIL";"2024";"1708";"2019";"61";"5";"100022573";"CENTRO EDUCACIONAL ESPAÇO CRIANÇA LTDA EPP";"07652650000160";"INEXIGIBILIDADE";"0";"PROPRIA";"33903965";"SERVIÇOS DE APOIO AO ENSINO";"FORNECIMENTO DE VAGAS EM CRECHES";"59650";"2024";"L";"31/01/2024";"0";"01/01/2024";"31/01/2024";"13"
"UNIDADE DE GESTÃO DE EDUCAÇÃO";"12";"EDUCAÇÃO";"365";"EDUCAÇÃO INFANTIL";"2024";"1710";"2020";"30";"5";"100034099";"ESCOLA EDUC.INTANTIL CASINHA KIDS SANTA GIOVANA LT";"23816063000116";"INEXIGIBILIDADE";"0";"PROPRIA";"33903965";"SERVIÇOS DE APOIO AO ENSINO";"FORNECIMENTO DE VAGAS EM CRECHES - TEMPO PARCIAL";"41600";"2024";"L";"31/01/2024";"0";"01/01/2024";"31/01/2024";"13"
"UNIDADE DE GESTÃO DE EDUCAÇÃO";"12";"EDUCAÇÃO";"365";"EDUCAÇÃO INFANTIL";"2024";"1711";"2019";"40";"5";"100022602";"ESCOLA DE EDUCAÇÃO INFANTIL MARA BRAUN LTDA EPP";"10310892000180";"INEXIGIBILIDADE";"0";"PROPRIA";"33903965";"SERVIÇOS DE APOIO AO ENSINO";"FORNECIMENTO DE VAGAS EM CRECHES";"86680";"2024";"L";"31/01/2024";"0";"01/01/2024";"31/01/2024";"13"
"UNIDADE DE GESTÃO DE EDUCAÇÃO";"12";"EDUCAÇÃO";"365";"EDUCAÇÃO INFANTIL";"2024";"1713";"2023";"16";"5";"100050728";"SISTEMA DE EDUCACAO INF PEQUENO APRENDIZ LTDA";"14034435000323";"INEXIGIBILIDADE";"0";"PROPRIA";"33903965";"SERVIÇOS DE APOIO AO ENSINO";"FORNECIMENTO DE VAGAS EM CRECHES";"49800";"2024";"L";"31/01/2024";"0";"01/01/2024";"31/01/2024";"13"
"UNIDADE DE GESTÃO DE INFRAEST. E SERVIÇOS PÚBLICOS";"15";"URBANISMO";"451";"INFRA-ESTRUTURA URBANA";"2024";"1715";"2022";"11";"7";"100049707";"CONSORCIO VILA HORTOLANDIA";"49634194000176";"CONCORRENCIA(LEI 8666-93)";"6352";"SDR/ INFRAESTRUTURA URBANA/CONV. 102427/2022";"44905199";"OUTRAS OBRAS E INSTALACOES";"OBRA DE PAV. ASF. E DRENAGEM DE AGUAS PLUVIAIS VIAS URBANAS";"3572256.4";"2024";"L";"31/01/2024";"0";"01/01/2024";"31/01/2024";"10"
"UNIDADE DE GESTÃO DE INFRAEST. E SERVIÇOS PÚBLICOS";"15";"URBANISMO";"451";"INFRA-ESTRUTURA URBANA";"2024";"1716";"2022";"11";"7";"100049707";"CONSORCIO VILA HORTOLANDIA";"49634194000176";"CONCORRENCIA(LEI 8666-93)";"6352";"SDR/ INFRAESTRUTURA URBANA/CONV. 102427/2022";"44905199";"OUTRAS OBRAS E INSTALACOES";"OBRA DE CONSTRUCAO DE PONTE";"3761843.28";"2024";"L";"31/01/2024";"0";"01/01/2024";"31/01/2024";"10"
"UNIDADE DE GESTÃO DE INFRAEST. E SERVIÇOS PÚBLICOS";"15";"URBANISMO";"451";"INFRA-ESTRUTURA URBANA";"2024";"1719";"2022";"11";"7";"100049707";"CONSORCIO VILA HORTOLANDIA";"49634194000176";"CONCORRENCIA(LEI 8666-93)";"6352";"SDR/ INFRAESTRUTURA URBANA/CONV. 102427/2022";"44905199";"OUTRAS OBRAS E INSTALACOES";"OBRA DE CANALIZACAO DE CORREGO";"795355.78";"2024";"L";"31/01/2024";"0";"01/01/2024";"31/01/2024";"10"
"UNIDADE DE GESTÃO DE EDUCAÇÃO";"12";"EDUCAÇÃO";"365";"EDUCAÇÃO INFANTIL";"2024";"1723";"2021";"18";"5";"100034100";"E.E.I. LIGNUM LTDA ME";"23431186000139";"INEXIGIBILIDADE";"0";"PROPRIA";"33903965";"SERVIÇOS DE APOIO AO ENSINO";"FORNECIMENTO DE VAGAS EM CRECHES";"55985";"2024";"L";"31/01/2024";"0";"01/01/2024";"31/01/2024";"13"
"UNIDADE DE GESTÃO DE EDUCAÇÃO";"12";"EDUCAÇÃO";"365";"EDUCAÇÃO INFANTIL";"2024";"1724";"2022";"28";"5";"100035924";"SABER KIDS ESCOLA DE EDUCACAO INFANTIL LTDA ME";"23644041000116";"INEXIGIBILIDADE";"0";"PROPRIA";"33903965";"SERVIÇOS DE APOIO AO ENSINO";"FORNECIMENTO DE VAGAS EM CRECHES";"24955";"2024";"L";"31/01/2024";"0";"01/01/2024";"31/01/2024";"13"
"UNIDADE DE GESTÃO DE EDUCAÇÃO";"12";"EDUCAÇÃO";"365";"EDUCAÇÃO INFANTIL";"2024";"1726";"2019";"37";"5";"100028043";"ESCOLA DE EDUCAÇÃO INFANT.MEU PRIMEIRO PASSO LTDA";"19250649000199";"INEXIGIBILIDADE";"0";"PROPRIA";"33903965";"SERVIÇOS DE APOIO AO ENSINO";"FORNECIMENTO DE VAGAS EM CRECHES";"80175";"2024";"L";"31/01/2024";"0";"01/01/2024";"31/01/2024";"13"
"UNIDADE DE GESTÃO DE EDUCAÇÃO";"12";"EDUCAÇÃO";"365";"EDUCAÇÃO INFANTIL";"2024";"1727";"2022";"35";"5";"100035543";"CENTRO EDUCACIONAL ESPACO CRIANCA LTDA EPP";"07652650000241";"INEXIGIBILIDADE";"0";"PROPRIA";"33903965";"SERVIÇOS DE APOIO AO ENSINO";"FORNECIMENTO DE VAGAS EM CRECHES";"32505";"2024";"L";"31/01/2024";"0";"01/01/2024";"31/01/2024";"13"
"UNIDADE DE GESTÃO DE EDUCAÇÃO";"12";"EDUCAÇÃO";"365";"EDUCAÇÃO INFANTIL";"2024";"1728";"2019";"34";"5";"100022610";"E.E.I. JUJUKINHA LTDA-ME (MATRIZ)";"13165974000177";"INEXIGIBILIDADE";"0";"PROPRIA";"33903965";"SERVIÇOS DE APOIO AO ENSINO";"FORNECIMENTO DE VAGAS EM CRECHES";"44875";"2024";"L";"31/01/2024";"0";"01/01/2024";"31/01/2024";"13"
"UNIDADE DE GESTÃO DE EDUCAÇÃO";"12";"EDUCAÇÃO";"365";"EDUCAÇÃO INFANTIL";"2024";"1730";"2019";"56";"5";"100022627";"ESCOLA NOSSO DOM 2 LTDA ME";"10794959000108";"INEXIGIBILIDADE";"0";"PROPRIA";"33903965";"SERVIÇOS DE APOIO AO ENSINO";"FORNECIMENTO DE VAGAS EM CRECHES";"31520";"2024";"L";"31/01/2024";"0";"01/01/2024";"31/01/2024";"13"
"UNIDADE DE GESTÃO DE EDUCAÇÃO";"12";"EDUCAÇÃO";"365";"EDUCAÇÃO INFANTIL";"2024";"1731";"2020";"31";"5";"100032517";"ESCOLA DE EDUC.INFANT.IMAGINARIO KIDS S/S LTDA ME";"22024667000167";"INEXIGIBILIDADE";"0";"PROPRIA";"33903965";"SERVIÇOS DE APOIO AO ENSINO";"FORNECIMENTO DE VAGAS EM CRECHES";"48270";"2024";"L";"31/01/2024";"0";"01/01/2024";"31/01/2024";"13"
"UNIDADE DE GESTÃO DE EDUCAÇÃO";"12";"EDUCAÇÃO";"365";"EDUCAÇÃO INFANTIL";"2024";"1732";"2019";"42";"5";"100027974";"ESCOLA ED.INF ENS.FUND.GIORDANO BRUNO LTDA ME";"05407950000159";"INEXIGIBILIDADE";"0";"PROPRIA";"33903965";"SERVIÇOS DE APOIO AO ENSINO";"FORNECIMENTO DE VAGAS EM CRECHES";"125540";"2024";"L";"31/01/2024";"0";"01/01/2024";"31/01/2024";"13"
"UNIDADE DE GESTÃO DE EDUCAÇÃO";"12";"EDUCAÇÃO";"365";"EDUCAÇÃO INFANTIL";"2024";"1733";"2019";"59";"5";"100022608";"ESCOLA DE EDUCAÇÃO INFANTIL ESPAÇO FELIZ LTDA.ME";"09081665000141";"INEXIGIBILIDADE";"0";"PROPRIA";"33903965";"SERVIÇOS DE APOIO AO ENSINO";"FORNECIMENTO DE VAGAS EM CRECHES";"50625";"2024";"L";"31/01/2024";"0";"01/01/2024";"31/01/2024";"13"
"UNIDADE DE GESTÃO DE EDUCAÇÃO";"12";"EDUCAÇÃO";"365";"EDUCAÇÃO INFANTIL";"2024";"1734";"2019";"39";"5";"100026286";"E.E.I. JUJUKINHA LTDA-ME (FILIAL)";"13165974000258";"INEXIGIBILIDADE";"0";"PROPRIA";"33903965";"SERVIÇOS DE APOIO AO ENSINO";"FORNECIMENTO DE VAGAS EM CRECHES";"76830";"2024";"L";"31/01/2024";"0";"01/01/2024";"31/01/2024";"13"
"UNIDADE DE GESTÃO DE EDUCAÇÃO";"12";"EDUCAÇÃO";"365";"EDUCAÇÃO INFANTIL";"2024";"1736";"2022";"9";"5";"100026325";"AMORINHA KIDS EDUC INFANTIL LTDA ME";"17072902000136";"INEXIGIBILIDADE";"0";"PROPRIA";"33903965";"SERVIÇOS DE APOIO AO ENSINO";"FORNECIMENTO DE VAGAS EM CRECHES";"41370";"2024";"L";"31/01/2024";"0";"01/01/2024";"31/01/2024";"13"
"UNIDADE DE GESTÃO DE EDUCAÇÃO";"12";"EDUCAÇÃO";"365";"EDUCAÇÃO INFANTIL";"2024";"1737";"2023";"24";"5";"100037276";"R A MANZATO ALPHA EDUCACIONAL ME";"21191998000129";"INEXIGIBILIDADE";"0";"PROPRIA";"33903965";"SERVIÇOS DE APOIO AO ENSINO";"FORNECIMENTO DE VAGAS EM CRECHES";"72800";"2024";"L";"31/01/2024";"0";"01/01/2024";"31/01/2024";"13"
"UNIDADE DE GESTÃO DE EDUCAÇÃO";"12";"EDUCAÇÃO";"365";"EDUCAÇÃO INFANTIL";"2024";"1738";"2021";"22";"5";"100045672";"E.E.I JUJUKINHA LTDA ME";"13165974000339";"INEXIGIBILIDADE";"0";"PROPRIA";"33903965";"SERVIÇOS DE APOIO AO ENSINO";"FORNECIMENTO DE VAGAS EM CRECHES";"31200";"2024";"L";"31/01/2024";"0";"01/01/2024";"31/01/2024";"13"
"UNIDADE DE GESTÃO DE CULTURA";"13";"CULTURA";"392";"DIFUSÃO CULTURAL";"2024";"1740";"2024";"54";"1";"100048311";"MARCELO APARECIDO FERRACINI";"41901001000194";"COMPRA DIRETA";"0";"PROPRIA";"33903923";"FESTIVIDADES E HOMENAGENS";"SHOW MUSICAL";"2000";"2024";"L";"30/01/2024";"0";"01/01/2024";"31/01/2024";"22"
"UNIDADE DE GESTÃO DE EDUCAÇÃO";"12";"EDUCAÇÃO";"365";"EDUCAÇÃO INFANTIL";"2024";"1742";"2019";"50";"5";"100022780";"ESCOLA EDUC.INFANTIL PEDACINHO DO CÉU LTDA ME (FIL";"05455533000262";"INEXIGIBILIDADE";"0";"PROPRIA";"33903965";"SERVIÇOS DE APOIO AO ENSINO";"FORNECIMENTO DE VAGAS EM CRECHES";"133960";"2024";"L";"31/01/2024";"0";"01/01/2024";"31/01/2024";"13"
"UNIDADE DE GESTÃO DE EDUCAÇÃO";"12";"EDUCAÇÃO";"365";"EDUCAÇÃO INFANTIL";"2024";"1743";"2019";"31";"5";"100022762";"MAZEU & MARIANO LTDA ME";"05344396000108";"INEXIGIBILIDADE";"0";"PROPRIA";"33903965";"SERVIÇOS DE APOIO AO ENSINO";"FORNECIMENTO DE VAGAS EM CRECHES";"99600";"2024";"L";"31/01/2024";"0";"01/01/2024";"31/01/2024";"13"
"UNIDADE DE GESTÃO DE EDUCAÇÃO";"12";"EDUCAÇÃO";"365";"EDUCAÇÃO INFANTIL";"2024";"1744";"2021";"23";"5";"100045640";"MAYARA BRAUN ESCOLA DE EDUCACAO INFANTIL LTDA ME";"32112604000116";"INEXIGIBILIDADE";"0";"PROPRIA";"33903965";"SERVIÇOS DE APOIO AO ENSINO";"FORNECIMENTO DE VAGAS EM CRECHES";"86630";"2024";"L";"31/01/2024";"0";"01/01/2024";"31/01/2024";"13"
"UNIDADE DE GESTÃO DE PROMOÇÃO DA SAÚDE";"10";"SAÚDE";"302";"ASSISTÊNCIA HOSPITALAR E AMBULATORIAL";"2024";"1745";"2023";"100";"14";"100015033";"HELIANTO FARMACEUTICA LTDA EPP";"04506487000130";"PREGÃO ELETRÔNICO";"0";"PROPRIA";"33903098";"OUTROS MATERIAIS DE CONSUMO DECORRENTE DE DECISÃO";"CREME DE UREIA 100 MG/G. TUBO 60 G A 100 G";"336.6";"2024";"L";"26/01/2024";"0";"01/01/2024";"31/01/2024";"14"
"UNIDADE DE GESTÃO DE ADMINIST. E GESTÃO DE PESSOAS";"4";"ADMINISTRAÇÃO";"122";"ADMINISTRAÇÃO GERAL";"2024";"1748";"2024";"55";"1";"100038724";"SGP SOLUÇÕES EM GESTÃO PÚBLICA LTDA EPP";"29759932000102";"COMPRA DIRETA";"0";"PROPRIA";"33903901";"ASSINATURAS DE PERIODICOS E ANUIDADES";"ASSINATURA ANUAL - REVISTA ELETRONICA";"5300";"2024";"L";"22/01/2024";"0";"01/01/2024";"31/01/2024";"7"
"UNIDADE DE GESTÃO DE ADMINIST. E GESTÃO DE PESSOAS";"4";"ADMINISTRAÇÃO";"122";"ADMINISTRAÇÃO GERAL";"2024";"1749";"2024";"56";"1";"100036430";"GOVERNET EDITORA LTDA EPP";"07316919000138";"COMPRA DIRETA";"0";"PROPRIA";"33903901";"ASSINATURAS DE PERIODICOS E ANUIDADES";"ASSINATURA ANUAL - REVISTA ELETRONICA";"7180";"2024";"L";"18/01/2024";"0";"01/01/2024";"31/01/2024";"7"
"UNIDADE DE GESTÃO DE ADMINIST. E GESTÃO DE PESSOAS";"4";"ADMINISTRAÇÃO";"122";"ADMINISTRAÇÃO GERAL";"2024";"1750";"2024";"57";"1";"100036430";"GOVERNET EDITORA LTDA EPP";"07316919000138";"COMPRA DIRETA";"0";"PROPRIA";"33903901";"ASSINATURAS DE PERIODICOS E ANUIDADES";"ASSINATURA ANUAL - REVISTA ELETRONICA";"7180";"2024";"L";"18/01/2024";"0";"01/01/2024";"31/01/2024";"7"
"UNIDADE DE GESTÃO DE GOVERNO E FINANÇAS";"28";"ENCARGOS ESPECIAIS";"846";"OUTROS ENCARGOS ESPECIAIS";"2024";"1753";"";"0";"0";"100053428";"MICHELE CRISTINE ALVES NOGUEIRA BINI";"21688068880";"";"0";"PROPRIA";"33909302";"RESTITUICOES";"INDENIZACOES E/OU RESSARCIMENTOS(P. FISICA).";"1315.46";"2024";"L";"17/01/2024";"0";"01/01/2024";"31/01/2024";"8"
"UNIDADE DE GESTÃO DE GOVERNO E FINANÇAS";"28";"ENCARGOS ESPECIAIS";"846";"OUTROS ENCARGOS ESPECIAIS";"2024";"1754";"";"0";"0";"100053401";"TALINE DOS SANTOS SILVA";"38540532824";"";"5403";"FUNDO MUNICIPAL DE TRANSITO - MULTAS";"33909302";"RESTITUICOES";"INDENIZACOES E/OU RESSARCIMENTOS(P. FISICA).";"58.69";"2024";"L";"22/01/2024";"0";"01/01/2024";"31/01/2024";"8"
"UNIDADE DE GESTÃO DE PROMOÇÃO DA SAÚDE";"10";"SAÚDE";"303";"SUPORTE PROFILÁTICO E TERAPÊUTICO";"2024";"1756";"2023";"70";"6";"100002469";"M L MEDICAMENTOS LTDA EPP";"50960574000180";"DISPENSA DE LICITACAO";"0";"PROPRIA";"33903037";"MEDICAMENTOS FORNECIDOS POR DECISÃO JUDICIAL";"CARBAMAZEPINA 200MG DE LIBERACAO PROLONGADA";"2452.2";"2024";"L";"24/01/2024";"0";"01/01/2024";"31/01/2024";"14"
"UNIDADE DE GESTÃO DE PROMOÇÃO DA SAÚDE";"10";"SAÚDE";"303";"SUPORTE PROFILÁTICO E TERAPÊUTICO";"2024";"1756";"2023";"70";"6";"100002469";"M L MEDICAMENTOS LTDA EPP";"50960574000180";"DISPENSA DE LICITACAO";"0";"PROPRIA";"33903037";"MEDICAMENTOS FORNECIDOS POR DECISÃO JUDICIAL";"RAMIPRIL 2.5 MG";"742.5";"2024";"L";"24/01/2024";"0";"01/01/2024";"31/01/2024";"14"
"UNIDADE DE GESTÃO DE PROMOÇÃO DA SAÚDE";"10";"SAÚDE";"303";"SUPORTE PROFILÁTICO E TERAPÊUTICO";"2024";"1756";"2023";"70";"6";"100002469";"M L MEDICAMENTOS LTDA EPP";"50960574000180";"DISPENSA DE LICITACAO";"0";"PROPRIA";"33903037";"MEDICAMENTOS FORNECIDOS POR DECISÃO JUDICIAL";"CALCIO CARBONATO 600MG + COLECALCIFEROL 200UI + VITAMINA K";"252";"2024";"L";"24/01/2024";"0";"01/01/2024";"31/01/2024";"14"
"UNIDADE DE GESTÃO DE PROMOÇÃO DA SAÚDE";"10";"SAÚDE";"303";"SUPORTE PROFILÁTICO E TERAPÊUTICO";"2024";"1756";"2023";"70";"6";"100002469";"M L MEDICAMENTOS LTDA EPP";"50960574000180";"DISPENSA DE LICITACAO";"0";"PROPRIA";"33903037";"MEDICAMENTOS FORNECIDOS POR DECISÃO JUDICIAL";"GLICOSAMINA. SULFATO 500 MG + CONDROITINA. SULFATO 400 MG";"14462.4";"2024";"L";"24/01/2024";"0";"01/01/2024";"31/01/2024";"14"
"UNIDADE DE GESTÃO DE PROMOÇÃO DA SAÚDE";"10";"SAÚDE";"303";"SUPORTE PROFILÁTICO E TERAPÊUTICO";"2024";"1757";"2023";"70";"6";"100047707";"REINALDO JOSE CANOVA EPP";"55180491000191";"DISPENSA DE LICITACAO";"0";"PROPRIA";"33903037";"MEDICAMENTOS FORNECIDOS POR DECISÃO JUDICIAL";"TELMISARTANA 80MG + HIDROCLOROTIAZIDA 25MG";"458.4";"2024";"L";"30/01/2024";"0";"01/01/2024";"31/01/2024";"14"
"UNIDADE DE GESTÃO DE PROMOÇÃO DA SAÚDE";"10";"SAÚDE";"303";"SUPORTE PROFILÁTICO E TERAPÊUTICO";"2024";"1757";"2023";"70";"6";"100047707";"REINALDO JOSE CANOVA EPP";"55180491000191";"DISPENSA DE LICITACAO";"0";"PROPRIA";"33903037";"MEDICAMENTOS FORNECIDOS POR DECISÃO JUDICIAL";"VALSARTANA 160MG + HIDROCLOROTIAZIDA 12.5MG";"1611.9";"2024";"L";"30/01/2024";"0";"01/01/2024";"31/01/2024";"14"
"UNIDADE DE GESTÃO DE PROMOÇÃO DA SAÚDE";"10";"SAÚDE";"303";"SUPORTE PROFILÁTICO E TERAPÊUTICO";"2024";"1757";"2023";"70";"6";"100047707";"REINALDO JOSE CANOVA EPP";"55180491000191";"DISPENSA DE LICITACAO";"0";"PROPRIA";"33903037";"MEDICAMENTOS FORNECIDOS POR DECISÃO JUDICIAL";"LIRAGLUTIDA 6MG/ML SOLUCAO INJETAVEL 3ML CANETA DESCARTAVEL";"114030.21";"2024";"L";"30/01/2024";"0";"01/01/2024";"31/01/2024";"14"
"UNIDADE DE GESTÃO DE PROMOÇÃO DA SAÚDE";"10";"SAÚDE";"303";"SUPORTE PROFILÁTICO E TERAPÊUTICO";"2024";"1757";"2023";"70";"6";"100047707";"REINALDO JOSE CANOVA EPP";"55180491000191";"DISPENSA DE LICITACAO";"0";"PROPRIA";"33903037";"MEDICAMENTOS FORNECIDOS POR DECISÃO JUDICIAL";"VALSARTANA 160MG + HIDROCLOROTIAZIDA 12.5MG + ANLODIPNO 5MG";"2428.16";"2024";"L";"30/01/2024";"0";"01/01/2024";"31/01/2024";"14"
"UNIDADE DE GESTÃO DE PROMOÇÃO DA SAÚDE";"10";"SAÚDE";"303";"SUPORTE PROFILÁTICO E TERAPÊUTICO";"2024";"1757";"2023";"70";"6";"100047707";"REINALDO JOSE CANOVA EPP";"55180491000191";"DISPENSA DE LICITACAO";"0";"PROPRIA";"33903037";"MEDICAMENTOS FORNECIDOS POR DECISÃO JUDICIAL";"SODIO DIVALPROATO 125MG";"1051.2";"2024";"L";"30/01/2024";"0";"01/01/2024";"31/01/2024";"14"
"UNIDADE DE GESTÃO DE PROMOÇÃO DA SAÚDE";"10";"SAÚDE";"303";"SUPORTE PROFILÁTICO E TERAPÊUTICO";"2024";"1758";"2023";"70";"6";"100052515";"BRASIL FARMAON MEDIC FARMACEUTICOS LTDA EPP";"40254918000181";"DISPENSA DE LICITACAO";"0";"PROPRIA";"33903037";"MEDICAMENTOS FORNECIDOS POR DECISÃO JUDICIAL";"COLESTIRAMINA EM PO. ENVELOPE COM 4G";"16275";"2024";"L";"31/01/2024";"0";"01/01/2024";"31/01/2024";"14"
"UNIDADE DE GESTÃO DE ADMINIST. E GESTÃO DE PESSOAS";"4";"ADMINISTRAÇÃO";"122";"ADMINISTRAÇÃO GERAL";"2024";"1759";"2023";"322";"1";"1097642";"ALFATEL JUNDIAI COMERCIO. TELECOMUNICACOES E INFORMATICA LTDA";"01857631000194";"COMPRA DIRETA";"0";"PROPRIA";"33903917";"MANUTENCAO E CONSERVACAO DE MAQUINAS E EQUIPAMENTO";"MANUTENCAO PREVENTIVA E CORRETIVA EM CANCELA AUTOMATICA";"1460";"2024";"L";"24/01/2024";"0";"01/01/2024";"31/01/2024";"7"
"UNIDADE DE GESTÃO DA CASA CIVIL";"4";"ADMINISTRAÇÃO";"122";"ADMINISTRAÇÃO GERAL";"2024";"1764";"2024";"60";"1";"100041688";"UNIVERSIDADE DE DIREITO PUBLICO";"35883382000123";"COMPRA DIRETA";"0";"PROPRIA";"33903999";"OUTROS SERVICOS DE TERCEIROS - PESSOA JURIDICA";"INSCRICAO-PARTICIPACAO EM CURSO";"1615";"2024";"L";"18/01/2024";"0";"01/01/2024";"31/01/2024";"3"
"UNIDADE DE GESTÃO DE CULTURA";"13";"CULTURA";"392";"DIFUSÃO CULTURAL";"2024";"1768";"2023";"5";"11";"100043387";"37.858.122 LETICIA DOS PASSOS ROSA ME";"37858122000123";"CONCURSO";"0";"PROPRIA";"33903923";"FESTIVIDADES E HOMENAGENS";"SHOW MUSICAL";"2500";"2024";"L";"29/01/2024";"0";"01/01/2024";"31/01/2024";"22"
"UNIDADE DE GESTÃO DE PROMOÇÃO DA SAÚDE";"10";"SAÚDE";"303";"SUPORTE PROFILÁTICO E TERAPÊUTICO";"2024";"1770";"2023";"68";"6";"100041459";"CM HOSPITALAR S.A";"12420164000904";"DISPENSA DE LICITACAO";"0";"PROPRIA";"33903037";"MEDICAMENTOS FORNECIDOS POR DECISÃO JUDICIAL";"PEMBROLIZUMABE 100 MG SOLUCAO INJETAVEL 4 ML (25 MG/ML)";"183977.76";"2024";"L";"24/01/2024";"0";"01/01/2024";"31/01/2024";"14"
"UNIDADE GESTÃO DE ASSISTÊNCIA E DESENVOLV. SOCIAL";"8";"ASSISTÊNCIA SOCIAL";"243";"ASSISTÊNCIA À CRIANÇA E AO ADOLESCENTE";"2024";"1836";"";"0";"0";"100041257";"GLAUCIA DO AMARAL BRUNELLI";"02078515817";"";"0";"PROPRIA";"31901101";"VENCIMENTO E SALARIOS";"REMUNERACAO DE CONSELHEIROS TUTELARES";"13215.27";"2024";"L";"22/01/2024";"0";"01/01/2024";"31/01/2024";"15"
"UNIDADE GESTÃO DE ASSISTÊNCIA E DESENVOLV. SOCIAL";"8";"ASSISTÊNCIA SOCIAL";"243";"ASSISTÊNCIA À CRIANÇA E AO ADOLESCENTE";"2024";"1837";"";"0";"0";"100041261";"MARIO MARTINI";"03611900850";"";"0";"PROPRIA";"31901101";"VENCIMENTO E SALARIOS";"REMUNERACAO DE CONSELHEIROS TUTELARES";"13215.27";"2024";"L";"22/01/2024";"0";"01/01/2024";"31/01/2024";"15"
"UNIDADE GESTÃO DE ASSISTÊNCIA E DESENVOLV. SOCIAL";"8";"ASSISTÊNCIA SOCIAL";"243";"ASSISTÊNCIA À CRIANÇA E AO ADOLESCENTE";"2024";"1838";"";"0";"0";"100041262";"SEBASTIAO NEREU DA VEIGA";"02496094876";"";"0";"PROPRIA";"31901101";"VENCIMENTO E SALARIOS";"REMUNERACAO DE CONSELHEIROS TUTELARES";"13215.27";"2024";"L";"22/01/2024";"0";"01/01/2024";"31/01/2024";"15"
"UNIDADE GESTÃO DE ASSISTÊNCIA E DESENVOLV. SOCIAL";"8";"ASSISTÊNCIA SOCIAL";"243";"ASSISTÊNCIA À CRIANÇA E AO ADOLESCENTE";"2024";"1839";"";"0";"0";"100041263";"THALITA ROSADO VENTORINI";"31235829812";"";"0";"PROPRIA";"31901101";"VENCIMENTO E SALARIOS";"REMUNERACAO DE CONSELHEIROS TUTELARES";"13215.27";"2024";"L";"22/01/2024";"0";"01/01/2024";"31/01/2024";"15"
"UNIDADE GESTÃO DE ASSISTÊNCIA E DESENVOLV. SOCIAL";"8";"ASSISTÊNCIA SOCIAL";"243";"ASSISTÊNCIA À CRIANÇA E AO ADOLESCENTE";"2024";"1840";"";"0";"0";"100041264";"THIAGO CALHEIRO COSTA";"32421809843";"";"0";"PROPRIA";"31901101";"VENCIMENTO E SALARIOS";"REMUNERACAO DE CONSELHEIROS TUTELARES";"13215.27";"2024";"L";"22/01/2024";"0";"01/01/2024";"31/01/2024";"15"
"UNIDADE GESTÃO DE ASSISTÊNCIA E DESENVOLV. SOCIAL";"8";"ASSISTÊNCIA SOCIAL";"243";"ASSISTÊNCIA À CRIANÇA E AO ADOLESCENTE";"2024";"1841";"";"0";"0";"100041259";"JACQUELINE BELTRAMI DA COSTA";"21484936809";"";"0";"PROPRIA";"31901101";"VENCIMENTO E SALARIOS";"REMUNERACAO DE CONSELHEIROS TUTELARES";"13215.27";"2024";"L";"22/01/2024";"0";"01/01/2024";"31/01/2024";"15"
"UNIDADE GESTÃO DE ASSISTÊNCIA E DESENVOLV. SOCIAL";"8";"ASSISTÊNCIA SOCIAL";"243";"ASSISTÊNCIA À CRIANÇA E AO ADOLESCENTE";"2024";"1842";"";"0";"0";"100032283";"ADILSON SANTO DE AZEVEDO";"13772410847";"";"0";"PROPRIA";"31901101";"VENCIMENTO E SALARIOS";"REMUNERACAO DE CONSELHEIROS TUTELARES";"13215.27";"2024";"L";"22/01/2024";"0";"01/01/2024";"31/01/2024";"15"
"UNIDADE GESTÃO DE ASSISTÊNCIA E DESENVOLV. SOCIAL";"8";"ASSISTÊNCIA SOCIAL";"243";"ASSISTÊNCIA À CRIANÇA E AO ADOLESCENTE";"2024";"1843";"";"0";"0";"100041258";"HELENA SILVA SANTOS";"10220249814";"";"0";"PROPRIA";"31901101";"VENCIMENTO E SALARIOS";"REMUNERACAO DE CONSELHEIROS TUTELARES";"13215.27";"2024";"L";"22/01/2024";"0";"01/01/2024";"31/01/2024";"15"
"UNIDADE GESTÃO DE ASSISTÊNCIA E DESENVOLV. SOCIAL";"8";"ASSISTÊNCIA SOCIAL";"243";"ASSISTÊNCIA À CRIANÇA E AO ADOLESCENTE";"2024";"1844";"";"0";"0";"7039339";"NELI DOLORES MIAM";"10213786826";"";"0";"PROPRIA";"31901101";"VENCIMENTO E SALARIOS";"REMUNERACAO DE CONSELHEIROS TUTELARES";"13215.27";"2024";"L";"22/01/2024";"0";"01/01/2024";"31/01/2024";"15"
"UNIDADE GESTÃO DE ASSISTÊNCIA E DESENVOLV. SOCIAL";"8";"ASSISTÊNCIA SOCIAL";"243";"ASSISTÊNCIA À CRIANÇA E AO ADOLESCENTE";"2024";"1845";"";"0";"0";"100004456";"CLARA ZANATTA FERRARI GARCIA";"06189773842";"";"0";"PROPRIA";"31901101";"VENCIMENTO E SALARIOS";"REMUNERACAO DE CONSELHEIROS TUTELARES";"3326.29";"2024";"L";"22/01/2024";"0";"01/01/2024";"31/01/2024";"15"
"UNIDADE GESTÃO DE ASSISTÊNCIA E DESENVOLV. SOCIAL";"8";"ASSISTÊNCIA SOCIAL";"243";"ASSISTÊNCIA À CRIANÇA E AO ADOLESCENTE";"2024";"1846";"";"0";"0";"100043574";"ROSELI ALVES DE PONTES";"04216351859";"";"0";"PROPRIA";"31901101";"VENCIMENTO E SALARIOS";"REMUNERACAO DE CONSELHEIROS TUTELARES";"13215.27";"2024";"L";"22/01/2024";"0";"01/01/2024";"31/01/2024";"15"
"UNIDADE GESTÃO DE ASSISTÊNCIA E DESENVOLV. SOCIAL";"8";"ASSISTÊNCIA SOCIAL";"243";"ASSISTÊNCIA À CRIANÇA E AO ADOLESCENTE";"2024";"1847";"";"0";"0";"100032289";"CLAUDIA TOFOLI HONORIO";"34218456895";"";"0";"PROPRIA";"31901101";"VENCIMENTO E SALARIOS";"REMUNERACAO DE CONSELHEIROS TUTELARES";"13215.27";"2024";"L";"22/01/2024";"0";"01/01/2024";"31/01/2024";"15"
"UNIDADE GESTÃO DE ASSISTÊNCIA E DESENVOLV. SOCIAL";"8";"ASSISTÊNCIA SOCIAL";"243";"ASSISTÊNCIA À CRIANÇA E AO ADOLESCENTE";"2024";"1848";"";"0";"0";"100041255";"CLEUNICE SANTOS GUEDES";"19451846808";"";"0";"PROPRIA";"31901101";"VENCIMENTO E SALARIOS";"REMUNERACAO DE CONSELHEIROS TUTELARES";"13215.27";"2024";"L";"22/01/2024";"0";"01/01/2024";"31/01/2024";"15"
"UNIDADE GESTÃO DE ASSISTÊNCIA E DESENVOLV. SOCIAL";"8";"ASSISTÊNCIA SOCIAL";"243";"ASSISTÊNCIA À CRIANÇA E AO ADOLESCENTE";"2024";"1849";"";"0";"0";"100041256";"DANIELA MADALENA DOS ANJOS CAMARGO";"28609238881";"";"0";"PROPRIA";"31901101";"VENCIMENTO E SALARIOS";"REMUNERACAO DE CONSELHEIROS TUTELARES";"13215.27";"2024";"L";"22/01/2024";"0";"01/01/2024";"31/01/2024";"15"
"UNIDADE GESTÃO DE ASSISTÊNCIA E DESENVOLV. SOCIAL";"8";"ASSISTÊNCIA SOCIAL";"243";"ASSISTÊNCIA À CRIANÇA E AO ADOLESCENTE";"2024";"1850";"";"0";"0";"100041013";"MARCOS ROBERTO HERNANDES";"18708559813";"";"0";"PROPRIA";"31901101";"VENCIMENTO E SALARIOS";"REMUNERACAO DE CONSELHEIROS TUTELARES";"13215.27";"2024";"L";"22/01/2024";"0";"01/01/2024";"31/01/2024";"15"
"UNIDADE GESTÃO DE ASSISTÊNCIA E DESENVOLV. SOCIAL";"8";"ASSISTÊNCIA SOCIAL";"243";"ASSISTÊNCIA À CRIANÇA E AO ADOLESCENTE";"2024";"1853";"";"0";"0";"100004453";"IPREJUN-INST.PREVIDENCIA DO MUN.JUNDIAI";"05507216000161";"";"0";"PROPRIA";"31911308";"CONTRIBUIÇÕES PREVIDENCIÁRIAS - RPPS - PESSOAL ATI";"FOLHA DE PAGAMENTO";"394.49";"2024";"L";"22/01/2024";"0";"01/01/2024";"31/01/2024";"15"
"UNIDADE DE GESTÃO DE CULTURA";"13";"CULTURA";"392";"DIFUSÃO CULTURAL";"2024";"1857";"2023";"4";"11";"100040861";"SILVIA DONIZETE MARCELINO 08782933880";"28541281000109";"CONCURSO";"0";"PROPRIA";"33903999";"OUTROS SERVICOS DE TERCEIROS - PESSOA JURIDICA";"SHOW ARTISTICO";"3000";"2024";"L";"26/01/2024";"0";"01/01/2024";"31/01/2024";"22"
"UNIDADE GESTÃO DE ASSISTÊNCIA E DESENVOLV. SOCIAL";"8";"ASSISTÊNCIA SOCIAL";"243";"ASSISTÊNCIA À CRIANÇA E AO ADOLESCENTE";"2024";"1858";"";"0";"0";"100033697";"ASSOCIAÇÃO ALMATER";"15670588000168";"";"5104";"FUNDO MUNIC.DIREITOS DA CRIANCA E ADOLESC.-DOACOES";"33503901";"TERMO DE COLABORAÇÃO";"CONVENIO MROSC - LEI 13019/2014 - MARCO REGUL.ORG.SOC.CIVIL";"14900";"2024";"L";"22/01/2024";"0";"01/01/2024";"31/01/2024";"15"
"UNIDADE DE GESTÃO DE CULTURA";"13";"CULTURA";"392";"DIFUSÃO CULTURAL";"2024";"1859";"2023";"4";"11";"100040963";"DANILO LUANGO DE ALMEIDA 36820313837";"35220249000197";"CONCURSO";"0";"PROPRIA";"33903923";"FESTIVIDADES E HOMENAGENS";"SHOW MUSICAL";"3000";"2024";"L";"31/01/2024";"0";"01/01/2024";"31/01/2024";"22"
"UNIDADE DE GESTÃO DE CULTURA";"13";"CULTURA";"392";"DIFUSÃO CULTURAL";"2024";"1860";"2023";"4";"11";"100048484";"LEONARDO AUGUSTO MARCHI";"43037822000150";"CONCURSO";"0";"PROPRIA";"33903923";"FESTIVIDADES E HOMENAGENS";"SHOW MUSICAL";"1500";"2024";"L";"26/01/2024";"0";"01/01/2024";"31/01/2024";"22"
"UNIDADE DE GESTÃO DE CULTURA";"13";"CULTURA";"392";"DIFUSÃO CULTURAL";"2024";"1861";"2024";"62";"1";"100034742";"LUAN HENRIQUE DA SILVA";"24697513000161";"COMPRA DIRETA";"0";"PROPRIA";"33903999";"OUTROS SERVICOS DE TERCEIROS - PESSOA JURIDICA";"SHOW ARTISTICO";"1600";"2024";"L";"31/01/2024";"0";"01/01/2024";"31/01/2024";"22"
"UNIDADE GESTÃO DE PLANEJ. URBANO E MEIO AMBIENTE";"4";"ADMINISTRAÇÃO";"122";"ADMINISTRAÇÃO GERAL";"2024";"1866";"";"0";"0";"100040086";"PMJ-PATRICIA DE FREITAS DUARTE";"21043366865";"";"0";"PROPRIA";"33903099";"OUTROS MATERIAIS DE CONSUMO";"ADIANTAMENTOS(SERVIDORES).";"100";"2024";"L";"16/01/2024";"0";"01/01/2024";"31/01/2024";"11"
"UNIDADE GESTÃO DE PLANEJ. URBANO E MEIO AMBIENTE";"4";"ADMINISTRAÇÃO";"122";"ADMINISTRAÇÃO GERAL";"2024";"1867";"";"0";"0";"100040086";"PMJ-PATRICIA DE FREITAS DUARTE";"21043366865";"";"0";"PROPRIA";"33903999";"OUTROS SERVICOS DE TERCEIROS - PESSOA JURIDICA";"ADIANTAMENTOS(SERVIDORES).";"1000";"2024";"L";"16/01/2024";"0";"01/01/2024";"31/01/2024";"11"
"UNIDADE DE GESTÃO DE MOBILIDADE E TRANSPORTE";"15";"URBANISMO";"451";"INFRA-ESTRUTURA URBANA";"2024";"1874";"2021";"253";"14";"100001377";"J.V.ARTTI COM. E RECUPERAD.PNEUS LTDA-ME";"02784513000166";"PREGÃO ELETRÔNICO";"0";"PROPRIA";"33903919";"MANUTENCAO E CONSERVACAO DE VEICULOS";"BALANCEAMENTO DE RODAS EM VEICULOS PESADOS";"102";"2024";"L";"25/01/2024";"0";"01/01/2024";"31/01/2024";"12"
"UNIDADE DE GESTÃO DE MOBILIDADE E TRANSPORTE";"15";"URBANISMO";"451";"INFRA-ESTRUTURA URBANA";"2024";"1874";"2021";"253";"14";"100001377";"J.V.ARTTI COM. E RECUPERAD.PNEUS LTDA-ME";"02784513000166";"PREGÃO ELETRÔNICO";"0";"PROPRIA";"33903919";"MANUTENCAO E CONSERVACAO DE VEICULOS";"CAMBAGEM EM VEICULOS PESADOS";"340";"2024";"L";"25/01/2024";"0";"01/01/2024";"31/01/2024";"12"
"UNIDADE DE GESTÃO DE MOBILIDADE E TRANSPORTE";"15";"URBANISMO";"451";"INFRA-ESTRUTURA URBANA";"2024";"1874";"2021";"253";"14";"100001377";"J.V.ARTTI COM. E RECUPERAD.PNEUS LTDA-ME";"02784513000166";"PREGÃO ELETRÔNICO";"0";"PROPRIA";"33903919";"MANUTENCAO E CONSERVACAO DE VEICULOS";"CAMBAGEM EM VEICULOS LEVES";"904";"2024";"L";"25/01/2024";"0";"01/01/2024";"31/01/2024";"12"
"UNIDADE DE GESTÃO DE MOBILIDADE E TRANSPORTE";"15";"URBANISMO";"451";"INFRA-ESTRUTURA URBANA";"2024";"1874";"2021";"253";"14";"100001377";"J.V.ARTTI COM. E RECUPERAD.PNEUS LTDA-ME";"02784513000166";"PREGÃO ELETRÔNICO";"0";"PROPRIA";"33903919";"MANUTENCAO E CONSERVACAO DE VEICULOS";"CAMBAGEM EM VEICULOS PESADOS";"340";"2024";"L";"25/01/2024";"0";"01/01/2024";"31/01/2024";"12"
"UNIDADE DE GESTÃO DE MOBILIDADE E TRANSPORTE";"15";"URBANISMO";"451";"INFRA-ESTRUTURA URBANA";"2024";"1874";"2021";"253";"14";"100001377";"J.V.ARTTI COM. E RECUPERAD.PNEUS LTDA-ME";"02784513000166";"PREGÃO ELETRÔNICO";"0";"PROPRIA";"33903919";"MANUTENCAO E CONSERVACAO DE VEICULOS";"MONTAGEM DE PNEUS-VEICULO PESADO";"82";"2024";"L";"25/01/2024";"0";"01/01/2024";"31/01/2024";"12"
"UNIDADE DE GESTÃO DE MOBILIDADE E TRANSPORTE";"15";"URBANISMO";"451";"INFRA-ESTRUTURA URBANA";"2024";"1874";"2021";"253";"14";"100001377";"J.V.ARTTI COM. E RECUPERAD.PNEUS LTDA-ME";"02784513000166";"PREGÃO ELETRÔNICO";"0";"PROPRIA";"33903919";"MANUTENCAO E CONSERVACAO DE VEICULOS";"MONTAGEM DE PNEUS-VEICULO LEVE";"288";"2024";"L";"25/01/2024";"0";"01/01/2024";"31/01/2024";"12"
"UNIDADE DE GESTÃO DE MOBILIDADE E TRANSPORTE";"15";"URBANISMO";"451";"INFRA-ESTRUTURA URBANA";"2024";"1874";"2021";"253";"14";"100001377";"J.V.ARTTI COM. E RECUPERAD.PNEUS LTDA-ME";"02784513000166";"PREGÃO ELETRÔNICO";"0";"PROPRIA";"33903919";"MANUTENCAO E CONSERVACAO DE VEICULOS";"MONTAGEM DE PNEUS-VEICULO LEVE";"288";"2024";"L";"25/01/2024";"0";"01/01/2024";"31/01/2024";"12"
"UNIDADE DE GESTÃO DE MOBILIDADE E TRANSPORTE";"15";"URBANISMO";"451";"INFRA-ESTRUTURA URBANA";"2024";"1874";"2021";"253";"14";"100001377";"J.V.ARTTI COM. E RECUPERAD.PNEUS LTDA-ME";"02784513000166";"PREGÃO ELETRÔNICO";"0";"PROPRIA";"33903919";"MANUTENCAO E CONSERVACAO DE VEICULOS";"ALINHAMENTO DE DIRECAO EM VEICULOS LEVES";"344";"2024";"L";"25/01/2024";"0";"01/01/2024";"31/01/2024";"12"
"UNIDADE DE GESTÃO DE MOBILIDADE E TRANSPORTE";"15";"URBANISMO";"451";"INFRA-ESTRUTURA URBANA";"2024";"1874";"2021";"253";"14";"100001377";"J.V.ARTTI COM. E RECUPERAD.PNEUS LTDA-ME";"02784513000166";"PREGÃO ELETRÔNICO";"0";"PROPRIA";"33903919";"MANUTENCAO E CONSERVACAO DE VEICULOS";"CONSERTO DE PNEU SEM CAMARA. TIPO MANCHAO EM VEICULOS LEVES";"216";"2024";"L";"25/01/2024";"0";"01/01/2024";"31/01/2024";"12"
"UNIDADE DE GESTÃO DE MOBILIDADE E TRANSPORTE";"15";"URBANISMO";"451";"INFRA-ESTRUTURA URBANA";"2024";"1874";"2021";"253";"14";"100001377";"J.V.ARTTI COM. E RECUPERAD.PNEUS LTDA-ME";"02784513000166";"PREGÃO ELETRÔNICO";"0";"PROPRIA";"33903919";"MANUTENCAO E CONSERVACAO DE VEICULOS";"ALINHAMENTO DE DIRECAO EM VEICULOS PESADOS";"135";"2024";"L";"25/01/2024";"0";"01/01/2024";"31/01/2024";"12"
"UNIDADE DE GESTÃO DE MOBILIDADE E TRANSPORTE";"15";"URBANISMO";"451";"INFRA-ESTRUTURA URBANA";"2024";"1874";"2021";"253";"14";"100001377";"J.V.ARTTI COM. E RECUPERAD.PNEUS LTDA-ME";"02784513000166";"PREGÃO ELETRÔNICO";"0";"PROPRIA";"33903919";"MANUTENCAO E CONSERVACAO DE VEICULOS";"BALANCEAMENTO DE RODAS EM VEICULOS LEVES";"400";"2024";"L";"25/01/2024";"0";"01/01/2024";"31/01/2024";"12"
"UNIDADE DE GESTÃO DE MOBILIDADE E TRANSPORTE";"15";"URBANISMO";"451";"INFRA-ESTRUTURA URBANA";"2024";"1874";"2021";"253";"14";"100001377";"J.V.ARTTI COM. E RECUPERAD.PNEUS LTDA-ME";"02784513000166";"PREGÃO ELETRÔNICO";"0";"PROPRIA";"33903919";"MANUTENCAO E CONSERVACAO DE VEICULOS";"BALANCEAMENTO DE RODAS EM VEICULOS PESADOS";"102";"2024";"L";"25/01/2024";"0";"01/01/2024";"31/01/2024";"12"
"UNIDADE DE GESTÃO DE MOBILIDADE E TRANSPORTE";"15";"URBANISMO";"451";"INFRA-ESTRUTURA URBANA";"2024";"1874";"2021";"253";"14";"100001377";"J.V.ARTTI COM. E RECUPERAD.PNEUS LTDA-ME";"02784513000166";"PREGÃO ELETRÔNICO";"0";"PROPRIA";"33903919";"MANUTENCAO E CONSERVACAO DE VEICULOS";"ALINHAMENTO DE DIRECAO EM VEICULOS PESADOS";"135";"2024";"L";"25/01/2024";"0";"01/01/2024";"31/01/2024";"12"
"UNIDADE DE GESTÃO DE MOBILIDADE E TRANSPORTE";"15";"URBANISMO";"451";"INFRA-ESTRUTURA URBANA";"2024";"1874";"2021";"253";"14";"100001377";"J.V.ARTTI COM. E RECUPERAD.PNEUS LTDA-ME";"02784513000166";"PREGÃO ELETRÔNICO";"0";"PROPRIA";"33903919";"MANUTENCAO E CONSERVACAO DE VEICULOS";"BALANCEAMENTO DE RODAS EM VEICULOS LEVES";"400";"2024";"L";"25/01/2024";"0";"01/01/2024";"31/01/2024";"12"
"UNIDADE DE GESTÃO DE MOBILIDADE E TRANSPORTE";"15";"URBANISMO";"451";"INFRA-ESTRUTURA URBANA";"2024";"1874";"2021";"253";"14";"100001377";"J.V.ARTTI COM. E RECUPERAD.PNEUS LTDA-ME";"02784513000166";"PREGÃO ELETRÔNICO";"0";"PROPRIA";"33903919";"MANUTENCAO E CONSERVACAO DE VEICULOS";"MONTAGEM DE PNEUS-VEICULO PESADO";"82";"2024";"L";"25/01/2024";"0";"01/01/2024";"31/01/2024";"12"
"UNIDADE DE GESTÃO DE MOBILIDADE E TRANSPORTE";"15";"URBANISMO";"451";"INFRA-ESTRUTURA URBANA";"2024";"1874";"2021";"253";"14";"100001377";"J.V.ARTTI COM. E RECUPERAD.PNEUS LTDA-ME";"02784513000166";"PREGÃO ELETRÔNICO";"0";"PROPRIA";"33903919";"MANUTENCAO E CONSERVACAO DE VEICULOS";"CONSERTO DE PNEU SEM CAMARA. TIPO MANCHAO EM VEICULOS LEVES";"216";"2024";"L";"25/01/2024";"0";"01/01/2024";"31/01/2024";"12"
"UNIDADE DE GESTÃO DE MOBILIDADE E TRANSPORTE";"15";"URBANISMO";"451";"INFRA-ESTRUTURA URBANA";"2024";"1874";"2021";"253";"14";"100001377";"J.V.ARTTI COM. E RECUPERAD.PNEUS LTDA-ME";"02784513000166";"PREGÃO ELETRÔNICO";"0";"PROPRIA";"33903919";"MANUTENCAO E CONSERVACAO DE VEICULOS";"ALINHAMENTO DE DIRECAO EM VEICULOS LEVES";"344";"2024";"L";"25/01/2024";"0";"01/01/2024";"31/01/2024";"12"
"UNIDADE DE GESTÃO DE MOBILIDADE E TRANSPORTE";"15";"URBANISMO";"451";"INFRA-ESTRUTURA URBANA";"2024";"1874";"2021";"253";"14";"100001377";"J.V.ARTTI COM. E RECUPERAD.PNEUS LTDA-ME";"02784513000166";"PREGÃO ELETRÔNICO";"0";"PROPRIA";"33903919";"MANUTENCAO E CONSERVACAO DE VEICULOS";"CAMBAGEM EM VEICULOS LEVES";"904";"2024";"L";"25/01/2024";"0";"01/01/2024";"31/01/2024";"12"
"UNIDADE DE GESTÃO DE MOBILIDADE E TRANSPORTE";"15";"URBANISMO";"451";"INFRA-ESTRUTURA URBANA";"2024";"1874";"2021";"253";"14";"100001377";"J.V.ARTTI COM. E RECUPERAD.PNEUS LTDA-ME";"02784513000166";"PREGÃO ELETRÔNICO";"0";"PROPRIA";"33903919";"MANUTENCAO E CONSERVACAO DE VEICULOS";"CAMBAGEM EM VEICULOS PESADOS";"340";"2024";"L";"29/01/2024";"0";"01/01/2024";"31/01/2024";"12"
"UNIDADE DE GESTÃO DE MOBILIDADE E TRANSPORTE";"15";"URBANISMO";"451";"INFRA-ESTRUTURA URBANA";"2024";"1874";"2021";"253";"14";"100001377";"J.V.ARTTI COM. E RECUPERAD.PNEUS LTDA-ME";"02784513000166";"PREGÃO ELETRÔNICO";"0";"PROPRIA";"33903919";"MANUTENCAO E CONSERVACAO DE VEICULOS";"MONTAGEM DE PNEUS-VEICULO LEVE";"288";"2024";"L";"29/01/2024";"0";"01/01/2024";"31/01/2024";"12"
"UNIDADE DE GESTÃO DE MOBILIDADE E TRANSPORTE";"15";"URBANISMO";"451";"INFRA-ESTRUTURA URBANA";"2024";"1874";"2021";"253";"14";"100001377";"J.V.ARTTI COM. E RECUPERAD.PNEUS LTDA-ME";"02784513000166";"PREGÃO ELETRÔNICO";"0";"PROPRIA";"33903919";"MANUTENCAO E CONSERVACAO DE VEICULOS";"BALANCEAMENTO DE RODAS EM VEICULOS PESADOS";"102";"2024";"L";"29/01/2024";"0";"01/01/2024";"31/01/2024";"12"
"UNIDADE DE GESTÃO DE MOBILIDADE E TRANSPORTE";"15";"URBANISMO";"451";"INFRA-ESTRUTURA URBANA";"2024";"1874";"2021";"253";"14";"100001377";"J.V.ARTTI COM. E RECUPERAD.PNEUS LTDA-ME";"02784513000166";"PREGÃO ELETRÔNICO";"0";"PROPRIA";"33903919";"MANUTENCAO E CONSERVACAO DE VEICULOS";"ALINHAMENTO DE DIRECAO EM VEICULOS LEVES";"344";"2024";"L";"29/01/2024";"0";"01/01/2024";"31/01/2024";"12"
"UNIDADE DE GESTÃO DE MOBILIDADE E TRANSPORTE";"15";"URBANISMO";"451";"INFRA-ESTRUTURA URBANA";"2024";"1874";"2021";"253";"14";"100001377";"J.V.ARTTI COM. E RECUPERAD.PNEUS LTDA-ME";"02784513000166";"PREGÃO ELETRÔNICO";"0";"PROPRIA";"33903919";"MANUTENCAO E CONSERVACAO DE VEICULOS";"ALINHAMENTO DE DIRECAO EM VEICULOS PESADOS";"135";"2024";"L";"29/01/2024";"0";"01/01/2024";"31/01/2024";"12"
"UNIDADE DE GESTÃO DE MOBILIDADE E TRANSPORTE";"15";"URBANISMO";"451";"INFRA-ESTRUTURA URBANA";"2024";"1874";"2021";"253";"14";"100001377";"J.V.ARTTI COM. E RECUPERAD.PNEUS LTDA-ME";"02784513000166";"PREGÃO ELETRÔNICO";"0";"PROPRIA";"33903919";"MANUTENCAO E CONSERVACAO DE VEICULOS";"CONSERTO DE PNEU SEM CAMARA. TIPO MANCHAO EM VEICULOS LEVES";"216";"2024";"L";"29/01/2024";"0";"01/01/2024";"31/01/2024";"12"
"UNIDADE DE GESTÃO DE MOBILIDADE E TRANSPORTE";"15";"URBANISMO";"451";"INFRA-ESTRUTURA URBANA";"2024";"1874";"2021";"253";"14";"100001377";"J.V.ARTTI COM. E RECUPERAD.PNEUS LTDA-ME";"02784513000166";"PREGÃO ELETRÔNICO";"0";"PROPRIA";"33903919";"MANUTENCAO E CONSERVACAO DE VEICULOS";"CAMBAGEM EM VEICULOS LEVES";"904";"2024";"L";"29/01/2024";"0";"01/01/2024";"31/01/2024";"12"
"UNIDADE DE GESTÃO DE MOBILIDADE E TRANSPORTE";"15";"URBANISMO";"451";"INFRA-ESTRUTURA URBANA";"2024";"1874";"2021";"253";"14";"100001377";"J.V.ARTTI COM. E RECUPERAD.PNEUS LTDA-ME";"02784513000166";"PREGÃO ELETRÔNICO";"0";"PROPRIA";"33903919";"MANUTENCAO E CONSERVACAO DE VEICULOS";"BALANCEAMENTO DE RODAS EM VEICULOS LEVES";"400";"2024";"L";"29/01/2024";"0";"01/01/2024";"31/01/2024";"12"
"UNIDADE DE GESTÃO DE MOBILIDADE E TRANSPORTE";"15";"URBANISMO";"451";"INFRA-ESTRUTURA URBANA";"2024";"1874";"2021";"253";"14";"100001377";"J.V.ARTTI COM. E RECUPERAD.PNEUS LTDA-ME";"02784513000166";"PREGÃO ELETRÔNICO";"0";"PROPRIA";"33903919";"MANUTENCAO E CONSERVACAO DE VEICULOS";"MONTAGEM DE PNEUS-VEICULO PESADO";"82";"2024";"L";"29/01/2024";"0";"01/01/2024";"31/01/2024";"12"
"UNIDADE DE GESTÃO DE MOBILIDADE E TRANSPORTE";"15";"URBANISMO";"451";"INFRA-ESTRUTURA URBANA";"2024";"1879";"2021";"206";"14";"100038024";"ARAGON COM.DE PEÇAS E SERV. P/ VEICULOS AUTO. LTDA";"14329622000172";"PREGÃO ELETRÔNICO";"0";"PROPRIA";"33903919";"MANUTENCAO E CONSERVACAO DE VEICULOS";"FUNILARIA E PINTURA-VEICULO PESADO";"9200";"2024";"L";"26/01/2024";"0";"01/01/2024";"31/01/2024";"12"
"UNIDADE DE GESTÃO DE MOBILIDADE E TRANSPORTE";"15";"URBANISMO";"451";"INFRA-ESTRUTURA URBANA";"2024";"1879";"2021";"206";"14";"100038024";"ARAGON COM.DE PEÇAS E SERV. P/ VEICULOS AUTO. LTDA";"14329622000172";"PREGÃO ELETRÔNICO";"0";"PROPRIA";"33903919";"MANUTENCAO E CONSERVACAO DE VEICULOS";"FUNILARIA E PINTURA-VEICULO LEVE";"26265";"2024";"L";"26/01/2024";"0";"01/01/2024";"31/01/2024";"12"
"UNIDADE DE GESTÃO DE PROMOÇÃO DA SAÚDE";"10";"SAÚDE";"302";"ASSISTÊNCIA HOSPITALAR E AMBULATORIAL";"2024";"1883";"2005";"19";"6";"100038392";"FREIS ADMINISTRACAO DE BENS LTDA";"08673441000166";"DISPENSA DE LICITACAO";"0";"PROPRIA";"33903910";"LOCACAO DE IMOVEIS";"LOCACAO-IMOVEL - NIS";"12932.98";"2024";"L";"31/01/2024";"0";"01/01/2024";"31/01/2024";"14"
"UNIDADE GESTÃO DE INOVAÇÃO E RELAÇÃO COM O CIDADÃO";"4";"ADMINISTRAÇÃO";"122";"ADMINISTRAÇÃO GERAL";"2024";"1884";"2024";"64";"1";"1002419";"EMPRESA FOLHA DA MANHA SA";"60579703000148";"COMPRA DIRETA";"0";"PROPRIA";"33903901";"ASSINATURAS DE PERIODICOS E ANUIDADES";"ASSINATURA DIGITAL JORNAL FOLHA DE SAO PAULO";"349.9";"2024";"L";"22/01/2024";"0";"01/01/2024";"31/01/2024";"4"
"UNIDADE DE GESTÃO DE GOVERNO E FINANÇAS";"28";"ENCARGOS ESPECIAIS";"846";"OUTROS ENCARGOS ESPECIAIS";"2024";"1892";"";"0";"0";"100053439";"ADILSON PEREIRA PIRES";"02477369881";"";"0";"PROPRIA";"33909302";"RESTITUICOES";"INDENIZACOES E/OU RESSARCIMENTOS(P. FISICA).";"934.89";"2024";"L";"22/01/2024";"0";"01/01/2024";"31/01/2024";"8"
"UNIDADE DE GESTÃO DE GOVERNO E FINANÇAS";"28";"ENCARGOS ESPECIAIS";"846";"OUTROS ENCARGOS ESPECIAIS";"2024";"1893";"";"0";"0";"100053440";"LUIZ AUGUSTO TAVARES PERES";"32888375877";"";"0";"PROPRIA";"33909302";"RESTITUICOES";"INDENIZACOES E/OU RESSARCIMENTOS(P. FISICA).";"1604.6";"2024";"L";"19/01/2024";"0";"01/01/2024";"31/01/2024";"8"
"UNIDADE DE GESTÃO DE GOVERNO E FINANÇAS";"28";"ENCARGOS ESPECIAIS";"846";"OUTROS ENCARGOS ESPECIAIS";"2024";"1894";"";"0";"0";"100053442";"BRUNO AGOSTINHO";"30906922879";"";"0";"PROPRIA";"33909302";"RESTITUICOES";"INDENIZACOES E/OU RESSARCIMENTOS(P. FISICA).";"1376.69";"2024";"L";"19/01/2024";"0";"01/01/2024";"31/01/2024";"8"
"UNIDADE DE GESTÃO DE GOVERNO E FINANÇAS";"28";"ENCARGOS ESPECIAIS";"846";"OUTROS ENCARGOS ESPECIAIS";"2024";"1895";"";"0";"0";"100053443";"JULIO ALVES DA SILVA";"34403295851";"";"0";"PROPRIA";"33909302";"RESTITUICOES";"INDENIZACOES E/OU RESSARCIMENTOS(P. FISICA).";"1294.93";"2024";"L";"19/01/2024";"0";"01/01/2024";"31/01/2024";"8"
"UNIDADE DE GESTÃO DE GOVERNO E FINANÇAS";"28";"ENCARGOS ESPECIAIS";"846";"OUTROS ENCARGOS ESPECIAIS";"2024";"1896";"";"0";"0";"100053444";"RODRIGO MARTINS DUARTE";"17885912833";"";"0";"PROPRIA";"33909302";"RESTITUICOES";"INDENIZACOES E/OU RESSARCIMENTOS(P. FISICA).";"1411.27";"2024";"L";"22/01/2024";"0";"01/01/2024";"31/01/2024";"8"
"UNIDADE DE GESTÃO DE GOVERNO E FINANÇAS";"28";"ENCARGOS ESPECIAIS";"846";"OUTROS ENCARGOS ESPECIAIS";"2024";"1897";"";"0";"0";"100053446";"MARCIO RAFAEL PAPES";"27757087813";"";"0";"PROPRIA";"33909302";"RESTITUICOES";"INDENIZACOES E/OU RESSARCIMENTOS(P. FISICA).";"1477.39";"2024";"L";"22/01/2024";"0";"01/01/2024";"31/01/2024";"8"
"UNIDADE DE GESTÃO DE GOVERNO E FINANÇAS";"28";"ENCARGOS ESPECIAIS";"846";"OUTROS ENCARGOS ESPECIAIS";"2024";"1898";"";"0";"0";"100031355";"ARNALDO LUIZ ROMERA";"59158255834";"";"0";"PROPRIA";"33909302";"RESTITUICOES";"INDENIZACOES E/OU RESSARCIMENTOS(P. FISICA).";"270.15";"2024";"L";"19/01/2024";"0";"01/01/2024";"31/01/2024";"8"
"UNIDADE DE GESTÃO DE GOVERNO E FINANÇAS";"28";"ENCARGOS ESPECIAIS";"846";"OUTROS ENCARGOS ESPECIAIS";"2024";"1899";"";"0";"0";"100053445";"DENIS BONVECHIO";"27060363890";"";"0";"PROPRIA";"33909302";"RESTITUICOES";"INDENIZACOES E/OU RESSARCIMENTOS(P. FISICA).";"12513.93";"2024";"L";"22/01/2024";"0";"01/01/2024";"31/01/2024";"8"
"UNIDADE DE GESTÃO DE GOVERNO E FINANÇAS";"28";"ENCARGOS ESPECIAIS";"846";"OUTROS ENCARGOS ESPECIAIS";"2024";"1900";"";"0";"0";"100031355";"ARNALDO LUIZ ROMERA";"59158255834";"";"0";"PROPRIA";"33909302";"RESTITUICOES";"INDENIZACOES E/OU RESSARCIMENTOS(P. FISICA).";"229.05";"2024";"L";"19/01/2024";"0";"01/01/2024";"31/01/2024";"8"
"UNIDADE DE GESTÃO DE GOVERNO E FINANÇAS";"28";"ENCARGOS ESPECIAIS";"846";"OUTROS ENCARGOS ESPECIAIS";"2024";"1901";"";"0";"0";"100053449";"FERNANDA YUNES BASSON";"27578635840";"";"0";"PROPRIA";"33909302";"RESTITUICOES";"INDENIZACOES E/OU RESSARCIMENTOS(P. FISICA).";"5192.5";"2024";"L";"22/01/2024";"0";"01/01/2024";"31/01/2024";"8"
"UNIDADE DE GESTÃO DE GOVERNO E FINANÇAS";"28";"ENCARGOS ESPECIAIS";"846";"OUTROS ENCARGOS ESPECIAIS";"2024";"1902";"";"0";"0";"100053447";"JOSÉ CARLOS MAGATAO";"32709285800";"";"0";"PROPRIA";"33909302";"RESTITUICOES";"INDENIZACOES E/OU RESSARCIMENTOS(P. FISICA).";"108.8";"2024";"L";"19/01/2024";"0";"01/01/2024";"31/01/2024";"8"
"UNIDADE DE GESTÃO DE GOVERNO E FINANÇAS";"28";"ENCARGOS ESPECIAIS";"846";"OUTROS ENCARGOS ESPECIAIS";"2024";"1903";"";"0";"0";"100053447";"JOSÉ CARLOS MAGATAO";"32709285800";"";"0";"PROPRIA";"33909302";"RESTITUICOES";"INDENIZACOES E/OU RESSARCIMENTOS(P. FISICA).";"121.8";"2024";"L";"19/01/2024";"0";"01/01/2024";"31/01/2024";"8"
"UNIDADE DE GESTÃO DE GOVERNO E FINANÇAS";"28";"ENCARGOS ESPECIAIS";"846";"OUTROS ENCARGOS ESPECIAIS";"2024";"1904";"";"0";"0";"100053447";"JOSÉ CARLOS MAGATAO";"32709285800";"";"0";"PROPRIA";"33909302";"RESTITUICOES";"INDENIZACOES E/OU RESSARCIMENTOS(P. FISICA).";"116.14";"2024";"L";"19/01/2024";"0";"01/01/2024";"31/01/2024";"8"
"UNIDADE DE GESTÃO DE GOVERNO E FINANÇAS";"28";"ENCARGOS ESPECIAIS";"846";"OUTROS ENCARGOS ESPECIAIS";"2024";"1905";"";"0";"0";"100053450";"SARAH MARQUES OSHIRO";"03948131899";"";"0";"PROPRIA";"33909302";"RESTITUICOES";"INDENIZACOES E/OU RESSARCIMENTOS(P. FISICA).";"2917.73";"2024";"L";"19/01/2024";"0";"01/01/2024";"31/01/2024";"8"
"UNIDADE DE GESTÃO DE GOVERNO E FINANÇAS";"28";"ENCARGOS ESPECIAIS";"846";"OUTROS ENCARGOS ESPECIAIS";"2024";"1906";"";"0";"0";"100053447";"JOSÉ CARLOS MAGATAO";"32709285800";"";"0";"PROPRIA";"33909302";"RESTITUICOES";"INDENIZACOES E/OU RESSARCIMENTOS(P. FISICA).";"114.14";"2024";"L";"19/01/2024";"0";"01/01/2024";"31/01/2024";"8"
"UNIDADE DE GESTÃO DE GOVERNO E FINANÇAS";"28";"ENCARGOS ESPECIAIS";"846";"OUTROS ENCARGOS ESPECIAIS";"2024";"1907";"";"0";"0";"100053447";"JOSÉ CARLOS MAGATAO";"32709285800";"";"0";"PROPRIA";"33909302";"RESTITUICOES";"INDENIZACOES E/OU RESSARCIMENTOS(P. FISICA).";"109.44";"2024";"L";"19/01/2024";"0";"01/01/2024";"31/01/2024";"8"
"UNIDADE DE GESTÃO DE GOVERNO E FINANÇAS";"28";"ENCARGOS ESPECIAIS";"846";"OUTROS ENCARGOS ESPECIAIS";"2024";"1908";"";"0";"0";"100017106";"RADAMEST CORRADINI JUNIOR";"06851451824";"";"0";"PROPRIA";"33909302";"RESTITUICOES";"INDENIZACOES E/OU RESSARCIMENTOS(P. FISICA).";"79.5";"2024";"L";"22/01/2024";"0";"01/01/2024";"31/01/2024";"8"
"UNIDADE DE GESTÃO DE GOVERNO E FINANÇAS";"28";"ENCARGOS ESPECIAIS";"846";"OUTROS ENCARGOS ESPECIAIS";"2024";"1909";"";"0";"0";"100017106";"RADAMEST CORRADINI JUNIOR";"06851451824";"";"0";"PROPRIA";"33909302";"RESTITUICOES";"INDENIZACOES E/OU RESSARCIMENTOS(P. FISICA).";"84.54";"2024";"L";"22/01/2024";"0";"01/01/2024";"31/01/2024";"8"
"UNIDADE DE GESTÃO DE GOVERNO E FINANÇAS";"28";"ENCARGOS ESPECIAIS";"846";"OUTROS ENCARGOS ESPECIAIS";"2024";"1910";"";"0";"0";"100017106";"RADAMEST CORRADINI JUNIOR";"06851451824";"";"0";"PROPRIA";"33909302";"RESTITUICOES";"INDENIZACOES E/OU RESSARCIMENTOS(P. FISICA).";"84.87";"2024";"L";"22/01/2024";"0";"01/01/2024";"31/01/2024";"8"
"UNIDADE DE GESTÃO DE GOVERNO E FINANÇAS";"28";"ENCARGOS ESPECIAIS";"846";"OUTROS ENCARGOS ESPECIAIS";"2024";"1911";"";"0";"0";"100017106";"RADAMEST CORRADINI JUNIOR";"06851451824";"";"0";"PROPRIA";"33909302";"RESTITUICOES";"INDENIZACOES E/OU RESSARCIMENTOS(P. FISICA).";"79.26";"2024";"L";"22/01/2024";"0";"01/01/2024";"31/01/2024";"8"
"UNIDADE DE GESTÃO DE GOVERNO E FINANÇAS";"28";"ENCARGOS ESPECIAIS";"846";"OUTROS ENCARGOS ESPECIAIS";"2024";"1912";"";"0";"0";"100017106";"RADAMEST CORRADINI JUNIOR";"06851451824";"";"0";"PROPRIA";"33909302";"RESTITUICOES";"INDENIZACOES E/OU RESSARCIMENTOS(P. FISICA).";"80.83";"2024";"L";"22/01/2024";"0";"01/01/2024";"31/01/2024";"8"
"UNIDADE DE GESTÃO DE EDUCAÇÃO";"12";"EDUCAÇÃO";"361";"ENSINO FUNDAMENTAL";"2024";"1913";"";"0";"0";"1008036";"ASSOC DE EDUCACAO TERAPEUTICA  AMARATI";"51910578000116";"";"0";"PROPRIA";"33503901";"TERMO DE COLABORAÇÃO";"CONVENIO MROSC - LEI 13019/2014 - MARCO REGUL.ORG.SOC.CIVIL";"21439.3";"2024";"L";"29/01/2024";"0";"01/01/2024";"31/01/2024";"13"
"UNIDADE DE GESTÃO DE EDUCAÇÃO";"12";"EDUCAÇÃO";"365";"EDUCAÇÃO INFANTIL";"2024";"1914";"";"0";"0";"1008036";"ASSOC DE EDUCACAO TERAPEUTICA  AMARATI";"51910578000116";"";"0";"PROPRIA";"33503901";"TERMO DE COLABORAÇÃO";"CONVENIO MROSC - LEI 13019/2014 - MARCO REGUL.ORG.SOC.CIVIL";"11044.49";"2024";"L";"29/01/2024";"0";"01/01/2024";"31/01/2024";"13"
"UNIDADE DE GESTÃO DE EDUCAÇÃO";"12";"EDUCAÇÃO";"361";"ENSINO FUNDAMENTAL";"2024";"1918";"2021";"349";"14";"100045880";"ASSOCIAÇÃO EDUCACIONAL DA JUVENTUDE ASSEJ";"03722285000162";"PREGÃO ELETRÔNICO";"0";"PROPRIA";"33903954";"SERVICOS DE CRECHES E ASSISTENCIA PRE-ESCOLAR";"PRESTACAO DE SERVICOS-CUIDADOR DE ALUNOS C/NECESSIDADES ESP.";"12744.72";"2024";"L";"26/01/2024";"0";"01/01/2024";"31/01/2024";"13"
"UNIDADE DE GESTÃO DE GOVERNO E FINANÇAS";"28";"ENCARGOS ESPECIAIS";"846";"OUTROS ENCARGOS ESPECIAIS";"2024";"1920";"";"0";"0";"100053454";"JOSÉ CORREIA DOS SANTOS";"03854287828";"";"0";"PROPRIA";"33909302";"RESTITUICOES";"INDENIZACOES E/OU RESSARCIMENTOS(P. FISICA).";"197.96";"2024";"L";"22/01/2024";"0";"01/01/2024";"31/01/2024";"8"
"UNIDADE DE GESTÃO DE GOVERNO E FINANÇAS";"28";"ENCARGOS ESPECIAIS";"846";"OUTROS ENCARGOS ESPECIAIS";"2024";"1921";"";"0";"0";"100053457";"THIAGO RAFAEL GONELA";"29350044854";"";"0";"PROPRIA";"33909302";"RESTITUICOES";"INDENIZACOES E/OU RESSARCIMENTOS(P. FISICA).";"1074.38";"2024";"L";"22/01/2024";"0";"01/01/2024";"31/01/2024";"8"
"UNIDADE DE GESTÃO DE GOVERNO E FINANÇAS";"28";"ENCARGOS ESPECIAIS";"846";"OUTROS ENCARGOS ESPECIAIS";"2024";"1922";"";"0";"0";"100053458";"FELIPE GABRIEL PERON";"40377878812";"";"0";"PROPRIA";"33909302";"RESTITUICOES";"INDENIZACOES E/OU RESSARCIMENTOS(P. FISICA).";"511.64";"2024";"L";"22/01/2024";"0";"01/01/2024";"31/01/2024";"8"
"UNIDADE DE GESTÃO DE GOVERNO E FINANÇAS";"28";"ENCARGOS ESPECIAIS";"846";"OUTROS ENCARGOS ESPECIAIS";"2024";"1923";"";"0";"0";"100053459";"CARLOS ROBERTO COSIN";"01603864890";"";"0";"PROPRIA";"33909302";"RESTITUICOES";"INDENIZACOES E/OU RESSARCIMENTOS(P. FISICA).";"1471.23";"2024";"L";"22/01/2024";"0";"01/01/2024";"31/01/2024";"8"
"UNIDADE DE GESTÃO DE GOVERNO E FINANÇAS";"28";"ENCARGOS ESPECIAIS";"846";"OUTROS ENCARGOS ESPECIAIS";"2024";"1924";"";"0";"0";"100033286";"LAURI ESTECA";"96477539853";"";"0";"PROPRIA";"33909302";"RESTITUICOES";"INDENIZACOES E/OU RESSARCIMENTOS(P. FISICA).";"42.43";"2024";"L";"29/01/2024";"0";"01/01/2024";"31/01/2024";"8"
"UNIDADE DE GESTÃO DE GOVERNO E FINANÇAS";"28";"ENCARGOS ESPECIAIS";"846";"OUTROS ENCARGOS ESPECIAIS";"2024";"1925";"";"0";"0";"100033286";"LAURI ESTECA";"96477539853";"";"0";"PROPRIA";"33909302";"RESTITUICOES";"INDENIZACOES E/OU RESSARCIMENTOS(P. FISICA).";"46.67";"2024";"L";"29/01/2024";"0";"01/01/2024";"31/01/2024";"8"
"UNIDADE DE GESTÃO DE CULTURA";"13";"CULTURA";"392";"DIFUSÃO CULTURAL";"2024";"1934";"2023";"4";"11";"100037603";"29.774.113 GABRIEL COSTA DE SOUZA ME";"29774113000126";"CONCURSO";"0";"PROPRIA";"33903923";"FESTIVIDADES E HOMENAGENS";"SHOW MUSICAL";"2000";"2024";"L";"25/01/2024";"0";"01/01/2024";"31/01/2024";"22"
"UNIDADE DE GESTÃO DE GOVERNO E FINANÇAS";"28";"ENCARGOS ESPECIAIS";"846";"OUTROS ENCARGOS ESPECIAIS";"2024";"1944";"";"0";"0";"100050531";"MARCIA MORASSUTTI MACHADO";"10816288801";"";"0";"PROPRIA";"33909302";"RESTITUICOES";"INDENIZACOES E/OU RESSARCIMENTOS(P. FISICA).";"51833.04";"2024";"L";"19/01/2024";"0";"01/01/2024";"31/01/2024";"8"
"UNIDADE DE GESTÃO DE CULTURA";"13";"CULTURA";"392";"DIFUSÃO CULTURAL";"2024";"1946";"2023";"4";"11";"100037487";"RENATA PELEGRINI PUPO 36973536832 ME";"15687104000193";"CONCURSO";"0";"PROPRIA";"33903999";"OUTROS SERVICOS DE TERCEIROS - PESSOA JURIDICA";"SHOW ARTISTICO";"3000";"2024";"L";"26/01/2024";"0";"01/01/2024";"31/01/2024";"22"
"UNIDADE DE GESTÃO DE EDUCAÇÃO";"12";"EDUCAÇÃO";"361";"ENSINO FUNDAMENTAL";"2024";"1947";"2023";"257";"14";"100026996";"TRANSPORTE ACESSÍVEL UNICARGA LTDA";"00320527000101";"PREGÃO ELETRÔNICO";"0";"PROPRIA";"33903914";"LOCACAO BENS MOVEIS DE OUTRAS NATUREZAS E INTANGIV";"LOCACAO DE VEICULO TIPO VAN. COM MOTORISTA E MONITOR.";"45000";"2024";"L";"24/01/2024";"0";"01/01/2024";"31/01/2024";"13"
"UNIDADE DE GESTÃO DE GOVERNO E FINANÇAS";"28";"ENCARGOS ESPECIAIS";"846";"OUTROS ENCARGOS ESPECIAIS";"2024";"1948";"";"0";"0";"100053461";"JUSSARA NOVAES DE CARVALHO";"21692140892";"";"0";"PROPRIA";"33909115";"SENTENÇAS JUDICIAIS DE PEQUENO VALOR";"DESPESAS OBRIGATORIAS E/OU JUDICIAIS(P. FISICAS).";"7994.81";"2024";"L";"17/01/2024";"0";"01/01/2024";"31/01/2024";"8"
"UNIDADE DE GESTÃO DE GOVERNO E FINANÇAS";"28";"ENCARGOS ESPECIAIS";"846";"OUTROS ENCARGOS ESPECIAIS";"2024";"1950";"";"0";"0";"100053462";"MARIA DEJAZETE LEAL";"09321032860";"";"0";"PROPRIA";"33909115";"SENTENÇAS JUDICIAIS DE PEQUENO VALOR";"DESPESAS OBRIGATORIAS E/OU JUDICIAIS(P. FISICAS).";"14788.13";"2024";"L";"17/01/2024";"0";"01/01/2024";"31/01/2024";"8"
"UNIDADE DE GESTÃO DE GOVERNO E FINANÇAS";"28";"ENCARGOS ESPECIAIS";"846";"OUTROS ENCARGOS ESPECIAIS";"2024";"1952";"";"0";"0";"100036614";"ROBERTO BARBOSA LEAL";"24694915843";"";"0";"PROPRIA";"33909115";"SENTENÇAS JUDICIAIS DE PEQUENO VALOR";"DESPESAS OBRIGATORIAS E/OU JUDICIAIS(P. FISICAS).";"1248.94";"2024";"L";"17/01/2024";"0";"01/01/2024";"31/01/2024";"8"
"UNIDADE DE GESTÃO DE GOVERNO E FINANÇAS";"28";"ENCARGOS ESPECIAIS";"846";"OUTROS ENCARGOS ESPECIAIS";"2024";"1953";"";"0";"0";"100034023";"PAULECIR BLANCO";"36146584819";"";"0";"PROPRIA";"33909115";"SENTENÇAS JUDICIAIS DE PEQUENO VALOR";"DESPESAS OBRIGATORIAS E/OU JUDICIAIS(P. FISICAS).";"1033.57";"2024";"L";"17/01/2024";"0";"01/01/2024";"31/01/2024";"8"
"UNIDADE DE GESTÃO DE GOVERNO E FINANÇAS";"28";"ENCARGOS ESPECIAIS";"846";"OUTROS ENCARGOS ESPECIAIS";"2024";"1954";"";"0";"0";"100036614";"ROBERTO BARBOSA LEAL";"24694915843";"";"0";"PROPRIA";"33909115";"SENTENÇAS JUDICIAIS DE PEQUENO VALOR";"DESPESAS OBRIGATORIAS E/OU JUDICIAIS(P. FISICAS).";"1203.68";"2024";"L";"17/01/2024";"0";"01/01/2024";"31/01/2024";"8"
"UNIDADE DE GESTÃO DE GOVERNO E FINANÇAS";"28";"ENCARGOS ESPECIAIS";"846";"OUTROS ENCARGOS ESPECIAIS";"2024";"1955";"";"0";"0";"100034023";"PAULECIR BLANCO";"36146584819";"";"0";"PROPRIA";"33909115";"SENTENÇAS JUDICIAIS DE PEQUENO VALOR";"DESPESAS OBRIGATORIAS E/OU JUDICIAIS(P. FISICAS).";"1218.11";"2024";"L";"17/01/2024";"0";"01/01/2024";"31/01/2024";"8"
"UNIDADE DE GESTÃO DE GOVERNO E FINANÇAS";"28";"ENCARGOS ESPECIAIS";"846";"OUTROS ENCARGOS ESPECIAIS";"2024";"1957";"";"0";"0";"100053466";"DANIELA TEIXEIRA DAS NEVES";"27897099806";"";"0";"PROPRIA";"33909115";"SENTENÇAS JUDICIAIS DE PEQUENO VALOR";"DESPESAS OBRIGATORIAS E/OU JUDICIAIS(P. FISICAS).";"8843.33";"2024";"L";"17/01/2024";"0";"01/01/2024";"31/01/2024";"8"
"UNIDADE DE GESTÃO DE GOVERNO E FINANÇAS";"28";"ENCARGOS ESPECIAIS";"846";"OUTROS ENCARGOS ESPECIAIS";"2024";"1958";"";"0";"0";"100053468";"TAINA ROBERTA MELLO DE OLIVEIRA";"42197939840";"";"0";"PROPRIA";"33909115";"SENTENÇAS JUDICIAIS DE PEQUENO VALOR";"DESPESAS OBRIGATORIAS E/OU JUDICIAIS(P. FISICAS).";"6186.92";"2024";"L";"17/01/2024";"0";"01/01/2024";"31/01/2024";"8"
"UNIDADE DE GESTÃO DE GOVERNO E FINANÇAS";"28";"ENCARGOS ESPECIAIS";"846";"OUTROS ENCARGOS ESPECIAIS";"2024";"1959";"";"0";"0";"100040483";"MONYKE RIBEIRO CORRADINI";"44960810831";"";"0";"PROPRIA";"33909115";"SENTENÇAS JUDICIAIS DE PEQUENO VALOR";"DESPESAS OBRIGATORIAS E/OU JUDICIAIS(P. FISICAS).";"2332.75";"2024";"L";"18/01/2024";"0";"01/01/2024";"31/01/2024";"8"
"UNIDADE DE GESTÃO DE GOVERNO E FINANÇAS";"28";"ENCARGOS ESPECIAIS";"846";"OUTROS ENCARGOS ESPECIAIS";"2024";"1960";"";"0";"0";"100053469";"LILIANE NACARATO";"29625872833";"";"0";"PROPRIA";"33909115";"SENTENÇAS JUDICIAIS DE PEQUENO VALOR";"DESPESAS OBRIGATORIAS E/OU JUDICIAIS(P. FISICAS).";"9290.08";"2024";"L";"17/01/2024";"0";"01/01/2024";"31/01/2024";"8"
"UNIDADE DE GESTÃO DE CULTURA";"13";"CULTURA";"392";"DIFUSÃO CULTURAL";"2024";"1969";"2024";"81";"1";"100029412";"JOAO JOSE FERNANDES SILVA";"20471083000104";"COMPRA DIRETA";"0";"PROPRIA";"33903923";"FESTIVIDADES E HOMENAGENS";"SHOW MUSICAL";"2500";"2024";"L";"26/01/2024";"0";"01/01/2024";"31/01/2024";"22"
"UNIDADE DE GESTÃO DE EDUCAÇÃO";"12";"EDUCAÇÃO";"365";"EDUCAÇÃO INFANTIL";"2024";"1977";"2019";"38";"5";"100023364";"ESCOLA DE EDUC.INFANTIL CAMINHO DO SABER LTDA ME";"09297416000279";"INEXIGIBILIDADE";"0";"PROPRIA";"33903965";"SERVIÇOS DE APOIO AO ENSINO";"FORNECIMENTO DE VAGAS EM CRECHES";"37960";"2024";"L";"31/01/2024";"0";"01/01/2024";"31/01/2024";"13"
"UNIDADE DE GESTÃO DE EDUCAÇÃO";"12";"EDUCAÇÃO";"365";"EDUCAÇÃO INFANTIL";"2024";"1979";"2023";"26";"5";"100037750";"COLÉGIO TUTTI BAMBINI LTDA ME";"30395662000179";"INEXIGIBILIDADE";"0";"PROPRIA";"33903965";"SERVIÇOS DE APOIO AO ENSINO";"FORNECIMENTO DE VAGAS EM CRECHES";"36400";"2024";"L";"31/01/2024";"0";"01/01/2024";"31/01/2024";"13"
"UNIDADE DE GESTÃO DE EDUCAÇÃO";"12";"EDUCAÇÃO";"365";"EDUCAÇÃO INFANTIL";"2024";"1980";"2021";"24";"5";"100045641";"ESCOLA CRIATIVIDADE  EDUCACAO LTDA ME";"35577891000128";"INEXIGIBILIDADE";"0";"PROPRIA";"33903965";"SERVIÇOS DE APOIO AO ENSINO";"FORNECIMENTO DE VAGAS EM CRECHES";"31200";"2024";"L";"31/01/2024";"0";"01/01/2024";"31/01/2024";"13"
"UNIDADE DE GESTÃO DE EDUCAÇÃO";"12";"EDUCAÇÃO";"365";"EDUCAÇÃO INFANTIL";"2024";"1982";"2019";"35";"5";"100026284";"J.R.DIAS - ESCOLA DE EDUCAÇÃO INFANTIL LTDA - ME";"16974507000186";"INEXIGIBILIDADE";"0";"PROPRIA";"33903965";"SERVIÇOS DE APOIO AO ENSINO";"FORNECIMENTO DE VAGAS EM CRECHES";"49250";"2024";"L";"31/01/2024";"0";"01/01/2024";"31/01/2024";"13"
"UNIDADE DE GESTÃO DE EDUCAÇÃO";"12";"EDUCAÇÃO";"365";"EDUCAÇÃO INFANTIL";"2024";"1983";"2019";"32";"5";"100022647";"ESCOLA DE EDUCAÇÃO INFANTIL MINHA CASINHA LTDA ME";"59029207000131";"INEXIGIBILIDADE";"0";"PROPRIA";"33903965";"SERVIÇOS DE APOIO AO ENSINO";"FORNECIMENTO DE VAGAS EM CRECHES";"44875";"2024";"L";"31/01/2024";"0";"01/01/2024";"31/01/2024";"13"
"UNIDADE DE GESTÃO DE EDUCAÇÃO";"12";"EDUCAÇÃO";"365";"EDUCAÇÃO INFANTIL";"2024";"1984";"2019";"41";"5";"100023282";"RECANTO INFANTIL CURUMIM LTDA ME";"67155093000102";"INEXIGIBILIDADE";"0";"PROPRIA";"33903965";"SERVIÇOS DE APOIO AO ENSINO";"FORNECIMENTO DE VAGAS EM CRECHES";"29115";"2024";"L";"31/01/2024";"0";"01/01/2024";"31/01/2024";"13"
"UNIDADE DE GESTÃO DE EDUCAÇÃO";"12";"EDUCAÇÃO";"365";"EDUCAÇÃO INFANTIL";"2024";"1985";"2022";"27";"5";"100035923";"KLEBER FICHE ZERBINATI ME";"07252408000108";"INEXIGIBILIDADE";"0";"PROPRIA";"33903965";"SERVIÇOS DE APOIO AO ENSINO";"FORNECIMENTO DE VAGAS EM CRECHES";"39025";"2024";"L";"31/01/2024";"0";"01/01/2024";"31/01/2024";"13"
"UNIDADE DE GESTÃO DE EDUCAÇÃO";"12";"EDUCAÇÃO";"365";"EDUCAÇÃO INFANTIL";"2024";"1986";"2021";"36";"5";"4040615";"CONGREGACAO DAS MISSIONARIAS DE CRISTO";"50962794000142";"INEXIGIBILIDADE";"0";"PROPRIA";"33903965";"SERVIÇOS DE APOIO AO ENSINO";"FORNECIMENTO DE VAGAS EM CRECHES";"49250";"2024";"L";"31/01/2024";"0";"01/01/2024";"31/01/2024";"13"
"UNIDADE DE GESTÃO DE EDUCAÇÃO";"12";"EDUCAÇÃO";"365";"EDUCAÇÃO INFANTIL";"2024";"1987";"2019";"33";"5";"100022566";"ESCOLA INFANTIL KING S KIDS LTDA ME";"03772534000124";"INEXIGIBILIDADE";"0";"PROPRIA";"33903965";"SERVIÇOS DE APOIO AO ENSINO";"FORNECIMENTO DE VAGAS EM CRECHES";"33055";"2024";"L";"31/01/2024";"0";"01/01/2024";"31/01/2024";"13"
"UNIDADE DE GESTÃO DE EDUCAÇÃO";"12";"EDUCAÇÃO";"365";"EDUCAÇÃO INFANTIL";"2024";"1988";"2023";"22";"5";"100023420";"ESCOLA INFANTIL PRIMEIROS PASSOS S/S LTDA ME";"58387655000144";"INEXIGIBILIDADE";"0";"PROPRIA";"33903965";"SERVIÇOS DE APOIO AO ENSINO";"FORNECIMENTO DE VAGAS EM CRECHES";"46280";"2024";"L";"31/01/2024";"0";"01/01/2024";"31/01/2024";"13"
"UNIDADE DE GESTÃO DE EDUCAÇÃO";"12";"EDUCAÇÃO";"365";"EDUCAÇÃO INFANTIL";"2024";"1989";"2023";"32";"5";"100026366";"LAPIS NA MAO ESCOLA DE EDUCAÇÃO INFANTIL LTDA ME";"17259828000161";"INEXIGIBILIDADE";"0";"PROPRIA";"33903965";"SERVIÇOS DE APOIO AO ENSINO";"FORNECIMENTO DE VAGAS EM CRECHES";"30160";"2024";"L";"31/01/2024";"0";"01/01/2024";"31/01/2024";"13"
"UNIDADE DE GESTÃO DE EDUCAÇÃO";"12";"EDUCAÇÃO";"365";"EDUCAÇÃO INFANTIL";"2024";"1990";"2023";"17";"5";"100026285";"AZEVEDO E PEIXOTO ESCOLA DE EDUC INFANTIL LTDA ME";"17056717000158";"INEXIGIBILIDADE";"0";"PROPRIA";"33903965";"SERVIÇOS DE APOIO AO ENSINO";"FORNECIMENTO DE VAGAS EM CRECHES";"10400";"2024";"L";"31/01/2024";"0";"01/01/2024";"31/01/2024";"13"
"UNIDADE DE GESTÃO DE EDUCAÇÃO";"12";"EDUCAÇÃO";"365";"EDUCAÇÃO INFANTIL";"2024";"1991";"2019";"58";"5";"100026357";"JARDIM ESCOLA EDUCACAO E DESENV.INFANTIL LTDA ME";"17215192000156";"INEXIGIBILIDADE";"0";"PROPRIA";"33903965";"SERVIÇOS DE APOIO AO ENSINO";"FORNECIMENTO DE VAGAS EM CRECHES";"67965";"2024";"L";"31/01/2024";"0";"01/01/2024";"31/01/2024";"13"
"UNIDADE DE GESTÃO DE EDUCAÇÃO";"12";"EDUCAÇÃO";"365";"EDUCAÇÃO INFANTIL";"2024";"1992";"2023";"25";"5";"100026287";"PICOLÉ ESCOLA DE EDUCAÇÃO INFANTIL LTDA ME";"01075356000157";"INEXIGIBILIDADE";"0";"PROPRIA";"33903965";"SERVIÇOS DE APOIO AO ENSINO";"FORNECIMENTO DE VAGAS EM CRECHES";"26000";"2024";"L";"31/01/2024";"0";"01/01/2024";"31/01/2024";"13"
"UNIDADE DE GESTÃO DE GOVERNO E FINANÇAS";"28";"ENCARGOS ESPECIAIS";"846";"OUTROS ENCARGOS ESPECIAIS";"2024";"1993";"";"0";"0";"100033286";"LAURI ESTECA";"96477539853";"";"0";"PROPRIA";"33909302";"RESTITUICOES";"INDENIZACOES E/OU RESSARCIMENTOS(P. FISICA).";"44.88";"2024";"L";"29/01/2024";"0";"01/01/2024";"31/01/2024";"8"
"UNIDADE DE GESTÃO DE GOVERNO E FINANÇAS";"28";"ENCARGOS ESPECIAIS";"846";"OUTROS ENCARGOS ESPECIAIS";"2024";"1994";"";"0";"0";"100033286";"LAURI ESTECA";"96477539853";"";"0";"PROPRIA";"33909302";"RESTITUICOES";"INDENIZACOES E/OU RESSARCIMENTOS(P. FISICA).";"40.23";"2024";"L";"29/01/2024";"0";"01/01/2024";"31/01/2024";"8"
"UNIDADE DE GESTÃO DE GOVERNO E FINANÇAS";"28";"ENCARGOS ESPECIAIS";"846";"OUTROS ENCARGOS ESPECIAIS";"2024";"1995";"";"0";"0";"100033286";"LAURI ESTECA";"96477539853";"";"0";"PROPRIA";"33909302";"RESTITUICOES";"INDENIZACOES E/OU RESSARCIMENTOS(P. FISICA).";"40.67";"2024";"L";"29/01/2024";"0";"01/01/2024";"31/01/2024";"8"
"UNIDADE DE GESTÃO DE GOVERNO E FINANÇAS";"28";"ENCARGOS ESPECIAIS";"846";"OUTROS ENCARGOS ESPECIAIS";"2024";"1996";"";"0";"0";"100053463";"ROBERTO LUIZ GALO";"04835500865";"";"0";"PROPRIA";"33909302";"RESTITUICOES";"INDENIZACOES E/OU RESSARCIMENTOS(P. FISICA).";"1231.57";"2024";"L";"22/01/2024";"0";"01/01/2024";"31/01/2024";"8"
"UNIDADE DE GESTÃO DE GOVERNO E FINANÇAS";"28";"ENCARGOS ESPECIAIS";"846";"OUTROS ENCARGOS ESPECIAIS";"2024";"1997";"";"0";"0";"100053464";"VITOR SBANO";"95303740706";"";"0";"PROPRIA";"33909302";"RESTITUICOES";"INDENIZACOES E/OU RESSARCIMENTOS(P. FISICA).";"14471.5";"2024";"L";"22/01/2024";"0";"01/01/2024";"31/01/2024";"8"
"UNIDADE DE GESTÃO DE GOVERNO E FINANÇAS";"28";"ENCARGOS ESPECIAIS";"846";"OUTROS ENCARGOS ESPECIAIS";"2024";"1998";"";"0";"0";"100053465";"RENATA MUNHOS DE OLIVEIRA COMPARONI";"29621650879";"";"0";"PROPRIA";"33909302";"RESTITUICOES";"INDENIZACOES E/OU RESSARCIMENTOS(P. FISICA).";"114.59";"2024";"L";"22/01/2024";"0";"01/01/2024";"31/01/2024";"8"
"UNIDADE DE GESTÃO DE GOVERNO E FINANÇAS";"28";"ENCARGOS ESPECIAIS";"846";"OUTROS ENCARGOS ESPECIAIS";"2024";"1999";"";"0";"0";"100053467";"JOV REFRIGERAÇÃO LTDA";"46685653000152";"";"0";"PROPRIA";"33909302";"RESTITUICOES";"INDENIZACOES E/OU RESSARCIMENTOS(P. JURIDICA).";"10747.51";"2024";"L";"22/01/2024";"0";"01/01/2024";"31/01/2024";"8"
"UNIDADE DE GESTÃO DE GOVERNO E FINANÇAS";"28";"ENCARGOS ESPECIAIS";"846";"OUTROS ENCARGOS ESPECIAIS";"2024";"2000";"";"0";"0";"100052013";"OSIRIS VICENTE DANGIERI";"37300709834";"";"0";"PROPRIA";"33909302";"RESTITUICOES";"INDENIZACOES E/OU RESSARCIMENTOS(P. FISICA).";"29.35";"2024";"L";"23/01/2024";"0";"01/01/2024";"31/01/2024";"8"
"UNIDADE DE GESTÃO DE GOVERNO E FINANÇAS";"28";"ENCARGOS ESPECIAIS";"846";"OUTROS ENCARGOS ESPECIAIS";"2024";"2001";"";"0";"0";"100052013";"OSIRIS VICENTE DANGIERI";"37300709834";"";"0";"PROPRIA";"33909302";"RESTITUICOES";"INDENIZACOES E/OU RESSARCIMENTOS(P. FISICA).";"24.88";"2024";"L";"23/01/2024";"0";"01/01/2024";"31/01/2024";"8"
"UNIDADE DE GESTÃO DE GOVERNO E FINANÇAS";"28";"ENCARGOS ESPECIAIS";"846";"OUTROS ENCARGOS ESPECIAIS";"2024";"2002";"";"0";"0";"100052013";"OSIRIS VICENTE DANGIERI";"37300709834";"";"0";"PROPRIA";"33909302";"RESTITUICOES";"INDENIZACOES E/OU RESSARCIMENTOS(P. FISICA).";"195.65";"2024";"L";"23/01/2024";"0";"01/01/2024";"31/01/2024";"8"
"UNIDADE DE GESTÃO DE GOVERNO E FINANÇAS";"28";"ENCARGOS ESPECIAIS";"846";"OUTROS ENCARGOS ESPECIAIS";"2024";"2003";"";"0";"0";"100052013";"OSIRIS VICENTE DANGIERI";"37300709834";"";"0";"PROPRIA";"33909302";"RESTITUICOES";"INDENIZACOES E/OU RESSARCIMENTOS(P. FISICA).";"2156.23";"2024";"L";"23/01/2024";"0";"01/01/2024";"31/01/2024";"8"
"UNIDADE DE GESTÃO DE GOVERNO E FINANÇAS";"28";"ENCARGOS ESPECIAIS";"846";"OUTROS ENCARGOS ESPECIAIS";"2024";"2004";"";"0";"0";"100052013";"OSIRIS VICENTE DANGIERI";"37300709834";"";"0";"PROPRIA";"33909302";"RESTITUICOES";"INDENIZACOES E/OU RESSARCIMENTOS(P. FISICA).";"2052.81";"2024";"L";"23/01/2024";"0";"01/01/2024";"31/01/2024";"8"
"UNIDADE DE GESTÃO DE GOVERNO E FINANÇAS";"28";"ENCARGOS ESPECIAIS";"846";"OUTROS ENCARGOS ESPECIAIS";"2024";"2005";"";"0";"0";"100052013";"OSIRIS VICENTE DANGIERI";"37300709834";"";"0";"PROPRIA";"33909302";"RESTITUICOES";"INDENIZACOES E/OU RESSARCIMENTOS(P. FISICA).";"135.08";"2024";"L";"23/01/2024";"0";"01/01/2024";"31/01/2024";"8"
"UNIDADE DE GESTÃO DE GOVERNO E FINANÇAS";"28";"ENCARGOS ESPECIAIS";"846";"OUTROS ENCARGOS ESPECIAIS";"2024";"2006";"";"0";"0";"100052013";"OSIRIS VICENTE DANGIERI";"37300709834";"";"0";"PROPRIA";"33909302";"RESTITUICOES";"INDENIZACOES E/OU RESSARCIMENTOS(P. FISICA).";"1575.74";"2024";"L";"23/01/2024";"0";"01/01/2024";"31/01/2024";"8"
"UNIDADE DE GESTÃO DE GOVERNO E FINANÇAS";"28";"ENCARGOS ESPECIAIS";"846";"OUTROS ENCARGOS ESPECIAIS";"2024";"2007";"";"0";"0";"100052013";"OSIRIS VICENTE DANGIERI";"37300709834";"";"0";"PROPRIA";"33909302";"RESTITUICOES";"INDENIZACOES E/OU RESSARCIMENTOS(P. FISICA).";"1390.48";"2024";"L";"23/01/2024";"0";"01/01/2024";"31/01/2024";"8"
"UNIDADE DE GESTÃO DE EDUCAÇÃO";"12";"EDUCAÇÃO";"361";"ENSINO FUNDAMENTAL";"2024";"2008";"";"0";"0";"100009098";"UNDIME-UNIAO DOS DIRIGENTES MUNIC.EDUC.EST.S.PAULO";"59480558000164";"";"0";"PROPRIA";"33903999";"OUTROS SERVICOS DE TERCEIROS - PESSOA JURIDICA";"CONTRIBUICOES(P. JURIDICAS).";"8451";"2024";"L";"22/01/2024";"0";"01/01/2024";"31/01/2024";"13"
"UNIDADE DE GESTÃO DE EDUCAÇÃO";"12";"EDUCAÇÃO";"365";"EDUCAÇÃO INFANTIL";"2024";"2009";"2019";"36";"5";"100022766";"PAULO SERGIO SILVA EDUCAÇÃO INFANTIL LTDA ME";"08315956000194";"INEXIGIBILIDADE";"0";"PROPRIA";"33903965";"SERVIÇOS DE APOIO AO ENSINO";"FORNECIMENTO DE VAGAS EM CRECHES";"55160";"2024";"L";"31/01/2024";"0";"01/01/2024";"31/01/2024";"13"
"UNIDADE DE GESTÃO DE EDUCAÇÃO";"12";"EDUCAÇÃO";"365";"EDUCAÇÃO INFANTIL";"2024";"2010";"2019";"53";"5";"100026362";"ESCOLA DE EDUC.INF.TURMA DO TERECO-TECO SS LTDA ME";"01580207000145";"INEXIGIBILIDADE";"0";"PROPRIA";"33903965";"SERVIÇOS DE APOIO AO ENSINO";"FORNECIMENTO DE VAGAS EM CRECHES";"24625";"2024";"L";"31/01/2024";"0";"01/01/2024";"31/01/2024";"13"
"UNIDADE DE GESTÃO DE EDUCAÇÃO";"12";"EDUCAÇÃO";"365";"EDUCAÇÃO INFANTIL";"2024";"2014";"2021";"26";"5";"100045728";"TATIANE DEMARCHI BRANDAO ME";"36456072000195";"INEXIGIBILIDADE";"0";"PROPRIA";"33903965";"SERVIÇOS DE APOIO AO ENSINO";"FORNECIMENTO DE VAGAS EM CRECHES";"37440";"2024";"L";"31/01/2024";"0";"01/01/2024";"31/01/2024";"13"
"UNIDADE GESTÃO DE ASSISTÊNCIA E DESENVOLV. SOCIAL";"8";"ASSISTÊNCIA SOCIAL";"243";"ASSISTÊNCIA À CRIANÇA E AO ADOLESCENTE";"2024";"2016";"";"0";"0";"4010781";"CASA DA CRIANCA N.SENHORA DO DESTERRO";"50981687000161";"";"5104";"FUNDO MUNIC.DIREITOS DA CRIANCA E ADOLESC.-DOACOES";"33503902";"TERMO DE FOMENTO";"CONVENIO MROSC - LEI 13019/2014 - MARCO REGUL.ORG.SOC.CIVIL";"14900";"2024";"L";"22/01/2024";"0";"01/01/2024";"31/01/2024";"15"
"UNIDADE GESTÃO DE ASSISTÊNCIA E DESENVOLV. SOCIAL";"8";"ASSISTÊNCIA SOCIAL";"243";"ASSISTÊNCIA À CRIANÇA E AO ADOLESCENTE";"2024";"2017";"";"0";"0";"1000587";"ASSOC. DE PAIS E AMIGOS DO EXCEP. APAE DE JUNDIAÍ";"50956440000195";"";"5104";"FUNDO MUNIC.DIREITOS DA CRIANCA E ADOLESC.-DOACOES";"33503902";"TERMO DE FOMENTO";"CONVENIO MROSC - LEI 13019/2014 - MARCO REGUL.ORG.SOC.CIVIL";"8935.63";"2024";"L";"22/01/2024";"0";"01/01/2024";"31/01/2024";"15"
"UNIDADE GESTÃO DE ASSISTÊNCIA E DESENVOLV. SOCIAL";"8";"ASSISTÊNCIA SOCIAL";"243";"ASSISTÊNCIA À CRIANÇA E AO ADOLESCENTE";"2024";"2018";"";"0";"0";"100011787";"ACOLHIMENTO BOM PASTOR";"04115907000157";"";"5104";"FUNDO MUNIC.DIREITOS DA CRIANCA E ADOLESC.-DOACOES";"33503902";"TERMO DE FOMENTO";"CONVENIO MROSC - LEI 13019/2014 - MARCO REGUL.ORG.SOC.CIVIL";"14900";"2024";"L";"22/01/2024";"0";"01/01/2024";"31/01/2024";"15"
"UNIDADE DE GESTÃO DE EDUCAÇÃO";"12";"EDUCAÇÃO";"365";"EDUCAÇÃO INFANTIL";"2024";"2019";"2019";"60";"5";"100026327";"VITOR MATEUS POZATI ME";"17005052000153";"INEXIGIBILIDADE";"0";"PROPRIA";"33903965";"SERVIÇOS DE APOIO AO ENSINO";"FORNECIMENTO DE VAGAS EM CRECHES";"49250";"2024";"L";"31/01/2024";"0";"01/01/2024";"31/01/2024";"13"
"UNIDADE DE GESTÃO DE EDUCAÇÃO";"12";"EDUCAÇÃO";"365";"EDUCAÇÃO INFANTIL";"2024";"2021";"2022";"29";"5";"100035883";"SISTEMA DE EDUCAÇÃO INF. PEQUENO APRENDIZ LTDA EPP";"14034435000242";"INEXIGIBILIDADE";"0";"PROPRIA";"33903965";"SERVIÇOS DE APOIO AO ENSINO";"FORNECIMENTO DE VAGAS EM CRECHES";"36995";"2024";"L";"31/01/2024";"0";"01/01/2024";"31/01/2024";"13"
"UNIDADE DE GESTÃO DE EDUCAÇÃO";"12";"EDUCAÇÃO";"365";"EDUCAÇÃO INFANTIL";"2024";"2022";"2019";"47";"5";"100023937";"ESCOLA INFANTIL FADAS & MAGOS LTDA - ME (FILIAL)";"13063428000206";"INEXIGIBILIDADE";"0";"PROPRIA";"33903965";"SERVIÇOS DE APOIO AO ENSINO";"FORNECIMENTO DE VAGAS EM CRECHES";"68950";"2024";"L";"31/01/2024";"0";"01/01/2024";"31/01/2024";"13"
"UNIDADE DE GESTÃO DE EDUCAÇÃO";"12";"EDUCAÇÃO";"365";"EDUCAÇÃO INFANTIL";"2024";"2023";"2019";"48";"5";"100022533";"ESCOLA INFANTIL FADAS & MAGOS LTDA ME";"13063428000125";"INEXIGIBILIDADE";"0";"PROPRIA";"33903965";"SERVIÇOS DE APOIO AO ENSINO";"FORNECIMENTO DE VAGAS EM CRECHES";"28020";"2024";"L";"31/01/2024";"0";"01/01/2024";"31/01/2024";"13"
"UNIDADE DE GESTÃO DE INFRAEST. E SERVIÇOS PÚBLICOS";"15";"URBANISMO";"451";"INFRA-ESTRUTURA URBANA";"2024";"2024";"";"0";"0";"100053448";"NORBERTO APARECIDO DOS SANTOS";"82312141868";"";"0";"PROPRIA";"44906199";"OUTRAS AQUISICOES DE BENS IMOVEIS";"DESAPROPRIACOES(P. FISICA).";"648240";"2024";"L";"17/01/2024";"0";"01/01/2024";"31/01/2024";"10"
"UNIDADE DE GESTÃO DE EDUCAÇÃO";"12";"EDUCAÇÃO";"365";"EDUCAÇÃO INFANTIL";"2024";"2025";"2021";"12";"5";"100033371";"SONIA DE FÁTIMA TOLEDO MARZOCHI - ME";"23496992000195";"INEXIGIBILIDADE";"0";"PROPRIA";"33903965";"SERVIÇOS DE APOIO AO ENSINO";"FORNECIMENTO DE VAGAS EM CRECHES";"50235";"2024";"L";"31/01/2024";"0";"01/01/2024";"31/01/2024";"13"
"UNIDADE DE GESTÃO DE GOVERNO E FINANÇAS";"28";"ENCARGOS ESPECIAIS";"846";"OUTROS ENCARGOS ESPECIAIS";"2024";"2027";"";"0";"0";"100036614";"ROBERTO BARBOSA LEAL";"24694915843";"";"0";"PROPRIA";"33909115";"SENTENÇAS JUDICIAIS DE PEQUENO VALOR";"DESPESAS OBRIGATORIAS E/OU JUDICIAIS(P. FISICAS).";"1209.22";"2024";"L";"18/01/2024";"0";"01/01/2024";"31/01/2024";"8"
"UNIDADE DE GESTÃO DE EDUCAÇÃO";"12";"EDUCAÇÃO";"365";"EDUCAÇÃO INFANTIL";"2024";"2028";"2019";"45";"5";"100028051";"ESCOLA INFANTIL NEPOMOCENO BELLODI LTDA ME";"16993985000133";"INEXIGIBILIDADE";"0";"PROPRIA";"33903965";"SERVIÇOS DE APOIO AO ENSINO";"FORNECIMENTO DE VAGAS EM CRECHES";"72790";"2024";"L";"31/01/2024";"0";"01/01/2024";"31/01/2024";"13"
"UNIDADE DE GESTÃO DE GOVERNO E FINANÇAS";"28";"ENCARGOS ESPECIAIS";"846";"OUTROS ENCARGOS ESPECIAIS";"2024";"2029";"";"0";"0";"100042712";"ALINE MONIQUE ARAÚJO";"22975546807";"";"0";"PROPRIA";"33909115";"SENTENÇAS JUDICIAIS DE PEQUENO VALOR";"DESPESAS OBRIGATORIAS E/OU JUDICIAIS(P. FISICAS).";"1614.24";"2024";"L";"18/01/2024";"0";"01/01/2024";"31/01/2024";"8"
"UNIDADE DE GESTÃO DE GOVERNO E FINANÇAS";"28";"ENCARGOS ESPECIAIS";"846";"OUTROS ENCARGOS ESPECIAIS";"2024";"2030";"";"0";"0";"100036614";"ROBERTO BARBOSA LEAL";"24694915843";"";"0";"PROPRIA";"33909115";"SENTENÇAS JUDICIAIS DE PEQUENO VALOR";"DESPESAS OBRIGATORIAS E/OU JUDICIAIS(P. FISICAS).";"1203.68";"2024";"L";"18/01/2024";"0";"01/01/2024";"31/01/2024";"8"
"UNIDADE DE GESTÃO DE GOVERNO E FINANÇAS";"28";"ENCARGOS ESPECIAIS";"846";"OUTROS ENCARGOS ESPECIAIS";"2024";"2031";"";"0";"0";"100053472";"LUCAS AUGUSTO DOS SANTOS";"34579683811";"";"0";"PROPRIA";"33909115";"SENTENÇAS JUDICIAIS DE PEQUENO VALOR";"DESPESAS OBRIGATORIAS E/OU JUDICIAIS(P. FISICAS).";"10219.74";"2024";"L";"18/01/2024";"0";"01/01/2024";"31/01/2024";"8"
"UNIDADE DE GESTÃO DE GOVERNO E FINANÇAS";"28";"ENCARGOS ESPECIAIS";"846";"OUTROS ENCARGOS ESPECIAIS";"2024";"2032";"";"0";"0";"100053473";"MARCOS ANTONIO GONÇALVES NETO";"06886881876";"";"0";"PROPRIA";"33909115";"SENTENÇAS JUDICIAIS DE PEQUENO VALOR";"DESPESAS OBRIGATORIAS E/OU JUDICIAIS(P. FISICAS).";"9091.62";"2024";"L";"18/01/2024";"0";"01/01/2024";"31/01/2024";"8"
"UNIDADE DE GESTÃO DE GOVERNO E FINANÇAS";"28";"ENCARGOS ESPECIAIS";"846";"OUTROS ENCARGOS ESPECIAIS";"2024";"2033";"";"0";"0";"100035879";"VANIA DE ALMEIDA ROSA";"08316174898";"";"0";"PROPRIA";"33909115";"SENTENÇAS JUDICIAIS DE PEQUENO VALOR";"DESPESAS OBRIGATORIAS E/OU JUDICIAIS(P. FISICAS).";"1218.11";"2024";"L";"18/01/2024";"0";"01/01/2024";"31/01/2024";"8"
"UNIDADE DE GESTÃO DE GOVERNO E FINANÇAS";"28";"ENCARGOS ESPECIAIS";"846";"OUTROS ENCARGOS ESPECIAIS";"2024";"2034";"";"0";"0";"100034023";"PAULECIR BLANCO";"36146584819";"";"0";"PROPRIA";"33909115";"SENTENÇAS JUDICIAIS DE PEQUENO VALOR";"DESPESAS OBRIGATORIAS E/OU JUDICIAIS(P. FISICAS).";"2113.7";"2024";"L";"18/01/2024";"0";"01/01/2024";"31/01/2024";"8"
"UNIDADE DE GESTÃO DE GOVERNO E FINANÇAS";"28";"ENCARGOS ESPECIAIS";"846";"OUTROS ENCARGOS ESPECIAIS";"2024";"2035";"";"0";"0";"100042293";"MARCIO DA SILVA";"22378660820";"";"0";"PROPRIA";"33909115";"SENTENÇAS JUDICIAIS DE PEQUENO VALOR";"DESPESAS OBRIGATORIAS E/OU JUDICIAIS(P. FISICAS).";"1176.28";"2024";"L";"18/01/2024";"0";"01/01/2024";"31/01/2024";"8"
"UNIDADE DE GESTÃO DE GOVERNO E FINANÇAS";"28";"ENCARGOS ESPECIAIS";"846";"OUTROS ENCARGOS ESPECIAIS";"2024";"2036";"";"0";"0";"100053474";"GISELE APARECIDA TONHON";"29643176827";"";"0";"PROPRIA";"33909115";"SENTENÇAS JUDICIAIS DE PEQUENO VALOR";"DESPESAS OBRIGATORIAS E/OU JUDICIAIS(P. FISICAS).";"7016.16";"2024";"L";"18/01/2024";"0";"01/01/2024";"31/01/2024";"8"
"UNIDADE DE GESTÃO DE GOVERNO E FINANÇAS";"28";"ENCARGOS ESPECIAIS";"846";"OUTROS ENCARGOS ESPECIAIS";"2024";"2037";"";"0";"0";"100053475";"ANGELA MAGDA AGUIAR DA SILVA";"64556573491";"";"0";"PROPRIA";"33909115";"SENTENÇAS JUDICIAIS DE PEQUENO VALOR";"DESPESAS OBRIGATORIAS E/OU JUDICIAIS(P. FISICAS).";"8937.72";"2024";"L";"18/01/2024";"0";"01/01/2024";"31/01/2024";"8"
"UNIDADE DE GESTÃO DE GOVERNO E FINANÇAS";"28";"ENCARGOS ESPECIAIS";"846";"OUTROS ENCARGOS ESPECIAIS";"2024";"2038";"";"0";"0";"100053476";"SANDRO DONIZETI VILAS BOAS";"14995134883";"";"0";"PROPRIA";"33909115";"SENTENÇAS JUDICIAIS DE PEQUENO VALOR";"DESPESAS OBRIGATORIAS E/OU JUDICIAIS(P. FISICAS).";"22475.51";"2024";"L";"18/01/2024";"0";"01/01/2024";"31/01/2024";"8"
"UNIDADE DE GESTÃO DE GOVERNO E FINANÇAS";"28";"ENCARGOS ESPECIAIS";"846";"OUTROS ENCARGOS ESPECIAIS";"2024";"2039";"";"0";"0";"100053477";"ROSEMARY MARIANO CABRAL";"15137941832";"";"0";"PROPRIA";"33909115";"SENTENÇAS JUDICIAIS DE PEQUENO VALOR";"DESPESAS OBRIGATORIAS E/OU JUDICIAIS(P. FISICAS).";"8680.9";"2024";"L";"18/01/2024";"0";"01/01/2024";"31/01/2024";"8"
"UNIDADE DE GESTÃO DE GOVERNO E FINANÇAS";"28";"ENCARGOS ESPECIAIS";"846";"OUTROS ENCARGOS ESPECIAIS";"2024";"2040";"";"0";"0";"100053478";"LUCIA APARECIDA DE SOUZA";"96283300804";"";"0";"PROPRIA";"33909115";"SENTENÇAS JUDICIAIS DE PEQUENO VALOR";"DESPESAS OBRIGATORIAS E/OU JUDICIAIS(P. FISICAS).";"1493.94";"2024";"L";"19/01/2024";"0";"01/01/2024";"31/01/2024";"8"
"UNIDADE DE GESTÃO DE GOVERNO E FINANÇAS";"28";"ENCARGOS ESPECIAIS";"846";"OUTROS ENCARGOS ESPECIAIS";"2024";"2041";"";"0";"0";"100053479";"MARTA IVAN HAHNL ROSA";"15041701806";"";"0";"PROPRIA";"33909115";"SENTENÇAS JUDICIAIS DE PEQUENO VALOR";"DESPESAS OBRIGATORIAS E/OU JUDICIAIS(P. FISICAS).";"3588.57";"2024";"L";"19/01/2024";"0";"01/01/2024";"31/01/2024";"8"
"UNIDADE DE GESTÃO DE GOVERNO E FINANÇAS";"28";"ENCARGOS ESPECIAIS";"846";"OUTROS ENCARGOS ESPECIAIS";"2024";"2042";"";"0";"0";"100000300";"UNIMED JUNDIAI COOPERAT.TRAB.MEDICOS";"56727134000163";"";"0";"PROPRIA";"33909115";"SENTENÇAS JUDICIAIS DE PEQUENO VALOR";"DESPESAS OBRIGATORIAS E/OU JUDICIAIS(P. JURIDICAS).";"30705.15";"2024";"L";"19/01/2024";"0";"01/01/2024";"31/01/2024";"8"
"UNIDADE DE GESTÃO DE GOVERNO E FINANÇAS";"28";"ENCARGOS ESPECIAIS";"846";"OUTROS ENCARGOS ESPECIAIS";"2024";"2043";"";"0";"0";"100053480";"DANIEL DELGADO RICCI";"26521132830";"";"0";"PROPRIA";"33909115";"SENTENÇAS JUDICIAIS DE PEQUENO VALOR";"DESPESAS OBRIGATORIAS E/OU JUDICIAIS(P. FISICAS).";"12774.39";"2024";"L";"18/01/2024";"0";"01/01/2024";"31/01/2024";"8"
"UNIDADE DE GESTÃO DE GOVERNO E FINANÇAS";"28";"ENCARGOS ESPECIAIS";"846";"OUTROS ENCARGOS ESPECIAIS";"2024";"2044";"";"0";"0";"100053481";"SEVERINO SOARES DA COSTA";"07166168234";"";"0";"PROPRIA";"33909115";"SENTENÇAS JUDICIAIS DE PEQUENO VALOR";"DESPESAS OBRIGATORIAS E/OU JUDICIAIS(P. FISICAS).";"10001.72";"2024";"L";"19/01/2024";"0";"01/01/2024";"31/01/2024";"8"
"UNIDADE DE GESTÃO DE GOVERNO E FINANÇAS";"28";"ENCARGOS ESPECIAIS";"846";"OUTROS ENCARGOS ESPECIAIS";"2024";"2045";"";"0";"0";"100051708";"ANDRE GUSTAVO BASSO CHELEGUINI";"47080058813";"";"0";"PROPRIA";"33909115";"SENTENÇAS JUDICIAIS DE PEQUENO VALOR";"DESPESAS OBRIGATORIAS E/OU JUDICIAIS(P. FISICAS).";"2113.69";"2024";"L";"18/01/2024";"0";"01/01/2024";"31/01/2024";"8"
"UNIDADE DE GESTÃO DE GOVERNO E FINANÇAS";"28";"ENCARGOS ESPECIAIS";"846";"OUTROS ENCARGOS ESPECIAIS";"2024";"2046";"";"0";"0";"100036614";"ROBERTO BARBOSA LEAL";"24694915843";"";"0";"PROPRIA";"33909115";"SENTENÇAS JUDICIAIS DE PEQUENO VALOR";"DESPESAS OBRIGATORIAS E/OU JUDICIAIS(P. FISICAS).";"2027.11";"2024";"L";"18/01/2024";"0";"01/01/2024";"31/01/2024";"8"
"UNIDADE DE GESTÃO DE GOVERNO E FINANÇAS";"28";"ENCARGOS ESPECIAIS";"846";"OUTROS ENCARGOS ESPECIAIS";"2024";"2047";"";"0";"0";"100036614";"ROBERTO BARBOSA LEAL";"24694915843";"";"0";"PROPRIA";"33909115";"SENTENÇAS JUDICIAIS DE PEQUENO VALOR";"DESPESAS OBRIGATORIAS E/OU JUDICIAIS(P. FISICAS).";"2027.11";"2024";"L";"18/01/2024";"0";"01/01/2024";"31/01/2024";"8"
"UNIDADE DE GESTÃO DE GOVERNO E FINANÇAS";"28";"ENCARGOS ESPECIAIS";"846";"OUTROS ENCARGOS ESPECIAIS";"2024";"2048";"";"0";"0";"100036614";"ROBERTO BARBOSA LEAL";"24694915843";"";"0";"PROPRIA";"33909115";"SENTENÇAS JUDICIAIS DE PEQUENO VALOR";"DESPESAS OBRIGATORIAS E/OU JUDICIAIS(P. FISICAS).";"2027.11";"2024";"L";"18/01/2024";"0";"01/01/2024";"31/01/2024";"8"
"UNIDADE DE GESTÃO DE GOVERNO E FINANÇAS";"28";"ENCARGOS ESPECIAIS";"846";"OUTROS ENCARGOS ESPECIAIS";"2024";"2049";"";"0";"0";"100036614";"ROBERTO BARBOSA LEAL";"24694915843";"";"0";"PROPRIA";"33909115";"SENTENÇAS JUDICIAIS DE PEQUENO VALOR";"DESPESAS OBRIGATORIAS E/OU JUDICIAIS(P. FISICAS).";"2027.11";"2024";"L";"18/01/2024";"0";"01/01/2024";"31/01/2024";"8"
"UNIDADE DE GESTÃO DE GOVERNO E FINANÇAS";"28";"ENCARGOS ESPECIAIS";"846";"OUTROS ENCARGOS ESPECIAIS";"2024";"2050";"";"0";"0";"100035576";"DIEGO JORGE ALVES DE ARAUJO";"35032974803";"";"0";"PROPRIA";"33909115";"SENTENÇAS JUDICIAIS DE PEQUENO VALOR";"DESPESAS OBRIGATORIAS E/OU JUDICIAIS(P. FISICAS).";"509.09";"2024";"L";"18/01/2024";"0";"01/01/2024";"31/01/2024";"8"
"UNIDADE DE GESTÃO DE GOVERNO E FINANÇAS";"4";"ADMINISTRAÇÃO";"122";"ADMINISTRAÇÃO GERAL";"2024";"2051";"";"0";"0";"100031542";"PMJ - WELLINGTON LUIZ TEIXEIRA";"35030109803";"";"0";"PROPRIA";"33903099";"OUTROS MATERIAIS DE CONSUMO";"ADIANTAMENTOS(SERVIDORES).";"1000";"2024";"L";"17/01/2024";"0";"01/01/2024";"31/01/2024";"8"
"UNIDADE DE GESTÃO DE GOVERNO E FINANÇAS";"4";"ADMINISTRAÇÃO";"122";"ADMINISTRAÇÃO GERAL";"2024";"2052";"";"0";"0";"100031542";"PMJ - WELLINGTON LUIZ TEIXEIRA";"35030109803";"";"0";"PROPRIA";"33903999";"OUTROS SERVICOS DE TERCEIROS - PESSOA JURIDICA";"ADIANTAMENTOS(SERVIDORES).";"3000";"2024";"L";"17/01/2024";"0";"01/01/2024";"31/01/2024";"8"
"UNIDADE DE GESTÃO DE EDUCAÇÃO";"12";"EDUCAÇÃO";"365";"EDUCAÇÃO INFANTIL";"2024";"2053";"2023";"21";"5";"100037748";"ESCOLA DE EDUCACAO INFANTIL AO PÉ DA LETRA LTDA ME";"26162481000125";"INEXIGIBILIDADE";"0";"PROPRIA";"33903965";"SERVIÇOS DE APOIO AO ENSINO";"FORNECIMENTO DE VAGAS EM CRECHES";"19760";"2024";"L";"31/01/2024";"0";"01/01/2024";"31/01/2024";"13"
"UNIDADE DE GESTÃO DE EDUCAÇÃO";"12";"EDUCAÇÃO";"365";"EDUCAÇÃO INFANTIL";"2024";"2055";"2021";"20";"5";"100034095";"ESCOLA DE EDUCACAO INFANTIL CASINHA KIDS LTDA ME";"20908787000100";"INEXIGIBILIDADE";"0";"PROPRIA";"33903965";"SERVIÇOS DE APOIO AO ENSINO";"FORNECIMENTO DE VAGAS EM CRECHES";"20800";"2024";"L";"31/01/2024";"0";"01/01/2024";"31/01/2024";"13"
"UNIDADE DE GESTÃO DA CASA CIVIL";"4";"ADMINISTRAÇÃO";"122";"ADMINISTRAÇÃO GERAL";"2024";"2056";"";"0";"0";"100012604";"FOLHA DE PAGAMENTO";"45780103000150";"";"0";"PROPRIA";"31901104";"ADICIONAL NOTURNO";"FOLHA DE PAGAMENTO";"558.01";"2024";"L";"18/01/2024";"0";"01/01/2024";"31/01/2024";"3"
"UNIDADE DE GESTÃO DA CASA CIVIL";"4";"ADMINISTRAÇÃO";"122";"ADMINISTRAÇÃO GERAL";"2024";"2057";"";"0";"0";"100012604";"FOLHA DE PAGAMENTO";"45780103000150";"";"0";"PROPRIA";"31901133";"GRATIFICACOES POR EXERCICIO DE  FUNCOES";"FOLHA DE PAGAMENTO";"447.05";"2024";"L";"18/01/2024";"0";"01/01/2024";"31/01/2024";"3"
"UNIDADE DE GESTÃO DA CASA CIVIL";"4";"ADMINISTRAÇÃO";"122";"ADMINISTRAÇÃO GERAL";"2024";"2058";"";"0";"0";"100012604";"FOLHA DE PAGAMENTO";"45780103000150";"";"0";"PROPRIA";"31901137";"GRATIFICACOES POR TEMPO DE SERVICO";"FOLHA DE PAGAMENTO";"1687.38";"2024";"L";"18/01/2024";"0";"01/01/2024";"31/01/2024";"3"
"UNIDADE DE GESTÃO DA CASA CIVIL";"4";"ADMINISTRAÇÃO";"122";"ADMINISTRAÇÃO GERAL";"2024";"2059";"";"0";"0";"100012604";"FOLHA DE PAGAMENTO";"45780103000150";"";"0";"PROPRIA";"31901145";"FÉRIAS - ABONO CONSTITUICOES";"FOLHA DE PAGAMENTO";"477.28";"2024";"L";"18/01/2024";"0";"01/01/2024";"31/01/2024";"3"
"UNIDADE DE GESTÃO DA CASA CIVIL";"4";"ADMINISTRAÇÃO";"122";"ADMINISTRAÇÃO GERAL";"2024";"2060";"";"0";"0";"100012604";"FOLHA DE PAGAMENTO";"45780103000150";"";"0";"PROPRIA";"31901145";"FÉRIAS - ABONO CONSTITUICOES";"FOLHA DE PAGAMENTO";"3265.65";"2024";"L";"18/01/2024";"0";"01/01/2024";"31/01/2024";"3"
"UNIDADE DE GESTÃO DA CASA CIVIL";"4";"ADMINISTRAÇÃO";"122";"ADMINISTRAÇÃO GERAL";"2024";"2061";"";"0";"0";"100012604";"FOLHA DE PAGAMENTO";"45780103000150";"";"0";"PROPRIA";"31901146";"FÉRIAS - PAGAMENTO ANTECIPADO - RPPS";"FOLHA DE PAGAMENTO";"1279.82";"2024";"L";"18/01/2024";"0";"01/01/2024";"31/01/2024";"3"
"UNIDADE DE GESTÃO DA CASA CIVIL";"4";"ADMINISTRAÇÃO";"122";"ADMINISTRAÇÃO GERAL";"2024";"2062";"";"0";"0";"100012604";"FOLHA DE PAGAMENTO";"45780103000150";"";"0";"PROPRIA";"31901146";"FÉRIAS - PAGAMENTO ANTECIPADO - RPPS";"FOLHA DE PAGAMENTO";"2682.8";"2024";"L";"18/01/2024";"0";"01/01/2024";"31/01/2024";"3"
"UNIDADE DE GESTÃO DA CASA CIVIL";"4";"ADMINISTRAÇÃO";"122";"ADMINISTRAÇÃO GERAL";"2024";"2063";"";"0";"0";"100012604";"FOLHA DE PAGAMENTO";"45780103000150";"";"0";"PROPRIA";"31901644";"SERVIÇOS EXTRAORDINÁRIOS";"FOLHA DE PAGAMENTO";"928.35";"2024";"L";"18/01/2024";"0";"01/01/2024";"31/01/2024";"3"
"UNIDADE GESTÃO DE INOVAÇÃO E RELAÇÃO COM O CIDADÃO";"4";"ADMINISTRAÇÃO";"122";"ADMINISTRAÇÃO GERAL";"2024";"2064";"";"0";"0";"100012604";"FOLHA DE PAGAMENTO";"45780103000150";"";"0";"PROPRIA";"31901145";"FÉRIAS - ABONO CONSTITUICOES";"FOLHA DE PAGAMENTO";"774.57";"2024";"L";"18/01/2024";"0";"01/01/2024";"31/01/2024";"4"
"UNIDADE GESTÃO DE INOVAÇÃO E RELAÇÃO COM O CIDADÃO";"4";"ADMINISTRAÇÃO";"122";"ADMINISTRAÇÃO GERAL";"2024";"2065";"";"0";"0";"100012604";"FOLHA DE PAGAMENTO";"45780103000150";"";"0";"PROPRIA";"31901145";"FÉRIAS - ABONO CONSTITUICOES";"FOLHA DE PAGAMENTO";"836.54";"2024";"L";"18/01/2024";"0";"01/01/2024";"31/01/2024";"4"
"UNIDADE GESTÃO DE INOVAÇÃO E RELAÇÃO COM O CIDADÃO";"4";"ADMINISTRAÇÃO";"122";"ADMINISTRAÇÃO GERAL";"2024";"2066";"";"0";"0";"100012604";"FOLHA DE PAGAMENTO";"45780103000150";"";"0";"PROPRIA";"31901146";"FÉRIAS - PAGAMENTO ANTECIPADO - RPPS";"FOLHA DE PAGAMENTO";"1998.38";"2024";"L";"18/01/2024";"0";"01/01/2024";"31/01/2024";"4"
"UNIDADE GESTÃO DE INOVAÇÃO E RELAÇÃO COM O CIDADÃO";"4";"ADMINISTRAÇÃO";"122";"ADMINISTRAÇÃO GERAL";"2024";"2067";"";"0";"0";"100012604";"FOLHA DE PAGAMENTO";"45780103000150";"";"0";"PROPRIA";"31901146";"FÉRIAS - PAGAMENTO ANTECIPADO - RPPS";"FOLHA DE PAGAMENTO";"2205.04";"2024";"L";"18/01/2024";"0";"01/01/2024";"31/01/2024";"4"
"UNIDADE DE GESTÃO DE NEG. JURÍDICOS E CIDADANIA";"4";"ADMINISTRAÇÃO";"122";"ADMINISTRAÇÃO GERAL";"2024";"2068";"";"0";"0";"100012604";"FOLHA DE PAGAMENTO";"45780103000150";"";"0";"PROPRIA";"31901137";"GRATIFICACOES POR TEMPO DE SERVICO";"FOLHA DE PAGAMENTO";"1377.45";"2024";"L";"18/01/2024";"0";"01/01/2024";"31/01/2024";"6"
"UNIDADE DE GESTÃO DE NEG. JURÍDICOS E CIDADANIA";"4";"ADMINISTRAÇÃO";"122";"ADMINISTRAÇÃO GERAL";"2024";"2069";"";"0";"0";"100012604";"FOLHA DE PAGAMENTO";"45780103000150";"";"0";"PROPRIA";"31901145";"FÉRIAS - ABONO CONSTITUICOES";"FOLHA DE PAGAMENTO";"2952.86";"2024";"L";"18/01/2024";"0";"01/01/2024";"31/01/2024";"6"
"UNIDADE DE GESTÃO DE NEG. JURÍDICOS E CIDADANIA";"4";"ADMINISTRAÇÃO";"122";"ADMINISTRAÇÃO GERAL";"2024";"2070";"";"0";"0";"100012604";"FOLHA DE PAGAMENTO";"45780103000150";"";"0";"PROPRIA";"31901146";"FÉRIAS - PAGAMENTO ANTECIPADO - RPPS";"FOLHA DE PAGAMENTO";"5110.23";"2024";"L";"18/01/2024";"0";"01/01/2024";"31/01/2024";"6"
"UNIDADE DE GESTÃO DE ADMINIST. E GESTÃO DE PESSOAS";"4";"ADMINISTRAÇÃO";"122";"ADMINISTRAÇÃO GERAL";"2024";"2071";"";"0";"0";"100012604";"FOLHA DE PAGAMENTO";"45780103000150";"";"0";"PROPRIA";"31901110";"ADICIONAL DE INSALUBRIDADE";"FOLHA DE PAGAMENTO";"188.27";"2024";"L";"18/01/2024";"0";"01/01/2024";"31/01/2024";"7"
"UNIDADE DE GESTÃO DE ADMINIST. E GESTÃO DE PESSOAS";"4";"ADMINISTRAÇÃO";"122";"ADMINISTRAÇÃO GERAL";"2024";"2072";"";"0";"0";"100012604";"FOLHA DE PAGAMENTO";"45780103000150";"";"0";"PROPRIA";"31901133";"GRATIFICACOES POR EXERCICIO DE  FUNCOES";"FOLHA DE PAGAMENTO";"1609.37";"2024";"L";"18/01/2024";"0";"01/01/2024";"31/01/2024";"7"
"UNIDADE DE GESTÃO DE ADMINIST. E GESTÃO DE PESSOAS";"4";"ADMINISTRAÇÃO";"122";"ADMINISTRAÇÃO GERAL";"2024";"2073";"";"0";"0";"100012604";"FOLHA DE PAGAMENTO";"45780103000150";"";"0";"PROPRIA";"31901137";"GRATIFICACOES POR TEMPO DE SERVICO";"FOLHA DE PAGAMENTO";"1609.28";"2024";"L";"18/01/2024";"0";"01/01/2024";"31/01/2024";"7"
"UNIDADE DE GESTÃO DE ADMINIST. E GESTÃO DE PESSOAS";"4";"ADMINISTRAÇÃO";"122";"ADMINISTRAÇÃO GERAL";"2024";"2074";"";"0";"0";"100012604";"FOLHA DE PAGAMENTO";"45780103000150";"";"0";"PROPRIA";"31901144";"FÉRIAS - ABONO PECUNIARIO";"FOLHA DE PAGAMENTO";"4980.45";"2024";"L";"18/01/2024";"0";"01/01/2024";"31/01/2024";"7"
"UNIDADE DE GESTÃO DE ADMINIST. E GESTÃO DE PESSOAS";"4";"ADMINISTRAÇÃO";"122";"ADMINISTRAÇÃO GERAL";"2024";"2075";"";"0";"0";"100012604";"FOLHA DE PAGAMENTO";"45780103000150";"";"0";"PROPRIA";"31901145";"FÉRIAS - ABONO CONSTITUICOES";"FOLHA DE PAGAMENTO";"5827.26";"2024";"L";"18/01/2024";"0";"01/01/2024";"31/01/2024";"7"
"UNIDADE DE GESTÃO DE ADMINIST. E GESTÃO DE PESSOAS";"4";"ADMINISTRAÇÃO";"122";"ADMINISTRAÇÃO GERAL";"2024";"2076";"";"0";"0";"100012604";"FOLHA DE PAGAMENTO";"45780103000150";"";"0";"PROPRIA";"31901145";"FÉRIAS - ABONO CONSTITUICOES";"FOLHA DE PAGAMENTO";"1673.08";"2024";"L";"18/01/2024";"0";"01/01/2024";"31/01/2024";"7"
"UNIDADE DE GESTÃO DE ADMINIST. E GESTÃO DE PESSOAS";"4";"ADMINISTRAÇÃO";"122";"ADMINISTRAÇÃO GERAL";"2024";"2077";"";"0";"0";"100012604";"FOLHA DE PAGAMENTO";"45780103000150";"";"0";"PROPRIA";"31901146";"FÉRIAS - PAGAMENTO ANTECIPADO - RPPS";"FOLHA DE PAGAMENTO";"8968.51";"2024";"L";"18/01/2024";"0";"01/01/2024";"31/01/2024";"7"
"UNIDADE DE GESTÃO DE ADMINIST. E GESTÃO DE PESSOAS";"4";"ADMINISTRAÇÃO";"122";"ADMINISTRAÇÃO GERAL";"2024";"2078";"";"0";"0";"100012604";"FOLHA DE PAGAMENTO";"45780103000150";"";"0";"PROPRIA";"31901146";"FÉRIAS - PAGAMENTO ANTECIPADO - RPPS";"FOLHA DE PAGAMENTO";"4256.42";"2024";"L";"18/01/2024";"0";"01/01/2024";"31/01/2024";"7"
"UNIDADE DE GESTÃO DE ADMINIST. E GESTÃO DE PESSOAS";"4";"ADMINISTRAÇÃO";"122";"ADMINISTRAÇÃO GERAL";"2024";"2079";"";"0";"0";"100012604";"FOLHA DE PAGAMENTO";"45780103000150";"";"0";"PROPRIA";"31901644";"SERVIÇOS EXTRAORDINÁRIOS";"FOLHA DE PAGAMENTO";"110.72";"2024";"L";"18/01/2024";"0";"01/01/2024";"31/01/2024";"7"
"UNIDADE DE GESTÃO DE ADMINIST. E GESTÃO DE PESSOAS";"17";"SANEAMENTO";"122";"ADMINISTRAÇÃO GERAL";"2024";"2080";"";"0";"0";"100012604";"FOLHA DE PAGAMENTO";"45780103000150";"";"902";"RESTITUIÇÕES DAE S/A";"31901107";"ABONO DE PERMANENCIA";"FOLHA DE PAGAMENTO";"1117.53";"2024";"L";"18/01/2024";"0";"01/01/2024";"31/01/2024";"7"
"UNIDADE DE GESTÃO DE ADMINIST. E GESTÃO DE PESSOAS";"17";"SANEAMENTO";"122";"ADMINISTRAÇÃO GERAL";"2024";"2081";"";"0";"0";"100012604";"FOLHA DE PAGAMENTO";"45780103000150";"";"902";"RESTITUIÇÕES DAE S/A";"31901137";"GRATIFICACOES POR TEMPO DE SERVICO";"FOLHA DE PAGAMENTO";"8246.19";"2024";"L";"18/01/2024";"0";"01/01/2024";"31/01/2024";"7"
"UNIDADE DE GESTÃO DE ADMINIST. E GESTÃO DE PESSOAS";"17";"SANEAMENTO";"122";"ADMINISTRAÇÃO GERAL";"2024";"2082";"";"0";"0";"100012604";"FOLHA DE PAGAMENTO";"45780103000150";"";"902";"RESTITUIÇÕES DAE S/A";"31901144";"FÉRIAS - ABONO PECUNIARIO";"FOLHA DE PAGAMENTO";"10124.12";"2024";"L";"18/01/2024";"0";"01/01/2024";"31/01/2024";"7"
"UNIDADE DE GESTÃO DE ADMINIST. E GESTÃO DE PESSOAS";"17";"SANEAMENTO";"122";"ADMINISTRAÇÃO GERAL";"2024";"2083";"";"0";"0";"100012604";"FOLHA DE PAGAMENTO";"45780103000150";"";"902";"RESTITUIÇÕES DAE S/A";"31901145";"FÉRIAS - ABONO CONSTITUICOES";"FOLHA DE PAGAMENTO";"7722.86";"2024";"L";"18/01/2024";"0";"01/01/2024";"31/01/2024";"7"
"UNIDADE DE GESTÃO DE ADMINIST. E GESTÃO DE PESSOAS";"17";"SANEAMENTO";"122";"ADMINISTRAÇÃO GERAL";"2024";"2084";"";"0";"0";"100012604";"FOLHA DE PAGAMENTO";"45780103000150";"";"902";"RESTITUIÇÕES DAE S/A";"31901146";"FÉRIAS - PAGAMENTO ANTECIPADO - RPPS";"FOLHA DE PAGAMENTO";"10578.76";"2024";"L";"18/01/2024";"0";"01/01/2024";"31/01/2024";"7"
"UNIDADE DE GESTÃO DE ADMINIST. E GESTÃO DE PESSOAS";"4";"ADMINISTRAÇÃO";"122";"ADMINISTRAÇÃO GERAL";"2024";"2085";"";"0";"0";"100012604";"FOLHA DE PAGAMENTO";"45780103000150";"";"0";"PROPRIA";"31901137";"GRATIFICACOES POR TEMPO DE SERVICO";"FOLHA DE PAGAMENTO";"514.97";"2024";"L";"18/01/2024";"0";"01/01/2024";"31/01/2024";"7"
"UNIDADE DE GESTÃO DE ADMINIST. E GESTÃO DE PESSOAS";"4";"ADMINISTRAÇÃO";"122";"ADMINISTRAÇÃO GERAL";"2024";"2086";"";"0";"0";"100012604";"FOLHA DE PAGAMENTO";"45780103000150";"";"0";"PROPRIA";"31901145";"FÉRIAS - ABONO CONSTITUICOES";"FOLHA DE PAGAMENTO";"1316.04";"2024";"L";"18/01/2024";"0";"01/01/2024";"31/01/2024";"7"
"UNIDADE DE GESTÃO DE ADMINIST. E GESTÃO DE PESSOAS";"4";"ADMINISTRAÇÃO";"122";"ADMINISTRAÇÃO GERAL";"2024";"2087";"";"0";"0";"100012604";"FOLHA DE PAGAMENTO";"45780103000150";"";"0";"PROPRIA";"31901146";"FÉRIAS - PAGAMENTO ANTECIPADO - RPPS";"FOLHA DE PAGAMENTO";"2880.4";"2024";"L";"18/01/2024";"0";"01/01/2024";"31/01/2024";"7"
"UNIDADE DE GESTÃO DE GOVERNO E FINANÇAS";"4";"ADMINISTRAÇÃO";"122";"ADMINISTRAÇÃO GERAL";"2024";"2088";"";"0";"0";"100012604";"FOLHA DE PAGAMENTO";"45780103000150";"";"0";"PROPRIA";"31901137";"GRATIFICACOES POR TEMPO DE SERVICO";"FOLHA DE PAGAMENTO";"1309.84";"2024";"L";"18/01/2024";"0";"01/01/2024";"31/01/2024";"8"
"UNIDADE DE GESTÃO DE GOVERNO E FINANÇAS";"4";"ADMINISTRAÇÃO";"122";"ADMINISTRAÇÃO GERAL";"2024";"2089";"";"0";"0";"100012604";"FOLHA DE PAGAMENTO";"45780103000150";"";"0";"PROPRIA";"31901144";"FÉRIAS - ABONO PECUNIARIO";"FOLHA DE PAGAMENTO";"3179.45";"2024";"L";"18/01/2024";"0";"01/01/2024";"31/01/2024";"8"
"UNIDADE DE GESTÃO DE GOVERNO E FINANÇAS";"4";"ADMINISTRAÇÃO";"122";"ADMINISTRAÇÃO GERAL";"2024";"2090";"";"0";"0";"100012604";"FOLHA DE PAGAMENTO";"45780103000150";"";"0";"PROPRIA";"31901144";"FÉRIAS - ABONO PECUNIARIO";"FOLHA DE PAGAMENTO";"3346.17";"2024";"L";"18/01/2024";"0";"01/01/2024";"31/01/2024";"8"
"UNIDADE DE GESTÃO DE GOVERNO E FINANÇAS";"4";"ADMINISTRAÇÃO";"122";"ADMINISTRAÇÃO GERAL";"2024";"2091";"";"0";"0";"100012604";"FOLHA DE PAGAMENTO";"45780103000150";"";"0";"PROPRIA";"31901145";"FÉRIAS - ABONO CONSTITUICOES";"FOLHA DE PAGAMENTO";"5947.43";"2024";"L";"18/01/2024";"0";"01/01/2024";"31/01/2024";"8"
"UNIDADE DE GESTÃO DE GOVERNO E FINANÇAS";"4";"ADMINISTRAÇÃO";"122";"ADMINISTRAÇÃO GERAL";"2024";"2092";"";"0";"0";"100012604";"FOLHA DE PAGAMENTO";"45780103000150";"";"0";"PROPRIA";"31901145";"FÉRIAS - ABONO CONSTITUICOES";"FOLHA DE PAGAMENTO";"1673.08";"2024";"L";"18/01/2024";"0";"01/01/2024";"31/01/2024";"8"
"UNIDADE DE GESTÃO DE GOVERNO E FINANÇAS";"4";"ADMINISTRAÇÃO";"122";"ADMINISTRAÇÃO GERAL";"2024";"2093";"";"0";"0";"100012604";"FOLHA DE PAGAMENTO";"45780103000150";"";"0";"PROPRIA";"31901146";"FÉRIAS - PAGAMENTO ANTECIPADO - RPPS";"FOLHA DE PAGAMENTO";"4256.42";"2024";"L";"18/01/2024";"0";"01/01/2024";"31/01/2024";"8"
"UNIDADE DE GESTÃO DE GOVERNO E FINANÇAS";"4";"ADMINISTRAÇÃO";"122";"ADMINISTRAÇÃO GERAL";"2024";"2094";"";"0";"0";"100012604";"FOLHA DE PAGAMENTO";"45780103000150";"";"0";"PROPRIA";"31901146";"FÉRIAS - PAGAMENTO ANTECIPADO - RPPS";"FOLHA DE PAGAMENTO";"12416.96";"2024";"L";"18/01/2024";"0";"01/01/2024";"31/01/2024";"8"
"UNIDADE DE GESTÃO DE GOVERNO E FINANÇAS";"4";"ADMINISTRAÇÃO";"122";"ADMINISTRAÇÃO GERAL";"2024";"2095";"";"0";"0";"100012604";"FOLHA DE PAGAMENTO";"45780103000150";"";"0";"PROPRIA";"31901644";"SERVIÇOS EXTRAORDINÁRIOS";"FOLHA DE PAGAMENTO";"757.19";"2024";"L";"18/01/2024";"0";"01/01/2024";"31/01/2024";"8"
"UNIDADE DE GESTÃO DE INFRAEST. E SERVIÇOS PÚBLICOS";"15";"URBANISMO";"122";"ADMINISTRAÇÃO GERAL";"2024";"2096";"";"0";"0";"100012604";"FOLHA DE PAGAMENTO";"45780103000150";"";"0";"PROPRIA";"31901109";"ADICIONAL DE PERICULOSIDADE";"FOLHA DE PAGAMENTO";"768.52";"2024";"L";"18/01/2024";"0";"01/01/2024";"31/01/2024";"10"
"UNIDADE DE GESTÃO DE INFRAEST. E SERVIÇOS PÚBLICOS";"15";"URBANISMO";"122";"ADMINISTRAÇÃO GERAL";"2024";"2097";"";"0";"0";"100012604";"FOLHA DE PAGAMENTO";"45780103000150";"";"0";"PROPRIA";"31901110";"ADICIONAL DE INSALUBRIDADE";"FOLHA DE PAGAMENTO";"1129.59";"2024";"L";"18/01/2024";"0";"01/01/2024";"31/01/2024";"10"
"UNIDADE DE GESTÃO DE INFRAEST. E SERVIÇOS PÚBLICOS";"15";"URBANISMO";"122";"ADMINISTRAÇÃO GERAL";"2024";"2098";"";"0";"0";"100012604";"FOLHA DE PAGAMENTO";"45780103000150";"";"0";"PROPRIA";"31901133";"GRATIFICACOES POR EXERCICIO DE  FUNCOES";"FOLHA DE PAGAMENTO";"3337.47";"2024";"L";"18/01/2024";"0";"01/01/2024";"31/01/2024";"10"
"UNIDADE DE GESTÃO DE INFRAEST. E SERVIÇOS PÚBLICOS";"15";"URBANISMO";"122";"ADMINISTRAÇÃO GERAL";"2024";"2099";"";"0";"0";"100012604";"FOLHA DE PAGAMENTO";"45780103000150";"";"0";"PROPRIA";"31901137";"GRATIFICACOES POR TEMPO DE SERVICO";"FOLHA DE PAGAMENTO";"10432.78";"2024";"L";"18/01/2024";"0";"01/01/2024";"31/01/2024";"10"
"UNIDADE DE GESTÃO DE INFRAEST. E SERVIÇOS PÚBLICOS";"15";"URBANISMO";"122";"ADMINISTRAÇÃO GERAL";"2024";"2100";"";"0";"0";"100012604";"FOLHA DE PAGAMENTO";"45780103000150";"";"0";"PROPRIA";"31901144";"FÉRIAS - ABONO PECUNIARIO";"FOLHA DE PAGAMENTO";"19414.4";"2024";"L";"18/01/2024";"0";"01/01/2024";"31/01/2024";"10"
"UNIDADE DE GESTÃO DE INFRAEST. E SERVIÇOS PÚBLICOS";"15";"URBANISMO";"122";"ADMINISTRAÇÃO GERAL";"2024";"2101";"";"0";"0";"100012604";"FOLHA DE PAGAMENTO";"45780103000150";"";"0";"PROPRIA";"31901145";"FÉRIAS - ABONO CONSTITUICOES";"FOLHA DE PAGAMENTO";"21892.33";"2024";"L";"18/01/2024";"0";"01/01/2024";"31/01/2024";"10"
"UNIDADE DE GESTÃO DE INFRAEST. E SERVIÇOS PÚBLICOS";"15";"URBANISMO";"122";"ADMINISTRAÇÃO GERAL";"2024";"2102";"";"0";"0";"100012604";"FOLHA DE PAGAMENTO";"45780103000150";"";"0";"PROPRIA";"31901146";"FÉRIAS - PAGAMENTO ANTECIPADO - RPPS";"FOLHA DE PAGAMENTO";"31411.82";"2024";"L";"18/01/2024";"0";"01/01/2024";"31/01/2024";"10"
"UNIDADE DE GESTÃO DE INFRAEST. E SERVIÇOS PÚBLICOS";"15";"URBANISMO";"122";"ADMINISTRAÇÃO GERAL";"2024";"2103";"";"0";"0";"100012604";"FOLHA DE PAGAMENTO";"45780103000150";"";"0";"PROPRIA";"31901644";"SERVIÇOS EXTRAORDINÁRIOS";"FOLHA DE PAGAMENTO";"5815.69";"2024";"L";"18/01/2024";"0";"01/01/2024";"31/01/2024";"10"
"UNIDADE GESTÃO DE PLANEJ. URBANO E MEIO AMBIENTE";"18";"GESTÃO AMBIENTAL";"122";"ADMINISTRAÇÃO GERAL";"2024";"2104";"";"0";"0";"100012604";"FOLHA DE PAGAMENTO";"45780103000150";"";"0";"PROPRIA";"31901109";"ADICIONAL DE PERICULOSIDADE";"FOLHA DE PAGAMENTO";"2555.47";"2024";"L";"18/01/2024";"0";"01/01/2024";"31/01/2024";"11"
"UNIDADE GESTÃO DE PLANEJ. URBANO E MEIO AMBIENTE";"18";"GESTÃO AMBIENTAL";"122";"ADMINISTRAÇÃO GERAL";"2024";"2105";"";"0";"0";"100012604";"FOLHA DE PAGAMENTO";"45780103000150";"";"0";"PROPRIA";"31901110";"ADICIONAL DE INSALUBRIDADE";"FOLHA DE PAGAMENTO";"188.27";"2024";"L";"18/01/2024";"0";"01/01/2024";"31/01/2024";"11"
"UNIDADE GESTÃO DE PLANEJ. URBANO E MEIO AMBIENTE";"18";"GESTÃO AMBIENTAL";"122";"ADMINISTRAÇÃO GERAL";"2024";"2106";"";"0";"0";"100012604";"FOLHA DE PAGAMENTO";"45780103000150";"";"0";"PROPRIA";"31901133";"GRATIFICACOES POR EXERCICIO DE  FUNCOES";"FOLHA DE PAGAMENTO";"894.1";"2024";"L";"18/01/2024";"0";"01/01/2024";"31/01/2024";"11"
"UNIDADE GESTÃO DE PLANEJ. URBANO E MEIO AMBIENTE";"18";"GESTÃO AMBIENTAL";"122";"ADMINISTRAÇÃO GERAL";"2024";"2107";"";"0";"0";"100012604";"FOLHA DE PAGAMENTO";"45780103000150";"";"0";"PROPRIA";"31901137";"GRATIFICACOES POR TEMPO DE SERVICO";"FOLHA DE PAGAMENTO";"2138.97";"2024";"L";"18/01/2024";"0";"01/01/2024";"31/01/2024";"11"
"UNIDADE GESTÃO DE PLANEJ. URBANO E MEIO AMBIENTE";"18";"GESTÃO AMBIENTAL";"122";"ADMINISTRAÇÃO GERAL";"2024";"2108";"";"0";"0";"100012604";"FOLHA DE PAGAMENTO";"45780103000150";"";"0";"PROPRIA";"31901137";"GRATIFICACOES POR TEMPO DE SERVICO";"FOLHA DE PAGAMENTO";"2981.38";"2024";"L";"18/01/2024";"0";"01/01/2024";"31/01/2024";"11"
"UNIDADE GESTÃO DE PLANEJ. URBANO E MEIO AMBIENTE";"18";"GESTÃO AMBIENTAL";"122";"ADMINISTRAÇÃO GERAL";"2024";"2109";"";"0";"0";"100012604";"FOLHA DE PAGAMENTO";"45780103000150";"";"0";"PROPRIA";"31901144";"FÉRIAS - ABONO PECUNIARIO";"FOLHA DE PAGAMENTO";"9370.07";"2024";"L";"18/01/2024";"0";"01/01/2024";"31/01/2024";"11"
"UNIDADE GESTÃO DE PLANEJ. URBANO E MEIO AMBIENTE";"18";"GESTÃO AMBIENTAL";"122";"ADMINISTRAÇÃO GERAL";"2024";"2110";"";"0";"0";"100012604";"FOLHA DE PAGAMENTO";"45780103000150";"";"0";"PROPRIA";"31901145";"FÉRIAS - ABONO CONSTITUICOES";"FOLHA DE PAGAMENTO";"7563.94";"2024";"L";"18/01/2024";"0";"01/01/2024";"31/01/2024";"11"
"UNIDADE GESTÃO DE PLANEJ. URBANO E MEIO AMBIENTE";"18";"GESTÃO AMBIENTAL";"122";"ADMINISTRAÇÃO GERAL";"2024";"2111";"";"0";"0";"100012604";"FOLHA DE PAGAMENTO";"45780103000150";"";"0";"PROPRIA";"31901145";"FÉRIAS - ABONO CONSTITUICOES";"FOLHA DE PAGAMENTO";"4685.03";"2024";"L";"18/01/2024";"0";"01/01/2024";"31/01/2024";"11"
"UNIDADE GESTÃO DE PLANEJ. URBANO E MEIO AMBIENTE";"18";"GESTÃO AMBIENTAL";"122";"ADMINISTRAÇÃO GERAL";"2024";"2112";"";"0";"0";"100012604";"FOLHA DE PAGAMENTO";"45780103000150";"";"0";"PROPRIA";"31901146";"FÉRIAS - PAGAMENTO ANTECIPADO - RPPS";"FOLHA DE PAGAMENTO";"15487.67";"2024";"L";"18/01/2024";"0";"01/01/2024";"31/01/2024";"11"
"UNIDADE GESTÃO DE PLANEJ. URBANO E MEIO AMBIENTE";"18";"GESTÃO AMBIENTAL";"122";"ADMINISTRAÇÃO GERAL";"2024";"2113";"";"0";"0";"100012604";"FOLHA DE PAGAMENTO";"45780103000150";"";"0";"PROPRIA";"31901146";"FÉRIAS - PAGAMENTO ANTECIPADO - RPPS";"FOLHA DE PAGAMENTO";"5623.21";"2024";"L";"18/01/2024";"0";"01/01/2024";"31/01/2024";"11"
"UNIDADE DE GESTÃO DE MOBILIDADE E TRANSPORTE";"15";"URBANISMO";"122";"ADMINISTRAÇÃO GERAL";"2024";"2114";"";"0";"0";"100012604";"FOLHA DE PAGAMENTO";"45780103000150";"";"0";"PROPRIA";"31901104";"ADICIONAL NOTURNO";"FOLHA DE PAGAMENTO";"993.89";"2024";"L";"18/01/2024";"0";"01/01/2024";"31/01/2024";"12"
"UNIDADE DE GESTÃO DE MOBILIDADE E TRANSPORTE";"15";"URBANISMO";"122";"ADMINISTRAÇÃO GERAL";"2024";"2115";"";"0";"0";"100012604";"FOLHA DE PAGAMENTO";"45780103000150";"";"0";"PROPRIA";"31901109";"ADICIONAL DE PERICULOSIDADE";"FOLHA DE PAGAMENTO";"2183.59";"2024";"L";"18/01/2024";"0";"01/01/2024";"31/01/2024";"12"
"UNIDADE DE GESTÃO DE MOBILIDADE E TRANSPORTE";"15";"URBANISMO";"122";"ADMINISTRAÇÃO GERAL";"2024";"2116";"";"0";"0";"100012604";"FOLHA DE PAGAMENTO";"45780103000150";"";"0";"PROPRIA";"31901131";"GRATIFICACOES POR EXERCICIO DE  CARGO";"FOLHA DE PAGAMENTO";"3713.48";"2024";"L";"18/01/2024";"0";"01/01/2024";"31/01/2024";"12"
"UNIDADE DE GESTÃO DE MOBILIDADE E TRANSPORTE";"15";"URBANISMO";"122";"ADMINISTRAÇÃO GERAL";"2024";"2117";"";"0";"0";"100012604";"FOLHA DE PAGAMENTO";"45780103000150";"";"0";"PROPRIA";"31901133";"GRATIFICACOES POR EXERCICIO DE  FUNCOES";"FOLHA DE PAGAMENTO";"6308.5";"2024";"L";"18/01/2024";"0";"01/01/2024";"31/01/2024";"12"
"UNIDADE DE GESTÃO DE MOBILIDADE E TRANSPORTE";"15";"URBANISMO";"122";"ADMINISTRAÇÃO GERAL";"2024";"2118";"";"0";"0";"100012604";"FOLHA DE PAGAMENTO";"45780103000150";"";"0";"PROPRIA";"31901137";"GRATIFICACOES POR TEMPO DE SERVICO";"FOLHA DE PAGAMENTO";"6729.42";"2024";"L";"18/01/2024";"0";"01/01/2024";"31/01/2024";"12"
"UNIDADE DE GESTÃO DE MOBILIDADE E TRANSPORTE";"15";"URBANISMO";"122";"ADMINISTRAÇÃO GERAL";"2024";"2119";"";"0";"0";"100012604";"FOLHA DE PAGAMENTO";"45780103000150";"";"0";"PROPRIA";"31901144";"FÉRIAS - ABONO PECUNIARIO";"FOLHA DE PAGAMENTO";"23396.38";"2024";"L";"18/01/2024";"0";"01/01/2024";"31/01/2024";"12"
"UNIDADE DE GESTÃO DE MOBILIDADE E TRANSPORTE";"15";"URBANISMO";"122";"ADMINISTRAÇÃO GERAL";"2024";"2120";"";"0";"0";"100012604";"FOLHA DE PAGAMENTO";"45780103000150";"";"0";"PROPRIA";"31901145";"FÉRIAS - ABONO CONSTITUICOES";"FOLHA DE PAGAMENTO";"836.54";"2024";"L";"18/01/2024";"0";"01/01/2024";"31/01/2024";"12"
"UNIDADE DE GESTÃO DE MOBILIDADE E TRANSPORTE";"15";"URBANISMO";"122";"ADMINISTRAÇÃO GERAL";"2024";"2121";"";"0";"0";"100012604";"FOLHA DE PAGAMENTO";"45780103000150";"";"0";"PROPRIA";"31901145";"FÉRIAS - ABONO CONSTITUICOES";"FOLHA DE PAGAMENTO";"19965.41";"2024";"L";"18/01/2024";"0";"01/01/2024";"31/01/2024";"12"
"UNIDADE DE GESTÃO DE MOBILIDADE E TRANSPORTE";"15";"URBANISMO";"122";"ADMINISTRAÇÃO GERAL";"2024";"2122";"";"0";"0";"100012604";"FOLHA DE PAGAMENTO";"45780103000150";"";"0";"PROPRIA";"31901146";"FÉRIAS - PAGAMENTO ANTECIPADO - RPPS";"FOLHA DE PAGAMENTO";"21382.49";"2024";"L";"18/01/2024";"0";"01/01/2024";"31/01/2024";"12"
"UNIDADE DE GESTÃO DE MOBILIDADE E TRANSPORTE";"15";"URBANISMO";"122";"ADMINISTRAÇÃO GERAL";"2024";"2123";"";"0";"0";"100012604";"FOLHA DE PAGAMENTO";"45780103000150";"";"0";"PROPRIA";"31901146";"FÉRIAS - PAGAMENTO ANTECIPADO - RPPS";"FOLHA DE PAGAMENTO";"2205.04";"2024";"L";"18/01/2024";"0";"01/01/2024";"31/01/2024";"12"
"UNIDADE DE GESTÃO DE MOBILIDADE E TRANSPORTE";"15";"URBANISMO";"122";"ADMINISTRAÇÃO GERAL";"2024";"2124";"";"0";"0";"100012604";"FOLHA DE PAGAMENTO";"45780103000150";"";"0";"PROPRIA";"31901644";"SERVIÇOS EXTRAORDINÁRIOS";"FOLHA DE PAGAMENTO";"7150.46";"2024";"L";"18/01/2024";"0";"01/01/2024";"31/01/2024";"12"
"UNIDADE DE GESTÃO DE EDUCAÇÃO";"12";"EDUCAÇÃO";"361";"ENSINO FUNDAMENTAL";"2024";"2125";"";"0";"0";"100012604";"FOLHA DE PAGAMENTO";"45780103000150";"";"0";"PROPRIA";"31901133";"GRATIFICACOES POR EXERCICIO DE  FUNCOES";"FOLHA DE PAGAMENTO";"284.16";"2024";"L";"18/01/2024";"0";"01/01/2024";"31/01/2024";"13"
"UNIDADE DE GESTÃO DE EDUCAÇÃO";"12";"EDUCAÇÃO";"361";"ENSINO FUNDAMENTAL";"2024";"2126";"";"0";"0";"100012604";"FOLHA DE PAGAMENTO";"45780103000150";"";"0";"PROPRIA";"31901137";"GRATIFICACOES POR TEMPO DE SERVICO";"FOLHA DE PAGAMENTO";"426.25";"2024";"L";"18/01/2024";"0";"01/01/2024";"31/01/2024";"13"
"UNIDADE DE GESTÃO DE EDUCAÇÃO";"12";"EDUCAÇÃO";"361";"ENSINO FUNDAMENTAL";"2024";"2127";"";"0";"0";"100012604";"FOLHA DE PAGAMENTO";"45780103000150";"";"0";"PROPRIA";"31901144";"FÉRIAS - ABONO PECUNIARIO";"FOLHA DE PAGAMENTO";"6315.16";"2024";"L";"18/01/2024";"0";"01/01/2024";"31/01/2024";"13"
"UNIDADE DE GESTÃO DE EDUCAÇÃO";"12";"EDUCAÇÃO";"361";"ENSINO FUNDAMENTAL";"2024";"2128";"";"0";"0";"100012604";"FOLHA DE PAGAMENTO";"45780103000150";"";"0";"PROPRIA";"31901145";"FÉRIAS - ABONO CONSTITUICOES";"FOLHA DE PAGAMENTO";"1578.79";"2024";"L";"18/01/2024";"0";"01/01/2024";"31/01/2024";"13"
"UNIDADE DE GESTÃO DE EDUCAÇÃO";"12";"EDUCAÇÃO";"361";"ENSINO FUNDAMENTAL";"2024";"2129";"";"0";"0";"100012604";"FOLHA DE PAGAMENTO";"45780103000150";"";"0";"PROPRIA";"31901146";"FÉRIAS - PAGAMENTO ANTECIPADO - RPPS";"FOLHA DE PAGAMENTO";"3516.12";"2024";"L";"18/01/2024";"0";"01/01/2024";"31/01/2024";"13"
"UNIDADE DE GESTÃO DE EDUCAÇÃO";"12";"EDUCAÇÃO";"361";"ENSINO FUNDAMENTAL";"2024";"2130";"";"0";"0";"100012604";"FOLHA DE PAGAMENTO";"45780103000150";"";"5203";"FUNDO MANUT.DES.ED.BÁSICA E VALOR.PROF.MAG.-FUNDEB";"31901133";"GRATIFICACOES POR EXERCICIO DE  FUNCOES";"FOLHA DE PAGAMENTO";"245.48";"2024";"L";"18/01/2024";"0";"01/01/2024";"31/01/2024";"13"
"UNIDADE DE GESTÃO DE EDUCAÇÃO";"12";"EDUCAÇÃO";"361";"ENSINO FUNDAMENTAL";"2024";"2131";"";"0";"0";"100012604";"FOLHA DE PAGAMENTO";"45780103000150";"";"5203";"FUNDO MANUT.DES.ED.BÁSICA E VALOR.PROF.MAG.-FUNDEB";"31901137";"GRATIFICACOES POR TEMPO DE SERVICO";"FOLHA DE PAGAMENTO";"490.95";"2024";"L";"18/01/2024";"0";"01/01/2024";"31/01/2024";"13"
"UNIDADE DE GESTÃO DE EDUCAÇÃO";"12";"EDUCAÇÃO";"361";"ENSINO FUNDAMENTAL";"2024";"2132";"";"0";"0";"100012604";"FOLHA DE PAGAMENTO";"45780103000150";"";"5203";"FUNDO MANUT.DES.ED.BÁSICA E VALOR.PROF.MAG.-FUNDEB";"31901145";"FÉRIAS - ABONO CONSTITUICOES";"FOLHA DE PAGAMENTO";"3228.33";"2024";"L";"18/01/2024";"0";"01/01/2024";"31/01/2024";"13"
"UNIDADE DE GESTÃO DE EDUCAÇÃO";"12";"EDUCAÇÃO";"361";"ENSINO FUNDAMENTAL";"2024";"2133";"";"0";"0";"100012604";"FOLHA DE PAGAMENTO";"45780103000150";"";"5203";"FUNDO MANUT.DES.ED.BÁSICA E VALOR.PROF.MAG.-FUNDEB";"31901146";"FÉRIAS - PAGAMENTO ANTECIPADO - RPPS";"FOLHA DE PAGAMENTO";"7592.68";"2024";"L";"18/01/2024";"0";"01/01/2024";"31/01/2024";"13"
"UNIDADE DE GESTÃO DE EDUCAÇÃO";"12";"EDUCAÇÃO";"361";"ENSINO FUNDAMENTAL";"2024";"2134";"";"0";"0";"100012604";"FOLHA DE PAGAMENTO";"45780103000150";"";"0";"PROPRIA";"31901133";"GRATIFICACOES POR EXERCICIO DE  FUNCOES";"FOLHA DE PAGAMENTO";"492.96";"2024";"L";"18/01/2024";"0";"01/01/2024";"31/01/2024";"13"
"UNIDADE DE GESTÃO DE EDUCAÇÃO";"12";"EDUCAÇÃO";"361";"ENSINO FUNDAMENTAL";"2024";"2135";"";"0";"0";"100012604";"FOLHA DE PAGAMENTO";"45780103000150";"";"0";"PROPRIA";"31901137";"GRATIFICACOES POR TEMPO DE SERVICO";"FOLHA DE PAGAMENTO";"426.34";"2024";"L";"18/01/2024";"0";"01/01/2024";"31/01/2024";"13"
"UNIDADE DE GESTÃO DE EDUCAÇÃO";"12";"EDUCAÇÃO";"361";"ENSINO FUNDAMENTAL";"2024";"2136";"";"0";"0";"100012604";"FOLHA DE PAGAMENTO";"45780103000150";"";"0";"PROPRIA";"31901144";"FÉRIAS - ABONO PECUNIARIO";"FOLHA DE PAGAMENTO";"8293.76";"2024";"L";"18/01/2024";"0";"01/01/2024";"31/01/2024";"13"
"UNIDADE DE GESTÃO DE EDUCAÇÃO";"12";"EDUCAÇÃO";"361";"ENSINO FUNDAMENTAL";"2024";"2137";"";"0";"0";"100012604";"FOLHA DE PAGAMENTO";"45780103000150";"";"0";"PROPRIA";"31901145";"FÉRIAS - ABONO CONSTITUICOES";"FOLHA DE PAGAMENTO";"2073.44";"2024";"L";"18/01/2024";"0";"01/01/2024";"31/01/2024";"13"
"UNIDADE DE GESTÃO DE EDUCAÇÃO";"12";"EDUCAÇÃO";"361";"ENSINO FUNDAMENTAL";"2024";"2138";"";"0";"0";"100012604";"FOLHA DE PAGAMENTO";"45780103000150";"";"0";"PROPRIA";"31901146";"FÉRIAS - PAGAMENTO ANTECIPADO - RPPS";"FOLHA DE PAGAMENTO";"3826.98";"2024";"L";"18/01/2024";"0";"01/01/2024";"31/01/2024";"13"
"UNIDADE DE GESTÃO DE EDUCAÇÃO";"12";"EDUCAÇÃO";"365";"EDUCAÇÃO INFANTIL";"2024";"2139";"";"0";"0";"100012604";"FOLHA DE PAGAMENTO";"45780103000150";"";"0";"PROPRIA";"31901137";"GRATIFICACOES POR TEMPO DE SERVICO";"FOLHA DE PAGAMENTO";"387.94";"2024";"L";"18/01/2024";"0";"01/01/2024";"31/01/2024";"13"
"UNIDADE DE GESTÃO DE EDUCAÇÃO";"12";"EDUCAÇÃO";"365";"EDUCAÇÃO INFANTIL";"2024";"2140";"";"0";"0";"100012604";"FOLHA DE PAGAMENTO";"45780103000150";"";"0";"PROPRIA";"31901144";"FÉRIAS - ABONO PECUNIARIO";"FOLHA DE PAGAMENTO";"2283.59";"2024";"L";"18/01/2024";"0";"01/01/2024";"31/01/2024";"13"
"UNIDADE DE GESTÃO DE EDUCAÇÃO";"12";"EDUCAÇÃO";"365";"EDUCAÇÃO INFANTIL";"2024";"2141";"";"0";"0";"100012604";"FOLHA DE PAGAMENTO";"45780103000150";"";"0";"PROPRIA";"31901145";"FÉRIAS - ABONO CONSTITUICOES";"FOLHA DE PAGAMENTO";"2196.6";"2024";"L";"18/01/2024";"0";"01/01/2024";"31/01/2024";"13"
"UNIDADE DE GESTÃO DE EDUCAÇÃO";"12";"EDUCAÇÃO";"365";"EDUCAÇÃO INFANTIL";"2024";"2142";"";"0";"0";"100012604";"FOLHA DE PAGAMENTO";"45780103000150";"";"0";"PROPRIA";"31901146";"FÉRIAS - PAGAMENTO ANTECIPADO - RPPS";"FOLHA DE PAGAMENTO";"3966.08";"2024";"L";"18/01/2024";"0";"01/01/2024";"31/01/2024";"13"
"UNIDADE DE GESTÃO DE EDUCAÇÃO";"12";"EDUCAÇÃO";"365";"EDUCAÇÃO INFANTIL";"2024";"2143";"";"0";"0";"100012604";"FOLHA DE PAGAMENTO";"45780103000150";"";"0";"PROPRIA";"31901137";"GRATIFICACOES POR TEMPO DE SERVICO";"FOLHA DE PAGAMENTO";"336.46";"2024";"L";"18/01/2024";"0";"01/01/2024";"31/01/2024";"13"
"UNIDADE DE GESTÃO DE EDUCAÇÃO";"12";"EDUCAÇÃO";"365";"EDUCAÇÃO INFANTIL";"2024";"2144";"";"0";"0";"100012604";"FOLHA DE PAGAMENTO";"45780103000150";"";"0";"PROPRIA";"31901145";"FÉRIAS - ABONO CONSTITUICOES";"FOLHA DE PAGAMENTO";"1233.67";"2024";"L";"18/01/2024";"0";"01/01/2024";"31/01/2024";"13"
"UNIDADE DE GESTÃO DE EDUCAÇÃO";"12";"EDUCAÇÃO";"365";"EDUCAÇÃO INFANTIL";"2024";"2145";"";"0";"0";"100012604";"FOLHA DE PAGAMENTO";"45780103000150";"";"0";"PROPRIA";"31901146";"FÉRIAS - PAGAMENTO ANTECIPADO - RPPS";"FOLHA DE PAGAMENTO";"2513.07";"2024";"L";"18/01/2024";"0";"01/01/2024";"31/01/2024";"13"
"UNIDADE DE GESTÃO DE EDUCAÇÃO";"12";"EDUCAÇÃO";"122";"ADMINISTRAÇÃO GERAL";"2024";"2146";"";"0";"0";"100012604";"FOLHA DE PAGAMENTO";"45780103000150";"";"0";"PROPRIA";"31901133";"GRATIFICACOES POR EXERCICIO DE  FUNCOES";"FOLHA DE PAGAMENTO";"343.67";"2024";"L";"18/01/2024";"0";"01/01/2024";"31/01/2024";"13"
"UNIDADE DE GESTÃO DE EDUCAÇÃO";"12";"EDUCAÇÃO";"122";"ADMINISTRAÇÃO GERAL";"2024";"2147";"";"0";"0";"100012604";"FOLHA DE PAGAMENTO";"45780103000150";"";"0";"PROPRIA";"31901137";"GRATIFICACOES POR TEMPO DE SERVICO";"FOLHA DE PAGAMENTO";"687.33";"2024";"L";"18/01/2024";"0";"01/01/2024";"31/01/2024";"13"
"UNIDADE DE GESTÃO DE EDUCAÇÃO";"12";"EDUCAÇÃO";"122";"ADMINISTRAÇÃO GERAL";"2024";"2148";"";"0";"0";"100012604";"FOLHA DE PAGAMENTO";"45780103000150";"";"0";"PROPRIA";"31901145";"FÉRIAS - ABONO CONSTITUICOES";"FOLHA DE PAGAMENTO";"2634.78";"2024";"L";"18/01/2024";"0";"01/01/2024";"31/01/2024";"13"
"UNIDADE DE GESTÃO DE EDUCAÇÃO";"12";"EDUCAÇÃO";"122";"ADMINISTRAÇÃO GERAL";"2024";"2149";"";"0";"0";"100012604";"FOLHA DE PAGAMENTO";"45780103000150";"";"0";"PROPRIA";"31901146";"FÉRIAS - PAGAMENTO ANTECIPADO - RPPS";"FOLHA DE PAGAMENTO";"5680.99";"2024";"L";"18/01/2024";"0";"01/01/2024";"31/01/2024";"13"
"UNIDADE DE GESTÃO DE PROMOÇÃO DA SAÚDE";"10";"SAÚDE";"122";"ADMINISTRAÇÃO GERAL";"2024";"2150";"";"0";"0";"100012604";"FOLHA DE PAGAMENTO";"45780103000150";"";"0";"PROPRIA";"31901133";"GRATIFICACOES POR EXERCICIO DE  FUNCOES";"FOLHA DE PAGAMENTO";"715.28";"2024";"L";"18/01/2024";"0";"01/01/2024";"31/01/2024";"14"
"UNIDADE DE GESTÃO DE PROMOÇÃO DA SAÚDE";"10";"SAÚDE";"122";"ADMINISTRAÇÃO GERAL";"2024";"2151";"";"0";"0";"100012604";"FOLHA DE PAGAMENTO";"45780103000150";"";"0";"PROPRIA";"31901137";"GRATIFICACOES POR TEMPO DE SERVICO";"FOLHA DE PAGAMENTO";"682.6";"2024";"L";"18/01/2024";"0";"01/01/2024";"31/01/2024";"14"
"UNIDADE DE GESTÃO DE PROMOÇÃO DA SAÚDE";"10";"SAÚDE";"122";"ADMINISTRAÇÃO GERAL";"2024";"2152";"";"0";"0";"100012604";"FOLHA DE PAGAMENTO";"45780103000150";"";"0";"PROPRIA";"31901145";"FÉRIAS - ABONO CONSTITUICOES";"FOLHA DE PAGAMENTO";"3644.57";"2024";"L";"18/01/2024";"0";"01/01/2024";"31/01/2024";"14"
"UNIDADE DE GESTÃO DE PROMOÇÃO DA SAÚDE";"10";"SAÚDE";"122";"ADMINISTRAÇÃO GERAL";"2024";"2153";"";"0";"0";"100012604";"FOLHA DE PAGAMENTO";"45780103000150";"";"0";"PROPRIA";"31901146";"FÉRIAS - PAGAMENTO ANTECIPADO - RPPS";"FOLHA DE PAGAMENTO";"6282.37";"2024";"L";"18/01/2024";"0";"01/01/2024";"31/01/2024";"14"
"UNIDADE DE GESTÃO DE PROMOÇÃO DA SAÚDE";"10";"SAÚDE";"122";"ADMINISTRAÇÃO GERAL";"2024";"2154";"";"0";"0";"100012604";"FOLHA DE PAGAMENTO";"45780103000150";"";"0";"PROPRIA";"31901644";"SERVIÇOS EXTRAORDINÁRIOS";"FOLHA DE PAGAMENTO";"99.64";"2024";"L";"18/01/2024";"0";"01/01/2024";"31/01/2024";"14"
"UNIDADE DE GESTÃO DE PROMOÇÃO DA SAÚDE";"10";"SAÚDE";"301";"ATENÇÃO BÁSICA";"2024";"2155";"";"0";"0";"100012604";"FOLHA DE PAGAMENTO";"45780103000150";"";"0";"PROPRIA";"31901104";"ADICIONAL NOTURNO";"FOLHA DE PAGAMENTO";"94.99";"2024";"L";"18/01/2024";"0";"01/01/2024";"31/01/2024";"14"
"UNIDADE DE GESTÃO DE PROMOÇÃO DA SAÚDE";"10";"SAÚDE";"301";"ATENÇÃO BÁSICA";"2024";"2156";"";"0";"0";"100012604";"FOLHA DE PAGAMENTO";"45780103000150";"";"0";"PROPRIA";"31901110";"ADICIONAL DE INSALUBRIDADE";"FOLHA DE PAGAMENTO";"5087.33";"2024";"L";"18/01/2024";"0";"01/01/2024";"31/01/2024";"14"
"UNIDADE DE GESTÃO DE PROMOÇÃO DA SAÚDE";"10";"SAÚDE";"301";"ATENÇÃO BÁSICA";"2024";"2157";"";"0";"0";"100012604";"FOLHA DE PAGAMENTO";"45780103000150";"";"0";"PROPRIA";"31901110";"ADICIONAL DE INSALUBRIDADE";"FOLHA DE PAGAMENTO";"329.47";"2024";"L";"18/01/2024";"0";"01/01/2024";"31/01/2024";"14"
"UNIDADE DE GESTÃO DE PROMOÇÃO DA SAÚDE";"10";"SAÚDE";"301";"ATENÇÃO BÁSICA";"2024";"2158";"";"0";"0";"100012604";"FOLHA DE PAGAMENTO";"45780103000150";"";"0";"PROPRIA";"31901137";"GRATIFICACOES POR TEMPO DE SERVICO";"FOLHA DE PAGAMENTO";"5913.38";"2024";"L";"18/01/2024";"0";"01/01/2024";"31/01/2024";"14"
"UNIDADE DE GESTÃO DE PROMOÇÃO DA SAÚDE";"10";"SAÚDE";"301";"ATENÇÃO BÁSICA";"2024";"2159";"";"0";"0";"100012604";"FOLHA DE PAGAMENTO";"45780103000150";"";"0";"PROPRIA";"31901137";"GRATIFICACOES POR TEMPO DE SERVICO";"FOLHA DE PAGAMENTO";"7526.29";"2024";"L";"18/01/2024";"0";"01/01/2024";"31/01/2024";"14"
"UNIDADE DE GESTÃO DE PROMOÇÃO DA SAÚDE";"10";"SAÚDE";"301";"ATENÇÃO BÁSICA";"2024";"2160";"";"0";"0";"100012604";"FOLHA DE PAGAMENTO";"45780103000150";"";"0";"PROPRIA";"31901145";"FÉRIAS - ABONO CONSTITUICOES";"FOLHA DE PAGAMENTO";"35526.43";"2024";"L";"18/01/2024";"0";"01/01/2024";"31/01/2024";"14"
"UNIDADE DE GESTÃO DE PROMOÇÃO DA SAÚDE";"10";"SAÚDE";"301";"ATENÇÃO BÁSICA";"2024";"2161";"";"0";"0";"100012604";"FOLHA DE PAGAMENTO";"45780103000150";"";"0";"PROPRIA";"31901145";"FÉRIAS - ABONO CONSTITUICOES";"FOLHA DE PAGAMENTO";"7380.38";"2024";"L";"18/01/2024";"0";"01/01/2024";"31/01/2024";"14"
"UNIDADE DE GESTÃO DE PROMOÇÃO DA SAÚDE";"10";"SAÚDE";"301";"ATENÇÃO BÁSICA";"2024";"2162";"";"0";"0";"100012604";"FOLHA DE PAGAMENTO";"45780103000150";"";"0";"PROPRIA";"31901146";"FÉRIAS - PAGAMENTO ANTECIPADO - RPPS";"FOLHA DE PAGAMENTO";"12531.49";"2024";"L";"18/01/2024";"0";"01/01/2024";"31/01/2024";"14"
"UNIDADE DE GESTÃO DE PROMOÇÃO DA SAÚDE";"10";"SAÚDE";"301";"ATENÇÃO BÁSICA";"2024";"2163";"";"0";"0";"100012604";"FOLHA DE PAGAMENTO";"45780103000150";"";"0";"PROPRIA";"31901146";"FÉRIAS - PAGAMENTO ANTECIPADO - RPPS";"FOLHA DE PAGAMENTO";"71128.74";"2024";"L";"18/01/2024";"0";"01/01/2024";"31/01/2024";"14"
"UNIDADE DE GESTÃO DE PROMOÇÃO DA SAÚDE";"10";"SAÚDE";"301";"ATENÇÃO BÁSICA";"2024";"2164";"";"0";"0";"100012604";"FOLHA DE PAGAMENTO";"45780103000150";"";"0";"PROPRIA";"31901644";"SERVIÇOS EXTRAORDINÁRIOS";"FOLHA DE PAGAMENTO";"2959.77";"2024";"L";"18/01/2024";"0";"01/01/2024";"31/01/2024";"14"
"UNIDADE DE GESTÃO DE PROMOÇÃO DA SAÚDE";"10";"SAÚDE";"302";"ASSISTÊNCIA HOSPITALAR E AMBULATORIAL";"2024";"2165";"";"0";"0";"100012604";"FOLHA DE PAGAMENTO";"45780103000150";"";"0";"PROPRIA";"31901110";"ADICIONAL DE INSALUBRIDADE";"FOLHA DE PAGAMENTO";"2070.94";"2024";"L";"18/01/2024";"0";"01/01/2024";"31/01/2024";"14"
"UNIDADE DE GESTÃO DE PROMOÇÃO DA SAÚDE";"10";"SAÚDE";"302";"ASSISTÊNCIA HOSPITALAR E AMBULATORIAL";"2024";"2166";"";"0";"0";"100012604";"FOLHA DE PAGAMENTO";"45780103000150";"";"0";"PROPRIA";"31901133";"GRATIFICACOES POR EXERCICIO DE  FUNCOES";"FOLHA DE PAGAMENTO";"1341.13";"2024";"L";"18/01/2024";"0";"01/01/2024";"31/01/2024";"14"
"UNIDADE DE GESTÃO DE PROMOÇÃO DA SAÚDE";"10";"SAÚDE";"302";"ASSISTÊNCIA HOSPITALAR E AMBULATORIAL";"2024";"2167";"";"0";"0";"100012604";"FOLHA DE PAGAMENTO";"45780103000150";"";"0";"PROPRIA";"31901137";"GRATIFICACOES POR TEMPO DE SERVICO";"FOLHA DE PAGAMENTO";"12601.51";"2024";"L";"18/01/2024";"0";"01/01/2024";"31/01/2024";"14"
"UNIDADE DE GESTÃO DE PROMOÇÃO DA SAÚDE";"10";"SAÚDE";"302";"ASSISTÊNCIA HOSPITALAR E AMBULATORIAL";"2024";"2168";"";"0";"0";"100012604";"FOLHA DE PAGAMENTO";"45780103000150";"";"0";"PROPRIA";"31901144";"FÉRIAS - ABONO PECUNIARIO";"FOLHA DE PAGAMENTO";"10643.19";"2024";"L";"18/01/2024";"0";"01/01/2024";"31/01/2024";"14"
"UNIDADE DE GESTÃO DE PROMOÇÃO DA SAÚDE";"10";"SAÚDE";"302";"ASSISTÊNCIA HOSPITALAR E AMBULATORIAL";"2024";"2169";"";"0";"0";"100012604";"FOLHA DE PAGAMENTO";"45780103000150";"";"0";"PROPRIA";"31901145";"FÉRIAS - ABONO CONSTITUICOES";"FOLHA DE PAGAMENTO";"25217.78";"2024";"L";"18/01/2024";"0";"01/01/2024";"31/01/2024";"14"
"UNIDADE DE GESTÃO DE PROMOÇÃO DA SAÚDE";"10";"SAÚDE";"302";"ASSISTÊNCIA HOSPITALAR E AMBULATORIAL";"2024";"2170";"";"0";"0";"100012604";"FOLHA DE PAGAMENTO";"45780103000150";"";"0";"PROPRIA";"31901146";"FÉRIAS - PAGAMENTO ANTECIPADO - RPPS";"FOLHA DE PAGAMENTO";"39433.1";"2024";"L";"18/01/2024";"0";"01/01/2024";"31/01/2024";"14"
"UNIDADE DE GESTÃO DE PROMOÇÃO DA SAÚDE";"10";"SAÚDE";"302";"ASSISTÊNCIA HOSPITALAR E AMBULATORIAL";"2024";"2171";"";"0";"0";"100012604";"FOLHA DE PAGAMENTO";"45780103000150";"";"0";"PROPRIA";"31901644";"SERVIÇOS EXTRAORDINÁRIOS";"FOLHA DE PAGAMENTO";"2526.88";"2024";"L";"18/01/2024";"0";"01/01/2024";"31/01/2024";"14"
"UNIDADE DE GESTÃO DE PROMOÇÃO DA SAÚDE";"10";"SAÚDE";"305";"VIGILÂNCIA EPIDEMIOLÓGICA";"2024";"2172";"";"0";"0";"100012604";"FOLHA DE PAGAMENTO";"45780103000150";"";"0";"PROPRIA";"31901110";"ADICIONAL DE INSALUBRIDADE";"FOLHA DE PAGAMENTO";"94.13";"2024";"L";"18/01/2024";"0";"01/01/2024";"31/01/2024";"14"
"UNIDADE DE GESTÃO DE PROMOÇÃO DA SAÚDE";"10";"SAÚDE";"305";"VIGILÂNCIA EPIDEMIOLÓGICA";"2024";"2173";"";"0";"0";"100012604";"FOLHA DE PAGAMENTO";"45780103000150";"";"0";"PROPRIA";"31901137";"GRATIFICACOES POR TEMPO DE SERVICO";"FOLHA DE PAGAMENTO";"1103.51";"2024";"L";"18/01/2024";"0";"01/01/2024";"31/01/2024";"14"
"UNIDADE DE GESTÃO DE PROMOÇÃO DA SAÚDE";"10";"SAÚDE";"305";"VIGILÂNCIA EPIDEMIOLÓGICA";"2024";"2174";"";"0";"0";"100012604";"FOLHA DE PAGAMENTO";"45780103000150";"";"0";"PROPRIA";"31901145";"FÉRIAS - ABONO CONSTITUICOES";"FOLHA DE PAGAMENTO";"2660.66";"2024";"L";"18/01/2024";"0";"01/01/2024";"31/01/2024";"14"
"UNIDADE DE GESTÃO DE PROMOÇÃO DA SAÚDE";"10";"SAÚDE";"305";"VIGILÂNCIA EPIDEMIOLÓGICA";"2024";"2175";"";"0";"0";"100012604";"FOLHA DE PAGAMENTO";"45780103000150";"";"0";"PROPRIA";"31901146";"FÉRIAS - PAGAMENTO ANTECIPADO - RPPS";"FOLHA DE PAGAMENTO";"3987.44";"2024";"L";"18/01/2024";"0";"01/01/2024";"31/01/2024";"14"
"UNIDADE DE GESTÃO DE PROMOÇÃO DA SAÚDE";"10";"SAÚDE";"305";"VIGILÂNCIA EPIDEMIOLÓGICA";"2024";"2176";"";"0";"0";"100012604";"FOLHA DE PAGAMENTO";"45780103000150";"";"0";"PROPRIA";"31901644";"SERVIÇOS EXTRAORDINÁRIOS";"FOLHA DE PAGAMENTO";"13.47";"2024";"L";"18/01/2024";"0";"01/01/2024";"31/01/2024";"14"
"UNIDADE DE GESTÃO DE PROMOÇÃO DA SAÚDE";"10";"SAÚDE";"304";"VIGILÂNCIA SANITÁRIA";"2024";"2177";"";"0";"0";"100012604";"FOLHA DE PAGAMENTO";"45780103000150";"";"0";"PROPRIA";"31901110";"ADICIONAL DE INSALUBRIDADE";"FOLHA DE PAGAMENTO";"376.53";"2024";"L";"18/01/2024";"0";"01/01/2024";"31/01/2024";"14"
"UNIDADE DE GESTÃO DE PROMOÇÃO DA SAÚDE";"10";"SAÚDE";"304";"VIGILÂNCIA SANITÁRIA";"2024";"2178";"";"0";"0";"100012604";"FOLHA DE PAGAMENTO";"45780103000150";"";"0";"PROPRIA";"31901133";"GRATIFICACOES POR EXERCICIO DE  FUNCOES";"FOLHA DE PAGAMENTO";"557.47";"2024";"L";"18/01/2024";"0";"01/01/2024";"31/01/2024";"14"
"UNIDADE DE GESTÃO DE PROMOÇÃO DA SAÚDE";"10";"SAÚDE";"304";"VIGILÂNCIA SANITÁRIA";"2024";"2179";"";"0";"0";"100012604";"FOLHA DE PAGAMENTO";"45780103000150";"";"0";"PROPRIA";"31901137";"GRATIFICACOES POR TEMPO DE SERVICO";"FOLHA DE PAGAMENTO";"1923.62";"2024";"L";"18/01/2024";"0";"01/01/2024";"31/01/2024";"14"
"UNIDADE DE GESTÃO DE PROMOÇÃO DA SAÚDE";"10";"SAÚDE";"304";"VIGILÂNCIA SANITÁRIA";"2024";"2180";"";"0";"0";"100012604";"FOLHA DE PAGAMENTO";"45780103000150";"";"0";"PROPRIA";"31901144";"FÉRIAS - ABONO PECUNIARIO";"FOLHA DE PAGAMENTO";"2949.32";"2024";"L";"18/01/2024";"0";"01/01/2024";"31/01/2024";"14"
"UNIDADE DE GESTÃO DE PROMOÇÃO DA SAÚDE";"10";"SAÚDE";"304";"VIGILÂNCIA SANITÁRIA";"2024";"2181";"";"0";"0";"100012604";"FOLHA DE PAGAMENTO";"45780103000150";"";"0";"PROPRIA";"31901145";"FÉRIAS - ABONO CONSTITUICOES";"FOLHA DE PAGAMENTO";"7016.58";"2024";"L";"18/01/2024";"0";"01/01/2024";"31/01/2024";"14"
"UNIDADE DE GESTÃO DE PROMOÇÃO DA SAÚDE";"10";"SAÚDE";"304";"VIGILÂNCIA SANITÁRIA";"2024";"2182";"";"0";"0";"100012604";"FOLHA DE PAGAMENTO";"45780103000150";"";"0";"PROPRIA";"31901146";"FÉRIAS - PAGAMENTO ANTECIPADO - RPPS";"FOLHA DE PAGAMENTO";"14740.3";"2024";"L";"18/01/2024";"0";"01/01/2024";"31/01/2024";"14"
"UNIDADE DE GESTÃO DE PROMOÇÃO DA SAÚDE";"10";"SAÚDE";"304";"VIGILÂNCIA SANITÁRIA";"2024";"2183";"";"0";"0";"100012604";"FOLHA DE PAGAMENTO";"45780103000150";"";"0";"PROPRIA";"31901644";"SERVIÇOS EXTRAORDINÁRIOS";"FOLHA DE PAGAMENTO";"672.45";"2024";"L";"18/01/2024";"0";"01/01/2024";"31/01/2024";"14"
"UNIDADE DE GESTÃO DE PROMOÇÃO DA SAÚDE";"10";"SAÚDE";"303";"SUPORTE PROFILÁTICO E TERAPÊUTICO";"2024";"2184";"";"0";"0";"100012604";"FOLHA DE PAGAMENTO";"45780103000150";"";"0";"PROPRIA";"31901110";"ADICIONAL DE INSALUBRIDADE";"FOLHA DE PAGAMENTO";"188.27";"2024";"L";"18/01/2024";"0";"01/01/2024";"31/01/2024";"14"
"UNIDADE DE GESTÃO DE PROMOÇÃO DA SAÚDE";"10";"SAÚDE";"303";"SUPORTE PROFILÁTICO E TERAPÊUTICO";"2024";"2185";"";"0";"0";"100012604";"FOLHA DE PAGAMENTO";"45780103000150";"";"0";"PROPRIA";"31901137";"GRATIFICACOES POR TEMPO DE SERVICO";"FOLHA DE PAGAMENTO";"134.5";"2024";"L";"18/01/2024";"0";"01/01/2024";"31/01/2024";"14"
"UNIDADE DE GESTÃO DE PROMOÇÃO DA SAÚDE";"10";"SAÚDE";"303";"SUPORTE PROFILÁTICO E TERAPÊUTICO";"2024";"2186";"";"0";"0";"100012604";"FOLHA DE PAGAMENTO";"45780103000150";"";"0";"PROPRIA";"31901145";"FÉRIAS - ABONO CONSTITUICOES";"FOLHA DE PAGAMENTO";"1035.21";"2024";"L";"18/01/2024";"0";"01/01/2024";"31/01/2024";"14"
"UNIDADE DE GESTÃO DE PROMOÇÃO DA SAÚDE";"10";"SAÚDE";"303";"SUPORTE PROFILÁTICO E TERAPÊUTICO";"2024";"2187";"";"0";"0";"100012604";"FOLHA DE PAGAMENTO";"45780103000150";"";"0";"PROPRIA";"31901146";"FÉRIAS - PAGAMENTO ANTECIPADO - RPPS";"FOLHA DE PAGAMENTO";"1543.82";"2024";"L";"18/01/2024";"0";"01/01/2024";"31/01/2024";"14"
"UNIDADE DE GESTÃO DE PROMOÇÃO DA SAÚDE";"10";"SAÚDE";"303";"SUPORTE PROFILÁTICO E TERAPÊUTICO";"2024";"2188";"";"0";"0";"100012604";"FOLHA DE PAGAMENTO";"45780103000150";"";"0";"PROPRIA";"31901644";"SERVIÇOS EXTRAORDINÁRIOS";"FOLHA DE PAGAMENTO";"92.89";"2024";"L";"18/01/2024";"0";"01/01/2024";"31/01/2024";"14"
"UNIDADE GESTÃO DE ASSISTÊNCIA E DESENVOLV. SOCIAL";"8";"ASSISTÊNCIA SOCIAL";"244";"ASSISTÊNCIA COMUNITÁRIA";"2024";"2189";"";"0";"0";"100012604";"FOLHA DE PAGAMENTO";"45780103000150";"";"0";"PROPRIA";"31901137";"GRATIFICACOES POR TEMPO DE SERVICO";"FOLHA DE PAGAMENTO";"2589.05";"2024";"L";"18/01/2024";"0";"01/01/2024";"31/01/2024";"15"
"UNIDADE GESTÃO DE ASSISTÊNCIA E DESENVOLV. SOCIAL";"8";"ASSISTÊNCIA SOCIAL";"244";"ASSISTÊNCIA COMUNITÁRIA";"2024";"2190";"";"0";"0";"100012604";"FOLHA DE PAGAMENTO";"45780103000150";"";"0";"PROPRIA";"31901145";"FÉRIAS - ABONO CONSTITUICOES";"FOLHA DE PAGAMENTO";"2533.27";"2024";"L";"18/01/2024";"0";"01/01/2024";"31/01/2024";"15"
"UNIDADE GESTÃO DE ASSISTÊNCIA E DESENVOLV. SOCIAL";"8";"ASSISTÊNCIA SOCIAL";"244";"ASSISTÊNCIA COMUNITÁRIA";"2024";"2191";"";"0";"0";"100012604";"FOLHA DE PAGAMENTO";"45780103000150";"";"0";"PROPRIA";"31901146";"FÉRIAS - PAGAMENTO ANTECIPADO - RPPS";"FOLHA DE PAGAMENTO";"3766.08";"2024";"L";"18/01/2024";"0";"01/01/2024";"31/01/2024";"15"
"UNIDADE GESTÃO DE ASSISTÊNCIA E DESENVOLV. SOCIAL";"8";"ASSISTÊNCIA SOCIAL";"244";"ASSISTÊNCIA COMUNITÁRIA";"2024";"2192";"";"0";"0";"100012604";"FOLHA DE PAGAMENTO";"45780103000150";"";"0";"PROPRIA";"31901131";"GRATIFICACOES POR EXERCICIO DE  CARGO";"FOLHA DE PAGAMENTO";"1856.74";"2024";"L";"18/01/2024";"0";"01/01/2024";"31/01/2024";"15"
"UNIDADE GESTÃO DE ASSISTÊNCIA E DESENVOLV. SOCIAL";"8";"ASSISTÊNCIA SOCIAL";"244";"ASSISTÊNCIA COMUNITÁRIA";"2024";"2193";"";"0";"0";"100012604";"FOLHA DE PAGAMENTO";"45780103000150";"";"0";"PROPRIA";"31901137";"GRATIFICACOES POR TEMPO DE SERVICO";"FOLHA DE PAGAMENTO";"180.71";"2024";"L";"18/01/2024";"0";"01/01/2024";"31/01/2024";"15"
"UNIDADE GESTÃO DE ASSISTÊNCIA E DESENVOLV. SOCIAL";"8";"ASSISTÊNCIA SOCIAL";"244";"ASSISTÊNCIA COMUNITÁRIA";"2024";"2194";"";"0";"0";"100012604";"FOLHA DE PAGAMENTO";"45780103000150";"";"0";"PROPRIA";"31901145";"FÉRIAS - ABONO CONSTITUICOES";"FOLHA DE PAGAMENTO";"5399.77";"2024";"L";"18/01/2024";"0";"01/01/2024";"31/01/2024";"15"
"UNIDADE GESTÃO DE ASSISTÊNCIA E DESENVOLV. SOCIAL";"8";"ASSISTÊNCIA SOCIAL";"244";"ASSISTÊNCIA COMUNITÁRIA";"2024";"2195";"";"0";"0";"100012604";"FOLHA DE PAGAMENTO";"45780103000150";"";"0";"PROPRIA";"31901146";"FÉRIAS - PAGAMENTO ANTECIPADO - RPPS";"FOLHA DE PAGAMENTO";"12106.01";"2024";"L";"18/01/2024";"0";"01/01/2024";"31/01/2024";"15"
"UNIDADE GESTÃO DE ASSISTÊNCIA E DESENVOLV. SOCIAL";"8";"ASSISTÊNCIA SOCIAL";"244";"ASSISTÊNCIA COMUNITÁRIA";"2024";"2196";"";"0";"0";"100012604";"FOLHA DE PAGAMENTO";"45780103000150";"";"0";"PROPRIA";"31901644";"SERVIÇOS EXTRAORDINÁRIOS";"FOLHA DE PAGAMENTO";"55.68";"2024";"L";"18/01/2024";"0";"01/01/2024";"31/01/2024";"15"
"UNIDADE DE GESTÃO DE SEGURANÇA MUNICIPAL";"6";"SEGURANÇA PÚBLICA";"122";"ADMINISTRAÇÃO GERAL";"2024";"2197";"";"0";"0";"100012604";"FOLHA DE PAGAMENTO";"45780103000150";"";"0";"PROPRIA";"31901104";"ADICIONAL NOTURNO";"FOLHA DE PAGAMENTO";"808.65";"2024";"L";"18/01/2024";"0";"01/01/2024";"31/01/2024";"19"
"UNIDADE DE GESTÃO DE SEGURANÇA MUNICIPAL";"6";"SEGURANÇA PÚBLICA";"122";"ADMINISTRAÇÃO GERAL";"2024";"2198";"";"0";"0";"100012604";"FOLHA DE PAGAMENTO";"45780103000150";"";"0";"PROPRIA";"31901133";"GRATIFICACOES POR EXERCICIO DE  FUNCOES";"FOLHA DE PAGAMENTO";"6465.73";"2024";"L";"18/01/2024";"0";"01/01/2024";"31/01/2024";"19"
"UNIDADE DE GESTÃO DE SEGURANÇA MUNICIPAL";"6";"SEGURANÇA PÚBLICA";"122";"ADMINISTRAÇÃO GERAL";"2024";"2199";"";"0";"0";"100012604";"FOLHA DE PAGAMENTO";"45780103000150";"";"0";"PROPRIA";"31901137";"GRATIFICACOES POR TEMPO DE SERVICO";"FOLHA DE PAGAMENTO";"2210.53";"2024";"L";"18/01/2024";"0";"01/01/2024";"31/01/2024";"19"
"UNIDADE DE GESTÃO DE SEGURANÇA MUNICIPAL";"6";"SEGURANÇA PÚBLICA";"122";"ADMINISTRAÇÃO GERAL";"2024";"2200";"";"0";"0";"100012604";"FOLHA DE PAGAMENTO";"45780103000150";"";"0";"PROPRIA";"31901144";"FÉRIAS - ABONO PECUNIARIO";"FOLHA DE PAGAMENTO";"25618.96";"2024";"L";"18/01/2024";"0";"01/01/2024";"31/01/2024";"19"
"UNIDADE DE GESTÃO DE SEGURANÇA MUNICIPAL";"6";"SEGURANÇA PÚBLICA";"122";"ADMINISTRAÇÃO GERAL";"2024";"2201";"";"0";"0";"100012604";"FOLHA DE PAGAMENTO";"45780103000150";"";"0";"PROPRIA";"31901145";"FÉRIAS - ABONO CONSTITUICOES";"FOLHA DE PAGAMENTO";"11882.07";"2024";"L";"18/01/2024";"0";"01/01/2024";"31/01/2024";"19"
"UNIDADE DE GESTÃO DE SEGURANÇA MUNICIPAL";"6";"SEGURANÇA PÚBLICA";"122";"ADMINISTRAÇÃO GERAL";"2024";"2202";"";"0";"0";"100012604";"FOLHA DE PAGAMENTO";"45780103000150";"";"0";"PROPRIA";"31901146";"FÉRIAS - PAGAMENTO ANTECIPADO - RPPS";"FOLHA DE PAGAMENTO";"15254.27";"2024";"L";"18/01/2024";"0";"01/01/2024";"31/01/2024";"19"
"UNIDADE DE GESTÃO DE SEGURANÇA MUNICIPAL";"6";"SEGURANÇA PÚBLICA";"122";"ADMINISTRAÇÃO GERAL";"2024";"2203";"";"0";"0";"100012604";"FOLHA DE PAGAMENTO";"45780103000150";"";"0";"PROPRIA";"31901644";"SERVIÇOS EXTRAORDINÁRIOS";"FOLHA DE PAGAMENTO";"4608.85";"2024";"L";"18/01/2024";"0";"01/01/2024";"31/01/2024";"19"
"UNIDADE DE GESTÃO DE CULTURA";"13";"CULTURA";"122";"ADMINISTRAÇÃO GERAL";"2024";"2204";"";"0";"0";"100012604";"FOLHA DE PAGAMENTO";"45780103000150";"";"0";"PROPRIA";"31901137";"GRATIFICACOES POR TEMPO DE SERVICO";"FOLHA DE PAGAMENTO";"48.44";"2024";"L";"18/01/2024";"0";"01/01/2024";"31/01/2024";"22"
"UNIDADE DE GESTÃO DE CULTURA";"13";"CULTURA";"122";"ADMINISTRAÇÃO GERAL";"2024";"2205";"";"0";"0";"100012604";"FOLHA DE PAGAMENTO";"45780103000150";"";"0";"PROPRIA";"31901144";"FÉRIAS - ABONO PECUNIARIO";"FOLHA DE PAGAMENTO";"1391.25";"2024";"L";"18/01/2024";"0";"01/01/2024";"31/01/2024";"22"
"UNIDADE DE GESTÃO DE CULTURA";"13";"CULTURA";"122";"ADMINISTRAÇÃO GERAL";"2024";"2206";"";"0";"0";"100012604";"FOLHA DE PAGAMENTO";"45780103000150";"";"0";"PROPRIA";"31901145";"FÉRIAS - ABONO CONSTITUICOES";"FOLHA DE PAGAMENTO";"347.81";"2024";"L";"18/01/2024";"0";"01/01/2024";"31/01/2024";"22"
"UNIDADE DE GESTÃO DE CULTURA";"13";"CULTURA";"122";"ADMINISTRAÇÃO GERAL";"2024";"2207";"";"0";"0";"100012604";"FOLHA DE PAGAMENTO";"45780103000150";"";"0";"PROPRIA";"31901146";"FÉRIAS - PAGAMENTO ANTECIPADO - RPPS";"FOLHA DE PAGAMENTO";"826.39";"2024";"L";"18/01/2024";"0";"01/01/2024";"31/01/2024";"22"
"UNIDADE DE GESTÃO DE CULTURA";"13";"CULTURA";"122";"ADMINISTRAÇÃO GERAL";"2024";"2208";"";"0";"0";"100012604";"FOLHA DE PAGAMENTO";"45780103000150";"";"0";"PROPRIA";"31901644";"SERVIÇOS EXTRAORDINÁRIOS";"FOLHA DE PAGAMENTO";"26.19";"2024";"L";"18/01/2024";"0";"01/01/2024";"31/01/2024";"22"
"UNIDADE DE GESTÃO DE ESPORTE E LAZER";"27";"DESPORTO E LAZER";"812";"DESPORTO COMUNITÁRIO";"2024";"2209";"";"0";"0";"100012604";"FOLHA DE PAGAMENTO";"45780103000150";"";"0";"PROPRIA";"31901104";"ADICIONAL NOTURNO";"FOLHA DE PAGAMENTO";"145.24";"2024";"L";"18/01/2024";"0";"01/01/2024";"31/01/2024";"23"
"UNIDADE DE GESTÃO DE ESPORTE E LAZER";"27";"DESPORTO E LAZER";"812";"DESPORTO COMUNITÁRIO";"2024";"2210";"";"0";"0";"100012604";"FOLHA DE PAGAMENTO";"45780103000150";"";"0";"PROPRIA";"31901131";"GRATIFICACOES POR EXERCICIO DE  CARGO";"FOLHA DE PAGAMENTO";"1856.74";"2024";"L";"18/01/2024";"0";"01/01/2024";"31/01/2024";"23"
"UNIDADE DE GESTÃO DE ESPORTE E LAZER";"27";"DESPORTO E LAZER";"812";"DESPORTO COMUNITÁRIO";"2024";"2211";"";"0";"0";"100012604";"FOLHA DE PAGAMENTO";"45780103000150";"";"0";"PROPRIA";"31901133";"GRATIFICACOES POR EXERCICIO DE  FUNCOES";"FOLHA DE PAGAMENTO";"447.05";"2024";"L";"18/01/2024";"0";"01/01/2024";"31/01/2024";"23"
"UNIDADE DE GESTÃO DE ESPORTE E LAZER";"27";"DESPORTO E LAZER";"812";"DESPORTO COMUNITÁRIO";"2024";"2212";"";"0";"0";"100012604";"FOLHA DE PAGAMENTO";"45780103000150";"";"0";"PROPRIA";"31901137";"GRATIFICACOES POR TEMPO DE SERVICO";"FOLHA DE PAGAMENTO";"1691.23";"2024";"L";"18/01/2024";"0";"01/01/2024";"31/01/2024";"23"
"UNIDADE DE GESTÃO DE ESPORTE E LAZER";"27";"DESPORTO E LAZER";"812";"DESPORTO COMUNITÁRIO";"2024";"2213";"";"0";"0";"100012604";"FOLHA DE PAGAMENTO";"45780103000150";"";"0";"PROPRIA";"31901144";"FÉRIAS - ABONO PECUNIARIO";"FOLHA DE PAGAMENTO";"3346.17";"2024";"L";"18/01/2024";"0";"01/01/2024";"31/01/2024";"23"
"UNIDADE DE GESTÃO DE ESPORTE E LAZER";"27";"DESPORTO E LAZER";"812";"DESPORTO COMUNITÁRIO";"2024";"2214";"";"0";"0";"100012604";"FOLHA DE PAGAMENTO";"45780103000150";"";"0";"PROPRIA";"31901145";"FÉRIAS - ABONO CONSTITUICOES";"FOLHA DE PAGAMENTO";"5991.21";"2024";"L";"18/01/2024";"0";"01/01/2024";"31/01/2024";"23"
"UNIDADE DE GESTÃO DE ESPORTE E LAZER";"27";"DESPORTO E LAZER";"812";"DESPORTO COMUNITÁRIO";"2024";"2215";"";"0";"0";"100012604";"FOLHA DE PAGAMENTO";"45780103000150";"";"0";"PROPRIA";"31901145";"FÉRIAS - ABONO CONSTITUICOES";"FOLHA DE PAGAMENTO";"836.54";"2024";"L";"18/01/2024";"0";"01/01/2024";"31/01/2024";"23"
"UNIDADE DE GESTÃO DE ESPORTE E LAZER";"27";"DESPORTO E LAZER";"812";"DESPORTO COMUNITÁRIO";"2024";"2216";"";"0";"0";"100012604";"FOLHA DE PAGAMENTO";"45780103000150";"";"0";"PROPRIA";"31901146";"FÉRIAS - PAGAMENTO ANTECIPADO - RPPS";"FOLHA DE PAGAMENTO";"2205.04";"2024";"L";"18/01/2024";"0";"01/01/2024";"31/01/2024";"23"
"UNIDADE DE GESTÃO DE ESPORTE E LAZER";"27";"DESPORTO E LAZER";"812";"DESPORTO COMUNITÁRIO";"2024";"2217";"";"0";"0";"100012604";"FOLHA DE PAGAMENTO";"45780103000150";"";"0";"PROPRIA";"31901146";"FÉRIAS - PAGAMENTO ANTECIPADO - RPPS";"FOLHA DE PAGAMENTO";"8337.66";"2024";"L";"18/01/2024";"0";"01/01/2024";"31/01/2024";"23"
"UNIDADE DE GESTÃO DE ESPORTE E LAZER";"27";"DESPORTO E LAZER";"812";"DESPORTO COMUNITÁRIO";"2024";"2218";"";"0";"0";"100012604";"FOLHA DE PAGAMENTO";"45780103000150";"";"0";"PROPRIA";"31901644";"SERVIÇOS EXTRAORDINÁRIOS";"FOLHA DE PAGAMENTO";"1230.32";"2024";"L";"18/01/2024";"0";"01/01/2024";"31/01/2024";"23"
"UNIDADE DE GESTÃO DE PROMOÇÃO DA SAÚDE";"10";"SAÚDE";"301";"ATENÇÃO BÁSICA";"2024";"2227";"2023";"229";"14";"100047650";"TECNOGEN GERADORES LTDA ME";"31888897000165";"PREGÃO ELETRÔNICO";"0";"PROPRIA";"33903917";"MANUTENCAO E CONSERVACAO DE MAQUINAS E EQUIPAMENTO";"MANUTENCAO DE GERADOR ELETRICO";"625";"2024";"L";"24/01/2024";"0";"01/01/2024";"31/01/2024";"14"
"UNIDADE DE GESTÃO DE PROMOÇÃO DA SAÚDE";"10";"SAÚDE";"303";"SUPORTE PROFILÁTICO E TERAPÊUTICO";"2024";"2228";"2023";"229";"14";"100047650";"TECNOGEN GERADORES LTDA ME";"31888897000165";"PREGÃO ELETRÔNICO";"0";"PROPRIA";"33903917";"MANUTENCAO E CONSERVACAO DE MAQUINAS E EQUIPAMENTO";"MANUTENCAO DE GERADOR ELETRICO";"625";"2024";"L";"24/01/2024";"0";"01/01/2024";"31/01/2024";"14"
"UNIDADE DE GESTÃO DE CULTURA";"13";"CULTURA";"392";"DIFUSÃO CULTURAL";"2024";"2244";"2024";"87";"1";"100041411";"SOCLESON DE OLIVEIRA DANTAS 29833039855";"35824149000170";"COMPRA DIRETA";"0";"PROPRIA";"33903999";"OUTROS SERVICOS DE TERCEIROS - PESSOA JURIDICA";"SHOW ARTISTICO";"1400";"2024";"L";"30/01/2024";"0";"01/01/2024";"31/01/2024";"22"
"UNIDADE DE GESTÃO DE CULTURA";"13";"CULTURA";"392";"DIFUSÃO CULTURAL";"2024";"2249";"2024";"94";"1";"100036387";"GEISA JULIANA TOLENTINO CUNHA";"21831796000102";"COMPRA DIRETA";"0";"PROPRIA";"33903923";"FESTIVIDADES E HOMENAGENS";"SHOW MUSICAL";"1500";"2024";"L";"31/01/2024";"0";"01/01/2024";"31/01/2024";"22"
"UNIDADE DE GESTÃO DE PROMOÇÃO DA SAÚDE";"10";"SAÚDE";"303";"SUPORTE PROFILÁTICO E TERAPÊUTICO";"2024";"2250";"2023";"127";"14";"100013894";"REIS FARMACIA DE MANIPULACAO LTDA EPP";"07711912000110";"PREGÃO ELETRÔNICO";"0";"PROPRIA";"33903037";"MEDICAMENTOS FORNECIDOS POR DECISÃO JUDICIAL";"FORMULA MANIPULADA-CITICOLINA 500MG";"222";"2024";"L";"26/01/2024";"0";"01/01/2024";"31/01/2024";"14"
"UNIDADE DE GESTÃO DE PROMOÇÃO DA SAÚDE";"10";"SAÚDE";"303";"SUPORTE PROFILÁTICO E TERAPÊUTICO";"2024";"2250";"2023";"127";"14";"100013894";"REIS FARMACIA DE MANIPULACAO LTDA EPP";"07711912000110";"PREGÃO ELETRÔNICO";"0";"PROPRIA";"33903037";"MEDICAMENTOS FORNECIDOS POR DECISÃO JUDICIAL";"FORMULA MANIPULADA-OMEPRAZOL 20MG/5ML SUSP.ORAL FRASCO 150ML";"55.83";"2024";"L";"26/01/2024";"0";"01/01/2024";"31/01/2024";"14"
"UNIDADE DE GESTÃO DE PROMOÇÃO DA SAÚDE";"10";"SAÚDE";"303";"SUPORTE PROFILÁTICO E TERAPÊUTICO";"2024";"2250";"2023";"127";"14";"100013894";"REIS FARMACIA DE MANIPULACAO LTDA EPP";"07711912000110";"PREGÃO ELETRÔNICO";"0";"PROPRIA";"33903037";"MEDICAMENTOS FORNECIDOS POR DECISÃO JUDICIAL";"FORMULA MANIPULADA-HIDROCORTISONA ACETATO 1 MG CAPSULA";"153";"2024";"L";"26/01/2024";"0";"01/01/2024";"31/01/2024";"14"
"UNIDADE DE GESTÃO DE PROMOÇÃO DA SAÚDE";"10";"SAÚDE";"303";"SUPORTE PROFILÁTICO E TERAPÊUTICO";"2024";"2251";"2023";"127";"14";"100041021";"FARMACIA DE MANIPULAÇÃO IDEAL FORMULAS LTDA-ME";"04522343000177";"PREGÃO ELETRÔNICO";"0";"PROPRIA";"33903037";"MEDICAMENTOS FORNECIDOS POR DECISÃO JUDICIAL";"FORMULA MANIPULADA SULFATO DE GLICOSAMINA 1.5G+CONDROITINA 1";"85.5";"2024";"L";"26/01/2024";"0";"01/01/2024";"31/01/2024";"14"
"UNIDADE DE GESTÃO DE PROMOÇÃO DA SAÚDE";"10";"SAÚDE";"303";"SUPORTE PROFILÁTICO E TERAPÊUTICO";"2024";"2251";"2023";"127";"14";"100041021";"FARMACIA DE MANIPULAÇÃO IDEAL FORMULAS LTDA-ME";"04522343000177";"PREGÃO ELETRÔNICO";"0";"PROPRIA";"33903037";"MEDICAMENTOS FORNECIDOS POR DECISÃO JUDICIAL";"FORMULA MANIPULADA-SAW PALMETTO 300 MG + DOXAZOSINA 3 MG";"117.6";"2024";"L";"26/01/2024";"0";"01/01/2024";"31/01/2024";"14"
"UNIDADE DE GESTÃO DE EDUCAÇÃO";"12";"EDUCAÇÃO";"361";"ENSINO FUNDAMENTAL";"2024";"2253";"2021";"369";"14";"1000587";"ASSOC. DE PAIS E AMIGOS DO EXCEP. APAE DE JUNDIAÍ";"50956440000195";"PREGÃO ELETRÔNICO";"0";"PROPRIA";"33903905";"SERVICOS TECNICOS PROFISSIONAIS";"PRESTACAO DE SERVICOS-ALUNOS C/DIFICULDADE DE APRENDIZAGEM";"13528.27";"2024";"L";"26/01/2024";"0";"01/01/2024";"31/01/2024";"13"
"UNIDADE DE GESTÃO DE CULTURA";"13";"CULTURA";"392";"DIFUSÃO CULTURAL";"2024";"2285";"2024";"103";"1";"100041411";"SOCLESON DE OLIVEIRA DANTAS 29833039855";"35824149000170";"COMPRA DIRETA";"0";"PROPRIA";"33903999";"OUTROS SERVICOS DE TERCEIROS - PESSOA JURIDICA";"SHOW ARTISTICO";"600";"2024";"L";"30/01/2024";"0";"01/01/2024";"31/01/2024";"22"
"UNIDADE DE GESTÃO DE GOVERNO E FINANÇAS";"28";"ENCARGOS ESPECIAIS";"846";"OUTROS ENCARGOS ESPECIAIS";"2024";"2294";"";"0";"0";"100036614";"ROBERTO BARBOSA LEAL";"24694915843";"";"0";"PROPRIA";"33909115";"SENTENÇAS JUDICIAIS DE PEQUENO VALOR";"DESPESAS OBRIGATORIAS E/OU JUDICIAIS(P. FISICAS).";"2018.43";"2024";"L";"19/01/2024";"0";"01/01/2024";"31/01/2024";"8"
"UNIDADE DE GESTÃO DE GOVERNO E FINANÇAS";"28";"ENCARGOS ESPECIAIS";"846";"OUTROS ENCARGOS ESPECIAIS";"2024";"2297";"";"0";"0";"100053505";"TALES HENRIQUE GUIMARÃES VIEIRA";"33406878890";"";"0";"PROPRIA";"33909115";"SENTENÇAS JUDICIAIS DE PEQUENO VALOR";"DESPESAS OBRIGATORIAS E/OU JUDICIAIS(P. FISICAS).";"2076.68";"2024";"L";"19/01/2024";"0";"01/01/2024";"31/01/2024";"8"
"UNIDADE DE GESTÃO DE GOVERNO E FINANÇAS";"28";"ENCARGOS ESPECIAIS";"846";"OUTROS ENCARGOS ESPECIAIS";"2024";"2298";"";"0";"0";"100053506";"RODRIGO GALVÃO CANTONE";"22406312879";"";"0";"PROPRIA";"33909115";"SENTENÇAS JUDICIAIS DE PEQUENO VALOR";"DESPESAS OBRIGATORIAS E/OU JUDICIAIS(P. FISICAS).";"5349.81";"2024";"L";"19/01/2024";"0";"01/01/2024";"31/01/2024";"8"
"UNIDADE DE GESTÃO DE GOVERNO E FINANÇAS";"28";"ENCARGOS ESPECIAIS";"846";"OUTROS ENCARGOS ESPECIAIS";"2024";"2299";"";"0";"0";"100053507";"ROSELI RODRIGUES MARQUES";"20168670860";"";"0";"PROPRIA";"33909115";"SENTENÇAS JUDICIAIS DE PEQUENO VALOR";"DESPESAS OBRIGATORIAS E/OU JUDICIAIS(P. FISICAS).";"1216.07";"2024";"L";"19/01/2024";"0";"01/01/2024";"31/01/2024";"8"
"UNIDADE DE GESTÃO DE GOVERNO E FINANÇAS";"28";"ENCARGOS ESPECIAIS";"846";"OUTROS ENCARGOS ESPECIAIS";"2024";"2300";"";"0";"0";"100053508";"RITA DE CASSIA LEME";"26932102838";"";"0";"PROPRIA";"33909115";"SENTENÇAS JUDICIAIS DE PEQUENO VALOR";"DESPESAS OBRIGATORIAS E/OU JUDICIAIS(P. FISICAS).";"7055.22";"2024";"L";"19/01/2024";"0";"01/01/2024";"31/01/2024";"8"
"UNIDADE DE GESTÃO DE GOVERNO E FINANÇAS";"28";"ENCARGOS ESPECIAIS";"846";"OUTROS ENCARGOS ESPECIAIS";"2024";"2301";"";"0";"0";"100035576";"DIEGO JORGE ALVES DE ARAUJO";"35032974803";"";"0";"PROPRIA";"33909115";"SENTENÇAS JUDICIAIS DE PEQUENO VALOR";"DESPESAS OBRIGATORIAS E/OU JUDICIAIS(P. FISICAS).";"786.85";"2024";"L";"19/01/2024";"0";"01/01/2024";"31/01/2024";"8"
"UNIDADE DE GESTÃO DE GOVERNO E FINANÇAS";"28";"ENCARGOS ESPECIAIS";"846";"OUTROS ENCARGOS ESPECIAIS";"2024";"2303";"";"0";"0";"100042293";"MARCIO DA SILVA";"22378660820";"";"0";"PROPRIA";"33909115";"SENTENÇAS JUDICIAIS DE PEQUENO VALOR";"DESPESAS OBRIGATORIAS E/OU JUDICIAIS(P. FISICAS).";"2017.8";"2024";"L";"19/01/2024";"0";"01/01/2024";"31/01/2024";"8"
"UNIDADE DE GESTÃO DE GOVERNO E FINANÇAS";"28";"ENCARGOS ESPECIAIS";"846";"OUTROS ENCARGOS ESPECIAIS";"2024";"2304";"";"0";"0";"100053510";"VANESSA DE SOUZA MARQUES";"21819047822";"";"0";"PROPRIA";"33909115";"SENTENÇAS JUDICIAIS DE PEQUENO VALOR";"DESPESAS OBRIGATORIAS E/OU JUDICIAIS(P. FISICAS).";"7450.03";"2024";"L";"19/01/2024";"0";"01/01/2024";"31/01/2024";"8"
"UNIDADE DE GESTÃO DE GOVERNO E FINANÇAS";"28";"ENCARGOS ESPECIAIS";"846";"OUTROS ENCARGOS ESPECIAIS";"2024";"2305";"";"0";"0";"100041745";"LUCIANA COSTA";"27099947800";"";"0";"PROPRIA";"33909115";"SENTENÇAS JUDICIAIS DE PEQUENO VALOR";"DESPESAS OBRIGATORIAS E/OU JUDICIAIS(P. FISICAS).";"5697.07";"2024";"L";"19/01/2024";"0";"01/01/2024";"31/01/2024";"8"
"UNIDADE DE GESTÃO DE GOVERNO E FINANÇAS";"28";"ENCARGOS ESPECIAIS";"846";"OUTROS ENCARGOS ESPECIAIS";"2024";"2306";"";"0";"0";"100053511";"ERIKA SHEYLA SCHIAVO MONESIGLIO CAETANO";"13756038840";"";"0";"PROPRIA";"33909115";"SENTENÇAS JUDICIAIS DE PEQUENO VALOR";"DESPESAS OBRIGATORIAS E/OU JUDICIAIS(P. FISICAS).";"11806.88";"2024";"L";"19/01/2024";"0";"01/01/2024";"31/01/2024";"8"
"UNIDADE DE GESTÃO DE GOVERNO E FINANÇAS";"28";"ENCARGOS ESPECIAIS";"846";"OUTROS ENCARGOS ESPECIAIS";"2024";"2307";"";"0";"0";"100053512";"FLAVIO ALVES MARCULINO";"22543085807";"";"0";"PROPRIA";"33909115";"SENTENÇAS JUDICIAIS DE PEQUENO VALOR";"DESPESAS OBRIGATORIAS E/OU JUDICIAIS(P. FISICAS).";"1435.39";"2024";"L";"19/01/2024";"0";"01/01/2024";"31/01/2024";"8"
"UNIDADE DE GESTÃO DE PROMOÇÃO DA SAÚDE";"10";"SAÚDE";"302";"ASSISTÊNCIA HOSPITALAR E AMBULATORIAL";"2024";"2315";"2022";"531";"14";"100041183";"AMC SAÚDE COMERCIAL HOSPITALAR LTDA EPP";"33551382000109";"PREGÃO ELETRÔNICO";"0";"PROPRIA";"33903299";"OUTROS MATERIAIS DE DISTRIBUIÇÃO GRATUITA";"BOLSA P/COLOSTOMIA/ILEO.CONVEXA.OPACA.RECORTAVEL. 20 A 35 MM";"19800";"2024";"L";"31/01/2024";"0";"01/01/2024";"31/01/2024";"14"
"UNIDADE DE GESTÃO DE PROMOÇÃO DA SAÚDE";"10";"SAÚDE";"302";"ASSISTÊNCIA HOSPITALAR E AMBULATORIAL";"2024";"2338";"2023";"327";"14";"100041183";"AMC SAÚDE COMERCIAL HOSPITALAR LTDA EPP";"33551382000109";"PREGÃO ELETRÔNICO";"0";"PROPRIA";"33903299";"OUTROS MATERIAIS DE DISTRIBUIÇÃO GRATUITA";"BOLSA PARA COLOSTOMIA/ILEOSTOMIA. PRE-CORTADA. OPACA. 32 MM";"3604.8";"2024";"L";"31/01/2024";"0";"01/01/2024";"31/01/2024";"14"
"UNIDADE DE GESTÃO DE PROMOÇÃO DA SAÚDE";"10";"SAÚDE";"302";"ASSISTÊNCIA HOSPITALAR E AMBULATORIAL";"2024";"2351";"2023";"268";"14";"100049995";"NOVACARE COMERCIAL HOSPITALAR LTDA-ME";"48682555000197";"PREGÃO ELETRÔNICO";"0";"PROPRIA";"33903299";"OUTROS MATERIAIS DE DISTRIBUIÇÃO GRATUITA";"BOLSA PARA COLOSTOMIA/ILEO. OPACA. RECORTAVEL. ATE 70MM";"3291.3";"2024";"L";"30/01/2024";"0";"01/01/2024";"31/01/2024";"14"
"UNIDADE DE GESTÃO DE PROMOÇÃO DA SAÚDE";"10";"SAÚDE";"302";"ASSISTÊNCIA HOSPITALAR E AMBULATORIAL";"2024";"2351";"2023";"268";"14";"100049995";"NOVACARE COMERCIAL HOSPITALAR LTDA-ME";"48682555000197";"PREGÃO ELETRÔNICO";"0";"PROPRIA";"33903299";"OUTROS MATERIAIS DE DISTRIBUIÇÃO GRATUITA";"BARREIRA PROTETORA DE PELE EM TIRA";"338.8";"2024";"L";"30/01/2024";"0";"01/01/2024";"31/01/2024";"14"
"UNIDADE DE GESTÃO DE PROMOÇÃO DA SAÚDE";"10";"SAÚDE";"302";"ASSISTÊNCIA HOSPITALAR E AMBULATORIAL";"2024";"2351";"2023";"268";"14";"100049995";"NOVACARE COMERCIAL HOSPITALAR LTDA-ME";"48682555000197";"PREGÃO ELETRÔNICO";"0";"PROPRIA";"33903299";"OUTROS MATERIAIS DE DISTRIBUIÇÃO GRATUITA";"FITA HIDROCOLOIDE PARA FIXACAO DE BASE ADESIVA DE OSTOMIA";"7480";"2024";"L";"30/01/2024";"0";"01/01/2024";"31/01/2024";"14"
"UNIDADE DE GESTÃO DE CULTURA";"13";"CULTURA";"392";"DIFUSÃO CULTURAL";"2024";"2366";"2023";"11";"11";"100049542";"JOSE ROBERTO DE ALMEIDA";"10241064899";"CONCURSO";"0";"PROPRIA";"33903100";"PREMIACOES CULT..ARTIST..CIENTIF..DESP.E OUTRAS";"PREMIACAO";"2000";"2024";"L";"25/01/2024";"0";"01/01/2024";"31/01/2024";"22"
"UNIDADE DE GESTÃO DE CULTURA";"13";"CULTURA";"392";"DIFUSÃO CULTURAL";"2024";"2375";"2024";"125";"1";"100037326";"JOSIANE APARECIDA DE CASTRO LEMES DOS SANTOS";"24687017000127";"COMPRA DIRETA";"0";"PROPRIA";"33903999";"OUTROS SERVICOS DE TERCEIROS - PESSOA JURIDICA";"SHOW ARTISTICO";"2870";"2024";"L";"31/01/2024";"0";"01/01/2024";"31/01/2024";"22"
"UNIDADE DE GESTÃO DE GOVERNO E FINANÇAS";"28";"ENCARGOS ESPECIAIS";"846";"OUTROS ENCARGOS ESPECIAIS";"2024";"2379";"";"0";"0";"100042290";"LUCIA DA SILVA";"18627784850";"";"0";"PROPRIA";"33909115";"SENTENÇAS JUDICIAIS DE PEQUENO VALOR";"DESPESAS OBRIGATORIAS E/OU JUDICIAIS(P. FISICAS).";"2207.89";"2024";"L";"19/01/2024";"0";"01/01/2024";"31/01/2024";"8"
"UNIDADE DE GESTÃO DE GOVERNO E FINANÇAS";"28";"ENCARGOS ESPECIAIS";"846";"OUTROS ENCARGOS ESPECIAIS";"2024";"2380";"";"0";"0";"100023110";"SANDRA REGINA FREITAS DOS REIS";"13771287847";"";"0";"PROPRIA";"33909115";"SENTENÇAS JUDICIAIS DE PEQUENO VALOR";"DESPESAS OBRIGATORIAS E/OU JUDICIAIS(P. FISICAS).";"9009.92";"2024";"L";"19/01/2024";"0";"01/01/2024";"31/01/2024";"8"
"UNIDADE DE GESTÃO DE GOVERNO E FINANÇAS";"28";"ENCARGOS ESPECIAIS";"846";"OUTROS ENCARGOS ESPECIAIS";"2024";"2381";"";"0";"0";"100053522";"ÉRICA JULIANA OLIVEIRA SANTOS";"29861957847";"";"0";"PROPRIA";"33909115";"SENTENÇAS JUDICIAIS DE PEQUENO VALOR";"DESPESAS OBRIGATORIAS E/OU JUDICIAIS(P. FISICAS).";"5584.66";"2024";"L";"19/01/2024";"0";"01/01/2024";"31/01/2024";"8"
"UNIDADE DE GESTÃO DE GOVERNO E FINANÇAS";"28";"ENCARGOS ESPECIAIS";"846";"OUTROS ENCARGOS ESPECIAIS";"2024";"2385";"";"0";"0";"100036614";"ROBERTO BARBOSA LEAL";"24694915843";"";"0";"PROPRIA";"33909115";"SENTENÇAS JUDICIAIS DE PEQUENO VALOR";"DESPESAS OBRIGATORIAS E/OU JUDICIAIS(P. FISICAS).";"799.93";"2024";"L";"19/01/2024";"0";"01/01/2024";"31/01/2024";"8"
"UNIDADE DE GESTÃO DE GOVERNO E FINANÇAS";"28";"ENCARGOS ESPECIAIS";"846";"OUTROS ENCARGOS ESPECIAIS";"2024";"2386";"";"0";"0";"100036614";"ROBERTO BARBOSA LEAL";"24694915843";"";"0";"PROPRIA";"33909115";"SENTENÇAS JUDICIAIS DE PEQUENO VALOR";"DESPESAS OBRIGATORIAS E/OU JUDICIAIS(P. FISICAS).";"1203.68";"2024";"L";"19/01/2024";"0";"01/01/2024";"31/01/2024";"8"
"UNIDADE DE GESTÃO DE GOVERNO E FINANÇAS";"28";"ENCARGOS ESPECIAIS";"846";"OUTROS ENCARGOS ESPECIAIS";"2024";"2387";"";"0";"0";"100036614";"ROBERTO BARBOSA LEAL";"24694915843";"";"0";"PROPRIA";"33909115";"SENTENÇAS JUDICIAIS DE PEQUENO VALOR";"DESPESAS OBRIGATORIAS E/OU JUDICIAIS(P. FISICAS).";"2018.43";"2024";"L";"19/01/2024";"0";"01/01/2024";"31/01/2024";"8"
"UNIDADE DE GESTÃO DE GOVERNO E FINANÇAS";"28";"ENCARGOS ESPECIAIS";"846";"OUTROS ENCARGOS ESPECIAIS";"2024";"2388";"";"0";"0";"100053523";"GIOVANNI BRUNO DE ARAÚJO SAVINI";"11146676689";"";"0";"PROPRIA";"33909115";"SENTENÇAS JUDICIAIS DE PEQUENO VALOR";"DESPESAS OBRIGATORIAS E/OU JUDICIAIS(P. FISICAS).";"2304.9";"2024";"L";"19/01/2024";"0";"01/01/2024";"31/01/2024";"8"
"UNIDADE DE GESTÃO DE CULTURA";"13";"CULTURA";"392";"DIFUSÃO CULTURAL";"2024";"2390";"2023";"11";"11";"100053520";"SHEILA CRISTINA DA CUNHA";"15412460801";"CONCURSO";"0";"PROPRIA";"33903100";"PREMIACOES CULT..ARTIST..CIENTIF..DESP.E OUTRAS";"PREMIACAO";"1500";"2024";"L";"25/01/2024";"0";"01/01/2024";"31/01/2024";"22"
"UNIDADE DE GESTÃO DE CULTURA";"13";"CULTURA";"392";"DIFUSÃO CULTURAL";"2024";"2395";"2023";"11";"11";"100053521";"ELIANA APARECIDA LUCIO PINTO";"02437018883";"CONCURSO";"0";"PROPRIA";"33903100";"PREMIACOES CULT..ARTIST..CIENTIF..DESP.E OUTRAS";"PREMIACAO";"1000";"2024";"L";"25/01/2024";"0";"01/01/2024";"31/01/2024";"22"
"UNIDADE DE GESTÃO DE PROMOÇÃO DA SAÚDE";"10";"SAÚDE";"305";"VIGILÂNCIA EPIDEMIOLÓGICA";"2024";"2399";"2023";"160";"14";"100010146";"ATIVA COMERCIAL HOSPITALAR LTDA";"04274988000138";"PREGÃO ELETRÔNICO";"5004";"FUNDO NACIONAL SAUDE-TETO FIN.EPID.E CONTR.DOENCAS";"33903009";"MATERIAL FARMACOLOGICO";"CIPROFLOXACINA CLORIDRATO 500 MG";"188.86";"2024";"L";"30/01/2024";"0";"01/01/2024";"31/01/2024";"14"
"UNIDADE DE GESTÃO DE CULTURA";"13";"CULTURA";"392";"DIFUSÃO CULTURAL";"2024";"2404";"2024";"130";"1";"100025485";"U. VERTUAN ARTES CENICAS ME";"16895525000172";"COMPRA DIRETA";"0";"PROPRIA";"33903999";"OUTROS SERVICOS DE TERCEIROS - PESSOA JURIDICA";"SHOW ARTISTICO";"1400";"2024";"L";"31/01/2024";"0";"01/01/2024";"31/01/2024";"22"
"UNIDADE DE GESTÃO DE CULTURA";"13";"CULTURA";"392";"DIFUSÃO CULTURAL";"2024";"2426";"2024";"139";"1";"100052868";"50.396.402 MATHEUS WILLIK FACHINI ME";"50396402000125";"COMPRA DIRETA";"0";"PROPRIA";"33903923";"FESTIVIDADES E HOMENAGENS";"SHOW MUSICAL";"2500";"2024";"L";"31/01/2024";"0";"01/01/2024";"31/01/2024";"22"
"UNIDADE DE GESTÃO DE ESPORTE E LAZER";"27";"DESPORTO E LAZER";"812";"DESPORTO COMUNITÁRIO";"2024";"2451";"2021";"24";"3";"100008151";"ROMME CONSTRUTORA LTDA";"06229343000109";"TOMADA DE PRECO";"6611";"ME/CONST. DE PISTA DE SKATE CECE HELENA CESTARI";"44905199";"OUTRAS OBRAS E INSTALACOES";"OBRA DE REFORMA E AMPLIACAO EM COMPLEXOS EDUCAC/CULT/ESP.";"21047.36";"2024";"L";"22/01/2024";"0";"01/01/2024";"31/01/2024";"23"
"UNIDADE DE GESTÃO DE CULTURA";"13";"CULTURA";"392";"DIFUSÃO CULTURAL";"2024";"2453";"2024";"141";"1";"100001136";"49.132.425 MARICI REGINA NICIOLI ME";"49132425000143";"COMPRA DIRETA";"0";"PROPRIA";"33903923";"FESTIVIDADES E HOMENAGENS";"SHOW MUSICAL";"4000";"2024";"L";"29/01/2024";"0";"01/01/2024";"31/01/2024";"22"
"UNIDADE DE GESTÃO DE CULTURA";"13";"CULTURA";"392";"DIFUSÃO CULTURAL";"2024";"2459";"2024";"144";"1";"100049401";"CLARICE RODRIGUES DE SOUZA ME";"47590050000130";"COMPRA DIRETA";"0";"PROPRIA";"33903999";"OUTROS SERVICOS DE TERCEIROS - PESSOA JURIDICA";"SHOW ARTISTICO";"2975";"2024";"L";"29/01/2024";"0";"01/01/2024";"31/01/2024";"22"
"UNIDADE DE GESTÃO DE CULTURA";"13";"CULTURA";"392";"DIFUSÃO CULTURAL";"2024";"2460";"2024";"145";"1";"100024327";"MARCELA SALINAS DERPICH";"15168747000120";"COMPRA DIRETA";"0";"PROPRIA";"33903999";"OUTROS SERVICOS DE TERCEIROS - PESSOA JURIDICA";"SHOW ARTISTICO";"1820";"2024";"L";"29/01/2024";"0";"01/01/2024";"31/01/2024";"22"
"UNIDADE DE GESTÃO DE CULTURA";"13";"CULTURA";"392";"DIFUSÃO CULTURAL";"2024";"2468";"2024";"152";"1";"100034742";"LUAN HENRIQUE DA SILVA";"24697513000161";"COMPRA DIRETA";"0";"PROPRIA";"33903999";"OUTROS SERVICOS DE TERCEIROS - PESSOA JURIDICA";"SHOW ARTISTICO";"2800";"2024";"L";"29/01/2024";"0";"01/01/2024";"31/01/2024";"22"
"UNIDADE DE GESTÃO DE CULTURA";"13";"CULTURA";"392";"DIFUSÃO CULTURAL";"2024";"2470";"2023";"417";"14";"100025362";"JGN LTDA EPP";"03302934000176";"PREGÃO ELETRÔNICO";"0";"PROPRIA";"33903912";"LOCACAO DE MAQUINAS E EQUIPAMENTOS";"LOCACAO DE GERADOR DE ENERGIA. 150 KVA";"81000";"2024";"L";"30/01/2024";"0";"01/01/2024";"31/01/2024";"22"
"UNIDADE DE GESTÃO DE GOVERNO E FINANÇAS";"28";"ENCARGOS ESPECIAIS";"846";"OUTROS ENCARGOS ESPECIAIS";"2024";"2473";"";"0";"0";"100053532";"SONIA MARIA MROCHEN";"07220754809";"";"0";"PROPRIA";"33909115";"SENTENÇAS JUDICIAIS DE PEQUENO VALOR";"DESPESAS OBRIGATORIAS E/OU JUDICIAIS(P. FISICAS).";"4708.93";"2024";"L";"19/01/2024";"0";"01/01/2024";"31/01/2024";"8"
"UNIDADE DE GESTÃO DE GOVERNO E FINANÇAS";"28";"ENCARGOS ESPECIAIS";"846";"OUTROS ENCARGOS ESPECIAIS";"2024";"2474";"";"0";"0";"100053533";"KELLI REGINA MARTINS BECATTI";"27033310889";"";"0";"PROPRIA";"33909115";"SENTENÇAS JUDICIAIS DE PEQUENO VALOR";"DESPESAS OBRIGATORIAS E/OU JUDICIAIS(P. FISICAS).";"14506.34";"2024";"L";"19/01/2024";"0";"01/01/2024";"31/01/2024";"8"
"UNIDADE DE GESTÃO DE NEG. JURÍDICOS E CIDADANIA";"4";"ADMINISTRAÇÃO";"122";"ADMINISTRAÇÃO GERAL";"2024";"2480";"2024";"157";"1";"100041688";"UNIVERSIDADE DE DIREITO PUBLICO";"35883382000123";"COMPRA DIRETA";"0";"PROPRIA";"33903999";"OUTROS SERVICOS DE TERCEIROS - PESSOA JURIDICA";"INSCRICAO-PARTICIPACAO EM CURSO";"6460";"2024";"L";"24/01/2024";"0";"01/01/2024";"31/01/2024";"6"
"UNIDADE DE GESTÃO DE PROMOÇÃO DA SAÚDE";"10";"SAÚDE";"301";"ATENÇÃO BÁSICA";"2024";"2482";"2019";"12";"6";"100002650";"COMPANHIA PIRATININGA DE FORCA E LUZ";"04172213000151";"DISPENSA DE LICITACAO";"0";"PROPRIA";"33903943";"SERVICOS DE ENERGIA ELETRICA";"ENERGIA ELETRICA(TAXAS E TAR.).";"10285.22";"2024";"L";"25/01/2024";"0";"01/01/2024";"31/01/2024";"14"
"UNIDADE DE GESTÃO DE PROMOÇÃO DA SAÚDE";"10";"SAÚDE";"301";"ATENÇÃO BÁSICA";"2024";"2482";"2019";"12";"6";"100002650";"COMPANHIA PIRATININGA DE FORCA E LUZ";"04172213000151";"DISPENSA DE LICITACAO";"0";"PROPRIA";"33903943";"SERVICOS DE ENERGIA ELETRICA";"ENERGIA ELETRICA(TAXAS E TAR.).";"5031.5";"2024";"L";"25/01/2024";"0";"01/01/2024";"31/01/2024";"14"
"UNIDADE DE GESTÃO DE PROMOÇÃO DA SAÚDE";"10";"SAÚDE";"301";"ATENÇÃO BÁSICA";"2024";"2482";"2019";"12";"6";"100002650";"COMPANHIA PIRATININGA DE FORCA E LUZ";"04172213000151";"DISPENSA DE LICITACAO";"0";"PROPRIA";"33903943";"SERVICOS DE ENERGIA ELETRICA";"ENERGIA ELETRICA(TAXAS E TAR.).";"2224.27";"2024";"L";"30/01/2024";"0";"01/01/2024";"31/01/2024";"14"
"UNIDADE DE GESTÃO DE PROMOÇÃO DA SAÚDE";"10";"SAÚDE";"305";"VIGILÂNCIA EPIDEMIOLÓGICA";"2024";"2489";"2019";"13";"6";"100002650";"COMPANHIA PIRATININGA DE FORCA E LUZ";"04172213000151";"DISPENSA DE LICITACAO";"904";"SERVIÇO DE VERIFICAÇÃO DE ÓBITOS/SVO";"33903943";"SERVICOS DE ENERGIA ELETRICA";"ENERGIA ELETRICA(TAXAS E TAR.).";"1434.04";"2024";"L";"26/01/2024";"0";"01/01/2024";"31/01/2024";"14"
"UNIDADE DE GESTÃO DE PROMOÇÃO DA SAÚDE";"10";"SAÚDE";"305";"VIGILÂNCIA EPIDEMIOLÓGICA";"2024";"2489";"2019";"13";"6";"100002650";"COMPANHIA PIRATININGA DE FORCA E LUZ";"04172213000151";"DISPENSA DE LICITACAO";"904";"SERVIÇO DE VERIFICAÇÃO DE ÓBITOS/SVO";"33903943";"SERVICOS DE ENERGIA ELETRICA";"ENERGIA ELETRICA(TAXAS E TAR.).";"63295.66";"2024";"L";"26/01/2024";"0";"01/01/2024";"31/01/2024";"14"
"UNIDADE DE GESTÃO DE PROMOÇÃO DA SAÚDE";"10";"SAÚDE";"305";"VIGILÂNCIA EPIDEMIOLÓGICA";"2024";"2489";"2019";"13";"6";"100002650";"COMPANHIA PIRATININGA DE FORCA E LUZ";"04172213000151";"DISPENSA DE LICITACAO";"904";"SERVIÇO DE VERIFICAÇÃO DE ÓBITOS/SVO";"33903943";"SERVICOS DE ENERGIA ELETRICA";"ENERGIA ELETRICA(TAXAS E TAR.).";"2406.29";"2024";"L";"26/01/2024";"0";"01/01/2024";"31/01/2024";"14"
"UNIDADE DE GESTÃO DE PROMOÇÃO DA SAÚDE";"10";"SAÚDE";"305";"VIGILÂNCIA EPIDEMIOLÓGICA";"2024";"2489";"2019";"13";"6";"100002650";"COMPANHIA PIRATININGA DE FORCA E LUZ";"04172213000151";"DISPENSA DE LICITACAO";"904";"SERVIÇO DE VERIFICAÇÃO DE ÓBITOS/SVO";"33903943";"SERVICOS DE ENERGIA ELETRICA";"ENERGIA ELETRICA(TAXAS E TAR.).";"3481.58";"2024";"L";"30/01/2024";"0";"01/01/2024";"31/01/2024";"14"
"UNIDADE DE GESTÃO DE PROMOÇÃO DA SAÚDE";"10";"SAÚDE";"305";"VIGILÂNCIA EPIDEMIOLÓGICA";"2024";"2489";"2019";"13";"6";"100002650";"COMPANHIA PIRATININGA DE FORCA E LUZ";"04172213000151";"DISPENSA DE LICITACAO";"904";"SERVIÇO DE VERIFICAÇÃO DE ÓBITOS/SVO";"33903943";"SERVICOS DE ENERGIA ELETRICA";"ENERGIA ELETRICA(TAXAS E TAR.).";"10377.89";"2024";"L";"30/01/2024";"0";"01/01/2024";"31/01/2024";"14"
"UNIDADE DE GESTÃO DA CASA CIVIL";"4";"ADMINISTRAÇÃO";"122";"ADMINISTRAÇÃO GERAL";"2024";"2491";"";"0";"0";"100012604";"FOLHA DE PAGAMENTO";"45780103000150";"";"0";"PROPRIA";"31901101";"VENCIMENTO E SALARIOS";"FOLHA DE PAGAMENTO";"3480.47";"2024";"L";"22/01/2024";"0";"01/01/2024";"31/01/2024";"3"
"UNIDADE DE GESTÃO DA CASA CIVIL";"4";"ADMINISTRAÇÃO";"122";"ADMINISTRAÇÃO GERAL";"2024";"2492";"";"0";"0";"100012604";"FOLHA DE PAGAMENTO";"45780103000150";"";"0";"PROPRIA";"31901142";"FÉRIAS INDENIZADAS";"FOLHA DE PAGAMENTO";"20781.43";"2024";"L";"22/01/2024";"0";"01/01/2024";"31/01/2024";"3"
"UNIDADE DE GESTÃO DA CASA CIVIL";"4";"ADMINISTRAÇÃO";"122";"ADMINISTRAÇÃO GERAL";"2024";"2493";"";"0";"0";"100012604";"FOLHA DE PAGAMENTO";"45780103000150";"";"0";"PROPRIA";"31901143";"13 SALARIO";"FOLHA DE PAGAMENTO";"1582.04";"2024";"L";"22/01/2024";"0";"01/01/2024";"31/01/2024";"3"
"UNIDADE DE GESTÃO DA CASA CIVIL";"4";"ADMINISTRAÇÃO";"122";"ADMINISTRAÇÃO GERAL";"2024";"2494";"";"0";"0";"4016168";"I.N.S.S -INST.NACIONAL DE SEGURO SOCIAL";"29979036000140";"";"0";"PROPRIA";"31901302";"CONTRIBUICOES PREVIDENCIARIAS - INSS";"FOLHA DE PAGAMENTO";"2628.82";"2024";"L";"22/01/2024";"0";"01/01/2024";"31/01/2024";"3"
"UNIDADE DE GESTÃO DA CASA CIVIL";"4";"ADMINISTRAÇÃO";"122";"ADMINISTRAÇÃO GERAL";"2024";"2495";"";"0";"0";"100012604";"FOLHA DE PAGAMENTO";"45780103000150";"";"0";"PROPRIA";"33904901";"INDENIZACAO AUXILIO TRANSPORTE";"FOLHA DE PAGAMENTO";"264";"2024";"L";"22/01/2024";"0";"01/01/2024";"31/01/2024";"3"
"UNIDADE GESTÃO DE AGRONEGÓCIO. ABASTEC. E TURISMO";"20";"AGRICULTURA";"122";"ADMINISTRAÇÃO GERAL";"2024";"2496";"";"0";"0";"100012604";"FOLHA DE PAGAMENTO";"45780103000150";"";"0";"PROPRIA";"31901142";"FÉRIAS INDENIZADAS";"FOLHA DE PAGAMENTO";"6692.33";"2024";"L";"22/01/2024";"0";"01/01/2024";"31/01/2024";"17"
"UNIDADE GESTÃO DE AGRONEGÓCIO. ABASTEC. E TURISMO";"20";"AGRICULTURA";"122";"ADMINISTRAÇÃO GERAL";"2024";"2497";"";"0";"0";"100012604";"FOLHA DE PAGAMENTO";"45780103000150";"";"0";"PROPRIA";"33904901";"INDENIZACAO AUXILIO TRANSPORTE";"FOLHA DE PAGAMENTO";"66";"2024";"L";"22/01/2024";"0";"01/01/2024";"31/01/2024";"17"
"UNIDADE DE GESTÃO DE GOVERNO E FINANÇAS";"28";"ENCARGOS ESPECIAIS";"846";"OUTROS ENCARGOS ESPECIAIS";"2024";"2499";"";"0";"0";"100053486";"R&F COMERCIO E SERVIÇOS DE MANUTENÇÃO DE MOBILIARIOS E ESTRU";"50110730000113";"";"0";"PROPRIA";"33909302";"RESTITUICOES";"INDENIZACOES E/OU RESSARCIMENTOS(P. JURIDICA).";"505.01";"2024";"L";"23/01/2024";"0";"01/01/2024";"31/01/2024";"8"
"UNIDADE DE GESTÃO DE GOVERNO E FINANÇAS";"28";"ENCARGOS ESPECIAIS";"846";"OUTROS ENCARGOS ESPECIAIS";"2024";"2500";"";"0";"0";"100008295";"CESAR LOPES DE CAMARGO";"16315667848";"";"0";"PROPRIA";"33909302";"RESTITUICOES";"INDENIZACOES E/OU RESSARCIMENTOS(P. FISICA).";"293.41";"2024";"L";"24/01/2024";"0";"01/01/2024";"31/01/2024";"8"
"UNIDADE DE GESTÃO DE GOVERNO E FINANÇAS";"28";"ENCARGOS ESPECIAIS";"846";"OUTROS ENCARGOS ESPECIAIS";"2024";"2501";"";"0";"0";"100053531";"LAERCIO ANTONIO GONELA";"82069964868";"";"0";"PROPRIA";"33909302";"RESTITUICOES";"INDENIZACOES E/OU RESSARCIMENTOS(P. FISICA).";"806.3";"2024";"L";"23/01/2024";"0";"01/01/2024";"31/01/2024";"8"
"UNIDADE DE GESTÃO DE GOVERNO E FINANÇAS";"28";"ENCARGOS ESPECIAIS";"846";"OUTROS ENCARGOS ESPECIAIS";"2024";"2502";"";"0";"0";"100053375";"MARCELO LAMAS";"17884327899";"";"0";"PROPRIA";"33909302";"RESTITUICOES";"INDENIZACOES E/OU RESSARCIMENTOS(P. FISICA).";"204.74";"2024";"L";"24/01/2024";"0";"01/01/2024";"31/01/2024";"8"
"UNIDADE DE GESTÃO DE GOVERNO E FINANÇAS";"28";"ENCARGOS ESPECIAIS";"846";"OUTROS ENCARGOS ESPECIAIS";"2024";"2503";"";"0";"0";"100053375";"MARCELO LAMAS";"17884327899";"";"0";"PROPRIA";"33909302";"RESTITUICOES";"INDENIZACOES E/OU RESSARCIMENTOS(P. FISICA).";"199.52";"2024";"L";"24/01/2024";"0";"01/01/2024";"31/01/2024";"8"
"UNIDADE DE GESTÃO DE GOVERNO E FINANÇAS";"28";"ENCARGOS ESPECIAIS";"846";"OUTROS ENCARGOS ESPECIAIS";"2024";"2504";"";"0";"0";"100053375";"MARCELO LAMAS";"17884327899";"";"0";"PROPRIA";"33909302";"RESTITUICOES";"INDENIZACOES E/OU RESSARCIMENTOS(P. FISICA).";"200";"2024";"L";"24/01/2024";"0";"01/01/2024";"31/01/2024";"8"
"UNIDADE DE GESTÃO DE GOVERNO E FINANÇAS";"28";"ENCARGOS ESPECIAIS";"846";"OUTROS ENCARGOS ESPECIAIS";"2024";"2505";"";"0";"0";"100053534";"MARTA OLIVEIRA MELLO";"21724044893";"";"0";"PROPRIA";"33909302";"RESTITUICOES";"INDENIZACOES E/OU RESSARCIMENTOS(P. FISICA).";"848.32";"2024";"L";"29/01/2024";"0";"01/01/2024";"31/01/2024";"8"
"UNIDADE DE GESTÃO DE GOVERNO E FINANÇAS";"28";"ENCARGOS ESPECIAIS";"846";"OUTROS ENCARGOS ESPECIAIS";"2024";"2506";"";"0";"0";"100053536";"CONSTANZO BISCOTTI";"55523773891";"";"0";"PROPRIA";"33909302";"RESTITUICOES";"INDENIZACOES E/OU RESSARCIMENTOS(P. FISICA).";"1472.14";"2024";"L";"24/01/2024";"0";"01/01/2024";"31/01/2024";"8"
"UNIDADE GESTÃO DE ASSISTÊNCIA E DESENVOLV. SOCIAL";"8";"ASSISTÊNCIA SOCIAL";"243";"ASSISTÊNCIA À CRIANÇA E AO ADOLESCENTE";"2024";"2511";"";"0";"0";"100041257";"GLAUCIA DO AMARAL BRUNELLI";"02078515817";"";"0";"PROPRIA";"31901101";"VENCIMENTO E SALARIOS";"REMUNERACAO DE CONSELHEIROS TUTELARES";"5933.39";"2024";"L";"25/01/2024";"0";"01/01/2024";"31/01/2024";"15"
"UNIDADE GESTÃO DE ASSISTÊNCIA E DESENVOLV. SOCIAL";"8";"ASSISTÊNCIA SOCIAL";"243";"ASSISTÊNCIA À CRIANÇA E AO ADOLESCENTE";"2024";"2512";"";"0";"0";"100041261";"MARIO MARTINI";"03611900850";"";"0";"PROPRIA";"31901101";"VENCIMENTO E SALARIOS";"REMUNERACAO DE CONSELHEIROS TUTELARES";"5933.39";"2024";"L";"25/01/2024";"0";"01/01/2024";"31/01/2024";"15"
"UNIDADE GESTÃO DE ASSISTÊNCIA E DESENVOLV. SOCIAL";"8";"ASSISTÊNCIA SOCIAL";"243";"ASSISTÊNCIA À CRIANÇA E AO ADOLESCENTE";"2024";"2513";"";"0";"0";"100053420";"MAYARA SUELEN LOPES";"41759115886";"";"0";"PROPRIA";"31901101";"VENCIMENTO E SALARIOS";"REMUNERACAO DE CONSELHEIROS TUTELARES";"5933.39";"2024";"L";"25/01/2024";"0";"01/01/2024";"31/01/2024";"15"
"UNIDADE GESTÃO DE ASSISTÊNCIA E DESENVOLV. SOCIAL";"8";"ASSISTÊNCIA SOCIAL";"243";"ASSISTÊNCIA À CRIANÇA E AO ADOLESCENTE";"2024";"2514";"";"0";"0";"100053422";"AMANDA DE ALMEIDA";"28072141856";"";"0";"PROPRIA";"31901101";"VENCIMENTO E SALARIOS";"REMUNERACAO DE CONSELHEIROS TUTELARES";"5933.39";"2024";"L";"25/01/2024";"0";"01/01/2024";"31/01/2024";"15"
"UNIDADE GESTÃO DE ASSISTÊNCIA E DESENVOLV. SOCIAL";"8";"ASSISTÊNCIA SOCIAL";"243";"ASSISTÊNCIA À CRIANÇA E AO ADOLESCENTE";"2024";"2515";"";"0";"0";"100041264";"THIAGO CALHEIRO COSTA";"32421809843";"";"0";"PROPRIA";"31901101";"VENCIMENTO E SALARIOS";"REMUNERACAO DE CONSELHEIROS TUTELARES";"5933.39";"2024";"L";"25/01/2024";"0";"01/01/2024";"31/01/2024";"15"
"UNIDADE GESTÃO DE ASSISTÊNCIA E DESENVOLV. SOCIAL";"8";"ASSISTÊNCIA SOCIAL";"243";"ASSISTÊNCIA À CRIANÇA E AO ADOLESCENTE";"2024";"2516";"";"0";"0";"100041259";"JACQUELINE BELTRAMI DA COSTA";"21484936809";"";"0";"PROPRIA";"31901101";"VENCIMENTO E SALARIOS";"REMUNERACAO DE CONSELHEIROS TUTELARES";"5933.39";"2024";"L";"25/01/2024";"0";"01/01/2024";"31/01/2024";"15"
"UNIDADE GESTÃO DE ASSISTÊNCIA E DESENVOLV. SOCIAL";"8";"ASSISTÊNCIA SOCIAL";"243";"ASSISTÊNCIA À CRIANÇA E AO ADOLESCENTE";"2024";"2517";"";"0";"0";"100020284";"ANA PAULA DO NASCIMENTO CORREA";"25195058857";"";"0";"PROPRIA";"31901101";"VENCIMENTO E SALARIOS";"REMUNERACAO DE CONSELHEIROS TUTELARES";"5933.39";"2024";"L";"25/01/2024";"0";"01/01/2024";"31/01/2024";"15"
"UNIDADE GESTÃO DE ASSISTÊNCIA E DESENVOLV. SOCIAL";"8";"ASSISTÊNCIA SOCIAL";"243";"ASSISTÊNCIA À CRIANÇA E AO ADOLESCENTE";"2024";"2518";"";"0";"0";"100053419";"ANA PAULA DA SILVA";"19657198801";"";"0";"PROPRIA";"31901101";"VENCIMENTO E SALARIOS";"REMUNERACAO DE CONSELHEIROS TUTELARES";"5933.39";"2024";"L";"25/01/2024";"0";"01/01/2024";"31/01/2024";"15"
"UNIDADE GESTÃO DE ASSISTÊNCIA E DESENVOLV. SOCIAL";"8";"ASSISTÊNCIA SOCIAL";"243";"ASSISTÊNCIA À CRIANÇA E AO ADOLESCENTE";"2024";"2519";"";"0";"0";"100053418";"SABRINA AGNES DE ALMEIDA BERNARDINO";"40894672843";"";"0";"PROPRIA";"31901101";"VENCIMENTO E SALARIOS";"REMUNERACAO DE CONSELHEIROS TUTELARES";"5933.39";"2024";"L";"25/01/2024";"0";"01/01/2024";"31/01/2024";"15"
"UNIDADE GESTÃO DE ASSISTÊNCIA E DESENVOLV. SOCIAL";"8";"ASSISTÊNCIA SOCIAL";"243";"ASSISTÊNCIA À CRIANÇA E AO ADOLESCENTE";"2024";"2520";"";"0";"0";"100053417";"MARIA JULIA MARANZATO ALVES SIMAO";"42873308893";"";"0";"PROPRIA";"31901101";"VENCIMENTO E SALARIOS";"REMUNERACAO DE CONSELHEIROS TUTELARES";"5933.39";"2024";"L";"25/01/2024";"0";"01/01/2024";"31/01/2024";"15"
"UNIDADE GESTÃO DE ASSISTÊNCIA E DESENVOLV. SOCIAL";"8";"ASSISTÊNCIA SOCIAL";"243";"ASSISTÊNCIA À CRIANÇA E AO ADOLESCENTE";"2024";"2522";"";"0";"0";"100032289";"CLAUDIA TOFOLI HONORIO";"34218456895";"";"0";"PROPRIA";"31901101";"VENCIMENTO E SALARIOS";"REMUNERACAO DE CONSELHEIROS TUTELARES";"5933.39";"2024";"L";"25/01/2024";"0";"01/01/2024";"31/01/2024";"15"
"UNIDADE GESTÃO DE ASSISTÊNCIA E DESENVOLV. SOCIAL";"8";"ASSISTÊNCIA SOCIAL";"243";"ASSISTÊNCIA À CRIANÇA E AO ADOLESCENTE";"2024";"2523";"";"0";"0";"100041255";"CLEUNICE SANTOS GUEDES";"19451846808";"";"0";"PROPRIA";"31901101";"VENCIMENTO E SALARIOS";"REMUNERACAO DE CONSELHEIROS TUTELARES";"5933.39";"2024";"L";"25/01/2024";"0";"01/01/2024";"31/01/2024";"15"
"UNIDADE GESTÃO DE ASSISTÊNCIA E DESENVOLV. SOCIAL";"8";"ASSISTÊNCIA SOCIAL";"243";"ASSISTÊNCIA À CRIANÇA E AO ADOLESCENTE";"2024";"2524";"";"0";"0";"100045635";"FABIANA ANGÉLICA DE SOUZA";"26962569858";"";"0";"PROPRIA";"31901101";"VENCIMENTO E SALARIOS";"REMUNERACAO DE CONSELHEIROS TUTELARES";"5933.39";"2024";"L";"25/01/2024";"0";"01/01/2024";"31/01/2024";"15"
"UNIDADE GESTÃO DE ASSISTÊNCIA E DESENVOLV. SOCIAL";"8";"ASSISTÊNCIA SOCIAL";"243";"ASSISTÊNCIA À CRIANÇA E AO ADOLESCENTE";"2024";"2525";"";"0";"0";"100043574";"ROSELI ALVES DE PONTES";"04216351859";"";"0";"PROPRIA";"31901101";"VENCIMENTO E SALARIOS";"REMUNERACAO DE CONSELHEIROS TUTELARES";"5933.39";"2024";"L";"25/01/2024";"0";"01/01/2024";"31/01/2024";"15"
"UNIDADE GESTÃO DE ASSISTÊNCIA E DESENVOLV. SOCIAL";"8";"ASSISTÊNCIA SOCIAL";"243";"ASSISTÊNCIA À CRIANÇA E AO ADOLESCENTE";"2024";"2526";"";"0";"0";"4036624";"I.N.S.S.-SERVICOS DE TERCEIROS";"29979036000140";"";"0";"PROPRIA";"31901302";"CONTRIBUICOES PREVIDENCIARIAS - INSS";"RECOLHIMENTO OBRIGACOES PREVID. E FISCAIS(P. FISICAS).";"16613.48";"2024";"L";"25/01/2024";"0";"01/01/2024";"31/01/2024";"15"
"UNIDADE GESTÃO DE ASSISTÊNCIA E DESENVOLV. SOCIAL";"8";"ASSISTÊNCIA SOCIAL";"243";"ASSISTÊNCIA À CRIANÇA E AO ADOLESCENTE";"2024";"2527";"";"0";"0";"100004453";"IPREJUN-INST.PREVIDENCIA DO MUN.JUNDIAI";"05507216000161";"";"0";"PROPRIA";"31911308";"CONTRIBUIÇÕES PREVIDENCIÁRIAS - RPPS - PESSOAL ATI";"FOLHA DE PAGAMENTO";"775.47";"2024";"L";"25/01/2024";"0";"01/01/2024";"31/01/2024";"15"
"UNIDADE DE GESTÃO DE GOVERNO E FINANÇAS";"28";"ENCARGOS ESPECIAIS";"846";"OUTROS ENCARGOS ESPECIAIS";"2024";"2533";"";"0";"0";"100053540";"VALDELICE LEDIS MANGANARO";"11910407801";"";"0";"PROPRIA";"33909302";"RESTITUICOES";"INDENIZACOES E/OU RESSARCIMENTOS(P. FISICA).";"1001.34";"2024";"L";"23/01/2024";"0";"01/01/2024";"31/01/2024";"8"
"UNIDADE DE GESTÃO DE GOVERNO E FINANÇAS";"28";"ENCARGOS ESPECIAIS";"846";"OUTROS ENCARGOS ESPECIAIS";"2024";"2535";"";"0";"0";"100053542";"ISABEL APARECIDA DE SOUZA";"86864459853";"";"0";"PROPRIA";"33909115";"SENTENÇAS JUDICIAIS DE PEQUENO VALOR";"DESPESAS OBRIGATORIAS E/OU JUDICIAIS(P. FISICAS).";"9822.57";"2024";"L";"23/01/2024";"0";"01/01/2024";"31/01/2024";"8"
"UNIDADE DE GESTÃO DE GOVERNO E FINANÇAS";"28";"ENCARGOS ESPECIAIS";"846";"OUTROS ENCARGOS ESPECIAIS";"2024";"2536";"";"0";"0";"100053543";"APARECIDA LOPES DOS NASCIMENTO";"06190178804";"";"0";"PROPRIA";"33909115";"SENTENÇAS JUDICIAIS DE PEQUENO VALOR";"DESPESAS OBRIGATORIAS E/OU JUDICIAIS(P. FISICAS).";"8892.28";"2024";"L";"23/01/2024";"0";"01/01/2024";"31/01/2024";"8"
"UNIDADE DE GESTÃO DE GOVERNO E FINANÇAS";"28";"ENCARGOS ESPECIAIS";"846";"OUTROS ENCARGOS ESPECIAIS";"2024";"2537";"";"0";"0";"100053544";"ISMAEL DOS SANTOS SILVA";"41630426873";"";"0";"PROPRIA";"33909115";"SENTENÇAS JUDICIAIS DE PEQUENO VALOR";"DESPESAS OBRIGATORIAS E/OU JUDICIAIS(P. FISICAS).";"2218.96";"2024";"L";"23/01/2024";"0";"01/01/2024";"31/01/2024";"8"
"UNIDADE DE GESTÃO DE GOVERNO E FINANÇAS";"28";"ENCARGOS ESPECIAIS";"846";"OUTROS ENCARGOS ESPECIAIS";"2024";"2538";"";"0";"0";"100040050";"CRICIELLI OLIVEIRA";"08402751610";"";"0";"PROPRIA";"33909115";"SENTENÇAS JUDICIAIS DE PEQUENO VALOR";"DESPESAS OBRIGATORIAS E/OU JUDICIAIS(P. FISICAS).";"4029.45";"2024";"L";"23/01/2024";"0";"01/01/2024";"31/01/2024";"8"
"UNIDADE DE GESTÃO DE GOVERNO E FINANÇAS";"28";"ENCARGOS ESPECIAIS";"846";"OUTROS ENCARGOS ESPECIAIS";"2024";"2539";"";"0";"0";"100053545";"GLAUCIA FERRARI ARIAS";"22624307800";"";"0";"PROPRIA";"33909115";"SENTENÇAS JUDICIAIS DE PEQUENO VALOR";"DESPESAS OBRIGATORIAS E/OU JUDICIAIS(P. FISICAS).";"6521.35";"2024";"L";"23/01/2024";"0";"01/01/2024";"31/01/2024";"8"
"UNIDADE DE GESTÃO DE GOVERNO E FINANÇAS";"28";"ENCARGOS ESPECIAIS";"846";"OUTROS ENCARGOS ESPECIAIS";"2024";"2540";"";"0";"0";"100053546";"ALINE DE OLIVEIRA TSUN";"22136513885";"";"0";"PROPRIA";"33909115";"SENTENÇAS JUDICIAIS DE PEQUENO VALOR";"DESPESAS OBRIGATORIAS E/OU JUDICIAIS(P. FISICAS).";"15331.33";"2024";"L";"23/01/2024";"0";"01/01/2024";"31/01/2024";"8"
"UNIDADE DE GESTÃO DE GOVERNO E FINANÇAS";"28";"ENCARGOS ESPECIAIS";"846";"OUTROS ENCARGOS ESPECIAIS";"2024";"2542";"";"0";"0";"100027442";"LUCINEIDE VIEIRA PEREIRA TAVARES";"17376045821";"";"0";"PROPRIA";"33909115";"SENTENÇAS JUDICIAIS DE PEQUENO VALOR";"DESPESAS OBRIGATORIAS E/OU JUDICIAIS(P. FISICAS).";"7717.92";"2024";"L";"23/01/2024";"0";"01/01/2024";"31/01/2024";"8"
"UNIDADE DE GESTÃO DA CASA CIVIL";"4";"ADMINISTRAÇÃO";"122";"ADMINISTRAÇÃO GERAL";"2024";"2546";"2024";"160";"1";"100009207";"PANAMERICAN AGÊNCIA DE VIAGENS E TURISMO LTDA-ME";"06115486000190";"COMPRA DIRETA";"0";"PROPRIA";"33903301";"PASSAGENS PARA O PAIS";"PASSAGEM AEREA NACIONAL";"3799.51";"2024";"L";"23/01/2024";"0";"01/01/2024";"31/01/2024";"3"
"UNIDADE GESTÃO DE ASSISTÊNCIA E DESENVOLV. SOCIAL";"8";"ASSISTÊNCIA SOCIAL";"244";"ASSISTÊNCIA COMUNITÁRIA";"2024";"2553";"";"0";"0";"100053495";"JOSEFA MARIA DA SILVA";"09703555802";"";"0";"PROPRIA";"33904899";"DEMAIS AUXÍLIOS FINANCEIROS A PESSOAS FÍSICAS";"AUXILIO VULNERABILIDADE";"706";"2024";"L";"23/01/2024";"0";"01/01/2024";"31/01/2024";"15"
"UNIDADE GESTÃO DE ASSISTÊNCIA E DESENVOLV. SOCIAL";"8";"ASSISTÊNCIA SOCIAL";"244";"ASSISTÊNCIA COMUNITÁRIA";"2024";"2554";"";"0";"0";"100052178";"CAMILA VALVERDE TAFARELO";"43693641838";"";"0";"PROPRIA";"33904899";"DEMAIS AUXÍLIOS FINANCEIROS A PESSOAS FÍSICAS";"AUXILIO VULNERABILIDADE";"660";"2024";"L";"23/01/2024";"0";"01/01/2024";"31/01/2024";"15"
"UNIDADE GESTÃO DE ASSISTÊNCIA E DESENVOLV. SOCIAL";"8";"ASSISTÊNCIA SOCIAL";"244";"ASSISTÊNCIA COMUNITÁRIA";"2024";"2555";"";"0";"0";"100053499";"MARINA ELIAS";"46140088879";"";"0";"PROPRIA";"33904899";"DEMAIS AUXÍLIOS FINANCEIROS A PESSOAS FÍSICAS";"AUXILIO VULNERABILIDADE";"660";"2024";"L";"23/01/2024";"0";"01/01/2024";"31/01/2024";"15"
"UNIDADE GESTÃO DE ASSISTÊNCIA E DESENVOLV. SOCIAL";"8";"ASSISTÊNCIA SOCIAL";"244";"ASSISTÊNCIA COMUNITÁRIA";"2024";"2556";"";"0";"0";"100053498";"RENILDA MARIA DE SOUSA";"07905403475";"";"0";"PROPRIA";"33904899";"DEMAIS AUXÍLIOS FINANCEIROS A PESSOAS FÍSICAS";"AUXILIO VULNERABILIDADE";"660";"2024";"L";"23/01/2024";"0";"01/01/2024";"31/01/2024";"15"
"UNIDADE GESTÃO DE ASSISTÊNCIA E DESENVOLV. SOCIAL";"8";"ASSISTÊNCIA SOCIAL";"244";"ASSISTÊNCIA COMUNITÁRIA";"2024";"2557";"";"0";"0";"100053497";"MISSILENE BEZERRA DA SILVA";"31426040814";"";"0";"PROPRIA";"33904899";"DEMAIS AUXÍLIOS FINANCEIROS A PESSOAS FÍSICAS";"AUXILIO VULNERABILIDADE";"660";"2024";"L";"23/01/2024";"0";"01/01/2024";"31/01/2024";"15"
"UNIDADE GESTÃO DE ASSISTÊNCIA E DESENVOLV. SOCIAL";"8";"ASSISTÊNCIA SOCIAL";"244";"ASSISTÊNCIA COMUNITÁRIA";"2024";"2558";"";"0";"0";"100051085";"SAINT CLAIR NEIL OLHER";"13749264856";"";"0";"PROPRIA";"33904899";"DEMAIS AUXÍLIOS FINANCEIROS A PESSOAS FÍSICAS";"AUXILIO VULNERABILIDADE";"660";"2024";"L";"23/01/2024";"0";"01/01/2024";"31/01/2024";"15"
"UNIDADE GESTÃO DE ASSISTÊNCIA E DESENVOLV. SOCIAL";"8";"ASSISTÊNCIA SOCIAL";"244";"ASSISTÊNCIA COMUNITÁRIA";"2024";"2559";"";"0";"0";"100053496";"MARILENA DE MORAIS CAVALLARO";"25748894874";"";"0";"PROPRIA";"33904899";"DEMAIS AUXÍLIOS FINANCEIROS A PESSOAS FÍSICAS";"AUXILIO VULNERABILIDADE";"396";"2024";"L";"23/01/2024";"0";"01/01/2024";"31/01/2024";"15"
"UNIDADE DE GESTÃO DE INFRAEST. E SERVIÇOS PÚBLICOS";"4";"ADMINISTRAÇÃO";"122";"ADMINISTRAÇÃO GERAL";"2024";"2561";"";"0";"0";"100001864";"DEPARTAMENTO DE ESTRADAS DE RODAGEM";"43052497000102";"";"0";"PROPRIA";"33903999";"OUTROS SERVICOS DE TERCEIROS - PESSOA JURIDICA";"OUTRAS TAXAS E TARIFAS.";"960.64";"2024";"L";"23/01/2024";"0";"01/01/2024";"31/01/2024";"10"
"UNIDADE GESTÃO DE ASSISTÊNCIA E DESENVOLV. SOCIAL";"8";"ASSISTÊNCIA SOCIAL";"243";"ASSISTÊNCIA À CRIANÇA E AO ADOLESCENTE";"2024";"2562";"";"0";"0";"100032283";"ADILSON SANTO DE AZEVEDO";"13772410847";"";"0";"PROPRIA";"31901101";"VENCIMENTO E SALARIOS";"REMUNERACAO DE CONSELHEIROS TUTELARES";"5933.39";"2024";"L";"25/01/2024";"0";"01/01/2024";"31/01/2024";"15"
"UNIDADE DE GESTÃO DE GOVERNO E FINANÇAS";"28";"ENCARGOS ESPECIAIS";"846";"OUTROS ENCARGOS ESPECIAIS";"2024";"2563";"";"0";"0";"100053555";"TASSO LUIZ PEREIRA DA SILVA";"19658390889";"";"0";"PROPRIA";"33909115";"SENTENÇAS JUDICIAIS DE PEQUENO VALOR";"DESPESAS OBRIGATORIAS E/OU JUDICIAIS(P. FISICAS).";"6285.48";"2024";"L";"23/01/2024";"0";"01/01/2024";"31/01/2024";"8"
"UNIDADE DE GESTÃO DE EDUCAÇÃO";"12";"EDUCAÇÃO";"361";"ENSINO FUNDAMENTAL";"2024";"2564";"2024";"5";"1";"100046830";"ART ALIMENTACAO LTDA ME";"45922939000141";"COMPRA DIRETA";"0";"PROPRIA";"33903016";"MATERIAL DE EXPEDIENTE";"PAPEL SULFITE 210X297MM (A4). 120G/M2. BRANCO. 500 FLS";"449.95";"2024";"L";"29/01/2024";"0";"01/01/2024";"31/01/2024";"13"
"UNIDADE DE GESTÃO DE GOVERNO E FINANÇAS";"28";"ENCARGOS ESPECIAIS";"846";"OUTROS ENCARGOS ESPECIAIS";"2024";"2565";"";"0";"0";"100045290";"ANDRE MIRANDA CARVALHO DE FREITAS";"15358388842";"";"0";"PROPRIA";"33909115";"SENTENÇAS JUDICIAIS DE PEQUENO VALOR";"DESPESAS OBRIGATORIAS E/OU JUDICIAIS(P. FISICAS).";"1287.06";"2024";"L";"23/01/2024";"0";"01/01/2024";"31/01/2024";"8"
"UNIDADE DE GESTÃO DE GOVERNO E FINANÇAS";"28";"ENCARGOS ESPECIAIS";"846";"OUTROS ENCARGOS ESPECIAIS";"2024";"2566";"";"0";"0";"100053541";"ALEX FERREIRA DE MELO";"25940149820";"";"0";"PROPRIA";"33909302";"RESTITUICOES";"INDENIZACOES E/OU RESSARCIMENTOS(P. FISICA).";"1289.7";"2024";"L";"26/01/2024";"0";"01/01/2024";"31/01/2024";"8"
"UNIDADE DE GESTÃO DE GOVERNO E FINANÇAS";"28";"ENCARGOS ESPECIAIS";"846";"OUTROS ENCARGOS ESPECIAIS";"2024";"2567";"";"0";"0";"100053547";"LUCIANO ALVES SCODELER";"01596202602";"";"0";"PROPRIA";"33909302";"RESTITUICOES";"INDENIZACOES E/OU RESSARCIMENTOS(P. FISICA).";"490.64";"2024";"L";"24/01/2024";"0";"01/01/2024";"31/01/2024";"8"
"UNIDADE DE GESTÃO DE GOVERNO E FINANÇAS";"28";"ENCARGOS ESPECIAIS";"846";"OUTROS ENCARGOS ESPECIAIS";"2024";"2568";"";"0";"0";"100053444";"RODRIGO MARTINS DUARTE";"17885912833";"";"0";"PROPRIA";"33909302";"RESTITUICOES";"INDENIZACOES E/OU RESSARCIMENTOS(P. FISICA).";"1407.91";"2024";"L";"24/01/2024";"0";"01/01/2024";"31/01/2024";"8"
"UNIDADE DE GESTÃO DE GOVERNO E FINANÇAS";"28";"ENCARGOS ESPECIAIS";"846";"OUTROS ENCARGOS ESPECIAIS";"2024";"2569";"";"0";"0";"100053444";"RODRIGO MARTINS DUARTE";"17885912833";"";"0";"PROPRIA";"33909302";"RESTITUICOES";"INDENIZACOES E/OU RESSARCIMENTOS(P. FISICA).";"1466.9";"2024";"L";"24/01/2024";"0";"01/01/2024";"31/01/2024";"8"
"UNIDADE DE GESTÃO DE GOVERNO E FINANÇAS";"28";"ENCARGOS ESPECIAIS";"846";"OUTROS ENCARGOS ESPECIAIS";"2024";"2570";"";"0";"0";"100053444";"RODRIGO MARTINS DUARTE";"17885912833";"";"0";"PROPRIA";"33909302";"RESTITUICOES";"INDENIZACOES E/OU RESSARCIMENTOS(P. FISICA).";"1470.7";"2024";"L";"24/01/2024";"0";"01/01/2024";"31/01/2024";"8"
"UNIDADE DE GESTÃO DE GOVERNO E FINANÇAS";"28";"ENCARGOS ESPECIAIS";"846";"OUTROS ENCARGOS ESPECIAIS";"2024";"2571";"";"0";"0";"100053444";"RODRIGO MARTINS DUARTE";"17885912833";"";"0";"PROPRIA";"33909302";"RESTITUICOES";"INDENIZACOES E/OU RESSARCIMENTOS(P. FISICA).";"1511.35";"2024";"L";"24/01/2024";"0";"01/01/2024";"31/01/2024";"8"
"UNIDADE DE GESTÃO DE GOVERNO E FINANÇAS";"28";"ENCARGOS ESPECIAIS";"846";"OUTROS ENCARGOS ESPECIAIS";"2024";"2572";"";"0";"0";"100053548";"ANDREA MACHADO DE FRANÇA LOPES";"25339383865";"";"0";"PROPRIA";"33909302";"RESTITUICOES";"INDENIZACOES E/OU RESSARCIMENTOS(P. FISICA).";"1303.94";"2024";"L";"31/01/2024";"0";"01/01/2024";"31/01/2024";"8"
"UNIDADE DE GESTÃO DE GOVERNO E FINANÇAS";"28";"ENCARGOS ESPECIAIS";"846";"OUTROS ENCARGOS ESPECIAIS";"2024";"2573";"";"0";"0";"100003863";"LUIZ CORAINI";"01678870846";"";"0";"PROPRIA";"33909199";"DIVERSAS SENTENCAS";"DESPESAS OBRIGATORIAS E/OU JUDICIAIS(P. FISICAS).";"0.03";"2024";"L";"23/01/2024";"0";"01/01/2024";"31/01/2024";"8"
"UNIDADE DE GESTÃO DE INFRAEST. E SERVIÇOS PÚBLICOS";"15";"URBANISMO";"452";"SERVIÇOS URBANOS";"2024";"2575";"2023";"2268";"1";"100029777";"NEW AGUAS JUNDIAI DISTR.DE AGUA MINERAL LTDA ME";"03204180000111";"COMPRA DIRETA";"0";"PROPRIA";"33903007";"GENEROS DE ALIMENTACAO";"AGUA MINERAL SEM GAS. GALAO COM 20 LITROS.";"100";"2024";"L";"30/01/2024";"0";"01/01/2024";"31/01/2024";"10"
"UNIDADE DE GESTÃO DE INFRAEST. E SERVIÇOS PÚBLICOS";"15";"URBANISMO";"452";"SERVIÇOS URBANOS";"2024";"2576";"2023";"16";"14";"1097484";"CAFE CAICARA LTDA.";"50929884000131";"PREGÃO ELETRÔNICO";"0";"PROPRIA";"33903007";"GENEROS DE ALIMENTACAO";"CAFE TORRADO E MOIDO. COM 500G. QUAL. GLOBAL MIN. 4.8 PONTOS";"754.8";"2024";"L";"26/01/2024";"0";"01/01/2024";"31/01/2024";"10"
"UNIDADE DE GESTÃO DA CASA CIVIL";"4";"ADMINISTRAÇÃO";"122";"ADMINISTRAÇÃO GERAL";"2024";"2577";"2024";"162";"1";"1084789";"REFRITEC REFRIGERACAO TECNICA LTDA.";"51271351000178";"COMPRA DIRETA";"0";"PROPRIA";"33903025";"MATERIAL PARA MANUTENCAO DE BENS MOVEIS";"VALVULA REGULADORA DE PRESSAO PARA PURIFICADOR SOFT EVEREST";"392";"2024";"L";"29/01/2024";"0";"01/01/2024";"31/01/2024";"3"
"UNIDADE DE GESTÃO DE SEGURANÇA MUNICIPAL";"4";"ADMINISTRAÇÃO";"122";"ADMINISTRAÇÃO GERAL";"2024";"2619";"";"0";"0";"100053504";"PMJ-GUILHERME ROMÁRIO PAES DANTE";"43753471801";"";"0";"PROPRIA";"33903999";"OUTROS SERVICOS DE TERCEIROS - PESSOA JURIDICA";"ADIANTAMENTOS(SERVIDORES).";"2000";"2024";"L";"23/01/2024";"0";"01/01/2024";"31/01/2024";"19"
"UNIDADE DE GESTÃO DE SEGURANÇA MUNICIPAL";"4";"ADMINISTRAÇÃO";"122";"ADMINISTRAÇÃO GERAL";"2024";"2620";"";"0";"0";"100053504";"PMJ-GUILHERME ROMÁRIO PAES DANTE";"43753471801";"";"0";"PROPRIA";"33903099";"OUTROS MATERIAIS DE CONSUMO";"ADIANTAMENTOS(SERVIDORES).";"500";"2024";"L";"23/01/2024";"0";"01/01/2024";"31/01/2024";"19"
"UNIDADE DE GESTÃO DE GOVERNO E FINANÇAS";"28";"ENCARGOS ESPECIAIS";"846";"OUTROS ENCARGOS ESPECIAIS";"2024";"2622";"";"0";"0";"100053558";"VALÉRIA ROSA MOSCARDINI";"13772089828";"";"0";"PROPRIA";"33909115";"SENTENÇAS JUDICIAIS DE PEQUENO VALOR";"DESPESAS OBRIGATORIAS E/OU JUDICIAIS(P. FISICAS).";"6098.36";"2024";"L";"23/01/2024";"0";"01/01/2024";"31/01/2024";"8"
"UNIDADE DE GESTÃO DE GOVERNO E FINANÇAS";"28";"ENCARGOS ESPECIAIS";"846";"OUTROS ENCARGOS ESPECIAIS";"2024";"2623";"";"0";"0";"100053561";"DEISE BARROS TEIXEIRA";"32469693888";"";"0";"PROPRIA";"33909115";"SENTENÇAS JUDICIAIS DE PEQUENO VALOR";"DESPESAS OBRIGATORIAS E/OU JUDICIAIS(P. FISICAS).";"6690.71";"2024";"L";"23/01/2024";"0";"01/01/2024";"31/01/2024";"8"
"UNIDADE DE GESTÃO DE GOVERNO E FINANÇAS";"28";"ENCARGOS ESPECIAIS";"846";"OUTROS ENCARGOS ESPECIAIS";"2024";"2624";"";"0";"0";"100044130";"LEANDRO ZONATTI DEBASTIANI";"31347247823";"";"0";"PROPRIA";"33909115";"SENTENÇAS JUDICIAIS DE PEQUENO VALOR";"DESPESAS OBRIGATORIAS E/OU JUDICIAIS(P. FISICAS).";"735.98";"2024";"L";"23/01/2024";"0";"01/01/2024";"31/01/2024";"8"
"UNIDADE DE GESTÃO DE GOVERNO E FINANÇAS";"28";"ENCARGOS ESPECIAIS";"846";"OUTROS ENCARGOS ESPECIAIS";"2024";"2625";"";"0";"0";"100053560";"PATRICIA APARECIDA FERRAZ DO PRADO";"36629620801";"";"0";"PROPRIA";"33909115";"SENTENÇAS JUDICIAIS DE PEQUENO VALOR";"DESPESAS OBRIGATORIAS E/OU JUDICIAIS(P. FISICAS).";"5719.83";"2024";"L";"23/01/2024";"0";"01/01/2024";"31/01/2024";"8"
"UNIDADE DE GESTÃO DE CULTURA";"13";"CULTURA";"392";"DIFUSÃO CULTURAL";"2024";"2642";"2024";"182";"1";"100028669";"LISETE MARIA PECORARO 12069373860 ME";"19412393000179";"COMPRA DIRETA";"0";"PROPRIA";"33903999";"OUTROS SERVICOS DE TERCEIROS - PESSOA JURIDICA";"SHOW ARTISTICO";"3000";"2024";"L";"31/01/2024";"0";"01/01/2024";"31/01/2024";"22"
"UNIDADE DE GESTÃO DE CULTURA";"13";"CULTURA";"392";"DIFUSÃO CULTURAL";"2024";"2643";"";"0";"0";"100002730";"LIGA JUNDIAIENSE DAS ESCOLAS DE SAMBA-LIJUNES";"61703187000184";"";"0";"PROPRIA";"33503999";"OUTROS SERVIÇOS DE TERCEIROS - PESSOA JURÍDICA";"SUBVENCOES(ENTID. ASSIST.. CULT. E ESPORT.).";"278600";"2024";"L";"23/01/2024";"0";"01/01/2024";"31/01/2024";"22"
"UNIDADE DE GESTÃO DE PROMOÇÃO DA SAÚDE";"10";"SAÚDE";"302";"ASSISTÊNCIA HOSPITALAR E AMBULATORIAL";"2024";"2648";"2021";"469";"14";"100027734";"ORTOPEDIA BIOTECNICA LTDA ME";"01808205000160";"PREGÃO ELETRÔNICO";"0";"PROPRIA";"33903299";"OUTROS MATERIAIS DE DISTRIBUIÇÃO GRATUITA";"FORNECIMENTO DE ITENS DE MOBILIDADE E ACESSIBILIDADE";"6920";"2024";"L";"25/01/2024";"0";"01/01/2024";"31/01/2024";"14"
"UNIDADE DE GESTÃO DE CULTURA";"13";"CULTURA";"392";"DIFUSÃO CULTURAL";"2024";"2649";"2024";"185";"1";"100041328";"ALEXSANDER RIBAS DA SILVA 10029844754";"33849724000163";"COMPRA DIRETA";"0";"PROPRIA";"33903923";"FESTIVIDADES E HOMENAGENS";"SHOW MUSICAL";"2500";"2024";"L";"29/01/2024";"0";"01/01/2024";"31/01/2024";"22"
"UNIDADE DE GESTÃO DE PROMOÇÃO DA SAÚDE";"10";"SAÚDE";"302";"ASSISTÊNCIA HOSPITALAR E AMBULATORIAL";"2024";"2690";"";"0";"0";"100038343";"NAYARA EVELYN CALLEGARI";"47409394870";"";"0";"PROPRIA";"33909302";"RESTITUICOES";"INDENIZACOES E/OU RESSARCIMENTOS(P. FISICA).";"926.48";"2024";"L";"23/01/2024";"0";"01/01/2024";"31/01/2024";"14"
"UNIDADE DE GESTÃO DE PROMOÇÃO DA SAÚDE";"10";"SAÚDE";"302";"ASSISTÊNCIA HOSPITALAR E AMBULATORIAL";"2024";"2691";"";"0";"0";"100039751";"VITÓRIA EVANGELISTA DA SILVA";"54415534805";"";"0";"PROPRIA";"33909302";"RESTITUICOES";"INDENIZACOES E/OU RESSARCIMENTOS(P. FISICA).";"690.49";"2024";"L";"23/01/2024";"0";"01/01/2024";"31/01/2024";"14"
"UNIDADE DE GESTÃO DE PROMOÇÃO DA SAÚDE";"10";"SAÚDE";"302";"ASSISTÊNCIA HOSPITALAR E AMBULATORIAL";"2024";"2692";"";"0";"0";"100045542";"MATHEUS HENRIQUE CRUZ DIAS";"43312463882";"";"0";"PROPRIA";"33909302";"RESTITUICOES";"INDENIZACOES E/OU RESSARCIMENTOS(P. FISICA).";"470";"2024";"L";"23/01/2024";"0";"01/01/2024";"31/01/2024";"14"
"UNIDADE DE GESTÃO DE CULTURA";"13";"CULTURA";"392";"DIFUSÃO CULTURAL";"2024";"2695";"2024";"188";"1";"100050021";"LUIZ CLAUDIO RODRIGUES OLIVEIRA 37286270893 ME";"40997885000160";"COMPRA DIRETA";"0";"PROPRIA";"33903999";"OUTROS SERVICOS DE TERCEIROS - PESSOA JURIDICA";"SHOW ARTISTICO";"1500";"2024";"L";"31/01/2024";"0";"01/01/2024";"31/01/2024";"22"
"UNIDADE DE GESTÃO DE CULTURA";"13";"CULTURA";"392";"DIFUSÃO CULTURAL";"2024";"2696";"2024";"189";"1";"100023803";"RAFAEL ALENCAR LOPES";"15100435000185";"COMPRA DIRETA";"0";"PROPRIA";"33903999";"OUTROS SERVICOS DE TERCEIROS - PESSOA JURIDICA";"SHOW ARTISTICO";"1400";"2024";"L";"29/01/2024";"0";"01/01/2024";"31/01/2024";"22"
"UNIDADE GESTÃO DE ASSISTÊNCIA E DESENVOLV. SOCIAL";"8";"ASSISTÊNCIA SOCIAL";"244";"ASSISTÊNCIA COMUNITÁRIA";"2024";"2706";"";"0";"0";"100002054";"CARITAS DIOCESANA DE JUNDIAI";"02073048000155";"";"0";"PROPRIA";"33503901";"TERMO DE COLABORAÇÃO";"CONVENIO MROSC - LEI 13019/2014 - MARCO REGUL.ORG.SOC.CIVIL";"44091";"2024";"L";"25/01/2024";"0";"01/01/2024";"31/01/2024";"15"
"UNIDADE DE GESTÃO DE INFRAEST. E SERVIÇOS PÚBLICOS";"18";"GESTÃO AMBIENTAL";"541";"PRESERVAÇÃO E CONSERVAÇÃO AMBIENTAL";"2024";"2726";"2023";"377";"14";"100006938";"A.C.DE O. CARDOSO PAISAGISMO LTDA";"06334537000174";"PREGÃO ELETRÔNICO";"0";"PROPRIA";"33903978";"LIMPEZA E CONSERVACAO";"SERVICOS DE CONTROLE E LIMPEZA MANUAL DE PLANTAS EM PREDIOS";"22382.42";"2024";"L";"31/01/2024";"0";"01/01/2024";"31/01/2024";"10"
"UNIDADE DE GESTÃO DE INFRAEST. E SERVIÇOS PÚBLICOS";"18";"GESTÃO AMBIENTAL";"541";"PRESERVAÇÃO E CONSERVAÇÃO AMBIENTAL";"2024";"2726";"2023";"377";"14";"100006938";"A.C.DE O. CARDOSO PAISAGISMO LTDA";"06334537000174";"PREGÃO ELETRÔNICO";"0";"PROPRIA";"33903978";"LIMPEZA E CONSERVACAO";"SERVICO DE CONTROLE E LIMPEZA DE PLANTAS EM CALCADAS";"446853.2";"2024";"L";"31/01/2024";"0";"01/01/2024";"31/01/2024";"10"
"UNIDADE DE GESTÃO DE INFRAEST. E SERVIÇOS PÚBLICOS";"18";"GESTÃO AMBIENTAL";"541";"PRESERVAÇÃO E CONSERVAÇÃO AMBIENTAL";"2024";"2726";"2023";"377";"14";"100006938";"A.C.DE O. CARDOSO PAISAGISMO LTDA";"06334537000174";"PREGÃO ELETRÔNICO";"0";"PROPRIA";"33903978";"LIMPEZA E CONSERVACAO";"SERVICOS DE CONTROLE E LIMPEZA MANUAL DE PLANTAS EM VIELAS";"9389.23";"2024";"L";"31/01/2024";"0";"01/01/2024";"31/01/2024";"10"
"UNIDADE DE GESTÃO DE INFRAEST. E SERVIÇOS PÚBLICOS";"18";"GESTÃO AMBIENTAL";"541";"PRESERVAÇÃO E CONSERVAÇÃO AMBIENTAL";"2024";"2726";"2023";"377";"14";"100006938";"A.C.DE O. CARDOSO PAISAGISMO LTDA";"06334537000174";"PREGÃO ELETRÔNICO";"0";"PROPRIA";"33903978";"LIMPEZA E CONSERVACAO";"SERVICOS DE CONTROLE E LIMPEZA MANUAL DE PLANTAS EM ESTRADAS";"14283";"2024";"L";"31/01/2024";"0";"01/01/2024";"31/01/2024";"10"
"UNIDADE DE GESTÃO DE PROMOÇÃO DA SAÚDE";"10";"SAÚDE";"302";"ASSISTÊNCIA HOSPITALAR E AMBULATORIAL";"2024";"2727";"2022";"254";"14";"100024505";"NOSSA CASA JUNDIAI RESTAURANTE LTDA ME";"15264611000114";"PREGÃO ELETRÔNICO";"0";"PROPRIA";"33903941";"FORNECIMENTO DE ALIMENTACAO";"FORNECIMENTO DE CAFE DA MANHA E CAFE DA TARDE";"10432.47";"2024";"L";"25/01/2024";"0";"01/01/2024";"31/01/2024";"14"
"UNIDADE DE GESTÃO DE GOVERNO E FINANÇAS";"28";"ENCARGOS ESPECIAIS";"846";"OUTROS ENCARGOS ESPECIAIS";"2024";"2729";"";"0";"0";"100053531";"LAERCIO ANTONIO GONELA";"82069964868";"";"0";"PROPRIA";"33909302";"RESTITUICOES";"INDENIZACOES E/OU RESSARCIMENTOS(P. FISICA).";"806.34";"2024";"L";"24/01/2024";"0";"01/01/2024";"31/01/2024";"8"
"UNIDADE DE GESTÃO DE GOVERNO E FINANÇAS";"28";"ENCARGOS ESPECIAIS";"846";"OUTROS ENCARGOS ESPECIAIS";"2024";"2730";"";"0";"0";"100053531";"LAERCIO ANTONIO GONELA";"82069964868";"";"0";"PROPRIA";"33909302";"RESTITUICOES";"INDENIZACOES E/OU RESSARCIMENTOS(P. FISICA).";"806.3";"2024";"L";"24/01/2024";"0";"01/01/2024";"31/01/2024";"8"
"UNIDADE DE GESTÃO DE GOVERNO E FINANÇAS";"28";"ENCARGOS ESPECIAIS";"846";"OUTROS ENCARGOS ESPECIAIS";"2024";"2731";"";"0";"0";"100053531";"LAERCIO ANTONIO GONELA";"82069964868";"";"0";"PROPRIA";"33909302";"RESTITUICOES";"INDENIZACOES E/OU RESSARCIMENTOS(P. FISICA).";"806.33";"2024";"L";"24/01/2024";"0";"01/01/2024";"31/01/2024";"8"
"UNIDADE DE GESTÃO DE GOVERNO E FINANÇAS";"28";"ENCARGOS ESPECIAIS";"846";"OUTROS ENCARGOS ESPECIAIS";"2024";"2732";"";"0";"0";"100053531";"LAERCIO ANTONIO GONELA";"82069964868";"";"0";"PROPRIA";"33909302";"RESTITUICOES";"INDENIZACOES E/OU RESSARCIMENTOS(P. FISICA).";"806.36";"2024";"L";"24/01/2024";"0";"01/01/2024";"31/01/2024";"8"
"UNIDADE DE GESTÃO DE PROMOÇÃO DA SAÚDE";"10";"SAÚDE";"301";"ATENÇÃO BÁSICA";"2024";"2757";"";"0";"0";"100012604";"FOLHA DE PAGAMENTO";"45780103000150";"";"0";"PROPRIA";"31900411";"SALÁRIOS - CONTRATO TEMPORÁRIO";"FOLHA DE PAGAMENTO";"143.54";"2024";"L";"30/01/2024";"0";"01/01/2024";"31/01/2024";"14"
"UNIDADE DE GESTÃO DE PROMOÇÃO DA SAÚDE";"10";"SAÚDE";"301";"ATENÇÃO BÁSICA";"2024";"2758";"";"0";"0";"100012604";"FOLHA DE PAGAMENTO";"45780103000150";"";"0";"PROPRIA";"31900411";"SALÁRIOS - CONTRATO TEMPORÁRIO";"FOLHA DE PAGAMENTO";"282.4";"2024";"L";"30/01/2024";"0";"01/01/2024";"31/01/2024";"14"
"UNIDADE DE GESTÃO DE PROMOÇÃO DA SAÚDE";"10";"SAÚDE";"301";"ATENÇÃO BÁSICA";"2024";"2759";"";"0";"0";"100012604";"FOLHA DE PAGAMENTO";"45780103000150";"";"0";"PROPRIA";"31900411";"SALÁRIOS - CONTRATO TEMPORÁRIO";"FOLHA DE PAGAMENTO";"2767.81";"2024";"L";"30/01/2024";"0";"01/01/2024";"31/01/2024";"14"
"UNIDADE DE GESTÃO DE PROMOÇÃO DA SAÚDE";"10";"SAÚDE";"301";"ATENÇÃO BÁSICA";"2024";"2760";"";"0";"0";"100012604";"FOLHA DE PAGAMENTO";"45780103000150";"";"0";"PROPRIA";"31900413";"13º SALÁRIO - CONTRATO TEMPORÁRIO";"FOLHA DE PAGAMENTO";"388.45";"2024";"L";"30/01/2024";"0";"01/01/2024";"31/01/2024";"14"
"UNIDADE DE GESTÃO DE PROMOÇÃO DA SAÚDE";"10";"SAÚDE";"301";"ATENÇÃO BÁSICA";"2024";"2761";"";"0";"0";"100012604";"FOLHA DE PAGAMENTO";"45780103000150";"";"0";"PROPRIA";"31900414";"FERIAS - ABONO CONSTITUCIONAL - CONTRATO TEMPORÁRI";"FOLHA DE PAGAMENTO";"2928.51";"2024";"L";"30/01/2024";"0";"01/01/2024";"31/01/2024";"14"
"UNIDADE DE GESTÃO DE PROMOÇÃO DA SAÚDE";"10";"SAÚDE";"301";"ATENÇÃO BÁSICA";"2024";"2762";"";"0";"0";"4016168";"I.N.S.S -INST.NACIONAL DE SEGURO SOCIAL";"29979036000140";"";"0";"PROPRIA";"31900416";"OBRIGAÇÕES PATRONAIS - INSS - CONTRATO TEMPORÁRIO";"FOLHA DE PAGAMENTO";"1454.67";"2024";"L";"30/01/2024";"0";"01/01/2024";"31/01/2024";"14"
"UNIDADE DE GESTÃO DE PROMOÇÃO DA SAÚDE";"10";"SAÚDE";"301";"ATENÇÃO BÁSICA";"2024";"2763";"";"0";"0";"100012604";"FOLHA DE PAGAMENTO";"45780103000150";"";"0";"PROPRIA";"31900499";"OUTRAS CONTRATACOES POR TEMPO DETERMINADO";"FOLHA DE PAGAMENTO";"5.84";"2024";"L";"30/01/2024";"0";"01/01/2024";"31/01/2024";"14"
"UNIDADE DE GESTÃO DE PROMOÇÃO DA SAÚDE";"10";"SAÚDE";"301";"ATENÇÃO BÁSICA";"2024";"2764";"";"0";"0";"100012604";"FOLHA DE PAGAMENTO";"45780103000150";"";"0";"PROPRIA";"33904901";"INDENIZACAO AUXILIO TRANSPORTE";"FOLHA DE PAGAMENTO";"440";"2024";"L";"30/01/2024";"0";"01/01/2024";"31/01/2024";"14"
"UNIDADE DE GESTÃO DE PROMOÇÃO DA SAÚDE";"10";"SAÚDE";"302";"ASSISTÊNCIA HOSPITALAR E AMBULATORIAL";"2024";"2765";"";"0";"0";"100012604";"FOLHA DE PAGAMENTO";"45780103000150";"";"0";"PROPRIA";"31900411";"SALÁRIOS - CONTRATO TEMPORÁRIO";"FOLHA DE PAGAMENTO";"2839.15";"2024";"L";"30/01/2024";"0";"01/01/2024";"31/01/2024";"14"
"UNIDADE DE GESTÃO DE PROMOÇÃO DA SAÚDE";"10";"SAÚDE";"302";"ASSISTÊNCIA HOSPITALAR E AMBULATORIAL";"2024";"2766";"";"0";"0";"100012604";"FOLHA DE PAGAMENTO";"45780103000150";"";"0";"PROPRIA";"31900411";"SALÁRIOS - CONTRATO TEMPORÁRIO";"FOLHA DE PAGAMENTO";"282.4";"2024";"L";"30/01/2024";"0";"01/01/2024";"31/01/2024";"14"
"UNIDADE DE GESTÃO DE PROMOÇÃO DA SAÚDE";"10";"SAÚDE";"302";"ASSISTÊNCIA HOSPITALAR E AMBULATORIAL";"2024";"2767";"";"0";"0";"100012604";"FOLHA DE PAGAMENTO";"45780103000150";"";"0";"PROPRIA";"31900413";"13º SALÁRIO - CONTRATO TEMPORÁRIO";"FOLHA DE PAGAMENTO";"387.52";"2024";"L";"30/01/2024";"0";"01/01/2024";"31/01/2024";"14"
"UNIDADE DE GESTÃO DE PROMOÇÃO DA SAÚDE";"10";"SAÚDE";"302";"ASSISTÊNCIA HOSPITALAR E AMBULATORIAL";"2024";"2768";"";"0";"0";"100012604";"FOLHA DE PAGAMENTO";"45780103000150";"";"0";"PROPRIA";"31900414";"FERIAS - ABONO CONSTITUCIONAL - CONTRATO TEMPORÁRI";"FOLHA DE PAGAMENTO";"3119.85";"2024";"L";"30/01/2024";"0";"01/01/2024";"31/01/2024";"14"
"UNIDADE DE GESTÃO DE PROMOÇÃO DA SAÚDE";"10";"SAÚDE";"302";"ASSISTÊNCIA HOSPITALAR E AMBULATORIAL";"2024";"2769";"";"0";"0";"4016168";"I.N.S.S -INST.NACIONAL DE SEGURO SOCIAL";"29979036000140";"";"0";"PROPRIA";"31900416";"OBRIGAÇÕES PATRONAIS - INSS - CONTRATO TEMPORÁRIO";"FOLHA DE PAGAMENTO";"1497.38";"2024";"L";"30/01/2024";"0";"01/01/2024";"31/01/2024";"14"
"UNIDADE DE GESTÃO DE PROMOÇÃO DA SAÚDE";"10";"SAÚDE";"302";"ASSISTÊNCIA HOSPITALAR E AMBULATORIAL";"2024";"2770";"";"0";"0";"100012604";"FOLHA DE PAGAMENTO";"45780103000150";"";"0";"PROPRIA";"31900499";"OUTRAS CONTRATACOES POR TEMPO DETERMINADO";"FOLHA DE PAGAMENTO";"224.44";"2024";"L";"30/01/2024";"0";"01/01/2024";"31/01/2024";"14"
"UNIDADE DE GESTÃO DE PROMOÇÃO DA SAÚDE";"10";"SAÚDE";"302";"ASSISTÊNCIA HOSPITALAR E AMBULATORIAL";"2024";"2771";"";"0";"0";"100012604";"FOLHA DE PAGAMENTO";"45780103000150";"";"0";"PROPRIA";"33904901";"INDENIZACAO AUXILIO TRANSPORTE";"FOLHA DE PAGAMENTO";"440";"2024";"L";"30/01/2024";"0";"01/01/2024";"31/01/2024";"14"
"UNIDADE DE GESTÃO DE INFRAEST. E SERVIÇOS PÚBLICOS";"15";"URBANISMO";"452";"SERVIÇOS URBANOS";"2024";"2779";"2022";"45";"4";"100044840";"FERNANDO MARQUES DE SOUZA ENGENHARIA LTDA ME";"25021156000180";"CONVITE-OBRAS";"5701";"FUNDO MUNICIPAL DE ILUMINAÇÃO PUBLICA/CIP/LC988/14";"44905199";"OUTRAS OBRAS E INSTALACOES";"OBRA DE REFORMA EM C.E.C.E (COMPLEXO EDUC.CULTURAL E ESPORT)";"11786.51";"2024";"L";"26/01/2024";"0";"01/01/2024";"31/01/2024";"10"
"UNIDADE DE GESTÃO DE ADMINIST. E GESTÃO DE PESSOAS";"4";"ADMINISTRAÇÃO";"122";"ADMINISTRAÇÃO GERAL";"2024";"2780";"2022";"17";"6";"100026412";"IMOBILIARIA PLAZA LTDA.";"47943774000110";"DISPENSA DE LICITACAO";"0";"PROPRIA";"33903910";"LOCACAO DE IMOVEIS";"LOCACAO DE CENTRO DE DISTRIBUICAO COM A.V.C.B.";"12624.17";"2024";"L";"31/01/2024";"0";"01/01/2024";"31/01/2024";"7"
"UNIDADE DE GESTÃO DE GOVERNO E FINANÇAS";"28";"ENCARGOS ESPECIAIS";"846";"OUTROS ENCARGOS ESPECIAIS";"2024";"2800";"";"0";"0";"100053573";"CIA REPRESENTAÇÕES COMERCIAIS S/S LTDA";"03350018000101";"";"0";"PROPRIA";"33909302";"RESTITUICOES";"INDENIZACOES E/OU RESSARCIMENTOS(P. JURIDICA).";"933.09";"2024";"L";"26/01/2024";"0";"01/01/2024";"31/01/2024";"8"
"UNIDADE DE GESTÃO DE PROMOÇÃO DA SAÚDE";"10";"SAÚDE";"302";"ASSISTÊNCIA HOSPITALAR E AMBULATORIAL";"2024";"2801";"2018";"287";"14";"100030009";"VIP7IT COMERCIO E SERVICOS EM INFORMATICA LTDA EPP";"20827027000160";"PREGÃO ELETRÔNICO";"0";"PROPRIA";"33904099";"OUTROS SERVIÇOS DE TECNOLOGIA DA INFORMAÇÃO E COMU";"SERVICO EM TECNOLOGIA DA INFORMACAO";"7100";"2024";"L";"30/01/2024";"0";"01/01/2024";"31/01/2024";"14"
"UNIDADE DE GESTÃO DE CULTURA";"13";"CULTURA";"392";"DIFUSÃO CULTURAL";"2024";"2808";"2023";"4";"11";"100053273";"THIANE MARTINS LAVRADOR 22956137875 ME";"28440293000147";"CONCURSO";"0";"PROPRIA";"33903999";"OUTROS SERVICOS DE TERCEIROS - PESSOA JURIDICA";"SHOW ARTISTICO";"1500";"2024";"L";"31/01/2024";"0";"01/01/2024";"31/01/2024";"22"
"UNIDADE DE GESTÃO DE INFRAEST. E SERVIÇOS PÚBLICOS";"15";"URBANISMO";"452";"SERVIÇOS URBANOS";"2024";"2811";"2008";"49";"5";"100002650";"COMPANHIA PIRATININGA DE FORCA E LUZ";"04172213000151";"INEXIGIBILIDADE";"5701";"FUNDO MUNICIPAL DE ILUMINAÇÃO PUBLICA/CIP/LC988/14";"33903999";"OUTROS SERVICOS DE TERCEIROS - PESSOA JURIDICA";"ENERGIA ELETRICA(TAXAS E TAR.).";"9721.83";"2024";"L";"31/01/2024";"0";"01/01/2024";"31/01/2024";"10"
"UNIDADE DE GESTÃO DE INFRAEST. E SERVIÇOS PÚBLICOS";"15";"URBANISMO";"452";"SERVIÇOS URBANOS";"2024";"2811";"2008";"49";"5";"100002650";"COMPANHIA PIRATININGA DE FORCA E LUZ";"04172213000151";"INEXIGIBILIDADE";"5701";"FUNDO MUNICIPAL DE ILUMINAÇÃO PUBLICA/CIP/LC988/14";"33903999";"OUTROS SERVICOS DE TERCEIROS - PESSOA JURIDICA";"ENERGIA ELETRICA(TAXAS E TAR.).";"605.26";"2024";"L";"31/01/2024";"0";"01/01/2024";"31/01/2024";"10"
"UNIDADE DE GESTÃO DE INFRAEST. E SERVIÇOS PÚBLICOS";"15";"URBANISMO";"452";"SERVIÇOS URBANOS";"2024";"2811";"2008";"49";"5";"100002650";"COMPANHIA PIRATININGA DE FORCA E LUZ";"04172213000151";"INEXIGIBILIDADE";"5701";"FUNDO MUNICIPAL DE ILUMINAÇÃO PUBLICA/CIP/LC988/14";"33903999";"OUTROS SERVICOS DE TERCEIROS - PESSOA JURIDICA";"ENERGIA ELETRICA(TAXAS E TAR.).";"14893.76";"2024";"L";"31/01/2024";"0";"01/01/2024";"31/01/2024";"10"
"UNIDADE DE GESTÃO DE INFRAEST. E SERVIÇOS PÚBLICOS";"15";"URBANISMO";"452";"SERVIÇOS URBANOS";"2024";"2811";"2008";"49";"5";"100002650";"COMPANHIA PIRATININGA DE FORCA E LUZ";"04172213000151";"INEXIGIBILIDADE";"5701";"FUNDO MUNICIPAL DE ILUMINAÇÃO PUBLICA/CIP/LC988/14";"33903999";"OUTROS SERVICOS DE TERCEIROS - PESSOA JURIDICA";"ENERGIA ELETRICA(TAXAS E TAR.).";"1035.51";"2024";"L";"31/01/2024";"0";"01/01/2024";"31/01/2024";"10"
"UNIDADE DE GESTÃO DE INFRAEST. E SERVIÇOS PÚBLICOS";"15";"URBANISMO";"452";"SERVIÇOS URBANOS";"2024";"2811";"2008";"49";"5";"100002650";"COMPANHIA PIRATININGA DE FORCA E LUZ";"04172213000151";"INEXIGIBILIDADE";"5701";"FUNDO MUNICIPAL DE ILUMINAÇÃO PUBLICA/CIP/LC988/14";"33903999";"OUTROS SERVICOS DE TERCEIROS - PESSOA JURIDICA";"ENERGIA ELETRICA(TAXAS E TAR.).";"13111.67";"2024";"L";"31/01/2024";"0";"01/01/2024";"31/01/2024";"10"
"UNIDADE DE GESTÃO DE INFRAEST. E SERVIÇOS PÚBLICOS";"15";"URBANISMO";"452";"SERVIÇOS URBANOS";"2024";"2811";"2008";"49";"5";"100002650";"COMPANHIA PIRATININGA DE FORCA E LUZ";"04172213000151";"INEXIGIBILIDADE";"5701";"FUNDO MUNICIPAL DE ILUMINAÇÃO PUBLICA/CIP/LC988/14";"33903999";"OUTROS SERVICOS DE TERCEIROS - PESSOA JURIDICA";"ENERGIA ELETRICA(TAXAS E TAR.).";"6527.25";"2024";"L";"31/01/2024";"0";"01/01/2024";"31/01/2024";"10"
"UNIDADE DE GESTÃO DE INFRAEST. E SERVIÇOS PÚBLICOS";"15";"URBANISMO";"452";"SERVIÇOS URBANOS";"2024";"2811";"2008";"49";"5";"100002650";"COMPANHIA PIRATININGA DE FORCA E LUZ";"04172213000151";"INEXIGIBILIDADE";"5701";"FUNDO MUNICIPAL DE ILUMINAÇÃO PUBLICA/CIP/LC988/14";"33903999";"OUTROS SERVICOS DE TERCEIROS - PESSOA JURIDICA";"ENERGIA ELETRICA(TAXAS E TAR.).";"7553.14";"2024";"L";"31/01/2024";"0";"01/01/2024";"31/01/2024";"10"
"UNIDADE DE GESTÃO DE INFRAEST. E SERVIÇOS PÚBLICOS";"15";"URBANISMO";"452";"SERVIÇOS URBANOS";"2024";"2811";"2008";"49";"5";"100002650";"COMPANHIA PIRATININGA DE FORCA E LUZ";"04172213000151";"INEXIGIBILIDADE";"5701";"FUNDO MUNICIPAL DE ILUMINAÇÃO PUBLICA/CIP/LC988/14";"33903999";"OUTROS SERVICOS DE TERCEIROS - PESSOA JURIDICA";"ENERGIA ELETRICA(TAXAS E TAR.).";"8314.1";"2024";"L";"31/01/2024";"0";"01/01/2024";"31/01/2024";"10"
"UNIDADE DE GESTÃO DE INFRAEST. E SERVIÇOS PÚBLICOS";"15";"URBANISMO";"452";"SERVIÇOS URBANOS";"2024";"2812";"2008";"49";"5";"100002650";"COMPANHIA PIRATININGA DE FORCA E LUZ";"04172213000151";"INEXIGIBILIDADE";"0";"PROPRIA";"33903999";"OUTROS SERVICOS DE TERCEIROS - PESSOA JURIDICA";"ENERGIA ELETRICA(TAXAS E TAR.).";"22010.28";"2024";"L";"25/01/2024";"0";"01/01/2024";"31/01/2024";"10"
"UNIDADE DE GESTÃO DE INFRAEST. E SERVIÇOS PÚBLICOS";"15";"URBANISMO";"452";"SERVIÇOS URBANOS";"2024";"2812";"2008";"49";"5";"100002650";"COMPANHIA PIRATININGA DE FORCA E LUZ";"04172213000151";"INEXIGIBILIDADE";"0";"PROPRIA";"33903999";"OUTROS SERVICOS DE TERCEIROS - PESSOA JURIDICA";"ENERGIA ELETRICA(TAXAS E TAR.).";"12287.01";"2024";"L";"25/01/2024";"0";"01/01/2024";"31/01/2024";"10"
"UNIDADE DE GESTÃO DE INFRAEST. E SERVIÇOS PÚBLICOS";"15";"URBANISMO";"452";"SERVIÇOS URBANOS";"2024";"2812";"2008";"49";"5";"100002650";"COMPANHIA PIRATININGA DE FORCA E LUZ";"04172213000151";"INEXIGIBILIDADE";"0";"PROPRIA";"33903999";"OUTROS SERVICOS DE TERCEIROS - PESSOA JURIDICA";"ENERGIA ELETRICA(TAXAS E TAR.).";"17014.38";"2024";"L";"25/01/2024";"0";"01/01/2024";"31/01/2024";"10"
"UNIDADE DE GESTÃO DE INFRAEST. E SERVIÇOS PÚBLICOS";"15";"URBANISMO";"452";"SERVIÇOS URBANOS";"2024";"2812";"2008";"49";"5";"100002650";"COMPANHIA PIRATININGA DE FORCA E LUZ";"04172213000151";"INEXIGIBILIDADE";"0";"PROPRIA";"33903999";"OUTROS SERVICOS DE TERCEIROS - PESSOA JURIDICA";"ENERGIA ELETRICA(TAXAS E TAR.).";"4483.12";"2024";"L";"25/01/2024";"0";"01/01/2024";"31/01/2024";"10"
"UNIDADE DE GESTÃO DE INFRAEST. E SERVIÇOS PÚBLICOS";"15";"URBANISMO";"452";"SERVIÇOS URBANOS";"2024";"2812";"2008";"49";"5";"100002650";"COMPANHIA PIRATININGA DE FORCA E LUZ";"04172213000151";"INEXIGIBILIDADE";"0";"PROPRIA";"33903999";"OUTROS SERVICOS DE TERCEIROS - PESSOA JURIDICA";"ENERGIA ELETRICA(TAXAS E TAR.).";"16918.66";"2024";"L";"25/01/2024";"0";"01/01/2024";"31/01/2024";"10"
"UNIDADE DE GESTÃO DE INFRAEST. E SERVIÇOS PÚBLICOS";"15";"URBANISMO";"452";"SERVIÇOS URBANOS";"2024";"2812";"2008";"49";"5";"100002650";"COMPANHIA PIRATININGA DE FORCA E LUZ";"04172213000151";"INEXIGIBILIDADE";"0";"PROPRIA";"33903999";"OUTROS SERVICOS DE TERCEIROS - PESSOA JURIDICA";"ENERGIA ELETRICA(TAXAS E TAR.).";"2268.81";"2024";"L";"25/01/2024";"0";"01/01/2024";"31/01/2024";"10"
"UNIDADE DE GESTÃO DE INFRAEST. E SERVIÇOS PÚBLICOS";"15";"URBANISMO";"452";"SERVIÇOS URBANOS";"2024";"2812";"2008";"49";"5";"100002650";"COMPANHIA PIRATININGA DE FORCA E LUZ";"04172213000151";"INEXIGIBILIDADE";"0";"PROPRIA";"33903999";"OUTROS SERVICOS DE TERCEIROS - PESSOA JURIDICA";"ENERGIA ELETRICA(TAXAS E TAR.).";"7524.52";"2024";"L";"25/01/2024";"0";"01/01/2024";"31/01/2024";"10"
"UNIDADE DE GESTÃO DE INFRAEST. E SERVIÇOS PÚBLICOS";"15";"URBANISMO";"452";"SERVIÇOS URBANOS";"2024";"2812";"2008";"49";"5";"100002650";"COMPANHIA PIRATININGA DE FORCA E LUZ";"04172213000151";"INEXIGIBILIDADE";"0";"PROPRIA";"33903999";"OUTROS SERVICOS DE TERCEIROS - PESSOA JURIDICA";"ENERGIA ELETRICA(TAXAS E TAR.).";"5992.62";"2024";"L";"25/01/2024";"0";"01/01/2024";"31/01/2024";"10"
"UNIDADE DE GESTÃO DE INFRAEST. E SERVIÇOS PÚBLICOS";"15";"URBANISMO";"452";"SERVIÇOS URBANOS";"2024";"2812";"2008";"49";"5";"100002650";"COMPANHIA PIRATININGA DE FORCA E LUZ";"04172213000151";"INEXIGIBILIDADE";"0";"PROPRIA";"33903999";"OUTROS SERVICOS DE TERCEIROS - PESSOA JURIDICA";"ENERGIA ELETRICA(TAXAS E TAR.).";"1338.58";"2024";"L";"26/01/2024";"0";"01/01/2024";"31/01/2024";"10"
"UNIDADE DE GESTÃO DE INFRAEST. E SERVIÇOS PÚBLICOS";"15";"URBANISMO";"452";"SERVIÇOS URBANOS";"2024";"2812";"2008";"49";"5";"100002650";"COMPANHIA PIRATININGA DE FORCA E LUZ";"04172213000151";"INEXIGIBILIDADE";"0";"PROPRIA";"33903999";"OUTROS SERVICOS DE TERCEIROS - PESSOA JURIDICA";"ENERGIA ELETRICA(TAXAS E TAR.).";"1449.72";"2024";"L";"26/01/2024";"0";"01/01/2024";"31/01/2024";"10"
"UNIDADE DE GESTÃO DE INFRAEST. E SERVIÇOS PÚBLICOS";"15";"URBANISMO";"452";"SERVIÇOS URBANOS";"2024";"2812";"2008";"49";"5";"100002650";"COMPANHIA PIRATININGA DE FORCA E LUZ";"04172213000151";"INEXIGIBILIDADE";"0";"PROPRIA";"33903999";"OUTROS SERVICOS DE TERCEIROS - PESSOA JURIDICA";"ENERGIA ELETRICA(TAXAS E TAR.).";"6920.23";"2024";"L";"31/01/2024";"0";"01/01/2024";"31/01/2024";"10"
"UNIDADE DE GESTÃO DE GOVERNO E FINANÇAS";"28";"ENCARGOS ESPECIAIS";"846";"OUTROS ENCARGOS ESPECIAIS";"2024";"2834";"";"0";"0";"100049754";"AGUINALDO APARECIDO MORENO";"05754638809";"";"0";"PROPRIA";"33909115";"SENTENÇAS JUDICIAIS DE PEQUENO VALOR";"DESPESAS OBRIGATORIAS E/OU JUDICIAIS(P. FISICAS).";"8146.88";"2024";"L";"24/01/2024";"0";"01/01/2024";"31/01/2024";"8"
"UNIDADE DE GESTÃO DE GOVERNO E FINANÇAS";"28";"ENCARGOS ESPECIAIS";"846";"OUTROS ENCARGOS ESPECIAIS";"2024";"2835";"";"0";"0";"100044859";"CAPPUCCELLI & OLIVEIRA ADVOCACIA";"36712078000186";"";"0";"PROPRIA";"33909115";"SENTENÇAS JUDICIAIS DE PEQUENO VALOR";"DESPESAS OBRIGATORIAS E/OU JUDICIAIS(P. JURIDICAS).";"1222.59";"2024";"L";"24/01/2024";"0";"01/01/2024";"31/01/2024";"8"
"UNIDADE DE GESTÃO DE GOVERNO E FINANÇAS";"28";"ENCARGOS ESPECIAIS";"846";"OUTROS ENCARGOS ESPECIAIS";"2024";"2836";"";"0";"0";"100036495";"ELIELTON HENRIQUE DA SILVA";"39862806850";"";"0";"PROPRIA";"33909115";"SENTENÇAS JUDICIAIS DE PEQUENO VALOR";"DESPESAS OBRIGATORIAS E/OU JUDICIAIS(P. FISICAS).";"3843.41";"2024";"L";"24/01/2024";"0";"01/01/2024";"31/01/2024";"8"
"UNIDADE DE GESTÃO DE GOVERNO E FINANÇAS";"28";"ENCARGOS ESPECIAIS";"846";"OUTROS ENCARGOS ESPECIAIS";"2024";"2837";"";"0";"0";"100044859";"CAPPUCCELLI & OLIVEIRA ADVOCACIA";"36712078000186";"";"0";"PROPRIA";"33909115";"SENTENÇAS JUDICIAIS DE PEQUENO VALOR";"DESPESAS OBRIGATORIAS E/OU JUDICIAIS(P. JURIDICAS).";"384.34";"2024";"L";"24/01/2024";"0";"01/01/2024";"31/01/2024";"8"
"UNIDADE DE GESTÃO DE GOVERNO E FINANÇAS";"28";"ENCARGOS ESPECIAIS";"846";"OUTROS ENCARGOS ESPECIAIS";"2024";"2838";"";"0";"0";"100053583";"MAURO LUIZ GATTAMORTA";"22023700809";"";"0";"PROPRIA";"33909115";"SENTENÇAS JUDICIAIS DE PEQUENO VALOR";"DESPESAS OBRIGATORIAS E/OU JUDICIAIS(P. FISICAS).";"5009.87";"2024";"L";"24/01/2024";"0";"01/01/2024";"31/01/2024";"8"
"UNIDADE DE GESTÃO DE PROMOÇÃO DA SAÚDE";"10";"SAÚDE";"303";"SUPORTE PROFILÁTICO E TERAPÊUTICO";"2024";"2869";"2023";"127";"14";"100041021";"FARMACIA DE MANIPULAÇÃO IDEAL FORMULAS LTDA-ME";"04522343000177";"PREGÃO ELETRÔNICO";"0";"PROPRIA";"33903037";"MEDICAMENTOS FORNECIDOS POR DECISÃO JUDICIAL";"FORMULA MANIPULADA-GABAPENTINA 700MG";"223.2";"2024";"L";"30/01/2024";"0";"01/01/2024";"31/01/2024";"14"
"UNIDADE DE GESTÃO DE GOVERNO E FINANÇAS";"28";"ENCARGOS ESPECIAIS";"846";"OUTROS ENCARGOS ESPECIAIS";"2024";"2903";"";"0";"0";"100034419";"VELLOZA & GIROTTO ADVOGADOS ASSOCIADOS";"71714208000110";"";"0";"PROPRIA";"33909115";"SENTENÇAS JUDICIAIS DE PEQUENO VALOR";"DESPESAS OBRIGATORIAS E/OU JUDICIAIS(P. JURIDICAS).";"1568.87";"2024";"L";"24/01/2024";"0";"01/01/2024";"31/01/2024";"8"
"UNIDADE DE GESTÃO DA CASA CIVIL";"4";"ADMINISTRAÇÃO";"122";"ADMINISTRAÇÃO GERAL";"2024";"2913";"";"0";"0";"100012604";"FOLHA DE PAGAMENTO";"45780103000150";"";"0";"PROPRIA";"31901137";"GRATIFICACOES POR TEMPO DE SERVICO";"FOLHA DE PAGAMENTO";"533.99";"2024";"L";"25/01/2024";"0";"01/01/2024";"31/01/2024";"3"
"UNIDADE DE GESTÃO DA CASA CIVIL";"4";"ADMINISTRAÇÃO";"122";"ADMINISTRAÇÃO GERAL";"2024";"2914";"";"0";"0";"100012604";"FOLHA DE PAGAMENTO";"45780103000150";"";"0";"PROPRIA";"31901145";"FÉRIAS - ABONO CONSTITUICOES";"FOLHA DE PAGAMENTO";"1957.95";"2024";"L";"25/01/2024";"0";"01/01/2024";"31/01/2024";"3"
"UNIDADE DE GESTÃO DA CASA CIVIL";"4";"ADMINISTRAÇÃO";"122";"ADMINISTRAÇÃO GERAL";"2024";"2915";"";"0";"0";"100012604";"FOLHA DE PAGAMENTO";"45780103000150";"";"0";"PROPRIA";"31901146";"FÉRIAS - PAGAMENTO ANTECIPADO - RPPS";"FOLHA DE PAGAMENTO";"4517.51";"2024";"L";"25/01/2024";"0";"01/01/2024";"31/01/2024";"3"
"UNIDADE DE GESTÃO DE NEG. JURÍDICOS E CIDADANIA";"4";"ADMINISTRAÇÃO";"122";"ADMINISTRAÇÃO GERAL";"2024";"2916";"";"0";"0";"100012604";"FOLHA DE PAGAMENTO";"45780103000150";"";"0";"PROPRIA";"31901131";"GRATIFICACOES POR EXERCICIO DE  CARGO";"FOLHA DE PAGAMENTO";"2460.14";"2024";"L";"25/01/2024";"0";"01/01/2024";"31/01/2024";"6"
"UNIDADE DE GESTÃO DE NEG. JURÍDICOS E CIDADANIA";"4";"ADMINISTRAÇÃO";"122";"ADMINISTRAÇÃO GERAL";"2024";"2917";"";"0";"0";"100012604";"FOLHA DE PAGAMENTO";"45780103000150";"";"0";"PROPRIA";"31901137";"GRATIFICACOES POR TEMPO DE SERVICO";"FOLHA DE PAGAMENTO";"615.03";"2024";"L";"25/01/2024";"0";"01/01/2024";"31/01/2024";"6"
"UNIDADE DE GESTÃO DE NEG. JURÍDICOS E CIDADANIA";"4";"ADMINISTRAÇÃO";"122";"ADMINISTRAÇÃO GERAL";"2024";"2918";"";"0";"0";"100012604";"FOLHA DE PAGAMENTO";"45780103000150";"";"0";"PROPRIA";"31901145";"FÉRIAS - ABONO CONSTITUICOES";"FOLHA DE PAGAMENTO";"4761.8";"2024";"L";"25/01/2024";"0";"01/01/2024";"31/01/2024";"6"
"UNIDADE DE GESTÃO DE NEG. JURÍDICOS E CIDADANIA";"4";"ADMINISTRAÇÃO";"122";"ADMINISTRAÇÃO GERAL";"2024";"2919";"";"0";"0";"100012604";"FOLHA DE PAGAMENTO";"45780103000150";"";"0";"PROPRIA";"31901146";"FÉRIAS - PAGAMENTO ANTECIPADO - RPPS";"FOLHA DE PAGAMENTO";"8042.15";"2024";"L";"25/01/2024";"0";"01/01/2024";"31/01/2024";"6"
"UNIDADE DE GESTÃO DE ADMINIST. E GESTÃO DE PESSOAS";"4";"ADMINISTRAÇÃO";"122";"ADMINISTRAÇÃO GERAL";"2024";"2920";"";"0";"0";"100012604";"FOLHA DE PAGAMENTO";"45780103000150";"";"0";"PROPRIA";"31901133";"GRATIFICACOES POR EXERCICIO DE  FUNCOES";"FOLHA DE PAGAMENTO";"447.05";"2024";"L";"25/01/2024";"0";"01/01/2024";"31/01/2024";"7"
"UNIDADE DE GESTÃO DE ADMINIST. E GESTÃO DE PESSOAS";"4";"ADMINISTRAÇÃO";"122";"ADMINISTRAÇÃO GERAL";"2024";"2921";"";"0";"0";"100012604";"FOLHA DE PAGAMENTO";"45780103000150";"";"0";"PROPRIA";"31901137";"GRATIFICACOES POR TEMPO DE SERVICO";"FOLHA DE PAGAMENTO";"148.29";"2024";"L";"25/01/2024";"0";"01/01/2024";"31/01/2024";"7"
"UNIDADE DE GESTÃO DE ADMINIST. E GESTÃO DE PESSOAS";"4";"ADMINISTRAÇÃO";"122";"ADMINISTRAÇÃO GERAL";"2024";"2922";"";"0";"0";"100012604";"FOLHA DE PAGAMENTO";"45780103000150";"";"0";"PROPRIA";"31901143";"13 SALARIO";"FOLHA DE PAGAMENTO";"6962.78";"2024";"L";"25/01/2024";"0";"01/01/2024";"31/01/2024";"7"
"UNIDADE DE GESTÃO DE ADMINIST. E GESTÃO DE PESSOAS";"4";"ADMINISTRAÇÃO";"122";"ADMINISTRAÇÃO GERAL";"2024";"2923";"";"0";"0";"100012604";"FOLHA DE PAGAMENTO";"45780103000150";"";"0";"PROPRIA";"31901144";"FÉRIAS - ABONO PECUNIARIO";"FOLHA DE PAGAMENTO";"6189.13";"2024";"L";"25/01/2024";"0";"01/01/2024";"31/01/2024";"7"
"UNIDADE DE GESTÃO DE ADMINIST. E GESTÃO DE PESSOAS";"4";"ADMINISTRAÇÃO";"122";"ADMINISTRAÇÃO GERAL";"2024";"2924";"";"0";"0";"100012604";"FOLHA DE PAGAMENTO";"45780103000150";"";"0";"PROPRIA";"31901145";"FÉRIAS - ABONO CONSTITUICOES";"FOLHA DE PAGAMENTO";"1547.28";"2024";"L";"25/01/2024";"0";"01/01/2024";"31/01/2024";"7"
"UNIDADE DE GESTÃO DE ADMINIST. E GESTÃO DE PESSOAS";"4";"ADMINISTRAÇÃO";"122";"ADMINISTRAÇÃO GERAL";"2024";"2925";"";"0";"0";"100012604";"FOLHA DE PAGAMENTO";"45780103000150";"";"0";"PROPRIA";"31901145";"FÉRIAS - ABONO CONSTITUICOES";"FOLHA DE PAGAMENTO";"692.73";"2024";"L";"25/01/2024";"0";"01/01/2024";"31/01/2024";"7"
"UNIDADE DE GESTÃO DE ADMINIST. E GESTÃO DE PESSOAS";"4";"ADMINISTRAÇÃO";"122";"ADMINISTRAÇÃO GERAL";"2024";"2926";"";"0";"0";"100012604";"FOLHA DE PAGAMENTO";"45780103000150";"";"0";"PROPRIA";"31901146";"FÉRIAS - PAGAMENTO ANTECIPADO - RPPS";"FOLHA DE PAGAMENTO";"3047.14";"2024";"L";"25/01/2024";"0";"01/01/2024";"31/01/2024";"7"
"UNIDADE DE GESTÃO DE ADMINIST. E GESTÃO DE PESSOAS";"4";"ADMINISTRAÇÃO";"122";"ADMINISTRAÇÃO GERAL";"2024";"2927";"";"0";"0";"100012604";"FOLHA DE PAGAMENTO";"45780103000150";"";"0";"PROPRIA";"31901146";"FÉRIAS - PAGAMENTO ANTECIPADO - RPPS";"FOLHA DE PAGAMENTO";"1241.94";"2024";"L";"25/01/2024";"0";"01/01/2024";"31/01/2024";"7"
"UNIDADE DE GESTÃO DE ADMINIST. E GESTÃO DE PESSOAS";"17";"SANEAMENTO";"122";"ADMINISTRAÇÃO GERAL";"2024";"2928";"";"0";"0";"100012604";"FOLHA DE PAGAMENTO";"45780103000150";"";"902";"RESTITUIÇÕES DAE S/A";"31901107";"ABONO DE PERMANENCIA";"FOLHA DE PAGAMENTO";"1055.66";"2024";"L";"25/01/2024";"0";"01/01/2024";"31/01/2024";"7"
"UNIDADE DE GESTÃO DE ADMINIST. E GESTÃO DE PESSOAS";"17";"SANEAMENTO";"122";"ADMINISTRAÇÃO GERAL";"2024";"2929";"";"0";"0";"100012604";"FOLHA DE PAGAMENTO";"45780103000150";"";"902";"RESTITUIÇÕES DAE S/A";"31901110";"ADICIONAL DE INSALUBRIDADE";"FOLHA DE PAGAMENTO";"376.53";"2024";"L";"25/01/2024";"0";"01/01/2024";"31/01/2024";"7"
"UNIDADE DE GESTÃO DE ADMINIST. E GESTÃO DE PESSOAS";"17";"SANEAMENTO";"122";"ADMINISTRAÇÃO GERAL";"2024";"2930";"";"0";"0";"100012604";"FOLHA DE PAGAMENTO";"45780103000150";"";"902";"RESTITUIÇÕES DAE S/A";"31901137";"GRATIFICACOES POR TEMPO DE SERVICO";"FOLHA DE PAGAMENTO";"3957.44";"2024";"L";"25/01/2024";"0";"01/01/2024";"31/01/2024";"7"
"UNIDADE DE GESTÃO DE ADMINIST. E GESTÃO DE PESSOAS";"17";"SANEAMENTO";"122";"ADMINISTRAÇÃO GERAL";"2024";"2931";"";"0";"0";"100012604";"FOLHA DE PAGAMENTO";"45780103000150";"";"902";"RESTITUIÇÕES DAE S/A";"31901143";"13 SALARIO";"FOLHA DE PAGAMENTO";"5655.35";"2024";"L";"25/01/2024";"0";"01/01/2024";"31/01/2024";"7"
"UNIDADE DE GESTÃO DE ADMINIST. E GESTÃO DE PESSOAS";"17";"SANEAMENTO";"122";"ADMINISTRAÇÃO GERAL";"2024";"2932";"";"0";"0";"100012604";"FOLHA DE PAGAMENTO";"45780103000150";"";"902";"RESTITUIÇÕES DAE S/A";"31901144";"FÉRIAS - ABONO PECUNIARIO";"FOLHA DE PAGAMENTO";"5026.97";"2024";"L";"25/01/2024";"0";"01/01/2024";"31/01/2024";"7"
"UNIDADE DE GESTÃO DE ADMINIST. E GESTÃO DE PESSOAS";"17";"SANEAMENTO";"122";"ADMINISTRAÇÃO GERAL";"2024";"2933";"";"0";"0";"100012604";"FOLHA DE PAGAMENTO";"45780103000150";"";"902";"RESTITUIÇÕES DAE S/A";"31901145";"FÉRIAS - ABONO CONSTITUICOES";"FOLHA DE PAGAMENTO";"4404.73";"2024";"L";"25/01/2024";"0";"01/01/2024";"31/01/2024";"7"
"UNIDADE DE GESTÃO DE ADMINIST. E GESTÃO DE PESSOAS";"17";"SANEAMENTO";"122";"ADMINISTRAÇÃO GERAL";"2024";"2934";"";"0";"0";"100012604";"FOLHA DE PAGAMENTO";"45780103000150";"";"902";"RESTITUIÇÕES DAE S/A";"31901146";"FÉRIAS - PAGAMENTO ANTECIPADO - RPPS";"FOLHA DE PAGAMENTO";"5631.26";"2024";"L";"25/01/2024";"0";"01/01/2024";"31/01/2024";"7"
"UNIDADE DE GESTÃO DE ADMINIST. E GESTÃO DE PESSOAS";"4";"ADMINISTRAÇÃO";"122";"ADMINISTRAÇÃO GERAL";"2024";"2935";"";"0";"0";"100012604";"FOLHA DE PAGAMENTO";"45780103000150";"";"0";"PROPRIA";"31901145";"FÉRIAS - ABONO CONSTITUICOES";"FOLHA DE PAGAMENTO";"1286.23";"2024";"L";"25/01/2024";"0";"01/01/2024";"31/01/2024";"7"
"UNIDADE DE GESTÃO DE ADMINIST. E GESTÃO DE PESSOAS";"4";"ADMINISTRAÇÃO";"122";"ADMINISTRAÇÃO GERAL";"2024";"2936";"";"0";"0";"100012604";"FOLHA DE PAGAMENTO";"45780103000150";"";"0";"PROPRIA";"31901146";"FÉRIAS - PAGAMENTO ANTECIPADO - RPPS";"FOLHA DE PAGAMENTO";"2961.17";"2024";"L";"25/01/2024";"0";"01/01/2024";"31/01/2024";"7"
"UNIDADE DE GESTÃO DE ADMINIST. E GESTÃO DE PESSOAS";"4";"ADMINISTRAÇÃO";"122";"ADMINISTRAÇÃO GERAL";"2024";"2937";"";"0";"0";"100012604";"FOLHA DE PAGAMENTO";"45780103000150";"";"0";"PROPRIA";"31901644";"SERVIÇOS EXTRAORDINÁRIOS";"FOLHA DE PAGAMENTO";"415.48";"2024";"L";"25/01/2024";"0";"01/01/2024";"31/01/2024";"7"
"UNIDADE DE GESTÃO DE GOVERNO E FINANÇAS";"4";"ADMINISTRAÇÃO";"122";"ADMINISTRAÇÃO GERAL";"2024";"2938";"";"0";"0";"100012604";"FOLHA DE PAGAMENTO";"45780103000150";"";"0";"PROPRIA";"31901105";"INCORPORADOS";"FOLHA DE PAGAMENTO";"2499.27";"2024";"L";"25/01/2024";"0";"01/01/2024";"31/01/2024";"8"
"UNIDADE DE GESTÃO DE GOVERNO E FINANÇAS";"4";"ADMINISTRAÇÃO";"122";"ADMINISTRAÇÃO GERAL";"2024";"2939";"";"0";"0";"100012604";"FOLHA DE PAGAMENTO";"45780103000150";"";"0";"PROPRIA";"31901133";"GRATIFICACOES POR EXERCICIO DE  FUNCOES";"FOLHA DE PAGAMENTO";"1425.03";"2024";"L";"25/01/2024";"0";"01/01/2024";"31/01/2024";"8"
"UNIDADE DE GESTÃO DE GOVERNO E FINANÇAS";"4";"ADMINISTRAÇÃO";"122";"ADMINISTRAÇÃO GERAL";"2024";"2940";"";"0";"0";"100012604";"FOLHA DE PAGAMENTO";"45780103000150";"";"0";"PROPRIA";"31901137";"GRATIFICACOES POR TEMPO DE SERVICO";"FOLHA DE PAGAMENTO";"2256.91";"2024";"L";"25/01/2024";"0";"01/01/2024";"31/01/2024";"8"
"UNIDADE DE GESTÃO DE GOVERNO E FINANÇAS";"4";"ADMINISTRAÇÃO";"122";"ADMINISTRAÇÃO GERAL";"2024";"2941";"";"0";"0";"100012604";"FOLHA DE PAGAMENTO";"45780103000150";"";"0";"PROPRIA";"31901137";"GRATIFICACOES POR TEMPO DE SERVICO";"FOLHA DE PAGAMENTO";"3343.49";"2024";"L";"25/01/2024";"0";"01/01/2024";"31/01/2024";"8"
"UNIDADE DE GESTÃO DE GOVERNO E FINANÇAS";"4";"ADMINISTRAÇÃO";"122";"ADMINISTRAÇÃO GERAL";"2024";"2942";"";"0";"0";"100012604";"FOLHA DE PAGAMENTO";"45780103000150";"";"0";"PROPRIA";"31901145";"FÉRIAS - ABONO CONSTITUICOES";"FOLHA DE PAGAMENTO";"6396.85";"2024";"L";"25/01/2024";"0";"01/01/2024";"31/01/2024";"8"
"UNIDADE DE GESTÃO DE GOVERNO E FINANÇAS";"4";"ADMINISTRAÇÃO";"122";"ADMINISTRAÇÃO GERAL";"2024";"2943";"";"0";"0";"100012604";"FOLHA DE PAGAMENTO";"45780103000150";"";"0";"PROPRIA";"31901145";"FÉRIAS - ABONO CONSTITUICOES";"FOLHA DE PAGAMENTO";"2660.8";"2024";"L";"25/01/2024";"0";"01/01/2024";"31/01/2024";"8"
"UNIDADE DE GESTÃO DE GOVERNO E FINANÇAS";"4";"ADMINISTRAÇÃO";"122";"ADMINISTRAÇÃO GERAL";"2024";"2944";"";"0";"0";"100012604";"FOLHA DE PAGAMENTO";"45780103000150";"";"0";"PROPRIA";"31901146";"FÉRIAS - PAGAMENTO ANTECIPADO - RPPS";"FOLHA DE PAGAMENTO";"831.66";"2024";"L";"25/01/2024";"0";"01/01/2024";"31/01/2024";"8"
"UNIDADE DE GESTÃO DE GOVERNO E FINANÇAS";"4";"ADMINISTRAÇÃO";"122";"ADMINISTRAÇÃO GERAL";"2024";"2945";"";"0";"0";"100012604";"FOLHA DE PAGAMENTO";"45780103000150";"";"0";"PROPRIA";"31901146";"FÉRIAS - PAGAMENTO ANTECIPADO - RPPS";"FOLHA DE PAGAMENTO";"12305.14";"2024";"L";"25/01/2024";"0";"01/01/2024";"31/01/2024";"8"
"UNIDADE DE GESTÃO DE GOVERNO E FINANÇAS";"4";"ADMINISTRAÇÃO";"122";"ADMINISTRAÇÃO GERAL";"2024";"2946";"";"0";"0";"100012604";"FOLHA DE PAGAMENTO";"45780103000150";"";"0";"PROPRIA";"31901644";"SERVIÇOS EXTRAORDINÁRIOS";"FOLHA DE PAGAMENTO";"224.76";"2024";"L";"25/01/2024";"0";"01/01/2024";"31/01/2024";"8"
"UNIDADE DE GESTÃO DE INFRAEST. E SERVIÇOS PÚBLICOS";"15";"URBANISMO";"122";"ADMINISTRAÇÃO GERAL";"2024";"2947";"";"0";"0";"100012604";"FOLHA DE PAGAMENTO";"45780103000150";"";"0";"PROPRIA";"31901137";"GRATIFICACOES POR TEMPO DE SERVICO";"FOLHA DE PAGAMENTO";"145.32";"2024";"L";"25/01/2024";"0";"01/01/2024";"31/01/2024";"10"
"UNIDADE DE GESTÃO DE INFRAEST. E SERVIÇOS PÚBLICOS";"15";"URBANISMO";"122";"ADMINISTRAÇÃO GERAL";"2024";"2948";"";"0";"0";"100012604";"FOLHA DE PAGAMENTO";"45780103000150";"";"0";"PROPRIA";"31901145";"FÉRIAS - ABONO CONSTITUICOES";"FOLHA DE PAGAMENTO";"1830.55";"2024";"L";"25/01/2024";"0";"01/01/2024";"31/01/2024";"10"
"UNIDADE DE GESTÃO DE INFRAEST. E SERVIÇOS PÚBLICOS";"15";"URBANISMO";"122";"ADMINISTRAÇÃO GERAL";"2024";"2949";"";"0";"0";"100012604";"FOLHA DE PAGAMENTO";"45780103000150";"";"0";"PROPRIA";"31901146";"FÉRIAS - PAGAMENTO ANTECIPADO - RPPS";"FOLHA DE PAGAMENTO";"4577.49";"2024";"L";"25/01/2024";"0";"01/01/2024";"31/01/2024";"10"
"UNIDADE GESTÃO DE PLANEJ. URBANO E MEIO AMBIENTE";"18";"GESTÃO AMBIENTAL";"122";"ADMINISTRAÇÃO GERAL";"2024";"2950";"";"0";"0";"100012604";"FOLHA DE PAGAMENTO";"45780103000150";"";"0";"PROPRIA";"31901109";"ADICIONAL DE PERICULOSIDADE";"FOLHA DE PAGAMENTO";"908.06";"2024";"L";"25/01/2024";"0";"01/01/2024";"31/01/2024";"11"
"UNIDADE GESTÃO DE PLANEJ. URBANO E MEIO AMBIENTE";"18";"GESTÃO AMBIENTAL";"122";"ADMINISTRAÇÃO GERAL";"2024";"2951";"";"0";"0";"100012604";"FOLHA DE PAGAMENTO";"45780103000150";"";"0";"PROPRIA";"31901133";"GRATIFICACOES POR EXERCICIO DE  FUNCOES";"FOLHA DE PAGAMENTO";"447.05";"2024";"L";"25/01/2024";"0";"01/01/2024";"31/01/2024";"11"
"UNIDADE GESTÃO DE PLANEJ. URBANO E MEIO AMBIENTE";"18";"GESTÃO AMBIENTAL";"122";"ADMINISTRAÇÃO GERAL";"2024";"2952";"";"0";"0";"100012604";"FOLHA DE PAGAMENTO";"45780103000150";"";"0";"PROPRIA";"31901137";"GRATIFICACOES POR TEMPO DE SERVICO";"FOLHA DE PAGAMENTO";"1349.79";"2024";"L";"25/01/2024";"0";"01/01/2024";"31/01/2024";"11"
"UNIDADE GESTÃO DE PLANEJ. URBANO E MEIO AMBIENTE";"18";"GESTÃO AMBIENTAL";"122";"ADMINISTRAÇÃO GERAL";"2024";"2953";"";"0";"0";"100012604";"FOLHA DE PAGAMENTO";"45780103000150";"";"0";"PROPRIA";"31901145";"FÉRIAS - ABONO CONSTITUICOES";"FOLHA DE PAGAMENTO";"2500.5";"2024";"L";"25/01/2024";"0";"01/01/2024";"31/01/2024";"11"
"UNIDADE GESTÃO DE PLANEJ. URBANO E MEIO AMBIENTE";"18";"GESTÃO AMBIENTAL";"122";"ADMINISTRAÇÃO GERAL";"2024";"2954";"";"0";"0";"100012604";"FOLHA DE PAGAMENTO";"45780103000150";"";"0";"PROPRIA";"31901146";"FÉRIAS - PAGAMENTO ANTECIPADO - RPPS";"FOLHA DE PAGAMENTO";"3923.57";"2024";"L";"25/01/2024";"0";"01/01/2024";"31/01/2024";"11"
"UNIDADE DE GESTÃO DE MOBILIDADE E TRANSPORTE";"15";"URBANISMO";"122";"ADMINISTRAÇÃO GERAL";"2024";"2955";"";"0";"0";"100012604";"FOLHA DE PAGAMENTO";"45780103000150";"";"0";"PROPRIA";"31901104";"ADICIONAL NOTURNO";"FOLHA DE PAGAMENTO";"349.68";"2024";"L";"25/01/2024";"0";"01/01/2024";"31/01/2024";"12"
"UNIDADE DE GESTÃO DE MOBILIDADE E TRANSPORTE";"15";"URBANISMO";"122";"ADMINISTRAÇÃO GERAL";"2024";"2956";"";"0";"0";"100012604";"FOLHA DE PAGAMENTO";"45780103000150";"";"0";"PROPRIA";"31901133";"GRATIFICACOES POR EXERCICIO DE  FUNCOES";"FOLHA DE PAGAMENTO";"3547.08";"2024";"L";"25/01/2024";"0";"01/01/2024";"31/01/2024";"12"
"UNIDADE DE GESTÃO DE MOBILIDADE E TRANSPORTE";"15";"URBANISMO";"122";"ADMINISTRAÇÃO GERAL";"2024";"2957";"";"0";"0";"100012604";"FOLHA DE PAGAMENTO";"45780103000150";"";"0";"PROPRIA";"31901137";"GRATIFICACOES POR TEMPO DE SERVICO";"FOLHA DE PAGAMENTO";"1549.33";"2024";"L";"25/01/2024";"0";"01/01/2024";"31/01/2024";"12"
"UNIDADE DE GESTÃO DE MOBILIDADE E TRANSPORTE";"15";"URBANISMO";"122";"ADMINISTRAÇÃO GERAL";"2024";"2958";"";"0";"0";"100012604";"FOLHA DE PAGAMENTO";"45780103000150";"";"0";"PROPRIA";"31901144";"FÉRIAS - ABONO PECUNIARIO";"FOLHA DE PAGAMENTO";"13907.37";"2024";"L";"25/01/2024";"0";"01/01/2024";"31/01/2024";"12"
"UNIDADE DE GESTÃO DE MOBILIDADE E TRANSPORTE";"15";"URBANISMO";"122";"ADMINISTRAÇÃO GERAL";"2024";"2959";"";"0";"0";"100012604";"FOLHA DE PAGAMENTO";"45780103000150";"";"0";"PROPRIA";"31901145";"FÉRIAS - ABONO CONSTITUICOES";"FOLHA DE PAGAMENTO";"5666.92";"2024";"L";"25/01/2024";"0";"01/01/2024";"31/01/2024";"12"
"UNIDADE DE GESTÃO DE MOBILIDADE E TRANSPORTE";"15";"URBANISMO";"122";"ADMINISTRAÇÃO GERAL";"2024";"2960";"";"0";"0";"100012604";"FOLHA DE PAGAMENTO";"45780103000150";"";"0";"PROPRIA";"31901146";"FÉRIAS - PAGAMENTO ANTECIPADO - RPPS";"FOLHA DE PAGAMENTO";"8451.53";"2024";"L";"25/01/2024";"0";"01/01/2024";"31/01/2024";"12"
"UNIDADE DE GESTÃO DE MOBILIDADE E TRANSPORTE";"15";"URBANISMO";"122";"ADMINISTRAÇÃO GERAL";"2024";"2961";"";"0";"0";"100012604";"FOLHA DE PAGAMENTO";"45780103000150";"";"0";"PROPRIA";"31901644";"SERVIÇOS EXTRAORDINÁRIOS";"FOLHA DE PAGAMENTO";"923.23";"2024";"L";"25/01/2024";"0";"01/01/2024";"31/01/2024";"12"
"UNIDADE DE GESTÃO DE EDUCAÇÃO";"12";"EDUCAÇÃO";"365";"EDUCAÇÃO INFANTIL";"2024";"2962";"";"0";"0";"100012604";"FOLHA DE PAGAMENTO";"45780103000150";"";"0";"PROPRIA";"31901133";"GRATIFICACOES POR EXERCICIO DE  FUNCOES";"FOLHA DE PAGAMENTO";"116.89";"2024";"L";"25/01/2024";"0";"01/01/2024";"31/01/2024";"13"
"UNIDADE DE GESTÃO DE EDUCAÇÃO";"12";"EDUCAÇÃO";"365";"EDUCAÇÃO INFANTIL";"2024";"2963";"";"0";"0";"100012604";"FOLHA DE PAGAMENTO";"45780103000150";"";"0";"PROPRIA";"31901137";"GRATIFICACOES POR TEMPO DE SERVICO";"FOLHA DE PAGAMENTO";"116.89";"2024";"L";"25/01/2024";"0";"01/01/2024";"31/01/2024";"13"
"UNIDADE DE GESTÃO DE EDUCAÇÃO";"12";"EDUCAÇÃO";"365";"EDUCAÇÃO INFANTIL";"2024";"2964";"";"0";"0";"100012604";"FOLHA DE PAGAMENTO";"45780103000150";"";"0";"PROPRIA";"31901144";"FÉRIAS - ABONO PECUNIARIO";"FOLHA DE PAGAMENTO";"4572.05";"2024";"L";"25/01/2024";"0";"01/01/2024";"31/01/2024";"13"
"UNIDADE DE GESTÃO DE EDUCAÇÃO";"12";"EDUCAÇÃO";"365";"EDUCAÇÃO INFANTIL";"2024";"2965";"";"0";"0";"100012604";"FOLHA DE PAGAMENTO";"45780103000150";"";"0";"PROPRIA";"31901145";"FÉRIAS - ABONO CONSTITUICOES";"FOLHA DE PAGAMENTO";"1143.01";"2024";"L";"25/01/2024";"0";"01/01/2024";"31/01/2024";"13"
"UNIDADE DE GESTÃO DE EDUCAÇÃO";"12";"EDUCAÇÃO";"365";"EDUCAÇÃO INFANTIL";"2024";"2966";"";"0";"0";"100012604";"FOLHA DE PAGAMENTO";"45780103000150";"";"0";"PROPRIA";"31901146";"FÉRIAS - PAGAMENTO ANTECIPADO - RPPS";"FOLHA DE PAGAMENTO";"2237.3";"2024";"L";"25/01/2024";"0";"01/01/2024";"31/01/2024";"13"
"UNIDADE DE GESTÃO DE EDUCAÇÃO";"12";"EDUCAÇÃO";"361";"ENSINO FUNDAMENTAL";"2024";"2967";"";"0";"0";"100012604";"FOLHA DE PAGAMENTO";"45780103000150";"";"0";"PROPRIA";"31901133";"GRATIFICACOES POR EXERCICIO DE  FUNCOES";"FOLHA DE PAGAMENTO";"447.05";"2024";"L";"25/01/2024";"0";"01/01/2024";"31/01/2024";"13"
"UNIDADE DE GESTÃO DE EDUCAÇÃO";"12";"EDUCAÇÃO";"361";"ENSINO FUNDAMENTAL";"2024";"2968";"";"0";"0";"100012604";"FOLHA DE PAGAMENTO";"45780103000150";"";"0";"PROPRIA";"31901137";"GRATIFICACOES POR TEMPO DE SERVICO";"FOLHA DE PAGAMENTO";"148.29";"2024";"L";"25/01/2024";"0";"01/01/2024";"31/01/2024";"13"
"UNIDADE DE GESTÃO DE EDUCAÇÃO";"12";"EDUCAÇÃO";"361";"ENSINO FUNDAMENTAL";"2024";"2969";"";"0";"0";"100012604";"FOLHA DE PAGAMENTO";"45780103000150";"";"0";"PROPRIA";"31901144";"FÉRIAS - ABONO PECUNIARIO";"FOLHA DE PAGAMENTO";"2770.92";"2024";"L";"25/01/2024";"0";"01/01/2024";"31/01/2024";"13"
"UNIDADE DE GESTÃO DE EDUCAÇÃO";"12";"EDUCAÇÃO";"361";"ENSINO FUNDAMENTAL";"2024";"2970";"";"0";"0";"100012604";"FOLHA DE PAGAMENTO";"45780103000150";"";"0";"PROPRIA";"31901145";"FÉRIAS - ABONO CONSTITUICOES";"FOLHA DE PAGAMENTO";"692.73";"2024";"L";"25/01/2024";"0";"01/01/2024";"31/01/2024";"13"
"UNIDADE DE GESTÃO DE EDUCAÇÃO";"12";"EDUCAÇÃO";"361";"ENSINO FUNDAMENTAL";"2024";"2971";"";"0";"0";"100012604";"FOLHA DE PAGAMENTO";"45780103000150";"";"0";"PROPRIA";"31901146";"FÉRIAS - PAGAMENTO ANTECIPADO - RPPS";"FOLHA DE PAGAMENTO";"764.75";"2024";"L";"25/01/2024";"0";"01/01/2024";"31/01/2024";"13"
"UNIDADE DE GESTÃO DE PROMOÇÃO DA SAÚDE";"10";"SAÚDE";"122";"ADMINISTRAÇÃO GERAL";"2024";"2972";"";"0";"0";"100012604";"FOLHA DE PAGAMENTO";"45780103000150";"";"0";"PROPRIA";"31901133";"GRATIFICACOES POR EXERCICIO DE  FUNCOES";"FOLHA DE PAGAMENTO";"447.05";"2024";"L";"25/01/2024";"0";"01/01/2024";"31/01/2024";"14"
"UNIDADE DE GESTÃO DE PROMOÇÃO DA SAÚDE";"10";"SAÚDE";"122";"ADMINISTRAÇÃO GERAL";"2024";"2973";"";"0";"0";"100012604";"FOLHA DE PAGAMENTO";"45780103000150";"";"0";"PROPRIA";"31901137";"GRATIFICACOES POR TEMPO DE SERVICO";"FOLHA DE PAGAMENTO";"871.83";"2024";"L";"25/01/2024";"0";"01/01/2024";"31/01/2024";"14"
"UNIDADE DE GESTÃO DE PROMOÇÃO DA SAÚDE";"10";"SAÚDE";"122";"ADMINISTRAÇÃO GERAL";"2024";"2974";"";"0";"0";"100012604";"FOLHA DE PAGAMENTO";"45780103000150";"";"0";"PROPRIA";"31901145";"FÉRIAS - ABONO CONSTITUICOES";"FOLHA DE PAGAMENTO";"960.7";"2024";"L";"25/01/2024";"0";"01/01/2024";"31/01/2024";"14"
"UNIDADE DE GESTÃO DE PROMOÇÃO DA SAÚDE";"10";"SAÚDE";"122";"ADMINISTRAÇÃO GERAL";"2024";"2975";"";"0";"0";"100012604";"FOLHA DE PAGAMENTO";"45780103000150";"";"0";"PROPRIA";"31901145";"FÉRIAS - ABONO CONSTITUICOES";"FOLHA DE PAGAMENTO";"1134.37";"2024";"L";"25/01/2024";"0";"01/01/2024";"31/01/2024";"14"
"UNIDADE DE GESTÃO DE PROMOÇÃO DA SAÚDE";"10";"SAÚDE";"122";"ADMINISTRAÇÃO GERAL";"2024";"2976";"";"0";"0";"100012604";"FOLHA DE PAGAMENTO";"45780103000150";"";"0";"PROPRIA";"31901145";"FÉRIAS - ABONO CONSTITUICOES";"FOLHA DE PAGAMENTO";"2509.63";"2024";"L";"25/01/2024";"0";"01/01/2024";"31/01/2024";"14"
"UNIDADE DE GESTÃO DE PROMOÇÃO DA SAÚDE";"10";"SAÚDE";"122";"ADMINISTRAÇÃO GERAL";"2024";"2977";"";"0";"0";"100012604";"FOLHA DE PAGAMENTO";"45780103000150";"";"0";"PROPRIA";"31901146";"FÉRIAS - PAGAMENTO ANTECIPADO - RPPS";"FOLHA DE PAGAMENTO";"1841.98";"2024";"L";"25/01/2024";"0";"01/01/2024";"31/01/2024";"14"
"UNIDADE DE GESTÃO DE PROMOÇÃO DA SAÚDE";"10";"SAÚDE";"122";"ADMINISTRAÇÃO GERAL";"2024";"2978";"";"0";"0";"100012604";"FOLHA DE PAGAMENTO";"45780103000150";"";"0";"PROPRIA";"31901146";"FÉRIAS - PAGAMENTO ANTECIPADO - RPPS";"FOLHA DE PAGAMENTO";"2048.35";"2024";"L";"25/01/2024";"0";"01/01/2024";"31/01/2024";"14"
"UNIDADE DE GESTÃO DE PROMOÇÃO DA SAÚDE";"10";"SAÚDE";"122";"ADMINISTRAÇÃO GERAL";"2024";"2979";"";"0";"0";"100012604";"FOLHA DE PAGAMENTO";"45780103000150";"";"0";"PROPRIA";"31901146";"FÉRIAS - PAGAMENTO ANTECIPADO - RPPS";"FOLHA DE PAGAMENTO";"6360.78";"2024";"L";"25/01/2024";"0";"01/01/2024";"31/01/2024";"14"
"UNIDADE DE GESTÃO DE PROMOÇÃO DA SAÚDE";"10";"SAÚDE";"122";"ADMINISTRAÇÃO GERAL";"2024";"2980";"";"0";"0";"100012604";"FOLHA DE PAGAMENTO";"45780103000150";"";"0";"PROPRIA";"31901644";"SERVIÇOS EXTRAORDINÁRIOS";"FOLHA DE PAGAMENTO";"40.35";"2024";"L";"25/01/2024";"0";"01/01/2024";"31/01/2024";"14"
"UNIDADE DE GESTÃO DE PROMOÇÃO DA SAÚDE";"10";"SAÚDE";"122";"ADMINISTRAÇÃO GERAL";"2024";"2981";"";"0";"0";"100012604";"FOLHA DE PAGAMENTO";"45780103000150";"";"0";"PROPRIA";"31901644";"SERVIÇOS EXTRAORDINÁRIOS";"FOLHA DE PAGAMENTO";"53.25";"2024";"L";"25/01/2024";"0";"01/01/2024";"31/01/2024";"14"
"UNIDADE DE GESTÃO DE PROMOÇÃO DA SAÚDE";"10";"SAÚDE";"301";"ATENÇÃO BÁSICA";"2024";"2982";"";"0";"0";"100012604";"FOLHA DE PAGAMENTO";"45780103000150";"";"0";"PROPRIA";"31901110";"ADICIONAL DE INSALUBRIDADE";"FOLHA DE PAGAMENTO";"2084.6";"2024";"L";"25/01/2024";"0";"01/01/2024";"31/01/2024";"14"
"UNIDADE DE GESTÃO DE PROMOÇÃO DA SAÚDE";"10";"SAÚDE";"301";"ATENÇÃO BÁSICA";"2024";"2983";"";"0";"0";"100012604";"FOLHA DE PAGAMENTO";"45780103000150";"";"0";"PROPRIA";"31901133";"GRATIFICACOES POR EXERCICIO DE  FUNCOES";"FOLHA DE PAGAMENTO";"782.33";"2024";"L";"25/01/2024";"0";"01/01/2024";"31/01/2024";"14"
"UNIDADE DE GESTÃO DE PROMOÇÃO DA SAÚDE";"10";"SAÚDE";"301";"ATENÇÃO BÁSICA";"2024";"2984";"";"0";"0";"100012604";"FOLHA DE PAGAMENTO";"45780103000150";"";"0";"PROPRIA";"31901137";"GRATIFICACOES POR TEMPO DE SERVICO";"FOLHA DE PAGAMENTO";"2537.47";"2024";"L";"25/01/2024";"0";"01/01/2024";"31/01/2024";"14"
"UNIDADE DE GESTÃO DE PROMOÇÃO DA SAÚDE";"10";"SAÚDE";"301";"ATENÇÃO BÁSICA";"2024";"2985";"";"0";"0";"100012604";"FOLHA DE PAGAMENTO";"45780103000150";"";"0";"PROPRIA";"31901144";"FÉRIAS - ABONO PECUNIARIO";"FOLHA DE PAGAMENTO";"6556.15";"2024";"L";"25/01/2024";"0";"01/01/2024";"31/01/2024";"14"
"UNIDADE DE GESTÃO DE PROMOÇÃO DA SAÚDE";"10";"SAÚDE";"301";"ATENÇÃO BÁSICA";"2024";"2986";"";"0";"0";"100012604";"FOLHA DE PAGAMENTO";"45780103000150";"";"0";"PROPRIA";"31901145";"FÉRIAS - ABONO CONSTITUICOES";"FOLHA DE PAGAMENTO";"13327.81";"2024";"L";"25/01/2024";"0";"01/01/2024";"31/01/2024";"14"
"UNIDADE DE GESTÃO DE PROMOÇÃO DA SAÚDE";"10";"SAÚDE";"301";"ATENÇÃO BÁSICA";"2024";"2987";"";"0";"0";"100012604";"FOLHA DE PAGAMENTO";"45780103000150";"";"0";"PROPRIA";"31901146";"FÉRIAS - PAGAMENTO ANTECIPADO - RPPS";"FOLHA DE PAGAMENTO";"26339.27";"2024";"L";"25/01/2024";"0";"01/01/2024";"31/01/2024";"14"
"UNIDADE DE GESTÃO DE PROMOÇÃO DA SAÚDE";"10";"SAÚDE";"301";"ATENÇÃO BÁSICA";"2024";"2988";"";"0";"0";"100012604";"FOLHA DE PAGAMENTO";"45780103000150";"";"0";"PROPRIA";"31901644";"SERVIÇOS EXTRAORDINÁRIOS";"FOLHA DE PAGAMENTO";"1211.7";"2024";"L";"25/01/2024";"0";"01/01/2024";"31/01/2024";"14"
"UNIDADE DE GESTÃO DE PROMOÇÃO DA SAÚDE";"10";"SAÚDE";"302";"ASSISTÊNCIA HOSPITALAR E AMBULATORIAL";"2024";"2989";"";"0";"0";"100012604";"FOLHA DE PAGAMENTO";"45780103000150";"";"0";"PROPRIA";"31901110";"ADICIONAL DE INSALUBRIDADE";"FOLHA DE PAGAMENTO";"376.52";"2024";"L";"25/01/2024";"0";"01/01/2024";"31/01/2024";"14"
"UNIDADE DE GESTÃO DE PROMOÇÃO DA SAÚDE";"10";"SAÚDE";"302";"ASSISTÊNCIA HOSPITALAR E AMBULATORIAL";"2024";"2990";"";"0";"0";"100012604";"FOLHA DE PAGAMENTO";"45780103000150";"";"0";"PROPRIA";"31901137";"GRATIFICACOES POR TEMPO DE SERVICO";"FOLHA DE PAGAMENTO";"2682.55";"2024";"L";"25/01/2024";"0";"01/01/2024";"31/01/2024";"14"
"UNIDADE DE GESTÃO DE PROMOÇÃO DA SAÚDE";"10";"SAÚDE";"302";"ASSISTÊNCIA HOSPITALAR E AMBULATORIAL";"2024";"2991";"";"0";"0";"100012604";"FOLHA DE PAGAMENTO";"45780103000150";"";"0";"PROPRIA";"31901144";"FÉRIAS - ABONO PECUNIARIO";"FOLHA DE PAGAMENTO";"10643.19";"2024";"L";"25/01/2024";"0";"01/01/2024";"31/01/2024";"14"
"UNIDADE DE GESTÃO DE PROMOÇÃO DA SAÚDE";"10";"SAÚDE";"302";"ASSISTÊNCIA HOSPITALAR E AMBULATORIAL";"2024";"2992";"";"0";"0";"100012604";"FOLHA DE PAGAMENTO";"45780103000150";"";"0";"PROPRIA";"31901145";"FÉRIAS - ABONO CONSTITUICOES";"FOLHA DE PAGAMENTO";"7929.81";"2024";"L";"25/01/2024";"0";"01/01/2024";"31/01/2024";"14"
"UNIDADE DE GESTÃO DE PROMOÇÃO DA SAÚDE";"10";"SAÚDE";"302";"ASSISTÊNCIA HOSPITALAR E AMBULATORIAL";"2024";"2993";"";"0";"0";"100012604";"FOLHA DE PAGAMENTO";"45780103000150";"";"0";"PROPRIA";"31901146";"FÉRIAS - PAGAMENTO ANTECIPADO - RPPS";"FOLHA DE PAGAMENTO";"13229.11";"2024";"L";"25/01/2024";"0";"01/01/2024";"31/01/2024";"14"
"UNIDADE DE GESTÃO DE PROMOÇÃO DA SAÚDE";"10";"SAÚDE";"302";"ASSISTÊNCIA HOSPITALAR E AMBULATORIAL";"2024";"2994";"";"0";"0";"100012604";"FOLHA DE PAGAMENTO";"45780103000150";"";"0";"PROPRIA";"31901644";"SERVIÇOS EXTRAORDINÁRIOS";"FOLHA DE PAGAMENTO";"2965.51";"2024";"L";"25/01/2024";"0";"01/01/2024";"31/01/2024";"14"
"UNIDADE DE GESTÃO DE PROMOÇÃO DA SAÚDE";"10";"SAÚDE";"304";"VIGILÂNCIA SANITÁRIA";"2024";"2995";"";"0";"0";"100012604";"FOLHA DE PAGAMENTO";"45780103000150";"";"0";"PROPRIA";"31901107";"ABONO DE PERMANENCIA";"FOLHA DE PAGAMENTO";"333.84";"2024";"L";"25/01/2024";"0";"01/01/2024";"31/01/2024";"14"
"UNIDADE DE GESTÃO DE PROMOÇÃO DA SAÚDE";"10";"SAÚDE";"304";"VIGILÂNCIA SANITÁRIA";"2024";"2996";"";"0";"0";"100012604";"FOLHA DE PAGAMENTO";"45780103000150";"";"0";"PROPRIA";"31901110";"ADICIONAL DE INSALUBRIDADE";"FOLHA DE PAGAMENTO";"282.39";"2024";"L";"25/01/2024";"0";"01/01/2024";"31/01/2024";"14"
"UNIDADE DE GESTÃO DE PROMOÇÃO DA SAÚDE";"10";"SAÚDE";"304";"VIGILÂNCIA SANITÁRIA";"2024";"2997";"";"0";"0";"100012604";"FOLHA DE PAGAMENTO";"45780103000150";"";"0";"PROPRIA";"31901133";"GRATIFICACOES POR EXERCICIO DE  FUNCOES";"FOLHA DE PAGAMENTO";"1341.13";"2024";"L";"25/01/2024";"0";"01/01/2024";"31/01/2024";"14"
"UNIDADE DE GESTÃO DE PROMOÇÃO DA SAÚDE";"10";"SAÚDE";"304";"VIGILÂNCIA SANITÁRIA";"2024";"2998";"";"0";"0";"100012604";"FOLHA DE PAGAMENTO";"45780103000150";"";"0";"PROPRIA";"31901137";"GRATIFICACOES POR TEMPO DE SERVICO";"FOLHA DE PAGAMENTO";"1437.06";"2024";"L";"25/01/2024";"0";"01/01/2024";"31/01/2024";"14"
"UNIDADE DE GESTÃO DE PROMOÇÃO DA SAÚDE";"10";"SAÚDE";"304";"VIGILÂNCIA SANITÁRIA";"2024";"2999";"";"0";"0";"100012604";"FOLHA DE PAGAMENTO";"45780103000150";"";"0";"PROPRIA";"31901144";"FÉRIAS - ABONO PECUNIARIO";"FOLHA DE PAGAMENTO";"3683.93";"2024";"L";"25/01/2024";"0";"01/01/2024";"31/01/2024";"14"
"UNIDADE DE GESTÃO DE PROMOÇÃO DA SAÚDE";"10";"SAÚDE";"304";"VIGILÂNCIA SANITÁRIA";"2024";"3000";"";"0";"0";"100012604";"FOLHA DE PAGAMENTO";"45780103000150";"";"0";"PROPRIA";"31901145";"FÉRIAS - ABONO CONSTITUICOES";"FOLHA DE PAGAMENTO";"4535.19";"2024";"L";"25/01/2024";"0";"01/01/2024";"31/01/2024";"14"
"UNIDADE DE GESTÃO DE PROMOÇÃO DA SAÚDE";"10";"SAÚDE";"304";"VIGILÂNCIA SANITÁRIA";"2024";"3001";"";"0";"0";"100012604";"FOLHA DE PAGAMENTO";"45780103000150";"";"0";"PROPRIA";"31901146";"FÉRIAS - PAGAMENTO ANTECIPADO - RPPS";"FOLHA DE PAGAMENTO";"7973.17";"2024";"L";"25/01/2024";"0";"01/01/2024";"31/01/2024";"14"
"UNIDADE DE GESTÃO DE PROMOÇÃO DA SAÚDE";"10";"SAÚDE";"304";"VIGILÂNCIA SANITÁRIA";"2024";"3002";"";"0";"0";"100012604";"FOLHA DE PAGAMENTO";"45780103000150";"";"0";"PROPRIA";"31901644";"SERVIÇOS EXTRAORDINÁRIOS";"FOLHA DE PAGAMENTO";"479.56";"2024";"L";"25/01/2024";"0";"01/01/2024";"31/01/2024";"14"
"UNIDADE DE GESTÃO DE PROMOÇÃO DA SAÚDE";"10";"SAÚDE";"303";"SUPORTE PROFILÁTICO E TERAPÊUTICO";"2024";"3003";"";"0";"0";"100012604";"FOLHA DE PAGAMENTO";"45780103000150";"";"0";"PROPRIA";"31901137";"GRATIFICACOES POR TEMPO DE SERVICO";"FOLHA DE PAGAMENTO";"148.29";"2024";"L";"25/01/2024";"0";"01/01/2024";"31/01/2024";"14"
"UNIDADE DE GESTÃO DE PROMOÇÃO DA SAÚDE";"10";"SAÚDE";"303";"SUPORTE PROFILÁTICO E TERAPÊUTICO";"2024";"3004";"";"0";"0";"100012604";"FOLHA DE PAGAMENTO";"45780103000150";"";"0";"PROPRIA";"31901145";"FÉRIAS - ABONO CONSTITUICOES";"FOLHA DE PAGAMENTO";"546.07";"2024";"L";"25/01/2024";"0";"01/01/2024";"31/01/2024";"14"
"UNIDADE DE GESTÃO DE PROMOÇÃO DA SAÚDE";"10";"SAÚDE";"303";"SUPORTE PROFILÁTICO E TERAPÊUTICO";"2024";"3005";"";"0";"0";"100012604";"FOLHA DE PAGAMENTO";"45780103000150";"";"0";"PROPRIA";"31901146";"FÉRIAS - PAGAMENTO ANTECIPADO - RPPS";"FOLHA DE PAGAMENTO";"1254.49";"2024";"L";"25/01/2024";"0";"01/01/2024";"31/01/2024";"14"
"UNIDADE DE GESTÃO DE PROMOÇÃO DA SAÚDE";"10";"SAÚDE";"303";"SUPORTE PROFILÁTICO E TERAPÊUTICO";"2024";"3006";"";"0";"0";"100012604";"FOLHA DE PAGAMENTO";"45780103000150";"";"0";"PROPRIA";"31901644";"SERVIÇOS EXTRAORDINÁRIOS";"FOLHA DE PAGAMENTO";"7.07";"2024";"L";"25/01/2024";"0";"01/01/2024";"31/01/2024";"14"
"UNIDADE GESTÃO DE ASSISTÊNCIA E DESENVOLV. SOCIAL";"8";"ASSISTÊNCIA SOCIAL";"244";"ASSISTÊNCIA COMUNITÁRIA";"2024";"3007";"";"0";"0";"100012604";"FOLHA DE PAGAMENTO";"45780103000150";"";"0";"PROPRIA";"31901144";"FÉRIAS - ABONO PECUNIARIO";"FOLHA DE PAGAMENTO";"2862.68";"2024";"L";"25/01/2024";"0";"01/01/2024";"31/01/2024";"15"
"UNIDADE GESTÃO DE ASSISTÊNCIA E DESENVOLV. SOCIAL";"8";"ASSISTÊNCIA SOCIAL";"244";"ASSISTÊNCIA COMUNITÁRIA";"2024";"3008";"";"0";"0";"100012604";"FOLHA DE PAGAMENTO";"45780103000150";"";"0";"PROPRIA";"31901145";"FÉRIAS - ABONO CONSTITUICOES";"FOLHA DE PAGAMENTO";"715.67";"2024";"L";"25/01/2024";"0";"01/01/2024";"31/01/2024";"15"
"UNIDADE GESTÃO DE ASSISTÊNCIA E DESENVOLV. SOCIAL";"8";"ASSISTÊNCIA SOCIAL";"244";"ASSISTÊNCIA COMUNITÁRIA";"2024";"3009";"";"0";"0";"100012604";"FOLHA DE PAGAMENTO";"45780103000150";"";"0";"PROPRIA";"31901146";"FÉRIAS - PAGAMENTO ANTECIPADO - RPPS";"FOLHA DE PAGAMENTO";"1813.99";"2024";"L";"25/01/2024";"0";"01/01/2024";"31/01/2024";"15"
"UNIDADE GESTÃO DE ASSISTÊNCIA E DESENVOLV. SOCIAL";"8";"ASSISTÊNCIA SOCIAL";"244";"ASSISTÊNCIA COMUNITÁRIA";"2024";"3010";"";"0";"0";"100012604";"FOLHA DE PAGAMENTO";"45780103000150";"";"0";"PROPRIA";"31901644";"SERVIÇOS EXTRAORDINÁRIOS";"FOLHA DE PAGAMENTO";"23.13";"2024";"L";"25/01/2024";"0";"01/01/2024";"31/01/2024";"15"
"UNIDADE DE GESTÃO DE SEGURANÇA MUNICIPAL";"6";"SEGURANÇA PÚBLICA";"122";"ADMINISTRAÇÃO GERAL";"2024";"3011";"";"0";"0";"100012604";"FOLHA DE PAGAMENTO";"45780103000150";"";"0";"PROPRIA";"31901104";"ADICIONAL NOTURNO";"FOLHA DE PAGAMENTO";"78.96";"2024";"L";"25/01/2024";"0";"01/01/2024";"31/01/2024";"19"
"UNIDADE DE GESTÃO DE SEGURANÇA MUNICIPAL";"6";"SEGURANÇA PÚBLICA";"122";"ADMINISTRAÇÃO GERAL";"2024";"3012";"";"0";"0";"100012604";"FOLHA DE PAGAMENTO";"45780103000150";"";"0";"PROPRIA";"31901133";"GRATIFICACOES POR EXERCICIO DE  FUNCOES";"FOLHA DE PAGAMENTO";"2896.01";"2024";"L";"25/01/2024";"0";"01/01/2024";"31/01/2024";"19"
"UNIDADE DE GESTÃO DE SEGURANÇA MUNICIPAL";"6";"SEGURANÇA PÚBLICA";"122";"ADMINISTRAÇÃO GERAL";"2024";"3013";"";"0";"0";"100012604";"FOLHA DE PAGAMENTO";"45780103000150";"";"0";"PROPRIA";"31901137";"GRATIFICACOES POR TEMPO DE SERVICO";"FOLHA DE PAGAMENTO";"1359.45";"2024";"L";"25/01/2024";"0";"01/01/2024";"31/01/2024";"19"
"UNIDADE DE GESTÃO DE SEGURANÇA MUNICIPAL";"6";"SEGURANÇA PÚBLICA";"122";"ADMINISTRAÇÃO GERAL";"2024";"3014";"";"0";"0";"100012604";"FOLHA DE PAGAMENTO";"45780103000150";"";"0";"PROPRIA";"31901144";"FÉRIAS - ABONO PECUNIARIO";"FOLHA DE PAGAMENTO";"3139.44";"2024";"L";"25/01/2024";"0";"01/01/2024";"31/01/2024";"19"
"UNIDADE DE GESTÃO DE SEGURANÇA MUNICIPAL";"6";"SEGURANÇA PÚBLICA";"122";"ADMINISTRAÇÃO GERAL";"2024";"3015";"";"0";"0";"100012604";"FOLHA DE PAGAMENTO";"45780103000150";"";"0";"PROPRIA";"31901145";"FÉRIAS - ABONO CONSTITUICOES";"FOLHA DE PAGAMENTO";"5776.9";"2024";"L";"25/01/2024";"0";"01/01/2024";"31/01/2024";"19"
"UNIDADE DE GESTÃO DE SEGURANÇA MUNICIPAL";"6";"SEGURANÇA PÚBLICA";"122";"ADMINISTRAÇÃO GERAL";"2024";"3016";"";"0";"0";"100012604";"FOLHA DE PAGAMENTO";"45780103000150";"";"0";"PROPRIA";"31901146";"FÉRIAS - PAGAMENTO ANTECIPADO - RPPS";"FOLHA DE PAGAMENTO";"4813.51";"2024";"L";"25/01/2024";"0";"01/01/2024";"31/01/2024";"19"
"UNIDADE DE GESTÃO DE SEGURANÇA MUNICIPAL";"6";"SEGURANÇA PÚBLICA";"122";"ADMINISTRAÇÃO GERAL";"2024";"3017";"";"0";"0";"100012604";"FOLHA DE PAGAMENTO";"45780103000150";"";"0";"PROPRIA";"31901644";"SERVIÇOS EXTRAORDINÁRIOS";"FOLHA DE PAGAMENTO";"3342.89";"2024";"L";"25/01/2024";"0";"01/01/2024";"31/01/2024";"19"
"UNIDADE DE GESTÃO DE ESPORTE E LAZER";"27";"DESPORTO E LAZER";"812";"DESPORTO COMUNITÁRIO";"2024";"3018";"";"0";"0";"100012604";"FOLHA DE PAGAMENTO";"45780103000150";"";"0";"PROPRIA";"31901137";"GRATIFICACOES POR TEMPO DE SERVICO";"FOLHA DE PAGAMENTO";"305.18";"2024";"L";"25/01/2024";"0";"01/01/2024";"31/01/2024";"23"
"UNIDADE DE GESTÃO DE ESPORTE E LAZER";"27";"DESPORTO E LAZER";"812";"DESPORTO COMUNITÁRIO";"2024";"3019";"";"0";"0";"100012604";"FOLHA DE PAGAMENTO";"45780103000150";"";"0";"PROPRIA";"31901145";"FÉRIAS - ABONO CONSTITUICOES";"FOLHA DE PAGAMENTO";"1216.52";"2024";"L";"25/01/2024";"0";"01/01/2024";"31/01/2024";"23"
"UNIDADE DE GESTÃO DE ESPORTE E LAZER";"27";"DESPORTO E LAZER";"812";"DESPORTO COMUNITÁRIO";"2024";"3020";"";"0";"0";"100012604";"FOLHA DE PAGAMENTO";"45780103000150";"";"0";"PROPRIA";"31901146";"FÉRIAS - PAGAMENTO ANTECIPADO - RPPS";"FOLHA DE PAGAMENTO";"1807.78";"2024";"L";"25/01/2024";"0";"01/01/2024";"31/01/2024";"23"
"UNIDADE DE GESTÃO DE ESPORTE E LAZER";"27";"DESPORTO E LAZER";"812";"DESPORTO COMUNITÁRIO";"2024";"3021";"";"0";"0";"100012604";"FOLHA DE PAGAMENTO";"45780103000150";"";"0";"PROPRIA";"31901644";"SERVIÇOS EXTRAORDINÁRIOS";"FOLHA DE PAGAMENTO";"292.61";"2024";"L";"25/01/2024";"0";"01/01/2024";"31/01/2024";"23"
"UNIDADE DE GESTÃO DE MOBILIDADE E TRANSPORTE";"15";"URBANISMO";"451";"INFRA-ESTRUTURA URBANA";"2024";"3041";"2022";"153";"14";"100007713";"GUIA VEÍCULOS LTDA";"82461310000178";"PREGÃO ELETRÔNICO";"0";"PROPRIA";"33903914";"LOCACAO BENS MOVEIS DE OUTRAS NATUREZAS E INTANGIV";"LOCACAO DE VEICULOS TIPO HATCHBACK 4 PORTAS 5 OCUPANTES";"18818.1";"2024";"L";"29/01/2024";"0";"01/01/2024";"31/01/2024";"12"
"UNIDADE DE GESTÃO DE GOVERNO E FINANÇAS";"28";"ENCARGOS ESPECIAIS";"846";"OUTROS ENCARGOS ESPECIAIS";"2024";"3042";"";"0";"0";"100048209";"HENRIQUE DUARTE DE ALMEIDA";"31749284863";"";"0";"PROPRIA";"33909115";"SENTENÇAS JUDICIAIS DE PEQUENO VALOR";"DESPESAS OBRIGATORIAS E/OU JUDICIAIS(P. FISICAS).";"1048.24";"2024";"L";"24/01/2024";"0";"01/01/2024";"31/01/2024";"8"
"UNIDADE DE GESTÃO DE GOVERNO E FINANÇAS";"28";"ENCARGOS ESPECIAIS";"846";"OUTROS ENCARGOS ESPECIAIS";"2024";"3043";"";"0";"0";"100053216";"RICARDO PHILIPPE SIMEL VELLARDO";"32630986837";"";"0";"PROPRIA";"33909115";"SENTENÇAS JUDICIAIS DE PEQUENO VALOR";"DESPESAS OBRIGATORIAS E/OU JUDICIAIS(P. FISICAS).";"1673.67";"2024";"L";"24/01/2024";"0";"01/01/2024";"31/01/2024";"8"
"UNIDADE DE GESTÃO DE ESPORTE E LAZER";"4";"ADMINISTRAÇÃO";"122";"ADMINISTRAÇÃO GERAL";"2024";"3059";"2024";"92";"1";"100046830";"ART ALIMENTACAO LTDA ME";"45922939000141";"COMPRA DIRETA";"0";"PROPRIA";"33903025";"MATERIAL PARA MANUTENCAO DE BENS MOVEIS";"FILTRO-BEBEDOURO";"299.96";"2024";"L";"30/01/2024";"0";"01/01/2024";"31/01/2024";"23"
"UNIDADE DE GESTÃO DE PROMOÇÃO DA SAÚDE";"10";"SAÚDE";"302";"ASSISTÊNCIA HOSPITALAR E AMBULATORIAL";"2024";"3061";"2018";"2";"17";"100038618";"FENIX DO BRASIL SAÚDE-GESTÃO DESENV.POL.PUBL.SAÚDE";"64029101000410";"CHAMADA PÚBLICA";"0";"PROPRIA";"33508500";"CONTRATO DE GESTAO";"GESTAO DE UNIDADE DE SAUDE";"1613026.65";"2024";"L";"30/01/2024";"0";"01/01/2024";"31/01/2024";"14"
"UNIDADE DE GESTÃO DE PROMOÇÃO DA SAÚDE";"10";"SAÚDE";"302";"ASSISTÊNCIA HOSPITALAR E AMBULATORIAL";"2024";"3062";"2018";"2";"17";"100038618";"FENIX DO BRASIL SAÚDE-GESTÃO DESENV.POL.PUBL.SAÚDE";"64029101000410";"CHAMADA PÚBLICA";"5001";"FUNDO NACIONAL DE SAUDE - MS/SAS";"33508500";"CONTRATO DE GESTAO";"GESTAO DE UNIDADE DE SAUDE";"288682.24";"2024";"L";"30/01/2024";"0";"01/01/2024";"31/01/2024";"14"
"UNIDADE GESTÃO DE ASSISTÊNCIA E DESENVOLV. SOCIAL";"8";"ASSISTÊNCIA SOCIAL";"244";"ASSISTÊNCIA COMUNITÁRIA";"2024";"3077";"";"0";"0";"7040647";"SOS - SERVICO DE OBRAS SOCIAIS";"50951466000140";"";"0";"PROPRIA";"33503901";"TERMO DE COLABORAÇÃO";"CONVENIO MROSC - LEI 13019/2014 - MARCO REGUL.ORG.SOC.CIVIL";"285000";"2024";"L";"29/01/2024";"0";"01/01/2024";"31/01/2024";"15"
"UNIDADE GESTÃO DE ASSISTÊNCIA E DESENVOLV. SOCIAL";"8";"ASSISTÊNCIA SOCIAL";"244";"ASSISTÊNCIA COMUNITÁRIA";"2024";"3082";"";"0";"0";"100011787";"ACOLHIMENTO BOM PASTOR";"04115907000157";"";"0";"PROPRIA";"33503901";"TERMO DE COLABORAÇÃO";"CONVENIO MROSC - LEI 13019/2014 - MARCO REGUL.ORG.SOC.CIVIL";"32346.14";"2024";"L";"26/01/2024";"0";"01/01/2024";"31/01/2024";"15"
"UNIDADE DE GESTÃO DE GOVERNO E FINANÇAS";"28";"ENCARGOS ESPECIAIS";"846";"OUTROS ENCARGOS ESPECIAIS";"2024";"3085";"";"0";"0";"100053537";"BENEDITA COLANZI CEZÁRIO";"05914950821";"";"0";"PROPRIA";"33909302";"RESTITUICOES";"INDENIZACOES E/OU RESSARCIMENTOS(P. FISICA).";"494.83";"2024";"L";"31/01/2024";"0";"01/01/2024";"31/01/2024";"8"
"UNIDADE DE GESTÃO DE GOVERNO E FINANÇAS";"28";"ENCARGOS ESPECIAIS";"846";"OUTROS ENCARGOS ESPECIAIS";"2024";"3086";"";"0";"0";"100053537";"BENEDITA COLANZI CEZÁRIO";"05914950821";"";"0";"PROPRIA";"33909302";"RESTITUICOES";"INDENIZACOES E/OU RESSARCIMENTOS(P. FISICA).";"169.69";"2024";"L";"31/01/2024";"0";"01/01/2024";"31/01/2024";"8"
"UNIDADE DE GESTÃO DE GOVERNO E FINANÇAS";"28";"ENCARGOS ESPECIAIS";"846";"OUTROS ENCARGOS ESPECIAIS";"2024";"3087";"";"0";"0";"100031513";"F A OLIVA CIA LTDA";"47946025000146";"";"0";"PROPRIA";"33909115";"SENTENÇAS JUDICIAIS DE PEQUENO VALOR";"DESPESAS OBRIGATORIAS E/OU JUDICIAIS(P. JURIDICAS).";"1298.13";"2024";"L";"26/01/2024";"0";"01/01/2024";"31/01/2024";"8"
"UNIDADE DE GESTÃO DE GOVERNO E FINANÇAS";"28";"ENCARGOS ESPECIAIS";"846";"OUTROS ENCARGOS ESPECIAIS";"2024";"3088";"";"0";"0";"100053601";"ANGELA MARIA RIBEIRO FERREIRA";"25714849825";"";"0";"PROPRIA";"33909115";"SENTENÇAS JUDICIAIS DE PEQUENO VALOR";"DESPESAS OBRIGATORIAS E/OU JUDICIAIS(P. FISICAS).";"8354.57";"2024";"L";"26/01/2024";"0";"01/01/2024";"31/01/2024";"8"
"UNIDADE DE GESTÃO DE GOVERNO E FINANÇAS";"28";"ENCARGOS ESPECIAIS";"846";"OUTROS ENCARGOS ESPECIAIS";"2024";"3089";"";"0";"0";"100053602";"PATRICIA PAULA CORETTI DA CRUZ";"06190844804";"";"0";"PROPRIA";"33909115";"SENTENÇAS JUDICIAIS DE PEQUENO VALOR";"DESPESAS OBRIGATORIAS E/OU JUDICIAIS(P. FISICAS).";"2054.24";"2024";"L";"26/01/2024";"0";"01/01/2024";"31/01/2024";"8"
"UNIDADE DE GESTÃO DE GOVERNO E FINANÇAS";"28";"ENCARGOS ESPECIAIS";"846";"OUTROS ENCARGOS ESPECIAIS";"2024";"3090";"";"0";"0";"100044130";"LEANDRO ZONATTI DEBASTIANI";"31347247823";"";"0";"PROPRIA";"33909115";"SENTENÇAS JUDICIAIS DE PEQUENO VALOR";"DESPESAS OBRIGATORIAS E/OU JUDICIAIS(P. FISICAS).";"2158.72";"2024";"L";"26/01/2024";"0";"01/01/2024";"31/01/2024";"8"
"UNIDADE DE GESTÃO DE GOVERNO E FINANÇAS";"28";"ENCARGOS ESPECIAIS";"846";"OUTROS ENCARGOS ESPECIAIS";"2024";"3091";"";"0";"0";"100053603";"TELMELI DE ANDRADE";"02437606807";"";"0";"PROPRIA";"33909115";"SENTENÇAS JUDICIAIS DE PEQUENO VALOR";"DESPESAS OBRIGATORIAS E/OU JUDICIAIS(P. FISICAS).";"3887.47";"2024";"L";"26/01/2024";"0";"01/01/2024";"31/01/2024";"8"
"UNIDADE DE GESTÃO DE GOVERNO E FINANÇAS";"28";"ENCARGOS ESPECIAIS";"846";"OUTROS ENCARGOS ESPECIAIS";"2024";"3092";"";"0";"0";"100053604";"ELISABETE DE OLIVEIRA MARIANO PERES";"17384334802";"";"0";"PROPRIA";"33909115";"SENTENÇAS JUDICIAIS DE PEQUENO VALOR";"DESPESAS OBRIGATORIAS E/OU JUDICIAIS(P. FISICAS).";"3772.74";"2024";"L";"26/01/2024";"0";"01/01/2024";"31/01/2024";"8"
"UNIDADE DE GESTÃO DE GOVERNO E FINANÇAS";"28";"ENCARGOS ESPECIAIS";"846";"OUTROS ENCARGOS ESPECIAIS";"2024";"3093";"";"0";"0";"100053606";"JAQUELINE TARALLO BUCK";"40605844879";"";"0";"PROPRIA";"33909115";"SENTENÇAS JUDICIAIS DE PEQUENO VALOR";"DESPESAS OBRIGATORIAS E/OU JUDICIAIS(P. FISICAS).";"7197.15";"2024";"L";"26/01/2024";"0";"01/01/2024";"31/01/2024";"8"
"UNIDADE DE GESTÃO DE GOVERNO E FINANÇAS";"28";"ENCARGOS ESPECIAIS";"846";"OUTROS ENCARGOS ESPECIAIS";"2024";"3094";"";"0";"0";"100015255";"FÁBIA ARGENTO MARCUSSI";"37456666822";"";"0";"PROPRIA";"33909115";"SENTENÇAS JUDICIAIS DE PEQUENO VALOR";"DESPESAS OBRIGATORIAS E/OU JUDICIAIS(P. FISICAS).";"868.61";"2024";"L";"26/01/2024";"0";"01/01/2024";"31/01/2024";"8"
"UNIDADE DE GESTÃO DE GOVERNO E FINANÇAS";"28";"ENCARGOS ESPECIAIS";"846";"OUTROS ENCARGOS ESPECIAIS";"2024";"3095";"";"0";"0";"100053607";"MARIA MARGARIDA DE ASSIS";"49851829900";"";"0";"PROPRIA";"33909115";"SENTENÇAS JUDICIAIS DE PEQUENO VALOR";"DESPESAS OBRIGATORIAS E/OU JUDICIAIS(P. FISICAS).";"4430.57";"2024";"L";"26/01/2024";"0";"01/01/2024";"31/01/2024";"8"
"UNIDADE DE GESTÃO DE GOVERNO E FINANÇAS";"28";"ENCARGOS ESPECIAIS";"846";"OUTROS ENCARGOS ESPECIAIS";"2024";"3096";"";"0";"0";"100053608";"MARISA HASHIMOTO SEGURA";"20183504801";"";"0";"PROPRIA";"33909115";"SENTENÇAS JUDICIAIS DE PEQUENO VALOR";"DESPESAS OBRIGATORIAS E/OU JUDICIAIS(P. FISICAS).";"16535.11";"2024";"L";"26/01/2024";"0";"01/01/2024";"31/01/2024";"8"
"UNIDADE DE GESTÃO DE GOVERNO E FINANÇAS";"28";"ENCARGOS ESPECIAIS";"846";"OUTROS ENCARGOS ESPECIAIS";"2024";"3097";"";"0";"0";"100053609";"MARIA ANGELA AMORIM SOUZA MONTAGNOLI";"13735088848";"";"0";"PROPRIA";"33909115";"SENTENÇAS JUDICIAIS DE PEQUENO VALOR";"DESPESAS OBRIGATORIAS E/OU JUDICIAIS(P. FISICAS).";"9161.1";"2024";"L";"26/01/2024";"0";"01/01/2024";"31/01/2024";"8"
"UNIDADE DE GESTÃO DE ADMINIST. E GESTÃO DE PESSOAS";"4";"ADMINISTRAÇÃO";"122";"ADMINISTRAÇÃO GERAL";"2024";"3100";"2023";"16";"14";"1097484";"CAFE CAICARA LTDA.";"50929884000131";"PREGÃO ELETRÔNICO";"0";"PROPRIA";"33903007";"GENEROS DE ALIMENTACAO";"CAFE TORRADO E MOIDO. COM 500G. QUAL. GLOBAL MIN. 4.8 PONTOS";"1006.4";"2024";"L";"29/01/2024";"0";"01/01/2024";"31/01/2024";"7"
"UNIDADE DE GESTÃO DE INFRAEST. E SERVIÇOS PÚBLICOS";"4";"ADMINISTRAÇÃO";"122";"ADMINISTRAÇÃO GERAL";"2024";"3103";"";"0";"0";"100036431";"PMJ - JENIFFER ALMEIDA BARBOSA BOTELHO";"34573705830";"";"0";"PROPRIA";"33903099";"OUTROS MATERIAIS DE CONSUMO";"ADIANTAMENTOS(SERVIDORES).";"800";"2024";"L";"26/01/2024";"0";"01/01/2024";"31/01/2024";"10"
"UNIDADE DE GESTÃO DE INFRAEST. E SERVIÇOS PÚBLICOS";"4";"ADMINISTRAÇÃO";"122";"ADMINISTRAÇÃO GERAL";"2024";"3104";"";"0";"0";"100036431";"PMJ - JENIFFER ALMEIDA BARBOSA BOTELHO";"34573705830";"";"0";"PROPRIA";"33903999";"OUTROS SERVICOS DE TERCEIROS - PESSOA JURIDICA";"ADIANTAMENTOS(SERVIDORES).";"1000";"2024";"L";"26/01/2024";"0";"01/01/2024";"31/01/2024";"10"
"UNIDADE DE GESTÃO DE NEG. JURÍDICOS E CIDADANIA";"4";"ADMINISTRAÇÃO";"122";"ADMINISTRAÇÃO GERAL";"2024";"3105";"";"0";"0";"100026323";"VALDECIR FILGUEIRA DE LIMA";"15752416841";"";"0";"PROPRIA";"33903699";"OUTROS SERVICOS";"DILIGENCIAS OFICIAIS(P. FISICAS).";"719.46";"2024";"L";"30/01/2024";"0";"01/01/2024";"31/01/2024";"6"
"UNIDADE DE GESTÃO DE NEG. JURÍDICOS E CIDADANIA";"4";"ADMINISTRAÇÃO";"122";"ADMINISTRAÇÃO GERAL";"2024";"3106";"";"0";"0";"100026319";"RODOLFO PELLIZER JUNIOR";"08782904863";"";"0";"PROPRIA";"33903699";"OUTROS SERVICOS";"DILIGENCIAS OFICIAIS(P. FISICAS).";"411.12";"2024";"L";"30/01/2024";"0";"01/01/2024";"31/01/2024";"6"
"UNIDADE DE GESTÃO DE NEG. JURÍDICOS E CIDADANIA";"4";"ADMINISTRAÇÃO";"122";"ADMINISTRAÇÃO GERAL";"2024";"3107";"";"0";"0";"100026320";"ROLANDO SALLES COELHO";"17790649850";"";"0";"PROPRIA";"33903699";"OUTROS SERVICOS";"DILIGENCIAS OFICIAIS(P. FISICAS).";"1438.92";"2024";"L";"30/01/2024";"0";"01/01/2024";"31/01/2024";"6"
"UNIDADE DE GESTÃO DE NEG. JURÍDICOS E CIDADANIA";"4";"ADMINISTRAÇÃO";"122";"ADMINISTRAÇÃO GERAL";"2024";"3108";"";"0";"0";"100026318";"MIRIAN DURSO SILVA PEREIRA";"63171163691";"";"0";"PROPRIA";"33903699";"OUTROS SERVICOS";"DILIGENCIAS OFICIAIS(P. FISICAS).";"616.68";"2024";"L";"30/01/2024";"0";"01/01/2024";"31/01/2024";"6"
"UNIDADE DE GESTÃO DE NEG. JURÍDICOS E CIDADANIA";"4";"ADMINISTRAÇÃO";"122";"ADMINISTRAÇÃO GERAL";"2024";"3109";"";"0";"0";"100026316";"MARIA IONICE DOMINGUES ESPINDOLA";"03702353801";"";"0";"PROPRIA";"33903699";"OUTROS SERVICOS";"DILIGENCIAS OFICIAIS(P. FISICAS).";"719.46";"2024";"L";"30/01/2024";"0";"01/01/2024";"31/01/2024";"6"
"UNIDADE DE GESTÃO DE NEG. JURÍDICOS E CIDADANIA";"4";"ADMINISTRAÇÃO";"122";"ADMINISTRAÇÃO GERAL";"2024";"3110";"";"0";"0";"100026302";"ELAINE MARA M. M. FORTI";"02209948894";"";"0";"PROPRIA";"33903699";"OUTROS SERVICOS";"DILIGENCIAS OFICIAIS(P. FISICAS).";"1747.26";"2024";"L";"30/01/2024";"0";"01/01/2024";"31/01/2024";"6"
"UNIDADE DE GESTÃO DE NEG. JURÍDICOS E CIDADANIA";"4";"ADMINISTRAÇÃO";"122";"ADMINISTRAÇÃO GERAL";"2024";"3111";"";"0";"0";"100026311";"LUCIANO SANTOS BROLLI";"26079235811";"";"0";"PROPRIA";"33903699";"OUTROS SERVICOS";"DILIGENCIAS OFICIAIS(P. FISICAS).";"719.46";"2024";"L";"30/01/2024";"0";"01/01/2024";"31/01/2024";"6"
"UNIDADE DE GESTÃO DE NEG. JURÍDICOS E CIDADANIA";"4";"ADMINISTRAÇÃO";"122";"ADMINISTRAÇÃO GERAL";"2024";"3112";"";"0";"0";"100026310";"LUCIANA GALLEGO";"27697564866";"";"0";"PROPRIA";"33903699";"OUTROS SERVICOS";"DILIGENCIAS OFICIAIS(P. FISICAS).";"616.68";"2024";"L";"30/01/2024";"0";"01/01/2024";"31/01/2024";"6"
"UNIDADE DE GESTÃO DE NEG. JURÍDICOS E CIDADANIA";"4";"ADMINISTRAÇÃO";"122";"ADMINISTRAÇÃO GERAL";"2024";"3113";"";"0";"0";"100026309";"LEOPOLDO JOSE FARINAZZO LORZA";"01598898809";"";"0";"PROPRIA";"33903699";"OUTROS SERVICOS";"DILIGENCIAS OFICIAIS(P. FISICAS).";"1130.58";"2024";"L";"30/01/2024";"0";"01/01/2024";"31/01/2024";"6"
"UNIDADE DE GESTÃO DE NEG. JURÍDICOS E CIDADANIA";"4";"ADMINISTRAÇÃO";"122";"ADMINISTRAÇÃO GERAL";"2024";"3114";"";"0";"0";"100026307";"JOEL PEREIRA DOS SANTOS";"28613260691";"";"0";"PROPRIA";"33903699";"OUTROS SERVICOS";"DILIGENCIAS OFICIAIS(P. FISICAS).";"205.56";"2024";"L";"30/01/2024";"0";"01/01/2024";"31/01/2024";"6"
"UNIDADE DE GESTÃO DE NEG. JURÍDICOS E CIDADANIA";"4";"ADMINISTRAÇÃO";"122";"ADMINISTRAÇÃO GERAL";"2024";"3115";"";"0";"0";"100026306";"JAIR BUENO DE ASSIS FILHO";"10815326882";"";"0";"PROPRIA";"33903699";"OUTROS SERVICOS";"DILIGENCIAS OFICIAIS(P. FISICAS).";"411.12";"2024";"L";"30/01/2024";"0";"01/01/2024";"31/01/2024";"6"
"UNIDADE DE GESTÃO DE NEG. JURÍDICOS E CIDADANIA";"4";"ADMINISTRAÇÃO";"122";"ADMINISTRAÇÃO GERAL";"2024";"3116";"";"0";"0";"100026305";"FABIO FREDERICO STORARI";"10213709830";"";"0";"PROPRIA";"33903699";"OUTROS SERVICOS";"DILIGENCIAS OFICIAIS(P. FISICAS).";"205.56";"2024";"L";"30/01/2024";"0";"01/01/2024";"31/01/2024";"6"
"UNIDADE DE GESTÃO DE NEG. JURÍDICOS E CIDADANIA";"4";"ADMINISTRAÇÃO";"122";"ADMINISTRAÇÃO GERAL";"2024";"3117";"";"0";"0";"100026297";"DENISE PETEAN TREVISAN";"06872233850";"";"0";"PROPRIA";"33903699";"OUTROS SERVICOS";"DILIGENCIAS OFICIAIS(P. FISICAS).";"2158.38";"2024";"L";"30/01/2024";"0";"01/01/2024";"31/01/2024";"6"
"UNIDADE DE GESTÃO DE NEG. JURÍDICOS E CIDADANIA";"4";"ADMINISTRAÇÃO";"122";"ADMINISTRAÇÃO GERAL";"2024";"3118";"";"0";"0";"100026296";"DAVID LEMEK";"26794773830";"";"0";"PROPRIA";"33903699";"OUTROS SERVICOS";"DILIGENCIAS OFICIAIS(P. FISICAS).";"1336.14";"2024";"L";"30/01/2024";"0";"01/01/2024";"31/01/2024";"6"
"UNIDADE DE GESTÃO DE NEG. JURÍDICOS E CIDADANIA";"4";"ADMINISTRAÇÃO";"122";"ADMINISTRAÇÃO GERAL";"2024";"3119";"";"0";"0";"100026292";"ANDRE MACHADO PEREIRA";"15365406842";"";"0";"PROPRIA";"33903699";"OUTROS SERVICOS";"DILIGENCIAS OFICIAIS(P. FISICAS).";"308.34";"2024";"L";"30/01/2024";"0";"01/01/2024";"31/01/2024";"6"
"UNIDADE DE GESTÃO DE NEG. JURÍDICOS E CIDADANIA";"4";"ADMINISTRAÇÃO";"122";"ADMINISTRAÇÃO GERAL";"2024";"3120";"";"0";"0";"100026291";"ANA MARIA PEREIRA DE SOUZA";"05915675808";"";"0";"PROPRIA";"33903699";"OUTROS SERVICOS";"DILIGENCIAS OFICIAIS(P. FISICAS).";"1850.04";"2024";"L";"30/01/2024";"0";"01/01/2024";"31/01/2024";"6"
"UNIDADE DE GESTÃO DE NEG. JURÍDICOS E CIDADANIA";"4";"ADMINISTRAÇÃO";"122";"ADMINISTRAÇÃO GERAL";"2024";"3121";"";"0";"0";"100035939";"ANA CLAUDIA BAMBI";"07907939895";"";"0";"PROPRIA";"33903699";"OUTROS SERVICOS";"DILIGENCIAS OFICIAIS(P. FISICAS).";"1541.7";"2024";"L";"30/01/2024";"0";"01/01/2024";"31/01/2024";"6"
"UNIDADE DE GESTÃO DE NEG. JURÍDICOS E CIDADANIA";"4";"ADMINISTRAÇÃO";"122";"ADMINISTRAÇÃO GERAL";"2024";"3122";"";"0";"0";"100026289";"ADILSON APARECIDO TRICANICO";"06813709801";"";"0";"PROPRIA";"33903699";"OUTROS SERVICOS";"DILIGENCIAS OFICIAIS(P. FISICAS).";"719.46";"2024";"L";"30/01/2024";"0";"01/01/2024";"31/01/2024";"6"
"UNIDADE DE GESTÃO DE NEG. JURÍDICOS E CIDADANIA";"4";"ADMINISTRAÇÃO";"122";"ADMINISTRAÇÃO GERAL";"2024";"3123";"";"0";"0";"100003422";"ALEXANDRE DE SOUZA VILAS BOAS";"06842646847";"";"0";"PROPRIA";"33903699";"OUTROS SERVICOS";"DILIGENCIAS OFICIAIS(P. FISICAS).";"1952.82";"2024";"L";"30/01/2024";"0";"01/01/2024";"31/01/2024";"6"
"UNIDADE DE GESTÃO DE NEG. JURÍDICOS E CIDADANIA";"4";"ADMINISTRAÇÃO";"122";"ADMINISTRAÇÃO GERAL";"2024";"3124";"";"0";"0";"100026304";"EVELINE APARECIDA DA SILVA G PERES";"08411381846";"";"0";"PROPRIA";"33903699";"OUTROS SERVICOS";"DILIGENCIAS OFICIAIS(P. FISICAS).";"102.78";"2024";"L";"30/01/2024";"0";"01/01/2024";"31/01/2024";"6"
"UNIDADE DE GESTÃO DE NEG. JURÍDICOS E CIDADANIA";"4";"ADMINISTRAÇÃO";"122";"ADMINISTRAÇÃO GERAL";"2024";"3125";"";"0";"0";"100026305";"FABIO FREDERICO STORARI";"10213709830";"";"0";"PROPRIA";"33903699";"OUTROS SERVICOS";"DILIGENCIAS OFICIAIS(P. FISICAS).";"411.12";"2024";"L";"30/01/2024";"0";"01/01/2024";"31/01/2024";"6"
"UNIDADE DE GESTÃO DE NEG. JURÍDICOS E CIDADANIA";"4";"ADMINISTRAÇÃO";"122";"ADMINISTRAÇÃO GERAL";"2024";"3126";"";"0";"0";"100013605";"MARCUS FERNANDO GNACCARINI THOMAZESKI";"15043773898";"";"0";"PROPRIA";"33903699";"OUTROS SERVICOS";"DILIGENCIAS OFICIAIS(P. FISICAS).";"205.56";"2024";"L";"30/01/2024";"0";"01/01/2024";"31/01/2024";"6"
"UNIDADE DE GESTÃO DE GOVERNO E FINANÇAS";"28";"ENCARGOS ESPECIAIS";"846";"OUTROS ENCARGOS ESPECIAIS";"2024";"3151";"";"0";"0";"100053359";"ROGERIO ROMERA MICHEL";"31982357827";"";"0";"PROPRIA";"33909115";"SENTENÇAS JUDICIAIS DE PEQUENO VALOR";"DESPESAS OBRIGATORIAS E/OU JUDICIAIS(P. FISICAS).";"1739.2";"2024";"L";"26/01/2024";"0";"01/01/2024";"31/01/2024";"8"
"UNIDADE DE GESTÃO DE GOVERNO E FINANÇAS";"28";"ENCARGOS ESPECIAIS";"846";"OUTROS ENCARGOS ESPECIAIS";"2024";"3152";"";"0";"0";"100053359";"ROGERIO ROMERA MICHEL";"31982357827";"";"0";"PROPRIA";"33909115";"SENTENÇAS JUDICIAIS DE PEQUENO VALOR";"DESPESAS OBRIGATORIAS E/OU JUDICIAIS(P. FISICAS).";"1054.11";"2024";"L";"26/01/2024";"0";"01/01/2024";"31/01/2024";"8"
"UNIDADE DE GESTÃO DE GOVERNO E FINANÇAS";"28";"ENCARGOS ESPECIAIS";"846";"OUTROS ENCARGOS ESPECIAIS";"2024";"3153";"";"0";"0";"100053615";"RAFAEL DIAS MANCIO";"95836675104";"";"0";"PROPRIA";"33909115";"SENTENÇAS JUDICIAIS DE PEQUENO VALOR";"DESPESAS OBRIGATORIAS E/OU JUDICIAIS(P. FISICAS).";"6457.69";"2024";"L";"26/01/2024";"0";"01/01/2024";"31/01/2024";"8"
"UNIDADE DE GESTÃO DE GOVERNO E FINANÇAS";"28";"ENCARGOS ESPECIAIS";"846";"OUTROS ENCARGOS ESPECIAIS";"2024";"3154";"";"0";"0";"100053616";"PATRICIA PORTO FERNANDES";"38858372859";"";"0";"PROPRIA";"33909115";"SENTENÇAS JUDICIAIS DE PEQUENO VALOR";"DESPESAS OBRIGATORIAS E/OU JUDICIAIS(P. FISICAS).";"3514.92";"2024";"L";"26/01/2024";"0";"01/01/2024";"31/01/2024";"8"
"UNIDADE DE GESTÃO DE GOVERNO E FINANÇAS";"28";"ENCARGOS ESPECIAIS";"846";"OUTROS ENCARGOS ESPECIAIS";"2024";"3155";"";"0";"0";"100053617";"LEANDRO RICARDO DE OLIVEIRA CASTRO";"35590743800";"";"0";"PROPRIA";"33909115";"SENTENÇAS JUDICIAIS DE PEQUENO VALOR";"DESPESAS OBRIGATORIAS E/OU JUDICIAIS(P. FISICAS).";"7574.32";"2024";"L";"26/01/2024";"0";"01/01/2024";"31/01/2024";"8"
"UNIDADE DE GESTÃO DE GOVERNO E FINANÇAS";"28";"ENCARGOS ESPECIAIS";"846";"OUTROS ENCARGOS ESPECIAIS";"2024";"3156";"";"0";"0";"100053618";"ELIZA MARIA DE AQUINO";"17119926829";"";"0";"PROPRIA";"33909115";"SENTENÇAS JUDICIAIS DE PEQUENO VALOR";"DESPESAS OBRIGATORIAS E/OU JUDICIAIS(P. FISICAS).";"7559.63";"2024";"L";"26/01/2024";"0";"01/01/2024";"31/01/2024";"8"
"UNIDADE DE GESTÃO DE EDUCAÇÃO";"12";"EDUCAÇÃO";"365";"EDUCAÇÃO INFANTIL";"2024";"3164";"2019";"13";"5";"100026365";"ESPAÇO LETRADO EDUCAÇÃO INFANTIL LTDA ME";"16650961000181";"INEXIGIBILIDADE";"0";"PROPRIA";"33903965";"SERVIÇOS DE APOIO AO ENSINO";"FORNECIMENTO DE VAGAS EM CRECHES - TEMPO PARCIAL";"15600";"2024";"L";"31/01/2024";"0";"01/01/2024";"31/01/2024";"13"
"UNIDADE DE GESTÃO DE GOVERNO E FINANÇAS";"28";"ENCARGOS ESPECIAIS";"846";"OUTROS ENCARGOS ESPECIAIS";"2024";"3190";"";"0";"0";"100053629";"SECURITY SYSTEMS SOLUTI.COMERCIAL LTDA";"04107007000249";"";"0";"PROPRIA";"33909115";"SENTENÇAS JUDICIAIS DE PEQUENO VALOR";"DESPESAS OBRIGATORIAS E/OU JUDICIAIS(P. JURIDICAS).";"5066.22";"2024";"L";"30/01/2024";"0";"01/01/2024";"31/01/2024";"8"
"UNIDADE DE GESTÃO DE GOVERNO E FINANÇAS";"28";"ENCARGOS ESPECIAIS";"846";"OUTROS ENCARGOS ESPECIAIS";"2024";"3191";"";"0";"0";"100053630";"MARCELO TUDISCO";"08912155814";"";"0";"PROPRIA";"33909115";"SENTENÇAS JUDICIAIS DE PEQUENO VALOR";"DESPESAS OBRIGATORIAS E/OU JUDICIAIS(P. FISICAS).";"1581.25";"2024";"L";"30/01/2024";"0";"01/01/2024";"31/01/2024";"8"
"UNIDADE DE GESTÃO DE GOVERNO E FINANÇAS";"28";"ENCARGOS ESPECIAIS";"846";"OUTROS ENCARGOS ESPECIAIS";"2024";"3192";"";"0";"0";"100053631";"KELLI CRISTINA SOARES DE LIMA";"21915749808";"";"0";"PROPRIA";"33909115";"SENTENÇAS JUDICIAIS DE PEQUENO VALOR";"DESPESAS OBRIGATORIAS E/OU JUDICIAIS(P. FISICAS).";"15001.04";"2024";"L";"30/01/2024";"0";"01/01/2024";"31/01/2024";"8"
"UNIDADE DE GESTÃO DE GOVERNO E FINANÇAS";"28";"ENCARGOS ESPECIAIS";"846";"OUTROS ENCARGOS ESPECIAIS";"2024";"3194";"";"0";"0";"100042293";"MARCIO DA SILVA";"22378660820";"";"0";"PROPRIA";"33909115";"SENTENÇAS JUDICIAIS DE PEQUENO VALOR";"DESPESAS OBRIGATORIAS E/OU JUDICIAIS(P. FISICAS).";"2036.36";"2024";"L";"30/01/2024";"0";"01/01/2024";"31/01/2024";"8"
"UNIDADE DE GESTÃO DE GOVERNO E FINANÇAS";"28";"ENCARGOS ESPECIAIS";"846";"OUTROS ENCARGOS ESPECIAIS";"2024";"3195";"";"0";"0";"100052299";"FABIO ZAMBELLI";"17953542838";"";"0";"PROPRIA";"33909115";"SENTENÇAS JUDICIAIS DE PEQUENO VALOR";"DESPESAS OBRIGATORIAS E/OU JUDICIAIS(P. FISICAS).";"22024.04";"2024";"L";"30/01/2024";"0";"01/01/2024";"31/01/2024";"8"
"UNIDADE DE GESTÃO DE GOVERNO E FINANÇAS";"28";"ENCARGOS ESPECIAIS";"846";"OUTROS ENCARGOS ESPECIAIS";"2024";"3196";"";"0";"0";"100051595";"JEFFERSON JOSÉ OLIVEIRA ROSSI";"26901265832";"";"0";"PROPRIA";"33909115";"SENTENÇAS JUDICIAIS DE PEQUENO VALOR";"DESPESAS OBRIGATORIAS E/OU JUDICIAIS(P. FISICAS).";"22024.04";"2024";"L";"30/01/2024";"0";"01/01/2024";"31/01/2024";"8"
"UNIDADE GESTÃO DE INOVAÇÃO E RELAÇÃO COM O CIDADÃO";"4";"ADMINISTRAÇÃO";"122";"ADMINISTRAÇÃO GERAL";"2024";"3198";"2024";"111";"1";"1003474";"ALBATROZ MATERIAIS TECNICOS LTDA EPP";"58525999000172";"COMPRA DIRETA";"0";"PROPRIA";"33903016";"MATERIAL DE EXPEDIENTE";"PAPEL OPALINE 180G - 50 FOLHAS";"300";"2024";"L";"30/01/2024";"0";"01/01/2024";"31/01/2024";"4"
"UNIDADE DE GESTÃO DE GOVERNO E FINANÇAS";"28";"ENCARGOS ESPECIAIS";"846";"OUTROS ENCARGOS ESPECIAIS";"2024";"3203";"";"0";"0";"100050970";"RECEITA FEDERAL";"00394460005887";"";"0";"PROPRIA";"33904715";"";"MULTAS DIVERSAS";"193.25";"2024";"L";"30/01/2024";"0";"01/01/2024";"31/01/2024";"8"
"UNIDADE DE GESTÃO DE INFRAEST. E SERVIÇOS PÚBLICOS";"15";"URBANISMO";"122";"ADMINISTRAÇÃO GERAL";"2024";"3205";"";"0";"0";"100012604";"FOLHA DE PAGAMENTO";"45780103000150";"";"0";"PROPRIA";"31901142";"FÉRIAS INDENIZADAS";"FOLHA DE PAGAMENTO";"3099.85";"2024";"L";"29/01/2024";"0";"01/01/2024";"31/01/2024";"10"
"UNIDADE DE GESTÃO DE INFRAEST. E SERVIÇOS PÚBLICOS";"15";"URBANISMO";"122";"ADMINISTRAÇÃO GERAL";"2024";"3206";"";"0";"0";"100012604";"FOLHA DE PAGAMENTO";"45780103000150";"";"0";"PROPRIA";"31901644";"SERVIÇOS EXTRAORDINÁRIOS";"FOLHA DE PAGAMENTO";"2348.38";"2024";"L";"29/01/2024";"0";"01/01/2024";"31/01/2024";"10"
"UNIDADE DE GESTÃO DE GOVERNO E FINANÇAS";"28";"ENCARGOS ESPECIAIS";"846";"OUTROS ENCARGOS ESPECIAIS";"2024";"3207";"";"0";"0";"100052614";"ODAIR CARBONERI";"13749460876";"";"0";"PROPRIA";"33909115";"SENTENÇAS JUDICIAIS DE PEQUENO VALOR";"DESPESAS OBRIGATORIAS E/OU JUDICIAIS(P. FISICAS).";"42323.37";"2024";"L";"30/01/2024";"0";"01/01/2024";"31/01/2024";"8"
"UNIDADE DE GESTÃO DE GOVERNO E FINANÇAS";"28";"ENCARGOS ESPECIAIS";"846";"OUTROS ENCARGOS ESPECIAIS";"2024";"3208";"";"0";"0";"100053633";"FRANCIS DANIELLI BATTINI FERNANDES";"33564121838";"";"0";"PROPRIA";"33909115";"SENTENÇAS JUDICIAIS DE PEQUENO VALOR";"DESPESAS OBRIGATORIAS E/OU JUDICIAIS(P. FISICAS).";"7967.39";"2024";"L";"30/01/2024";"0";"01/01/2024";"31/01/2024";"8"
"UNIDADE DE GESTÃO DA CASA CIVIL";"4";"ADMINISTRAÇÃO";"122";"ADMINISTRAÇÃO GERAL";"2024";"3209";"";"0";"0";"100012604";"FOLHA DE PAGAMENTO";"45780103000150";"";"0";"PROPRIA";"31901101";"VENCIMENTO E SALARIOS";"FOLHA DE PAGAMENTO";"123749.84";"2024";"L";"29/01/2024";"0";"01/01/2024";"31/01/2024";"3"
"UNIDADE DE GESTÃO DA CASA CIVIL";"4";"ADMINISTRAÇÃO";"122";"ADMINISTRAÇÃO GERAL";"2024";"3210";"";"0";"0";"100012604";"FOLHA DE PAGAMENTO";"45780103000150";"";"0";"PROPRIA";"31901101";"VENCIMENTO E SALARIOS";"FOLHA DE PAGAMENTO";"11504.66";"2024";"L";"29/01/2024";"0";"01/01/2024";"31/01/2024";"3"
"UNIDADE DE GESTÃO DA CASA CIVIL";"4";"ADMINISTRAÇÃO";"122";"ADMINISTRAÇÃO GERAL";"2024";"3211";"";"0";"0";"100012604";"FOLHA DE PAGAMENTO";"45780103000150";"";"0";"PROPRIA";"31901101";"VENCIMENTO E SALARIOS";"FOLHA DE PAGAMENTO";"264344.64";"2024";"L";"29/01/2024";"0";"01/01/2024";"31/01/2024";"3"
"UNIDADE DE GESTÃO DA CASA CIVIL";"4";"ADMINISTRAÇÃO";"122";"ADMINISTRAÇÃO GERAL";"2024";"3212";"";"0";"0";"100012604";"FOLHA DE PAGAMENTO";"45780103000150";"";"0";"PROPRIA";"31901104";"ADICIONAL NOTURNO";"FOLHA DE PAGAMENTO";"1294.16";"2024";"L";"29/01/2024";"0";"01/01/2024";"31/01/2024";"3"
"UNIDADE DE GESTÃO DA CASA CIVIL";"4";"ADMINISTRAÇÃO";"122";"ADMINISTRAÇÃO GERAL";"2024";"3213";"";"0";"0";"100012604";"FOLHA DE PAGAMENTO";"45780103000150";"";"0";"PROPRIA";"31901104";"ADICIONAL NOTURNO";"FOLHA DE PAGAMENTO";"60.14";"2024";"L";"29/01/2024";"0";"01/01/2024";"31/01/2024";"3"
"UNIDADE DE GESTÃO DA CASA CIVIL";"4";"ADMINISTRAÇÃO";"122";"ADMINISTRAÇÃO GERAL";"2024";"3214";"";"0";"0";"100012604";"FOLHA DE PAGAMENTO";"45780103000150";"";"0";"PROPRIA";"31901105";"INCORPORADOS";"FOLHA DE PAGAMENTO";"2877.94";"2024";"L";"29/01/2024";"0";"01/01/2024";"31/01/2024";"3"
"UNIDADE DE GESTÃO DA CASA CIVIL";"4";"ADMINISTRAÇÃO";"122";"ADMINISTRAÇÃO GERAL";"2024";"3215";"";"0";"0";"100012604";"FOLHA DE PAGAMENTO";"45780103000150";"";"0";"PROPRIA";"31901107";"ABONO DE PERMANENCIA";"FOLHA DE PAGAMENTO";"784.72";"2024";"L";"29/01/2024";"0";"01/01/2024";"31/01/2024";"3"
"UNIDADE DE GESTÃO DA CASA CIVIL";"4";"ADMINISTRAÇÃO";"122";"ADMINISTRAÇÃO GERAL";"2024";"3216";"";"0";"0";"100012604";"FOLHA DE PAGAMENTO";"45780103000150";"";"0";"PROPRIA";"31901131";"GRATIFICACOES POR EXERCICIO DE  CARGO";"FOLHA DE PAGAMENTO";"1856.83";"2024";"L";"29/01/2024";"0";"01/01/2024";"31/01/2024";"3"
"UNIDADE DE GESTÃO DA CASA CIVIL";"4";"ADMINISTRAÇÃO";"122";"ADMINISTRAÇÃO GERAL";"2024";"3217";"";"0";"0";"100012604";"FOLHA DE PAGAMENTO";"45780103000150";"";"0";"PROPRIA";"31901133";"GRATIFICACOES POR EXERCICIO DE  FUNCOES";"FOLHA DE PAGAMENTO";"17042.19";"2024";"L";"29/01/2024";"0";"01/01/2024";"31/01/2024";"3"
"UNIDADE DE GESTÃO DA CASA CIVIL";"4";"ADMINISTRAÇÃO";"122";"ADMINISTRAÇÃO GERAL";"2024";"3218";"";"0";"0";"100012604";"FOLHA DE PAGAMENTO";"45780103000150";"";"0";"PROPRIA";"31901137";"GRATIFICACOES POR TEMPO DE SERVICO";"FOLHA DE PAGAMENTO";"5944.46";"2024";"L";"29/01/2024";"0";"01/01/2024";"31/01/2024";"3"
"UNIDADE DE GESTÃO DA CASA CIVIL";"4";"ADMINISTRAÇÃO";"122";"ADMINISTRAÇÃO GERAL";"2024";"3219";"";"0";"0";"100012604";"FOLHA DE PAGAMENTO";"45780103000150";"";"0";"PROPRIA";"31901137";"GRATIFICACOES POR TEMPO DE SERVICO";"FOLHA DE PAGAMENTO";"20575.75";"2024";"L";"29/01/2024";"0";"01/01/2024";"31/01/2024";"3"
"UNIDADE DE GESTÃO DA CASA CIVIL";"4";"ADMINISTRAÇÃO";"122";"ADMINISTRAÇÃO GERAL";"2024";"3220";"";"0";"0";"100012604";"FOLHA DE PAGAMENTO";"45780103000150";"";"0";"PROPRIA";"31901147";"LICENÇA PRÊMIO";"FOLHA DE PAGAMENTO";"14577.58";"2024";"L";"29/01/2024";"0";"01/01/2024";"31/01/2024";"3"
"UNIDADE DE GESTÃO DA CASA CIVIL";"4";"ADMINISTRAÇÃO";"122";"ADMINISTRAÇÃO GERAL";"2024";"3221";"";"0";"0";"100012604";"FOLHA DE PAGAMENTO";"45780103000150";"";"0";"PROPRIA";"31901175";"SUBSÍDIOS - AGENTES POLÍTICOS";"FOLHA DE PAGAMENTO";"59670.43";"2024";"L";"29/01/2024";"0";"01/01/2024";"31/01/2024";"3"
"UNIDADE DE GESTÃO DA CASA CIVIL";"4";"ADMINISTRAÇÃO";"122";"ADMINISTRAÇÃO GERAL";"2024";"3222";"";"0";"0";"4000055";"FUNDO DE GARANTIA POR TEMPO DE SERVICO";"00360305000104";"";"0";"PROPRIA";"31901301";"FGTS";"FOLHA DE PAGAMENTO";"2428.44";"2024";"L";"29/01/2024";"0";"01/01/2024";"31/01/2024";"3"
"UNIDADE DE GESTÃO DA CASA CIVIL";"4";"ADMINISTRAÇÃO";"122";"ADMINISTRAÇÃO GERAL";"2024";"3226";"";"0";"0";"100012604";"FOLHA DE PAGAMENTO";"45780103000150";"";"0";"PROPRIA";"31901632";"SUBSTITUIÇÕES  RPPS";"FOLHA DE PAGAMENTO";"6553.79";"2024";"L";"29/01/2024";"0";"01/01/2024";"31/01/2024";"3"
"UNIDADE DE GESTÃO DA CASA CIVIL";"4";"ADMINISTRAÇÃO";"122";"ADMINISTRAÇÃO GERAL";"2024";"3227";"";"0";"0";"100012604";"FOLHA DE PAGAMENTO";"45780103000150";"";"0";"PROPRIA";"31901644";"SERVIÇOS EXTRAORDINÁRIOS";"FOLHA DE PAGAMENTO";"6310.48";"2024";"L";"29/01/2024";"0";"01/01/2024";"31/01/2024";"3"
"UNIDADE DE GESTÃO DA CASA CIVIL";"4";"ADMINISTRAÇÃO";"122";"ADMINISTRAÇÃO GERAL";"2024";"3228";"";"0";"0";"100012604";"FOLHA DE PAGAMENTO";"45780103000150";"";"0";"PROPRIA";"31901644";"SERVIÇOS EXTRAORDINÁRIOS";"FOLHA DE PAGAMENTO";"3510.79";"2024";"L";"29/01/2024";"0";"01/01/2024";"31/01/2024";"3"
"UNIDADE DE GESTÃO DA CASA CIVIL";"4";"ADMINISTRAÇÃO";"122";"ADMINISTRAÇÃO GERAL";"2024";"3229";"";"0";"0";"100004453";"IPREJUN-INST.PREVIDENCIA DO MUN.JUNDIAI";"05507216000161";"";"0";"PROPRIA";"31911308";"CONTRIBUIÇÕES PREVIDENCIÁRIAS - RPPS - PESSOAL ATI";"FOLHA DE PAGAMENTO";"35013.93";"2024";"L";"29/01/2024";"0";"01/01/2024";"31/01/2024";"3"
"UNIDADE DE GESTÃO DA CASA CIVIL";"4";"ADMINISTRAÇÃO";"122";"ADMINISTRAÇÃO GERAL";"2024";"3230";"";"0";"0";"100004453";"IPREJUN-INST.PREVIDENCIA DO MUN.JUNDIAI";"05507216000161";"";"0";"PROPRIA";"31911320";"ALÍQUOTA SUPLEMENTAR DE CONTRIBUIÇÃO PREVIDENCIÁRI";"FOLHA DE PAGAMENTO";"46473.53";"2024";"L";"29/01/2024";"0";"01/01/2024";"31/01/2024";"3"
"UNIDADE DE GESTÃO DA CASA CIVIL";"4";"ADMINISTRAÇÃO";"122";"ADMINISTRAÇÃO GERAL";"2024";"3231";"";"0";"0";"100012604";"FOLHA DE PAGAMENTO";"45780103000150";"";"0";"PROPRIA";"33904901";"INDENIZACAO AUXILIO TRANSPORTE";"FOLHA DE PAGAMENTO";"12232";"2024";"L";"29/01/2024";"0";"01/01/2024";"31/01/2024";"3"
"UNIDADE DE GESTÃO DA CASA CIVIL";"4";"ADMINISTRAÇÃO";"122";"ADMINISTRAÇÃO GERAL";"2024";"3232";"";"0";"0";"100012604";"FOLHA DE PAGAMENTO";"45780103000150";"";"0";"PROPRIA";"33904901";"INDENIZACAO AUXILIO TRANSPORTE";"FOLHA DE PAGAMENTO";"880";"2024";"L";"29/01/2024";"0";"01/01/2024";"31/01/2024";"3"
"UNIDADE DE GESTÃO DA CASA CIVIL";"4";"ADMINISTRAÇÃO";"122";"ADMINISTRAÇÃO GERAL";"2024";"3233";"";"0";"0";"100012604";"FOLHA DE PAGAMENTO";"45780103000150";"";"0";"PROPRIA";"33904901";"INDENIZACAO AUXILIO TRANSPORTE";"FOLHA DE PAGAMENTO";"14784";"2024";"L";"29/01/2024";"0";"01/01/2024";"31/01/2024";"3"
"UNIDADE GESTÃO DE INOVAÇÃO E RELAÇÃO COM O CIDADÃO";"4";"ADMINISTRAÇÃO";"122";"ADMINISTRAÇÃO GERAL";"2024";"3234";"";"0";"0";"100012604";"FOLHA DE PAGAMENTO";"45780103000150";"";"0";"PROPRIA";"31901101";"VENCIMENTO E SALARIOS";"FOLHA DE PAGAMENTO";"18369.03";"2024";"L";"29/01/2024";"0";"01/01/2024";"31/01/2024";"4"
"UNIDADE GESTÃO DE INOVAÇÃO E RELAÇÃO COM O CIDADÃO";"4";"ADMINISTRAÇÃO";"122";"ADMINISTRAÇÃO GERAL";"2024";"3235";"";"0";"0";"100012604";"FOLHA DE PAGAMENTO";"45780103000150";"";"0";"PROPRIA";"31901101";"VENCIMENTO E SALARIOS";"FOLHA DE PAGAMENTO";"95604.21";"2024";"L";"29/01/2024";"0";"01/01/2024";"31/01/2024";"4"
"UNIDADE GESTÃO DE INOVAÇÃO E RELAÇÃO COM O CIDADÃO";"4";"ADMINISTRAÇÃO";"122";"ADMINISTRAÇÃO GERAL";"2024";"3236";"";"0";"0";"100012604";"FOLHA DE PAGAMENTO";"45780103000150";"";"0";"PROPRIA";"31901104";"ADICIONAL NOTURNO";"FOLHA DE PAGAMENTO";"15.06";"2024";"L";"29/01/2024";"0";"01/01/2024";"31/01/2024";"4"
"UNIDADE GESTÃO DE INOVAÇÃO E RELAÇÃO COM O CIDADÃO";"4";"ADMINISTRAÇÃO";"122";"ADMINISTRAÇÃO GERAL";"2024";"3237";"";"0";"0";"100012604";"FOLHA DE PAGAMENTO";"45780103000150";"";"0";"PROPRIA";"31901131";"GRATIFICACOES POR EXERCICIO DE  CARGO";"FOLHA DE PAGAMENTO";"3620.64";"2024";"L";"29/01/2024";"0";"01/01/2024";"31/01/2024";"4"
"UNIDADE GESTÃO DE INOVAÇÃO E RELAÇÃO COM O CIDADÃO";"4";"ADMINISTRAÇÃO";"122";"ADMINISTRAÇÃO GERAL";"2024";"3238";"";"0";"0";"100012604";"FOLHA DE PAGAMENTO";"45780103000150";"";"0";"PROPRIA";"31901133";"GRATIFICACOES POR EXERCICIO DE  FUNCOES";"FOLHA DE PAGAMENTO";"2436.27";"2024";"L";"29/01/2024";"0";"01/01/2024";"31/01/2024";"4"
"UNIDADE GESTÃO DE INOVAÇÃO E RELAÇÃO COM O CIDADÃO";"4";"ADMINISTRAÇÃO";"122";"ADMINISTRAÇÃO GERAL";"2024";"3239";"";"0";"0";"100012604";"FOLHA DE PAGAMENTO";"45780103000150";"";"0";"PROPRIA";"31901137";"GRATIFICACOES POR TEMPO DE SERVICO";"FOLHA DE PAGAMENTO";"1729.75";"2024";"L";"29/01/2024";"0";"01/01/2024";"31/01/2024";"4"
"UNIDADE GESTÃO DE INOVAÇÃO E RELAÇÃO COM O CIDADÃO";"4";"ADMINISTRAÇÃO";"122";"ADMINISTRAÇÃO GERAL";"2024";"3240";"";"0";"0";"100012604";"FOLHA DE PAGAMENTO";"45780103000150";"";"0";"PROPRIA";"31901175";"SUBSÍDIOS - AGENTES POLÍTICOS";"FOLHA DE PAGAMENTO";"7314.29";"2024";"L";"29/01/2024";"0";"01/01/2024";"31/01/2024";"4"
"UNIDADE GESTÃO DE INOVAÇÃO E RELAÇÃO COM O CIDADÃO";"4";"ADMINISTRAÇÃO";"122";"ADMINISTRAÇÃO GERAL";"2024";"3243";"";"0";"0";"100012604";"FOLHA DE PAGAMENTO";"45780103000150";"";"0";"PROPRIA";"31901632";"SUBSTITUIÇÕES  RPPS";"FOLHA DE PAGAMENTO";"218.4";"2024";"L";"29/01/2024";"0";"01/01/2024";"31/01/2024";"4"
"UNIDADE GESTÃO DE INOVAÇÃO E RELAÇÃO COM O CIDADÃO";"4";"ADMINISTRAÇÃO";"122";"ADMINISTRAÇÃO GERAL";"2024";"3244";"";"0";"0";"100012604";"FOLHA DE PAGAMENTO";"45780103000150";"";"0";"PROPRIA";"31901644";"SERVIÇOS EXTRAORDINÁRIOS";"FOLHA DE PAGAMENTO";"3179.63";"2024";"L";"29/01/2024";"0";"01/01/2024";"31/01/2024";"4"
"UNIDADE GESTÃO DE INOVAÇÃO E RELAÇÃO COM O CIDADÃO";"4";"ADMINISTRAÇÃO";"122";"ADMINISTRAÇÃO GERAL";"2024";"3245";"";"0";"0";"100004453";"IPREJUN-INST.PREVIDENCIA DO MUN.JUNDIAI";"05507216000161";"";"0";"PROPRIA";"31911308";"CONTRIBUIÇÕES PREVIDENCIÁRIAS - RPPS - PESSOAL ATI";"FOLHA DE PAGAMENTO";"524.46";"2024";"L";"29/01/2024";"0";"01/01/2024";"31/01/2024";"4"
"UNIDADE GESTÃO DE INOVAÇÃO E RELAÇÃO COM O CIDADÃO";"4";"ADMINISTRAÇÃO";"122";"ADMINISTRAÇÃO GERAL";"2024";"3246";"";"0";"0";"100004453";"IPREJUN-INST.PREVIDENCIA DO MUN.JUNDIAI";"05507216000161";"";"0";"PROPRIA";"31911308";"CONTRIBUIÇÕES PREVIDENCIÁRIAS - RPPS - PESSOAL ATI";"FOLHA DE PAGAMENTO";"4768.73";"2024";"L";"29/01/2024";"0";"01/01/2024";"31/01/2024";"4"
"UNIDADE GESTÃO DE INOVAÇÃO E RELAÇÃO COM O CIDADÃO";"4";"ADMINISTRAÇÃO";"122";"ADMINISTRAÇÃO GERAL";"2024";"3247";"";"0";"0";"100004453";"IPREJUN-INST.PREVIDENCIA DO MUN.JUNDIAI";"05507216000161";"";"0";"PROPRIA";"31911320";"ALÍQUOTA SUPLEMENTAR DE CONTRIBUIÇÃO PREVIDENCIÁRI";"FOLHA DE PAGAMENTO";"696.1";"2024";"L";"29/01/2024";"0";"01/01/2024";"31/01/2024";"4"
"UNIDADE GESTÃO DE INOVAÇÃO E RELAÇÃO COM O CIDADÃO";"4";"ADMINISTRAÇÃO";"122";"ADMINISTRAÇÃO GERAL";"2024";"3248";"";"0";"0";"100004453";"IPREJUN-INST.PREVIDENCIA DO MUN.JUNDIAI";"05507216000161";"";"0";"PROPRIA";"31911320";"ALÍQUOTA SUPLEMENTAR DE CONTRIBUIÇÃO PREVIDENCIÁRI";"FOLHA DE PAGAMENTO";"6329.48";"2024";"L";"29/01/2024";"0";"01/01/2024";"31/01/2024";"4"
"UNIDADE GESTÃO DE INOVAÇÃO E RELAÇÃO COM O CIDADÃO";"4";"ADMINISTRAÇÃO";"122";"ADMINISTRAÇÃO GERAL";"2024";"3249";"";"0";"0";"100012604";"FOLHA DE PAGAMENTO";"45780103000150";"";"0";"PROPRIA";"33904901";"INDENIZACAO AUXILIO TRANSPORTE";"FOLHA DE PAGAMENTO";"7502";"2024";"L";"29/01/2024";"0";"01/01/2024";"31/01/2024";"4"
"UNIDADE GESTÃO DE INOVAÇÃO E RELAÇÃO COM O CIDADÃO";"4";"ADMINISTRAÇÃO";"122";"ADMINISTRAÇÃO GERAL";"2024";"3250";"";"0";"0";"100012604";"FOLHA DE PAGAMENTO";"45780103000150";"";"0";"PROPRIA";"33904901";"INDENIZACAO AUXILIO TRANSPORTE";"FOLHA DE PAGAMENTO";"2046";"2024";"L";"29/01/2024";"0";"01/01/2024";"31/01/2024";"4"
"UNIDADE DE GESTÃO DE NEG. JURÍDICOS E CIDADANIA";"4";"ADMINISTRAÇÃO";"122";"ADMINISTRAÇÃO GERAL";"2024";"3252";"";"0";"0";"100012604";"FOLHA DE PAGAMENTO";"45780103000150";"";"0";"PROPRIA";"31901101";"VENCIMENTO E SALARIOS";"FOLHA DE PAGAMENTO";"25166.86";"2024";"L";"29/01/2024";"0";"01/01/2024";"31/01/2024";"6"
"UNIDADE DE GESTÃO DE NEG. JURÍDICOS E CIDADANIA";"4";"ADMINISTRAÇÃO";"122";"ADMINISTRAÇÃO GERAL";"2024";"3253";"";"0";"0";"100012604";"FOLHA DE PAGAMENTO";"45780103000150";"";"0";"PROPRIA";"31901101";"VENCIMENTO E SALARIOS";"FOLHA DE PAGAMENTO";"393549.85";"2024";"L";"29/01/2024";"0";"01/01/2024";"31/01/2024";"6"
"UNIDADE DE GESTÃO DE NEG. JURÍDICOS E CIDADANIA";"4";"ADMINISTRAÇÃO";"122";"ADMINISTRAÇÃO GERAL";"2024";"3254";"";"0";"0";"100012604";"FOLHA DE PAGAMENTO";"45780103000150";"";"0";"PROPRIA";"31901101";"VENCIMENTO E SALARIOS";"FOLHA DE PAGAMENTO";"70415.69";"2024";"L";"29/01/2024";"0";"01/01/2024";"31/01/2024";"6"
"UNIDADE DE GESTÃO DE NEG. JURÍDICOS E CIDADANIA";"4";"ADMINISTRAÇÃO";"122";"ADMINISTRAÇÃO GERAL";"2024";"3255";"";"0";"0";"100012604";"FOLHA DE PAGAMENTO";"45780103000150";"";"0";"PROPRIA";"31901105";"INCORPORADOS";"FOLHA DE PAGAMENTO";"3426.6";"2024";"L";"29/01/2024";"0";"01/01/2024";"31/01/2024";"6"
"UNIDADE DE GESTÃO DE NEG. JURÍDICOS E CIDADANIA";"4";"ADMINISTRAÇÃO";"122";"ADMINISTRAÇÃO GERAL";"2024";"3256";"";"0";"0";"100012604";"FOLHA DE PAGAMENTO";"45780103000150";"";"0";"PROPRIA";"31901105";"INCORPORADOS";"FOLHA DE PAGAMENTO";"6632.39";"2024";"L";"29/01/2024";"0";"01/01/2024";"31/01/2024";"6"
"UNIDADE DE GESTÃO DE NEG. JURÍDICOS E CIDADANIA";"4";"ADMINISTRAÇÃO";"122";"ADMINISTRAÇÃO GERAL";"2024";"3257";"";"0";"0";"100012604";"FOLHA DE PAGAMENTO";"45780103000150";"";"0";"PROPRIA";"31901107";"ABONO DE PERMANENCIA";"FOLHA DE PAGAMENTO";"7339.42";"2024";"L";"29/01/2024";"0";"01/01/2024";"31/01/2024";"6"
"UNIDADE DE GESTÃO DE NEG. JURÍDICOS E CIDADANIA";"4";"ADMINISTRAÇÃO";"122";"ADMINISTRAÇÃO GERAL";"2024";"3258";"";"0";"0";"100012604";"FOLHA DE PAGAMENTO";"45780103000150";"";"0";"PROPRIA";"31901131";"GRATIFICACOES POR EXERCICIO DE  CARGO";"FOLHA DE PAGAMENTO";"35752.42";"2024";"L";"29/01/2024";"0";"01/01/2024";"31/01/2024";"6"
"UNIDADE DE GESTÃO DE NEG. JURÍDICOS E CIDADANIA";"4";"ADMINISTRAÇÃO";"122";"ADMINISTRAÇÃO GERAL";"2024";"3259";"";"0";"0";"100012604";"FOLHA DE PAGAMENTO";"45780103000150";"";"0";"PROPRIA";"31901133";"GRATIFICACOES POR EXERCICIO DE  FUNCOES";"FOLHA DE PAGAMENTO";"6935.93";"2024";"L";"29/01/2024";"0";"01/01/2024";"31/01/2024";"6"
"UNIDADE DE GESTÃO DE NEG. JURÍDICOS E CIDADANIA";"4";"ADMINISTRAÇÃO";"122";"ADMINISTRAÇÃO GERAL";"2024";"3260";"";"0";"0";"100012604";"FOLHA DE PAGAMENTO";"45780103000150";"";"0";"PROPRIA";"31901137";"GRATIFICACOES POR TEMPO DE SERVICO";"FOLHA DE PAGAMENTO";"51824.15";"2024";"L";"29/01/2024";"0";"01/01/2024";"31/01/2024";"6"
"UNIDADE DE GESTÃO DE NEG. JURÍDICOS E CIDADANIA";"4";"ADMINISTRAÇÃO";"122";"ADMINISTRAÇÃO GERAL";"2024";"3261";"";"0";"0";"100012604";"FOLHA DE PAGAMENTO";"45780103000150";"";"0";"PROPRIA";"31901137";"GRATIFICACOES POR TEMPO DE SERVICO";"FOLHA DE PAGAMENTO";"20273.48";"2024";"L";"29/01/2024";"0";"01/01/2024";"31/01/2024";"6"
"UNIDADE DE GESTÃO DE NEG. JURÍDICOS E CIDADANIA";"4";"ADMINISTRAÇÃO";"122";"ADMINISTRAÇÃO GERAL";"2024";"3262";"";"0";"0";"100012604";"FOLHA DE PAGAMENTO";"45780103000150";"";"0";"PROPRIA";"31901147";"LICENÇA PRÊMIO";"FOLHA DE PAGAMENTO";"83029.59";"2024";"L";"29/01/2024";"0";"01/01/2024";"31/01/2024";"6"
"UNIDADE DE GESTÃO DE NEG. JURÍDICOS E CIDADANIA";"4";"ADMINISTRAÇÃO";"122";"ADMINISTRAÇÃO GERAL";"2024";"3263";"";"0";"0";"100012604";"FOLHA DE PAGAMENTO";"45780103000150";"";"0";"PROPRIA";"31901175";"SUBSÍDIOS - AGENTES POLÍTICOS";"FOLHA DE PAGAMENTO";"19312.03";"2024";"L";"29/01/2024";"0";"01/01/2024";"31/01/2024";"6"
"UNIDADE DE GESTÃO DE NEG. JURÍDICOS E CIDADANIA";"4";"ADMINISTRAÇÃO";"122";"ADMINISTRAÇÃO GERAL";"2024";"3264";"";"0";"0";"4000055";"FUNDO DE GARANTIA POR TEMPO DE SERVICO";"00360305000104";"";"0";"PROPRIA";"31901301";"FGTS";"FOLHA DE PAGAMENTO";"6014.38";"2024";"L";"29/01/2024";"0";"01/01/2024";"31/01/2024";"6"
"UNIDADE DE GESTÃO DE NEG. JURÍDICOS E CIDADANIA";"4";"ADMINISTRAÇÃO";"122";"ADMINISTRAÇÃO GERAL";"2024";"3268";"";"0";"0";"100004453";"IPREJUN-INST.PREVIDENCIA DO MUN.JUNDIAI";"05507216000161";"";"0";"PROPRIA";"31911308";"CONTRIBUIÇÕES PREVIDENCIÁRIAS - RPPS - PESSOAL ATI";"FOLHA DE PAGAMENTO";"107481.72";"2024";"L";"29/01/2024";"0";"01/01/2024";"31/01/2024";"6"
"UNIDADE DE GESTÃO DE NEG. JURÍDICOS E CIDADANIA";"4";"ADMINISTRAÇÃO";"122";"ADMINISTRAÇÃO GERAL";"2024";"3269";"";"0";"0";"100004453";"IPREJUN-INST.PREVIDENCIA DO MUN.JUNDIAI";"05507216000161";"";"0";"PROPRIA";"31911320";"ALÍQUOTA SUPLEMENTAR DE CONTRIBUIÇÃO PREVIDENCIÁRI";"FOLHA DE PAGAMENTO";"142658.93";"2024";"L";"29/01/2024";"0";"01/01/2024";"31/01/2024";"6"
"UNIDADE DE GESTÃO DE NEG. JURÍDICOS E CIDADANIA";"4";"ADMINISTRAÇÃO";"122";"ADMINISTRAÇÃO GERAL";"2024";"3270";"";"0";"0";"100012604";"FOLHA DE PAGAMENTO";"45780103000150";"";"0";"PROPRIA";"33904901";"INDENIZACAO AUXILIO TRANSPORTE";"FOLHA DE PAGAMENTO";"16764";"2024";"L";"29/01/2024";"0";"01/01/2024";"31/01/2024";"6"
"UNIDADE DE GESTÃO DE NEG. JURÍDICOS E CIDADANIA";"4";"ADMINISTRAÇÃO";"122";"ADMINISTRAÇÃO GERAL";"2024";"3271";"";"0";"0";"100012604";"FOLHA DE PAGAMENTO";"45780103000150";"";"0";"PROPRIA";"33904901";"INDENIZACAO AUXILIO TRANSPORTE";"FOLHA DE PAGAMENTO";"880";"2024";"L";"29/01/2024";"0";"01/01/2024";"31/01/2024";"6"
"UNIDADE DE GESTÃO DE NEG. JURÍDICOS E CIDADANIA";"4";"ADMINISTRAÇÃO";"122";"ADMINISTRAÇÃO GERAL";"2024";"3272";"";"0";"0";"100012604";"FOLHA DE PAGAMENTO";"45780103000150";"";"0";"PROPRIA";"33904901";"INDENIZACAO AUXILIO TRANSPORTE";"FOLHA DE PAGAMENTO";"4994";"2024";"L";"29/01/2024";"0";"01/01/2024";"31/01/2024";"6"
"UNIDADE DE GESTÃO DE NEG. JURÍDICOS E CIDADANIA";"4";"ADMINISTRAÇÃO";"422";"DIREITOS INDIVIDUAIS. COLETIVOS E DIFUSOS";"2024";"3273";"";"0";"0";"100012604";"FOLHA DE PAGAMENTO";"45780103000150";"";"0";"PROPRIA";"31901101";"VENCIMENTO E SALARIOS";"FOLHA DE PAGAMENTO";"20128.96";"2024";"L";"29/01/2024";"0";"01/01/2024";"31/01/2024";"6"
"UNIDADE DE GESTÃO DE NEG. JURÍDICOS E CIDADANIA";"4";"ADMINISTRAÇÃO";"422";"DIREITOS INDIVIDUAIS. COLETIVOS E DIFUSOS";"2024";"3274";"";"0";"0";"100012604";"FOLHA DE PAGAMENTO";"45780103000150";"";"0";"PROPRIA";"31901101";"VENCIMENTO E SALARIOS";"FOLHA DE PAGAMENTO";"25570.65";"2024";"L";"29/01/2024";"0";"01/01/2024";"31/01/2024";"6"
"UNIDADE DE GESTÃO DE NEG. JURÍDICOS E CIDADANIA";"4";"ADMINISTRAÇÃO";"422";"DIREITOS INDIVIDUAIS. COLETIVOS E DIFUSOS";"2024";"3275";"";"0";"0";"100012604";"FOLHA DE PAGAMENTO";"45780103000150";"";"0";"PROPRIA";"31901137";"GRATIFICACOES POR TEMPO DE SERVICO";"FOLHA DE PAGAMENTO";"1438.57";"2024";"L";"29/01/2024";"0";"01/01/2024";"31/01/2024";"6"
"UNIDADE DE GESTÃO DE NEG. JURÍDICOS E CIDADANIA";"4";"ADMINISTRAÇÃO";"422";"DIREITOS INDIVIDUAIS. COLETIVOS E DIFUSOS";"2024";"3277";"";"0";"0";"100004453";"IPREJUN-INST.PREVIDENCIA DO MUN.JUNDIAI";"05507216000161";"";"0";"PROPRIA";"31911308";"CONTRIBUIÇÕES PREVIDENCIÁRIAS - RPPS - PESSOAL ATI";"FOLHA DE PAGAMENTO";"6725.69";"2024";"L";"29/01/2024";"0";"01/01/2024";"31/01/2024";"6"
"UNIDADE DE GESTÃO DE NEG. JURÍDICOS E CIDADANIA";"4";"ADMINISTRAÇÃO";"422";"DIREITOS INDIVIDUAIS. COLETIVOS E DIFUSOS";"2024";"3278";"";"0";"0";"100004453";"IPREJUN-INST.PREVIDENCIA DO MUN.JUNDIAI";"05507216000161";"";"0";"PROPRIA";"31911320";"ALÍQUOTA SUPLEMENTAR DE CONTRIBUIÇÃO PREVIDENCIÁRI";"FOLHA DE PAGAMENTO";"8926.92";"2024";"L";"29/01/2024";"0";"01/01/2024";"31/01/2024";"6"
"UNIDADE DE GESTÃO DE NEG. JURÍDICOS E CIDADANIA";"4";"ADMINISTRAÇÃO";"422";"DIREITOS INDIVIDUAIS. COLETIVOS E DIFUSOS";"2024";"3279";"";"0";"0";"100012604";"FOLHA DE PAGAMENTO";"45780103000150";"";"0";"PROPRIA";"33904901";"INDENIZACAO AUXILIO TRANSPORTE";"FOLHA DE PAGAMENTO";"3674";"2024";"L";"29/01/2024";"0";"01/01/2024";"31/01/2024";"6"
"UNIDADE DE GESTÃO DE NEG. JURÍDICOS E CIDADANIA";"4";"ADMINISTRAÇÃO";"422";"DIREITOS INDIVIDUAIS. COLETIVOS E DIFUSOS";"2024";"3280";"";"0";"0";"100012604";"FOLHA DE PAGAMENTO";"45780103000150";"";"0";"PROPRIA";"33904901";"INDENIZACAO AUXILIO TRANSPORTE";"FOLHA DE PAGAMENTO";"1254";"2024";"L";"29/01/2024";"0";"01/01/2024";"31/01/2024";"6"
"UNIDADE DE GESTÃO DE ADMINIST. E GESTÃO DE PESSOAS";"4";"ADMINISTRAÇÃO";"122";"ADMINISTRAÇÃO GERAL";"2024";"3281";"";"0";"0";"100012604";"FOLHA DE PAGAMENTO";"45780103000150";"";"0";"PROPRIA";"31901101";"VENCIMENTO E SALARIOS";"FOLHA DE PAGAMENTO";"89716.97";"2024";"L";"29/01/2024";"0";"01/01/2024";"31/01/2024";"7"
"UNIDADE DE GESTÃO DE ADMINIST. E GESTÃO DE PESSOAS";"4";"ADMINISTRAÇÃO";"122";"ADMINISTRAÇÃO GERAL";"2024";"3282";"";"0";"0";"100012604";"FOLHA DE PAGAMENTO";"45780103000150";"";"0";"PROPRIA";"31901101";"VENCIMENTO E SALARIOS";"FOLHA DE PAGAMENTO";"517322.59";"2024";"L";"29/01/2024";"0";"01/01/2024";"31/01/2024";"7"
"UNIDADE DE GESTÃO DE ADMINIST. E GESTÃO DE PESSOAS";"4";"ADMINISTRAÇÃO";"122";"ADMINISTRAÇÃO GERAL";"2024";"3283";"";"0";"0";"100012604";"FOLHA DE PAGAMENTO";"45780103000150";"";"0";"PROPRIA";"31901101";"VENCIMENTO E SALARIOS";"FOLHA DE PAGAMENTO";"39275.08";"2024";"L";"29/01/2024";"0";"01/01/2024";"31/01/2024";"7"
"UNIDADE DE GESTÃO DE ADMINIST. E GESTÃO DE PESSOAS";"4";"ADMINISTRAÇÃO";"122";"ADMINISTRAÇÃO GERAL";"2024";"3284";"";"0";"0";"100012604";"FOLHA DE PAGAMENTO";"45780103000150";"";"0";"PROPRIA";"31901105";"INCORPORADOS";"FOLHA DE PAGAMENTO";"928.37";"2024";"L";"29/01/2024";"0";"01/01/2024";"31/01/2024";"7"
"UNIDADE DE GESTÃO DE ADMINIST. E GESTÃO DE PESSOAS";"4";"ADMINISTRAÇÃO";"122";"ADMINISTRAÇÃO GERAL";"2024";"3285";"";"0";"0";"100012604";"FOLHA DE PAGAMENTO";"45780103000150";"";"0";"PROPRIA";"31901107";"ABONO DE PERMANENCIA";"FOLHA DE PAGAMENTO";"11189.67";"2024";"L";"29/01/2024";"0";"01/01/2024";"31/01/2024";"7"
"UNIDADE DE GESTÃO DE ADMINIST. E GESTÃO DE PESSOAS";"4";"ADMINISTRAÇÃO";"122";"ADMINISTRAÇÃO GERAL";"2024";"3286";"";"0";"0";"100012604";"FOLHA DE PAGAMENTO";"45780103000150";"";"0";"PROPRIA";"31901109";"ADICIONAL DE PERICULOSIDADE";"FOLHA DE PAGAMENTO";"15841.38";"2024";"L";"29/01/2024";"0";"01/01/2024";"31/01/2024";"7"
"UNIDADE DE GESTÃO DE ADMINIST. E GESTÃO DE PESSOAS";"4";"ADMINISTRAÇÃO";"122";"ADMINISTRAÇÃO GERAL";"2024";"3287";"";"0";"0";"100012604";"FOLHA DE PAGAMENTO";"45780103000150";"";"0";"PROPRIA";"31901110";"ADICIONAL DE INSALUBRIDADE";"FOLHA DE PAGAMENTO";"4386.62";"2024";"L";"29/01/2024";"0";"01/01/2024";"31/01/2024";"7"
"UNIDADE DE GESTÃO DE ADMINIST. E GESTÃO DE PESSOAS";"4";"ADMINISTRAÇÃO";"122";"ADMINISTRAÇÃO GERAL";"2024";"3288";"";"0";"0";"100012604";"FOLHA DE PAGAMENTO";"45780103000150";"";"0";"PROPRIA";"31901131";"GRATIFICACOES POR EXERCICIO DE  CARGO";"FOLHA DE PAGAMENTO";"32293.02";"2024";"L";"29/01/2024";"0";"01/01/2024";"31/01/2024";"7"
"UNIDADE DE GESTÃO DE ADMINIST. E GESTÃO DE PESSOAS";"4";"ADMINISTRAÇÃO";"122";"ADMINISTRAÇÃO GERAL";"2024";"3289";"";"0";"0";"100012604";"FOLHA DE PAGAMENTO";"45780103000150";"";"0";"PROPRIA";"31901133";"GRATIFICACOES POR EXERCICIO DE  FUNCOES";"FOLHA DE PAGAMENTO";"51790.77";"2024";"L";"29/01/2024";"0";"01/01/2024";"31/01/2024";"7"
"UNIDADE DE GESTÃO DE ADMINIST. E GESTÃO DE PESSOAS";"4";"ADMINISTRAÇÃO";"122";"ADMINISTRAÇÃO GERAL";"2024";"3290";"";"0";"0";"100012604";"FOLHA DE PAGAMENTO";"45780103000150";"";"0";"PROPRIA";"31901137";"GRATIFICACOES POR TEMPO DE SERVICO";"FOLHA DE PAGAMENTO";"68457.21";"2024";"L";"29/01/2024";"0";"01/01/2024";"31/01/2024";"7"
"UNIDADE DE GESTÃO DE ADMINIST. E GESTÃO DE PESSOAS";"4";"ADMINISTRAÇÃO";"122";"ADMINISTRAÇÃO GERAL";"2024";"3291";"";"0";"0";"100012604";"FOLHA DE PAGAMENTO";"45780103000150";"";"0";"PROPRIA";"31901137";"GRATIFICACOES POR TEMPO DE SERVICO";"FOLHA DE PAGAMENTO";"24567.13";"2024";"L";"29/01/2024";"0";"01/01/2024";"31/01/2024";"7"
"UNIDADE DE GESTÃO DE ADMINIST. E GESTÃO DE PESSOAS";"4";"ADMINISTRAÇÃO";"122";"ADMINISTRAÇÃO GERAL";"2024";"3292";"";"0";"0";"100012604";"FOLHA DE PAGAMENTO";"45780103000150";"";"0";"PROPRIA";"31901145";"FÉRIAS - ABONO CONSTITUICOES";"FOLHA DE PAGAMENTO";"21.26";"2024";"L";"29/01/2024";"0";"01/01/2024";"31/01/2024";"7"
"UNIDADE DE GESTÃO DE ADMINIST. E GESTÃO DE PESSOAS";"4";"ADMINISTRAÇÃO";"122";"ADMINISTRAÇÃO GERAL";"2024";"3293";"";"0";"0";"100012604";"FOLHA DE PAGAMENTO";"45780103000150";"";"0";"PROPRIA";"31901147";"LICENÇA PRÊMIO";"FOLHA DE PAGAMENTO";"43180.87";"2024";"L";"29/01/2024";"0";"01/01/2024";"31/01/2024";"7"
"UNIDADE DE GESTÃO DE ADMINIST. E GESTÃO DE PESSOAS";"4";"ADMINISTRAÇÃO";"122";"ADMINISTRAÇÃO GERAL";"2024";"3294";"";"0";"0";"4000055";"FUNDO DE GARANTIA POR TEMPO DE SERVICO";"00360305000104";"";"0";"PROPRIA";"31901301";"FGTS";"FOLHA DE PAGAMENTO";"8485.47";"2024";"L";"29/01/2024";"0";"01/01/2024";"31/01/2024";"7"
"UNIDADE DE GESTÃO DE ADMINIST. E GESTÃO DE PESSOAS";"4";"ADMINISTRAÇÃO";"122";"ADMINISTRAÇÃO GERAL";"2024";"3297";"";"0";"0";"100012604";"FOLHA DE PAGAMENTO";"45780103000150";"";"0";"PROPRIA";"31901632";"SUBSTITUIÇÕES  RPPS";"FOLHA DE PAGAMENTO";"11721.85";"2024";"L";"29/01/2024";"0";"01/01/2024";"31/01/2024";"7"
"UNIDADE DE GESTÃO DE ADMINIST. E GESTÃO DE PESSOAS";"4";"ADMINISTRAÇÃO";"122";"ADMINISTRAÇÃO GERAL";"2024";"3298";"";"0";"0";"100012604";"FOLHA DE PAGAMENTO";"45780103000150";"";"0";"PROPRIA";"31901644";"SERVIÇOS EXTRAORDINÁRIOS";"FOLHA DE PAGAMENTO";"13779.67";"2024";"L";"29/01/2024";"0";"01/01/2024";"31/01/2024";"7"
"UNIDADE DE GESTÃO DE ADMINIST. E GESTÃO DE PESSOAS";"4";"ADMINISTRAÇÃO";"122";"ADMINISTRAÇÃO GERAL";"2024";"3299";"";"0";"0";"100004453";"IPREJUN-INST.PREVIDENCIA DO MUN.JUNDIAI";"05507216000161";"";"0";"PROPRIA";"31911308";"CONTRIBUIÇÕES PREVIDENCIÁRIAS - RPPS - PESSOAL ATI";"FOLHA DE PAGAMENTO";"140836.02";"2024";"L";"29/01/2024";"0";"01/01/2024";"31/01/2024";"7"
"UNIDADE DE GESTÃO DE ADMINIST. E GESTÃO DE PESSOAS";"4";"ADMINISTRAÇÃO";"122";"ADMINISTRAÇÃO GERAL";"2024";"3300";"";"0";"0";"100004453";"IPREJUN-INST.PREVIDENCIA DO MUN.JUNDIAI";"05507216000161";"";"0";"PROPRIA";"31911320";"ALÍQUOTA SUPLEMENTAR DE CONTRIBUIÇÃO PREVIDENCIÁRI";"FOLHA DE PAGAMENTO";"186929.65";"2024";"L";"29/01/2024";"0";"01/01/2024";"31/01/2024";"7"
"UNIDADE DE GESTÃO DE ADMINIST. E GESTÃO DE PESSOAS";"4";"ADMINISTRAÇÃO";"122";"ADMINISTRAÇÃO GERAL";"2024";"3301";"";"0";"0";"100012604";"FOLHA DE PAGAMENTO";"45780103000150";"";"0";"PROPRIA";"33904901";"INDENIZACAO AUXILIO TRANSPORTE";"FOLHA DE PAGAMENTO";"5742";"2024";"L";"29/01/2024";"0";"01/01/2024";"31/01/2024";"7"
"UNIDADE DE GESTÃO DE ADMINIST. E GESTÃO DE PESSOAS";"4";"ADMINISTRAÇÃO";"122";"ADMINISTRAÇÃO GERAL";"2024";"3302";"";"0";"0";"100012604";"FOLHA DE PAGAMENTO";"45780103000150";"";"0";"PROPRIA";"33904901";"INDENIZACAO AUXILIO TRANSPORTE";"FOLHA DE PAGAMENTO";"2464";"2024";"L";"29/01/2024";"0";"01/01/2024";"31/01/2024";"7"
"UNIDADE DE GESTÃO DE ADMINIST. E GESTÃO DE PESSOAS";"4";"ADMINISTRAÇÃO";"122";"ADMINISTRAÇÃO GERAL";"2024";"3303";"";"0";"0";"100012604";"FOLHA DE PAGAMENTO";"45780103000150";"";"0";"PROPRIA";"33904901";"INDENIZACAO AUXILIO TRANSPORTE";"FOLHA DE PAGAMENTO";"53988";"2024";"L";"29/01/2024";"0";"01/01/2024";"31/01/2024";"7"
"UNIDADE DE GESTÃO DE ADMINIST. E GESTÃO DE PESSOAS";"9";"PREVIDÊNCIA SOCIAL";"271";"PREVIDÊNCIA BÁSICA";"2024";"3304";"";"0";"0";"100012604";"FOLHA DE PAGAMENTO";"45780103000150";"";"0";"PROPRIA";"31900101";"PROVENTOS - PESSOAL CIVIL";"FOLHA DE PAGAMENTO";"3388";"2024";"L";"29/01/2024";"0";"01/01/2024";"31/01/2024";"7"
"UNIDADE DE GESTÃO DE ADMINIST. E GESTÃO DE PESSOAS";"9";"PREVIDÊNCIA SOCIAL";"271";"PREVIDÊNCIA BÁSICA";"2024";"3305";"";"0";"0";"100012604";"FOLHA DE PAGAMENTO";"45780103000150";"";"0";"PROPRIA";"31900101";"PROVENTOS - PESSOAL CIVIL";"FOLHA DE PAGAMENTO";"217669.8";"2024";"L";"29/01/2024";"0";"01/01/2024";"31/01/2024";"7"
"UNIDADE DE GESTÃO DE ADMINIST. E GESTÃO DE PESSOAS";"9";"PREVIDÊNCIA SOCIAL";"271";"PREVIDÊNCIA BÁSICA";"2024";"3306";"";"0";"0";"100012604";"FOLHA DE PAGAMENTO";"45780103000150";"";"0";"PROPRIA";"31900101";"PROVENTOS - PESSOAL CIVIL";"FOLHA DE PAGAMENTO";"51745.71";"2024";"L";"29/01/2024";"0";"01/01/2024";"31/01/2024";"7"
"UNIDADE DE GESTÃO DE ADMINIST. E GESTÃO DE PESSOAS";"9";"PREVIDÊNCIA SOCIAL";"271";"PREVIDÊNCIA BÁSICA";"2024";"3307";"";"0";"0";"100012604";"FOLHA DE PAGAMENTO";"45780103000150";"";"0";"PROPRIA";"31900101";"PROVENTOS - PESSOAL CIVIL";"FOLHA DE PAGAMENTO";"102874.24";"2024";"L";"29/01/2024";"0";"01/01/2024";"31/01/2024";"7"
"UNIDADE DE GESTÃO DE ADMINIST. E GESTÃO DE PESSOAS";"9";"PREVIDÊNCIA SOCIAL";"271";"PREVIDÊNCIA BÁSICA";"2024";"3308";"";"0";"0";"100012604";"FOLHA DE PAGAMENTO";"45780103000150";"";"0";"PROPRIA";"31900106";"13 SALARIO - PESOAL CIVIL";"FOLHA DE PAGAMENTO";"692.43";"2024";"L";"29/01/2024";"0";"01/01/2024";"31/01/2024";"7"
"UNIDADE DE GESTÃO DE ADMINIST. E GESTÃO DE PESSOAS";"9";"PREVIDÊNCIA SOCIAL";"271";"PREVIDÊNCIA BÁSICA";"2024";"3309";"";"0";"0";"100012604";"FOLHA DE PAGAMENTO";"45780103000150";"";"0";"PROPRIA";"31900151";"ADICIONAIS. VANTAGENS. GRATIFICAÇÕES E OUTROS COMP";"FOLHA DE PAGAMENTO";"8160.23";"2024";"L";"29/01/2024";"0";"01/01/2024";"31/01/2024";"7"
"UNIDADE DE GESTÃO DE ADMINIST. E GESTÃO DE PESSOAS";"9";"PREVIDÊNCIA SOCIAL";"271";"PREVIDÊNCIA BÁSICA";"2024";"3310";"";"0";"0";"100012604";"FOLHA DE PAGAMENTO";"45780103000150";"";"0";"PROPRIA";"31900151";"ADICIONAIS. VANTAGENS. GRATIFICAÇÕES E OUTROS COMP";"FOLHA DE PAGAMENTO";"120.09";"2024";"L";"29/01/2024";"0";"01/01/2024";"31/01/2024";"7"
"UNIDADE DE GESTÃO DE ADMINIST. E GESTÃO DE PESSOAS";"9";"PREVIDÊNCIA SOCIAL";"271";"PREVIDÊNCIA BÁSICA";"2024";"3311";"";"0";"0";"100012604";"FOLHA DE PAGAMENTO";"45780103000150";"";"0";"PROPRIA";"31900151";"ADICIONAIS. VANTAGENS. GRATIFICAÇÕES E OUTROS COMP";"FOLHA DE PAGAMENTO";"60712.77";"2024";"L";"29/01/2024";"0";"01/01/2024";"31/01/2024";"7"
"UNIDADE DE GESTÃO DE ADMINIST. E GESTÃO DE PESSOAS";"9";"PREVIDÊNCIA SOCIAL";"271";"PREVIDÊNCIA BÁSICA";"2024";"3312";"";"0";"0";"100012604";"FOLHA DE PAGAMENTO";"45780103000150";"";"0";"PROPRIA";"31900151";"ADICIONAIS. VANTAGENS. GRATIFICAÇÕES E OUTROS COMP";"FOLHA DE PAGAMENTO";"89071.76";"2024";"L";"29/01/2024";"0";"01/01/2024";"31/01/2024";"7"
"UNIDADE DE GESTÃO DE ADMINIST. E GESTÃO DE PESSOAS";"9";"PREVIDÊNCIA SOCIAL";"271";"PREVIDÊNCIA BÁSICA";"2024";"3313";"";"0";"0";"100012604";"FOLHA DE PAGAMENTO";"45780103000150";"";"0";"PROPRIA";"31900151";"ADICIONAIS. VANTAGENS. GRATIFICAÇÕES E OUTROS COMP";"FOLHA DE PAGAMENTO";"1639.05";"2024";"L";"29/01/2024";"0";"01/01/2024";"31/01/2024";"7"
"UNIDADE DE GESTÃO DE ADMINIST. E GESTÃO DE PESSOAS";"9";"PREVIDÊNCIA SOCIAL";"271";"PREVIDÊNCIA BÁSICA";"2024";"3314";"";"0";"0";"100012604";"FOLHA DE PAGAMENTO";"45780103000150";"";"0";"PROPRIA";"31900301";"PESSOAL CIVIL";"FOLHA DE PAGAMENTO";"4632.45";"2024";"L";"29/01/2024";"0";"01/01/2024";"31/01/2024";"7"
"UNIDADE DE GESTÃO DE ADMINIST. E GESTÃO DE PESSOAS";"9";"PREVIDÊNCIA SOCIAL";"271";"PREVIDÊNCIA BÁSICA";"2024";"3315";"";"0";"0";"100012604";"FOLHA DE PAGAMENTO";"45780103000150";"";"0";"PROPRIA";"31900301";"PESSOAL CIVIL";"FOLHA DE PAGAMENTO";"68206.81";"2024";"L";"29/01/2024";"0";"01/01/2024";"31/01/2024";"7"
"UNIDADE DE GESTÃO DE ADMINIST. E GESTÃO DE PESSOAS";"9";"PREVIDÊNCIA SOCIAL";"271";"PREVIDÊNCIA BÁSICA";"2024";"3316";"";"0";"0";"100012604";"FOLHA DE PAGAMENTO";"45780103000150";"";"0";"PROPRIA";"31900301";"PESSOAL CIVIL";"FOLHA DE PAGAMENTO";"34394.63";"2024";"L";"29/01/2024";"0";"01/01/2024";"31/01/2024";"7"
"UNIDADE DE GESTÃO DE ADMINIST. E GESTÃO DE PESSOAS";"9";"PREVIDÊNCIA SOCIAL";"271";"PREVIDÊNCIA BÁSICA";"2024";"3317";"";"0";"0";"100012604";"FOLHA DE PAGAMENTO";"45780103000150";"";"0";"PROPRIA";"31900351";"ADICIONAIS. VANTAGENS. GRATIFICAÇÕES E OUTROS COMP";"FOLHA DE PAGAMENTO";"119.45";"2024";"L";"29/01/2024";"0";"01/01/2024";"31/01/2024";"7"
"UNIDADE DE GESTÃO DE ADMINIST. E GESTÃO DE PESSOAS";"9";"PREVIDÊNCIA SOCIAL";"271";"PREVIDÊNCIA BÁSICA";"2024";"3318";"";"0";"0";"100012604";"FOLHA DE PAGAMENTO";"45780103000150";"";"0";"PROPRIA";"31900351";"ADICIONAIS. VANTAGENS. GRATIFICAÇÕES E OUTROS COMP";"FOLHA DE PAGAMENTO";"133.19";"2024";"L";"29/01/2024";"0";"01/01/2024";"31/01/2024";"7"
"UNIDADE DE GESTÃO DE ADMINIST. E GESTÃO DE PESSOAS";"9";"PREVIDÊNCIA SOCIAL";"271";"PREVIDÊNCIA BÁSICA";"2024";"3319";"";"0";"0";"100012604";"FOLHA DE PAGAMENTO";"45780103000150";"";"0";"PROPRIA";"31900351";"ADICIONAIS. VANTAGENS. GRATIFICAÇÕES E OUTROS COMP";"FOLHA DE PAGAMENTO";"23886.18";"2024";"L";"29/01/2024";"0";"01/01/2024";"31/01/2024";"7"
"UNIDADE DE GESTÃO DE ADMINIST. E GESTÃO DE PESSOAS";"9";"PREVIDÊNCIA SOCIAL";"271";"PREVIDÊNCIA BÁSICA";"2024";"3320";"";"0";"0";"100012604";"FOLHA DE PAGAMENTO";"45780103000150";"";"0";"PROPRIA";"31900101";"PROVENTOS - PESSOAL CIVIL";"FOLHA DE PAGAMENTO";"341975.2";"2024";"L";"29/01/2024";"0";"01/01/2024";"31/01/2024";"7"
"UNIDADE DE GESTÃO DE ADMINIST. E GESTÃO DE PESSOAS";"9";"PREVIDÊNCIA SOCIAL";"271";"PREVIDÊNCIA BÁSICA";"2024";"3321";"";"0";"0";"100012604";"FOLHA DE PAGAMENTO";"45780103000150";"";"0";"PROPRIA";"31900151";"ADICIONAIS. VANTAGENS. GRATIFICAÇÕES E OUTROS COMP";"FOLHA DE PAGAMENTO";"16710.66";"2024";"L";"29/01/2024";"0";"01/01/2024";"31/01/2024";"7"
"UNIDADE DE GESTÃO DE ADMINIST. E GESTÃO DE PESSOAS";"9";"PREVIDÊNCIA SOCIAL";"271";"PREVIDÊNCIA BÁSICA";"2024";"3322";"";"0";"0";"100012604";"FOLHA DE PAGAMENTO";"45780103000150";"";"0";"PROPRIA";"31900151";"ADICIONAIS. VANTAGENS. GRATIFICAÇÕES E OUTROS COMP";"FOLHA DE PAGAMENTO";"2613.64";"2024";"L";"29/01/2024";"0";"01/01/2024";"31/01/2024";"7"
"UNIDADE DE GESTÃO DE ADMINIST. E GESTÃO DE PESSOAS";"9";"PREVIDÊNCIA SOCIAL";"271";"PREVIDÊNCIA BÁSICA";"2024";"3323";"";"0";"0";"100012604";"FOLHA DE PAGAMENTO";"45780103000150";"";"0";"PROPRIA";"31900151";"ADICIONAIS. VANTAGENS. GRATIFICAÇÕES E OUTROS COMP";"FOLHA DE PAGAMENTO";"125620.96";"2024";"L";"29/01/2024";"0";"01/01/2024";"31/01/2024";"7"
"UNIDADE DE GESTÃO DE ADMINIST. E GESTÃO DE PESSOAS";"9";"PREVIDÊNCIA SOCIAL";"271";"PREVIDÊNCIA BÁSICA";"2024";"3324";"";"0";"0";"100012604";"FOLHA DE PAGAMENTO";"45780103000150";"";"0";"PROPRIA";"31900301";"PESSOAL CIVIL";"FOLHA DE PAGAMENTO";"128835.81";"2024";"L";"29/01/2024";"0";"01/01/2024";"31/01/2024";"7"
"UNIDADE DE GESTÃO DE ADMINIST. E GESTÃO DE PESSOAS";"9";"PREVIDÊNCIA SOCIAL";"271";"PREVIDÊNCIA BÁSICA";"2024";"3325";"";"0";"0";"100012604";"FOLHA DE PAGAMENTO";"45780103000150";"";"0";"PROPRIA";"31900351";"ADICIONAIS. VANTAGENS. GRATIFICAÇÕES E OUTROS COMP";"FOLHA DE PAGAMENTO";"4062.16";"2024";"L";"29/01/2024";"0";"01/01/2024";"31/01/2024";"7"
"UNIDADE DE GESTÃO DE ADMINIST. E GESTÃO DE PESSOAS";"9";"PREVIDÊNCIA SOCIAL";"271";"PREVIDÊNCIA BÁSICA";"2024";"3326";"";"0";"0";"100012604";"FOLHA DE PAGAMENTO";"45780103000150";"";"0";"PROPRIA";"31900351";"ADICIONAIS. VANTAGENS. GRATIFICAÇÕES E OUTROS COMP";"FOLHA DE PAGAMENTO";"67756.42";"2024";"L";"29/01/2024";"0";"01/01/2024";"31/01/2024";"7"
"UNIDADE DE GESTÃO DE ADMINIST. E GESTÃO DE PESSOAS";"17";"SANEAMENTO";"122";"ADMINISTRAÇÃO GERAL";"2024";"3327";"";"0";"0";"100012604";"FOLHA DE PAGAMENTO";"45780103000150";"";"902";"RESTITUIÇÕES DAE S/A";"31901101";"VENCIMENTO E SALARIOS";"FOLHA DE PAGAMENTO";"490602.45";"2024";"L";"29/01/2024";"0";"01/01/2024";"31/01/2024";"7"
"UNIDADE DE GESTÃO DE ADMINIST. E GESTÃO DE PESSOAS";"17";"SANEAMENTO";"122";"ADMINISTRAÇÃO GERAL";"2024";"3328";"";"0";"0";"100012604";"FOLHA DE PAGAMENTO";"45780103000150";"";"902";"RESTITUIÇÕES DAE S/A";"31901101";"VENCIMENTO E SALARIOS";"FOLHA DE PAGAMENTO";"5920.85";"2024";"L";"29/01/2024";"0";"01/01/2024";"31/01/2024";"7"
"UNIDADE DE GESTÃO DE ADMINIST. E GESTÃO DE PESSOAS";"17";"SANEAMENTO";"122";"ADMINISTRAÇÃO GERAL";"2024";"3329";"";"0";"0";"100012604";"FOLHA DE PAGAMENTO";"45780103000150";"";"902";"RESTITUIÇÕES DAE S/A";"31901107";"ABONO DE PERMANENCIA";"FOLHA DE PAGAMENTO";"36846.29";"2024";"L";"29/01/2024";"0";"01/01/2024";"31/01/2024";"7"
"UNIDADE DE GESTÃO DE ADMINIST. E GESTÃO DE PESSOAS";"17";"SANEAMENTO";"122";"ADMINISTRAÇÃO GERAL";"2024";"3330";"";"0";"0";"100012604";"FOLHA DE PAGAMENTO";"45780103000150";"";"902";"RESTITUIÇÕES DAE S/A";"31901109";"ADICIONAL DE PERICULOSIDADE";"FOLHA DE PAGAMENTO";"13699.25";"2024";"L";"29/01/2024";"0";"01/01/2024";"31/01/2024";"7"
"UNIDADE DE GESTÃO DE ADMINIST. E GESTÃO DE PESSOAS";"17";"SANEAMENTO";"122";"ADMINISTRAÇÃO GERAL";"2024";"3331";"";"0";"0";"100012604";"FOLHA DE PAGAMENTO";"45780103000150";"";"902";"RESTITUIÇÕES DAE S/A";"31901110";"ADICIONAL DE INSALUBRIDADE";"FOLHA DE PAGAMENTO";"17555.87";"2024";"L";"29/01/2024";"0";"01/01/2024";"31/01/2024";"7"
"UNIDADE DE GESTÃO DE ADMINIST. E GESTÃO DE PESSOAS";"17";"SANEAMENTO";"122";"ADMINISTRAÇÃO GERAL";"2024";"3332";"";"0";"0";"100012604";"FOLHA DE PAGAMENTO";"45780103000150";"";"902";"RESTITUIÇÕES DAE S/A";"31901137";"GRATIFICACOES POR TEMPO DE SERVICO";"FOLHA DE PAGAMENTO";"1591.3";"2024";"L";"29/01/2024";"0";"01/01/2024";"31/01/2024";"7"
"UNIDADE DE GESTÃO DE ADMINIST. E GESTÃO DE PESSOAS";"17";"SANEAMENTO";"122";"ADMINISTRAÇÃO GERAL";"2024";"3333";"";"0";"0";"100012604";"FOLHA DE PAGAMENTO";"45780103000150";"";"902";"RESTITUIÇÕES DAE S/A";"31901137";"GRATIFICACOES POR TEMPO DE SERVICO";"FOLHA DE PAGAMENTO";"193853.31";"2024";"L";"29/01/2024";"0";"01/01/2024";"31/01/2024";"7"
"UNIDADE DE GESTÃO DE ADMINIST. E GESTÃO DE PESSOAS";"17";"SANEAMENTO";"122";"ADMINISTRAÇÃO GERAL";"2024";"3334";"";"0";"0";"100012604";"FOLHA DE PAGAMENTO";"45780103000150";"";"902";"RESTITUIÇÕES DAE S/A";"31901143";"13 SALARIO";"FOLHA DE PAGAMENTO";"4125.46";"2024";"L";"29/01/2024";"0";"01/01/2024";"31/01/2024";"7"
"UNIDADE DE GESTÃO DE ADMINIST. E GESTÃO DE PESSOAS";"17";"SANEAMENTO";"122";"ADMINISTRAÇÃO GERAL";"2024";"3335";"";"0";"0";"100012604";"FOLHA DE PAGAMENTO";"45780103000150";"";"902";"RESTITUIÇÕES DAE S/A";"31901144";"FÉRIAS - ABONO PECUNIARIO";"FOLHA DE PAGAMENTO";"17.37";"2024";"L";"29/01/2024";"0";"01/01/2024";"31/01/2024";"7"
"UNIDADE DE GESTÃO DE ADMINIST. E GESTÃO DE PESSOAS";"17";"SANEAMENTO";"122";"ADMINISTRAÇÃO GERAL";"2024";"3336";"";"0";"0";"100012604";"FOLHA DE PAGAMENTO";"45780103000150";"";"902";"RESTITUIÇÕES DAE S/A";"31901145";"FÉRIAS - ABONO CONSTITUICOES";"FOLHA DE PAGAMENTO";"339.37";"2024";"L";"29/01/2024";"0";"01/01/2024";"31/01/2024";"7"
"UNIDADE DE GESTÃO DE ADMINIST. E GESTÃO DE PESSOAS";"17";"SANEAMENTO";"122";"ADMINISTRAÇÃO GERAL";"2024";"3337";"";"0";"0";"100012604";"FOLHA DE PAGAMENTO";"45780103000150";"";"902";"RESTITUIÇÕES DAE S/A";"31901147";"LICENÇA PRÊMIO";"FOLHA DE PAGAMENTO";"110125.26";"2024";"L";"29/01/2024";"0";"01/01/2024";"31/01/2024";"7"
"UNIDADE DE GESTÃO DE ADMINIST. E GESTÃO DE PESSOAS";"17";"SANEAMENTO";"122";"ADMINISTRAÇÃO GERAL";"2024";"3338";"";"0";"0";"4000055";"FUNDO DE GARANTIA POR TEMPO DE SERVICO";"00360305000104";"";"902";"RESTITUIÇÕES DAE S/A";"31901301";"FGTS";"FOLHA DE PAGAMENTO";"867.34";"2024";"L";"29/01/2024";"0";"01/01/2024";"31/01/2024";"7"
"UNIDADE DE GESTÃO DE ADMINIST. E GESTÃO DE PESSOAS";"17";"SANEAMENTO";"122";"ADMINISTRAÇÃO GERAL";"2024";"3339";"";"0";"0";"4016168";"I.N.S.S -INST.NACIONAL DE SEGURO SOCIAL";"29979036000140";"";"902";"RESTITUIÇÕES DAE S/A";"31901302";"CONTRIBUICOES PREVIDENCIARIAS - INSS";"FOLHA DE PAGAMENTO";"2434.53";"2024";"L";"29/01/2024";"0";"01/01/2024";"31/01/2024";"7"
"UNIDADE DE GESTÃO DE ADMINIST. E GESTÃO DE PESSOAS";"17";"SANEAMENTO";"122";"ADMINISTRAÇÃO GERAL";"2024";"3340";"";"0";"0";"100012604";"FOLHA DE PAGAMENTO";"45780103000150";"";"902";"RESTITUIÇÕES DAE S/A";"31901644";"SERVIÇOS EXTRAORDINÁRIOS";"FOLHA DE PAGAMENTO";"8.29";"2024";"L";"29/01/2024";"0";"01/01/2024";"31/01/2024";"7"
"UNIDADE DE GESTÃO DE ADMINIST. E GESTÃO DE PESSOAS";"17";"SANEAMENTO";"122";"ADMINISTRAÇÃO GERAL";"2024";"3341";"";"0";"0";"100004453";"IPREJUN-INST.PREVIDENCIA DO MUN.JUNDIAI";"05507216000161";"";"902";"RESTITUIÇÕES DAE S/A";"31911308";"CONTRIBUIÇÕES PREVIDENCIÁRIAS - RPPS - PESSOAL ATI";"FOLHA DE PAGAMENTO";"161054.35";"2024";"L";"29/01/2024";"0";"01/01/2024";"31/01/2024";"7"
"UNIDADE DE GESTÃO DE ADMINIST. E GESTÃO DE PESSOAS";"17";"SANEAMENTO";"122";"ADMINISTRAÇÃO GERAL";"2024";"3342";"";"0";"0";"100004453";"IPREJUN-INST.PREVIDENCIA DO MUN.JUNDIAI";"05507216000161";"";"902";"RESTITUIÇÕES DAE S/A";"31911320";"ALÍQUOTA SUPLEMENTAR DE CONTRIBUIÇÃO PREVIDENCIÁRI";"FOLHA DE PAGAMENTO";"213765.14";"2024";"L";"29/01/2024";"0";"01/01/2024";"31/01/2024";"7"
"UNIDADE DE GESTÃO DE ADMINIST. E GESTÃO DE PESSOAS";"17";"SANEAMENTO";"122";"ADMINISTRAÇÃO GERAL";"2024";"3343";"";"0";"0";"100012604";"FOLHA DE PAGAMENTO";"45780103000150";"";"902";"RESTITUIÇÕES DAE S/A";"33904901";"INDENIZACAO AUXILIO TRANSPORTE";"FOLHA DE PAGAMENTO";"440";"2024";"L";"29/01/2024";"0";"01/01/2024";"31/01/2024";"7"
"UNIDADE DE GESTÃO DE ADMINIST. E GESTÃO DE PESSOAS";"17";"SANEAMENTO";"122";"ADMINISTRAÇÃO GERAL";"2024";"3344";"";"0";"0";"100012604";"FOLHA DE PAGAMENTO";"45780103000150";"";"902";"RESTITUIÇÕES DAE S/A";"33904901";"INDENIZACAO AUXILIO TRANSPORTE";"FOLHA DE PAGAMENTO";"38852";"2024";"L";"29/01/2024";"0";"01/01/2024";"31/01/2024";"7"
"UNIDADE DE GESTÃO DE ADMINIST. E GESTÃO DE PESSOAS";"4";"ADMINISTRAÇÃO";"122";"ADMINISTRAÇÃO GERAL";"2024";"3345";"";"0";"0";"100012604";"FOLHA DE PAGAMENTO";"45780103000150";"";"0";"PROPRIA";"31901101";"VENCIMENTO E SALARIOS";"FOLHA DE PAGAMENTO";"306563.38";"2024";"L";"29/01/2024";"0";"01/01/2024";"31/01/2024";"7"
"UNIDADE DE GESTÃO DE ADMINIST. E GESTÃO DE PESSOAS";"4";"ADMINISTRAÇÃO";"122";"ADMINISTRAÇÃO GERAL";"2024";"3346";"";"0";"0";"100012604";"FOLHA DE PAGAMENTO";"45780103000150";"";"0";"PROPRIA";"31901101";"VENCIMENTO E SALARIOS";"FOLHA DE PAGAMENTO";"33603.15";"2024";"L";"29/01/2024";"0";"01/01/2024";"31/01/2024";"7"
"UNIDADE DE GESTÃO DE ADMINIST. E GESTÃO DE PESSOAS";"4";"ADMINISTRAÇÃO";"122";"ADMINISTRAÇÃO GERAL";"2024";"3347";"";"0";"0";"100012604";"FOLHA DE PAGAMENTO";"45780103000150";"";"0";"PROPRIA";"31901104";"ADICIONAL NOTURNO";"FOLHA DE PAGAMENTO";"4819.28";"2024";"L";"29/01/2024";"0";"01/01/2024";"31/01/2024";"7"
"UNIDADE DE GESTÃO DE ADMINIST. E GESTÃO DE PESSOAS";"4";"ADMINISTRAÇÃO";"122";"ADMINISTRAÇÃO GERAL";"2024";"3348";"";"0";"0";"100012604";"FOLHA DE PAGAMENTO";"45780103000150";"";"0";"PROPRIA";"31901105";"INCORPORADOS";"FOLHA DE PAGAMENTO";"1526.27";"2024";"L";"29/01/2024";"0";"01/01/2024";"31/01/2024";"7"
"UNIDADE DE GESTÃO DE ADMINIST. E GESTÃO DE PESSOAS";"4";"ADMINISTRAÇÃO";"122";"ADMINISTRAÇÃO GERAL";"2024";"3349";"";"0";"0";"100012604";"FOLHA DE PAGAMENTO";"45780103000150";"";"0";"PROPRIA";"31901107";"ABONO DE PERMANENCIA";"FOLHA DE PAGAMENTO";"10297.5";"2024";"L";"29/01/2024";"0";"01/01/2024";"31/01/2024";"7"
"UNIDADE DE GESTÃO DE ADMINIST. E GESTÃO DE PESSOAS";"4";"ADMINISTRAÇÃO";"122";"ADMINISTRAÇÃO GERAL";"2024";"3350";"";"0";"0";"100012604";"FOLHA DE PAGAMENTO";"45780103000150";"";"0";"PROPRIA";"31901110";"ADICIONAL DE INSALUBRIDADE";"FOLHA DE PAGAMENTO";"282.4";"2024";"L";"29/01/2024";"0";"01/01/2024";"31/01/2024";"7"
"UNIDADE DE GESTÃO DE ADMINIST. E GESTÃO DE PESSOAS";"4";"ADMINISTRAÇÃO";"122";"ADMINISTRAÇÃO GERAL";"2024";"3351";"";"0";"0";"100012604";"FOLHA DE PAGAMENTO";"45780103000150";"";"0";"PROPRIA";"31901110";"ADICIONAL DE INSALUBRIDADE";"FOLHA DE PAGAMENTO";"94.13";"2024";"L";"29/01/2024";"0";"01/01/2024";"31/01/2024";"7"
"UNIDADE DE GESTÃO DE ADMINIST. E GESTÃO DE PESSOAS";"4";"ADMINISTRAÇÃO";"122";"ADMINISTRAÇÃO GERAL";"2024";"3352";"";"0";"0";"100012604";"FOLHA DE PAGAMENTO";"45780103000150";"";"0";"PROPRIA";"31901133";"GRATIFICACOES POR EXERCICIO DE  FUNCOES";"FOLHA DE PAGAMENTO";"14445.15";"2024";"L";"29/01/2024";"0";"01/01/2024";"31/01/2024";"7"
"UNIDADE DE GESTÃO DE ADMINIST. E GESTÃO DE PESSOAS";"4";"ADMINISTRAÇÃO";"122";"ADMINISTRAÇÃO GERAL";"2024";"3353";"";"0";"0";"100012604";"FOLHA DE PAGAMENTO";"45780103000150";"";"0";"PROPRIA";"31901137";"GRATIFICACOES POR TEMPO DE SERVICO";"FOLHA DE PAGAMENTO";"14717.73";"2024";"L";"29/01/2024";"0";"01/01/2024";"31/01/2024";"7"
"UNIDADE DE GESTÃO DE ADMINIST. E GESTÃO DE PESSOAS";"4";"ADMINISTRAÇÃO";"122";"ADMINISTRAÇÃO GERAL";"2024";"3354";"";"0";"0";"100012604";"FOLHA DE PAGAMENTO";"45780103000150";"";"0";"PROPRIA";"31901137";"GRATIFICACOES POR TEMPO DE SERVICO";"FOLHA DE PAGAMENTO";"53337.99";"2024";"L";"29/01/2024";"0";"01/01/2024";"31/01/2024";"7"
"UNIDADE DE GESTÃO DE ADMINIST. E GESTÃO DE PESSOAS";"4";"ADMINISTRAÇÃO";"122";"ADMINISTRAÇÃO GERAL";"2024";"3355";"";"0";"0";"100012604";"FOLHA DE PAGAMENTO";"45780103000150";"";"0";"PROPRIA";"31901144";"FÉRIAS - ABONO PECUNIARIO";"FOLHA DE PAGAMENTO";"8.18";"2024";"L";"29/01/2024";"0";"01/01/2024";"31/01/2024";"7"
"UNIDADE DE GESTÃO DE ADMINIST. E GESTÃO DE PESSOAS";"4";"ADMINISTRAÇÃO";"122";"ADMINISTRAÇÃO GERAL";"2024";"3356";"";"0";"0";"100012604";"FOLHA DE PAGAMENTO";"45780103000150";"";"0";"PROPRIA";"31901145";"FÉRIAS - ABONO CONSTITUICOES";"FOLHA DE PAGAMENTO";"4.09";"2024";"L";"29/01/2024";"0";"01/01/2024";"31/01/2024";"7"
"UNIDADE DE GESTÃO DE ADMINIST. E GESTÃO DE PESSOAS";"4";"ADMINISTRAÇÃO";"122";"ADMINISTRAÇÃO GERAL";"2024";"3357";"";"0";"0";"100012604";"FOLHA DE PAGAMENTO";"45780103000150";"";"0";"PROPRIA";"31901147";"LICENÇA PRÊMIO";"FOLHA DE PAGAMENTO";"49676.25";"2024";"L";"29/01/2024";"0";"01/01/2024";"31/01/2024";"7"
"UNIDADE DE GESTÃO DE ADMINIST. E GESTÃO DE PESSOAS";"4";"ADMINISTRAÇÃO";"122";"ADMINISTRAÇÃO GERAL";"2024";"3358";"";"0";"0";"4000055";"FUNDO DE GARANTIA POR TEMPO DE SERVICO";"00360305000104";"";"0";"PROPRIA";"31901301";"FGTS";"FOLHA DE PAGAMENTO";"6688.79";"2024";"L";"29/01/2024";"0";"01/01/2024";"31/01/2024";"7"
"UNIDADE DE GESTÃO DE ADMINIST. E GESTÃO DE PESSOAS";"4";"ADMINISTRAÇÃO";"122";"ADMINISTRAÇÃO GERAL";"2024";"3360";"";"0";"0";"100012604";"FOLHA DE PAGAMENTO";"45780103000150";"";"0";"PROPRIA";"31901644";"SERVIÇOS EXTRAORDINÁRIOS";"FOLHA DE PAGAMENTO";"5264.28";"2024";"L";"29/01/2024";"0";"01/01/2024";"31/01/2024";"7"
"UNIDADE DE GESTÃO DE ADMINIST. E GESTÃO DE PESSOAS";"4";"ADMINISTRAÇÃO";"122";"ADMINISTRAÇÃO GERAL";"2024";"3361";"";"0";"0";"100004453";"IPREJUN-INST.PREVIDENCIA DO MUN.JUNDIAI";"05507216000161";"";"0";"PROPRIA";"31911308";"CONTRIBUIÇÕES PREVIDENCIÁRIAS - RPPS - PESSOAL ATI";"FOLHA DE PAGAMENTO";"88061.98";"2024";"L";"29/01/2024";"0";"01/01/2024";"31/01/2024";"7"
"UNIDADE DE GESTÃO DE ADMINIST. E GESTÃO DE PESSOAS";"4";"ADMINISTRAÇÃO";"122";"ADMINISTRAÇÃO GERAL";"2024";"3362";"";"0";"0";"100004453";"IPREJUN-INST.PREVIDENCIA DO MUN.JUNDIAI";"05507216000161";"";"0";"PROPRIA";"31911320";"ALÍQUOTA SUPLEMENTAR DE CONTRIBUIÇÃO PREVIDENCIÁRI";"FOLHA DE PAGAMENTO";"116883.43";"2024";"L";"29/01/2024";"0";"01/01/2024";"31/01/2024";"7"
"UNIDADE DE GESTÃO DE ADMINIST. E GESTÃO DE PESSOAS";"4";"ADMINISTRAÇÃO";"122";"ADMINISTRAÇÃO GERAL";"2024";"3363";"";"0";"0";"100012604";"FOLHA DE PAGAMENTO";"45780103000150";"";"0";"PROPRIA";"33904901";"INDENIZACAO AUXILIO TRANSPORTE";"FOLHA DE PAGAMENTO";"29700";"2024";"L";"29/01/2024";"0";"01/01/2024";"31/01/2024";"7"
"UNIDADE DE GESTÃO DE ADMINIST. E GESTÃO DE PESSOAS";"4";"ADMINISTRAÇÃO";"122";"ADMINISTRAÇÃO GERAL";"2024";"3364";"";"0";"0";"100012604";"FOLHA DE PAGAMENTO";"45780103000150";"";"0";"PROPRIA";"33904901";"INDENIZACAO AUXILIO TRANSPORTE";"FOLHA DE PAGAMENTO";"2200";"2024";"L";"29/01/2024";"0";"01/01/2024";"31/01/2024";"7"
"UNIDADE DE GESTÃO DE GOVERNO E FINANÇAS";"4";"ADMINISTRAÇÃO";"122";"ADMINISTRAÇÃO GERAL";"2024";"3366";"";"0";"0";"100012604";"FOLHA DE PAGAMENTO";"45780103000150";"";"0";"PROPRIA";"31901101";"VENCIMENTO E SALARIOS";"FOLHA DE PAGAMENTO";"51373.66";"2024";"L";"29/01/2024";"0";"01/01/2024";"31/01/2024";"8"
"UNIDADE DE GESTÃO DE GOVERNO E FINANÇAS";"4";"ADMINISTRAÇÃO";"122";"ADMINISTRAÇÃO GERAL";"2024";"3367";"";"0";"0";"100012604";"FOLHA DE PAGAMENTO";"45780103000150";"";"0";"PROPRIA";"31901101";"VENCIMENTO E SALARIOS";"FOLHA DE PAGAMENTO";"814395.2";"2024";"L";"29/01/2024";"0";"01/01/2024";"31/01/2024";"8"
"UNIDADE DE GESTÃO DE GOVERNO E FINANÇAS";"4";"ADMINISTRAÇÃO";"122";"ADMINISTRAÇÃO GERAL";"2024";"3368";"";"0";"0";"100012604";"FOLHA DE PAGAMENTO";"45780103000150";"";"0";"PROPRIA";"31901101";"VENCIMENTO E SALARIOS";"FOLHA DE PAGAMENTO";"157410.87";"2024";"L";"29/01/2024";"0";"01/01/2024";"31/01/2024";"8"
"UNIDADE DE GESTÃO DE GOVERNO E FINANÇAS";"4";"ADMINISTRAÇÃO";"122";"ADMINISTRAÇÃO GERAL";"2024";"3369";"";"0";"0";"100012604";"FOLHA DE PAGAMENTO";"45780103000150";"";"0";"PROPRIA";"31901104";"ADICIONAL NOTURNO";"FOLHA DE PAGAMENTO";"94.31";"2024";"L";"29/01/2024";"0";"01/01/2024";"31/01/2024";"8"
"UNIDADE DE GESTÃO DE GOVERNO E FINANÇAS";"4";"ADMINISTRAÇÃO";"122";"ADMINISTRAÇÃO GERAL";"2024";"3370";"";"0";"0";"100012604";"FOLHA DE PAGAMENTO";"45780103000150";"";"0";"PROPRIA";"31901104";"ADICIONAL NOTURNO";"FOLHA DE PAGAMENTO";"18.82";"2024";"L";"29/01/2024";"0";"01/01/2024";"31/01/2024";"8"
"UNIDADE DE GESTÃO DE GOVERNO E FINANÇAS";"4";"ADMINISTRAÇÃO";"122";"ADMINISTRAÇÃO GERAL";"2024";"3371";"";"0";"0";"100012604";"FOLHA DE PAGAMENTO";"45780103000150";"";"0";"PROPRIA";"31901105";"INCORPORADOS";"FOLHA DE PAGAMENTO";"9676.9";"2024";"L";"29/01/2024";"0";"01/01/2024";"31/01/2024";"8"
"UNIDADE DE GESTÃO DE GOVERNO E FINANÇAS";"4";"ADMINISTRAÇÃO";"122";"ADMINISTRAÇÃO GERAL";"2024";"3372";"";"0";"0";"100012604";"FOLHA DE PAGAMENTO";"45780103000150";"";"0";"PROPRIA";"31901105";"INCORPORADOS";"FOLHA DE PAGAMENTO";"8203.09";"2024";"L";"29/01/2024";"0";"01/01/2024";"31/01/2024";"8"
"UNIDADE DE GESTÃO DE GOVERNO E FINANÇAS";"4";"ADMINISTRAÇÃO";"122";"ADMINISTRAÇÃO GERAL";"2024";"3373";"";"0";"0";"100012604";"FOLHA DE PAGAMENTO";"45780103000150";"";"0";"PROPRIA";"31901107";"ABONO DE PERMANENCIA";"FOLHA DE PAGAMENTO";"20087.66";"2024";"L";"29/01/2024";"0";"01/01/2024";"31/01/2024";"8"
"UNIDADE DE GESTÃO DE GOVERNO E FINANÇAS";"4";"ADMINISTRAÇÃO";"122";"ADMINISTRAÇÃO GERAL";"2024";"3374";"";"0";"0";"100012604";"FOLHA DE PAGAMENTO";"45780103000150";"";"0";"PROPRIA";"31901109";"ADICIONAL DE PERICULOSIDADE";"FOLHA DE PAGAMENTO";"2178.12";"2024";"L";"29/01/2024";"0";"01/01/2024";"31/01/2024";"8"
"UNIDADE DE GESTÃO DE GOVERNO E FINANÇAS";"4";"ADMINISTRAÇÃO";"122";"ADMINISTRAÇÃO GERAL";"2024";"3375";"";"0";"0";"100012604";"FOLHA DE PAGAMENTO";"45780103000150";"";"0";"PROPRIA";"31901131";"GRATIFICACOES POR EXERCICIO DE  CARGO";"FOLHA DE PAGAMENTO";"10861.92";"2024";"L";"29/01/2024";"0";"01/01/2024";"31/01/2024";"8"
"UNIDADE DE GESTÃO DE GOVERNO E FINANÇAS";"4";"ADMINISTRAÇÃO";"122";"ADMINISTRAÇÃO GERAL";"2024";"3376";"";"0";"0";"100012604";"FOLHA DE PAGAMENTO";"45780103000150";"";"0";"PROPRIA";"31901133";"GRATIFICACOES POR EXERCICIO DE  FUNCOES";"FOLHA DE PAGAMENTO";"83773.19";"2024";"L";"29/01/2024";"0";"01/01/2024";"31/01/2024";"8"
"UNIDADE DE GESTÃO DE GOVERNO E FINANÇAS";"4";"ADMINISTRAÇÃO";"122";"ADMINISTRAÇÃO GERAL";"2024";"3377";"";"0";"0";"100012604";"FOLHA DE PAGAMENTO";"45780103000150";"";"0";"PROPRIA";"31901137";"GRATIFICACOES POR TEMPO DE SERVICO";"FOLHA DE PAGAMENTO";"136336.43";"2024";"L";"29/01/2024";"0";"01/01/2024";"31/01/2024";"8"
"UNIDADE DE GESTÃO DE GOVERNO E FINANÇAS";"4";"ADMINISTRAÇÃO";"122";"ADMINISTRAÇÃO GERAL";"2024";"3378";"";"0";"0";"100012604";"FOLHA DE PAGAMENTO";"45780103000150";"";"0";"PROPRIA";"31901137";"GRATIFICACOES POR TEMPO DE SERVICO";"FOLHA DE PAGAMENTO";"29271.48";"2024";"L";"29/01/2024";"0";"01/01/2024";"31/01/2024";"8"
"UNIDADE DE GESTÃO DE GOVERNO E FINANÇAS";"4";"ADMINISTRAÇÃO";"122";"ADMINISTRAÇÃO GERAL";"2024";"3379";"";"0";"0";"100012604";"FOLHA DE PAGAMENTO";"45780103000150";"";"0";"PROPRIA";"31901145";"FÉRIAS - ABONO CONSTITUICOES";"FOLHA DE PAGAMENTO";"133";"2024";"L";"29/01/2024";"0";"01/01/2024";"31/01/2024";"8"
"UNIDADE DE GESTÃO DE GOVERNO E FINANÇAS";"4";"ADMINISTRAÇÃO";"122";"ADMINISTRAÇÃO GERAL";"2024";"3380";"";"0";"0";"100012604";"FOLHA DE PAGAMENTO";"45780103000150";"";"0";"PROPRIA";"31901147";"LICENÇA PRÊMIO";"FOLHA DE PAGAMENTO";"124857.84";"2024";"L";"29/01/2024";"0";"01/01/2024";"31/01/2024";"8"
"UNIDADE DE GESTÃO DE GOVERNO E FINANÇAS";"4";"ADMINISTRAÇÃO";"122";"ADMINISTRAÇÃO GERAL";"2024";"3381";"";"0";"0";"100012604";"FOLHA DE PAGAMENTO";"45780103000150";"";"0";"PROPRIA";"31901175";"SUBSÍDIOS - AGENTES POLÍTICOS";"FOLHA DE PAGAMENTO";"19312.03";"2024";"L";"29/01/2024";"0";"01/01/2024";"31/01/2024";"8"
"UNIDADE DE GESTÃO DE GOVERNO E FINANÇAS";"4";"ADMINISTRAÇÃO";"122";"ADMINISTRAÇÃO GERAL";"2024";"3382";"";"0";"0";"4000055";"FUNDO DE GARANTIA POR TEMPO DE SERVICO";"00360305000104";"";"0";"PROPRIA";"31901301";"FGTS";"FOLHA DE PAGAMENTO";"11931.64";"2024";"L";"29/01/2024";"0";"01/01/2024";"31/01/2024";"8"
"UNIDADE DE GESTÃO DE GOVERNO E FINANÇAS";"4";"ADMINISTRAÇÃO";"122";"ADMINISTRAÇÃO GERAL";"2024";"3386";"";"0";"0";"100012604";"FOLHA DE PAGAMENTO";"45780103000150";"";"0";"PROPRIA";"31901632";"SUBSTITUIÇÕES  RPPS";"FOLHA DE PAGAMENTO";"9017.25";"2024";"L";"29/01/2024";"0";"01/01/2024";"31/01/2024";"8"
"UNIDADE DE GESTÃO DE GOVERNO E FINANÇAS";"4";"ADMINISTRAÇÃO";"122";"ADMINISTRAÇÃO GERAL";"2024";"3387";"";"0";"0";"100012604";"FOLHA DE PAGAMENTO";"45780103000150";"";"0";"PROPRIA";"31901644";"SERVIÇOS EXTRAORDINÁRIOS";"FOLHA DE PAGAMENTO";"43683.77";"2024";"L";"29/01/2024";"0";"01/01/2024";"31/01/2024";"8"
"UNIDADE DE GESTÃO DE GOVERNO E FINANÇAS";"4";"ADMINISTRAÇÃO";"122";"ADMINISTRAÇÃO GERAL";"2024";"3388";"";"0";"0";"100004453";"IPREJUN-INST.PREVIDENCIA DO MUN.JUNDIAI";"05507216000161";"";"0";"PROPRIA";"31911308";"CONTRIBUIÇÕES PREVIDENCIÁRIAS - RPPS - PESSOAL ATI";"FOLHA DE PAGAMENTO";"229882.66";"2024";"L";"29/01/2024";"0";"01/01/2024";"31/01/2024";"8"
"UNIDADE DE GESTÃO DE GOVERNO E FINANÇAS";"4";"ADMINISTRAÇÃO";"122";"ADMINISTRAÇÃO GERAL";"2024";"3389";"";"0";"0";"100004453";"IPREJUN-INST.PREVIDENCIA DO MUN.JUNDIAI";"05507216000161";"";"0";"PROPRIA";"31911320";"ALÍQUOTA SUPLEMENTAR DE CONTRIBUIÇÃO PREVIDENCIÁRI";"FOLHA DE PAGAMENTO";"305120.06";"2024";"L";"29/01/2024";"0";"01/01/2024";"31/01/2024";"8"
"UNIDADE DE GESTÃO DE GOVERNO E FINANÇAS";"4";"ADMINISTRAÇÃO";"122";"ADMINISTRAÇÃO GERAL";"2024";"3390";"";"0";"0";"100012604";"FOLHA DE PAGAMENTO";"45780103000150";"";"0";"PROPRIA";"33904899";"DEMAIS AUXÍLIOS FINANCEIROS A PESSOAS FÍSICAS";"FOLHA DE PAGAMENTO";"4704.81";"2024";"L";"29/01/2024";"0";"01/01/2024";"31/01/2024";"8"
"UNIDADE DE GESTÃO DE GOVERNO E FINANÇAS";"4";"ADMINISTRAÇÃO";"122";"ADMINISTRAÇÃO GERAL";"2024";"3391";"";"0";"0";"100012604";"FOLHA DE PAGAMENTO";"45780103000150";"";"0";"PROPRIA";"33904901";"INDENIZACAO AUXILIO TRANSPORTE";"FOLHA DE PAGAMENTO";"3674";"2024";"L";"29/01/2024";"0";"01/01/2024";"31/01/2024";"8"
"UNIDADE DE GESTÃO DE GOVERNO E FINANÇAS";"4";"ADMINISTRAÇÃO";"122";"ADMINISTRAÇÃO GERAL";"2024";"3392";"";"0";"0";"100012604";"FOLHA DE PAGAMENTO";"45780103000150";"";"0";"PROPRIA";"33904901";"INDENIZACAO AUXILIO TRANSPORTE";"FOLHA DE PAGAMENTO";"56210";"2024";"L";"29/01/2024";"0";"01/01/2024";"31/01/2024";"8"
"UNIDADE DE GESTÃO DE GOVERNO E FINANÇAS";"4";"ADMINISTRAÇÃO";"122";"ADMINISTRAÇÃO GERAL";"2024";"3393";"";"0";"0";"100012604";"FOLHA DE PAGAMENTO";"45780103000150";"";"0";"PROPRIA";"33904901";"INDENIZACAO AUXILIO TRANSPORTE";"FOLHA DE PAGAMENTO";"12364";"2024";"L";"29/01/2024";"0";"01/01/2024";"31/01/2024";"8"
"UNIDADE DE GESTÃO DE INFRAEST. E SERVIÇOS PÚBLICOS";"15";"URBANISMO";"122";"ADMINISTRAÇÃO GERAL";"2024";"3394";"";"0";"0";"100012604";"FOLHA DE PAGAMENTO";"45780103000150";"";"0";"PROPRIA";"31901101";"VENCIMENTO E SALARIOS";"FOLHA DE PAGAMENTO";"71444.7";"2024";"L";"29/01/2024";"0";"01/01/2024";"31/01/2024";"10"
"UNIDADE DE GESTÃO DE INFRAEST. E SERVIÇOS PÚBLICOS";"15";"URBANISMO";"122";"ADMINISTRAÇÃO GERAL";"2024";"3395";"";"0";"0";"100012604";"FOLHA DE PAGAMENTO";"45780103000150";"";"0";"PROPRIA";"31901101";"VENCIMENTO E SALARIOS";"FOLHA DE PAGAMENTO";"208660.76";"2024";"L";"29/01/2024";"0";"01/01/2024";"31/01/2024";"10"
"UNIDADE DE GESTÃO DE INFRAEST. E SERVIÇOS PÚBLICOS";"15";"URBANISMO";"122";"ADMINISTRAÇÃO GERAL";"2024";"3396";"";"0";"0";"100012604";"FOLHA DE PAGAMENTO";"45780103000150";"";"0";"PROPRIA";"31901101";"VENCIMENTO E SALARIOS";"FOLHA DE PAGAMENTO";"1104155.02";"2024";"L";"29/01/2024";"0";"01/01/2024";"31/01/2024";"10"
"UNIDADE DE GESTÃO DE INFRAEST. E SERVIÇOS PÚBLICOS";"15";"URBANISMO";"122";"ADMINISTRAÇÃO GERAL";"2024";"3397";"";"0";"0";"100012604";"FOLHA DE PAGAMENTO";"45780103000150";"";"0";"PROPRIA";"31901107";"ABONO DE PERMANENCIA";"FOLHA DE PAGAMENTO";"20504.08";"2024";"L";"29/01/2024";"0";"01/01/2024";"31/01/2024";"10"
"UNIDADE DE GESTÃO DE INFRAEST. E SERVIÇOS PÚBLICOS";"15";"URBANISMO";"122";"ADMINISTRAÇÃO GERAL";"2024";"3398";"";"0";"0";"100012604";"FOLHA DE PAGAMENTO";"45780103000150";"";"0";"PROPRIA";"31901109";"ADICIONAL DE PERICULOSIDADE";"FOLHA DE PAGAMENTO";"2395.75";"2024";"L";"29/01/2024";"0";"01/01/2024";"31/01/2024";"10"
"UNIDADE DE GESTÃO DE INFRAEST. E SERVIÇOS PÚBLICOS";"15";"URBANISMO";"122";"ADMINISTRAÇÃO GERAL";"2024";"3399";"";"0";"0";"100012604";"FOLHA DE PAGAMENTO";"45780103000150";"";"0";"PROPRIA";"31901109";"ADICIONAL DE PERICULOSIDADE";"FOLHA DE PAGAMENTO";"13069.33";"2024";"L";"29/01/2024";"0";"01/01/2024";"31/01/2024";"10"
"UNIDADE DE GESTÃO DE INFRAEST. E SERVIÇOS PÚBLICOS";"15";"URBANISMO";"122";"ADMINISTRAÇÃO GERAL";"2024";"3400";"";"0";"0";"100012604";"FOLHA DE PAGAMENTO";"45780103000150";"";"0";"PROPRIA";"31901110";"ADICIONAL DE INSALUBRIDADE";"FOLHA DE PAGAMENTO";"2259.2";"2024";"L";"29/01/2024";"0";"01/01/2024";"31/01/2024";"10"
"UNIDADE DE GESTÃO DE INFRAEST. E SERVIÇOS PÚBLICOS";"15";"URBANISMO";"122";"ADMINISTRAÇÃO GERAL";"2024";"3401";"";"0";"0";"100012604";"FOLHA DE PAGAMENTO";"45780103000150";"";"0";"PROPRIA";"31901110";"ADICIONAL DE INSALUBRIDADE";"FOLHA DE PAGAMENTO";"24945.33";"2024";"L";"29/01/2024";"0";"01/01/2024";"31/01/2024";"10"
"UNIDADE DE GESTÃO DE INFRAEST. E SERVIÇOS PÚBLICOS";"15";"URBANISMO";"122";"ADMINISTRAÇÃO GERAL";"2024";"3402";"";"0";"0";"100012604";"FOLHA DE PAGAMENTO";"45780103000150";"";"0";"PROPRIA";"31901131";"GRATIFICACOES POR EXERCICIO DE  CARGO";"FOLHA DE PAGAMENTO";"3620.64";"2024";"L";"29/01/2024";"0";"01/01/2024";"31/01/2024";"10"
"UNIDADE DE GESTÃO DE INFRAEST. E SERVIÇOS PÚBLICOS";"15";"URBANISMO";"122";"ADMINISTRAÇÃO GERAL";"2024";"3403";"";"0";"0";"100012604";"FOLHA DE PAGAMENTO";"45780103000150";"";"0";"PROPRIA";"31901133";"GRATIFICACOES POR EXERCICIO DE  FUNCOES";"FOLHA DE PAGAMENTO";"48954.33";"2024";"L";"29/01/2024";"0";"01/01/2024";"31/01/2024";"10"
"UNIDADE DE GESTÃO DE INFRAEST. E SERVIÇOS PÚBLICOS";"15";"URBANISMO";"122";"ADMINISTRAÇÃO GERAL";"2024";"3404";"";"0";"0";"100012604";"FOLHA DE PAGAMENTO";"45780103000150";"";"0";"PROPRIA";"31901137";"GRATIFICACOES POR TEMPO DE SERVICO";"FOLHA DE PAGAMENTO";"29827.84";"2024";"L";"29/01/2024";"0";"01/01/2024";"31/01/2024";"10"
"UNIDADE DE GESTÃO DE INFRAEST. E SERVIÇOS PÚBLICOS";"15";"URBANISMO";"122";"ADMINISTRAÇÃO GERAL";"2024";"3405";"";"0";"0";"100012604";"FOLHA DE PAGAMENTO";"45780103000150";"";"0";"PROPRIA";"31901137";"GRATIFICACOES POR TEMPO DE SERVICO";"FOLHA DE PAGAMENTO";"219932.6";"2024";"L";"29/01/2024";"0";"01/01/2024";"31/01/2024";"10"
"UNIDADE DE GESTÃO DE INFRAEST. E SERVIÇOS PÚBLICOS";"15";"URBANISMO";"122";"ADMINISTRAÇÃO GERAL";"2024";"3406";"";"0";"0";"100012604";"FOLHA DE PAGAMENTO";"45780103000150";"";"0";"PROPRIA";"31901144";"FÉRIAS - ABONO PECUNIARIO";"FOLHA DE PAGAMENTO";"76.6";"2024";"L";"29/01/2024";"0";"01/01/2024";"31/01/2024";"10"
"UNIDADE DE GESTÃO DE INFRAEST. E SERVIÇOS PÚBLICOS";"15";"URBANISMO";"122";"ADMINISTRAÇÃO GERAL";"2024";"3407";"";"0";"0";"100012604";"FOLHA DE PAGAMENTO";"45780103000150";"";"0";"PROPRIA";"31901145";"FÉRIAS - ABONO CONSTITUICOES";"FOLHA DE PAGAMENTO";"398.57";"2024";"L";"29/01/2024";"0";"01/01/2024";"31/01/2024";"10"
"UNIDADE DE GESTÃO DE INFRAEST. E SERVIÇOS PÚBLICOS";"15";"URBANISMO";"122";"ADMINISTRAÇÃO GERAL";"2024";"3408";"";"0";"0";"100012604";"FOLHA DE PAGAMENTO";"45780103000150";"";"0";"PROPRIA";"31901147";"LICENÇA PRÊMIO";"FOLHA DE PAGAMENTO";"153968.07";"2024";"L";"29/01/2024";"0";"01/01/2024";"31/01/2024";"10"
"UNIDADE DE GESTÃO DE INFRAEST. E SERVIÇOS PÚBLICOS";"15";"URBANISMO";"122";"ADMINISTRAÇÃO GERAL";"2024";"3409";"";"0";"0";"100012604";"FOLHA DE PAGAMENTO";"45780103000150";"";"0";"PROPRIA";"31901175";"SUBSÍDIOS - AGENTES POLÍTICOS";"FOLHA DE PAGAMENTO";"17087.87";"2024";"L";"29/01/2024";"0";"01/01/2024";"31/01/2024";"10"
"UNIDADE DE GESTÃO DE INFRAEST. E SERVIÇOS PÚBLICOS";"15";"URBANISMO";"122";"ADMINISTRAÇÃO GERAL";"2024";"3410";"";"0";"0";"4000055";"FUNDO DE GARANTIA POR TEMPO DE SERVICO";"00360305000104";"";"0";"PROPRIA";"31901301";"FGTS";"FOLHA DE PAGAMENTO";"15364.64";"2024";"L";"29/01/2024";"0";"01/01/2024";"31/01/2024";"10"
"UNIDADE DE GESTÃO DE INFRAEST. E SERVIÇOS PÚBLICOS";"15";"URBANISMO";"122";"ADMINISTRAÇÃO GERAL";"2024";"3414";"";"0";"0";"100012604";"FOLHA DE PAGAMENTO";"45780103000150";"";"0";"PROPRIA";"31901632";"SUBSTITUIÇÕES  RPPS";"FOLHA DE PAGAMENTO";"718.29";"2024";"L";"29/01/2024";"0";"01/01/2024";"31/01/2024";"10"
"UNIDADE DE GESTÃO DE INFRAEST. E SERVIÇOS PÚBLICOS";"15";"URBANISMO";"122";"ADMINISTRAÇÃO GERAL";"2024";"3415";"";"0";"0";"100012604";"FOLHA DE PAGAMENTO";"45780103000150";"";"0";"PROPRIA";"31901632";"SUBSTITUIÇÕES  RPPS";"FOLHA DE PAGAMENTO";"9258.29";"2024";"L";"29/01/2024";"0";"01/01/2024";"31/01/2024";"10"
"UNIDADE DE GESTÃO DE INFRAEST. E SERVIÇOS PÚBLICOS";"15";"URBANISMO";"122";"ADMINISTRAÇÃO GERAL";"2024";"3416";"";"0";"0";"100012604";"FOLHA DE PAGAMENTO";"45780103000150";"";"0";"PROPRIA";"31901644";"SERVIÇOS EXTRAORDINÁRIOS";"FOLHA DE PAGAMENTO";"16477.04";"2024";"L";"29/01/2024";"0";"01/01/2024";"31/01/2024";"10"
"UNIDADE DE GESTÃO DE INFRAEST. E SERVIÇOS PÚBLICOS";"15";"URBANISMO";"122";"ADMINISTRAÇÃO GERAL";"2024";"3417";"";"0";"0";"100012604";"FOLHA DE PAGAMENTO";"45780103000150";"";"0";"PROPRIA";"31901644";"SERVIÇOS EXTRAORDINÁRIOS";"FOLHA DE PAGAMENTO";"270557.54";"2024";"L";"29/01/2024";"0";"01/01/2024";"31/01/2024";"10"
"UNIDADE DE GESTÃO DE INFRAEST. E SERVIÇOS PÚBLICOS";"15";"URBANISMO";"122";"ADMINISTRAÇÃO GERAL";"2024";"3418";"";"0";"0";"100004453";"IPREJUN-INST.PREVIDENCIA DO MUN.JUNDIAI";"05507216000161";"";"0";"PROPRIA";"31911308";"CONTRIBUIÇÕES PREVIDENCIÁRIAS - RPPS - PESSOAL ATI";"FOLHA DE PAGAMENTO";"325510.49";"2024";"L";"29/01/2024";"0";"01/01/2024";"31/01/2024";"10"
"UNIDADE DE GESTÃO DE INFRAEST. E SERVIÇOS PÚBLICOS";"15";"URBANISMO";"122";"ADMINISTRAÇÃO GERAL";"2024";"3419";"";"0";"0";"100004453";"IPREJUN-INST.PREVIDENCIA DO MUN.JUNDIAI";"05507216000161";"";"0";"PROPRIA";"31911320";"ALÍQUOTA SUPLEMENTAR DE CONTRIBUIÇÃO PREVIDENCIÁRI";"FOLHA DE PAGAMENTO";"432045.46";"2024";"L";"29/01/2024";"0";"01/01/2024";"31/01/2024";"10"
"UNIDADE DE GESTÃO DE INFRAEST. E SERVIÇOS PÚBLICOS";"15";"URBANISMO";"122";"ADMINISTRAÇÃO GERAL";"2024";"3420";"";"0";"0";"100012604";"FOLHA DE PAGAMENTO";"45780103000150";"";"0";"PROPRIA";"33904901";"INDENIZACAO AUXILIO TRANSPORTE";"FOLHA DE PAGAMENTO";"15334";"2024";"L";"29/01/2024";"0";"01/01/2024";"31/01/2024";"10"
"UNIDADE DE GESTÃO DE INFRAEST. E SERVIÇOS PÚBLICOS";"15";"URBANISMO";"122";"ADMINISTRAÇÃO GERAL";"2024";"3421";"";"0";"0";"100012604";"FOLHA DE PAGAMENTO";"45780103000150";"";"0";"PROPRIA";"33904901";"INDENIZACAO AUXILIO TRANSPORTE";"FOLHA DE PAGAMENTO";"4884";"2024";"L";"29/01/2024";"0";"01/01/2024";"31/01/2024";"10"
"UNIDADE DE GESTÃO DE INFRAEST. E SERVIÇOS PÚBLICOS";"15";"URBANISMO";"122";"ADMINISTRAÇÃO GERAL";"2024";"3422";"";"0";"0";"100012604";"FOLHA DE PAGAMENTO";"45780103000150";"";"0";"PROPRIA";"33904901";"INDENIZACAO AUXILIO TRANSPORTE";"FOLHA DE PAGAMENTO";"100760";"2024";"L";"29/01/2024";"0";"01/01/2024";"31/01/2024";"10"
"UNIDADE GESTÃO DE PLANEJ. URBANO E MEIO AMBIENTE";"18";"GESTÃO AMBIENTAL";"122";"ADMINISTRAÇÃO GERAL";"2024";"3424";"";"0";"0";"100012604";"FOLHA DE PAGAMENTO";"45780103000150";"";"0";"PROPRIA";"31901101";"VENCIMENTO E SALARIOS";"FOLHA DE PAGAMENTO";"60471.24";"2024";"L";"29/01/2024";"0";"01/01/2024";"31/01/2024";"11"
"UNIDADE GESTÃO DE PLANEJ. URBANO E MEIO AMBIENTE";"18";"GESTÃO AMBIENTAL";"122";"ADMINISTRAÇÃO GERAL";"2024";"3425";"";"0";"0";"100012604";"FOLHA DE PAGAMENTO";"45780103000150";"";"0";"PROPRIA";"31901101";"VENCIMENTO E SALARIOS";"FOLHA DE PAGAMENTO";"26504.33";"2024";"L";"29/01/2024";"0";"01/01/2024";"31/01/2024";"11"
"UNIDADE GESTÃO DE PLANEJ. URBANO E MEIO AMBIENTE";"18";"GESTÃO AMBIENTAL";"122";"ADMINISTRAÇÃO GERAL";"2024";"3426";"";"0";"0";"100012604";"FOLHA DE PAGAMENTO";"45780103000150";"";"0";"PROPRIA";"31901101";"VENCIMENTO E SALARIOS";"FOLHA DE PAGAMENTO";"556608.79";"2024";"L";"29/01/2024";"0";"01/01/2024";"31/01/2024";"11"
"UNIDADE GESTÃO DE PLANEJ. URBANO E MEIO AMBIENTE";"18";"GESTÃO AMBIENTAL";"122";"ADMINISTRAÇÃO GERAL";"2024";"3427";"";"0";"0";"100012604";"FOLHA DE PAGAMENTO";"45780103000150";"";"0";"PROPRIA";"31901107";"ABONO DE PERMANENCIA";"FOLHA DE PAGAMENTO";"5679.98";"2024";"L";"29/01/2024";"0";"01/01/2024";"31/01/2024";"11"
"UNIDADE GESTÃO DE PLANEJ. URBANO E MEIO AMBIENTE";"18";"GESTÃO AMBIENTAL";"122";"ADMINISTRAÇÃO GERAL";"2024";"3428";"";"0";"0";"100012604";"FOLHA DE PAGAMENTO";"45780103000150";"";"0";"PROPRIA";"31901109";"ADICIONAL DE PERICULOSIDADE";"FOLHA DE PAGAMENTO";"5725.05";"2024";"L";"29/01/2024";"0";"01/01/2024";"31/01/2024";"11"
"UNIDADE GESTÃO DE PLANEJ. URBANO E MEIO AMBIENTE";"18";"GESTÃO AMBIENTAL";"122";"ADMINISTRAÇÃO GERAL";"2024";"3429";"";"0";"0";"100012604";"FOLHA DE PAGAMENTO";"45780103000150";"";"0";"PROPRIA";"31901109";"ADICIONAL DE PERICULOSIDADE";"FOLHA DE PAGAMENTO";"14967.67";"2024";"L";"29/01/2024";"0";"01/01/2024";"31/01/2024";"11"
"UNIDADE GESTÃO DE PLANEJ. URBANO E MEIO AMBIENTE";"18";"GESTÃO AMBIENTAL";"122";"ADMINISTRAÇÃO GERAL";"2024";"3430";"";"0";"0";"100012604";"FOLHA DE PAGAMENTO";"45780103000150";"";"0";"PROPRIA";"31901110";"ADICIONAL DE INSALUBRIDADE";"FOLHA DE PAGAMENTO";"3307.93";"2024";"L";"29/01/2024";"0";"01/01/2024";"31/01/2024";"11"
"UNIDADE GESTÃO DE PLANEJ. URBANO E MEIO AMBIENTE";"18";"GESTÃO AMBIENTAL";"122";"ADMINISTRAÇÃO GERAL";"2024";"3431";"";"0";"0";"100012604";"FOLHA DE PAGAMENTO";"45780103000150";"";"0";"PROPRIA";"31901131";"GRATIFICACOES POR EXERCICIO DE  CARGO";"FOLHA DE PAGAMENTO";"7427.05";"2024";"L";"29/01/2024";"0";"01/01/2024";"31/01/2024";"11"
"UNIDADE GESTÃO DE PLANEJ. URBANO E MEIO AMBIENTE";"18";"GESTÃO AMBIENTAL";"122";"ADMINISTRAÇÃO GERAL";"2024";"3432";"";"0";"0";"100012604";"FOLHA DE PAGAMENTO";"45780103000150";"";"0";"PROPRIA";"31901131";"GRATIFICACOES POR EXERCICIO DE  CARGO";"FOLHA DE PAGAMENTO";"2228.09";"2024";"L";"29/01/2024";"0";"01/01/2024";"31/01/2024";"11"
"UNIDADE GESTÃO DE PLANEJ. URBANO E MEIO AMBIENTE";"18";"GESTÃO AMBIENTAL";"122";"ADMINISTRAÇÃO GERAL";"2024";"3433";"";"0";"0";"100012604";"FOLHA DE PAGAMENTO";"45780103000150";"";"0";"PROPRIA";"31901133";"GRATIFICACOES POR EXERCICIO DE  FUNCOES";"FOLHA DE PAGAMENTO";"22039.63";"2024";"L";"29/01/2024";"0";"01/01/2024";"31/01/2024";"11"
"UNIDADE GESTÃO DE PLANEJ. URBANO E MEIO AMBIENTE";"18";"GESTÃO AMBIENTAL";"122";"ADMINISTRAÇÃO GERAL";"2024";"3434";"";"0";"0";"100012604";"FOLHA DE PAGAMENTO";"45780103000150";"";"0";"PROPRIA";"31901137";"GRATIFICACOES POR TEMPO DE SERVICO";"FOLHA DE PAGAMENTO";"73551.32";"2024";"L";"29/01/2024";"0";"01/01/2024";"31/01/2024";"11"
"UNIDADE GESTÃO DE PLANEJ. URBANO E MEIO AMBIENTE";"18";"GESTÃO AMBIENTAL";"122";"ADMINISTRAÇÃO GERAL";"2024";"3435";"";"0";"0";"100012604";"FOLHA DE PAGAMENTO";"45780103000150";"";"0";"PROPRIA";"31901137";"GRATIFICACOES POR TEMPO DE SERVICO";"FOLHA DE PAGAMENTO";"13137.83";"2024";"L";"29/01/2024";"0";"01/01/2024";"31/01/2024";"11"
"UNIDADE GESTÃO DE PLANEJ. URBANO E MEIO AMBIENTE";"18";"GESTÃO AMBIENTAL";"122";"ADMINISTRAÇÃO GERAL";"2024";"3436";"";"0";"0";"100012604";"FOLHA DE PAGAMENTO";"45780103000150";"";"0";"PROPRIA";"31901137";"GRATIFICACOES POR TEMPO DE SERVICO";"FOLHA DE PAGAMENTO";"1796.48";"2024";"L";"29/01/2024";"0";"01/01/2024";"31/01/2024";"11"
"UNIDADE GESTÃO DE PLANEJ. URBANO E MEIO AMBIENTE";"18";"GESTÃO AMBIENTAL";"122";"ADMINISTRAÇÃO GERAL";"2024";"3437";"";"0";"0";"100012604";"FOLHA DE PAGAMENTO";"45780103000150";"";"0";"PROPRIA";"31901145";"FÉRIAS - ABONO CONSTITUICOES";"FOLHA DE PAGAMENTO";"2.16";"2024";"L";"29/01/2024";"0";"01/01/2024";"31/01/2024";"11"
"UNIDADE GESTÃO DE PLANEJ. URBANO E MEIO AMBIENTE";"18";"GESTÃO AMBIENTAL";"122";"ADMINISTRAÇÃO GERAL";"2024";"3438";"";"0";"0";"100012604";"FOLHA DE PAGAMENTO";"45780103000150";"";"0";"PROPRIA";"31901147";"LICENÇA PRÊMIO";"FOLHA DE PAGAMENTO";"23102.77";"2024";"L";"29/01/2024";"0";"01/01/2024";"31/01/2024";"11"
"UNIDADE GESTÃO DE PLANEJ. URBANO E MEIO AMBIENTE";"18";"GESTÃO AMBIENTAL";"122";"ADMINISTRAÇÃO GERAL";"2024";"3439";"";"0";"0";"100012604";"FOLHA DE PAGAMENTO";"45780103000150";"";"0";"PROPRIA";"31901175";"SUBSÍDIOS - AGENTES POLÍTICOS";"FOLHA DE PAGAMENTO";"19312.03";"2024";"L";"29/01/2024";"0";"01/01/2024";"31/01/2024";"11"
"UNIDADE GESTÃO DE PLANEJ. URBANO E MEIO AMBIENTE";"18";"GESTÃO AMBIENTAL";"122";"ADMINISTRAÇÃO GERAL";"2024";"3440";"";"0";"0";"4000055";"FUNDO DE GARANTIA POR TEMPO DE SERVICO";"00360305000104";"";"0";"PROPRIA";"31901301";"FGTS";"FOLHA DE PAGAMENTO";"6067.95";"2024";"L";"29/01/2024";"0";"01/01/2024";"31/01/2024";"11"
"UNIDADE GESTÃO DE PLANEJ. URBANO E MEIO AMBIENTE";"18";"GESTÃO AMBIENTAL";"122";"ADMINISTRAÇÃO GERAL";"2024";"3444";"";"0";"0";"100012604";"FOLHA DE PAGAMENTO";"45780103000150";"";"0";"PROPRIA";"31901632";"SUBSTITUIÇÕES  RPPS";"FOLHA DE PAGAMENTO";"3766.86";"2024";"L";"29/01/2024";"0";"01/01/2024";"31/01/2024";"11"
"UNIDADE GESTÃO DE PLANEJ. URBANO E MEIO AMBIENTE";"18";"GESTÃO AMBIENTAL";"122";"ADMINISTRAÇÃO GERAL";"2024";"3445";"";"0";"0";"100012604";"FOLHA DE PAGAMENTO";"45780103000150";"";"0";"PROPRIA";"31901644";"SERVIÇOS EXTRAORDINÁRIOS";"FOLHA DE PAGAMENTO";"5615.89";"2024";"L";"29/01/2024";"0";"01/01/2024";"31/01/2024";"11"
"UNIDADE GESTÃO DE PLANEJ. URBANO E MEIO AMBIENTE";"18";"GESTÃO AMBIENTAL";"122";"ADMINISTRAÇÃO GERAL";"2024";"3446";"";"0";"0";"100004453";"IPREJUN-INST.PREVIDENCIA DO MUN.JUNDIAI";"05507216000161";"";"0";"PROPRIA";"31911308";"CONTRIBUIÇÕES PREVIDENCIÁRIAS - RPPS - PESSOAL ATI";"FOLHA DE PAGAMENTO";"154842.56";"2024";"L";"29/01/2024";"0";"01/01/2024";"31/01/2024";"11"
"UNIDADE GESTÃO DE PLANEJ. URBANO E MEIO AMBIENTE";"18";"GESTÃO AMBIENTAL";"122";"ADMINISTRAÇÃO GERAL";"2024";"3447";"";"0";"0";"100004453";"IPREJUN-INST.PREVIDENCIA DO MUN.JUNDIAI";"05507216000161";"";"0";"PROPRIA";"31911320";"ALÍQUOTA SUPLEMENTAR DE CONTRIBUIÇÃO PREVIDENCIÁRI";"FOLHA DE PAGAMENTO";"205520.26";"2024";"L";"29/01/2024";"0";"01/01/2024";"31/01/2024";"11"
"UNIDADE GESTÃO DE PLANEJ. URBANO E MEIO AMBIENTE";"18";"GESTÃO AMBIENTAL";"122";"ADMINISTRAÇÃO GERAL";"2024";"3448";"";"0";"0";"100012604";"FOLHA DE PAGAMENTO";"45780103000150";"";"0";"PROPRIA";"33904901";"INDENIZACAO AUXILIO TRANSPORTE";"FOLHA DE PAGAMENTO";"4268";"2024";"L";"29/01/2024";"0";"01/01/2024";"31/01/2024";"11"
"UNIDADE GESTÃO DE PLANEJ. URBANO E MEIO AMBIENTE";"18";"GESTÃO AMBIENTAL";"122";"ADMINISTRAÇÃO GERAL";"2024";"3449";"";"0";"0";"100012604";"FOLHA DE PAGAMENTO";"45780103000150";"";"0";"PROPRIA";"33904901";"INDENIZACAO AUXILIO TRANSPORTE";"FOLHA DE PAGAMENTO";"1584";"2024";"L";"29/01/2024";"0";"01/01/2024";"31/01/2024";"11"
"UNIDADE GESTÃO DE PLANEJ. URBANO E MEIO AMBIENTE";"18";"GESTÃO AMBIENTAL";"122";"ADMINISTRAÇÃO GERAL";"2024";"3450";"";"0";"0";"100012604";"FOLHA DE PAGAMENTO";"45780103000150";"";"0";"PROPRIA";"33904901";"INDENIZACAO AUXILIO TRANSPORTE";"FOLHA DE PAGAMENTO";"33242";"2024";"L";"29/01/2024";"0";"01/01/2024";"31/01/2024";"11"
"UNIDADE DE GESTÃO DE MOBILIDADE E TRANSPORTE";"15";"URBANISMO";"122";"ADMINISTRAÇÃO GERAL";"2024";"3451";"";"0";"0";"100012604";"FOLHA DE PAGAMENTO";"45780103000150";"";"0";"PROPRIA";"31901101";"VENCIMENTO E SALARIOS";"FOLHA DE PAGAMENTO";"29201.16";"2024";"L";"29/01/2024";"0";"01/01/2024";"31/01/2024";"12"
"UNIDADE DE GESTÃO DE MOBILIDADE E TRANSPORTE";"15";"URBANISMO";"122";"ADMINISTRAÇÃO GERAL";"2024";"3452";"";"0";"0";"100012604";"FOLHA DE PAGAMENTO";"45780103000150";"";"0";"PROPRIA";"31901101";"VENCIMENTO E SALARIOS";"FOLHA DE PAGAMENTO";"908989.93";"2024";"L";"29/01/2024";"0";"01/01/2024";"31/01/2024";"12"
"UNIDADE DE GESTÃO DE MOBILIDADE E TRANSPORTE";"15";"URBANISMO";"122";"ADMINISTRAÇÃO GERAL";"2024";"3453";"";"0";"0";"100012604";"FOLHA DE PAGAMENTO";"45780103000150";"";"0";"PROPRIA";"31901101";"VENCIMENTO E SALARIOS";"FOLHA DE PAGAMENTO";"41062.32";"2024";"L";"29/01/2024";"0";"01/01/2024";"31/01/2024";"12"
"UNIDADE DE GESTÃO DE MOBILIDADE E TRANSPORTE";"15";"URBANISMO";"122";"ADMINISTRAÇÃO GERAL";"2024";"3454";"";"0";"0";"100012604";"FOLHA DE PAGAMENTO";"45780103000150";"";"0";"PROPRIA";"31901104";"ADICIONAL NOTURNO";"FOLHA DE PAGAMENTO";"20740.15";"2024";"L";"29/01/2024";"0";"01/01/2024";"31/01/2024";"12"
"UNIDADE DE GESTÃO DE MOBILIDADE E TRANSPORTE";"15";"URBANISMO";"122";"ADMINISTRAÇÃO GERAL";"2024";"3455";"";"0";"0";"100012604";"FOLHA DE PAGAMENTO";"45780103000150";"";"0";"PROPRIA";"31901107";"ABONO DE PERMANENCIA";"FOLHA DE PAGAMENTO";"14666.4";"2024";"L";"29/01/2024";"0";"01/01/2024";"31/01/2024";"12"
"UNIDADE DE GESTÃO DE MOBILIDADE E TRANSPORTE";"15";"URBANISMO";"122";"ADMINISTRAÇÃO GERAL";"2024";"3456";"";"0";"0";"100012604";"FOLHA DE PAGAMENTO";"45780103000150";"";"0";"PROPRIA";"31901109";"ADICIONAL DE PERICULOSIDADE";"FOLHA DE PAGAMENTO";"43249.71";"2024";"L";"29/01/2024";"0";"01/01/2024";"31/01/2024";"12"
"UNIDADE DE GESTÃO DE MOBILIDADE E TRANSPORTE";"15";"URBANISMO";"122";"ADMINISTRAÇÃO GERAL";"2024";"3457";"";"0";"0";"100012604";"FOLHA DE PAGAMENTO";"45780103000150";"";"0";"PROPRIA";"31901109";"ADICIONAL DE PERICULOSIDADE";"FOLHA DE PAGAMENTO";"3833.21";"2024";"L";"29/01/2024";"0";"01/01/2024";"31/01/2024";"12"
"UNIDADE DE GESTÃO DE MOBILIDADE E TRANSPORTE";"15";"URBANISMO";"122";"ADMINISTRAÇÃO GERAL";"2024";"3458";"";"0";"0";"100012604";"FOLHA DE PAGAMENTO";"45780103000150";"";"0";"PROPRIA";"31901110";"ADICIONAL DE INSALUBRIDADE";"FOLHA DE PAGAMENTO";"8264.91";"2024";"L";"29/01/2024";"0";"01/01/2024";"31/01/2024";"12"
"UNIDADE DE GESTÃO DE MOBILIDADE E TRANSPORTE";"15";"URBANISMO";"122";"ADMINISTRAÇÃO GERAL";"2024";"3459";"";"0";"0";"100012604";"FOLHA DE PAGAMENTO";"45780103000150";"";"0";"PROPRIA";"31901131";"GRATIFICACOES POR EXERCICIO DE  CARGO";"FOLHA DE PAGAMENTO";"5577.69";"2024";"L";"29/01/2024";"0";"01/01/2024";"31/01/2024";"12"
"UNIDADE DE GESTÃO DE MOBILIDADE E TRANSPORTE";"15";"URBANISMO";"122";"ADMINISTRAÇÃO GERAL";"2024";"3460";"";"0";"0";"100012604";"FOLHA DE PAGAMENTO";"45780103000150";"";"0";"PROPRIA";"31901133";"GRATIFICACOES POR EXERCICIO DE  FUNCOES";"FOLHA DE PAGAMENTO";"118248.89";"2024";"L";"29/01/2024";"0";"01/01/2024";"31/01/2024";"12"
"UNIDADE DE GESTÃO DE MOBILIDADE E TRANSPORTE";"15";"URBANISMO";"122";"ADMINISTRAÇÃO GERAL";"2024";"3461";"";"0";"0";"100012604";"FOLHA DE PAGAMENTO";"45780103000150";"";"0";"PROPRIA";"31901137";"GRATIFICACOES POR TEMPO DE SERVICO";"FOLHA DE PAGAMENTO";"199897.93";"2024";"L";"29/01/2024";"0";"01/01/2024";"31/01/2024";"12"
"UNIDADE DE GESTÃO DE MOBILIDADE E TRANSPORTE";"15";"URBANISMO";"122";"ADMINISTRAÇÃO GERAL";"2024";"3462";"";"0";"0";"100012604";"FOLHA DE PAGAMENTO";"45780103000150";"";"0";"PROPRIA";"31901137";"GRATIFICACOES POR TEMPO DE SERVICO";"FOLHA DE PAGAMENTO";"20375.1";"2024";"L";"29/01/2024";"0";"01/01/2024";"31/01/2024";"12"
"UNIDADE DE GESTÃO DE MOBILIDADE E TRANSPORTE";"15";"URBANISMO";"122";"ADMINISTRAÇÃO GERAL";"2024";"3463";"";"0";"0";"100012604";"FOLHA DE PAGAMENTO";"45780103000150";"";"0";"PROPRIA";"31901143";"13 SALARIO";"FOLHA DE PAGAMENTO";"3924.78";"2024";"L";"29/01/2024";"0";"01/01/2024";"31/01/2024";"12"
"UNIDADE DE GESTÃO DE MOBILIDADE E TRANSPORTE";"15";"URBANISMO";"122";"ADMINISTRAÇÃO GERAL";"2024";"3464";"";"0";"0";"100012604";"FOLHA DE PAGAMENTO";"45780103000150";"";"0";"PROPRIA";"31901145";"FÉRIAS - ABONO CONSTITUICOES";"FOLHA DE PAGAMENTO";"87.57";"2024";"L";"29/01/2024";"0";"01/01/2024";"31/01/2024";"12"
"UNIDADE DE GESTÃO DE MOBILIDADE E TRANSPORTE";"15";"URBANISMO";"122";"ADMINISTRAÇÃO GERAL";"2024";"3465";"";"0";"0";"100012604";"FOLHA DE PAGAMENTO";"45780103000150";"";"0";"PROPRIA";"31901147";"LICENÇA PRÊMIO";"FOLHA DE PAGAMENTO";"27774.48";"2024";"L";"29/01/2024";"0";"01/01/2024";"31/01/2024";"12"
"UNIDADE DE GESTÃO DE MOBILIDADE E TRANSPORTE";"15";"URBANISMO";"122";"ADMINISTRAÇÃO GERAL";"2024";"3466";"";"0";"0";"100012604";"FOLHA DE PAGAMENTO";"45780103000150";"";"0";"PROPRIA";"31901175";"SUBSÍDIOS - AGENTES POLÍTICOS";"FOLHA DE PAGAMENTO";"19312.03";"2024";"L";"29/01/2024";"0";"01/01/2024";"31/01/2024";"12"
"UNIDADE DE GESTÃO DE MOBILIDADE E TRANSPORTE";"15";"URBANISMO";"122";"ADMINISTRAÇÃO GERAL";"2024";"3467";"";"0";"0";"4000055";"FUNDO DE GARANTIA POR TEMPO DE SERVICO";"00360305000104";"";"0";"PROPRIA";"31901301";"FGTS";"FOLHA DE PAGAMENTO";"8794.9";"2024";"L";"29/01/2024";"0";"01/01/2024";"31/01/2024";"12"
"UNIDADE DE GESTÃO DE MOBILIDADE E TRANSPORTE";"15";"URBANISMO";"122";"ADMINISTRAÇÃO GERAL";"2024";"3471";"";"0";"0";"100012604";"FOLHA DE PAGAMENTO";"45780103000150";"";"0";"PROPRIA";"31901632";"SUBSTITUIÇÕES  RPPS";"FOLHA DE PAGAMENTO";"9694.23";"2024";"L";"29/01/2024";"0";"01/01/2024";"31/01/2024";"12"
"UNIDADE DE GESTÃO DE MOBILIDADE E TRANSPORTE";"15";"URBANISMO";"122";"ADMINISTRAÇÃO GERAL";"2024";"3472";"";"0";"0";"100012604";"FOLHA DE PAGAMENTO";"45780103000150";"";"0";"PROPRIA";"31901644";"SERVIÇOS EXTRAORDINÁRIOS";"FOLHA DE PAGAMENTO";"10668.32";"2024";"L";"29/01/2024";"0";"01/01/2024";"31/01/2024";"12"
"UNIDADE DE GESTÃO DE MOBILIDADE E TRANSPORTE";"15";"URBANISMO";"122";"ADMINISTRAÇÃO GERAL";"2024";"3473";"";"0";"0";"100012604";"FOLHA DE PAGAMENTO";"45780103000150";"";"0";"PROPRIA";"31901644";"SERVIÇOS EXTRAORDINÁRIOS";"FOLHA DE PAGAMENTO";"387242.52";"2024";"L";"29/01/2024";"0";"01/01/2024";"31/01/2024";"12"
"UNIDADE DE GESTÃO DE MOBILIDADE E TRANSPORTE";"15";"URBANISMO";"122";"ADMINISTRAÇÃO GERAL";"2024";"3474";"";"0";"0";"100004453";"IPREJUN-INST.PREVIDENCIA DO MUN.JUNDIAI";"05507216000161";"";"0";"PROPRIA";"31911308";"CONTRIBUIÇÕES PREVIDENCIÁRIAS - RPPS - PESSOAL ATI";"FOLHA DE PAGAMENTO";"279261.8";"2024";"L";"29/01/2024";"0";"01/01/2024";"31/01/2024";"12"
"UNIDADE DE GESTÃO DE MOBILIDADE E TRANSPORTE";"15";"URBANISMO";"122";"ADMINISTRAÇÃO GERAL";"2024";"3475";"";"0";"0";"100004453";"IPREJUN-INST.PREVIDENCIA DO MUN.JUNDIAI";"05507216000161";"";"0";"PROPRIA";"31911320";"ALÍQUOTA SUPLEMENTAR DE CONTRIBUIÇÃO PREVIDENCIÁRI";"FOLHA DE PAGAMENTO";"370660.22";"2024";"L";"29/01/2024";"0";"01/01/2024";"31/01/2024";"12"
"UNIDADE DE GESTÃO DE MOBILIDADE E TRANSPORTE";"15";"URBANISMO";"122";"ADMINISTRAÇÃO GERAL";"2024";"3476";"";"0";"0";"100012604";"FOLHA DE PAGAMENTO";"45780103000150";"";"0";"PROPRIA";"33903645";"JETONS A CONSELHEIROS";"FOLHA DE PAGAMENTO";"17901.52";"2024";"L";"29/01/2024";"0";"01/01/2024";"31/01/2024";"12"
"UNIDADE DE GESTÃO DE MOBILIDADE E TRANSPORTE";"15";"URBANISMO";"122";"ADMINISTRAÇÃO GERAL";"2024";"3477";"";"0";"0";"100012604";"FOLHA DE PAGAMENTO";"45780103000150";"";"0";"PROPRIA";"33904901";"INDENIZACAO AUXILIO TRANSPORTE";"FOLHA DE PAGAMENTO";"2464";"2024";"L";"29/01/2024";"0";"01/01/2024";"31/01/2024";"12"
"UNIDADE DE GESTÃO DE MOBILIDADE E TRANSPORTE";"15";"URBANISMO";"122";"ADMINISTRAÇÃO GERAL";"2024";"3478";"";"0";"0";"100012604";"FOLHA DE PAGAMENTO";"45780103000150";"";"0";"PROPRIA";"33904901";"INDENIZACAO AUXILIO TRANSPORTE";"FOLHA DE PAGAMENTO";"80344";"2024";"L";"29/01/2024";"0";"01/01/2024";"31/01/2024";"12"
"UNIDADE DE GESTÃO DE MOBILIDADE E TRANSPORTE";"15";"URBANISMO";"122";"ADMINISTRAÇÃO GERAL";"2024";"3479";"";"0";"0";"100012604";"FOLHA DE PAGAMENTO";"45780103000150";"";"0";"PROPRIA";"33904901";"INDENIZACAO AUXILIO TRANSPORTE";"FOLHA DE PAGAMENTO";"3080";"2024";"L";"29/01/2024";"0";"01/01/2024";"31/01/2024";"12"
"UNIDADE DE GESTÃO DE EDUCAÇÃO";"12";"EDUCAÇÃO";"365";"EDUCAÇÃO INFANTIL";"2024";"3480";"";"0";"0";"100012604";"FOLHA DE PAGAMENTO";"45780103000150";"";"0";"PROPRIA";"31901101";"VENCIMENTO E SALARIOS";"FOLHA DE PAGAMENTO";"209227.27";"2024";"L";"29/01/2024";"0";"01/01/2024";"31/01/2024";"13"
"UNIDADE DE GESTÃO DE EDUCAÇÃO";"12";"EDUCAÇÃO";"365";"EDUCAÇÃO INFANTIL";"2024";"3481";"";"0";"0";"100012604";"FOLHA DE PAGAMENTO";"45780103000150";"";"0";"PROPRIA";"31901104";"ADICIONAL NOTURNO";"FOLHA DE PAGAMENTO";"109.63";"2024";"L";"29/01/2024";"0";"01/01/2024";"31/01/2024";"13"
"UNIDADE DE GESTÃO DE EDUCAÇÃO";"12";"EDUCAÇÃO";"365";"EDUCAÇÃO INFANTIL";"2024";"3482";"";"0";"0";"100012604";"FOLHA DE PAGAMENTO";"45780103000150";"";"0";"PROPRIA";"31901107";"ABONO DE PERMANENCIA";"FOLHA DE PAGAMENTO";"229.02";"2024";"L";"29/01/2024";"0";"01/01/2024";"31/01/2024";"13"
"UNIDADE DE GESTÃO DE EDUCAÇÃO";"12";"EDUCAÇÃO";"365";"EDUCAÇÃO INFANTIL";"2024";"3483";"";"0";"0";"100012604";"FOLHA DE PAGAMENTO";"45780103000150";"";"0";"PROPRIA";"31901137";"GRATIFICACOES POR TEMPO DE SERVICO";"FOLHA DE PAGAMENTO";"9451.12";"2024";"L";"29/01/2024";"0";"01/01/2024";"31/01/2024";"13"
"UNIDADE DE GESTÃO DE EDUCAÇÃO";"12";"EDUCAÇÃO";"365";"EDUCAÇÃO INFANTIL";"2024";"3484";"";"0";"0";"100012604";"FOLHA DE PAGAMENTO";"45780103000150";"";"0";"PROPRIA";"31901147";"LICENÇA PRÊMIO";"FOLHA DE PAGAMENTO";"7587.09";"2024";"L";"29/01/2024";"0";"01/01/2024";"31/01/2024";"13"
"UNIDADE DE GESTÃO DE EDUCAÇÃO";"12";"EDUCAÇÃO";"365";"EDUCAÇÃO INFANTIL";"2024";"3485";"";"0";"0";"100004453";"IPREJUN-INST.PREVIDENCIA DO MUN.JUNDIAI";"05507216000161";"";"0";"PROPRIA";"31911308";"CONTRIBUIÇÕES PREVIDENCIÁRIAS - RPPS - PESSOAL ATI";"FOLHA DE PAGAMENTO";"58564.48";"2024";"L";"29/01/2024";"0";"01/01/2024";"31/01/2024";"13"
"UNIDADE DE GESTÃO DE EDUCAÇÃO";"12";"EDUCAÇÃO";"365";"EDUCAÇÃO INFANTIL";"2024";"3486";"";"0";"0";"100004453";"IPREJUN-INST.PREVIDENCIA DO MUN.JUNDIAI";"05507216000161";"";"0";"PROPRIA";"31911320";"ALÍQUOTA SUPLEMENTAR DE CONTRIBUIÇÃO PREVIDENCIÁRI";"FOLHA DE PAGAMENTO";"77732.09";"2024";"L";"29/01/2024";"0";"01/01/2024";"31/01/2024";"13"
"UNIDADE DE GESTÃO DE EDUCAÇÃO";"12";"EDUCAÇÃO";"365";"EDUCAÇÃO INFANTIL";"2024";"3487";"";"0";"0";"100012604";"FOLHA DE PAGAMENTO";"45780103000150";"";"0";"PROPRIA";"33904901";"INDENIZACAO AUXILIO TRANSPORTE";"FOLHA DE PAGAMENTO";"11550";"2024";"L";"29/01/2024";"0";"01/01/2024";"31/01/2024";"13"
"UNIDADE DE GESTÃO DE EDUCAÇÃO";"12";"EDUCAÇÃO";"365";"EDUCAÇÃO INFANTIL";"2024";"3488";"";"0";"0";"100012604";"FOLHA DE PAGAMENTO";"45780103000150";"";"0";"PROPRIA";"31901101";"VENCIMENTO E SALARIOS";"FOLHA DE PAGAMENTO";"120700.31";"2024";"L";"29/01/2024";"0";"01/01/2024";"31/01/2024";"13"
"UNIDADE DE GESTÃO DE EDUCAÇÃO";"12";"EDUCAÇÃO";"365";"EDUCAÇÃO INFANTIL";"2024";"3489";"";"0";"0";"100012604";"FOLHA DE PAGAMENTO";"45780103000150";"";"0";"PROPRIA";"31901104";"ADICIONAL NOTURNO";"FOLHA DE PAGAMENTO";"113.99";"2024";"L";"29/01/2024";"0";"01/01/2024";"31/01/2024";"13"
"UNIDADE DE GESTÃO DE EDUCAÇÃO";"12";"EDUCAÇÃO";"365";"EDUCAÇÃO INFANTIL";"2024";"3490";"";"0";"0";"100012604";"FOLHA DE PAGAMENTO";"45780103000150";"";"0";"PROPRIA";"31901137";"GRATIFICACOES POR TEMPO DE SERVICO";"FOLHA DE PAGAMENTO";"7236.52";"2024";"L";"29/01/2024";"0";"01/01/2024";"31/01/2024";"13"
"UNIDADE DE GESTÃO DE EDUCAÇÃO";"12";"EDUCAÇÃO";"365";"EDUCAÇÃO INFANTIL";"2024";"3491";"";"0";"0";"100004453";"IPREJUN-INST.PREVIDENCIA DO MUN.JUNDIAI";"05507216000161";"";"0";"PROPRIA";"31911308";"CONTRIBUIÇÕES PREVIDENCIÁRIAS - RPPS - PESSOAL ATI";"FOLHA DE PAGAMENTO";"35698.71";"2024";"L";"29/01/2024";"0";"01/01/2024";"31/01/2024";"13"
"UNIDADE DE GESTÃO DE EDUCAÇÃO";"12";"EDUCAÇÃO";"365";"EDUCAÇÃO INFANTIL";"2024";"3492";"";"0";"0";"100004453";"IPREJUN-INST.PREVIDENCIA DO MUN.JUNDIAI";"05507216000161";"";"0";"PROPRIA";"31911320";"ALÍQUOTA SUPLEMENTAR DE CONTRIBUIÇÃO PREVIDENCIÁRI";"FOLHA DE PAGAMENTO";"47382.51";"2024";"L";"29/01/2024";"0";"01/01/2024";"31/01/2024";"13"
"UNIDADE DE GESTÃO DE EDUCAÇÃO";"12";"EDUCAÇÃO";"365";"EDUCAÇÃO INFANTIL";"2024";"3493";"";"0";"0";"100012604";"FOLHA DE PAGAMENTO";"45780103000150";"";"0";"PROPRIA";"33904901";"INDENIZACAO AUXILIO TRANSPORTE";"FOLHA DE PAGAMENTO";"7568";"2024";"L";"29/01/2024";"0";"01/01/2024";"31/01/2024";"13"
"UNIDADE DE GESTÃO DE EDUCAÇÃO";"12";"EDUCAÇÃO";"361";"ENSINO FUNDAMENTAL";"2024";"3494";"";"0";"0";"100012604";"FOLHA DE PAGAMENTO";"45780103000150";"";"0";"PROPRIA";"31901101";"VENCIMENTO E SALARIOS";"FOLHA DE PAGAMENTO";"444707.09";"2024";"L";"29/01/2024";"0";"01/01/2024";"31/01/2024";"13"
"UNIDADE DE GESTÃO DE EDUCAÇÃO";"12";"EDUCAÇÃO";"361";"ENSINO FUNDAMENTAL";"2024";"3495";"";"0";"0";"100012604";"FOLHA DE PAGAMENTO";"45780103000150";"";"0";"PROPRIA";"31901101";"VENCIMENTO E SALARIOS";"FOLHA DE PAGAMENTO";"5518.8";"2024";"L";"29/01/2024";"0";"01/01/2024";"31/01/2024";"13"
"UNIDADE DE GESTÃO DE EDUCAÇÃO";"12";"EDUCAÇÃO";"361";"ENSINO FUNDAMENTAL";"2024";"3496";"";"0";"0";"100012604";"FOLHA DE PAGAMENTO";"45780103000150";"";"0";"PROPRIA";"31901104";"ADICIONAL NOTURNO";"FOLHA DE PAGAMENTO";"237.99";"2024";"L";"29/01/2024";"0";"01/01/2024";"31/01/2024";"13"
"UNIDADE DE GESTÃO DE EDUCAÇÃO";"12";"EDUCAÇÃO";"361";"ENSINO FUNDAMENTAL";"2024";"3497";"";"0";"0";"100012604";"FOLHA DE PAGAMENTO";"45780103000150";"";"0";"PROPRIA";"31901107";"ABONO DE PERMANENCIA";"FOLHA DE PAGAMENTO";"2986.99";"2024";"L";"29/01/2024";"0";"01/01/2024";"31/01/2024";"13"
"UNIDADE DE GESTÃO DE EDUCAÇÃO";"12";"EDUCAÇÃO";"361";"ENSINO FUNDAMENTAL";"2024";"3498";"";"0";"0";"100012604";"FOLHA DE PAGAMENTO";"45780103000150";"";"0";"PROPRIA";"31901133";"GRATIFICACOES POR EXERCICIO DE  FUNCOES";"FOLHA DE PAGAMENTO";"447.07";"2024";"L";"29/01/2024";"0";"01/01/2024";"31/01/2024";"13"
"UNIDADE DE GESTÃO DE EDUCAÇÃO";"12";"EDUCAÇÃO";"361";"ENSINO FUNDAMENTAL";"2024";"3499";"";"0";"0";"100012604";"FOLHA DE PAGAMENTO";"45780103000150";"";"0";"PROPRIA";"31901137";"GRATIFICACOES POR TEMPO DE SERVICO";"FOLHA DE PAGAMENTO";"36688.56";"2024";"L";"29/01/2024";"0";"01/01/2024";"31/01/2024";"13"
"UNIDADE DE GESTÃO DE EDUCAÇÃO";"12";"EDUCAÇÃO";"361";"ENSINO FUNDAMENTAL";"2024";"3500";"";"0";"0";"100012604";"FOLHA DE PAGAMENTO";"45780103000150";"";"0";"PROPRIA";"31901147";"LICENÇA PRÊMIO";"FOLHA DE PAGAMENTO";"16517.14";"2024";"L";"29/01/2024";"0";"01/01/2024";"31/01/2024";"13"
"UNIDADE DE GESTÃO DE EDUCAÇÃO";"12";"EDUCAÇÃO";"361";"ENSINO FUNDAMENTAL";"2024";"3501";"";"0";"0";"4016168";"I.N.S.S -INST.NACIONAL DE SEGURO SOCIAL";"29979036000140";"";"0";"PROPRIA";"31901302";"CONTRIBUICOES PREVIDENCIARIAS - INSS";"FOLHA DE PAGAMENTO";"3821.87";"2024";"L";"29/01/2024";"0";"01/01/2024";"31/01/2024";"13"
"UNIDADE DE GESTÃO DE EDUCAÇÃO";"12";"EDUCAÇÃO";"361";"ENSINO FUNDAMENTAL";"2024";"3502";"";"0";"0";"100004453";"IPREJUN-INST.PREVIDENCIA DO MUN.JUNDIAI";"05507216000161";"";"0";"PROPRIA";"31911308";"CONTRIBUIÇÕES PREVIDENCIÁRIAS - RPPS - PESSOAL ATI";"FOLHA DE PAGAMENTO";"126467.3";"2024";"L";"29/01/2024";"0";"01/01/2024";"31/01/2024";"13"
"UNIDADE DE GESTÃO DE EDUCAÇÃO";"12";"EDUCAÇÃO";"361";"ENSINO FUNDAMENTAL";"2024";"3503";"";"0";"0";"100004453";"IPREJUN-INST.PREVIDENCIA DO MUN.JUNDIAI";"05507216000161";"";"0";"PROPRIA";"31911320";"ALÍQUOTA SUPLEMENTAR DE CONTRIBUIÇÃO PREVIDENCIÁRI";"FOLHA DE PAGAMENTO";"167858.68";"2024";"L";"29/01/2024";"0";"01/01/2024";"31/01/2024";"13"
"UNIDADE DE GESTÃO DE EDUCAÇÃO";"12";"EDUCAÇÃO";"361";"ENSINO FUNDAMENTAL";"2024";"3504";"";"0";"0";"100012604";"FOLHA DE PAGAMENTO";"45780103000150";"";"0";"PROPRIA";"33904901";"INDENIZACAO AUXILIO TRANSPORTE";"FOLHA DE PAGAMENTO";"110";"2024";"L";"29/01/2024";"0";"01/01/2024";"31/01/2024";"13"
"UNIDADE DE GESTÃO DE EDUCAÇÃO";"12";"EDUCAÇÃO";"361";"ENSINO FUNDAMENTAL";"2024";"3505";"";"0";"0";"100012604";"FOLHA DE PAGAMENTO";"45780103000150";"";"0";"PROPRIA";"33904901";"INDENIZACAO AUXILIO TRANSPORTE";"FOLHA DE PAGAMENTO";"26070";"2024";"L";"29/01/2024";"0";"01/01/2024";"31/01/2024";"13"
"UNIDADE DE GESTÃO DE EDUCAÇÃO";"12";"EDUCAÇÃO";"361";"ENSINO FUNDAMENTAL";"2024";"3506";"";"0";"0";"100012604";"FOLHA DE PAGAMENTO";"45780103000150";"";"0";"PROPRIA";"31901101";"VENCIMENTO E SALARIOS";"FOLHA DE PAGAMENTO";"93899.02";"2024";"L";"29/01/2024";"0";"01/01/2024";"31/01/2024";"13"
"UNIDADE DE GESTÃO DE EDUCAÇÃO";"12";"EDUCAÇÃO";"361";"ENSINO FUNDAMENTAL";"2024";"3507";"";"0";"0";"100012604";"FOLHA DE PAGAMENTO";"45780103000150";"";"0";"PROPRIA";"31901104";"ADICIONAL NOTURNO";"FOLHA DE PAGAMENTO";"2017.96";"2024";"L";"29/01/2024";"0";"01/01/2024";"31/01/2024";"13"
"UNIDADE DE GESTÃO DE EDUCAÇÃO";"12";"EDUCAÇÃO";"361";"ENSINO FUNDAMENTAL";"2024";"3508";"";"0";"0";"100012604";"FOLHA DE PAGAMENTO";"45780103000150";"";"0";"PROPRIA";"31901107";"ABONO DE PERMANENCIA";"FOLHA DE PAGAMENTO";"396.94";"2024";"L";"29/01/2024";"0";"01/01/2024";"31/01/2024";"13"
"UNIDADE DE GESTÃO DE EDUCAÇÃO";"12";"EDUCAÇÃO";"361";"ENSINO FUNDAMENTAL";"2024";"3509";"";"0";"0";"100012604";"FOLHA DE PAGAMENTO";"45780103000150";"";"0";"PROPRIA";"31901133";"GRATIFICACOES POR EXERCICIO DE  FUNCOES";"FOLHA DE PAGAMENTO";"3030.56";"2024";"L";"29/01/2024";"0";"01/01/2024";"31/01/2024";"13"
"UNIDADE DE GESTÃO DE EDUCAÇÃO";"12";"EDUCAÇÃO";"361";"ENSINO FUNDAMENTAL";"2024";"3510";"";"0";"0";"100012604";"FOLHA DE PAGAMENTO";"45780103000150";"";"0";"PROPRIA";"31901137";"GRATIFICACOES POR TEMPO DE SERVICO";"FOLHA DE PAGAMENTO";"6492.49";"2024";"L";"29/01/2024";"0";"01/01/2024";"31/01/2024";"13"
"UNIDADE DE GESTÃO DE EDUCAÇÃO";"12";"EDUCAÇÃO";"361";"ENSINO FUNDAMENTAL";"2024";"3511";"";"0";"0";"100004453";"IPREJUN-INST.PREVIDENCIA DO MUN.JUNDIAI";"05507216000161";"";"0";"PROPRIA";"31911308";"CONTRIBUIÇÕES PREVIDENCIÁRIAS - RPPS - PESSOAL ATI";"FOLHA DE PAGAMENTO";"30817.77";"2024";"L";"29/01/2024";"0";"01/01/2024";"31/01/2024";"13"
"UNIDADE DE GESTÃO DE EDUCAÇÃO";"12";"EDUCAÇÃO";"361";"ENSINO FUNDAMENTAL";"2024";"3512";"";"0";"0";"100004453";"IPREJUN-INST.PREVIDENCIA DO MUN.JUNDIAI";"05507216000161";"";"0";"PROPRIA";"31911320";"ALÍQUOTA SUPLEMENTAR DE CONTRIBUIÇÃO PREVIDENCIÁRI";"FOLHA DE PAGAMENTO";"40904.02";"2024";"L";"29/01/2024";"0";"01/01/2024";"31/01/2024";"13"
"UNIDADE DE GESTÃO DE EDUCAÇÃO";"12";"EDUCAÇÃO";"361";"ENSINO FUNDAMENTAL";"2024";"3513";"";"0";"0";"100012604";"FOLHA DE PAGAMENTO";"45780103000150";"";"0";"PROPRIA";"33904901";"INDENIZACAO AUXILIO TRANSPORTE";"FOLHA DE PAGAMENTO";"3102";"2024";"L";"29/01/2024";"0";"01/01/2024";"31/01/2024";"13"
"UNIDADE DE GESTÃO DE EDUCAÇÃO";"12";"EDUCAÇÃO";"361";"ENSINO FUNDAMENTAL";"2024";"3514";"";"0";"0";"100012604";"FOLHA DE PAGAMENTO";"45780103000150";"";"0";"PROPRIA";"31900411";"SALÁRIOS - CONTRATO TEMPORÁRIO";"FOLHA DE PAGAMENTO";"3742.88";"2024";"L";"29/01/2024";"0";"01/01/2024";"31/01/2024";"13"
"UNIDADE DE GESTÃO DE EDUCAÇÃO";"12";"EDUCAÇÃO";"361";"ENSINO FUNDAMENTAL";"2024";"3515";"";"0";"0";"4016168";"I.N.S.S -INST.NACIONAL DE SEGURO SOCIAL";"29979036000140";"";"0";"PROPRIA";"31900416";"OBRIGAÇÕES PATRONAIS - INSS - CONTRATO TEMPORÁRIO";"FOLHA DE PAGAMENTO";"1293.95";"2024";"L";"29/01/2024";"0";"01/01/2024";"31/01/2024";"13"
"UNIDADE DE GESTÃO DE EDUCAÇÃO";"12";"EDUCAÇÃO";"361";"ENSINO FUNDAMENTAL";"2024";"3516";"";"0";"0";"100012604";"FOLHA DE PAGAMENTO";"45780103000150";"";"0";"PROPRIA";"31901101";"VENCIMENTO E SALARIOS";"FOLHA DE PAGAMENTO";"1859063.08";"2024";"L";"29/01/2024";"0";"01/01/2024";"31/01/2024";"13"
"UNIDADE DE GESTÃO DE EDUCAÇÃO";"12";"EDUCAÇÃO";"361";"ENSINO FUNDAMENTAL";"2024";"3517";"";"0";"0";"100012604";"FOLHA DE PAGAMENTO";"45780103000150";"";"0";"PROPRIA";"31901104";"ADICIONAL NOTURNO";"FOLHA DE PAGAMENTO";"2232.77";"2024";"L";"29/01/2024";"0";"01/01/2024";"31/01/2024";"13"
"UNIDADE DE GESTÃO DE EDUCAÇÃO";"12";"EDUCAÇÃO";"361";"ENSINO FUNDAMENTAL";"2024";"3518";"";"0";"0";"100012604";"FOLHA DE PAGAMENTO";"45780103000150";"";"0";"PROPRIA";"31901107";"ABONO DE PERMANENCIA";"FOLHA DE PAGAMENTO";"22602.07";"2024";"L";"29/01/2024";"0";"01/01/2024";"31/01/2024";"13"
"UNIDADE DE GESTÃO DE EDUCAÇÃO";"12";"EDUCAÇÃO";"361";"ENSINO FUNDAMENTAL";"2024";"3519";"";"0";"0";"100012604";"FOLHA DE PAGAMENTO";"45780103000150";"";"0";"PROPRIA";"31901131";"GRATIFICACOES POR EXERCICIO DE  CARGO";"FOLHA DE PAGAMENTO";"7798.31";"2024";"L";"29/01/2024";"0";"01/01/2024";"31/01/2024";"13"
"UNIDADE DE GESTÃO DE EDUCAÇÃO";"12";"EDUCAÇÃO";"361";"ENSINO FUNDAMENTAL";"2024";"3520";"";"0";"0";"100012604";"FOLHA DE PAGAMENTO";"45780103000150";"";"0";"PROPRIA";"31901133";"GRATIFICACOES POR EXERCICIO DE  FUNCOES";"FOLHA DE PAGAMENTO";"235358.12";"2024";"L";"29/01/2024";"0";"01/01/2024";"31/01/2024";"13"
"UNIDADE DE GESTÃO DE EDUCAÇÃO";"12";"EDUCAÇÃO";"361";"ENSINO FUNDAMENTAL";"2024";"3521";"";"0";"0";"100012604";"FOLHA DE PAGAMENTO";"45780103000150";"";"0";"PROPRIA";"31901137";"GRATIFICACOES POR TEMPO DE SERVICO";"FOLHA DE PAGAMENTO";"157275.52";"2024";"L";"29/01/2024";"0";"01/01/2024";"31/01/2024";"13"
"UNIDADE DE GESTÃO DE EDUCAÇÃO";"12";"EDUCAÇÃO";"361";"ENSINO FUNDAMENTAL";"2024";"3522";"";"0";"0";"100012604";"FOLHA DE PAGAMENTO";"45780103000150";"";"0";"PROPRIA";"31901144";"FÉRIAS - ABONO PECUNIARIO";"FOLHA DE PAGAMENTO";"1334.54";"2024";"L";"29/01/2024";"0";"01/01/2024";"31/01/2024";"13"
"UNIDADE DE GESTÃO DE EDUCAÇÃO";"12";"EDUCAÇÃO";"361";"ENSINO FUNDAMENTAL";"2024";"3523";"";"0";"0";"100012604";"FOLHA DE PAGAMENTO";"45780103000150";"";"0";"PROPRIA";"31901145";"FÉRIAS - ABONO CONSTITUICOES";"FOLHA DE PAGAMENTO";"333.64";"2024";"L";"29/01/2024";"0";"01/01/2024";"31/01/2024";"13"
"UNIDADE DE GESTÃO DE EDUCAÇÃO";"12";"EDUCAÇÃO";"361";"ENSINO FUNDAMENTAL";"2024";"3524";"";"0";"0";"100012604";"FOLHA DE PAGAMENTO";"45780103000150";"";"0";"PROPRIA";"31901147";"LICENÇA PRÊMIO";"FOLHA DE PAGAMENTO";"101904.68";"2024";"L";"29/01/2024";"0";"01/01/2024";"31/01/2024";"13"
"UNIDADE DE GESTÃO DE EDUCAÇÃO";"12";"EDUCAÇÃO";"361";"ENSINO FUNDAMENTAL";"2024";"3525";"";"0";"0";"100012604";"FOLHA DE PAGAMENTO";"45780103000150";"";"0";"PROPRIA";"31901151";"OUTROS ADICIONAIS. VANTAGENS. GRATIFICAÇÕES E OUTR";"FOLHA DE PAGAMENTO";"149202.81";"2024";"L";"29/01/2024";"0";"01/01/2024";"31/01/2024";"13"
"UNIDADE DE GESTÃO DE EDUCAÇÃO";"12";"EDUCAÇÃO";"361";"ENSINO FUNDAMENTAL";"2024";"3526";"";"0";"0";"100012604";"FOLHA DE PAGAMENTO";"45780103000150";"";"0";"PROPRIA";"31901151";"OUTROS ADICIONAIS. VANTAGENS. GRATIFICAÇÕES E OUTR";"FOLHA DE PAGAMENTO";"17954.22";"2024";"L";"29/01/2024";"0";"01/01/2024";"31/01/2024";"13"
"UNIDADE DE GESTÃO DE EDUCAÇÃO";"12";"EDUCAÇÃO";"361";"ENSINO FUNDAMENTAL";"2024";"3527";"";"0";"0";"100012604";"FOLHA DE PAGAMENTO";"45780103000150";"";"5203";"FUNDO MANUT.DES.ED.BÁSICA E VALOR.PROF.MAG.-FUNDEB";"31901101";"VENCIMENTO E SALARIOS";"FOLHA DE PAGAMENTO";"3068538.69";"2024";"L";"29/01/2024";"0";"01/01/2024";"31/01/2024";"13"
"UNIDADE DE GESTÃO DE EDUCAÇÃO";"12";"EDUCAÇÃO";"361";"ENSINO FUNDAMENTAL";"2024";"3528";"";"0";"0";"100012604";"FOLHA DE PAGAMENTO";"45780103000150";"";"5203";"FUNDO MANUT.DES.ED.BÁSICA E VALOR.PROF.MAG.-FUNDEB";"31901104";"ADICIONAL NOTURNO";"FOLHA DE PAGAMENTO";"248.83";"2024";"L";"29/01/2024";"0";"01/01/2024";"31/01/2024";"13"
"UNIDADE DE GESTÃO DE EDUCAÇÃO";"12";"EDUCAÇÃO";"361";"ENSINO FUNDAMENTAL";"2024";"3529";"";"0";"0";"100012604";"FOLHA DE PAGAMENTO";"45780103000150";"";"5203";"FUNDO MANUT.DES.ED.BÁSICA E VALOR.PROF.MAG.-FUNDEB";"31901107";"ABONO DE PERMANENCIA";"FOLHA DE PAGAMENTO";"4205.67";"2024";"L";"29/01/2024";"0";"01/01/2024";"31/01/2024";"13"
"UNIDADE DE GESTÃO DE EDUCAÇÃO";"12";"EDUCAÇÃO";"361";"ENSINO FUNDAMENTAL";"2024";"3530";"";"0";"0";"100012604";"FOLHA DE PAGAMENTO";"45780103000150";"";"5203";"FUNDO MANUT.DES.ED.BÁSICA E VALOR.PROF.MAG.-FUNDEB";"31901133";"GRATIFICACOES POR EXERCICIO DE  FUNCOES";"FOLHA DE PAGAMENTO";"217256.85";"2024";"L";"29/01/2024";"0";"01/01/2024";"31/01/2024";"13"
"UNIDADE DE GESTÃO DE EDUCAÇÃO";"12";"EDUCAÇÃO";"361";"ENSINO FUNDAMENTAL";"2024";"3531";"";"0";"0";"100012604";"FOLHA DE PAGAMENTO";"45780103000150";"";"5203";"FUNDO MANUT.DES.ED.BÁSICA E VALOR.PROF.MAG.-FUNDEB";"31901137";"GRATIFICACOES POR TEMPO DE SERVICO";"FOLHA DE PAGAMENTO";"160534.87";"2024";"L";"29/01/2024";"0";"01/01/2024";"31/01/2024";"13"
"UNIDADE DE GESTÃO DE EDUCAÇÃO";"12";"EDUCAÇÃO";"361";"ENSINO FUNDAMENTAL";"2024";"3532";"";"0";"0";"100012604";"FOLHA DE PAGAMENTO";"45780103000150";"";"5203";"FUNDO MANUT.DES.ED.BÁSICA E VALOR.PROF.MAG.-FUNDEB";"31901144";"FÉRIAS - ABONO PECUNIARIO";"FOLHA DE PAGAMENTO";"6088.57";"2024";"L";"29/01/2024";"0";"01/01/2024";"31/01/2024";"13"
"UNIDADE DE GESTÃO DE EDUCAÇÃO";"12";"EDUCAÇÃO";"361";"ENSINO FUNDAMENTAL";"2024";"3533";"";"0";"0";"100012604";"FOLHA DE PAGAMENTO";"45780103000150";"";"5203";"FUNDO MANUT.DES.ED.BÁSICA E VALOR.PROF.MAG.-FUNDEB";"31901145";"FÉRIAS - ABONO CONSTITUICOES";"FOLHA DE PAGAMENTO";"1608.06";"2024";"L";"29/01/2024";"0";"01/01/2024";"31/01/2024";"13"
"UNIDADE DE GESTÃO DE EDUCAÇÃO";"12";"EDUCAÇÃO";"361";"ENSINO FUNDAMENTAL";"2024";"3534";"";"0";"0";"100012604";"FOLHA DE PAGAMENTO";"45780103000150";"";"5203";"FUNDO MANUT.DES.ED.BÁSICA E VALOR.PROF.MAG.-FUNDEB";"31901147";"LICENÇA PRÊMIO";"FOLHA DE PAGAMENTO";"94104.67";"2024";"L";"29/01/2024";"0";"01/01/2024";"31/01/2024";"13"
"UNIDADE DE GESTÃO DE EDUCAÇÃO";"12";"EDUCAÇÃO";"361";"ENSINO FUNDAMENTAL";"2024";"3535";"";"0";"0";"100012604";"FOLHA DE PAGAMENTO";"45780103000150";"";"0";"PROPRIA";"31901632";"SUBSTITUIÇÕES  RPPS";"FOLHA DE PAGAMENTO";"6235.91";"2024";"L";"29/01/2024";"0";"01/01/2024";"31/01/2024";"13"
"UNIDADE DE GESTÃO DE EDUCAÇÃO";"12";"EDUCAÇÃO";"361";"ENSINO FUNDAMENTAL";"2024";"3536";"";"0";"0";"100012604";"FOLHA DE PAGAMENTO";"45780103000150";"";"5203";"FUNDO MANUT.DES.ED.BÁSICA E VALOR.PROF.MAG.-FUNDEB";"31901632";"SUBSTITUIÇÕES  RPPS";"FOLHA DE PAGAMENTO";"13698.83";"2024";"L";"29/01/2024";"0";"01/01/2024";"31/01/2024";"13"
"UNIDADE DE GESTÃO DE EDUCAÇÃO";"12";"EDUCAÇÃO";"361";"ENSINO FUNDAMENTAL";"2024";"3537";"";"0";"0";"100012604";"FOLHA DE PAGAMENTO";"45780103000150";"";"5203";"FUNDO MANUT.DES.ED.BÁSICA E VALOR.PROF.MAG.-FUNDEB";"31901644";"SERVIÇOS EXTRAORDINÁRIOS";"FOLHA DE PAGAMENTO";"201.95";"2024";"L";"29/01/2024";"0";"01/01/2024";"31/01/2024";"13"
"UNIDADE DE GESTÃO DE EDUCAÇÃO";"12";"EDUCAÇÃO";"361";"ENSINO FUNDAMENTAL";"2024";"3538";"";"0";"0";"100004453";"IPREJUN-INST.PREVIDENCIA DO MUN.JUNDIAI";"05507216000161";"";"0";"PROPRIA";"31911308";"CONTRIBUIÇÕES PREVIDENCIÁRIAS - RPPS - PESSOAL ATI";"FOLHA DE PAGAMENTO";"572147.14";"2024";"L";"29/01/2024";"0";"01/01/2024";"31/01/2024";"13"
"UNIDADE DE GESTÃO DE EDUCAÇÃO";"12";"EDUCAÇÃO";"361";"ENSINO FUNDAMENTAL";"2024";"3539";"";"0";"0";"100004453";"IPREJUN-INST.PREVIDENCIA DO MUN.JUNDIAI";"05507216000161";"";"0";"PROPRIA";"31911320";"ALÍQUOTA SUPLEMENTAR DE CONTRIBUIÇÃO PREVIDENCIÁRI";"FOLHA DE PAGAMENTO";"759402.69";"2024";"L";"29/01/2024";"0";"01/01/2024";"31/01/2024";"13"
"UNIDADE DE GESTÃO DE EDUCAÇÃO";"12";"EDUCAÇÃO";"361";"ENSINO FUNDAMENTAL";"2024";"3540";"";"0";"0";"100004453";"IPREJUN-INST.PREVIDENCIA DO MUN.JUNDIAI";"05507216000161";"";"5203";"FUNDO MANUT.DES.ED.BÁSICA E VALOR.PROF.MAG.-FUNDEB";"31911308";"CONTRIBUIÇÕES PREVIDENCIÁRIAS - RPPS - PESSOAL ATI";"FOLHA DE PAGAMENTO";"960770.49";"2024";"L";"29/01/2024";"0";"01/01/2024";"31/01/2024";"13"
"UNIDADE DE GESTÃO DE EDUCAÇÃO";"12";"EDUCAÇÃO";"361";"ENSINO FUNDAMENTAL";"2024";"3541";"";"0";"0";"100004453";"IPREJUN-INST.PREVIDENCIA DO MUN.JUNDIAI";"05507216000161";"";"5203";"FUNDO MANUT.DES.ED.BÁSICA E VALOR.PROF.MAG.-FUNDEB";"31911320";"ALÍQUOTA SUPLEMENTAR DE CONTRIBUIÇÃO PREVIDENCIÁRI";"FOLHA DE PAGAMENTO";"1275217.83";"2024";"L";"29/01/2024";"0";"01/01/2024";"31/01/2024";"13"
"UNIDADE DE GESTÃO DE EDUCAÇÃO";"12";"EDUCAÇÃO";"361";"ENSINO FUNDAMENTAL";"2024";"3542";"";"0";"0";"100012604";"FOLHA DE PAGAMENTO";"45780103000150";"";"0";"PROPRIA";"33904901";"INDENIZACAO AUXILIO TRANSPORTE";"FOLHA DE PAGAMENTO";"440";"2024";"L";"29/01/2024";"0";"01/01/2024";"31/01/2024";"13"
"UNIDADE DE GESTÃO DE EDUCAÇÃO";"12";"EDUCAÇÃO";"361";"ENSINO FUNDAMENTAL";"2024";"3543";"";"0";"0";"100012604";"FOLHA DE PAGAMENTO";"45780103000150";"";"0";"PROPRIA";"33904901";"INDENIZACAO AUXILIO TRANSPORTE";"FOLHA DE PAGAMENTO";"75196";"2024";"L";"29/01/2024";"0";"01/01/2024";"31/01/2024";"13"
"UNIDADE DE GESTÃO DE EDUCAÇÃO";"12";"EDUCAÇÃO";"361";"ENSINO FUNDAMENTAL";"2024";"3544";"";"0";"0";"100012604";"FOLHA DE PAGAMENTO";"45780103000150";"";"5203";"FUNDO MANUT.DES.ED.BÁSICA E VALOR.PROF.MAG.-FUNDEB";"33904901";"INDENIZACAO AUXILIO TRANSPORTE";"FOLHA DE PAGAMENTO";"95590";"2024";"L";"29/01/2024";"0";"01/01/2024";"31/01/2024";"13"
"UNIDADE DE GESTÃO DE EDUCAÇÃO";"12";"EDUCAÇÃO";"365";"EDUCAÇÃO INFANTIL";"2024";"3545";"";"0";"0";"100012604";"FOLHA DE PAGAMENTO";"45780103000150";"";"0";"PROPRIA";"31900411";"SALÁRIOS - CONTRATO TEMPORÁRIO";"FOLHA DE PAGAMENTO";"3750.57";"2024";"L";"29/01/2024";"0";"01/01/2024";"31/01/2024";"13"
"UNIDADE DE GESTÃO DE EDUCAÇÃO";"12";"EDUCAÇÃO";"365";"EDUCAÇÃO INFANTIL";"2024";"3546";"";"0";"0";"4016168";"I.N.S.S -INST.NACIONAL DE SEGURO SOCIAL";"29979036000140";"";"0";"PROPRIA";"31900416";"OBRIGAÇÕES PATRONAIS - INSS - CONTRATO TEMPORÁRIO";"FOLHA DE PAGAMENTO";"1295.68";"2024";"L";"29/01/2024";"0";"01/01/2024";"31/01/2024";"13"
"UNIDADE DE GESTÃO DE EDUCAÇÃO";"12";"EDUCAÇÃO";"365";"EDUCAÇÃO INFANTIL";"2024";"3548";"";"0";"0";"100012604";"FOLHA DE PAGAMENTO";"45780103000150";"";"0";"PROPRIA";"31901101";"VENCIMENTO E SALARIOS";"FOLHA DE PAGAMENTO";"1071796.54";"2024";"L";"29/01/2024";"0";"01/01/2024";"31/01/2024";"13"
"UNIDADE DE GESTÃO DE EDUCAÇÃO";"12";"EDUCAÇÃO";"365";"EDUCAÇÃO INFANTIL";"2024";"3549";"";"0";"0";"100012604";"FOLHA DE PAGAMENTO";"45780103000150";"";"0";"PROPRIA";"31901104";"ADICIONAL NOTURNO";"FOLHA DE PAGAMENTO";"398.97";"2024";"L";"29/01/2024";"0";"01/01/2024";"31/01/2024";"13"
"UNIDADE DE GESTÃO DE EDUCAÇÃO";"12";"EDUCAÇÃO";"365";"EDUCAÇÃO INFANTIL";"2024";"3550";"";"0";"0";"100012604";"FOLHA DE PAGAMENTO";"45780103000150";"";"0";"PROPRIA";"31901107";"ABONO DE PERMANENCIA";"FOLHA DE PAGAMENTO";"8313.23";"2024";"L";"29/01/2024";"0";"01/01/2024";"31/01/2024";"13"
"UNIDADE DE GESTÃO DE EDUCAÇÃO";"12";"EDUCAÇÃO";"365";"EDUCAÇÃO INFANTIL";"2024";"3551";"";"0";"0";"100012604";"FOLHA DE PAGAMENTO";"45780103000150";"";"0";"PROPRIA";"31901131";"GRATIFICACOES POR EXERCICIO DE  CARGO";"FOLHA DE PAGAMENTO";"1856.83";"2024";"L";"29/01/2024";"0";"01/01/2024";"31/01/2024";"13"
"UNIDADE DE GESTÃO DE EDUCAÇÃO";"12";"EDUCAÇÃO";"365";"EDUCAÇÃO INFANTIL";"2024";"3552";"";"0";"0";"100012604";"FOLHA DE PAGAMENTO";"45780103000150";"";"0";"PROPRIA";"31901133";"GRATIFICACOES POR EXERCICIO DE  FUNCOES";"FOLHA DE PAGAMENTO";"125903.55";"2024";"L";"29/01/2024";"0";"01/01/2024";"31/01/2024";"13"
"UNIDADE DE GESTÃO DE EDUCAÇÃO";"12";"EDUCAÇÃO";"365";"EDUCAÇÃO INFANTIL";"2024";"3553";"";"0";"0";"100012604";"FOLHA DE PAGAMENTO";"45780103000150";"";"0";"PROPRIA";"31901137";"GRATIFICACOES POR TEMPO DE SERVICO";"FOLHA DE PAGAMENTO";"92189.74";"2024";"L";"29/01/2024";"0";"01/01/2024";"31/01/2024";"13"
"UNIDADE DE GESTÃO DE EDUCAÇÃO";"12";"EDUCAÇÃO";"365";"EDUCAÇÃO INFANTIL";"2024";"3554";"";"0";"0";"100012604";"FOLHA DE PAGAMENTO";"45780103000150";"";"0";"PROPRIA";"31901144";"FÉRIAS - ABONO PECUNIARIO";"FOLHA DE PAGAMENTO";"1135.61";"2024";"L";"29/01/2024";"0";"01/01/2024";"31/01/2024";"13"
"UNIDADE DE GESTÃO DE EDUCAÇÃO";"12";"EDUCAÇÃO";"365";"EDUCAÇÃO INFANTIL";"2024";"3555";"";"0";"0";"100012604";"FOLHA DE PAGAMENTO";"45780103000150";"";"0";"PROPRIA";"31901145";"FÉRIAS - ABONO CONSTITUICOES";"FOLHA DE PAGAMENTO";"283.9";"2024";"L";"29/01/2024";"0";"01/01/2024";"31/01/2024";"13"
"UNIDADE DE GESTÃO DE EDUCAÇÃO";"12";"EDUCAÇÃO";"365";"EDUCAÇÃO INFANTIL";"2024";"3556";"";"0";"0";"100012604";"FOLHA DE PAGAMENTO";"45780103000150";"";"0";"PROPRIA";"31901147";"LICENÇA PRÊMIO";"FOLHA DE PAGAMENTO";"64932.81";"2024";"L";"29/01/2024";"0";"01/01/2024";"31/01/2024";"13"
"UNIDADE DE GESTÃO DE EDUCAÇÃO";"12";"EDUCAÇÃO";"365";"EDUCAÇÃO INFANTIL";"2024";"3557";"";"0";"0";"100012604";"FOLHA DE PAGAMENTO";"45780103000150";"";"0";"PROPRIA";"31901632";"SUBSTITUIÇÕES  RPPS";"FOLHA DE PAGAMENTO";"2555.09";"2024";"L";"29/01/2024";"0";"01/01/2024";"31/01/2024";"13"
"UNIDADE DE GESTÃO DE EDUCAÇÃO";"12";"EDUCAÇÃO";"365";"EDUCAÇÃO INFANTIL";"2024";"3558";"";"0";"0";"100004453";"IPREJUN-INST.PREVIDENCIA DO MUN.JUNDIAI";"05507216000161";"";"0";"PROPRIA";"31911308";"CONTRIBUIÇÕES PREVIDENCIÁRIAS - RPPS - PESSOAL ATI";"FOLHA DE PAGAMENTO";"359586.21";"2024";"L";"29/01/2024";"0";"01/01/2024";"31/01/2024";"13"
"UNIDADE DE GESTÃO DE EDUCAÇÃO";"12";"EDUCAÇÃO";"365";"EDUCAÇÃO INFANTIL";"2024";"3559";"";"0";"0";"100004453";"IPREJUN-INST.PREVIDENCIA DO MUN.JUNDIAI";"05507216000161";"";"0";"PROPRIA";"31911320";"ALÍQUOTA SUPLEMENTAR DE CONTRIBUIÇÃO PREVIDENCIÁRI";"FOLHA DE PAGAMENTO";"477273.62";"2024";"L";"29/01/2024";"0";"01/01/2024";"31/01/2024";"13"
"UNIDADE DE GESTÃO DE EDUCAÇÃO";"12";"EDUCAÇÃO";"365";"EDUCAÇÃO INFANTIL";"2024";"3560";"";"0";"0";"100012604";"FOLHA DE PAGAMENTO";"45780103000150";"";"0";"PROPRIA";"33904901";"INDENIZACAO AUXILIO TRANSPORTE";"FOLHA DE PAGAMENTO";"440";"2024";"L";"29/01/2024";"0";"01/01/2024";"31/01/2024";"13"
"UNIDADE DE GESTÃO DE EDUCAÇÃO";"12";"EDUCAÇÃO";"365";"EDUCAÇÃO INFANTIL";"2024";"3561";"";"0";"0";"100012604";"FOLHA DE PAGAMENTO";"45780103000150";"";"0";"PROPRIA";"33904901";"INDENIZACAO AUXILIO TRANSPORTE";"FOLHA DE PAGAMENTO";"34254";"2024";"L";"29/01/2024";"0";"01/01/2024";"31/01/2024";"13"
"UNIDADE DE GESTÃO DE EDUCAÇÃO";"12";"EDUCAÇÃO";"365";"EDUCAÇÃO INFANTIL";"2024";"3562";"";"0";"0";"100012604";"FOLHA DE PAGAMENTO";"45780103000150";"";"0";"PROPRIA";"31900411";"SALÁRIOS - CONTRATO TEMPORÁRIO";"FOLHA DE PAGAMENTO";"3173.56";"2024";"L";"29/01/2024";"0";"01/01/2024";"31/01/2024";"13"
"UNIDADE DE GESTÃO DE EDUCAÇÃO";"12";"EDUCAÇÃO";"365";"EDUCAÇÃO INFANTIL";"2024";"3563";"";"0";"0";"4016168";"I.N.S.S -INST.NACIONAL DE SEGURO SOCIAL";"29979036000140";"";"0";"PROPRIA";"31900416";"OBRIGAÇÕES PATRONAIS - INSS - CONTRATO TEMPORÁRIO";"FOLHA DE PAGAMENTO";"1166.11";"2024";"L";"29/01/2024";"0";"01/01/2024";"31/01/2024";"13"
"UNIDADE DE GESTÃO DE EDUCAÇÃO";"12";"EDUCAÇÃO";"365";"EDUCAÇÃO INFANTIL";"2024";"3565";"";"0";"0";"100012604";"FOLHA DE PAGAMENTO";"45780103000150";"";"0";"PROPRIA";"31901101";"VENCIMENTO E SALARIOS";"FOLHA DE PAGAMENTO";"722648.6";"2024";"L";"29/01/2024";"0";"01/01/2024";"31/01/2024";"13"
"UNIDADE DE GESTÃO DE EDUCAÇÃO";"12";"EDUCAÇÃO";"365";"EDUCAÇÃO INFANTIL";"2024";"3566";"";"0";"0";"100012604";"FOLHA DE PAGAMENTO";"45780103000150";"";"0";"PROPRIA";"31901104";"ADICIONAL NOTURNO";"FOLHA DE PAGAMENTO";"596.57";"2024";"L";"29/01/2024";"0";"01/01/2024";"31/01/2024";"13"
"UNIDADE DE GESTÃO DE EDUCAÇÃO";"12";"EDUCAÇÃO";"365";"EDUCAÇÃO INFANTIL";"2024";"3567";"";"0";"0";"100012604";"FOLHA DE PAGAMENTO";"45780103000150";"";"0";"PROPRIA";"31901107";"ABONO DE PERMANENCIA";"FOLHA DE PAGAMENTO";"17073.37";"2024";"L";"29/01/2024";"0";"01/01/2024";"31/01/2024";"13"
"UNIDADE DE GESTÃO DE EDUCAÇÃO";"12";"EDUCAÇÃO";"365";"EDUCAÇÃO INFANTIL";"2024";"3568";"";"0";"0";"100012604";"FOLHA DE PAGAMENTO";"45780103000150";"";"0";"PROPRIA";"31901131";"GRATIFICACOES POR EXERCICIO DE  CARGO";"FOLHA DE PAGAMENTO";"2970.88";"2024";"L";"29/01/2024";"0";"01/01/2024";"31/01/2024";"13"
"UNIDADE DE GESTÃO DE EDUCAÇÃO";"12";"EDUCAÇÃO";"365";"EDUCAÇÃO INFANTIL";"2024";"3569";"";"0";"0";"100012604";"FOLHA DE PAGAMENTO";"45780103000150";"";"0";"PROPRIA";"31901133";"GRATIFICACOES POR EXERCICIO DE  FUNCOES";"FOLHA DE PAGAMENTO";"87197.44";"2024";"L";"29/01/2024";"0";"01/01/2024";"31/01/2024";"13"
"UNIDADE DE GESTÃO DE EDUCAÇÃO";"12";"EDUCAÇÃO";"365";"EDUCAÇÃO INFANTIL";"2024";"3570";"";"0";"0";"100012604";"FOLHA DE PAGAMENTO";"45780103000150";"";"0";"PROPRIA";"31901137";"GRATIFICACOES POR TEMPO DE SERVICO";"FOLHA DE PAGAMENTO";"86095.25";"2024";"L";"29/01/2024";"0";"01/01/2024";"31/01/2024";"13"
"UNIDADE DE GESTÃO DE EDUCAÇÃO";"12";"EDUCAÇÃO";"365";"EDUCAÇÃO INFANTIL";"2024";"3571";"";"0";"0";"100012604";"FOLHA DE PAGAMENTO";"45780103000150";"";"0";"PROPRIA";"31901143";"13 SALARIO";"FOLHA DE PAGAMENTO";"1566.48";"2024";"L";"29/01/2024";"0";"01/01/2024";"31/01/2024";"13"
"UNIDADE DE GESTÃO DE EDUCAÇÃO";"12";"EDUCAÇÃO";"365";"EDUCAÇÃO INFANTIL";"2024";"3572";"";"0";"0";"100012604";"FOLHA DE PAGAMENTO";"45780103000150";"";"0";"PROPRIA";"31901145";"FÉRIAS - ABONO CONSTITUICOES";"FOLHA DE PAGAMENTO";"348.17";"2024";"L";"29/01/2024";"0";"01/01/2024";"31/01/2024";"13"
"UNIDADE DE GESTÃO DE EDUCAÇÃO";"12";"EDUCAÇÃO";"365";"EDUCAÇÃO INFANTIL";"2024";"3573";"";"0";"0";"100012604";"FOLHA DE PAGAMENTO";"45780103000150";"";"5203";"FUNDO MANUT.DES.ED.BÁSICA E VALOR.PROF.MAG.-FUNDEB";"31901101";"VENCIMENTO E SALARIOS";"FOLHA DE PAGAMENTO";"1424594.31";"2024";"L";"29/01/2024";"0";"01/01/2024";"31/01/2024";"13"
"UNIDADE DE GESTÃO DE EDUCAÇÃO";"12";"EDUCAÇÃO";"365";"EDUCAÇÃO INFANTIL";"2024";"3574";"";"0";"0";"100012604";"FOLHA DE PAGAMENTO";"45780103000150";"";"5203";"FUNDO MANUT.DES.ED.BÁSICA E VALOR.PROF.MAG.-FUNDEB";"31901104";"ADICIONAL NOTURNO";"FOLHA DE PAGAMENTO";"6.6";"2024";"L";"29/01/2024";"0";"01/01/2024";"31/01/2024";"13"
"UNIDADE DE GESTÃO DE EDUCAÇÃO";"12";"EDUCAÇÃO";"365";"EDUCAÇÃO INFANTIL";"2024";"3575";"";"0";"0";"100012604";"FOLHA DE PAGAMENTO";"45780103000150";"";"5203";"FUNDO MANUT.DES.ED.BÁSICA E VALOR.PROF.MAG.-FUNDEB";"31901107";"ABONO DE PERMANENCIA";"FOLHA DE PAGAMENTO";"1823.22";"2024";"L";"29/01/2024";"0";"01/01/2024";"31/01/2024";"13"
"UNIDADE DE GESTÃO DE EDUCAÇÃO";"12";"EDUCAÇÃO";"365";"EDUCAÇÃO INFANTIL";"2024";"3576";"";"0";"0";"100012604";"FOLHA DE PAGAMENTO";"45780103000150";"";"5203";"FUNDO MANUT.DES.ED.BÁSICA E VALOR.PROF.MAG.-FUNDEB";"31901133";"GRATIFICACOES POR EXERCICIO DE  FUNCOES";"FOLHA DE PAGAMENTO";"86805.5";"2024";"L";"29/01/2024";"0";"01/01/2024";"31/01/2024";"13"
"UNIDADE DE GESTÃO DE EDUCAÇÃO";"12";"EDUCAÇÃO";"365";"EDUCAÇÃO INFANTIL";"2024";"3577";"";"0";"0";"100012604";"FOLHA DE PAGAMENTO";"45780103000150";"";"5203";"FUNDO MANUT.DES.ED.BÁSICA E VALOR.PROF.MAG.-FUNDEB";"31901137";"GRATIFICACOES POR TEMPO DE SERVICO";"FOLHA DE PAGAMENTO";"78218.57";"2024";"L";"29/01/2024";"0";"01/01/2024";"31/01/2024";"13"
"UNIDADE DE GESTÃO DE EDUCAÇÃO";"12";"EDUCAÇÃO";"365";"EDUCAÇÃO INFANTIL";"2024";"3578";"";"0";"0";"100012604";"FOLHA DE PAGAMENTO";"45780103000150";"";"5203";"FUNDO MANUT.DES.ED.BÁSICA E VALOR.PROF.MAG.-FUNDEB";"31901144";"FÉRIAS - ABONO PECUNIARIO";"FOLHA DE PAGAMENTO";"2485.56";"2024";"L";"29/01/2024";"0";"01/01/2024";"31/01/2024";"13"
"UNIDADE DE GESTÃO DE EDUCAÇÃO";"12";"EDUCAÇÃO";"365";"EDUCAÇÃO INFANTIL";"2024";"3579";"";"0";"0";"100012604";"FOLHA DE PAGAMENTO";"45780103000150";"";"5203";"FUNDO MANUT.DES.ED.BÁSICA E VALOR.PROF.MAG.-FUNDEB";"31901145";"FÉRIAS - ABONO CONSTITUICOES";"FOLHA DE PAGAMENTO";"1473.59";"2024";"L";"29/01/2024";"0";"01/01/2024";"31/01/2024";"13"
"UNIDADE DE GESTÃO DE EDUCAÇÃO";"12";"EDUCAÇÃO";"365";"EDUCAÇÃO INFANTIL";"2024";"3580";"";"0";"0";"100012604";"FOLHA DE PAGAMENTO";"45780103000150";"";"5203";"FUNDO MANUT.DES.ED.BÁSICA E VALOR.PROF.MAG.-FUNDEB";"31901147";"LICENÇA PRÊMIO";"FOLHA DE PAGAMENTO";"59546.55";"2024";"L";"29/01/2024";"0";"01/01/2024";"31/01/2024";"13"
"UNIDADE DE GESTÃO DE EDUCAÇÃO";"12";"EDUCAÇÃO";"365";"EDUCAÇÃO INFANTIL";"2024";"3581";"";"0";"0";"100012604";"FOLHA DE PAGAMENTO";"45780103000150";"";"5203";"FUNDO MANUT.DES.ED.BÁSICA E VALOR.PROF.MAG.-FUNDEB";"31901632";"SUBSTITUIÇÕES  RPPS";"FOLHA DE PAGAMENTO";"9427.37";"2024";"L";"29/01/2024";"0";"01/01/2024";"31/01/2024";"13"
"UNIDADE DE GESTÃO DE EDUCAÇÃO";"12";"EDUCAÇÃO";"365";"EDUCAÇÃO INFANTIL";"2024";"3582";"";"0";"0";"100004453";"IPREJUN-INST.PREVIDENCIA DO MUN.JUNDIAI";"05507216000161";"";"0";"PROPRIA";"31911308";"CONTRIBUIÇÕES PREVIDENCIÁRIAS - RPPS - PESSOAL ATI";"FOLHA DE PAGAMENTO";"243481.6";"2024";"L";"29/01/2024";"0";"01/01/2024";"31/01/2024";"13"
"UNIDADE DE GESTÃO DE EDUCAÇÃO";"12";"EDUCAÇÃO";"365";"EDUCAÇÃO INFANTIL";"2024";"3583";"";"0";"0";"100004453";"IPREJUN-INST.PREVIDENCIA DO MUN.JUNDIAI";"05507216000161";"";"0";"PROPRIA";"31911320";"ALÍQUOTA SUPLEMENTAR DE CONTRIBUIÇÃO PREVIDENCIÁRI";"FOLHA DE PAGAMENTO";"323169.59";"2024";"L";"29/01/2024";"0";"01/01/2024";"31/01/2024";"13"
"UNIDADE DE GESTÃO DE EDUCAÇÃO";"12";"EDUCAÇÃO";"365";"EDUCAÇÃO INFANTIL";"2024";"3584";"";"0";"0";"100004453";"IPREJUN-INST.PREVIDENCIA DO MUN.JUNDIAI";"05507216000161";"";"5203";"FUNDO MANUT.DES.ED.BÁSICA E VALOR.PROF.MAG.-FUNDEB";"31911308";"CONTRIBUIÇÕES PREVIDENCIÁRIAS - RPPS - PESSOAL ATI";"FOLHA DE PAGAMENTO";"453973.72";"2024";"L";"29/01/2024";"0";"01/01/2024";"31/01/2024";"13"
"UNIDADE DE GESTÃO DE EDUCAÇÃO";"12";"EDUCAÇÃO";"365";"EDUCAÇÃO INFANTIL";"2024";"3585";"";"0";"0";"100004453";"IPREJUN-INST.PREVIDENCIA DO MUN.JUNDIAI";"05507216000161";"";"5203";"FUNDO MANUT.DES.ED.BÁSICA E VALOR.PROF.MAG.-FUNDEB";"31911320";"ALÍQUOTA SUPLEMENTAR DE CONTRIBUIÇÃO PREVIDENCIÁRI";"FOLHA DE PAGAMENTO";"602553.22";"2024";"L";"29/01/2024";"0";"01/01/2024";"31/01/2024";"13"
"UNIDADE DE GESTÃO DE EDUCAÇÃO";"12";"EDUCAÇÃO";"365";"EDUCAÇÃO INFANTIL";"2024";"3586";"";"0";"0";"100012604";"FOLHA DE PAGAMENTO";"45780103000150";"";"0";"PROPRIA";"33904901";"INDENIZACAO AUXILIO TRANSPORTE";"FOLHA DE PAGAMENTO";"352";"2024";"L";"29/01/2024";"0";"01/01/2024";"31/01/2024";"13"
"UNIDADE DE GESTÃO DE EDUCAÇÃO";"12";"EDUCAÇÃO";"365";"EDUCAÇÃO INFANTIL";"2024";"3587";"";"0";"0";"100012604";"FOLHA DE PAGAMENTO";"45780103000150";"";"0";"PROPRIA";"33904901";"INDENIZACAO AUXILIO TRANSPORTE";"FOLHA DE PAGAMENTO";"23298";"2024";"L";"29/01/2024";"0";"01/01/2024";"31/01/2024";"13"
"UNIDADE DE GESTÃO DE EDUCAÇÃO";"12";"EDUCAÇÃO";"365";"EDUCAÇÃO INFANTIL";"2024";"3588";"";"0";"0";"100012604";"FOLHA DE PAGAMENTO";"45780103000150";"";"5203";"FUNDO MANUT.DES.ED.BÁSICA E VALOR.PROF.MAG.-FUNDEB";"33904901";"INDENIZACAO AUXILIO TRANSPORTE";"FOLHA DE PAGAMENTO";"45430";"2024";"L";"29/01/2024";"0";"01/01/2024";"31/01/2024";"13"
"UNIDADE DE GESTÃO DE EDUCAÇÃO";"12";"EDUCAÇÃO";"361";"ENSINO FUNDAMENTAL";"2024";"3590";"";"0";"0";"100012604";"FOLHA DE PAGAMENTO";"45780103000150";"";"0";"PROPRIA";"31901101";"VENCIMENTO E SALARIOS";"FOLHA DE PAGAMENTO";"72279.62";"2024";"L";"29/01/2024";"0";"01/01/2024";"31/01/2024";"13"
"UNIDADE DE GESTÃO DE EDUCAÇÃO";"12";"EDUCAÇÃO";"361";"ENSINO FUNDAMENTAL";"2024";"3591";"";"0";"0";"100012604";"FOLHA DE PAGAMENTO";"45780103000150";"";"0";"PROPRIA";"31901101";"VENCIMENTO E SALARIOS";"FOLHA DE PAGAMENTO";"425107.28";"2024";"L";"29/01/2024";"0";"01/01/2024";"31/01/2024";"13"
"UNIDADE DE GESTÃO DE EDUCAÇÃO";"12";"EDUCAÇÃO";"361";"ENSINO FUNDAMENTAL";"2024";"3592";"";"0";"0";"100012604";"FOLHA DE PAGAMENTO";"45780103000150";"";"0";"PROPRIA";"31901101";"VENCIMENTO E SALARIOS";"FOLHA DE PAGAMENTO";"13410.22";"2024";"L";"29/01/2024";"0";"01/01/2024";"31/01/2024";"13"
"UNIDADE DE GESTÃO DE EDUCAÇÃO";"12";"EDUCAÇÃO";"361";"ENSINO FUNDAMENTAL";"2024";"3593";"";"0";"0";"100012604";"FOLHA DE PAGAMENTO";"45780103000150";"";"0";"PROPRIA";"31901104";"ADICIONAL NOTURNO";"FOLHA DE PAGAMENTO";"167.17";"2024";"L";"29/01/2024";"0";"01/01/2024";"31/01/2024";"13"
"UNIDADE DE GESTÃO DE EDUCAÇÃO";"12";"EDUCAÇÃO";"361";"ENSINO FUNDAMENTAL";"2024";"3594";"";"0";"0";"100012604";"FOLHA DE PAGAMENTO";"45780103000150";"";"0";"PROPRIA";"31901105";"INCORPORADOS";"FOLHA DE PAGAMENTO";"1173";"2024";"L";"29/01/2024";"0";"01/01/2024";"31/01/2024";"13"
"UNIDADE DE GESTÃO DE EDUCAÇÃO";"12";"EDUCAÇÃO";"361";"ENSINO FUNDAMENTAL";"2024";"3595";"";"0";"0";"100012604";"FOLHA DE PAGAMENTO";"45780103000150";"";"0";"PROPRIA";"31901107";"ABONO DE PERMANENCIA";"FOLHA DE PAGAMENTO";"2412.92";"2024";"L";"29/01/2024";"0";"01/01/2024";"31/01/2024";"13"
"UNIDADE DE GESTÃO DE EDUCAÇÃO";"12";"EDUCAÇÃO";"361";"ENSINO FUNDAMENTAL";"2024";"3596";"";"0";"0";"100012604";"FOLHA DE PAGAMENTO";"45780103000150";"";"0";"PROPRIA";"31901109";"ADICIONAL DE PERICULOSIDADE";"FOLHA DE PAGAMENTO";"4244.45";"2024";"L";"29/01/2024";"0";"01/01/2024";"31/01/2024";"13"
"UNIDADE DE GESTÃO DE EDUCAÇÃO";"12";"EDUCAÇÃO";"361";"ENSINO FUNDAMENTAL";"2024";"3597";"";"0";"0";"100012604";"FOLHA DE PAGAMENTO";"45780103000150";"";"0";"PROPRIA";"31901133";"GRATIFICACOES POR EXERCICIO DE  FUNCOES";"FOLHA DE PAGAMENTO";"25872.92";"2024";"L";"29/01/2024";"0";"01/01/2024";"31/01/2024";"13"
"UNIDADE DE GESTÃO DE EDUCAÇÃO";"12";"EDUCAÇÃO";"361";"ENSINO FUNDAMENTAL";"2024";"3598";"";"0";"0";"100012604";"FOLHA DE PAGAMENTO";"45780103000150";"";"0";"PROPRIA";"31901137";"GRATIFICACOES POR TEMPO DE SERVICO";"FOLHA DE PAGAMENTO";"5096.19";"2024";"L";"29/01/2024";"0";"01/01/2024";"31/01/2024";"13"
"UNIDADE DE GESTÃO DE EDUCAÇÃO";"12";"EDUCAÇÃO";"361";"ENSINO FUNDAMENTAL";"2024";"3599";"";"0";"0";"100012604";"FOLHA DE PAGAMENTO";"45780103000150";"";"0";"PROPRIA";"31901137";"GRATIFICACOES POR TEMPO DE SERVICO";"FOLHA DE PAGAMENTO";"31351.39";"2024";"L";"29/01/2024";"0";"01/01/2024";"31/01/2024";"13"
"UNIDADE DE GESTÃO DE EDUCAÇÃO";"12";"EDUCAÇÃO";"361";"ENSINO FUNDAMENTAL";"2024";"3600";"";"0";"0";"100012604";"FOLHA DE PAGAMENTO";"45780103000150";"";"0";"PROPRIA";"31901147";"LICENÇA PRÊMIO";"FOLHA DE PAGAMENTO";"21025.33";"2024";"L";"29/01/2024";"0";"01/01/2024";"31/01/2024";"13"
"UNIDADE DE GESTÃO DE EDUCAÇÃO";"12";"EDUCAÇÃO";"361";"ENSINO FUNDAMENTAL";"2024";"3601";"";"0";"0";"100012604";"FOLHA DE PAGAMENTO";"45780103000150";"";"0";"PROPRIA";"31901175";"SUBSÍDIOS - AGENTES POLÍTICOS";"FOLHA DE PAGAMENTO";"14223.66";"2024";"L";"29/01/2024";"0";"01/01/2024";"31/01/2024";"13"
"UNIDADE DE GESTÃO DE EDUCAÇÃO";"12";"EDUCAÇÃO";"361";"ENSINO FUNDAMENTAL";"2024";"3602";"";"0";"0";"4000055";"FUNDO DE GARANTIA POR TEMPO DE SERVICO";"00360305000104";"";"0";"PROPRIA";"31901301";"FGTS";"FOLHA DE PAGAMENTO";"2636.66";"2024";"L";"29/01/2024";"0";"01/01/2024";"31/01/2024";"13"
"UNIDADE DE GESTÃO DE EDUCAÇÃO";"12";"EDUCAÇÃO";"361";"ENSINO FUNDAMENTAL";"2024";"3603";"";"0";"0";"4016168";"I.N.S.S -INST.NACIONAL DE SEGURO SOCIAL";"29979036000140";"";"0";"PROPRIA";"31901302";"CONTRIBUICOES PREVIDENCIARIAS - INSS";"FOLHA DE PAGAMENTO";"4818.35";"2024";"L";"29/01/2024";"0";"01/01/2024";"31/01/2024";"13"
"UNIDADE DE GESTÃO DE EDUCAÇÃO";"12";"EDUCAÇÃO";"361";"ENSINO FUNDAMENTAL";"2024";"3604";"";"0";"0";"4016168";"I.N.S.S -INST.NACIONAL DE SEGURO SOCIAL";"29979036000140";"";"0";"PROPRIA";"31901302";"CONTRIBUICOES PREVIDENCIARIAS - INSS";"FOLHA DE PAGAMENTO";"7400.82";"2024";"L";"29/01/2024";"0";"01/01/2024";"31/01/2024";"13"
"UNIDADE DE GESTÃO DE EDUCAÇÃO";"12";"EDUCAÇÃO";"361";"ENSINO FUNDAMENTAL";"2024";"3605";"";"0";"0";"4016168";"I.N.S.S -INST.NACIONAL DE SEGURO SOCIAL";"29979036000140";"";"0";"PROPRIA";"31901302";"CONTRIBUICOES PREVIDENCIARIAS - INSS";"FOLHA DE PAGAMENTO";"29523.99";"2024";"L";"29/01/2024";"0";"01/01/2024";"31/01/2024";"13"
"UNIDADE DE GESTÃO DE EDUCAÇÃO";"12";"EDUCAÇÃO";"361";"ENSINO FUNDAMENTAL";"2024";"3606";"";"0";"0";"100012604";"FOLHA DE PAGAMENTO";"45780103000150";"";"0";"PROPRIA";"31901632";"SUBSTITUIÇÕES  RPPS";"FOLHA DE PAGAMENTO";"5536.93";"2024";"L";"29/01/2024";"0";"01/01/2024";"31/01/2024";"13"
"UNIDADE DE GESTÃO DE EDUCAÇÃO";"12";"EDUCAÇÃO";"361";"ENSINO FUNDAMENTAL";"2024";"3607";"";"0";"0";"100012604";"FOLHA DE PAGAMENTO";"45780103000150";"";"0";"PROPRIA";"31901632";"SUBSTITUIÇÕES  RPPS";"FOLHA DE PAGAMENTO";"109.21";"2024";"L";"29/01/2024";"0";"01/01/2024";"31/01/2024";"13"
"UNIDADE DE GESTÃO DE EDUCAÇÃO";"12";"EDUCAÇÃO";"361";"ENSINO FUNDAMENTAL";"2024";"3608";"";"0";"0";"100004453";"IPREJUN-INST.PREVIDENCIA DO MUN.JUNDIAI";"05507216000161";"";"0";"PROPRIA";"31911308";"CONTRIBUIÇÕES PREVIDENCIÁRIAS - RPPS - PESSOAL ATI";"FOLHA DE PAGAMENTO";"116707.92";"2024";"L";"29/01/2024";"0";"01/01/2024";"31/01/2024";"13"
"UNIDADE DE GESTÃO DE EDUCAÇÃO";"12";"EDUCAÇÃO";"361";"ENSINO FUNDAMENTAL";"2024";"3609";"";"0";"0";"100004453";"IPREJUN-INST.PREVIDENCIA DO MUN.JUNDIAI";"05507216000161";"";"0";"PROPRIA";"31911320";"ALÍQUOTA SUPLEMENTAR DE CONTRIBUIÇÃO PREVIDENCIÁRI";"FOLHA DE PAGAMENTO";"154905.04";"2024";"L";"29/01/2024";"0";"01/01/2024";"31/01/2024";"13"
"UNIDADE DE GESTÃO DE EDUCAÇÃO";"12";"EDUCAÇÃO";"361";"ENSINO FUNDAMENTAL";"2024";"3610";"";"0";"0";"100012604";"FOLHA DE PAGAMENTO";"45780103000150";"";"0";"PROPRIA";"33904901";"INDENIZACAO AUXILIO TRANSPORTE";"FOLHA DE PAGAMENTO";"4246";"2024";"L";"29/01/2024";"0";"01/01/2024";"31/01/2024";"13"
"UNIDADE DE GESTÃO DE EDUCAÇÃO";"12";"EDUCAÇÃO";"361";"ENSINO FUNDAMENTAL";"2024";"3611";"";"0";"0";"100012604";"FOLHA DE PAGAMENTO";"45780103000150";"";"0";"PROPRIA";"33904901";"INDENIZACAO AUXILIO TRANSPORTE";"FOLHA DE PAGAMENTO";"42966";"2024";"L";"29/01/2024";"0";"01/01/2024";"31/01/2024";"13"
"UNIDADE DE GESTÃO DE EDUCAÇÃO";"12";"EDUCAÇÃO";"361";"ENSINO FUNDAMENTAL";"2024";"3612";"";"0";"0";"100012604";"FOLHA DE PAGAMENTO";"45780103000150";"";"0";"PROPRIA";"33904901";"INDENIZACAO AUXILIO TRANSPORTE";"FOLHA DE PAGAMENTO";"902";"2024";"L";"29/01/2024";"0";"01/01/2024";"31/01/2024";"13"
"UNIDADE DE GESTÃO DE EDUCAÇÃO";"12";"EDUCAÇÃO";"366";"EDUCAÇÃO DE JOVENS E ADULTOS";"2024";"3613";"";"0";"0";"100012604";"FOLHA DE PAGAMENTO";"45780103000150";"";"0";"PROPRIA";"31901101";"VENCIMENTO E SALARIOS";"FOLHA DE PAGAMENTO";"91911.41";"2024";"L";"29/01/2024";"0";"01/01/2024";"31/01/2024";"13"
"UNIDADE DE GESTÃO DE EDUCAÇÃO";"12";"EDUCAÇÃO";"366";"EDUCAÇÃO DE JOVENS E ADULTOS";"2024";"3614";"";"0";"0";"100012604";"FOLHA DE PAGAMENTO";"45780103000150";"";"0";"PROPRIA";"31901104";"ADICIONAL NOTURNO";"FOLHA DE PAGAMENTO";"5175.16";"2024";"L";"29/01/2024";"0";"01/01/2024";"31/01/2024";"13"
"UNIDADE DE GESTÃO DE EDUCAÇÃO";"12";"EDUCAÇÃO";"366";"EDUCAÇÃO DE JOVENS E ADULTOS";"2024";"3615";"";"0";"0";"100012604";"FOLHA DE PAGAMENTO";"45780103000150";"";"0";"PROPRIA";"31901133";"GRATIFICACOES POR EXERCICIO DE  FUNCOES";"FOLHA DE PAGAMENTO";"9786.49";"2024";"L";"29/01/2024";"0";"01/01/2024";"31/01/2024";"13"
"UNIDADE DE GESTÃO DE EDUCAÇÃO";"12";"EDUCAÇÃO";"366";"EDUCAÇÃO DE JOVENS E ADULTOS";"2024";"3616";"";"0";"0";"100012604";"FOLHA DE PAGAMENTO";"45780103000150";"";"0";"PROPRIA";"31901137";"GRATIFICACOES POR TEMPO DE SERVICO";"FOLHA DE PAGAMENTO";"9122.83";"2024";"L";"29/01/2024";"0";"01/01/2024";"31/01/2024";"13"
"UNIDADE DE GESTÃO DE EDUCAÇÃO";"12";"EDUCAÇÃO";"366";"EDUCAÇÃO DE JOVENS E ADULTOS";"2024";"3617";"";"0";"0";"100004453";"IPREJUN-INST.PREVIDENCIA DO MUN.JUNDIAI";"05507216000161";"";"0";"PROPRIA";"31911308";"CONTRIBUIÇÕES PREVIDENCIÁRIAS - RPPS - PESSOAL ATI";"FOLHA DE PAGAMENTO";"33222.21";"2024";"L";"29/01/2024";"0";"01/01/2024";"31/01/2024";"13"
"UNIDADE DE GESTÃO DE EDUCAÇÃO";"12";"EDUCAÇÃO";"366";"EDUCAÇÃO DE JOVENS E ADULTOS";"2024";"3618";"";"0";"0";"100004453";"IPREJUN-INST.PREVIDENCIA DO MUN.JUNDIAI";"05507216000161";"";"0";"PROPRIA";"31911320";"ALÍQUOTA SUPLEMENTAR DE CONTRIBUIÇÃO PREVIDENCIÁRI";"FOLHA DE PAGAMENTO";"44095.38";"2024";"L";"29/01/2024";"0";"01/01/2024";"31/01/2024";"13"
"UNIDADE DE GESTÃO DE EDUCAÇÃO";"12";"EDUCAÇÃO";"366";"EDUCAÇÃO DE JOVENS E ADULTOS";"2024";"3619";"";"0";"0";"100012604";"FOLHA DE PAGAMENTO";"45780103000150";"";"0";"PROPRIA";"33904901";"INDENIZACAO AUXILIO TRANSPORTE";"FOLHA DE PAGAMENTO";"2728";"2024";"L";"29/01/2024";"0";"01/01/2024";"31/01/2024";"13"
"UNIDADE DE GESTÃO DE EDUCAÇÃO";"12";"EDUCAÇÃO";"365";"EDUCAÇÃO INFANTIL";"2024";"3620";"";"0";"0";"100012604";"FOLHA DE PAGAMENTO";"45780103000150";"";"0";"PROPRIA";"31901101";"VENCIMENTO E SALARIOS";"FOLHA DE PAGAMENTO";"1562431.36";"2024";"L";"29/01/2024";"0";"01/01/2024";"31/01/2024";"13"
"UNIDADE DE GESTÃO DE EDUCAÇÃO";"12";"EDUCAÇÃO";"365";"EDUCAÇÃO INFANTIL";"2024";"3621";"";"0";"0";"100012604";"FOLHA DE PAGAMENTO";"45780103000150";"";"0";"PROPRIA";"31901107";"ABONO DE PERMANENCIA";"FOLHA DE PAGAMENTO";"1999.74";"2024";"L";"29/01/2024";"0";"01/01/2024";"31/01/2024";"13"
"UNIDADE DE GESTÃO DE EDUCAÇÃO";"12";"EDUCAÇÃO";"365";"EDUCAÇÃO INFANTIL";"2024";"3622";"";"0";"0";"100012604";"FOLHA DE PAGAMENTO";"45780103000150";"";"0";"PROPRIA";"31901133";"GRATIFICACOES POR EXERCICIO DE  FUNCOES";"FOLHA DE PAGAMENTO";"424.67";"2024";"L";"29/01/2024";"0";"01/01/2024";"31/01/2024";"13"
"UNIDADE DE GESTÃO DE EDUCAÇÃO";"12";"EDUCAÇÃO";"365";"EDUCAÇÃO INFANTIL";"2024";"3623";"";"0";"0";"100012604";"FOLHA DE PAGAMENTO";"45780103000150";"";"0";"PROPRIA";"31901137";"GRATIFICACOES POR TEMPO DE SERVICO";"FOLHA DE PAGAMENTO";"81091.15";"2024";"L";"29/01/2024";"0";"01/01/2024";"31/01/2024";"13"
"UNIDADE DE GESTÃO DE EDUCAÇÃO";"12";"EDUCAÇÃO";"365";"EDUCAÇÃO INFANTIL";"2024";"3624";"";"0";"0";"100012604";"FOLHA DE PAGAMENTO";"45780103000150";"";"0";"PROPRIA";"31901147";"LICENÇA PRÊMIO";"FOLHA DE PAGAMENTO";"43215.18";"2024";"L";"29/01/2024";"0";"01/01/2024";"31/01/2024";"13"
"UNIDADE DE GESTÃO DE EDUCAÇÃO";"12";"EDUCAÇÃO";"365";"EDUCAÇÃO INFANTIL";"2024";"3625";"";"0";"0";"100004453";"IPREJUN-INST.PREVIDENCIA DO MUN.JUNDIAI";"05507216000161";"";"0";"PROPRIA";"31911308";"CONTRIBUIÇÕES PREVIDENCIÁRIAS - RPPS - PESSOAL ATI";"FOLHA DE PAGAMENTO";"445940.69";"2024";"L";"29/01/2024";"0";"01/01/2024";"31/01/2024";"13"
"UNIDADE DE GESTÃO DE EDUCAÇÃO";"12";"EDUCAÇÃO";"365";"EDUCAÇÃO INFANTIL";"2024";"3626";"";"0";"0";"100004453";"IPREJUN-INST.PREVIDENCIA DO MUN.JUNDIAI";"05507216000161";"";"0";"PROPRIA";"31911320";"ALÍQUOTA SUPLEMENTAR DE CONTRIBUIÇÃO PREVIDENCIÁRI";"FOLHA DE PAGAMENTO";"591891";"2024";"L";"29/01/2024";"0";"01/01/2024";"31/01/2024";"13"
"UNIDADE DE GESTÃO DE EDUCAÇÃO";"12";"EDUCAÇÃO";"365";"EDUCAÇÃO INFANTIL";"2024";"3627";"";"0";"0";"100012604";"FOLHA DE PAGAMENTO";"45780103000150";"";"0";"PROPRIA";"33904901";"INDENIZACAO AUXILIO TRANSPORTE";"FOLHA DE PAGAMENTO";"99462";"2024";"L";"29/01/2024";"0";"01/01/2024";"31/01/2024";"13"
"UNIDADE DE GESTÃO DE EDUCAÇÃO";"12";"EDUCAÇÃO";"365";"EDUCAÇÃO INFANTIL";"2024";"3628";"";"0";"0";"100012604";"FOLHA DE PAGAMENTO";"45780103000150";"";"0";"PROPRIA";"31901101";"VENCIMENTO E SALARIOS";"FOLHA DE PAGAMENTO";"209264.91";"2024";"L";"29/01/2024";"0";"01/01/2024";"31/01/2024";"13"
"UNIDADE DE GESTÃO DE EDUCAÇÃO";"12";"EDUCAÇÃO";"365";"EDUCAÇÃO INFANTIL";"2024";"3629";"";"0";"0";"100012604";"FOLHA DE PAGAMENTO";"45780103000150";"";"0";"PROPRIA";"31901104";"ADICIONAL NOTURNO";"FOLHA DE PAGAMENTO";"50.84";"2024";"L";"29/01/2024";"0";"01/01/2024";"31/01/2024";"13"
"UNIDADE DE GESTÃO DE EDUCAÇÃO";"12";"EDUCAÇÃO";"365";"EDUCAÇÃO INFANTIL";"2024";"3630";"";"0";"0";"100012604";"FOLHA DE PAGAMENTO";"45780103000150";"";"0";"PROPRIA";"31901107";"ABONO DE PERMANENCIA";"FOLHA DE PAGAMENTO";"2162.56";"2024";"L";"29/01/2024";"0";"01/01/2024";"31/01/2024";"13"
"UNIDADE DE GESTÃO DE EDUCAÇÃO";"12";"EDUCAÇÃO";"365";"EDUCAÇÃO INFANTIL";"2024";"3631";"";"0";"0";"100012604";"FOLHA DE PAGAMENTO";"45780103000150";"";"0";"PROPRIA";"31901137";"GRATIFICACOES POR TEMPO DE SERVICO";"FOLHA DE PAGAMENTO";"14874.13";"2024";"L";"29/01/2024";"0";"01/01/2024";"31/01/2024";"13"
"UNIDADE DE GESTÃO DE EDUCAÇÃO";"12";"EDUCAÇÃO";"365";"EDUCAÇÃO INFANTIL";"2024";"3632";"";"0";"0";"100004453";"IPREJUN-INST.PREVIDENCIA DO MUN.JUNDIAI";"05507216000161";"";"0";"PROPRIA";"31911308";"CONTRIBUIÇÕES PREVIDENCIÁRIAS - RPPS - PESSOAL ATI";"FOLHA DE PAGAMENTO";"63157.41";"2024";"L";"29/01/2024";"0";"01/01/2024";"31/01/2024";"13"
"UNIDADE DE GESTÃO DE EDUCAÇÃO";"12";"EDUCAÇÃO";"365";"EDUCAÇÃO INFANTIL";"2024";"3633";"";"0";"0";"100004453";"IPREJUN-INST.PREVIDENCIA DO MUN.JUNDIAI";"05507216000161";"";"0";"PROPRIA";"31911320";"ALÍQUOTA SUPLEMENTAR DE CONTRIBUIÇÃO PREVIDENCIÁRI";"FOLHA DE PAGAMENTO";"83828";"2024";"L";"29/01/2024";"0";"01/01/2024";"31/01/2024";"13"
"UNIDADE DE GESTÃO DE EDUCAÇÃO";"12";"EDUCAÇÃO";"365";"EDUCAÇÃO INFANTIL";"2024";"3634";"";"0";"0";"100012604";"FOLHA DE PAGAMENTO";"45780103000150";"";"0";"PROPRIA";"33904901";"INDENIZACAO AUXILIO TRANSPORTE";"FOLHA DE PAGAMENTO";"11946";"2024";"L";"29/01/2024";"0";"01/01/2024";"31/01/2024";"13"
"UNIDADE DE GESTÃO DE EDUCAÇÃO";"12";"EDUCAÇÃO";"361";"ENSINO FUNDAMENTAL";"2024";"3635";"";"0";"0";"100012604";"FOLHA DE PAGAMENTO";"45780103000150";"";"0";"PROPRIA";"31901101";"VENCIMENTO E SALARIOS";"FOLHA DE PAGAMENTO";"11763.03";"2024";"L";"29/01/2024";"0";"01/01/2024";"31/01/2024";"13"
"UNIDADE DE GESTÃO DE EDUCAÇÃO";"12";"EDUCAÇÃO";"361";"ENSINO FUNDAMENTAL";"2024";"3636";"";"0";"0";"100012604";"FOLHA DE PAGAMENTO";"45780103000150";"";"0";"PROPRIA";"31901107";"ABONO DE PERMANENCIA";"FOLHA DE PAGAMENTO";"622.8";"2024";"L";"29/01/2024";"0";"01/01/2024";"31/01/2024";"13"
"UNIDADE DE GESTÃO DE EDUCAÇÃO";"12";"EDUCAÇÃO";"361";"ENSINO FUNDAMENTAL";"2024";"3637";"";"0";"0";"100012604";"FOLHA DE PAGAMENTO";"45780103000150";"";"0";"PROPRIA";"31901133";"GRATIFICACOES POR EXERCICIO DE  FUNCOES";"FOLHA DE PAGAMENTO";"871.74";"2024";"L";"29/01/2024";"0";"01/01/2024";"31/01/2024";"13"
"UNIDADE DE GESTÃO DE EDUCAÇÃO";"12";"EDUCAÇÃO";"361";"ENSINO FUNDAMENTAL";"2024";"3638";"";"0";"0";"100012604";"FOLHA DE PAGAMENTO";"45780103000150";"";"0";"PROPRIA";"31901137";"GRATIFICACOES POR TEMPO DE SERVICO";"FOLHA DE PAGAMENTO";"617.27";"2024";"L";"29/01/2024";"0";"01/01/2024";"31/01/2024";"13"
"UNIDADE DE GESTÃO DE EDUCAÇÃO";"12";"EDUCAÇÃO";"361";"ENSINO FUNDAMENTAL";"2024";"3639";"";"0";"0";"100004453";"IPREJUN-INST.PREVIDENCIA DO MUN.JUNDIAI";"05507216000161";"";"0";"PROPRIA";"31911308";"CONTRIBUIÇÕES PREVIDENCIÁRIAS - RPPS - PESSOAL ATI";"FOLHA DE PAGAMENTO";"3168.83";"2024";"L";"29/01/2024";"0";"01/01/2024";"31/01/2024";"13"
"UNIDADE DE GESTÃO DE EDUCAÇÃO";"12";"EDUCAÇÃO";"361";"ENSINO FUNDAMENTAL";"2024";"3640";"";"0";"0";"100004453";"IPREJUN-INST.PREVIDENCIA DO MUN.JUNDIAI";"05507216000161";"";"0";"PROPRIA";"31911320";"ALÍQUOTA SUPLEMENTAR DE CONTRIBUIÇÃO PREVIDENCIÁRI";"FOLHA DE PAGAMENTO";"4205.93";"2024";"L";"29/01/2024";"0";"01/01/2024";"31/01/2024";"13"
"UNIDADE DE GESTÃO DE EDUCAÇÃO";"12";"EDUCAÇÃO";"361";"ENSINO FUNDAMENTAL";"2024";"3641";"";"0";"0";"100012604";"FOLHA DE PAGAMENTO";"45780103000150";"";"0";"PROPRIA";"33904901";"INDENIZACAO AUXILIO TRANSPORTE";"FOLHA DE PAGAMENTO";"1188";"2024";"L";"29/01/2024";"0";"01/01/2024";"31/01/2024";"13"
"UNIDADE DE GESTÃO DE EDUCAÇÃO";"12";"EDUCAÇÃO";"361";"ENSINO FUNDAMENTAL";"2024";"3642";"";"0";"0";"100012604";"FOLHA DE PAGAMENTO";"45780103000150";"";"0";"PROPRIA";"31901101";"VENCIMENTO E SALARIOS";"FOLHA DE PAGAMENTO";"347886.81";"2024";"L";"29/01/2024";"0";"01/01/2024";"31/01/2024";"13"
"UNIDADE DE GESTÃO DE EDUCAÇÃO";"12";"EDUCAÇÃO";"361";"ENSINO FUNDAMENTAL";"2024";"3643";"";"0";"0";"100012604";"FOLHA DE PAGAMENTO";"45780103000150";"";"0";"PROPRIA";"31901101";"VENCIMENTO E SALARIOS";"FOLHA DE PAGAMENTO";"7313.47";"2024";"L";"29/01/2024";"0";"01/01/2024";"31/01/2024";"13"
"UNIDADE DE GESTÃO DE EDUCAÇÃO";"12";"EDUCAÇÃO";"361";"ENSINO FUNDAMENTAL";"2024";"3644";"";"0";"0";"100012604";"FOLHA DE PAGAMENTO";"45780103000150";"";"0";"PROPRIA";"31901104";"ADICIONAL NOTURNO";"FOLHA DE PAGAMENTO";"81.07";"2024";"L";"29/01/2024";"0";"01/01/2024";"31/01/2024";"13"
"UNIDADE DE GESTÃO DE EDUCAÇÃO";"12";"EDUCAÇÃO";"361";"ENSINO FUNDAMENTAL";"2024";"3645";"";"0";"0";"100012604";"FOLHA DE PAGAMENTO";"45780103000150";"";"0";"PROPRIA";"31901107";"ABONO DE PERMANENCIA";"FOLHA DE PAGAMENTO";"1834.86";"2024";"L";"29/01/2024";"0";"01/01/2024";"31/01/2024";"13"
"UNIDADE DE GESTÃO DE EDUCAÇÃO";"12";"EDUCAÇÃO";"361";"ENSINO FUNDAMENTAL";"2024";"3646";"";"0";"0";"100012604";"FOLHA DE PAGAMENTO";"45780103000150";"";"0";"PROPRIA";"31901133";"GRATIFICACOES POR EXERCICIO DE  FUNCOES";"FOLHA DE PAGAMENTO";"1162.19";"2024";"L";"29/01/2024";"0";"01/01/2024";"31/01/2024";"13"
"UNIDADE DE GESTÃO DE EDUCAÇÃO";"12";"EDUCAÇÃO";"361";"ENSINO FUNDAMENTAL";"2024";"3647";"";"0";"0";"100012604";"FOLHA DE PAGAMENTO";"45780103000150";"";"0";"PROPRIA";"31901137";"GRATIFICACOES POR TEMPO DE SERVICO";"FOLHA DE PAGAMENTO";"1922.69";"2024";"L";"29/01/2024";"0";"01/01/2024";"31/01/2024";"13"
"UNIDADE DE GESTÃO DE EDUCAÇÃO";"12";"EDUCAÇÃO";"361";"ENSINO FUNDAMENTAL";"2024";"3648";"";"0";"0";"100012604";"FOLHA DE PAGAMENTO";"45780103000150";"";"0";"PROPRIA";"31901137";"GRATIFICACOES POR TEMPO DE SERVICO";"FOLHA DE PAGAMENTO";"26224.89";"2024";"L";"29/01/2024";"0";"01/01/2024";"31/01/2024";"13"
"UNIDADE DE GESTÃO DE EDUCAÇÃO";"12";"EDUCAÇÃO";"361";"ENSINO FUNDAMENTAL";"2024";"3649";"";"0";"0";"100012604";"FOLHA DE PAGAMENTO";"45780103000150";"";"0";"PROPRIA";"31901145";"FÉRIAS - ABONO CONSTITUICOES";"FOLHA DE PAGAMENTO";"13.13";"2024";"L";"29/01/2024";"0";"01/01/2024";"31/01/2024";"13"
"UNIDADE DE GESTÃO DE EDUCAÇÃO";"12";"EDUCAÇÃO";"361";"ENSINO FUNDAMENTAL";"2024";"3650";"";"0";"0";"100012604";"FOLHA DE PAGAMENTO";"45780103000150";"";"0";"PROPRIA";"31901147";"LICENÇA PRÊMIO";"FOLHA DE PAGAMENTO";"24284.12";"2024";"L";"29/01/2024";"0";"01/01/2024";"31/01/2024";"13"
"UNIDADE DE GESTÃO DE EDUCAÇÃO";"12";"EDUCAÇÃO";"361";"ENSINO FUNDAMENTAL";"2024";"3651";"";"0";"0";"4000055";"FUNDO DE GARANTIA POR TEMPO DE SERVICO";"00360305000104";"";"0";"PROPRIA";"31901301";"FGTS";"FOLHA DE PAGAMENTO";"1349.2";"2024";"L";"29/01/2024";"0";"01/01/2024";"31/01/2024";"13"
"UNIDADE DE GESTÃO DE EDUCAÇÃO";"12";"EDUCAÇÃO";"361";"ENSINO FUNDAMENTAL";"2024";"3652";"";"0";"0";"4016168";"I.N.S.S -INST.NACIONAL DE SEGURO SOCIAL";"29979036000140";"";"0";"PROPRIA";"31901302";"CONTRIBUICOES PREVIDENCIARIAS - INSS";"FOLHA DE PAGAMENTO";"3787.05";"2024";"L";"29/01/2024";"0";"01/01/2024";"31/01/2024";"13"
"UNIDADE DE GESTÃO DE EDUCAÇÃO";"12";"EDUCAÇÃO";"361";"ENSINO FUNDAMENTAL";"2024";"3653";"";"0";"0";"100012604";"FOLHA DE PAGAMENTO";"45780103000150";"";"0";"PROPRIA";"31901644";"SERVIÇOS EXTRAORDINÁRIOS";"FOLHA DE PAGAMENTO";"0.73";"2024";"L";"29/01/2024";"0";"01/01/2024";"31/01/2024";"13"
"UNIDADE DE GESTÃO DE EDUCAÇÃO";"12";"EDUCAÇÃO";"361";"ENSINO FUNDAMENTAL";"2024";"3654";"";"0";"0";"100004453";"IPREJUN-INST.PREVIDENCIA DO MUN.JUNDIAI";"05507216000161";"";"0";"PROPRIA";"31911308";"CONTRIBUIÇÕES PREVIDENCIÁRIAS - RPPS - PESSOAL ATI";"FOLHA DE PAGAMENTO";"104175.05";"2024";"L";"29/01/2024";"0";"01/01/2024";"31/01/2024";"13"
"UNIDADE DE GESTÃO DE EDUCAÇÃO";"12";"EDUCAÇÃO";"361";"ENSINO FUNDAMENTAL";"2024";"3655";"";"0";"0";"100004453";"IPREJUN-INST.PREVIDENCIA DO MUN.JUNDIAI";"05507216000161";"";"0";"PROPRIA";"31911320";"ALÍQUOTA SUPLEMENTAR DE CONTRIBUIÇÃO PREVIDENCIÁRI";"FOLHA DE PAGAMENTO";"138270.09";"2024";"L";"29/01/2024";"0";"01/01/2024";"31/01/2024";"13"
"UNIDADE DE GESTÃO DE EDUCAÇÃO";"12";"EDUCAÇÃO";"361";"ENSINO FUNDAMENTAL";"2024";"3656";"";"0";"0";"100012604";"FOLHA DE PAGAMENTO";"45780103000150";"";"0";"PROPRIA";"33904901";"INDENIZACAO AUXILIO TRANSPORTE";"FOLHA DE PAGAMENTO";"19646";"2024";"L";"29/01/2024";"0";"01/01/2024";"31/01/2024";"13"
"UNIDADE DE GESTÃO DE EDUCAÇÃO";"12";"EDUCAÇÃO";"361";"ENSINO FUNDAMENTAL";"2024";"3657";"";"0";"0";"100012604";"FOLHA DE PAGAMENTO";"45780103000150";"";"0";"PROPRIA";"33904901";"INDENIZACAO AUXILIO TRANSPORTE";"FOLHA DE PAGAMENTO";"550";"2024";"L";"29/01/2024";"0";"01/01/2024";"31/01/2024";"13"
"UNIDADE DE GESTÃO DE EDUCAÇÃO";"12";"EDUCAÇÃO";"122";"ADMINISTRAÇÃO GERAL";"2024";"3658";"";"0";"0";"100012604";"FOLHA DE PAGAMENTO";"45780103000150";"";"0";"PROPRIA";"31901101";"VENCIMENTO E SALARIOS";"FOLHA DE PAGAMENTO";"75892.15";"2024";"L";"29/01/2024";"0";"01/01/2024";"31/01/2024";"13"
"UNIDADE DE GESTÃO DE EDUCAÇÃO";"12";"EDUCAÇÃO";"122";"ADMINISTRAÇÃO GERAL";"2024";"3659";"";"0";"0";"100012604";"FOLHA DE PAGAMENTO";"45780103000150";"";"0";"PROPRIA";"31901104";"ADICIONAL NOTURNO";"FOLHA DE PAGAMENTO";"389.9";"2024";"L";"29/01/2024";"0";"01/01/2024";"31/01/2024";"13"
"UNIDADE DE GESTÃO DE EDUCAÇÃO";"12";"EDUCAÇÃO";"122";"ADMINISTRAÇÃO GERAL";"2024";"3660";"";"0";"0";"100012604";"FOLHA DE PAGAMENTO";"45780103000150";"";"0";"PROPRIA";"31901107";"ABONO DE PERMANENCIA";"FOLHA DE PAGAMENTO";"1530.37";"2024";"L";"29/01/2024";"0";"01/01/2024";"31/01/2024";"13"
"UNIDADE DE GESTÃO DE EDUCAÇÃO";"12";"EDUCAÇÃO";"122";"ADMINISTRAÇÃO GERAL";"2024";"3661";"";"0";"0";"100012604";"FOLHA DE PAGAMENTO";"45780103000150";"";"0";"PROPRIA";"31901133";"GRATIFICACOES POR EXERCICIO DE  FUNCOES";"FOLHA DE PAGAMENTO";"12899.47";"2024";"L";"29/01/2024";"0";"01/01/2024";"31/01/2024";"13"
"UNIDADE DE GESTÃO DE EDUCAÇÃO";"12";"EDUCAÇÃO";"122";"ADMINISTRAÇÃO GERAL";"2024";"3662";"";"0";"0";"100012604";"FOLHA DE PAGAMENTO";"45780103000150";"";"0";"PROPRIA";"31901137";"GRATIFICACOES POR TEMPO DE SERVICO";"FOLHA DE PAGAMENTO";"6298.4";"2024";"L";"29/01/2024";"0";"01/01/2024";"31/01/2024";"13"
"UNIDADE DE GESTÃO DE EDUCAÇÃO";"12";"EDUCAÇÃO";"122";"ADMINISTRAÇÃO GERAL";"2024";"3663";"";"0";"0";"100012604";"FOLHA DE PAGAMENTO";"45780103000150";"";"0";"PROPRIA";"31901644";"SERVIÇOS EXTRAORDINÁRIOS";"FOLHA DE PAGAMENTO";"502.91";"2024";"L";"29/01/2024";"0";"01/01/2024";"31/01/2024";"13"
"UNIDADE DE GESTÃO DE EDUCAÇÃO";"12";"EDUCAÇÃO";"122";"ADMINISTRAÇÃO GERAL";"2024";"3664";"";"0";"0";"100004453";"IPREJUN-INST.PREVIDENCIA DO MUN.JUNDIAI";"05507216000161";"";"0";"PROPRIA";"31911308";"CONTRIBUIÇÕES PREVIDENCIÁRIAS - RPPS - PESSOAL ATI";"FOLHA DE PAGAMENTO";"25514.52";"2024";"L";"29/01/2024";"0";"01/01/2024";"31/01/2024";"13"
"UNIDADE DE GESTÃO DE EDUCAÇÃO";"12";"EDUCAÇÃO";"122";"ADMINISTRAÇÃO GERAL";"2024";"3665";"";"0";"0";"100004453";"IPREJUN-INST.PREVIDENCIA DO MUN.JUNDIAI";"05507216000161";"";"0";"PROPRIA";"31911320";"ALÍQUOTA SUPLEMENTAR DE CONTRIBUIÇÃO PREVIDENCIÁRI";"FOLHA DE PAGAMENTO";"33865.05";"2024";"L";"29/01/2024";"0";"01/01/2024";"31/01/2024";"13"
"UNIDADE DE GESTÃO DE EDUCAÇÃO";"12";"EDUCAÇÃO";"122";"ADMINISTRAÇÃO GERAL";"2024";"3666";"";"0";"0";"100012604";"FOLHA DE PAGAMENTO";"45780103000150";"";"0";"PROPRIA";"33904901";"INDENIZACAO AUXILIO TRANSPORTE";"FOLHA DE PAGAMENTO";"2332";"2024";"L";"29/01/2024";"0";"01/01/2024";"31/01/2024";"13"
"UNIDADE DE GESTÃO DE PROMOÇÃO DA SAÚDE";"10";"SAÚDE";"122";"ADMINISTRAÇÃO GERAL";"2024";"3667";"";"0";"0";"100012604";"FOLHA DE PAGAMENTO";"45780103000150";"";"0";"PROPRIA";"31900411";"SALÁRIOS - CONTRATO TEMPORÁRIO";"FOLHA DE PAGAMENTO";"7136.22";"2024";"L";"29/01/2024";"0";"01/01/2024";"31/01/2024";"14"
"UNIDADE DE GESTÃO DE PROMOÇÃO DA SAÚDE";"10";"SAÚDE";"122";"ADMINISTRAÇÃO GERAL";"2024";"3668";"";"0";"0";"4016168";"I.N.S.S -INST.NACIONAL DE SEGURO SOCIAL";"29979036000140";"";"0";"PROPRIA";"31900416";"OBRIGAÇÕES PATRONAIS - INSS - CONTRATO TEMPORÁRIO";"FOLHA DE PAGAMENTO";"1602.44";"2024";"L";"29/01/2024";"0";"01/01/2024";"31/01/2024";"14"
"UNIDADE DE GESTÃO DE PROMOÇÃO DA SAÚDE";"10";"SAÚDE";"122";"ADMINISTRAÇÃO GERAL";"2024";"3670";"";"0";"0";"100012604";"FOLHA DE PAGAMENTO";"45780103000150";"";"0";"PROPRIA";"31901101";"VENCIMENTO E SALARIOS";"FOLHA DE PAGAMENTO";"9927.64";"2024";"L";"29/01/2024";"0";"01/01/2024";"31/01/2024";"14"
"UNIDADE DE GESTÃO DE PROMOÇÃO DA SAÚDE";"10";"SAÚDE";"122";"ADMINISTRAÇÃO GERAL";"2024";"3671";"";"0";"0";"100012604";"FOLHA DE PAGAMENTO";"45780103000150";"";"0";"PROPRIA";"31901101";"VENCIMENTO E SALARIOS";"FOLHA DE PAGAMENTO";"16158.34";"2024";"L";"29/01/2024";"0";"01/01/2024";"31/01/2024";"14"
"UNIDADE DE GESTÃO DE PROMOÇÃO DA SAÚDE";"10";"SAÚDE";"122";"ADMINISTRAÇÃO GERAL";"2024";"3672";"";"0";"0";"100012604";"FOLHA DE PAGAMENTO";"45780103000150";"";"0";"PROPRIA";"31901101";"VENCIMENTO E SALARIOS";"FOLHA DE PAGAMENTO";"410203.59";"2024";"L";"29/01/2024";"0";"01/01/2024";"31/01/2024";"14"
"UNIDADE DE GESTÃO DE PROMOÇÃO DA SAÚDE";"10";"SAÚDE";"122";"ADMINISTRAÇÃO GERAL";"2024";"3673";"";"0";"0";"100012604";"FOLHA DE PAGAMENTO";"45780103000150";"";"0";"PROPRIA";"31901105";"INCORPORADOS";"FOLHA DE PAGAMENTO";"3109.7";"2024";"L";"29/01/2024";"0";"01/01/2024";"31/01/2024";"14"
"UNIDADE DE GESTÃO DE PROMOÇÃO DA SAÚDE";"10";"SAÚDE";"122";"ADMINISTRAÇÃO GERAL";"2024";"3674";"";"0";"0";"100012604";"FOLHA DE PAGAMENTO";"45780103000150";"";"0";"PROPRIA";"31901107";"ABONO DE PERMANENCIA";"FOLHA DE PAGAMENTO";"7540.69";"2024";"L";"29/01/2024";"0";"01/01/2024";"31/01/2024";"14"
"UNIDADE DE GESTÃO DE PROMOÇÃO DA SAÚDE";"10";"SAÚDE";"122";"ADMINISTRAÇÃO GERAL";"2024";"3675";"";"0";"0";"100012604";"FOLHA DE PAGAMENTO";"45780103000150";"";"0";"PROPRIA";"31901110";"ADICIONAL DE INSALUBRIDADE";"FOLHA DE PAGAMENTO";"2466.29";"2024";"L";"29/01/2024";"0";"01/01/2024";"31/01/2024";"14"
"UNIDADE DE GESTÃO DE PROMOÇÃO DA SAÚDE";"10";"SAÚDE";"122";"ADMINISTRAÇÃO GERAL";"2024";"3676";"";"0";"0";"100012604";"FOLHA DE PAGAMENTO";"45780103000150";"";"0";"PROPRIA";"31901131";"GRATIFICACOES POR EXERCICIO DE  CARGO";"FOLHA DE PAGAMENTO";"15779.77";"2024";"L";"29/01/2024";"0";"01/01/2024";"31/01/2024";"14"
"UNIDADE DE GESTÃO DE PROMOÇÃO DA SAÚDE";"10";"SAÚDE";"122";"ADMINISTRAÇÃO GERAL";"2024";"3677";"";"0";"0";"100012604";"FOLHA DE PAGAMENTO";"45780103000150";"";"0";"PROPRIA";"31901133";"GRATIFICACOES POR EXERCICIO DE  FUNCOES";"FOLHA DE PAGAMENTO";"21562.22";"2024";"L";"29/01/2024";"0";"01/01/2024";"31/01/2024";"14"
"UNIDADE DE GESTÃO DE PROMOÇÃO DA SAÚDE";"10";"SAÚDE";"122";"ADMINISTRAÇÃO GERAL";"2024";"3678";"";"0";"0";"100012604";"FOLHA DE PAGAMENTO";"45780103000150";"";"0";"PROPRIA";"31901137";"GRATIFICACOES POR TEMPO DE SERVICO";"FOLHA DE PAGAMENTO";"3406.53";"2024";"L";"29/01/2024";"0";"01/01/2024";"31/01/2024";"14"
"UNIDADE DE GESTÃO DE PROMOÇÃO DA SAÚDE";"10";"SAÚDE";"122";"ADMINISTRAÇÃO GERAL";"2024";"3679";"";"0";"0";"100012604";"FOLHA DE PAGAMENTO";"45780103000150";"";"0";"PROPRIA";"31901137";"GRATIFICACOES POR TEMPO DE SERVICO";"FOLHA DE PAGAMENTO";"46164.3";"2024";"L";"29/01/2024";"0";"01/01/2024";"31/01/2024";"14"
"UNIDADE DE GESTÃO DE PROMOÇÃO DA SAÚDE";"10";"SAÚDE";"122";"ADMINISTRAÇÃO GERAL";"2024";"3680";"";"0";"0";"100012604";"FOLHA DE PAGAMENTO";"45780103000150";"";"0";"PROPRIA";"31901144";"FÉRIAS - ABONO PECUNIARIO";"FOLHA DE PAGAMENTO";"10.28";"2024";"L";"29/01/2024";"0";"01/01/2024";"31/01/2024";"14"
"UNIDADE DE GESTÃO DE PROMOÇÃO DA SAÚDE";"10";"SAÚDE";"122";"ADMINISTRAÇÃO GERAL";"2024";"3681";"";"0";"0";"100012604";"FOLHA DE PAGAMENTO";"45780103000150";"";"0";"PROPRIA";"31901145";"FÉRIAS - ABONO CONSTITUICOES";"FOLHA DE PAGAMENTO";"8.64";"2024";"L";"29/01/2024";"0";"01/01/2024";"31/01/2024";"14"
"UNIDADE DE GESTÃO DE PROMOÇÃO DA SAÚDE";"10";"SAÚDE";"122";"ADMINISTRAÇÃO GERAL";"2024";"3682";"";"0";"0";"100012604";"FOLHA DE PAGAMENTO";"45780103000150";"";"0";"PROPRIA";"31901147";"LICENÇA PRÊMIO";"FOLHA DE PAGAMENTO";"3796.16";"2024";"L";"29/01/2024";"0";"01/01/2024";"31/01/2024";"14"
"UNIDADE DE GESTÃO DE PROMOÇÃO DA SAÚDE";"10";"SAÚDE";"122";"ADMINISTRAÇÃO GERAL";"2024";"3683";"";"0";"0";"100012604";"FOLHA DE PAGAMENTO";"45780103000150";"";"0";"PROPRIA";"31901151";"OUTROS ADICIONAIS. VANTAGENS. GRATIFICAÇÕES E OUTR";"FOLHA DE PAGAMENTO";"5053.05";"2024";"L";"29/01/2024";"0";"01/01/2024";"31/01/2024";"14"
"UNIDADE DE GESTÃO DE PROMOÇÃO DA SAÚDE";"10";"SAÚDE";"122";"ADMINISTRAÇÃO GERAL";"2024";"3684";"";"0";"0";"4000055";"FUNDO DE GARANTIA POR TEMPO DE SERVICO";"00360305000104";"";"0";"PROPRIA";"31901301";"FGTS";"FOLHA DE PAGAMENTO";"1892.21";"2024";"L";"29/01/2024";"0";"01/01/2024";"31/01/2024";"14"
"UNIDADE DE GESTÃO DE PROMOÇÃO DA SAÚDE";"10";"SAÚDE";"122";"ADMINISTRAÇÃO GERAL";"2024";"3685";"";"0";"0";"4016168";"I.N.S.S -INST.NACIONAL DE SEGURO SOCIAL";"29979036000140";"";"0";"PROPRIA";"31901302";"CONTRIBUICOES PREVIDENCIARIAS - INSS";"FOLHA DE PAGAMENTO";"5652.1";"2024";"L";"29/01/2024";"0";"01/01/2024";"31/01/2024";"14"
"UNIDADE DE GESTÃO DE PROMOÇÃO DA SAÚDE";"10";"SAÚDE";"122";"ADMINISTRAÇÃO GERAL";"2024";"3686";"";"0";"0";"4016168";"I.N.S.S -INST.NACIONAL DE SEGURO SOCIAL";"29979036000140";"";"0";"PROPRIA";"31901302";"CONTRIBUICOES PREVIDENCIARIAS - INSS";"FOLHA DE PAGAMENTO";"5311.23";"2024";"L";"29/01/2024";"0";"01/01/2024";"31/01/2024";"14"
"UNIDADE DE GESTÃO DE PROMOÇÃO DA SAÚDE";"10";"SAÚDE";"122";"ADMINISTRAÇÃO GERAL";"2024";"3687";"";"0";"0";"100012604";"FOLHA DE PAGAMENTO";"45780103000150";"";"0";"PROPRIA";"31901632";"SUBSTITUIÇÕES  RPPS";"FOLHA DE PAGAMENTO";"5157.03";"2024";"L";"29/01/2024";"0";"01/01/2024";"31/01/2024";"14"
"UNIDADE DE GESTÃO DE PROMOÇÃO DA SAÚDE";"10";"SAÚDE";"122";"ADMINISTRAÇÃO GERAL";"2024";"3688";"";"0";"0";"100012604";"FOLHA DE PAGAMENTO";"45780103000150";"";"0";"PROPRIA";"31901644";"SERVIÇOS EXTRAORDINÁRIOS";"FOLHA DE PAGAMENTO";"5377.21";"2024";"L";"29/01/2024";"0";"01/01/2024";"31/01/2024";"14"
"UNIDADE DE GESTÃO DE PROMOÇÃO DA SAÚDE";"10";"SAÚDE";"122";"ADMINISTRAÇÃO GERAL";"2024";"3689";"";"0";"0";"100012604";"FOLHA DE PAGAMENTO";"45780103000150";"";"0";"PROPRIA";"31901644";"SERVIÇOS EXTRAORDINÁRIOS";"FOLHA DE PAGAMENTO";"1533.75";"2024";"L";"29/01/2024";"0";"01/01/2024";"31/01/2024";"14"
"UNIDADE DE GESTÃO DE PROMOÇÃO DA SAÚDE";"10";"SAÚDE";"122";"ADMINISTRAÇÃO GERAL";"2024";"3690";"";"0";"0";"100004453";"IPREJUN-INST.PREVIDENCIA DO MUN.JUNDIAI";"05507216000161";"";"0";"PROPRIA";"31911308";"CONTRIBUIÇÕES PREVIDENCIÁRIAS - RPPS - PESSOAL ATI";"FOLHA DE PAGAMENTO";"107273.31";"2024";"L";"29/01/2024";"0";"01/01/2024";"31/01/2024";"14"
"UNIDADE DE GESTÃO DE PROMOÇÃO DA SAÚDE";"10";"SAÚDE";"122";"ADMINISTRAÇÃO GERAL";"2024";"3691";"";"0";"0";"100004453";"IPREJUN-INST.PREVIDENCIA DO MUN.JUNDIAI";"05507216000161";"";"0";"PROPRIA";"31911320";"ALÍQUOTA SUPLEMENTAR DE CONTRIBUIÇÃO PREVIDENCIÁRI";"FOLHA DE PAGAMENTO";"142382.33";"2024";"L";"29/01/2024";"0";"01/01/2024";"31/01/2024";"14"
"UNIDADE DE GESTÃO DE PROMOÇÃO DA SAÚDE";"10";"SAÚDE";"122";"ADMINISTRAÇÃO GERAL";"2024";"3692";"";"0";"0";"100012604";"FOLHA DE PAGAMENTO";"45780103000150";"";"0";"PROPRIA";"33904901";"INDENIZACAO AUXILIO TRANSPORTE";"FOLHA DE PAGAMENTO";"31570";"2024";"L";"29/01/2024";"0";"01/01/2024";"31/01/2024";"14"
"UNIDADE DE GESTÃO DE PROMOÇÃO DA SAÚDE";"10";"SAÚDE";"122";"ADMINISTRAÇÃO GERAL";"2024";"3693";"";"0";"0";"100012604";"FOLHA DE PAGAMENTO";"45780103000150";"";"0";"PROPRIA";"33904901";"INDENIZACAO AUXILIO TRANSPORTE";"FOLHA DE PAGAMENTO";"1298";"2024";"L";"29/01/2024";"0";"01/01/2024";"31/01/2024";"14"
"UNIDADE DE GESTÃO DE PROMOÇÃO DA SAÚDE";"10";"SAÚDE";"122";"ADMINISTRAÇÃO GERAL";"2024";"3694";"";"0";"0";"100012604";"FOLHA DE PAGAMENTO";"45780103000150";"";"0";"PROPRIA";"33904901";"INDENIZACAO AUXILIO TRANSPORTE";"FOLHA DE PAGAMENTO";"396";"2024";"L";"29/01/2024";"0";"01/01/2024";"31/01/2024";"14"
"UNIDADE DE GESTÃO DE PROMOÇÃO DA SAÚDE";"10";"SAÚDE";"122";"ADMINISTRAÇÃO GERAL";"2024";"3695";"";"0";"0";"100012604";"FOLHA DE PAGAMENTO";"45780103000150";"";"0";"PROPRIA";"33904901";"INDENIZACAO AUXILIO TRANSPORTE";"FOLHA DE PAGAMENTO";"814";"2024";"L";"29/01/2024";"0";"01/01/2024";"31/01/2024";"14"
"UNIDADE DE GESTÃO DE PROMOÇÃO DA SAÚDE";"10";"SAÚDE";"301";"ATENÇÃO BÁSICA";"2024";"3696";"";"0";"0";"100012604";"FOLHA DE PAGAMENTO";"45780103000150";"";"0";"PROPRIA";"31900411";"SALÁRIOS - CONTRATO TEMPORÁRIO";"FOLHA DE PAGAMENTO";"110383.26";"2024";"L";"29/01/2024";"0";"01/01/2024";"31/01/2024";"14"
"UNIDADE DE GESTÃO DE PROMOÇÃO DA SAÚDE";"10";"SAÚDE";"301";"ATENÇÃO BÁSICA";"2024";"3697";"";"0";"0";"100012604";"FOLHA DE PAGAMENTO";"45780103000150";"";"0";"PROPRIA";"31900411";"SALÁRIOS - CONTRATO TEMPORÁRIO";"FOLHA DE PAGAMENTO";"11575.89";"2024";"L";"29/01/2024";"0";"01/01/2024";"31/01/2024";"14"
"UNIDADE DE GESTÃO DE PROMOÇÃO DA SAÚDE";"10";"SAÚDE";"301";"ATENÇÃO BÁSICA";"2024";"3698";"";"0";"0";"4016168";"I.N.S.S -INST.NACIONAL DE SEGURO SOCIAL";"29979036000140";"";"0";"PROPRIA";"31900416";"OBRIGAÇÕES PATRONAIS - INSS - CONTRATO TEMPORÁRIO";"FOLHA DE PAGAMENTO";"48158.31";"2024";"L";"29/01/2024";"0";"01/01/2024";"31/01/2024";"14"
"UNIDADE DE GESTÃO DE PROMOÇÃO DA SAÚDE";"10";"SAÚDE";"301";"ATENÇÃO BÁSICA";"2024";"3699";"";"0";"0";"4000055";"FUNDO DE GARANTIA POR TEMPO DE SERVICO";"00360305000104";"";"0";"PROPRIA";"31900417";"OBRIGAÇÕES PATRONAIS - FGTS - CONTRATO TEMPORÁRIO";"FOLHA DE PAGAMENTO";"4228.9";"2024";"L";"29/01/2024";"0";"01/01/2024";"31/01/2024";"14"
"UNIDADE DE GESTÃO DE PROMOÇÃO DA SAÚDE";"10";"SAÚDE";"301";"ATENÇÃO BÁSICA";"2024";"3701";"";"0";"0";"100012604";"FOLHA DE PAGAMENTO";"45780103000150";"";"0";"PROPRIA";"31901101";"VENCIMENTO E SALARIOS";"FOLHA DE PAGAMENTO";"51704.62";"2024";"L";"29/01/2024";"0";"01/01/2024";"31/01/2024";"14"
"UNIDADE DE GESTÃO DE PROMOÇÃO DA SAÚDE";"10";"SAÚDE";"301";"ATENÇÃO BÁSICA";"2024";"3702";"";"0";"0";"100012604";"FOLHA DE PAGAMENTO";"45780103000150";"";"0";"PROPRIA";"31901101";"VENCIMENTO E SALARIOS";"FOLHA DE PAGAMENTO";"3400549.03";"2024";"L";"29/01/2024";"0";"01/01/2024";"31/01/2024";"14"
"UNIDADE DE GESTÃO DE PROMOÇÃO DA SAÚDE";"10";"SAÚDE";"301";"ATENÇÃO BÁSICA";"2024";"3703";"";"0";"0";"100012604";"FOLHA DE PAGAMENTO";"45780103000150";"";"0";"PROPRIA";"31901101";"VENCIMENTO E SALARIOS";"FOLHA DE PAGAMENTO";"9784.4";"2024";"L";"29/01/2024";"0";"01/01/2024";"31/01/2024";"14"
"UNIDADE DE GESTÃO DE PROMOÇÃO DA SAÚDE";"10";"SAÚDE";"301";"ATENÇÃO BÁSICA";"2024";"3704";"";"0";"0";"100012604";"FOLHA DE PAGAMENTO";"45780103000150";"";"0";"PROPRIA";"31901104";"ADICIONAL NOTURNO";"FOLHA DE PAGAMENTO";"1271.02";"2024";"L";"29/01/2024";"0";"01/01/2024";"31/01/2024";"14"
"UNIDADE DE GESTÃO DE PROMOÇÃO DA SAÚDE";"10";"SAÚDE";"301";"ATENÇÃO BÁSICA";"2024";"3705";"";"0";"0";"100012604";"FOLHA DE PAGAMENTO";"45780103000150";"";"0";"PROPRIA";"31901107";"ABONO DE PERMANENCIA";"FOLHA DE PAGAMENTO";"22943.77";"2024";"L";"29/01/2024";"0";"01/01/2024";"31/01/2024";"14"
"UNIDADE DE GESTÃO DE PROMOÇÃO DA SAÚDE";"10";"SAÚDE";"301";"ATENÇÃO BÁSICA";"2024";"3706";"";"0";"0";"100012604";"FOLHA DE PAGAMENTO";"45780103000150";"";"0";"PROPRIA";"31901110";"ADICIONAL DE INSALUBRIDADE";"FOLHA DE PAGAMENTO";"259851.07";"2024";"L";"29/01/2024";"0";"01/01/2024";"31/01/2024";"14"
"UNIDADE DE GESTÃO DE PROMOÇÃO DA SAÚDE";"10";"SAÚDE";"301";"ATENÇÃO BÁSICA";"2024";"3707";"";"0";"0";"100012604";"FOLHA DE PAGAMENTO";"45780103000150";"";"0";"PROPRIA";"31901110";"ADICIONAL DE INSALUBRIDADE";"FOLHA DE PAGAMENTO";"1750.89";"2024";"L";"29/01/2024";"0";"01/01/2024";"31/01/2024";"14"
"UNIDADE DE GESTÃO DE PROMOÇÃO DA SAÚDE";"10";"SAÚDE";"301";"ATENÇÃO BÁSICA";"2024";"3708";"";"0";"0";"100012604";"FOLHA DE PAGAMENTO";"45780103000150";"";"0";"PROPRIA";"31901131";"GRATIFICACOES POR EXERCICIO DE  CARGO";"FOLHA DE PAGAMENTO";"1856.83";"2024";"L";"29/01/2024";"0";"01/01/2024";"31/01/2024";"14"
"UNIDADE DE GESTÃO DE PROMOÇÃO DA SAÚDE";"10";"SAÚDE";"301";"ATENÇÃO BÁSICA";"2024";"3709";"";"0";"0";"100012604";"FOLHA DE PAGAMENTO";"45780103000150";"";"0";"PROPRIA";"31901137";"GRATIFICACOES POR TEMPO DE SERVICO";"FOLHA DE PAGAMENTO";"291427.39";"2024";"L";"29/01/2024";"0";"01/01/2024";"31/01/2024";"14"
"UNIDADE DE GESTÃO DE PROMOÇÃO DA SAÚDE";"10";"SAÚDE";"301";"ATENÇÃO BÁSICA";"2024";"3710";"";"0";"0";"100012604";"FOLHA DE PAGAMENTO";"45780103000150";"";"0";"PROPRIA";"31901137";"GRATIFICACOES POR TEMPO DE SERVICO";"FOLHA DE PAGAMENTO";"22136.46";"2024";"L";"29/01/2024";"0";"01/01/2024";"31/01/2024";"14"
"UNIDADE DE GESTÃO DE PROMOÇÃO DA SAÚDE";"10";"SAÚDE";"301";"ATENÇÃO BÁSICA";"2024";"3711";"";"0";"0";"100012604";"FOLHA DE PAGAMENTO";"45780103000150";"";"0";"PROPRIA";"31901144";"FÉRIAS - ABONO PECUNIARIO";"FOLHA DE PAGAMENTO";"133.8";"2024";"L";"29/01/2024";"0";"01/01/2024";"31/01/2024";"14"
"UNIDADE DE GESTÃO DE PROMOÇÃO DA SAÚDE";"10";"SAÚDE";"301";"ATENÇÃO BÁSICA";"2024";"3712";"";"0";"0";"100012604";"FOLHA DE PAGAMENTO";"45780103000150";"";"0";"PROPRIA";"31901145";"FÉRIAS - ABONO CONSTITUICOES";"FOLHA DE PAGAMENTO";"586.41";"2024";"L";"29/01/2024";"0";"01/01/2024";"31/01/2024";"14"
"UNIDADE DE GESTÃO DE PROMOÇÃO DA SAÚDE";"10";"SAÚDE";"301";"ATENÇÃO BÁSICA";"2024";"3713";"";"0";"0";"100012604";"FOLHA DE PAGAMENTO";"45780103000150";"";"0";"PROPRIA";"31901147";"LICENÇA PRÊMIO";"FOLHA DE PAGAMENTO";"84942.1";"2024";"L";"29/01/2024";"0";"01/01/2024";"31/01/2024";"14"
"UNIDADE DE GESTÃO DE PROMOÇÃO DA SAÚDE";"10";"SAÚDE";"301";"ATENÇÃO BÁSICA";"2024";"3714";"";"0";"0";"100012604";"FOLHA DE PAGAMENTO";"45780103000150";"";"0";"PROPRIA";"31901151";"OUTROS ADICIONAIS. VANTAGENS. GRATIFICAÇÕES E OUTR";"FOLHA DE PAGAMENTO";"33869.53";"2024";"L";"29/01/2024";"0";"01/01/2024";"31/01/2024";"14"
"UNIDADE DE GESTÃO DE PROMOÇÃO DA SAÚDE";"10";"SAÚDE";"301";"ATENÇÃO BÁSICA";"2024";"3715";"";"0";"0";"4000055";"FUNDO DE GARANTIA POR TEMPO DE SERVICO";"00360305000104";"";"0";"PROPRIA";"31901301";"FGTS";"FOLHA DE PAGAMENTO";"11339.07";"2024";"L";"29/01/2024";"0";"01/01/2024";"31/01/2024";"14"
"UNIDADE DE GESTÃO DE PROMOÇÃO DA SAÚDE";"10";"SAÚDE";"301";"ATENÇÃO BÁSICA";"2024";"3716";"";"0";"0";"4016168";"I.N.S.S -INST.NACIONAL DE SEGURO SOCIAL";"29979036000140";"";"0";"PROPRIA";"31901302";"CONTRIBUICOES PREVIDENCIARIAS - INSS";"FOLHA DE PAGAMENTO";"40331.79";"2024";"L";"29/01/2024";"0";"01/01/2024";"31/01/2024";"14"
"UNIDADE DE GESTÃO DE PROMOÇÃO DA SAÚDE";"10";"SAÚDE";"301";"ATENÇÃO BÁSICA";"2024";"3717";"";"0";"0";"4016168";"I.N.S.S -INST.NACIONAL DE SEGURO SOCIAL";"29979036000140";"";"0";"PROPRIA";"31901302";"CONTRIBUICOES PREVIDENCIARIAS - INSS";"FOLHA DE PAGAMENTO";"3380.51";"2024";"L";"29/01/2024";"0";"01/01/2024";"31/01/2024";"14"
"UNIDADE DE GESTÃO DE PROMOÇÃO DA SAÚDE";"10";"SAÚDE";"301";"ATENÇÃO BÁSICA";"2024";"3718";"";"0";"0";"100012604";"FOLHA DE PAGAMENTO";"45780103000150";"";"0";"PROPRIA";"31901644";"SERVIÇOS EXTRAORDINÁRIOS";"FOLHA DE PAGAMENTO";"138282.37";"2024";"L";"29/01/2024";"0";"01/01/2024";"31/01/2024";"14"
"UNIDADE DE GESTÃO DE PROMOÇÃO DA SAÚDE";"10";"SAÚDE";"301";"ATENÇÃO BÁSICA";"2024";"3719";"";"0";"0";"100004453";"IPREJUN-INST.PREVIDENCIA DO MUN.JUNDIAI";"05507216000161";"";"0";"PROPRIA";"31911308";"CONTRIBUIÇÕES PREVIDENCIÁRIAS - RPPS - PESSOAL ATI";"FOLHA DE PAGAMENTO";"899475.43";"2024";"L";"29/01/2024";"0";"01/01/2024";"31/01/2024";"14"
"UNIDADE DE GESTÃO DE PROMOÇÃO DA SAÚDE";"10";"SAÚDE";"301";"ATENÇÃO BÁSICA";"2024";"3720";"";"0";"0";"100004453";"IPREJUN-INST.PREVIDENCIA DO MUN.JUNDIAI";"05507216000161";"";"0";"PROPRIA";"31911320";"ALÍQUOTA SUPLEMENTAR DE CONTRIBUIÇÃO PREVIDENCIÁRI";"FOLHA DE PAGAMENTO";"1193860.93";"2024";"L";"29/01/2024";"0";"01/01/2024";"31/01/2024";"14"
"UNIDADE DE GESTÃO DE PROMOÇÃO DA SAÚDE";"10";"SAÚDE";"301";"ATENÇÃO BÁSICA";"2024";"3721";"";"0";"0";"100012604";"FOLHA DE PAGAMENTO";"45780103000150";"";"0";"PROPRIA";"33904901";"INDENIZACAO AUXILIO TRANSPORTE";"FOLHA DE PAGAMENTO";"253396";"2024";"L";"29/01/2024";"0";"01/01/2024";"31/01/2024";"14"
"UNIDADE DE GESTÃO DE PROMOÇÃO DA SAÚDE";"10";"SAÚDE";"301";"ATENÇÃO BÁSICA";"2024";"3722";"";"0";"0";"100012604";"FOLHA DE PAGAMENTO";"45780103000150";"";"0";"PROPRIA";"33904901";"INDENIZACAO AUXILIO TRANSPORTE";"FOLHA DE PAGAMENTO";"11220";"2024";"L";"29/01/2024";"0";"01/01/2024";"31/01/2024";"14"
"UNIDADE DE GESTÃO DE PROMOÇÃO DA SAÚDE";"10";"SAÚDE";"301";"ATENÇÃO BÁSICA";"2024";"3723";"";"0";"0";"100012604";"FOLHA DE PAGAMENTO";"45780103000150";"";"0";"PROPRIA";"33904901";"INDENIZACAO AUXILIO TRANSPORTE";"FOLHA DE PAGAMENTO";"2464";"2024";"L";"29/01/2024";"0";"01/01/2024";"31/01/2024";"14"
"UNIDADE DE GESTÃO DE PROMOÇÃO DA SAÚDE";"10";"SAÚDE";"301";"ATENÇÃO BÁSICA";"2024";"3724";"";"0";"0";"100012604";"FOLHA DE PAGAMENTO";"45780103000150";"";"0";"PROPRIA";"33904901";"INDENIZACAO AUXILIO TRANSPORTE";"FOLHA DE PAGAMENTO";"880";"2024";"L";"29/01/2024";"0";"01/01/2024";"31/01/2024";"14"
"UNIDADE DE GESTÃO DE PROMOÇÃO DA SAÚDE";"10";"SAÚDE";"302";"ASSISTÊNCIA HOSPITALAR E AMBULATORIAL";"2024";"3725";"";"0";"0";"100012604";"FOLHA DE PAGAMENTO";"45780103000150";"";"0";"PROPRIA";"31900411";"SALÁRIOS - CONTRATO TEMPORÁRIO";"FOLHA DE PAGAMENTO";"847.2";"2024";"L";"29/01/2024";"0";"01/01/2024";"31/01/2024";"14"
"UNIDADE DE GESTÃO DE PROMOÇÃO DA SAÚDE";"10";"SAÚDE";"302";"ASSISTÊNCIA HOSPITALAR E AMBULATORIAL";"2024";"3726";"";"0";"0";"100012604";"FOLHA DE PAGAMENTO";"45780103000150";"";"0";"PROPRIA";"31900411";"SALÁRIOS - CONTRATO TEMPORÁRIO";"FOLHA DE PAGAMENTO";"15472.3";"2024";"L";"29/01/2024";"0";"01/01/2024";"31/01/2024";"14"
"UNIDADE DE GESTÃO DE PROMOÇÃO DA SAÚDE";"10";"SAÚDE";"302";"ASSISTÊNCIA HOSPITALAR E AMBULATORIAL";"2024";"3727";"";"0";"0";"100012604";"FOLHA DE PAGAMENTO";"45780103000150";"";"0";"PROPRIA";"31900411";"SALÁRIOS - CONTRATO TEMPORÁRIO";"FOLHA DE PAGAMENTO";"537.37";"2024";"L";"29/01/2024";"0";"01/01/2024";"31/01/2024";"14"
"UNIDADE DE GESTÃO DE PROMOÇÃO DA SAÚDE";"10";"SAÚDE";"302";"ASSISTÊNCIA HOSPITALAR E AMBULATORIAL";"2024";"3728";"";"0";"0";"4016168";"I.N.S.S -INST.NACIONAL DE SEGURO SOCIAL";"29979036000140";"";"0";"PROPRIA";"31900416";"OBRIGAÇÕES PATRONAIS - INSS - CONTRATO TEMPORÁRIO";"FOLHA DE PAGAMENTO";"7444.18";"2024";"L";"29/01/2024";"0";"01/01/2024";"31/01/2024";"14"
"UNIDADE DE GESTÃO DE PROMOÇÃO DA SAÚDE";"10";"SAÚDE";"302";"ASSISTÊNCIA HOSPITALAR E AMBULATORIAL";"2024";"3729";"";"0";"0";"100012604";"FOLHA DE PAGAMENTO";"45780103000150";"";"0";"PROPRIA";"31900499";"OUTRAS CONTRATACOES POR TEMPO DETERMINADO";"FOLHA DE PAGAMENTO";"1748.95";"2024";"L";"29/01/2024";"0";"01/01/2024";"31/01/2024";"14"
"UNIDADE DE GESTÃO DE PROMOÇÃO DA SAÚDE";"10";"SAÚDE";"302";"ASSISTÊNCIA HOSPITALAR E AMBULATORIAL";"2024";"3731";"";"0";"0";"100012604";"FOLHA DE PAGAMENTO";"45780103000150";"";"0";"PROPRIA";"31901101";"VENCIMENTO E SALARIOS";"FOLHA DE PAGAMENTO";"5257.46";"2024";"L";"29/01/2024";"0";"01/01/2024";"31/01/2024";"14"
"UNIDADE DE GESTÃO DE PROMOÇÃO DA SAÚDE";"10";"SAÚDE";"302";"ASSISTÊNCIA HOSPITALAR E AMBULATORIAL";"2024";"3732";"";"0";"0";"100012604";"FOLHA DE PAGAMENTO";"45780103000150";"";"0";"PROPRIA";"31901101";"VENCIMENTO E SALARIOS";"FOLHA DE PAGAMENTO";"1444885.03";"2024";"L";"29/01/2024";"0";"01/01/2024";"31/01/2024";"14"
"UNIDADE DE GESTÃO DE PROMOÇÃO DA SAÚDE";"10";"SAÚDE";"302";"ASSISTÊNCIA HOSPITALAR E AMBULATORIAL";"2024";"3733";"";"0";"0";"100012604";"FOLHA DE PAGAMENTO";"45780103000150";"";"0";"PROPRIA";"31901101";"VENCIMENTO E SALARIOS";"FOLHA DE PAGAMENTO";"5102.14";"2024";"L";"29/01/2024";"0";"01/01/2024";"31/01/2024";"14"
"UNIDADE DE GESTÃO DE PROMOÇÃO DA SAÚDE";"10";"SAÚDE";"302";"ASSISTÊNCIA HOSPITALAR E AMBULATORIAL";"2024";"3734";"";"0";"0";"100012604";"FOLHA DE PAGAMENTO";"45780103000150";"";"0";"PROPRIA";"31901104";"ADICIONAL NOTURNO";"FOLHA DE PAGAMENTO";"3846.11";"2024";"L";"29/01/2024";"0";"01/01/2024";"31/01/2024";"14"
"UNIDADE DE GESTÃO DE PROMOÇÃO DA SAÚDE";"10";"SAÚDE";"302";"ASSISTÊNCIA HOSPITALAR E AMBULATORIAL";"2024";"3735";"";"0";"0";"100012604";"FOLHA DE PAGAMENTO";"45780103000150";"";"0";"PROPRIA";"31901107";"ABONO DE PERMANENCIA";"FOLHA DE PAGAMENTO";"10692.67";"2024";"L";"29/01/2024";"0";"01/01/2024";"31/01/2024";"14"
"UNIDADE DE GESTÃO DE PROMOÇÃO DA SAÚDE";"10";"SAÚDE";"302";"ASSISTÊNCIA HOSPITALAR E AMBULATORIAL";"2024";"3736";"";"0";"0";"100012604";"FOLHA DE PAGAMENTO";"45780103000150";"";"0";"PROPRIA";"31901109";"ADICIONAL DE PERICULOSIDADE";"FOLHA DE PAGAMENTO";"2091.22";"2024";"L";"29/01/2024";"0";"01/01/2024";"31/01/2024";"14"
"UNIDADE DE GESTÃO DE PROMOÇÃO DA SAÚDE";"10";"SAÚDE";"302";"ASSISTÊNCIA HOSPITALAR E AMBULATORIAL";"2024";"3737";"";"0";"0";"100012604";"FOLHA DE PAGAMENTO";"45780103000150";"";"0";"PROPRIA";"31901110";"ADICIONAL DE INSALUBRIDADE";"FOLHA DE PAGAMENTO";"72614.61";"2024";"L";"29/01/2024";"0";"01/01/2024";"31/01/2024";"14"
"UNIDADE DE GESTÃO DE PROMOÇÃO DA SAÚDE";"10";"SAÚDE";"302";"ASSISTÊNCIA HOSPITALAR E AMBULATORIAL";"2024";"3738";"";"0";"0";"100012604";"FOLHA DE PAGAMENTO";"45780103000150";"";"0";"PROPRIA";"31901110";"ADICIONAL DE INSALUBRIDADE";"FOLHA DE PAGAMENTO";"197.68";"2024";"L";"29/01/2024";"0";"01/01/2024";"31/01/2024";"14"
"UNIDADE DE GESTÃO DE PROMOÇÃO DA SAÚDE";"10";"SAÚDE";"302";"ASSISTÊNCIA HOSPITALAR E AMBULATORIAL";"2024";"3739";"";"0";"0";"100012604";"FOLHA DE PAGAMENTO";"45780103000150";"";"0";"PROPRIA";"31901137";"GRATIFICACOES POR TEMPO DE SERVICO";"FOLHA DE PAGAMENTO";"126754.9";"2024";"L";"29/01/2024";"0";"01/01/2024";"31/01/2024";"14"
"UNIDADE DE GESTÃO DE PROMOÇÃO DA SAÚDE";"10";"SAÚDE";"302";"ASSISTÊNCIA HOSPITALAR E AMBULATORIAL";"2024";"3740";"";"0";"0";"100012604";"FOLHA DE PAGAMENTO";"45780103000150";"";"0";"PROPRIA";"31901137";"GRATIFICACOES POR TEMPO DE SERVICO";"FOLHA DE PAGAMENTO";"1655.95";"2024";"L";"29/01/2024";"0";"01/01/2024";"31/01/2024";"14"
"UNIDADE DE GESTÃO DE PROMOÇÃO DA SAÚDE";"10";"SAÚDE";"302";"ASSISTÊNCIA HOSPITALAR E AMBULATORIAL";"2024";"3741";"";"0";"0";"100012604";"FOLHA DE PAGAMENTO";"45780103000150";"";"0";"PROPRIA";"31901144";"FÉRIAS - ABONO PECUNIARIO";"FOLHA DE PAGAMENTO";"51.3";"2024";"L";"29/01/2024";"0";"01/01/2024";"31/01/2024";"14"
"UNIDADE DE GESTÃO DE PROMOÇÃO DA SAÚDE";"10";"SAÚDE";"302";"ASSISTÊNCIA HOSPITALAR E AMBULATORIAL";"2024";"3742";"";"0";"0";"100012604";"FOLHA DE PAGAMENTO";"45780103000150";"";"0";"PROPRIA";"31901145";"FÉRIAS - ABONO CONSTITUICOES";"FOLHA DE PAGAMENTO";"1.85";"2024";"L";"29/01/2024";"0";"01/01/2024";"31/01/2024";"14"
"UNIDADE DE GESTÃO DE PROMOÇÃO DA SAÚDE";"10";"SAÚDE";"302";"ASSISTÊNCIA HOSPITALAR E AMBULATORIAL";"2024";"3743";"";"0";"0";"100012604";"FOLHA DE PAGAMENTO";"45780103000150";"";"0";"PROPRIA";"31901145";"FÉRIAS - ABONO CONSTITUICOES";"FOLHA DE PAGAMENTO";"427.5";"2024";"L";"29/01/2024";"0";"01/01/2024";"31/01/2024";"14"
"UNIDADE DE GESTÃO DE PROMOÇÃO DA SAÚDE";"10";"SAÚDE";"302";"ASSISTÊNCIA HOSPITALAR E AMBULATORIAL";"2024";"3744";"";"0";"0";"100012604";"FOLHA DE PAGAMENTO";"45780103000150";"";"0";"PROPRIA";"31901147";"LICENÇA PRÊMIO";"FOLHA DE PAGAMENTO";"19116.44";"2024";"L";"29/01/2024";"0";"01/01/2024";"31/01/2024";"14"
"UNIDADE DE GESTÃO DE PROMOÇÃO DA SAÚDE";"10";"SAÚDE";"302";"ASSISTÊNCIA HOSPITALAR E AMBULATORIAL";"2024";"3745";"";"0";"0";"100012604";"FOLHA DE PAGAMENTO";"45780103000150";"";"0";"PROPRIA";"31901151";"OUTROS ADICIONAIS. VANTAGENS. GRATIFICAÇÕES E OUTR";"FOLHA DE PAGAMENTO";"13851.99";"2024";"L";"29/01/2024";"0";"01/01/2024";"31/01/2024";"14"
"UNIDADE DE GESTÃO DE PROMOÇÃO DA SAÚDE";"10";"SAÚDE";"302";"ASSISTÊNCIA HOSPITALAR E AMBULATORIAL";"2024";"3746";"";"0";"0";"4000055";"FUNDO DE GARANTIA POR TEMPO DE SERVICO";"00360305000104";"";"0";"PROPRIA";"31901301";"FGTS";"FOLHA DE PAGAMENTO";"1630.78";"2024";"L";"29/01/2024";"0";"01/01/2024";"31/01/2024";"14"
"UNIDADE DE GESTÃO DE PROMOÇÃO DA SAÚDE";"10";"SAÚDE";"302";"ASSISTÊNCIA HOSPITALAR E AMBULATORIAL";"2024";"3747";"";"0";"0";"4016168";"I.N.S.S -INST.NACIONAL DE SEGURO SOCIAL";"29979036000140";"";"0";"PROPRIA";"31901302";"CONTRIBUICOES PREVIDENCIARIAS - INSS";"FOLHA DE PAGAMENTO";"5800.5";"2024";"L";"29/01/2024";"0";"01/01/2024";"31/01/2024";"14"
"UNIDADE DE GESTÃO DE PROMOÇÃO DA SAÚDE";"10";"SAÚDE";"302";"ASSISTÊNCIA HOSPITALAR E AMBULATORIAL";"2024";"3748";"";"0";"0";"4016168";"I.N.S.S -INST.NACIONAL DE SEGURO SOCIAL";"29979036000140";"";"0";"PROPRIA";"31901302";"CONTRIBUICOES PREVIDENCIARIAS - INSS";"FOLHA DE PAGAMENTO";"3474.43";"2024";"L";"29/01/2024";"0";"01/01/2024";"31/01/2024";"14"
"UNIDADE DE GESTÃO DE PROMOÇÃO DA SAÚDE";"10";"SAÚDE";"302";"ASSISTÊNCIA HOSPITALAR E AMBULATORIAL";"2024";"3749";"";"0";"0";"100012604";"FOLHA DE PAGAMENTO";"45780103000150";"";"0";"PROPRIA";"31901644";"SERVIÇOS EXTRAORDINÁRIOS";"FOLHA DE PAGAMENTO";"90856.61";"2024";"L";"29/01/2024";"0";"01/01/2024";"31/01/2024";"14"
"UNIDADE DE GESTÃO DE PROMOÇÃO DA SAÚDE";"10";"SAÚDE";"302";"ASSISTÊNCIA HOSPITALAR E AMBULATORIAL";"2024";"3750";"";"0";"0";"100004453";"IPREJUN-INST.PREVIDENCIA DO MUN.JUNDIAI";"05507216000161";"";"0";"PROPRIA";"31911308";"CONTRIBUIÇÕES PREVIDENCIÁRIAS - RPPS - PESSOAL ATI";"FOLHA DE PAGAMENTO";"366130.38";"2024";"L";"29/01/2024";"0";"01/01/2024";"31/01/2024";"14"
"UNIDADE DE GESTÃO DE PROMOÇÃO DA SAÚDE";"10";"SAÚDE";"302";"ASSISTÊNCIA HOSPITALAR E AMBULATORIAL";"2024";"3751";"";"0";"0";"100004453";"IPREJUN-INST.PREVIDENCIA DO MUN.JUNDIAI";"05507216000161";"";"0";"PROPRIA";"31911320";"ALÍQUOTA SUPLEMENTAR DE CONTRIBUIÇÃO PREVIDENCIÁRI";"FOLHA DE PAGAMENTO";"485959.66";"2024";"L";"29/01/2024";"0";"01/01/2024";"31/01/2024";"14"
"UNIDADE DE GESTÃO DE PROMOÇÃO DA SAÚDE";"10";"SAÚDE";"302";"ASSISTÊNCIA HOSPITALAR E AMBULATORIAL";"2024";"3752";"";"0";"0";"100012604";"FOLHA DE PAGAMENTO";"45780103000150";"";"0";"PROPRIA";"33904901";"INDENIZACAO AUXILIO TRANSPORTE";"FOLHA DE PAGAMENTO";"88286";"2024";"L";"29/01/2024";"0";"01/01/2024";"31/01/2024";"14"
"UNIDADE DE GESTÃO DE PROMOÇÃO DA SAÚDE";"10";"SAÚDE";"302";"ASSISTÊNCIA HOSPITALAR E AMBULATORIAL";"2024";"3753";"";"0";"0";"100012604";"FOLHA DE PAGAMENTO";"45780103000150";"";"0";"PROPRIA";"33904901";"INDENIZACAO AUXILIO TRANSPORTE";"FOLHA DE PAGAMENTO";"264";"2024";"L";"29/01/2024";"0";"01/01/2024";"31/01/2024";"14"
"UNIDADE DE GESTÃO DE PROMOÇÃO DA SAÚDE";"10";"SAÚDE";"302";"ASSISTÊNCIA HOSPITALAR E AMBULATORIAL";"2024";"3754";"";"0";"0";"100012604";"FOLHA DE PAGAMENTO";"45780103000150";"";"0";"PROPRIA";"33904901";"INDENIZACAO AUXILIO TRANSPORTE";"FOLHA DE PAGAMENTO";"154";"2024";"L";"29/01/2024";"0";"01/01/2024";"31/01/2024";"14"
"UNIDADE DE GESTÃO DE PROMOÇÃO DA SAÚDE";"10";"SAÚDE";"302";"ASSISTÊNCIA HOSPITALAR E AMBULATORIAL";"2024";"3755";"";"0";"0";"100012604";"FOLHA DE PAGAMENTO";"45780103000150";"";"0";"PROPRIA";"33904901";"INDENIZACAO AUXILIO TRANSPORTE";"FOLHA DE PAGAMENTO";"1188";"2024";"L";"29/01/2024";"0";"01/01/2024";"31/01/2024";"14"
"UNIDADE DE GESTÃO DE PROMOÇÃO DA SAÚDE";"10";"SAÚDE";"305";"VIGILÂNCIA EPIDEMIOLÓGICA";"2024";"3756";"";"0";"0";"100012604";"FOLHA DE PAGAMENTO";"45780103000150";"";"0";"PROPRIA";"31900411";"SALÁRIOS - CONTRATO TEMPORÁRIO";"FOLHA DE PAGAMENTO";"354.04";"2024";"L";"29/01/2024";"0";"01/01/2024";"31/01/2024";"14"
"UNIDADE DE GESTÃO DE PROMOÇÃO DA SAÚDE";"10";"SAÚDE";"305";"VIGILÂNCIA EPIDEMIOLÓGICA";"2024";"3757";"";"0";"0";"100012604";"FOLHA DE PAGAMENTO";"45780103000150";"";"0";"PROPRIA";"31901101";"VENCIMENTO E SALARIOS";"FOLHA DE PAGAMENTO";"276121.17";"2024";"L";"29/01/2024";"0";"01/01/2024";"31/01/2024";"14"
"UNIDADE DE GESTÃO DE PROMOÇÃO DA SAÚDE";"10";"SAÚDE";"305";"VIGILÂNCIA EPIDEMIOLÓGICA";"2024";"3758";"";"0";"0";"100012604";"FOLHA DE PAGAMENTO";"45780103000150";"";"0";"PROPRIA";"31901101";"VENCIMENTO E SALARIOS";"FOLHA DE PAGAMENTO";"4060.33";"2024";"L";"29/01/2024";"0";"01/01/2024";"31/01/2024";"14"
"UNIDADE DE GESTÃO DE PROMOÇÃO DA SAÚDE";"10";"SAÚDE";"305";"VIGILÂNCIA EPIDEMIOLÓGICA";"2024";"3759";"";"0";"0";"100012604";"FOLHA DE PAGAMENTO";"45780103000150";"";"0";"PROPRIA";"31901107";"ABONO DE PERMANENCIA";"FOLHA DE PAGAMENTO";"6410.14";"2024";"L";"29/01/2024";"0";"01/01/2024";"31/01/2024";"14"
"UNIDADE DE GESTÃO DE PROMOÇÃO DA SAÚDE";"10";"SAÚDE";"305";"VIGILÂNCIA EPIDEMIOLÓGICA";"2024";"3760";"";"0";"0";"100012604";"FOLHA DE PAGAMENTO";"45780103000150";"";"0";"PROPRIA";"31901110";"ADICIONAL DE INSALUBRIDADE";"FOLHA DE PAGAMENTO";"188.27";"2024";"L";"29/01/2024";"0";"01/01/2024";"31/01/2024";"14"
"UNIDADE DE GESTÃO DE PROMOÇÃO DA SAÚDE";"10";"SAÚDE";"305";"VIGILÂNCIA EPIDEMIOLÓGICA";"2024";"3761";"";"0";"0";"100012604";"FOLHA DE PAGAMENTO";"45780103000150";"";"0";"PROPRIA";"31901110";"ADICIONAL DE INSALUBRIDADE";"FOLHA DE PAGAMENTO";"10787.66";"2024";"L";"29/01/2024";"0";"01/01/2024";"31/01/2024";"14"
"UNIDADE DE GESTÃO DE PROMOÇÃO DA SAÚDE";"10";"SAÚDE";"305";"VIGILÂNCIA EPIDEMIOLÓGICA";"2024";"3762";"";"0";"0";"100012604";"FOLHA DE PAGAMENTO";"45780103000150";"";"0";"PROPRIA";"31901137";"GRATIFICACOES POR TEMPO DE SERVICO";"FOLHA DE PAGAMENTO";"42710.7";"2024";"L";"29/01/2024";"0";"01/01/2024";"31/01/2024";"14"
"UNIDADE DE GESTÃO DE PROMOÇÃO DA SAÚDE";"10";"SAÚDE";"305";"VIGILÂNCIA EPIDEMIOLÓGICA";"2024";"3763";"";"0";"0";"100012604";"FOLHA DE PAGAMENTO";"45780103000150";"";"0";"PROPRIA";"31901137";"GRATIFICACOES POR TEMPO DE SERVICO";"FOLHA DE PAGAMENTO";"869.6";"2024";"L";"29/01/2024";"0";"01/01/2024";"31/01/2024";"14"
"UNIDADE DE GESTÃO DE PROMOÇÃO DA SAÚDE";"10";"SAÚDE";"305";"VIGILÂNCIA EPIDEMIOLÓGICA";"2024";"3764";"";"0";"0";"100012604";"FOLHA DE PAGAMENTO";"45780103000150";"";"0";"PROPRIA";"31901145";"FÉRIAS - ABONO CONSTITUICOES";"FOLHA DE PAGAMENTO";"2.05";"2024";"L";"29/01/2024";"0";"01/01/2024";"31/01/2024";"14"
"UNIDADE DE GESTÃO DE PROMOÇÃO DA SAÚDE";"10";"SAÚDE";"305";"VIGILÂNCIA EPIDEMIOLÓGICA";"2024";"3765";"";"0";"0";"100012604";"FOLHA DE PAGAMENTO";"45780103000150";"";"0";"PROPRIA";"31901145";"FÉRIAS - ABONO CONSTITUICOES";"FOLHA DE PAGAMENTO";"30.61";"2024";"L";"29/01/2024";"0";"01/01/2024";"31/01/2024";"14"
"UNIDADE DE GESTÃO DE PROMOÇÃO DA SAÚDE";"10";"SAÚDE";"305";"VIGILÂNCIA EPIDEMIOLÓGICA";"2024";"3766";"";"0";"0";"100012604";"FOLHA DE PAGAMENTO";"45780103000150";"";"0";"PROPRIA";"31901147";"LICENÇA PRÊMIO";"FOLHA DE PAGAMENTO";"7307.13";"2024";"L";"29/01/2024";"0";"01/01/2024";"31/01/2024";"14"
"UNIDADE DE GESTÃO DE PROMOÇÃO DA SAÚDE";"10";"SAÚDE";"305";"VIGILÂNCIA EPIDEMIOLÓGICA";"2024";"3767";"";"0";"0";"100012604";"FOLHA DE PAGAMENTO";"45780103000150";"";"0";"PROPRIA";"31901151";"OUTROS ADICIONAIS. VANTAGENS. GRATIFICAÇÕES E OUTR";"FOLHA DE PAGAMENTO";"982.6";"2024";"L";"29/01/2024";"0";"01/01/2024";"31/01/2024";"14"
"UNIDADE DE GESTÃO DE PROMOÇÃO DA SAÚDE";"10";"SAÚDE";"305";"VIGILÂNCIA EPIDEMIOLÓGICA";"2024";"3768";"";"0";"0";"4000055";"FUNDO DE GARANTIA POR TEMPO DE SERVICO";"00360305000104";"";"0";"PROPRIA";"31901301";"FGTS";"FOLHA DE PAGAMENTO";"966.66";"2024";"L";"29/01/2024";"0";"01/01/2024";"31/01/2024";"14"
"UNIDADE DE GESTÃO DE PROMOÇÃO DA SAÚDE";"10";"SAÚDE";"305";"VIGILÂNCIA EPIDEMIOLÓGICA";"2024";"3769";"";"0";"0";"4016168";"I.N.S.S -INST.NACIONAL DE SEGURO SOCIAL";"29979036000140";"";"0";"PROPRIA";"31901302";"CONTRIBUICOES PREVIDENCIARIAS - INSS";"FOLHA DE PAGAMENTO";"3438.31";"2024";"L";"29/01/2024";"0";"01/01/2024";"31/01/2024";"14"
"UNIDADE DE GESTÃO DE PROMOÇÃO DA SAÚDE";"10";"SAÚDE";"305";"VIGILÂNCIA EPIDEMIOLÓGICA";"2024";"3770";"";"0";"0";"100012604";"FOLHA DE PAGAMENTO";"45780103000150";"";"0";"PROPRIA";"31901644";"SERVIÇOS EXTRAORDINÁRIOS";"FOLHA DE PAGAMENTO";"968.38";"2024";"L";"29/01/2024";"0";"01/01/2024";"31/01/2024";"14"
"UNIDADE DE GESTÃO DE PROMOÇÃO DA SAÚDE";"10";"SAÚDE";"305";"VIGILÂNCIA EPIDEMIOLÓGICA";"2024";"3771";"";"0";"0";"100004453";"IPREJUN-INST.PREVIDENCIA DO MUN.JUNDIAI";"05507216000161";"";"0";"PROPRIA";"31911308";"CONTRIBUIÇÕES PREVIDENCIÁRIAS - RPPS - PESSOAL ATI";"FOLHA DE PAGAMENTO";"77176.58";"2024";"L";"29/01/2024";"0";"01/01/2024";"31/01/2024";"14"
"UNIDADE DE GESTÃO DE PROMOÇÃO DA SAÚDE";"10";"SAÚDE";"305";"VIGILÂNCIA EPIDEMIOLÓGICA";"2024";"3772";"";"0";"0";"100004453";"IPREJUN-INST.PREVIDENCIA DO MUN.JUNDIAI";"05507216000161";"";"0";"PROPRIA";"31911320";"ALÍQUOTA SUPLEMENTAR DE CONTRIBUIÇÃO PREVIDENCIÁRI";"FOLHA DE PAGAMENTO";"102435.38";"2024";"L";"29/01/2024";"0";"01/01/2024";"31/01/2024";"14"
"UNIDADE DE GESTÃO DE PROMOÇÃO DA SAÚDE";"10";"SAÚDE";"305";"VIGILÂNCIA EPIDEMIOLÓGICA";"2024";"3773";"";"0";"0";"100012604";"FOLHA DE PAGAMENTO";"45780103000150";"";"0";"PROPRIA";"33904901";"INDENIZACAO AUXILIO TRANSPORTE";"FOLHA DE PAGAMENTO";"13046";"2024";"L";"29/01/2024";"0";"01/01/2024";"31/01/2024";"14"
"UNIDADE DE GESTÃO DE PROMOÇÃO DA SAÚDE";"10";"SAÚDE";"305";"VIGILÂNCIA EPIDEMIOLÓGICA";"2024";"3774";"";"0";"0";"100012604";"FOLHA DE PAGAMENTO";"45780103000150";"";"0";"PROPRIA";"33904901";"INDENIZACAO AUXILIO TRANSPORTE";"FOLHA DE PAGAMENTO";"264";"2024";"L";"29/01/2024";"0";"01/01/2024";"31/01/2024";"14"
"UNIDADE DE GESTÃO DE PROMOÇÃO DA SAÚDE";"10";"SAÚDE";"304";"VIGILÂNCIA SANITÁRIA";"2024";"3776";"";"0";"0";"100012604";"FOLHA DE PAGAMENTO";"45780103000150";"";"0";"PROPRIA";"31901101";"VENCIMENTO E SALARIOS";"FOLHA DE PAGAMENTO";"9051.61";"2024";"L";"29/01/2024";"0";"01/01/2024";"31/01/2024";"14"
"UNIDADE DE GESTÃO DE PROMOÇÃO DA SAÚDE";"10";"SAÚDE";"304";"VIGILÂNCIA SANITÁRIA";"2024";"3777";"";"0";"0";"100012604";"FOLHA DE PAGAMENTO";"45780103000150";"";"0";"PROPRIA";"31901101";"VENCIMENTO E SALARIOS";"FOLHA DE PAGAMENTO";"549601.58";"2024";"L";"29/01/2024";"0";"01/01/2024";"31/01/2024";"14"
"UNIDADE DE GESTÃO DE PROMOÇÃO DA SAÚDE";"10";"SAÚDE";"304";"VIGILÂNCIA SANITÁRIA";"2024";"3778";"";"0";"0";"100012604";"FOLHA DE PAGAMENTO";"45780103000150";"";"0";"PROPRIA";"31901101";"VENCIMENTO E SALARIOS";"FOLHA DE PAGAMENTO";"8834.62";"2024";"L";"29/01/2024";"0";"01/01/2024";"31/01/2024";"14"
"UNIDADE DE GESTÃO DE PROMOÇÃO DA SAÚDE";"10";"SAÚDE";"304";"VIGILÂNCIA SANITÁRIA";"2024";"3779";"";"0";"0";"100012604";"FOLHA DE PAGAMENTO";"45780103000150";"";"0";"PROPRIA";"31901107";"ABONO DE PERMANENCIA";"FOLHA DE PAGAMENTO";"10019.26";"2024";"L";"29/01/2024";"0";"01/01/2024";"31/01/2024";"14"
"UNIDADE DE GESTÃO DE PROMOÇÃO DA SAÚDE";"10";"SAÚDE";"304";"VIGILÂNCIA SANITÁRIA";"2024";"3780";"";"0";"0";"100012604";"FOLHA DE PAGAMENTO";"45780103000150";"";"0";"PROPRIA";"31901110";"ADICIONAL DE INSALUBRIDADE";"FOLHA DE PAGAMENTO";"188.27";"2024";"L";"29/01/2024";"0";"01/01/2024";"31/01/2024";"14"
"UNIDADE DE GESTÃO DE PROMOÇÃO DA SAÚDE";"10";"SAÚDE";"304";"VIGILÂNCIA SANITÁRIA";"2024";"3781";"";"0";"0";"100012604";"FOLHA DE PAGAMENTO";"45780103000150";"";"0";"PROPRIA";"31901110";"ADICIONAL DE INSALUBRIDADE";"FOLHA DE PAGAMENTO";"38909.59";"2024";"L";"29/01/2024";"0";"01/01/2024";"31/01/2024";"14"
"UNIDADE DE GESTÃO DE PROMOÇÃO DA SAÚDE";"10";"SAÚDE";"304";"VIGILÂNCIA SANITÁRIA";"2024";"3782";"";"0";"0";"100012604";"FOLHA DE PAGAMENTO";"45780103000150";"";"0";"PROPRIA";"31901133";"GRATIFICACOES POR EXERCICIO DE  FUNCOES";"FOLHA DE PAGAMENTO";"9103.37";"2024";"L";"29/01/2024";"0";"01/01/2024";"31/01/2024";"14"
"UNIDADE DE GESTÃO DE PROMOÇÃO DA SAÚDE";"10";"SAÚDE";"304";"VIGILÂNCIA SANITÁRIA";"2024";"3783";"";"0";"0";"100012604";"FOLHA DE PAGAMENTO";"45780103000150";"";"0";"PROPRIA";"31901137";"GRATIFICACOES POR TEMPO DE SERVICO";"FOLHA DE PAGAMENTO";"63105.25";"2024";"L";"29/01/2024";"0";"01/01/2024";"31/01/2024";"14"
"UNIDADE DE GESTÃO DE PROMOÇÃO DA SAÚDE";"10";"SAÚDE";"304";"VIGILÂNCIA SANITÁRIA";"2024";"3784";"";"0";"0";"100012604";"FOLHA DE PAGAMENTO";"45780103000150";"";"0";"PROPRIA";"31901137";"GRATIFICACOES POR TEMPO DE SERVICO";"FOLHA DE PAGAMENTO";"6468.54";"2024";"L";"29/01/2024";"0";"01/01/2024";"31/01/2024";"14"
"UNIDADE DE GESTÃO DE PROMOÇÃO DA SAÚDE";"10";"SAÚDE";"304";"VIGILÂNCIA SANITÁRIA";"2024";"3785";"";"0";"0";"100012604";"FOLHA DE PAGAMENTO";"45780103000150";"";"0";"PROPRIA";"31901144";"FÉRIAS - ABONO PECUNIARIO";"FOLHA DE PAGAMENTO";"18.83";"2024";"L";"29/01/2024";"0";"01/01/2024";"31/01/2024";"14"
"UNIDADE DE GESTÃO DE PROMOÇÃO DA SAÚDE";"10";"SAÚDE";"304";"VIGILÂNCIA SANITÁRIA";"2024";"3786";"";"0";"0";"100012604";"FOLHA DE PAGAMENTO";"45780103000150";"";"0";"PROPRIA";"31901145";"FÉRIAS - ABONO CONSTITUICOES";"FOLHA DE PAGAMENTO";"52.22";"2024";"L";"29/01/2024";"0";"01/01/2024";"31/01/2024";"14"
"UNIDADE DE GESTÃO DE PROMOÇÃO DA SAÚDE";"10";"SAÚDE";"304";"VIGILÂNCIA SANITÁRIA";"2024";"3787";"";"0";"0";"4000055";"FUNDO DE GARANTIA POR TEMPO DE SERVICO";"00360305000104";"";"0";"PROPRIA";"31901301";"FGTS";"FOLHA DE PAGAMENTO";"1534.06";"2024";"L";"29/01/2024";"0";"01/01/2024";"31/01/2024";"14"
"UNIDADE DE GESTÃO DE PROMOÇÃO DA SAÚDE";"10";"SAÚDE";"304";"VIGILÂNCIA SANITÁRIA";"2024";"3788";"";"0";"0";"4016168";"I.N.S.S -INST.NACIONAL DE SEGURO SOCIAL";"29979036000140";"";"0";"PROPRIA";"31901302";"CONTRIBUICOES PREVIDENCIARIAS - INSS";"FOLHA DE PAGAMENTO";"5456.46";"2024";"L";"29/01/2024";"0";"01/01/2024";"31/01/2024";"14"
"UNIDADE DE GESTÃO DE PROMOÇÃO DA SAÚDE";"10";"SAÚDE";"304";"VIGILÂNCIA SANITÁRIA";"2024";"3789";"";"0";"0";"4016168";"I.N.S.S -INST.NACIONAL DE SEGURO SOCIAL";"29979036000140";"";"0";"PROPRIA";"31901302";"CONTRIBUICOES PREVIDENCIARIAS - INSS";"FOLHA DE PAGAMENTO";"3126.98";"2024";"L";"29/01/2024";"0";"01/01/2024";"31/01/2024";"14"
"UNIDADE DE GESTÃO DE PROMOÇÃO DA SAÚDE";"10";"SAÚDE";"304";"VIGILÂNCIA SANITÁRIA";"2024";"3790";"";"0";"0";"100012604";"FOLHA DE PAGAMENTO";"45780103000150";"";"0";"PROPRIA";"31901644";"SERVIÇOS EXTRAORDINÁRIOS";"FOLHA DE PAGAMENTO";"57281.3";"2024";"L";"29/01/2024";"0";"01/01/2024";"31/01/2024";"14"
"UNIDADE DE GESTÃO DE PROMOÇÃO DA SAÚDE";"10";"SAÚDE";"304";"VIGILÂNCIA SANITÁRIA";"2024";"3791";"";"0";"0";"100004453";"IPREJUN-INST.PREVIDENCIA DO MUN.JUNDIAI";"05507216000161";"";"0";"PROPRIA";"31911308";"CONTRIBUIÇÕES PREVIDENCIÁRIAS - RPPS - PESSOAL ATI";"FOLHA DE PAGAMENTO";"139930.52";"2024";"L";"29/01/2024";"0";"01/01/2024";"31/01/2024";"14"
"UNIDADE DE GESTÃO DE PROMOÇÃO DA SAÚDE";"10";"SAÚDE";"304";"VIGILÂNCIA SANITÁRIA";"2024";"3792";"";"0";"0";"100004453";"IPREJUN-INST.PREVIDENCIA DO MUN.JUNDIAI";"05507216000161";"";"0";"PROPRIA";"31911320";"ALÍQUOTA SUPLEMENTAR DE CONTRIBUIÇÃO PREVIDENCIÁRI";"FOLHA DE PAGAMENTO";"185727.85";"2024";"L";"29/01/2024";"0";"01/01/2024";"31/01/2024";"14"
"UNIDADE DE GESTÃO DE PROMOÇÃO DA SAÚDE";"10";"SAÚDE";"304";"VIGILÂNCIA SANITÁRIA";"2024";"3793";"";"0";"0";"100012604";"FOLHA DE PAGAMENTO";"45780103000150";"";"0";"PROPRIA";"33904901";"INDENIZACAO AUXILIO TRANSPORTE";"FOLHA DE PAGAMENTO";"37796";"2024";"L";"29/01/2024";"0";"01/01/2024";"31/01/2024";"14"
"UNIDADE DE GESTÃO DE PROMOÇÃO DA SAÚDE";"10";"SAÚDE";"304";"VIGILÂNCIA SANITÁRIA";"2024";"3794";"";"0";"0";"100012604";"FOLHA DE PAGAMENTO";"45780103000150";"";"0";"PROPRIA";"33904901";"INDENIZACAO AUXILIO TRANSPORTE";"FOLHA DE PAGAMENTO";"440";"2024";"L";"29/01/2024";"0";"01/01/2024";"31/01/2024";"14"
"UNIDADE DE GESTÃO DE PROMOÇÃO DA SAÚDE";"10";"SAÚDE";"304";"VIGILÂNCIA SANITÁRIA";"2024";"3795";"";"0";"0";"100012604";"FOLHA DE PAGAMENTO";"45780103000150";"";"0";"PROPRIA";"33904901";"INDENIZACAO AUXILIO TRANSPORTE";"FOLHA DE PAGAMENTO";"154";"2024";"L";"29/01/2024";"0";"01/01/2024";"31/01/2024";"14"
"UNIDADE DE GESTÃO DE PROMOÇÃO DA SAÚDE";"10";"SAÚDE";"303";"SUPORTE PROFILÁTICO E TERAPÊUTICO";"2024";"3796";"";"0";"0";"100012604";"FOLHA DE PAGAMENTO";"45780103000150";"";"0";"PROPRIA";"31900411";"SALÁRIOS - CONTRATO TEMPORÁRIO";"FOLHA DE PAGAMENTO";"7136.22";"2024";"L";"29/01/2024";"0";"01/01/2024";"31/01/2024";"14"
"UNIDADE DE GESTÃO DE PROMOÇÃO DA SAÚDE";"10";"SAÚDE";"303";"SUPORTE PROFILÁTICO E TERAPÊUTICO";"2024";"3797";"";"0";"0";"100012604";"FOLHA DE PAGAMENTO";"45780103000150";"";"0";"PROPRIA";"31900411";"SALÁRIOS - CONTRATO TEMPORÁRIO";"FOLHA DE PAGAMENTO";"225.92";"2024";"L";"29/01/2024";"0";"01/01/2024";"31/01/2024";"14"
"UNIDADE DE GESTÃO DE PROMOÇÃO DA SAÚDE";"10";"SAÚDE";"303";"SUPORTE PROFILÁTICO E TERAPÊUTICO";"2024";"3798";"";"0";"0";"4016168";"I.N.S.S -INST.NACIONAL DE SEGURO SOCIAL";"29979036000140";"";"0";"PROPRIA";"31900416";"OBRIGAÇÕES PATRONAIS - INSS - CONTRATO TEMPORÁRIO";"FOLHA DE PAGAMENTO";"2094.9";"2024";"L";"29/01/2024";"0";"01/01/2024";"31/01/2024";"14"
"UNIDADE DE GESTÃO DE PROMOÇÃO DA SAÚDE";"10";"SAÚDE";"303";"SUPORTE PROFILÁTICO E TERAPÊUTICO";"2024";"3799";"";"0";"0";"100012604";"FOLHA DE PAGAMENTO";"45780103000150";"";"0";"PROPRIA";"31901101";"VENCIMENTO E SALARIOS";"FOLHA DE PAGAMENTO";"188106.34";"2024";"L";"29/01/2024";"0";"01/01/2024";"31/01/2024";"14"
"UNIDADE DE GESTÃO DE PROMOÇÃO DA SAÚDE";"10";"SAÚDE";"303";"SUPORTE PROFILÁTICO E TERAPÊUTICO";"2024";"3800";"";"0";"0";"100012604";"FOLHA DE PAGAMENTO";"45780103000150";"";"0";"PROPRIA";"31901101";"VENCIMENTO E SALARIOS";"FOLHA DE PAGAMENTO";"5452.43";"2024";"L";"29/01/2024";"0";"01/01/2024";"31/01/2024";"14"
"UNIDADE DE GESTÃO DE PROMOÇÃO DA SAÚDE";"10";"SAÚDE";"303";"SUPORTE PROFILÁTICO E TERAPÊUTICO";"2024";"3801";"";"0";"0";"100012604";"FOLHA DE PAGAMENTO";"45780103000150";"";"0";"PROPRIA";"31901101";"VENCIMENTO E SALARIOS";"FOLHA DE PAGAMENTO";"2495.66";"2024";"L";"29/01/2024";"0";"01/01/2024";"31/01/2024";"14"
"UNIDADE DE GESTÃO DE PROMOÇÃO DA SAÚDE";"10";"SAÚDE";"303";"SUPORTE PROFILÁTICO E TERAPÊUTICO";"2024";"3802";"";"0";"0";"100012604";"FOLHA DE PAGAMENTO";"45780103000150";"";"0";"PROPRIA";"31901110";"ADICIONAL DE INSALUBRIDADE";"FOLHA DE PAGAMENTO";"282.4";"2024";"L";"29/01/2024";"0";"01/01/2024";"31/01/2024";"14"
"UNIDADE DE GESTÃO DE PROMOÇÃO DA SAÚDE";"10";"SAÚDE";"303";"SUPORTE PROFILÁTICO E TERAPÊUTICO";"2024";"3803";"";"0";"0";"100012604";"FOLHA DE PAGAMENTO";"45780103000150";"";"0";"PROPRIA";"31901110";"ADICIONAL DE INSALUBRIDADE";"FOLHA DE PAGAMENTO";"8829.71";"2024";"L";"29/01/2024";"0";"01/01/2024";"31/01/2024";"14"
"UNIDADE DE GESTÃO DE PROMOÇÃO DA SAÚDE";"10";"SAÚDE";"303";"SUPORTE PROFILÁTICO E TERAPÊUTICO";"2024";"3804";"";"0";"0";"100012604";"FOLHA DE PAGAMENTO";"45780103000150";"";"0";"PROPRIA";"31901133";"GRATIFICACOES POR EXERCICIO DE  FUNCOES";"FOLHA DE PAGAMENTO";"7319.9";"2024";"L";"29/01/2024";"0";"01/01/2024";"31/01/2024";"14"
"UNIDADE DE GESTÃO DE PROMOÇÃO DA SAÚDE";"10";"SAÚDE";"303";"SUPORTE PROFILÁTICO E TERAPÊUTICO";"2024";"3805";"";"0";"0";"100012604";"FOLHA DE PAGAMENTO";"45780103000150";"";"0";"PROPRIA";"31901137";"GRATIFICACOES POR TEMPO DE SERVICO";"FOLHA DE PAGAMENTO";"1908.35";"2024";"L";"29/01/2024";"0";"01/01/2024";"31/01/2024";"14"
"UNIDADE DE GESTÃO DE PROMOÇÃO DA SAÚDE";"10";"SAÚDE";"303";"SUPORTE PROFILÁTICO E TERAPÊUTICO";"2024";"3806";"";"0";"0";"100012604";"FOLHA DE PAGAMENTO";"45780103000150";"";"0";"PROPRIA";"31901137";"GRATIFICACOES POR TEMPO DE SERVICO";"FOLHA DE PAGAMENTO";"19804.07";"2024";"L";"29/01/2024";"0";"01/01/2024";"31/01/2024";"14"
"UNIDADE DE GESTÃO DE PROMOÇÃO DA SAÚDE";"10";"SAÚDE";"303";"SUPORTE PROFILÁTICO E TERAPÊUTICO";"2024";"3807";"";"0";"0";"100012604";"FOLHA DE PAGAMENTO";"45780103000150";"";"0";"PROPRIA";"31901144";"FÉRIAS - ABONO PECUNIARIO";"FOLHA DE PAGAMENTO";"8.37";"2024";"L";"29/01/2024";"0";"01/01/2024";"31/01/2024";"14"
"UNIDADE DE GESTÃO DE PROMOÇÃO DA SAÚDE";"10";"SAÚDE";"303";"SUPORTE PROFILÁTICO E TERAPÊUTICO";"2024";"3808";"";"0";"0";"100012604";"FOLHA DE PAGAMENTO";"45780103000150";"";"0";"PROPRIA";"31901145";"FÉRIAS - ABONO CONSTITUICOES";"FOLHA DE PAGAMENTO";"15.39";"2024";"L";"29/01/2024";"0";"01/01/2024";"31/01/2024";"14"
"UNIDADE DE GESTÃO DE PROMOÇÃO DA SAÚDE";"10";"SAÚDE";"303";"SUPORTE PROFILÁTICO E TERAPÊUTICO";"2024";"3809";"";"0";"0";"4000055";"FUNDO DE GARANTIA POR TEMPO DE SERVICO";"00360305000104";"";"0";"PROPRIA";"31901301";"FGTS";"FOLHA DE PAGAMENTO";"928.53";"2024";"L";"29/01/2024";"0";"01/01/2024";"31/01/2024";"14"
"UNIDADE DE GESTÃO DE PROMOÇÃO DA SAÚDE";"10";"SAÚDE";"303";"SUPORTE PROFILÁTICO E TERAPÊUTICO";"2024";"3810";"";"0";"0";"4016168";"I.N.S.S -INST.NACIONAL DE SEGURO SOCIAL";"29979036000140";"";"0";"PROPRIA";"31901302";"CONTRIBUICOES PREVIDENCIARIAS - INSS";"FOLHA DE PAGAMENTO";"1163.54";"2024";"L";"29/01/2024";"0";"01/01/2024";"31/01/2024";"14"
"UNIDADE DE GESTÃO DE PROMOÇÃO DA SAÚDE";"10";"SAÚDE";"303";"SUPORTE PROFILÁTICO E TERAPÊUTICO";"2024";"3811";"";"0";"0";"4016168";"I.N.S.S -INST.NACIONAL DE SEGURO SOCIAL";"29979036000140";"";"0";"PROPRIA";"31901302";"CONTRIBUICOES PREVIDENCIARIAS - INSS";"FOLHA DE PAGAMENTO";"3302.68";"2024";"L";"29/01/2024";"0";"01/01/2024";"31/01/2024";"14"
"UNIDADE DE GESTÃO DE PROMOÇÃO DA SAÚDE";"10";"SAÚDE";"303";"SUPORTE PROFILÁTICO E TERAPÊUTICO";"2024";"3812";"";"0";"0";"100012604";"FOLHA DE PAGAMENTO";"45780103000150";"";"0";"PROPRIA";"31901644";"SERVIÇOS EXTRAORDINÁRIOS";"FOLHA DE PAGAMENTO";"2933.73";"2024";"L";"29/01/2024";"0";"01/01/2024";"31/01/2024";"14"
"UNIDADE DE GESTÃO DE PROMOÇÃO DA SAÚDE";"10";"SAÚDE";"303";"SUPORTE PROFILÁTICO E TERAPÊUTICO";"2024";"3813";"";"0";"0";"100004453";"IPREJUN-INST.PREVIDENCIA DO MUN.JUNDIAI";"05507216000161";"";"0";"PROPRIA";"31911308";"CONTRIBUIÇÕES PREVIDENCIÁRIAS - RPPS - PESSOAL ATI";"FOLHA DE PAGAMENTO";"48580.51";"2024";"L";"29/01/2024";"0";"01/01/2024";"31/01/2024";"14"
"UNIDADE DE GESTÃO DE PROMOÇÃO DA SAÚDE";"10";"SAÚDE";"303";"SUPORTE PROFILÁTICO E TERAPÊUTICO";"2024";"3814";"";"0";"0";"100004453";"IPREJUN-INST.PREVIDENCIA DO MUN.JUNDIAI";"05507216000161";"";"0";"PROPRIA";"31911320";"ALÍQUOTA SUPLEMENTAR DE CONTRIBUIÇÃO PREVIDENCIÁRI";"FOLHA DE PAGAMENTO";"64480.29";"2024";"L";"29/01/2024";"0";"01/01/2024";"31/01/2024";"14"
"UNIDADE DE GESTÃO DE PROMOÇÃO DA SAÚDE";"10";"SAÚDE";"303";"SUPORTE PROFILÁTICO E TERAPÊUTICO";"2024";"3815";"";"0";"0";"100012604";"FOLHA DE PAGAMENTO";"45780103000150";"";"0";"PROPRIA";"33904901";"INDENIZACAO AUXILIO TRANSPORTE";"FOLHA DE PAGAMENTO";"396";"2024";"L";"29/01/2024";"0";"01/01/2024";"31/01/2024";"14"
"UNIDADE DE GESTÃO DE PROMOÇÃO DA SAÚDE";"10";"SAÚDE";"303";"SUPORTE PROFILÁTICO E TERAPÊUTICO";"2024";"3816";"";"0";"0";"100012604";"FOLHA DE PAGAMENTO";"45780103000150";"";"0";"PROPRIA";"33904901";"INDENIZACAO AUXILIO TRANSPORTE";"FOLHA DE PAGAMENTO";"17952";"2024";"L";"29/01/2024";"0";"01/01/2024";"31/01/2024";"14"
"UNIDADE DE GESTÃO DE PROMOÇÃO DA SAÚDE";"10";"SAÚDE";"303";"SUPORTE PROFILÁTICO E TERAPÊUTICO";"2024";"3817";"";"0";"0";"100012604";"FOLHA DE PAGAMENTO";"45780103000150";"";"0";"PROPRIA";"33904901";"INDENIZACAO AUXILIO TRANSPORTE";"FOLHA DE PAGAMENTO";"374";"2024";"L";"29/01/2024";"0";"01/01/2024";"31/01/2024";"14"
"UNIDADE GESTÃO DE ASSISTÊNCIA E DESENVOLV. SOCIAL";"8";"ASSISTÊNCIA SOCIAL";"244";"ASSISTÊNCIA COMUNITÁRIA";"2024";"3819";"";"0";"0";"100012604";"FOLHA DE PAGAMENTO";"45780103000150";"";"0";"PROPRIA";"31901101";"VENCIMENTO E SALARIOS";"FOLHA DE PAGAMENTO";"253060.72";"2024";"L";"29/01/2024";"0";"01/01/2024";"31/01/2024";"15"
"UNIDADE GESTÃO DE ASSISTÊNCIA E DESENVOLV. SOCIAL";"8";"ASSISTÊNCIA SOCIAL";"244";"ASSISTÊNCIA COMUNITÁRIA";"2024";"3820";"";"0";"0";"100012604";"FOLHA DE PAGAMENTO";"45780103000150";"";"0";"PROPRIA";"31901104";"ADICIONAL NOTURNO";"FOLHA DE PAGAMENTO";"6.88";"2024";"L";"29/01/2024";"0";"01/01/2024";"31/01/2024";"15"
"UNIDADE GESTÃO DE ASSISTÊNCIA E DESENVOLV. SOCIAL";"8";"ASSISTÊNCIA SOCIAL";"244";"ASSISTÊNCIA COMUNITÁRIA";"2024";"3821";"";"0";"0";"100012604";"FOLHA DE PAGAMENTO";"45780103000150";"";"0";"PROPRIA";"31901107";"ABONO DE PERMANENCIA";"FOLHA DE PAGAMENTO";"3352.44";"2024";"L";"29/01/2024";"0";"01/01/2024";"31/01/2024";"15"
"UNIDADE GESTÃO DE ASSISTÊNCIA E DESENVOLV. SOCIAL";"8";"ASSISTÊNCIA SOCIAL";"244";"ASSISTÊNCIA COMUNITÁRIA";"2024";"3822";"";"0";"0";"100012604";"FOLHA DE PAGAMENTO";"45780103000150";"";"0";"PROPRIA";"31901131";"GRATIFICACOES POR EXERCICIO DE  CARGO";"FOLHA DE PAGAMENTO";"5477.38";"2024";"L";"29/01/2024";"0";"01/01/2024";"31/01/2024";"15"
"UNIDADE GESTÃO DE ASSISTÊNCIA E DESENVOLV. SOCIAL";"8";"ASSISTÊNCIA SOCIAL";"244";"ASSISTÊNCIA COMUNITÁRIA";"2024";"3823";"";"0";"0";"100012604";"FOLHA DE PAGAMENTO";"45780103000150";"";"0";"PROPRIA";"31901133";"GRATIFICACOES POR EXERCICIO DE  FUNCOES";"FOLHA DE PAGAMENTO";"5488.57";"2024";"L";"29/01/2024";"0";"01/01/2024";"31/01/2024";"15"
"UNIDADE GESTÃO DE ASSISTÊNCIA E DESENVOLV. SOCIAL";"8";"ASSISTÊNCIA SOCIAL";"244";"ASSISTÊNCIA COMUNITÁRIA";"2024";"3824";"";"0";"0";"100012604";"FOLHA DE PAGAMENTO";"45780103000150";"";"0";"PROPRIA";"31901137";"GRATIFICACOES POR TEMPO DE SERVICO";"FOLHA DE PAGAMENTO";"24731.01";"2024";"L";"29/01/2024";"0";"01/01/2024";"31/01/2024";"15"
"UNIDADE GESTÃO DE ASSISTÊNCIA E DESENVOLV. SOCIAL";"8";"ASSISTÊNCIA SOCIAL";"244";"ASSISTÊNCIA COMUNITÁRIA";"2024";"3825";"";"0";"0";"100012604";"FOLHA DE PAGAMENTO";"45780103000150";"";"0";"PROPRIA";"31901644";"SERVIÇOS EXTRAORDINÁRIOS";"FOLHA DE PAGAMENTO";"12817.57";"2024";"L";"29/01/2024";"0";"01/01/2024";"31/01/2024";"15"
"UNIDADE GESTÃO DE ASSISTÊNCIA E DESENVOLV. SOCIAL";"8";"ASSISTÊNCIA SOCIAL";"244";"ASSISTÊNCIA COMUNITÁRIA";"2024";"3826";"";"0";"0";"100004453";"IPREJUN-INST.PREVIDENCIA DO MUN.JUNDIAI";"05507216000161";"";"0";"PROPRIA";"31911308";"CONTRIBUIÇÕES PREVIDENCIÁRIAS - RPPS - PESSOAL ATI";"FOLHA DE PAGAMENTO";"64871.24";"2024";"L";"29/01/2024";"0";"01/01/2024";"31/01/2024";"15"
"UNIDADE GESTÃO DE ASSISTÊNCIA E DESENVOLV. SOCIAL";"8";"ASSISTÊNCIA SOCIAL";"244";"ASSISTÊNCIA COMUNITÁRIA";"2024";"3827";"";"0";"0";"100004453";"IPREJUN-INST.PREVIDENCIA DO MUN.JUNDIAI";"05507216000161";"";"0";"PROPRIA";"31911320";"ALÍQUOTA SUPLEMENTAR DE CONTRIBUIÇÃO PREVIDENCIÁRI";"FOLHA DE PAGAMENTO";"86102.71";"2024";"L";"29/01/2024";"0";"01/01/2024";"31/01/2024";"15"
"UNIDADE GESTÃO DE ASSISTÊNCIA E DESENVOLV. SOCIAL";"8";"ASSISTÊNCIA SOCIAL";"244";"ASSISTÊNCIA COMUNITÁRIA";"2024";"3828";"";"0";"0";"100012604";"FOLHA DE PAGAMENTO";"45780103000150";"";"0";"PROPRIA";"33904901";"INDENIZACAO AUXILIO TRANSPORTE";"FOLHA DE PAGAMENTO";"17336";"2024";"L";"29/01/2024";"0";"01/01/2024";"31/01/2024";"15"
"UNIDADE GESTÃO DE ASSISTÊNCIA E DESENVOLV. SOCIAL";"8";"ASSISTÊNCIA SOCIAL";"244";"ASSISTÊNCIA COMUNITÁRIA";"2024";"3830";"";"0";"0";"100012604";"FOLHA DE PAGAMENTO";"45780103000150";"";"0";"PROPRIA";"31901101";"VENCIMENTO E SALARIOS";"FOLHA DE PAGAMENTO";"121315.22";"2024";"L";"29/01/2024";"0";"01/01/2024";"31/01/2024";"15"
"UNIDADE GESTÃO DE ASSISTÊNCIA E DESENVOLV. SOCIAL";"8";"ASSISTÊNCIA SOCIAL";"244";"ASSISTÊNCIA COMUNITÁRIA";"2024";"3831";"";"0";"0";"100012604";"FOLHA DE PAGAMENTO";"45780103000150";"";"0";"PROPRIA";"31901101";"VENCIMENTO E SALARIOS";"FOLHA DE PAGAMENTO";"3002.45";"2024";"L";"29/01/2024";"0";"01/01/2024";"31/01/2024";"15"
"UNIDADE GESTÃO DE ASSISTÊNCIA E DESENVOLV. SOCIAL";"8";"ASSISTÊNCIA SOCIAL";"244";"ASSISTÊNCIA COMUNITÁRIA";"2024";"3832";"";"0";"0";"100012604";"FOLHA DE PAGAMENTO";"45780103000150";"";"0";"PROPRIA";"31901101";"VENCIMENTO E SALARIOS";"FOLHA DE PAGAMENTO";"59694.72";"2024";"L";"29/01/2024";"0";"01/01/2024";"31/01/2024";"15"
"UNIDADE GESTÃO DE ASSISTÊNCIA E DESENVOLV. SOCIAL";"8";"ASSISTÊNCIA SOCIAL";"244";"ASSISTÊNCIA COMUNITÁRIA";"2024";"3833";"";"0";"0";"100012604";"FOLHA DE PAGAMENTO";"45780103000150";"";"0";"PROPRIA";"31901107";"ABONO DE PERMANENCIA";"FOLHA DE PAGAMENTO";"2888.66";"2024";"L";"29/01/2024";"0";"01/01/2024";"31/01/2024";"15"
"UNIDADE GESTÃO DE ASSISTÊNCIA E DESENVOLV. SOCIAL";"8";"ASSISTÊNCIA SOCIAL";"244";"ASSISTÊNCIA COMUNITÁRIA";"2024";"3834";"";"0";"0";"100012604";"FOLHA DE PAGAMENTO";"45780103000150";"";"0";"PROPRIA";"31901133";"GRATIFICACOES POR EXERCICIO DE  FUNCOES";"FOLHA DE PAGAMENTO";"3298.96";"2024";"L";"29/01/2024";"0";"01/01/2024";"31/01/2024";"15"
"UNIDADE GESTÃO DE ASSISTÊNCIA E DESENVOLV. SOCIAL";"8";"ASSISTÊNCIA SOCIAL";"244";"ASSISTÊNCIA COMUNITÁRIA";"2024";"3835";"";"0";"0";"100012604";"FOLHA DE PAGAMENTO";"45780103000150";"";"0";"PROPRIA";"31901137";"GRATIFICACOES POR TEMPO DE SERVICO";"FOLHA DE PAGAMENTO";"11461.46";"2024";"L";"29/01/2024";"0";"01/01/2024";"31/01/2024";"15"
"UNIDADE GESTÃO DE ASSISTÊNCIA E DESENVOLV. SOCIAL";"8";"ASSISTÊNCIA SOCIAL";"244";"ASSISTÊNCIA COMUNITÁRIA";"2024";"3836";"";"0";"0";"100012604";"FOLHA DE PAGAMENTO";"45780103000150";"";"0";"PROPRIA";"31901137";"GRATIFICACOES POR TEMPO DE SERVICO";"FOLHA DE PAGAMENTO";"1229.74";"2024";"L";"29/01/2024";"0";"01/01/2024";"31/01/2024";"15"
"UNIDADE GESTÃO DE ASSISTÊNCIA E DESENVOLV. SOCIAL";"8";"ASSISTÊNCIA SOCIAL";"244";"ASSISTÊNCIA COMUNITÁRIA";"2024";"3837";"";"0";"0";"100012604";"FOLHA DE PAGAMENTO";"45780103000150";"";"0";"PROPRIA";"31901175";"SUBSÍDIOS - AGENTES POLÍTICOS";"FOLHA DE PAGAMENTO";"19312.03";"2024";"L";"29/01/2024";"0";"01/01/2024";"31/01/2024";"15"
"UNIDADE GESTÃO DE ASSISTÊNCIA E DESENVOLV. SOCIAL";"8";"ASSISTÊNCIA SOCIAL";"244";"ASSISTÊNCIA COMUNITÁRIA";"2024";"3838";"";"0";"0";"4000055";"FUNDO DE GARANTIA POR TEMPO DE SERVICO";"00360305000104";"";"0";"PROPRIA";"31901301";"FGTS";"FOLHA DE PAGAMENTO";"1013.3";"2024";"L";"29/01/2024";"0";"01/01/2024";"31/01/2024";"15"
"UNIDADE GESTÃO DE ASSISTÊNCIA E DESENVOLV. SOCIAL";"8";"ASSISTÊNCIA SOCIAL";"244";"ASSISTÊNCIA COMUNITÁRIA";"2024";"3842";"";"0";"0";"100012604";"FOLHA DE PAGAMENTO";"45780103000150";"";"0";"PROPRIA";"31901644";"SERVIÇOS EXTRAORDINÁRIOS";"FOLHA DE PAGAMENTO";"7905.91";"2024";"L";"29/01/2024";"0";"01/01/2024";"31/01/2024";"15"
"UNIDADE GESTÃO DE ASSISTÊNCIA E DESENVOLV. SOCIAL";"8";"ASSISTÊNCIA SOCIAL";"244";"ASSISTÊNCIA COMUNITÁRIA";"2024";"3843";"";"0";"0";"100004453";"IPREJUN-INST.PREVIDENCIA DO MUN.JUNDIAI";"05507216000161";"";"0";"PROPRIA";"31911308";"CONTRIBUIÇÕES PREVIDENCIÁRIAS - RPPS - PESSOAL ATI";"FOLHA DE PAGAMENTO";"29251.26";"2024";"L";"29/01/2024";"0";"01/01/2024";"31/01/2024";"15"
"UNIDADE GESTÃO DE ASSISTÊNCIA E DESENVOLV. SOCIAL";"8";"ASSISTÊNCIA SOCIAL";"244";"ASSISTÊNCIA COMUNITÁRIA";"2024";"3844";"";"0";"0";"100004453";"IPREJUN-INST.PREVIDENCIA DO MUN.JUNDIAI";"05507216000161";"";"0";"PROPRIA";"31911320";"ALÍQUOTA SUPLEMENTAR DE CONTRIBUIÇÃO PREVIDENCIÁRI";"FOLHA DE PAGAMENTO";"38824.81";"2024";"L";"29/01/2024";"0";"01/01/2024";"31/01/2024";"15"
"UNIDADE GESTÃO DE ASSISTÊNCIA E DESENVOLV. SOCIAL";"8";"ASSISTÊNCIA SOCIAL";"244";"ASSISTÊNCIA COMUNITÁRIA";"2024";"3845";"";"0";"0";"100012604";"FOLHA DE PAGAMENTO";"45780103000150";"";"0";"PROPRIA";"33904901";"INDENIZACAO AUXILIO TRANSPORTE";"FOLHA DE PAGAMENTO";"264";"2024";"L";"29/01/2024";"0";"01/01/2024";"31/01/2024";"15"
"UNIDADE GESTÃO DE ASSISTÊNCIA E DESENVOLV. SOCIAL";"8";"ASSISTÊNCIA SOCIAL";"244";"ASSISTÊNCIA COMUNITÁRIA";"2024";"3846";"";"0";"0";"100012604";"FOLHA DE PAGAMENTO";"45780103000150";"";"0";"PROPRIA";"33904901";"INDENIZACAO AUXILIO TRANSPORTE";"FOLHA DE PAGAMENTO";"3806";"2024";"L";"29/01/2024";"0";"01/01/2024";"31/01/2024";"15"
"UNIDADE GESTÃO DE ASSISTÊNCIA E DESENVOLV. SOCIAL";"8";"ASSISTÊNCIA SOCIAL";"244";"ASSISTÊNCIA COMUNITÁRIA";"2024";"3847";"";"0";"0";"100012604";"FOLHA DE PAGAMENTO";"45780103000150";"";"0";"PROPRIA";"33904901";"INDENIZACAO AUXILIO TRANSPORTE";"FOLHA DE PAGAMENTO";"12210";"2024";"L";"29/01/2024";"0";"01/01/2024";"31/01/2024";"15"
"UNIDADE GESTÃO DE ASSISTÊNCIA E DESENVOLV. SOCIAL";"8";"ASSISTÊNCIA SOCIAL";"244";"ASSISTÊNCIA COMUNITÁRIA";"2024";"3849";"";"0";"0";"100012604";"FOLHA DE PAGAMENTO";"45780103000150";"";"0";"PROPRIA";"31901101";"VENCIMENTO E SALARIOS";"FOLHA DE PAGAMENTO";"219146.97";"2024";"L";"29/01/2024";"0";"01/01/2024";"31/01/2024";"15"
"UNIDADE GESTÃO DE ASSISTÊNCIA E DESENVOLV. SOCIAL";"8";"ASSISTÊNCIA SOCIAL";"244";"ASSISTÊNCIA COMUNITÁRIA";"2024";"3850";"";"0";"0";"100012604";"FOLHA DE PAGAMENTO";"45780103000150";"";"0";"PROPRIA";"31901101";"VENCIMENTO E SALARIOS";"FOLHA DE PAGAMENTO";"4893.14";"2024";"L";"29/01/2024";"0";"01/01/2024";"31/01/2024";"15"
"UNIDADE GESTÃO DE ASSISTÊNCIA E DESENVOLV. SOCIAL";"8";"ASSISTÊNCIA SOCIAL";"244";"ASSISTÊNCIA COMUNITÁRIA";"2024";"3851";"";"0";"0";"100012604";"FOLHA DE PAGAMENTO";"45780103000150";"";"0";"PROPRIA";"31901104";"ADICIONAL NOTURNO";"FOLHA DE PAGAMENTO";"122.3";"2024";"L";"29/01/2024";"0";"01/01/2024";"31/01/2024";"15"
"UNIDADE GESTÃO DE ASSISTÊNCIA E DESENVOLV. SOCIAL";"8";"ASSISTÊNCIA SOCIAL";"244";"ASSISTÊNCIA COMUNITÁRIA";"2024";"3852";"";"0";"0";"100012604";"FOLHA DE PAGAMENTO";"45780103000150";"";"0";"PROPRIA";"31901131";"GRATIFICACOES POR EXERCICIO DE  CARGO";"FOLHA DE PAGAMENTO";"1763.81";"2024";"L";"29/01/2024";"0";"01/01/2024";"31/01/2024";"15"
"UNIDADE GESTÃO DE ASSISTÊNCIA E DESENVOLV. SOCIAL";"8";"ASSISTÊNCIA SOCIAL";"244";"ASSISTÊNCIA COMUNITÁRIA";"2024";"3853";"";"0";"0";"100012604";"FOLHA DE PAGAMENTO";"45780103000150";"";"0";"PROPRIA";"31901133";"GRATIFICACOES POR EXERCICIO DE  FUNCOES";"FOLHA DE PAGAMENTO";"12649.18";"2024";"L";"29/01/2024";"0";"01/01/2024";"31/01/2024";"15"
"UNIDADE GESTÃO DE ASSISTÊNCIA E DESENVOLV. SOCIAL";"8";"ASSISTÊNCIA SOCIAL";"244";"ASSISTÊNCIA COMUNITÁRIA";"2024";"3854";"";"0";"0";"100012604";"FOLHA DE PAGAMENTO";"45780103000150";"";"0";"PROPRIA";"31901137";"GRATIFICACOES POR TEMPO DE SERVICO";"FOLHA DE PAGAMENTO";"12255.56";"2024";"L";"29/01/2024";"0";"01/01/2024";"31/01/2024";"15"
"UNIDADE GESTÃO DE ASSISTÊNCIA E DESENVOLV. SOCIAL";"8";"ASSISTÊNCIA SOCIAL";"244";"ASSISTÊNCIA COMUNITÁRIA";"2024";"3855";"";"0";"0";"100012604";"FOLHA DE PAGAMENTO";"45780103000150";"";"0";"PROPRIA";"31901147";"LICENÇA PRÊMIO";"FOLHA DE PAGAMENTO";"9834.59";"2024";"L";"29/01/2024";"0";"01/01/2024";"31/01/2024";"15"
"UNIDADE GESTÃO DE ASSISTÊNCIA E DESENVOLV. SOCIAL";"8";"ASSISTÊNCIA SOCIAL";"244";"ASSISTÊNCIA COMUNITÁRIA";"2024";"3857";"";"0";"0";"100012604";"FOLHA DE PAGAMENTO";"45780103000150";"";"0";"PROPRIA";"31901644";"SERVIÇOS EXTRAORDINÁRIOS";"FOLHA DE PAGAMENTO";"10917.66";"2024";"L";"29/01/2024";"0";"01/01/2024";"31/01/2024";"15"
"UNIDADE GESTÃO DE ASSISTÊNCIA E DESENVOLV. SOCIAL";"8";"ASSISTÊNCIA SOCIAL";"244";"ASSISTÊNCIA COMUNITÁRIA";"2024";"3858";"";"0";"0";"100004453";"IPREJUN-INST.PREVIDENCIA DO MUN.JUNDIAI";"05507216000161";"";"0";"PROPRIA";"31911308";"CONTRIBUIÇÕES PREVIDENCIÁRIAS - RPPS - PESSOAL ATI";"FOLHA DE PAGAMENTO";"56037.39";"2024";"L";"29/01/2024";"0";"01/01/2024";"31/01/2024";"15"
"UNIDADE GESTÃO DE ASSISTÊNCIA E DESENVOLV. SOCIAL";"8";"ASSISTÊNCIA SOCIAL";"244";"ASSISTÊNCIA COMUNITÁRIA";"2024";"3859";"";"0";"0";"100004453";"IPREJUN-INST.PREVIDENCIA DO MUN.JUNDIAI";"05507216000161";"";"0";"PROPRIA";"31911320";"ALÍQUOTA SUPLEMENTAR DE CONTRIBUIÇÃO PREVIDENCIÁRI";"FOLHA DE PAGAMENTO";"74377.61";"2024";"L";"29/01/2024";"0";"01/01/2024";"31/01/2024";"15"
"UNIDADE GESTÃO DE ASSISTÊNCIA E DESENVOLV. SOCIAL";"8";"ASSISTÊNCIA SOCIAL";"244";"ASSISTÊNCIA COMUNITÁRIA";"2024";"3860";"";"0";"0";"100012604";"FOLHA DE PAGAMENTO";"45780103000150";"";"0";"PROPRIA";"33904901";"INDENIZACAO AUXILIO TRANSPORTE";"FOLHA DE PAGAMENTO";"17248";"2024";"L";"29/01/2024";"0";"01/01/2024";"31/01/2024";"15"
"UNIDADE GESTÃO DE ASSISTÊNCIA E DESENVOLV. SOCIAL";"8";"ASSISTÊNCIA SOCIAL";"244";"ASSISTÊNCIA COMUNITÁRIA";"2024";"3861";"";"0";"0";"100012604";"FOLHA DE PAGAMENTO";"45780103000150";"";"0";"PROPRIA";"33904901";"INDENIZACAO AUXILIO TRANSPORTE";"FOLHA DE PAGAMENTO";"440";"2024";"L";"29/01/2024";"0";"01/01/2024";"31/01/2024";"15"
"UNIDADE DE GESTÃO DES. ECON. CIÊNCIA E TECNOLOGIA";"11";"TRABALHO";"122";"ADMINISTRAÇÃO GERAL";"2024";"3862";"";"0";"0";"100012604";"FOLHA DE PAGAMENTO";"45780103000150";"";"0";"PROPRIA";"31901101";"VENCIMENTO E SALARIOS";"FOLHA DE PAGAMENTO";"98166.19";"2024";"L";"29/01/2024";"0";"01/01/2024";"31/01/2024";"16"
"UNIDADE DE GESTÃO DES. ECON. CIÊNCIA E TECNOLOGIA";"11";"TRABALHO";"122";"ADMINISTRAÇÃO GERAL";"2024";"3863";"";"0";"0";"100012604";"FOLHA DE PAGAMENTO";"45780103000150";"";"0";"PROPRIA";"31901101";"VENCIMENTO E SALARIOS";"FOLHA DE PAGAMENTO";"30476.09";"2024";"L";"29/01/2024";"0";"01/01/2024";"31/01/2024";"16"
"UNIDADE DE GESTÃO DES. ECON. CIÊNCIA E TECNOLOGIA";"11";"TRABALHO";"122";"ADMINISTRAÇÃO GERAL";"2024";"3864";"";"0";"0";"100012604";"FOLHA DE PAGAMENTO";"45780103000150";"";"0";"PROPRIA";"31901104";"ADICIONAL NOTURNO";"FOLHA DE PAGAMENTO";"13.88";"2024";"L";"29/01/2024";"0";"01/01/2024";"31/01/2024";"16"
"UNIDADE DE GESTÃO DES. ECON. CIÊNCIA E TECNOLOGIA";"11";"TRABALHO";"122";"ADMINISTRAÇÃO GERAL";"2024";"3865";"";"0";"0";"100012604";"FOLHA DE PAGAMENTO";"45780103000150";"";"0";"PROPRIA";"31901133";"GRATIFICACOES POR EXERCICIO DE  FUNCOES";"FOLHA DE PAGAMENTO";"5249.65";"2024";"L";"29/01/2024";"0";"01/01/2024";"31/01/2024";"16"
"UNIDADE DE GESTÃO DES. ECON. CIÊNCIA E TECNOLOGIA";"11";"TRABALHO";"122";"ADMINISTRAÇÃO GERAL";"2024";"3866";"";"0";"0";"100012604";"FOLHA DE PAGAMENTO";"45780103000150";"";"0";"PROPRIA";"31901137";"GRATIFICACOES POR TEMPO DE SERVICO";"FOLHA DE PAGAMENTO";"3198.96";"2024";"L";"29/01/2024";"0";"01/01/2024";"31/01/2024";"16"
"UNIDADE DE GESTÃO DES. ECON. CIÊNCIA E TECNOLOGIA";"11";"TRABALHO";"122";"ADMINISTRAÇÃO GERAL";"2024";"3867";"";"0";"0";"100012604";"FOLHA DE PAGAMENTO";"45780103000150";"";"0";"PROPRIA";"31901150";"VENCIMENTOS E SALÁRIOS - PRORROGAÇÃO SALÁRIO MATER";"FOLHA DE PAGAMENTO";"7528.88";"2024";"L";"29/01/2024";"0";"01/01/2024";"31/01/2024";"16"
"UNIDADE DE GESTÃO DES. ECON. CIÊNCIA E TECNOLOGIA";"11";"TRABALHO";"122";"ADMINISTRAÇÃO GERAL";"2024";"3868";"";"0";"0";"100012604";"FOLHA DE PAGAMENTO";"45780103000150";"";"0";"PROPRIA";"31901175";"SUBSÍDIOS - AGENTES POLÍTICOS";"FOLHA DE PAGAMENTO";"10299.75";"2024";"L";"29/01/2024";"0";"01/01/2024";"31/01/2024";"16"
"UNIDADE DE GESTÃO DES. ECON. CIÊNCIA E TECNOLOGIA";"11";"TRABALHO";"122";"ADMINISTRAÇÃO GERAL";"2024";"3871";"";"0";"0";"100012604";"FOLHA DE PAGAMENTO";"45780103000150";"";"0";"PROPRIA";"31901644";"SERVIÇOS EXTRAORDINÁRIOS";"FOLHA DE PAGAMENTO";"2006.35";"2024";"L";"29/01/2024";"0";"01/01/2024";"31/01/2024";"16"
"UNIDADE DE GESTÃO DES. ECON. CIÊNCIA E TECNOLOGIA";"11";"TRABALHO";"122";"ADMINISTRAÇÃO GERAL";"2024";"3872";"";"0";"0";"100004453";"IPREJUN-INST.PREVIDENCIA DO MUN.JUNDIAI";"05507216000161";"";"0";"PROPRIA";"31911308";"CONTRIBUIÇÕES PREVIDENCIÁRIAS - RPPS - PESSOAL ATI";"FOLHA DE PAGAMENTO";"7436.92";"2024";"L";"29/01/2024";"0";"01/01/2024";"31/01/2024";"16"
"UNIDADE DE GESTÃO DES. ECON. CIÊNCIA E TECNOLOGIA";"11";"TRABALHO";"122";"ADMINISTRAÇÃO GERAL";"2024";"3873";"";"0";"0";"100004453";"IPREJUN-INST.PREVIDENCIA DO MUN.JUNDIAI";"05507216000161";"";"0";"PROPRIA";"31911320";"ALÍQUOTA SUPLEMENTAR DE CONTRIBUIÇÃO PREVIDENCIÁRI";"FOLHA DE PAGAMENTO";"9870.91";"2024";"L";"29/01/2024";"0";"01/01/2024";"31/01/2024";"16"
"UNIDADE DE GESTÃO DES. ECON. CIÊNCIA E TECNOLOGIA";"11";"TRABALHO";"122";"ADMINISTRAÇÃO GERAL";"2024";"3874";"";"0";"0";"100012604";"FOLHA DE PAGAMENTO";"45780103000150";"";"0";"PROPRIA";"33904901";"INDENIZACAO AUXILIO TRANSPORTE";"FOLHA DE PAGAMENTO";"5918";"2024";"L";"29/01/2024";"0";"01/01/2024";"31/01/2024";"16"
"UNIDADE DE GESTÃO DES. ECON. CIÊNCIA E TECNOLOGIA";"11";"TRABALHO";"122";"ADMINISTRAÇÃO GERAL";"2024";"3875";"";"0";"0";"100012604";"FOLHA DE PAGAMENTO";"45780103000150";"";"0";"PROPRIA";"33904901";"INDENIZACAO AUXILIO TRANSPORTE";"FOLHA DE PAGAMENTO";"3080";"2024";"L";"29/01/2024";"0";"01/01/2024";"31/01/2024";"16"
"UNIDADE GESTÃO DE AGRONEGÓCIO. ABASTEC. E TURISMO";"20";"AGRICULTURA";"122";"ADMINISTRAÇÃO GERAL";"2024";"3877";"";"0";"0";"100012604";"FOLHA DE PAGAMENTO";"45780103000150";"";"0";"PROPRIA";"31901101";"VENCIMENTO E SALARIOS";"FOLHA DE PAGAMENTO";"106474.86";"2024";"L";"29/01/2024";"0";"01/01/2024";"31/01/2024";"17"
"UNIDADE GESTÃO DE AGRONEGÓCIO. ABASTEC. E TURISMO";"20";"AGRICULTURA";"122";"ADMINISTRAÇÃO GERAL";"2024";"3878";"";"0";"0";"100012604";"FOLHA DE PAGAMENTO";"45780103000150";"";"0";"PROPRIA";"31901101";"VENCIMENTO E SALARIOS";"FOLHA DE PAGAMENTO";"37630.21";"2024";"L";"29/01/2024";"0";"01/01/2024";"31/01/2024";"17"
"UNIDADE GESTÃO DE AGRONEGÓCIO. ABASTEC. E TURISMO";"20";"AGRICULTURA";"122";"ADMINISTRAÇÃO GERAL";"2024";"3879";"";"0";"0";"100012604";"FOLHA DE PAGAMENTO";"45780103000150";"";"0";"PROPRIA";"31901133";"GRATIFICACOES POR EXERCICIO DE  FUNCOES";"FOLHA DE PAGAMENTO";"15369.54";"2024";"L";"29/01/2024";"0";"01/01/2024";"31/01/2024";"17"
"UNIDADE GESTÃO DE AGRONEGÓCIO. ABASTEC. E TURISMO";"20";"AGRICULTURA";"122";"ADMINISTRAÇÃO GERAL";"2024";"3880";"";"0";"0";"100012604";"FOLHA DE PAGAMENTO";"45780103000150";"";"0";"PROPRIA";"31901137";"GRATIFICACOES POR TEMPO DE SERVICO";"FOLHA DE PAGAMENTO";"15406.93";"2024";"L";"29/01/2024";"0";"01/01/2024";"31/01/2024";"17"
"UNIDADE GESTÃO DE AGRONEGÓCIO. ABASTEC. E TURISMO";"20";"AGRICULTURA";"122";"ADMINISTRAÇÃO GERAL";"2024";"3881";"";"0";"0";"100012604";"FOLHA DE PAGAMENTO";"45780103000150";"";"0";"PROPRIA";"31901175";"SUBSÍDIOS - AGENTES POLÍTICOS";"FOLHA DE PAGAMENTO";"19312.03";"2024";"L";"29/01/2024";"0";"01/01/2024";"31/01/2024";"17"
"UNIDADE GESTÃO DE AGRONEGÓCIO. ABASTEC. E TURISMO";"20";"AGRICULTURA";"122";"ADMINISTRAÇÃO GERAL";"2024";"3884";"";"0";"0";"100012604";"FOLHA DE PAGAMENTO";"45780103000150";"";"0";"PROPRIA";"31901632";"SUBSTITUIÇÕES  RPPS";"FOLHA DE PAGAMENTO";"6160.06";"2024";"L";"29/01/2024";"0";"01/01/2024";"31/01/2024";"17"
"UNIDADE GESTÃO DE AGRONEGÓCIO. ABASTEC. E TURISMO";"20";"AGRICULTURA";"122";"ADMINISTRAÇÃO GERAL";"2024";"3885";"";"0";"0";"100012604";"FOLHA DE PAGAMENTO";"45780103000150";"";"0";"PROPRIA";"31901644";"SERVIÇOS EXTRAORDINÁRIOS";"FOLHA DE PAGAMENTO";"15946.51";"2024";"L";"29/01/2024";"0";"01/01/2024";"31/01/2024";"17"
"UNIDADE GESTÃO DE AGRONEGÓCIO. ABASTEC. E TURISMO";"20";"AGRICULTURA";"122";"ADMINISTRAÇÃO GERAL";"2024";"3886";"";"0";"0";"100004453";"IPREJUN-INST.PREVIDENCIA DO MUN.JUNDIAI";"05507216000161";"";"0";"PROPRIA";"31911308";"CONTRIBUIÇÕES PREVIDENCIÁRIAS - RPPS - PESSOAL ATI";"FOLHA DE PAGAMENTO";"28565.16";"2024";"L";"29/01/2024";"0";"01/01/2024";"31/01/2024";"17"
"UNIDADE GESTÃO DE AGRONEGÓCIO. ABASTEC. E TURISMO";"20";"AGRICULTURA";"122";"ADMINISTRAÇÃO GERAL";"2024";"3887";"";"0";"0";"100004453";"IPREJUN-INST.PREVIDENCIA DO MUN.JUNDIAI";"05507216000161";"";"0";"PROPRIA";"31911320";"ALÍQUOTA SUPLEMENTAR DE CONTRIBUIÇÃO PREVIDENCIÁRI";"FOLHA DE PAGAMENTO";"37914.14";"2024";"L";"29/01/2024";"0";"01/01/2024";"31/01/2024";"17"
"UNIDADE GESTÃO DE AGRONEGÓCIO. ABASTEC. E TURISMO";"20";"AGRICULTURA";"122";"ADMINISTRAÇÃO GERAL";"2024";"3888";"";"0";"0";"100012604";"FOLHA DE PAGAMENTO";"45780103000150";"";"0";"PROPRIA";"33904901";"INDENIZACAO AUXILIO TRANSPORTE";"FOLHA DE PAGAMENTO";"8426";"2024";"L";"29/01/2024";"0";"01/01/2024";"31/01/2024";"17"
"UNIDADE GESTÃO DE AGRONEGÓCIO. ABASTEC. E TURISMO";"20";"AGRICULTURA";"122";"ADMINISTRAÇÃO GERAL";"2024";"3889";"";"0";"0";"100012604";"FOLHA DE PAGAMENTO";"45780103000150";"";"0";"PROPRIA";"33904901";"INDENIZACAO AUXILIO TRANSPORTE";"FOLHA DE PAGAMENTO";"2640";"2024";"L";"29/01/2024";"0";"01/01/2024";"31/01/2024";"17"
"UNIDADE DE GESTÃO DE SEGURANÇA MUNICIPAL";"6";"SEGURANÇA PÚBLICA";"122";"ADMINISTRAÇÃO GERAL";"2024";"3890";"";"0";"0";"100012604";"FOLHA DE PAGAMENTO";"45780103000150";"";"0";"PROPRIA";"31901101";"VENCIMENTO E SALARIOS";"FOLHA DE PAGAMENTO";"28943.41";"2024";"L";"29/01/2024";"0";"01/01/2024";"31/01/2024";"19"
"UNIDADE DE GESTÃO DE SEGURANÇA MUNICIPAL";"6";"SEGURANÇA PÚBLICA";"122";"ADMINISTRAÇÃO GERAL";"2024";"3891";"";"0";"0";"100012604";"FOLHA DE PAGAMENTO";"45780103000150";"";"0";"PROPRIA";"31901101";"VENCIMENTO E SALARIOS";"FOLHA DE PAGAMENTO";"10449.03";"2024";"L";"29/01/2024";"0";"01/01/2024";"31/01/2024";"19"
"UNIDADE DE GESTÃO DE SEGURANÇA MUNICIPAL";"6";"SEGURANÇA PÚBLICA";"122";"ADMINISTRAÇÃO GERAL";"2024";"3892";"";"0";"0";"100012604";"FOLHA DE PAGAMENTO";"45780103000150";"";"0";"PROPRIA";"31901101";"VENCIMENTO E SALARIOS";"FOLHA DE PAGAMENTO";"2047306.02";"2024";"L";"29/01/2024";"0";"01/01/2024";"31/01/2024";"19"
"UNIDADE DE GESTÃO DE SEGURANÇA MUNICIPAL";"6";"SEGURANÇA PÚBLICA";"122";"ADMINISTRAÇÃO GERAL";"2024";"3893";"";"0";"0";"100012604";"FOLHA DE PAGAMENTO";"45780103000150";"";"0";"PROPRIA";"31901104";"ADICIONAL NOTURNO";"FOLHA DE PAGAMENTO";"96966.1";"2024";"L";"29/01/2024";"0";"01/01/2024";"31/01/2024";"19"
"UNIDADE DE GESTÃO DE SEGURANÇA MUNICIPAL";"6";"SEGURANÇA PÚBLICA";"122";"ADMINISTRAÇÃO GERAL";"2024";"3894";"";"0";"0";"100012604";"FOLHA DE PAGAMENTO";"45780103000150";"";"0";"PROPRIA";"31901107";"ABONO DE PERMANENCIA";"FOLHA DE PAGAMENTO";"30407.5";"2024";"L";"29/01/2024";"0";"01/01/2024";"31/01/2024";"19"
"UNIDADE DE GESTÃO DE SEGURANÇA MUNICIPAL";"6";"SEGURANÇA PÚBLICA";"122";"ADMINISTRAÇÃO GERAL";"2024";"3895";"";"0";"0";"100012604";"FOLHA DE PAGAMENTO";"45780103000150";"";"0";"PROPRIA";"31901110";"ADICIONAL DE INSALUBRIDADE";"FOLHA DE PAGAMENTO";"1186.08";"2024";"L";"29/01/2024";"0";"01/01/2024";"31/01/2024";"19"
"UNIDADE DE GESTÃO DE SEGURANÇA MUNICIPAL";"6";"SEGURANÇA PÚBLICA";"122";"ADMINISTRAÇÃO GERAL";"2024";"3896";"";"0";"0";"100012604";"FOLHA DE PAGAMENTO";"45780103000150";"";"0";"PROPRIA";"31901131";"GRATIFICACOES POR EXERCICIO DE  CARGO";"FOLHA DE PAGAMENTO";"16385.21";"2024";"L";"29/01/2024";"0";"01/01/2024";"31/01/2024";"19"
"UNIDADE DE GESTÃO DE SEGURANÇA MUNICIPAL";"6";"SEGURANÇA PÚBLICA";"122";"ADMINISTRAÇÃO GERAL";"2024";"3897";"";"0";"0";"100012604";"FOLHA DE PAGAMENTO";"45780103000150";"";"0";"PROPRIA";"31901133";"GRATIFICACOES POR EXERCICIO DE  FUNCOES";"FOLHA DE PAGAMENTO";"459306.18";"2024";"L";"29/01/2024";"0";"01/01/2024";"31/01/2024";"19"
"UNIDADE DE GESTÃO DE SEGURANÇA MUNICIPAL";"6";"SEGURANÇA PÚBLICA";"122";"ADMINISTRAÇÃO GERAL";"2024";"3898";"";"0";"0";"100012604";"FOLHA DE PAGAMENTO";"45780103000150";"";"0";"PROPRIA";"31901133";"GRATIFICACOES POR EXERCICIO DE  FUNCOES";"FOLHA DE PAGAMENTO";"2152.36";"2024";"L";"29/01/2024";"0";"01/01/2024";"31/01/2024";"19"
"UNIDADE DE GESTÃO DE SEGURANÇA MUNICIPAL";"6";"SEGURANÇA PÚBLICA";"122";"ADMINISTRAÇÃO GERAL";"2024";"3899";"";"0";"0";"100012604";"FOLHA DE PAGAMENTO";"45780103000150";"";"0";"PROPRIA";"31901137";"GRATIFICACOES POR TEMPO DE SERVICO";"FOLHA DE PAGAMENTO";"9823.33";"2024";"L";"29/01/2024";"0";"01/01/2024";"31/01/2024";"19"
"UNIDADE DE GESTÃO DE SEGURANÇA MUNICIPAL";"6";"SEGURANÇA PÚBLICA";"122";"ADMINISTRAÇÃO GERAL";"2024";"3900";"";"0";"0";"100012604";"FOLHA DE PAGAMENTO";"45780103000150";"";"0";"PROPRIA";"31901137";"GRATIFICACOES POR TEMPO DE SERVICO";"FOLHA DE PAGAMENTO";"302540.18";"2024";"L";"29/01/2024";"0";"01/01/2024";"31/01/2024";"19"
"UNIDADE DE GESTÃO DE SEGURANÇA MUNICIPAL";"6";"SEGURANÇA PÚBLICA";"122";"ADMINISTRAÇÃO GERAL";"2024";"3901";"";"0";"0";"100012604";"FOLHA DE PAGAMENTO";"45780103000150";"";"0";"PROPRIA";"31901145";"FÉRIAS - ABONO CONSTITUICOES";"FOLHA DE PAGAMENTO";"5.58";"2024";"L";"29/01/2024";"0";"01/01/2024";"31/01/2024";"19"
"UNIDADE DE GESTÃO DE SEGURANÇA MUNICIPAL";"6";"SEGURANÇA PÚBLICA";"122";"ADMINISTRAÇÃO GERAL";"2024";"3902";"";"0";"0";"100012604";"FOLHA DE PAGAMENTO";"45780103000150";"";"0";"PROPRIA";"31901147";"LICENÇA PRÊMIO";"FOLHA DE PAGAMENTO";"254776";"2024";"L";"29/01/2024";"0";"01/01/2024";"31/01/2024";"19"
"UNIDADE DE GESTÃO DE SEGURANÇA MUNICIPAL";"6";"SEGURANÇA PÚBLICA";"122";"ADMINISTRAÇÃO GERAL";"2024";"3903";"";"0";"0";"100012604";"FOLHA DE PAGAMENTO";"45780103000150";"";"0";"PROPRIA";"31901175";"SUBSÍDIOS - AGENTES POLÍTICOS";"FOLHA DE PAGAMENTO";"9113.96";"2024";"L";"29/01/2024";"0";"01/01/2024";"31/01/2024";"19"
"UNIDADE DE GESTÃO DE SEGURANÇA MUNICIPAL";"6";"SEGURANÇA PÚBLICA";"122";"ADMINISTRAÇÃO GERAL";"2024";"3904";"";"0";"0";"4000055";"FUNDO DE GARANTIA POR TEMPO DE SERVICO";"00360305000104";"";"0";"PROPRIA";"31901301";"FGTS";"FOLHA DE PAGAMENTO";"5636.8";"2024";"L";"29/01/2024";"0";"01/01/2024";"31/01/2024";"19"
"UNIDADE DE GESTÃO DE SEGURANÇA MUNICIPAL";"6";"SEGURANÇA PÚBLICA";"122";"ADMINISTRAÇÃO GERAL";"2024";"3908";"";"0";"0";"100012604";"FOLHA DE PAGAMENTO";"45780103000150";"";"0";"PROPRIA";"31901632";"SUBSTITUIÇÕES  RPPS";"FOLHA DE PAGAMENTO";"4954.08";"2024";"L";"29/01/2024";"0";"01/01/2024";"31/01/2024";"19"
"UNIDADE DE GESTÃO DE SEGURANÇA MUNICIPAL";"6";"SEGURANÇA PÚBLICA";"122";"ADMINISTRAÇÃO GERAL";"2024";"3909";"";"0";"0";"100012604";"FOLHA DE PAGAMENTO";"45780103000150";"";"0";"PROPRIA";"31901644";"SERVIÇOS EXTRAORDINÁRIOS";"FOLHA DE PAGAMENTO";"1240621.24";"2024";"L";"29/01/2024";"0";"01/01/2024";"31/01/2024";"19"
"UNIDADE DE GESTÃO DE SEGURANÇA MUNICIPAL";"6";"SEGURANÇA PÚBLICA";"122";"ADMINISTRAÇÃO GERAL";"2024";"3910";"";"0";"0";"100004453";"IPREJUN-INST.PREVIDENCIA DO MUN.JUNDIAI";"05507216000161";"";"0";"PROPRIA";"31911308";"CONTRIBUIÇÕES PREVIDENCIÁRIAS - RPPS - PESSOAL ATI";"FOLHA DE PAGAMENTO";"571123.23";"2024";"L";"29/01/2024";"0";"01/01/2024";"31/01/2024";"19"
"UNIDADE DE GESTÃO DE SEGURANÇA MUNICIPAL";"6";"SEGURANÇA PÚBLICA";"122";"ADMINISTRAÇÃO GERAL";"2024";"3911";"";"0";"0";"100004453";"IPREJUN-INST.PREVIDENCIA DO MUN.JUNDIAI";"05507216000161";"";"0";"PROPRIA";"31911320";"ALÍQUOTA SUPLEMENTAR DE CONTRIBUIÇÃO PREVIDENCIÁRI";"FOLHA DE PAGAMENTO";"758043.43";"2024";"L";"29/01/2024";"0";"01/01/2024";"31/01/2024";"19"
"UNIDADE DE GESTÃO DE SEGURANÇA MUNICIPAL";"6";"SEGURANÇA PÚBLICA";"122";"ADMINISTRAÇÃO GERAL";"2024";"3912";"";"0";"0";"100012604";"FOLHA DE PAGAMENTO";"45780103000150";"";"0";"PROPRIA";"33904901";"INDENIZACAO AUXILIO TRANSPORTE";"FOLHA DE PAGAMENTO";"1320";"2024";"L";"29/01/2024";"0";"01/01/2024";"31/01/2024";"19"
"UNIDADE DE GESTÃO DE SEGURANÇA MUNICIPAL";"6";"SEGURANÇA PÚBLICA";"122";"ADMINISTRAÇÃO GERAL";"2024";"3913";"";"0";"0";"100012604";"FOLHA DE PAGAMENTO";"45780103000150";"";"0";"PROPRIA";"33904901";"INDENIZACAO AUXILIO TRANSPORTE";"FOLHA DE PAGAMENTO";"990";"2024";"L";"29/01/2024";"0";"01/01/2024";"31/01/2024";"19"
"UNIDADE DE GESTÃO DE SEGURANÇA MUNICIPAL";"6";"SEGURANÇA PÚBLICA";"122";"ADMINISTRAÇÃO GERAL";"2024";"3914";"";"0";"0";"100012604";"FOLHA DE PAGAMENTO";"45780103000150";"";"0";"PROPRIA";"33904901";"INDENIZACAO AUXILIO TRANSPORTE";"FOLHA DE PAGAMENTO";"138732";"2024";"L";"29/01/2024";"0";"01/01/2024";"31/01/2024";"19"
"UNIDADE DE GESTÃO DE CULTURA";"13";"CULTURA";"122";"ADMINISTRAÇÃO GERAL";"2024";"3915";"";"0";"0";"100012604";"FOLHA DE PAGAMENTO";"45780103000150";"";"0";"PROPRIA";"31901101";"VENCIMENTO E SALARIOS";"FOLHA DE PAGAMENTO";"73336.19";"2024";"L";"29/01/2024";"0";"01/01/2024";"31/01/2024";"22"
"UNIDADE DE GESTÃO DE CULTURA";"13";"CULTURA";"122";"ADMINISTRAÇÃO GERAL";"2024";"3916";"";"0";"0";"100012604";"FOLHA DE PAGAMENTO";"45780103000150";"";"0";"PROPRIA";"31901101";"VENCIMENTO E SALARIOS";"FOLHA DE PAGAMENTO";"203866.06";"2024";"L";"29/01/2024";"0";"01/01/2024";"31/01/2024";"22"
"UNIDADE DE GESTÃO DE CULTURA";"13";"CULTURA";"122";"ADMINISTRAÇÃO GERAL";"2024";"3917";"";"0";"0";"100012604";"FOLHA DE PAGAMENTO";"45780103000150";"";"0";"PROPRIA";"31901101";"VENCIMENTO E SALARIOS";"FOLHA DE PAGAMENTO";"16511.02";"2024";"L";"29/01/2024";"0";"01/01/2024";"31/01/2024";"22"
"UNIDADE DE GESTÃO DE CULTURA";"13";"CULTURA";"122";"ADMINISTRAÇÃO GERAL";"2024";"3918";"";"0";"0";"100012604";"FOLHA DE PAGAMENTO";"45780103000150";"";"0";"PROPRIA";"31901104";"ADICIONAL NOTURNO";"FOLHA DE PAGAMENTO";"1180.13";"2024";"L";"29/01/2024";"0";"01/01/2024";"31/01/2024";"22"
"UNIDADE DE GESTÃO DE CULTURA";"13";"CULTURA";"122";"ADMINISTRAÇÃO GERAL";"2024";"3919";"";"0";"0";"100012604";"FOLHA DE PAGAMENTO";"45780103000150";"";"0";"PROPRIA";"31901104";"ADICIONAL NOTURNO";"FOLHA DE PAGAMENTO";"128.86";"2024";"L";"29/01/2024";"0";"01/01/2024";"31/01/2024";"22"
"UNIDADE DE GESTÃO DE CULTURA";"13";"CULTURA";"122";"ADMINISTRAÇÃO GERAL";"2024";"3920";"";"0";"0";"100012604";"FOLHA DE PAGAMENTO";"45780103000150";"";"0";"PROPRIA";"31901107";"ABONO DE PERMANENCIA";"FOLHA DE PAGAMENTO";"1319.33";"2024";"L";"29/01/2024";"0";"01/01/2024";"31/01/2024";"22"
"UNIDADE DE GESTÃO DE CULTURA";"13";"CULTURA";"122";"ADMINISTRAÇÃO GERAL";"2024";"3921";"";"0";"0";"100012604";"FOLHA DE PAGAMENTO";"45780103000150";"";"0";"PROPRIA";"31901109";"ADICIONAL DE PERICULOSIDADE";"FOLHA DE PAGAMENTO";"5206.01";"2024";"L";"29/01/2024";"0";"01/01/2024";"31/01/2024";"22"
"UNIDADE DE GESTÃO DE CULTURA";"13";"CULTURA";"122";"ADMINISTRAÇÃO GERAL";"2024";"3922";"";"0";"0";"100012604";"FOLHA DE PAGAMENTO";"45780103000150";"";"0";"PROPRIA";"31901110";"ADICIONAL DE INSALUBRIDADE";"FOLHA DE PAGAMENTO";"753.07";"2024";"L";"29/01/2024";"0";"01/01/2024";"31/01/2024";"22"
"UNIDADE DE GESTÃO DE CULTURA";"13";"CULTURA";"122";"ADMINISTRAÇÃO GERAL";"2024";"3923";"";"0";"0";"100012604";"FOLHA DE PAGAMENTO";"45780103000150";"";"0";"PROPRIA";"31901131";"GRATIFICACOES POR EXERCICIO DE  CARGO";"FOLHA DE PAGAMENTO";"1957.51";"2024";"L";"29/01/2024";"0";"01/01/2024";"31/01/2024";"22"
"UNIDADE DE GESTÃO DE CULTURA";"13";"CULTURA";"122";"ADMINISTRAÇÃO GERAL";"2024";"3924";"";"0";"0";"100012604";"FOLHA DE PAGAMENTO";"45780103000150";"";"0";"PROPRIA";"31901133";"GRATIFICACOES POR EXERCICIO DE  FUNCOES";"FOLHA DE PAGAMENTO";"5516.94";"2024";"L";"29/01/2024";"0";"01/01/2024";"31/01/2024";"22"
"UNIDADE DE GESTÃO DE CULTURA";"13";"CULTURA";"122";"ADMINISTRAÇÃO GERAL";"2024";"3925";"";"0";"0";"100012604";"FOLHA DE PAGAMENTO";"45780103000150";"";"0";"PROPRIA";"31901137";"GRATIFICACOES POR TEMPO DE SERVICO";"FOLHA DE PAGAMENTO";"8531.24";"2024";"L";"29/01/2024";"0";"01/01/2024";"31/01/2024";"22"
"UNIDADE DE GESTÃO DE CULTURA";"13";"CULTURA";"122";"ADMINISTRAÇÃO GERAL";"2024";"3926";"";"0";"0";"100012604";"FOLHA DE PAGAMENTO";"45780103000150";"";"0";"PROPRIA";"31901137";"GRATIFICACOES POR TEMPO DE SERVICO";"FOLHA DE PAGAMENTO";"32001.34";"2024";"L";"29/01/2024";"0";"01/01/2024";"31/01/2024";"22"
"UNIDADE DE GESTÃO DE CULTURA";"13";"CULTURA";"122";"ADMINISTRAÇÃO GERAL";"2024";"3927";"";"0";"0";"100012604";"FOLHA DE PAGAMENTO";"45780103000150";"";"0";"PROPRIA";"31901145";"FÉRIAS - ABONO CONSTITUICOES";"FOLHA DE PAGAMENTO";"71.13";"2024";"L";"29/01/2024";"0";"01/01/2024";"31/01/2024";"22"
"UNIDADE DE GESTÃO DE CULTURA";"13";"CULTURA";"122";"ADMINISTRAÇÃO GERAL";"2024";"3928";"";"0";"0";"100012604";"FOLHA DE PAGAMENTO";"45780103000150";"";"0";"PROPRIA";"31901147";"LICENÇA PRÊMIO";"FOLHA DE PAGAMENTO";"32707.21";"2024";"L";"29/01/2024";"0";"01/01/2024";"31/01/2024";"22"
"UNIDADE DE GESTÃO DE CULTURA";"13";"CULTURA";"122";"ADMINISTRAÇÃO GERAL";"2024";"3929";"";"0";"0";"100012604";"FOLHA DE PAGAMENTO";"45780103000150";"";"0";"PROPRIA";"31901175";"SUBSÍDIOS - AGENTES POLÍTICOS";"FOLHA DE PAGAMENTO";"19312.03";"2024";"L";"29/01/2024";"0";"01/01/2024";"31/01/2024";"22"
"UNIDADE DE GESTÃO DE CULTURA";"13";"CULTURA";"122";"ADMINISTRAÇÃO GERAL";"2024";"3930";"";"0";"0";"4000055";"FUNDO DE GARANTIA POR TEMPO DE SERVICO";"00360305000104";"";"0";"PROPRIA";"31901301";"FGTS";"FOLHA DE PAGAMENTO";"3082.12";"2024";"L";"29/01/2024";"0";"01/01/2024";"31/01/2024";"22"
"UNIDADE DE GESTÃO DE CULTURA";"13";"CULTURA";"122";"ADMINISTRAÇÃO GERAL";"2024";"3934";"";"0";"0";"100012604";"FOLHA DE PAGAMENTO";"45780103000150";"";"0";"PROPRIA";"31901644";"SERVIÇOS EXTRAORDINÁRIOS";"FOLHA DE PAGAMENTO";"43448.32";"2024";"L";"29/01/2024";"0";"01/01/2024";"31/01/2024";"22"
"UNIDADE DE GESTÃO DE CULTURA";"13";"CULTURA";"122";"ADMINISTRAÇÃO GERAL";"2024";"3935";"";"0";"0";"100004453";"IPREJUN-INST.PREVIDENCIA DO MUN.JUNDIAI";"05507216000161";"";"0";"PROPRIA";"31911308";"CONTRIBUIÇÕES PREVIDENCIÁRIAS - RPPS - PESSOAL ATI";"FOLHA DE PAGAMENTO";"55911.82";"2024";"L";"29/01/2024";"0";"01/01/2024";"31/01/2024";"22"
"UNIDADE DE GESTÃO DE CULTURA";"13";"CULTURA";"122";"ADMINISTRAÇÃO GERAL";"2024";"3936";"";"0";"0";"100004453";"IPREJUN-INST.PREVIDENCIA DO MUN.JUNDIAI";"05507216000161";"";"0";"PROPRIA";"31911320";"ALÍQUOTA SUPLEMENTAR DE CONTRIBUIÇÃO PREVIDENCIÁRI";"FOLHA DE PAGAMENTO";"74210.9";"2024";"L";"29/01/2024";"0";"01/01/2024";"31/01/2024";"22"
"UNIDADE DE GESTÃO DE CULTURA";"13";"CULTURA";"122";"ADMINISTRAÇÃO GERAL";"2024";"3937";"";"0";"0";"100012604";"FOLHA DE PAGAMENTO";"45780103000150";"";"0";"PROPRIA";"33904901";"INDENIZACAO AUXILIO TRANSPORTE";"FOLHA DE PAGAMENTO";"23870";"2024";"L";"29/01/2024";"0";"01/01/2024";"31/01/2024";"22"
"UNIDADE DE GESTÃO DE CULTURA";"13";"CULTURA";"122";"ADMINISTRAÇÃO GERAL";"2024";"3938";"";"0";"0";"100012604";"FOLHA DE PAGAMENTO";"45780103000150";"";"0";"PROPRIA";"33904901";"INDENIZACAO AUXILIO TRANSPORTE";"FOLHA DE PAGAMENTO";"4444";"2024";"L";"29/01/2024";"0";"01/01/2024";"31/01/2024";"22"
"UNIDADE DE GESTÃO DE CULTURA";"13";"CULTURA";"122";"ADMINISTRAÇÃO GERAL";"2024";"3939";"";"0";"0";"100012604";"FOLHA DE PAGAMENTO";"45780103000150";"";"0";"PROPRIA";"33904901";"INDENIZACAO AUXILIO TRANSPORTE";"FOLHA DE PAGAMENTO";"968";"2024";"L";"29/01/2024";"0";"01/01/2024";"31/01/2024";"22"
"UNIDADE DE GESTÃO DE ESPORTE E LAZER";"27";"DESPORTO E LAZER";"812";"DESPORTO COMUNITÁRIO";"2024";"3941";"";"0";"0";"100012604";"FOLHA DE PAGAMENTO";"45780103000150";"";"0";"PROPRIA";"31901101";"VENCIMENTO E SALARIOS";"FOLHA DE PAGAMENTO";"50447.57";"2024";"L";"29/01/2024";"0";"01/01/2024";"31/01/2024";"23"
"UNIDADE DE GESTÃO DE ESPORTE E LAZER";"27";"DESPORTO E LAZER";"812";"DESPORTO COMUNITÁRIO";"2024";"3942";"";"0";"0";"100012604";"FOLHA DE PAGAMENTO";"45780103000150";"";"0";"PROPRIA";"31901101";"VENCIMENTO E SALARIOS";"FOLHA DE PAGAMENTO";"616684.07";"2024";"L";"29/01/2024";"0";"01/01/2024";"31/01/2024";"23"
"UNIDADE DE GESTÃO DE ESPORTE E LAZER";"27";"DESPORTO E LAZER";"812";"DESPORTO COMUNITÁRIO";"2024";"3943";"";"0";"0";"100012604";"FOLHA DE PAGAMENTO";"45780103000150";"";"0";"PROPRIA";"31901101";"VENCIMENTO E SALARIOS";"FOLHA DE PAGAMENTO";"109162.91";"2024";"L";"29/01/2024";"0";"01/01/2024";"31/01/2024";"23"
"UNIDADE DE GESTÃO DE ESPORTE E LAZER";"27";"DESPORTO E LAZER";"812";"DESPORTO COMUNITÁRIO";"2024";"3944";"";"0";"0";"100012604";"FOLHA DE PAGAMENTO";"45780103000150";"";"0";"PROPRIA";"31901104";"ADICIONAL NOTURNO";"FOLHA DE PAGAMENTO";"7.53";"2024";"L";"29/01/2024";"0";"01/01/2024";"31/01/2024";"23"
"UNIDADE DE GESTÃO DE ESPORTE E LAZER";"27";"DESPORTO E LAZER";"812";"DESPORTO COMUNITÁRIO";"2024";"3945";"";"0";"0";"100012604";"FOLHA DE PAGAMENTO";"45780103000150";"";"0";"PROPRIA";"31901104";"ADICIONAL NOTURNO";"FOLHA DE PAGAMENTO";"2251.4";"2024";"L";"29/01/2024";"0";"01/01/2024";"31/01/2024";"23"
"UNIDADE DE GESTÃO DE ESPORTE E LAZER";"27";"DESPORTO E LAZER";"812";"DESPORTO COMUNITÁRIO";"2024";"3946";"";"0";"0";"100012604";"FOLHA DE PAGAMENTO";"45780103000150";"";"0";"PROPRIA";"31901107";"ABONO DE PERMANENCIA";"FOLHA DE PAGAMENTO";"3846.51";"2024";"L";"29/01/2024";"0";"01/01/2024";"31/01/2024";"23"
"UNIDADE DE GESTÃO DE ESPORTE E LAZER";"27";"DESPORTO E LAZER";"812";"DESPORTO COMUNITÁRIO";"2024";"3947";"";"0";"0";"100012604";"FOLHA DE PAGAMENTO";"45780103000150";"";"0";"PROPRIA";"31901110";"ADICIONAL DE INSALUBRIDADE";"FOLHA DE PAGAMENTO";"1713.21";"2024";"L";"29/01/2024";"0";"01/01/2024";"31/01/2024";"23"
"UNIDADE DE GESTÃO DE ESPORTE E LAZER";"27";"DESPORTO E LAZER";"812";"DESPORTO COMUNITÁRIO";"2024";"3948";"";"0";"0";"100012604";"FOLHA DE PAGAMENTO";"45780103000150";"";"0";"PROPRIA";"31901131";"GRATIFICACOES POR EXERCICIO DE  CARGO";"FOLHA DE PAGAMENTO";"2575.07";"2024";"L";"29/01/2024";"0";"01/01/2024";"31/01/2024";"23"
"UNIDADE DE GESTÃO DE ESPORTE E LAZER";"27";"DESPORTO E LAZER";"812";"DESPORTO COMUNITÁRIO";"2024";"3949";"";"0";"0";"100012604";"FOLHA DE PAGAMENTO";"45780103000150";"";"0";"PROPRIA";"31901131";"GRATIFICACOES POR EXERCICIO DE  CARGO";"FOLHA DE PAGAMENTO";"18670.35";"2024";"L";"29/01/2024";"0";"01/01/2024";"31/01/2024";"23"
"UNIDADE DE GESTÃO DE ESPORTE E LAZER";"27";"DESPORTO E LAZER";"812";"DESPORTO COMUNITÁRIO";"2024";"3950";"";"0";"0";"100012604";"FOLHA DE PAGAMENTO";"45780103000150";"";"0";"PROPRIA";"31901133";"GRATIFICACOES POR EXERCICIO DE  FUNCOES";"FOLHA DE PAGAMENTO";"19816.73";"2024";"L";"29/01/2024";"0";"01/01/2024";"31/01/2024";"23"
"UNIDADE DE GESTÃO DE ESPORTE E LAZER";"27";"DESPORTO E LAZER";"812";"DESPORTO COMUNITÁRIO";"2024";"3951";"";"0";"0";"100012604";"FOLHA DE PAGAMENTO";"45780103000150";"";"0";"PROPRIA";"31901137";"GRATIFICACOES POR TEMPO DE SERVICO";"FOLHA DE PAGAMENTO";"47741.68";"2024";"L";"29/01/2024";"0";"01/01/2024";"31/01/2024";"23"
"UNIDADE DE GESTÃO DE ESPORTE E LAZER";"27";"DESPORTO E LAZER";"812";"DESPORTO COMUNITÁRIO";"2024";"3952";"";"0";"0";"100012604";"FOLHA DE PAGAMENTO";"45780103000150";"";"0";"PROPRIA";"31901137";"GRATIFICACOES POR TEMPO DE SERVICO";"FOLHA DE PAGAMENTO";"105139.8";"2024";"L";"29/01/2024";"0";"01/01/2024";"31/01/2024";"23"
"UNIDADE DE GESTÃO DE ESPORTE E LAZER";"27";"DESPORTO E LAZER";"812";"DESPORTO COMUNITÁRIO";"2024";"3953";"";"0";"0";"100012604";"FOLHA DE PAGAMENTO";"45780103000150";"";"0";"PROPRIA";"31901144";"FÉRIAS - ABONO PECUNIARIO";"FOLHA DE PAGAMENTO";"41.36";"2024";"L";"29/01/2024";"0";"01/01/2024";"31/01/2024";"23"
"UNIDADE DE GESTÃO DE ESPORTE E LAZER";"27";"DESPORTO E LAZER";"812";"DESPORTO COMUNITÁRIO";"2024";"3954";"";"0";"0";"100012604";"FOLHA DE PAGAMENTO";"45780103000150";"";"0";"PROPRIA";"31901145";"FÉRIAS - ABONO CONSTITUICOES";"FOLHA DE PAGAMENTO";"36.65";"2024";"L";"29/01/2024";"0";"01/01/2024";"31/01/2024";"23"
"UNIDADE DE GESTÃO DE ESPORTE E LAZER";"27";"DESPORTO E LAZER";"812";"DESPORTO COMUNITÁRIO";"2024";"3955";"";"0";"0";"100012604";"FOLHA DE PAGAMENTO";"45780103000150";"";"0";"PROPRIA";"31901147";"LICENÇA PRÊMIO";"FOLHA DE PAGAMENTO";"64607.27";"2024";"L";"29/01/2024";"0";"01/01/2024";"31/01/2024";"23"
"UNIDADE DE GESTÃO DE ESPORTE E LAZER";"27";"DESPORTO E LAZER";"812";"DESPORTO COMUNITÁRIO";"2024";"3956";"";"0";"0";"4000055";"FUNDO DE GARANTIA POR TEMPO DE SERVICO";"00360305000104";"";"0";"PROPRIA";"31901301";"FGTS";"FOLHA DE PAGAMENTO";"30289.09";"2024";"L";"29/01/2024";"0";"01/01/2024";"31/01/2024";"23"
"UNIDADE DE GESTÃO DE ESPORTE E LAZER";"27";"DESPORTO E LAZER";"812";"DESPORTO COMUNITÁRIO";"2024";"3959";"";"0";"0";"100012604";"FOLHA DE PAGAMENTO";"45780103000150";"";"0";"PROPRIA";"31901632";"SUBSTITUIÇÕES  RPPS";"FOLHA DE PAGAMENTO";"2930.47";"2024";"L";"29/01/2024";"0";"01/01/2024";"31/01/2024";"23"
"UNIDADE DE GESTÃO DE ESPORTE E LAZER";"27";"DESPORTO E LAZER";"812";"DESPORTO COMUNITÁRIO";"2024";"3960";"";"0";"0";"100012604";"FOLHA DE PAGAMENTO";"45780103000150";"";"0";"PROPRIA";"31901644";"SERVIÇOS EXTRAORDINÁRIOS";"FOLHA DE PAGAMENTO";"2775.07";"2024";"L";"29/01/2024";"0";"01/01/2024";"31/01/2024";"23"
"UNIDADE DE GESTÃO DE ESPORTE E LAZER";"27";"DESPORTO E LAZER";"812";"DESPORTO COMUNITÁRIO";"2024";"3961";"";"0";"0";"100012604";"FOLHA DE PAGAMENTO";"45780103000150";"";"0";"PROPRIA";"31901644";"SERVIÇOS EXTRAORDINÁRIOS";"FOLHA DE PAGAMENTO";"81159.15";"2024";"L";"29/01/2024";"0";"01/01/2024";"31/01/2024";"23"
"UNIDADE DE GESTÃO DE ESPORTE E LAZER";"27";"DESPORTO E LAZER";"812";"DESPORTO COMUNITÁRIO";"2024";"3962";"";"0";"0";"100004453";"IPREJUN-INST.PREVIDENCIA DO MUN.JUNDIAI";"05507216000161";"";"0";"PROPRIA";"31911308";"CONTRIBUIÇÕES PREVIDENCIÁRIAS - RPPS - PESSOAL ATI";"FOLHA DE PAGAMENTO";"207816.23";"2024";"L";"29/01/2024";"0";"01/01/2024";"31/01/2024";"23"
"UNIDADE DE GESTÃO DE ESPORTE E LAZER";"27";"DESPORTO E LAZER";"812";"DESPORTO COMUNITÁRIO";"2024";"3963";"";"0";"0";"100004453";"IPREJUN-INST.PREVIDENCIA DO MUN.JUNDIAI";"05507216000161";"";"0";"PROPRIA";"31911320";"ALÍQUOTA SUPLEMENTAR DE CONTRIBUIÇÃO PREVIDENCIÁRI";"FOLHA DE PAGAMENTO";"275831.6";"2024";"L";"29/01/2024";"0";"01/01/2024";"31/01/2024";"23"
"UNIDADE DE GESTÃO DE ESPORTE E LAZER";"27";"DESPORTO E LAZER";"812";"DESPORTO COMUNITÁRIO";"2024";"3964";"";"0";"0";"100012604";"FOLHA DE PAGAMENTO";"45780103000150";"";"0";"PROPRIA";"33904901";"INDENIZACAO AUXILIO TRANSPORTE";"FOLHA DE PAGAMENTO";"32582";"2024";"L";"29/01/2024";"0";"01/01/2024";"31/01/2024";"23"
"UNIDADE DE GESTÃO DE ESPORTE E LAZER";"27";"DESPORTO E LAZER";"812";"DESPORTO COMUNITÁRIO";"2024";"3965";"";"0";"0";"100012604";"FOLHA DE PAGAMENTO";"45780103000150";"";"0";"PROPRIA";"33904901";"INDENIZACAO AUXILIO TRANSPORTE";"FOLHA DE PAGAMENTO";"5236";"2024";"L";"29/01/2024";"0";"01/01/2024";"31/01/2024";"23"
"UNIDADE DE GESTÃO DE ESPORTE E LAZER";"27";"DESPORTO E LAZER";"812";"DESPORTO COMUNITÁRIO";"2024";"3966";"";"0";"0";"100012604";"FOLHA DE PAGAMENTO";"45780103000150";"";"0";"PROPRIA";"33904901";"INDENIZACAO AUXILIO TRANSPORTE";"FOLHA DE PAGAMENTO";"3542";"2024";"L";"29/01/2024";"0";"01/01/2024";"31/01/2024";"23"
"UNIDADE DE GESTÃO DE PROMOÇÃO DA SAÚDE";"4";"ADMINISTRAÇÃO";"122";"ADMINISTRAÇÃO GERAL";"2024";"3971";"";"0";"0";"100042818";"PMJ-GLAUCIA FERRARI ARIAS";"22624307800";"";"0";"PROPRIA";"33903999";"OUTROS SERVICOS DE TERCEIROS - PESSOA JURIDICA";"ADIANTAMENTOS(SERVIDORES).";"4500";"2024";"L";"29/01/2024";"0";"01/01/2024";"31/01/2024";"14"
"UNIDADE DE GESTÃO DE PROMOÇÃO DA SAÚDE";"4";"ADMINISTRAÇÃO";"122";"ADMINISTRAÇÃO GERAL";"2024";"3972";"";"0";"0";"100042818";"PMJ-GLAUCIA FERRARI ARIAS";"22624307800";"";"0";"PROPRIA";"33903099";"OUTROS MATERIAIS DE CONSUMO";"ADIANTAMENTOS(SERVIDORES).";"2000";"2024";"L";"29/01/2024";"0";"01/01/2024";"31/01/2024";"14"
"UNIDADE DE GESTÃO DE MOBILIDADE E TRANSPORTE";"4";"ADMINISTRAÇÃO";"122";"ADMINISTRAÇÃO GERAL";"2024";"3989";"";"0";"0";"100010896";"CONSELHO REGIONAL DE ENG.ARQUIT.AGRON.SAO PAULO";"60985017000177";"";"0";"PROPRIA";"33903999";"OUTROS SERVICOS DE TERCEIROS - PESSOA JURIDICA";"TAXAS. TARIFAS E MULTAS DIVERSAS.";"99.64";"2024";"L";"30/01/2024";"0";"01/01/2024";"31/01/2024";"12"
"UNIDADE DE GESTÃO DE MOBILIDADE E TRANSPORTE";"4";"ADMINISTRAÇÃO";"122";"ADMINISTRAÇÃO GERAL";"2024";"3989";"";"0";"0";"100010896";"CONSELHO REGIONAL DE ENG.ARQUIT.AGRON.SAO PAULO";"60985017000177";"";"0";"PROPRIA";"33903999";"OUTROS SERVICOS DE TERCEIROS - PESSOA JURIDICA";"TAXAS. TARIFAS E MULTAS DIVERSAS.";"99.64";"2024";"L";"31/01/2024";"0";"01/01/2024";"31/01/2024";"12"
"UNIDADE DE GESTÃO DE NEG. JURÍDICOS E CIDADANIA";"4";"ADMINISTRAÇÃO";"422";"DIREITOS INDIVIDUAIS. COLETIVOS E DIFUSOS";"2024";"3999";"";"0";"0";"100012604";"FOLHA DE PAGAMENTO";"45780103000150";"";"0";"PROPRIA";"31901101";"VENCIMENTO E SALARIOS";"FOLHA DE PAGAMENTO";"243.99";"2024";"L";"30/01/2024";"0";"01/01/2024";"31/01/2024";"6"
"UNIDADE DE GESTÃO DE NEG. JURÍDICOS E CIDADANIA";"4";"ADMINISTRAÇÃO";"422";"DIREITOS INDIVIDUAIS. COLETIVOS E DIFUSOS";"2024";"4000";"";"0";"0";"100012604";"FOLHA DE PAGAMENTO";"45780103000150";"";"0";"PROPRIA";"31901142";"FÉRIAS INDENIZADAS";"FOLHA DE PAGAMENTO";"4473.5";"2024";"L";"30/01/2024";"0";"01/01/2024";"31/01/2024";"6"
"UNIDADE DE GESTÃO DE NEG. JURÍDICOS E CIDADANIA";"4";"ADMINISTRAÇÃO";"422";"DIREITOS INDIVIDUAIS. COLETIVOS E DIFUSOS";"2024";"4001";"";"0";"0";"100012604";"FOLHA DE PAGAMENTO";"45780103000150";"";"0";"PROPRIA";"31901644";"SERVIÇOS EXTRAORDINÁRIOS";"FOLHA DE PAGAMENTO";"5.65";"2024";"L";"30/01/2024";"0";"01/01/2024";"31/01/2024";"6"
"UNIDADE DE GESTÃO DE NEG. JURÍDICOS E CIDADANIA";"4";"ADMINISTRAÇÃO";"422";"DIREITOS INDIVIDUAIS. COLETIVOS E DIFUSOS";"2024";"4002";"";"0";"0";"100004453";"IPREJUN-INST.PREVIDENCIA DO MUN.JUNDIAI";"05507216000161";"";"0";"PROPRIA";"31911308";"CONTRIBUIÇÕES PREVIDENCIÁRIAS - RPPS - PESSOAL ATI";"FOLHA DE PAGAMENTO";"34.97";"2024";"L";"30/01/2024";"0";"01/01/2024";"31/01/2024";"6"
"UNIDADE DE GESTÃO DE NEG. JURÍDICOS E CIDADANIA";"4";"ADMINISTRAÇÃO";"422";"DIREITOS INDIVIDUAIS. COLETIVOS E DIFUSOS";"2024";"4003";"";"0";"0";"100004453";"IPREJUN-INST.PREVIDENCIA DO MUN.JUNDIAI";"05507216000161";"";"0";"PROPRIA";"31911320";"ALÍQUOTA SUPLEMENTAR DE CONTRIBUIÇÃO PREVIDENCIÁRI";"FOLHA DE PAGAMENTO";"46.41";"2024";"L";"30/01/2024";"0";"01/01/2024";"31/01/2024";"6"
"UNIDADE DE GESTÃO DE ADMINIST. E GESTÃO DE PESSOAS";"9";"PREVIDÊNCIA SOCIAL";"271";"PREVIDÊNCIA BÁSICA";"2024";"4004";"";"0";"0";"100012604";"FOLHA DE PAGAMENTO";"45780103000150";"";"0";"PROPRIA";"31900101";"PROVENTOS - PESSOAL CIVIL";"FOLHA DE PAGAMENTO";"478.54";"2024";"L";"30/01/2024";"0";"01/01/2024";"31/01/2024";"7"
"UNIDADE DE GESTÃO DE ADMINIST. E GESTÃO DE PESSOAS";"9";"PREVIDÊNCIA SOCIAL";"271";"PREVIDÊNCIA BÁSICA";"2024";"4005";"";"0";"0";"100012604";"FOLHA DE PAGAMENTO";"45780103000150";"";"0";"PROPRIA";"31900301";"PESSOAL CIVIL";"FOLHA DE PAGAMENTO";"127.24";"2024";"L";"30/01/2024";"0";"01/01/2024";"31/01/2024";"7"
"UNIDADE DE GESTÃO DE ADMINIST. E GESTÃO DE PESSOAS";"17";"SANEAMENTO";"122";"ADMINISTRAÇÃO GERAL";"2024";"4006";"";"0";"0";"100012604";"FOLHA DE PAGAMENTO";"45780103000150";"";"902";"RESTITUIÇÕES DAE S/A";"31901142";"FÉRIAS INDENIZADAS";"FOLHA DE PAGAMENTO";"43775.47";"2024";"L";"30/01/2024";"0";"01/01/2024";"31/01/2024";"7"
"UNIDADE DE GESTÃO DE INFRAEST. E SERVIÇOS PÚBLICOS";"15";"URBANISMO";"122";"ADMINISTRAÇÃO GERAL";"2024";"4007";"";"0";"0";"100012604";"FOLHA DE PAGAMENTO";"45780103000150";"";"0";"PROPRIA";"31901142";"FÉRIAS INDENIZADAS";"FOLHA DE PAGAMENTO";"115993.79";"2024";"L";"30/01/2024";"0";"01/01/2024";"31/01/2024";"10"
"UNIDADE DE GESTÃO DE INFRAEST. E SERVIÇOS PÚBLICOS";"15";"URBANISMO";"122";"ADMINISTRAÇÃO GERAL";"2024";"4008";"";"0";"0";"100012604";"FOLHA DE PAGAMENTO";"45780103000150";"";"0";"PROPRIA";"31901644";"SERVIÇOS EXTRAORDINÁRIOS";"FOLHA DE PAGAMENTO";"8396.22";"2024";"L";"30/01/2024";"0";"01/01/2024";"31/01/2024";"10"
"UNIDADE DE GESTÃO DE MOBILIDADE E TRANSPORTE";"15";"URBANISMO";"122";"ADMINISTRAÇÃO GERAL";"2024";"4009";"";"0";"0";"100012604";"FOLHA DE PAGAMENTO";"45780103000150";"";"0";"PROPRIA";"31901142";"FÉRIAS INDENIZADAS";"FOLHA DE PAGAMENTO";"30455.59";"2024";"L";"30/01/2024";"0";"01/01/2024";"31/01/2024";"12"
"UNIDADE DE GESTÃO DE MOBILIDADE E TRANSPORTE";"15";"URBANISMO";"122";"ADMINISTRAÇÃO GERAL";"2024";"4010";"";"0";"0";"100012604";"FOLHA DE PAGAMENTO";"45780103000150";"";"0";"PROPRIA";"31901644";"SERVIÇOS EXTRAORDINÁRIOS";"FOLHA DE PAGAMENTO";"2408.94";"2024";"L";"30/01/2024";"0";"01/01/2024";"31/01/2024";"12"
"UNIDADE DE GESTÃO DE EDUCAÇÃO";"12";"EDUCAÇÃO";"365";"EDUCAÇÃO INFANTIL";"2024";"4011";"";"0";"0";"100012604";"FOLHA DE PAGAMENTO";"45780103000150";"";"0";"PROPRIA";"31901142";"FÉRIAS INDENIZADAS";"FOLHA DE PAGAMENTO";"19409.48";"2024";"L";"30/01/2024";"0";"01/01/2024";"31/01/2024";"13"
"UNIDADE DE GESTÃO DE EDUCAÇÃO";"12";"EDUCAÇÃO";"361";"ENSINO FUNDAMENTAL";"2024";"4012";"";"0";"0";"100012604";"FOLHA DE PAGAMENTO";"45780103000150";"";"0";"PROPRIA";"31901101";"VENCIMENTO E SALARIOS";"FOLHA DE PAGAMENTO";"101.73";"2024";"L";"30/01/2024";"0";"01/01/2024";"31/01/2024";"13"
"UNIDADE DE GESTÃO DE EDUCAÇÃO";"12";"EDUCAÇÃO";"361";"ENSINO FUNDAMENTAL";"2024";"4013";"";"0";"0";"100012604";"FOLHA DE PAGAMENTO";"45780103000150";"";"0";"PROPRIA";"31901137";"GRATIFICACOES POR TEMPO DE SERVICO";"FOLHA DE PAGAMENTO";"5.09";"2024";"L";"30/01/2024";"0";"01/01/2024";"31/01/2024";"13"
"UNIDADE DE GESTÃO DE EDUCAÇÃO";"12";"EDUCAÇÃO";"361";"ENSINO FUNDAMENTAL";"2024";"4014";"";"0";"0";"100012604";"FOLHA DE PAGAMENTO";"45780103000150";"";"0";"PROPRIA";"31901142";"FÉRIAS INDENIZADAS";"FOLHA DE PAGAMENTO";"47806.25";"2024";"L";"30/01/2024";"0";"01/01/2024";"31/01/2024";"13"
"UNIDADE DE GESTÃO DE EDUCAÇÃO";"12";"EDUCAÇÃO";"361";"ENSINO FUNDAMENTAL";"2024";"4015";"";"0";"0";"100012604";"FOLHA DE PAGAMENTO";"45780103000150";"";"0";"PROPRIA";"31901644";"SERVIÇOS EXTRAORDINÁRIOS";"FOLHA DE PAGAMENTO";"201.62";"2024";"L";"30/01/2024";"0";"01/01/2024";"31/01/2024";"13"
"UNIDADE DE GESTÃO DE EDUCAÇÃO";"12";"EDUCAÇÃO";"361";"ENSINO FUNDAMENTAL";"2024";"4016";"";"0";"0";"100004453";"IPREJUN-INST.PREVIDENCIA DO MUN.JUNDIAI";"05507216000161";"";"0";"PROPRIA";"31911308";"CONTRIBUIÇÕES PREVIDENCIÁRIAS - RPPS - PESSOAL ATI";"FOLHA DE PAGAMENTO";"15.3";"2024";"L";"30/01/2024";"0";"01/01/2024";"31/01/2024";"13"
"UNIDADE DE GESTÃO DE EDUCAÇÃO";"12";"EDUCAÇÃO";"361";"ENSINO FUNDAMENTAL";"2024";"4017";"";"0";"0";"100004453";"IPREJUN-INST.PREVIDENCIA DO MUN.JUNDIAI";"05507216000161";"";"0";"PROPRIA";"31911320";"ALÍQUOTA SUPLEMENTAR DE CONTRIBUIÇÃO PREVIDENCIÁRI";"FOLHA DE PAGAMENTO";"20.31";"2024";"L";"30/01/2024";"0";"01/01/2024";"31/01/2024";"13"
"UNIDADE DE GESTÃO DE EDUCAÇÃO";"12";"EDUCAÇÃO";"361";"ENSINO FUNDAMENTAL";"2024";"4018";"";"0";"0";"100012604";"FOLHA DE PAGAMENTO";"45780103000150";"";"0";"PROPRIA";"31901101";"VENCIMENTO E SALARIOS";"FOLHA DE PAGAMENTO";"3266.28";"2024";"L";"30/01/2024";"0";"01/01/2024";"31/01/2024";"13"
"UNIDADE DE GESTÃO DE EDUCAÇÃO";"12";"EDUCAÇÃO";"361";"ENSINO FUNDAMENTAL";"2024";"4019";"";"0";"0";"100012604";"FOLHA DE PAGAMENTO";"45780103000150";"";"0";"PROPRIA";"31901142";"FÉRIAS INDENIZADAS";"FOLHA DE PAGAMENTO";"194972.46";"2024";"L";"30/01/2024";"0";"01/01/2024";"31/01/2024";"13"
"UNIDADE DE GESTÃO DE EDUCAÇÃO";"12";"EDUCAÇÃO";"361";"ENSINO FUNDAMENTAL";"2024";"4020";"";"0";"0";"100012604";"FOLHA DE PAGAMENTO";"45780103000150";"";"0";"PROPRIA";"31901143";"13 SALARIO";"FOLHA DE PAGAMENTO";"480.84";"2024";"L";"30/01/2024";"0";"01/01/2024";"31/01/2024";"13"
"UNIDADE DE GESTÃO DE EDUCAÇÃO";"12";"EDUCAÇÃO";"361";"ENSINO FUNDAMENTAL";"2024";"4021";"";"0";"0";"100012604";"FOLHA DE PAGAMENTO";"45780103000150";"";"5203";"FUNDO MANUT.DES.ED.BÁSICA E VALOR.PROF.MAG.-FUNDEB";"31901101";"VENCIMENTO E SALARIOS";"FOLHA DE PAGAMENTO";"189.76";"2024";"L";"30/01/2024";"0";"01/01/2024";"31/01/2024";"13"
"UNIDADE DE GESTÃO DE EDUCAÇÃO";"12";"EDUCAÇÃO";"361";"ENSINO FUNDAMENTAL";"2024";"4022";"";"0";"0";"100012604";"FOLHA DE PAGAMENTO";"45780103000150";"";"5203";"FUNDO MANUT.DES.ED.BÁSICA E VALOR.PROF.MAG.-FUNDEB";"31901142";"FÉRIAS INDENIZADAS";"FOLHA DE PAGAMENTO";"38680.46";"2024";"L";"30/01/2024";"0";"01/01/2024";"31/01/2024";"13"
"UNIDADE DE GESTÃO DE EDUCAÇÃO";"12";"EDUCAÇÃO";"361";"ENSINO FUNDAMENTAL";"2024";"4023";"";"0";"0";"100012604";"FOLHA DE PAGAMENTO";"45780103000150";"";"0";"PROPRIA";"31901644";"SERVIÇOS EXTRAORDINÁRIOS";"FOLHA DE PAGAMENTO";"240.72";"2024";"L";"30/01/2024";"0";"01/01/2024";"31/01/2024";"13"
"UNIDADE DE GESTÃO DE EDUCAÇÃO";"12";"EDUCAÇÃO";"361";"ENSINO FUNDAMENTAL";"2024";"4024";"";"0";"0";"100012604";"FOLHA DE PAGAMENTO";"45780103000150";"";"5203";"FUNDO MANUT.DES.ED.BÁSICA E VALOR.PROF.MAG.-FUNDEB";"31901644";"SERVIÇOS EXTRAORDINÁRIOS";"FOLHA DE PAGAMENTO";"60.27";"2024";"L";"30/01/2024";"0";"01/01/2024";"31/01/2024";"13"
"UNIDADE DE GESTÃO DE EDUCAÇÃO";"12";"EDUCAÇÃO";"361";"ENSINO FUNDAMENTAL";"2024";"4025";"";"0";"0";"100004453";"IPREJUN-INST.PREVIDENCIA DO MUN.JUNDIAI";"05507216000161";"";"0";"PROPRIA";"31911308";"CONTRIBUIÇÕES PREVIDENCIÁRIAS - RPPS - PESSOAL ATI";"FOLHA DE PAGAMENTO";"537.46";"2024";"L";"30/01/2024";"0";"01/01/2024";"31/01/2024";"13"
"UNIDADE DE GESTÃO DE EDUCAÇÃO";"12";"EDUCAÇÃO";"361";"ENSINO FUNDAMENTAL";"2024";"4026";"";"0";"0";"100004453";"IPREJUN-INST.PREVIDENCIA DO MUN.JUNDIAI";"05507216000161";"";"0";"PROPRIA";"31911320";"ALÍQUOTA SUPLEMENTAR DE CONTRIBUIÇÃO PREVIDENCIÁRI";"FOLHA DE PAGAMENTO";"713.36";"2024";"L";"30/01/2024";"0";"01/01/2024";"31/01/2024";"13"
"UNIDADE DE GESTÃO DE EDUCAÇÃO";"12";"EDUCAÇÃO";"361";"ENSINO FUNDAMENTAL";"2024";"4027";"";"0";"0";"100004453";"IPREJUN-INST.PREVIDENCIA DO MUN.JUNDIAI";"05507216000161";"";"5203";"FUNDO MANUT.DES.ED.BÁSICA E VALOR.PROF.MAG.-FUNDEB";"31911308";"CONTRIBUIÇÕES PREVIDENCIÁRIAS - RPPS - PESSOAL ATI";"FOLHA DE PAGAMENTO";"27.56";"2024";"L";"30/01/2024";"0";"01/01/2024";"31/01/2024";"13"
"UNIDADE DE GESTÃO DE EDUCAÇÃO";"12";"EDUCAÇÃO";"361";"ENSINO FUNDAMENTAL";"2024";"4028";"";"0";"0";"100004453";"IPREJUN-INST.PREVIDENCIA DO MUN.JUNDIAI";"05507216000161";"";"5203";"FUNDO MANUT.DES.ED.BÁSICA E VALOR.PROF.MAG.-FUNDEB";"31911320";"ALÍQUOTA SUPLEMENTAR DE CONTRIBUIÇÃO PREVIDENCIÁRI";"FOLHA DE PAGAMENTO";"36.59";"2024";"L";"30/01/2024";"0";"01/01/2024";"31/01/2024";"13"
"UNIDADE DE GESTÃO DE EDUCAÇÃO";"12";"EDUCAÇÃO";"365";"EDUCAÇÃO INFANTIL";"2024";"4029";"";"0";"0";"100012604";"FOLHA DE PAGAMENTO";"45780103000150";"";"0";"PROPRIA";"31901142";"FÉRIAS INDENIZADAS";"FOLHA DE PAGAMENTO";"147416.93";"2024";"L";"30/01/2024";"0";"01/01/2024";"31/01/2024";"13"
"UNIDADE DE GESTÃO DE EDUCAÇÃO";"12";"EDUCAÇÃO";"365";"EDUCAÇÃO INFANTIL";"2024";"4030";"";"0";"0";"100012604";"FOLHA DE PAGAMENTO";"45780103000150";"";"0";"PROPRIA";"31901644";"SERVIÇOS EXTRAORDINÁRIOS";"FOLHA DE PAGAMENTO";"38.6";"2024";"L";"30/01/2024";"0";"01/01/2024";"31/01/2024";"13"
"UNIDADE DE GESTÃO DE EDUCAÇÃO";"12";"EDUCAÇÃO";"361";"ENSINO FUNDAMENTAL";"2024";"4031";"";"0";"0";"100012604";"FOLHA DE PAGAMENTO";"45780103000150";"";"0";"PROPRIA";"31901101";"VENCIMENTO E SALARIOS";"FOLHA DE PAGAMENTO";"1858.96";"2024";"L";"30/01/2024";"0";"01/01/2024";"31/01/2024";"13"
"UNIDADE DE GESTÃO DE EDUCAÇÃO";"12";"EDUCAÇÃO";"361";"ENSINO FUNDAMENTAL";"2024";"4032";"";"0";"0";"100012604";"FOLHA DE PAGAMENTO";"45780103000150";"";"0";"PROPRIA";"31901142";"FÉRIAS INDENIZADAS";"FOLHA DE PAGAMENTO";"3485.55";"2024";"L";"30/01/2024";"0";"01/01/2024";"31/01/2024";"13"
"UNIDADE DE GESTÃO DE EDUCAÇÃO";"12";"EDUCAÇÃO";"361";"ENSINO FUNDAMENTAL";"2024";"4033";"";"0";"0";"100012604";"FOLHA DE PAGAMENTO";"45780103000150";"";"0";"PROPRIA";"31901143";"13 SALARIO";"FOLHA DE PAGAMENTO";"290.46";"2024";"L";"30/01/2024";"0";"01/01/2024";"31/01/2024";"13"
"UNIDADE DE GESTÃO DE EDUCAÇÃO";"12";"EDUCAÇÃO";"361";"ENSINO FUNDAMENTAL";"2024";"4034";"";"0";"0";"100004453";"IPREJUN-INST.PREVIDENCIA DO MUN.JUNDIAI";"05507216000161";"";"0";"PROPRIA";"31911308";"CONTRIBUIÇÕES PREVIDENCIÁRIAS - RPPS - PESSOAL ATI";"FOLHA DE PAGAMENTO";"308";"2024";"L";"30/01/2024";"0";"01/01/2024";"31/01/2024";"13"
"UNIDADE DE GESTÃO DE EDUCAÇÃO";"12";"EDUCAÇÃO";"361";"ENSINO FUNDAMENTAL";"2024";"4035";"";"0";"0";"100004453";"IPREJUN-INST.PREVIDENCIA DO MUN.JUNDIAI";"05507216000161";"";"0";"PROPRIA";"31911320";"ALÍQUOTA SUPLEMENTAR DE CONTRIBUIÇÃO PREVIDENCIÁRI";"FOLHA DE PAGAMENTO";"408.81";"2024";"L";"30/01/2024";"0";"01/01/2024";"31/01/2024";"13"
"UNIDADE DE GESTÃO DE EDUCAÇÃO";"12";"EDUCAÇÃO";"361";"ENSINO FUNDAMENTAL";"2024";"4036";"";"0";"0";"100012604";"FOLHA DE PAGAMENTO";"45780103000150";"";"0";"PROPRIA";"33904901";"INDENIZACAO AUXILIO TRANSPORTE";"FOLHA DE PAGAMENTO";"242";"2024";"L";"30/01/2024";"0";"01/01/2024";"31/01/2024";"13"
"UNIDADE DE GESTÃO DE EDUCAÇÃO";"12";"EDUCAÇÃO";"366";"EDUCAÇÃO DE JOVENS E ADULTOS";"2024";"4037";"";"0";"0";"100012604";"FOLHA DE PAGAMENTO";"45780103000150";"";"0";"PROPRIA";"31901101";"VENCIMENTO E SALARIOS";"FOLHA DE PAGAMENTO";"2506.38";"2024";"L";"30/01/2024";"0";"01/01/2024";"31/01/2024";"13"
"UNIDADE DE GESTÃO DE EDUCAÇÃO";"12";"EDUCAÇÃO";"366";"EDUCAÇÃO DE JOVENS E ADULTOS";"2024";"4038";"";"0";"0";"100012604";"FOLHA DE PAGAMENTO";"45780103000150";"";"0";"PROPRIA";"31901104";"ADICIONAL NOTURNO";"FOLHA DE PAGAMENTO";"295.54";"2024";"L";"30/01/2024";"0";"01/01/2024";"31/01/2024";"13"
"UNIDADE DE GESTÃO DE EDUCAÇÃO";"12";"EDUCAÇÃO";"366";"EDUCAÇÃO DE JOVENS E ADULTOS";"2024";"4039";"";"0";"0";"100012604";"FOLHA DE PAGAMENTO";"45780103000150";"";"0";"PROPRIA";"31901133";"GRATIFICACOES POR EXERCICIO DE  FUNCOES";"FOLHA DE PAGAMENTO";"298.38";"2024";"L";"30/01/2024";"0";"01/01/2024";"31/01/2024";"13"
"UNIDADE DE GESTÃO DE EDUCAÇÃO";"12";"EDUCAÇÃO";"366";"EDUCAÇÃO DE JOVENS E ADULTOS";"2024";"4040";"";"0";"0";"100012604";"FOLHA DE PAGAMENTO";"45780103000150";"";"0";"PROPRIA";"31901137";"GRATIFICACOES POR TEMPO DE SERVICO";"FOLHA DE PAGAMENTO";"298.38";"2024";"L";"30/01/2024";"0";"01/01/2024";"31/01/2024";"13"
"UNIDADE DE GESTÃO DE EDUCAÇÃO";"12";"EDUCAÇÃO";"366";"EDUCAÇÃO DE JOVENS E ADULTOS";"2024";"4041";"";"0";"0";"100012604";"FOLHA DE PAGAMENTO";"45780103000150";"";"0";"PROPRIA";"31901142";"FÉRIAS INDENIZADAS";"FOLHA DE PAGAMENTO";"54583.4";"2024";"L";"30/01/2024";"0";"01/01/2024";"31/01/2024";"13"
"UNIDADE DE GESTÃO DE EDUCAÇÃO";"12";"EDUCAÇÃO";"366";"EDUCAÇÃO DE JOVENS E ADULTOS";"2024";"4042";"";"0";"0";"100012604";"FOLHA DE PAGAMENTO";"45780103000150";"";"0";"PROPRIA";"31901143";"13 SALARIO";"FOLHA DE PAGAMENTO";"925.46";"2024";"L";"30/01/2024";"0";"01/01/2024";"31/01/2024";"13"
"UNIDADE DE GESTÃO DE EDUCAÇÃO";"12";"EDUCAÇÃO";"366";"EDUCAÇÃO DE JOVENS E ADULTOS";"2024";"4043";"";"0";"0";"100012604";"FOLHA DE PAGAMENTO";"45780103000150";"";"0";"PROPRIA";"31901644";"SERVIÇOS EXTRAORDINÁRIOS";"FOLHA DE PAGAMENTO";"34.58";"2024";"L";"30/01/2024";"0";"01/01/2024";"31/01/2024";"13"
"UNIDADE DE GESTÃO DE EDUCAÇÃO";"12";"EDUCAÇÃO";"366";"EDUCAÇÃO DE JOVENS E ADULTOS";"2024";"4044";"";"0";"0";"100004453";"IPREJUN-INST.PREVIDENCIA DO MUN.JUNDIAI";"05507216000161";"";"0";"PROPRIA";"31911308";"CONTRIBUIÇÕES PREVIDENCIÁRIAS - RPPS - PESSOAL ATI";"FOLHA DE PAGAMENTO";"1032.29";"2024";"L";"30/01/2024";"0";"01/01/2024";"31/01/2024";"13"
"UNIDADE DE GESTÃO DE EDUCAÇÃO";"12";"EDUCAÇÃO";"366";"EDUCAÇÃO DE JOVENS E ADULTOS";"2024";"4045";"";"0";"0";"100004453";"IPREJUN-INST.PREVIDENCIA DO MUN.JUNDIAI";"05507216000161";"";"0";"PROPRIA";"31911320";"ALÍQUOTA SUPLEMENTAR DE CONTRIBUIÇÃO PREVIDENCIÁRI";"FOLHA DE PAGAMENTO";"1370.15";"2024";"L";"30/01/2024";"0";"01/01/2024";"31/01/2024";"13"
"UNIDADE DE GESTÃO DE EDUCAÇÃO";"12";"EDUCAÇÃO";"365";"EDUCAÇÃO INFANTIL";"2024";"4046";"";"0";"0";"100012604";"FOLHA DE PAGAMENTO";"45780103000150";"";"0";"PROPRIA";"31901101";"VENCIMENTO E SALARIOS";"FOLHA DE PAGAMENTO";"2033.79";"2024";"L";"30/01/2024";"0";"01/01/2024";"31/01/2024";"13"
"UNIDADE DE GESTÃO DE EDUCAÇÃO";"12";"EDUCAÇÃO";"365";"EDUCAÇÃO INFANTIL";"2024";"4047";"";"0";"0";"100012604";"FOLHA DE PAGAMENTO";"45780103000150";"";"0";"PROPRIA";"31901137";"GRATIFICACOES POR TEMPO DE SERVICO";"FOLHA DE PAGAMENTO";"103.84";"2024";"L";"30/01/2024";"0";"01/01/2024";"31/01/2024";"13"
"UNIDADE DE GESTÃO DE EDUCAÇÃO";"12";"EDUCAÇÃO";"365";"EDUCAÇÃO INFANTIL";"2024";"4048";"";"0";"0";"100012604";"FOLHA DE PAGAMENTO";"45780103000150";"";"0";"PROPRIA";"31901142";"FÉRIAS INDENIZADAS";"FOLHA DE PAGAMENTO";"75549.49";"2024";"L";"30/01/2024";"0";"01/01/2024";"31/01/2024";"13"
"UNIDADE DE GESTÃO DE EDUCAÇÃO";"12";"EDUCAÇÃO";"365";"EDUCAÇÃO INFANTIL";"2024";"4049";"";"0";"0";"100012604";"FOLHA DE PAGAMENTO";"45780103000150";"";"0";"PROPRIA";"31901143";"13 SALARIO";"FOLHA DE PAGAMENTO";"639.44";"2024";"L";"30/01/2024";"0";"01/01/2024";"31/01/2024";"13"
"UNIDADE DE GESTÃO DE EDUCAÇÃO";"12";"EDUCAÇÃO";"365";"EDUCAÇÃO INFANTIL";"2024";"4050";"";"0";"0";"100012604";"FOLHA DE PAGAMENTO";"45780103000150";"";"0";"PROPRIA";"31901644";"SERVIÇOS EXTRAORDINÁRIOS";"FOLHA DE PAGAMENTO";"62.14";"2024";"L";"30/01/2024";"0";"01/01/2024";"31/01/2024";"13"
"UNIDADE DE GESTÃO DE EDUCAÇÃO";"12";"EDUCAÇÃO";"365";"EDUCAÇÃO INFANTIL";"2024";"4051";"";"0";"0";"100004453";"IPREJUN-INST.PREVIDENCIA DO MUN.JUNDIAI";"05507216000161";"";"0";"PROPRIA";"31911308";"CONTRIBUIÇÕES PREVIDENCIÁRIAS - RPPS - PESSOAL ATI";"FOLHA DE PAGAMENTO";"993.29";"2024";"L";"30/01/2024";"0";"01/01/2024";"31/01/2024";"13"
"UNIDADE DE GESTÃO DE EDUCAÇÃO";"12";"EDUCAÇÃO";"365";"EDUCAÇÃO INFANTIL";"2024";"4052";"";"0";"0";"100004453";"IPREJUN-INST.PREVIDENCIA DO MUN.JUNDIAI";"05507216000161";"";"0";"PROPRIA";"31911320";"ALÍQUOTA SUPLEMENTAR DE CONTRIBUIÇÃO PREVIDENCIÁRI";"FOLHA DE PAGAMENTO";"1318.39";"2024";"L";"30/01/2024";"0";"01/01/2024";"31/01/2024";"13"
"UNIDADE DE GESTÃO DE PROMOÇÃO DA SAÚDE";"10";"SAÚDE";"301";"ATENÇÃO BÁSICA";"2024";"4053";"";"0";"0";"100012604";"FOLHA DE PAGAMENTO";"45780103000150";"";"0";"PROPRIA";"31901101";"VENCIMENTO E SALARIOS";"FOLHA DE PAGAMENTO";"2747.73";"2024";"L";"30/01/2024";"0";"01/01/2024";"31/01/2024";"14"
"UNIDADE DE GESTÃO DE PROMOÇÃO DA SAÚDE";"10";"SAÚDE";"301";"ATENÇÃO BÁSICA";"2024";"4054";"";"0";"0";"100012604";"FOLHA DE PAGAMENTO";"45780103000150";"";"0";"PROPRIA";"31901110";"ADICIONAL DE INSALUBRIDADE";"FOLHA DE PAGAMENTO";"216.51";"2024";"L";"30/01/2024";"0";"01/01/2024";"31/01/2024";"14"
"UNIDADE DE GESTÃO DE PROMOÇÃO DA SAÚDE";"10";"SAÚDE";"301";"ATENÇÃO BÁSICA";"2024";"4055";"";"0";"0";"100012604";"FOLHA DE PAGAMENTO";"45780103000150";"";"0";"PROPRIA";"31901137";"GRATIFICACOES POR TEMPO DE SERVICO";"FOLHA DE PAGAMENTO";"41.77";"2024";"L";"30/01/2024";"0";"01/01/2024";"31/01/2024";"14"
"UNIDADE DE GESTÃO DE PROMOÇÃO DA SAÚDE";"10";"SAÚDE";"301";"ATENÇÃO BÁSICA";"2024";"4056";"";"0";"0";"100012604";"FOLHA DE PAGAMENTO";"45780103000150";"";"0";"PROPRIA";"31901142";"FÉRIAS INDENIZADAS";"FOLHA DE PAGAMENTO";"33147.2";"2024";"L";"30/01/2024";"0";"01/01/2024";"31/01/2024";"14"
"UNIDADE DE GESTÃO DE PROMOÇÃO DA SAÚDE";"10";"SAÚDE";"301";"ATENÇÃO BÁSICA";"2024";"4057";"";"0";"0";"100012604";"FOLHA DE PAGAMENTO";"45780103000150";"";"0";"PROPRIA";"31901644";"SERVIÇOS EXTRAORDINÁRIOS";"FOLHA DE PAGAMENTO";"340.04";"2024";"L";"30/01/2024";"0";"01/01/2024";"31/01/2024";"14"
"UNIDADE DE GESTÃO DE PROMOÇÃO DA SAÚDE";"10";"SAÚDE";"301";"ATENÇÃO BÁSICA";"2024";"4058";"";"0";"0";"100004453";"IPREJUN-INST.PREVIDENCIA DO MUN.JUNDIAI";"05507216000161";"";"0";"PROPRIA";"31911308";"CONTRIBUIÇÕES PREVIDENCIÁRIAS - RPPS - PESSOAL ATI";"FOLHA DE PAGAMENTO";"880.87";"2024";"L";"30/01/2024";"0";"01/01/2024";"31/01/2024";"14"
"UNIDADE DE GESTÃO DE PROMOÇÃO DA SAÚDE";"10";"SAÚDE";"301";"ATENÇÃO BÁSICA";"2024";"4059";"";"0";"0";"100004453";"IPREJUN-INST.PREVIDENCIA DO MUN.JUNDIAI";"05507216000161";"";"0";"PROPRIA";"31911320";"ALÍQUOTA SUPLEMENTAR DE CONTRIBUIÇÃO PREVIDENCIÁRI";"FOLHA DE PAGAMENTO";"1169.16";"2024";"L";"30/01/2024";"0";"01/01/2024";"31/01/2024";"14"
"UNIDADE DE GESTÃO DE PROMOÇÃO DA SAÚDE";"10";"SAÚDE";"301";"ATENÇÃO BÁSICA";"2024";"4060";"";"0";"0";"100012604";"FOLHA DE PAGAMENTO";"45780103000150";"";"0";"PROPRIA";"33904901";"INDENIZACAO AUXILIO TRANSPORTE";"FOLHA DE PAGAMENTO";"286";"2024";"L";"30/01/2024";"0";"01/01/2024";"31/01/2024";"14"
"UNIDADE DE GESTÃO DE PROMOÇÃO DA SAÚDE";"10";"SAÚDE";"302";"ASSISTÊNCIA HOSPITALAR E AMBULATORIAL";"2024";"4061";"";"0";"0";"100012604";"FOLHA DE PAGAMENTO";"45780103000150";"";"0";"PROPRIA";"31901110";"ADICIONAL DE INSALUBRIDADE";"FOLHA DE PAGAMENTO";"122.37";"2024";"L";"30/01/2024";"0";"01/01/2024";"31/01/2024";"14"
"UNIDADE DE GESTÃO DE PROMOÇÃO DA SAÚDE";"10";"SAÚDE";"302";"ASSISTÊNCIA HOSPITALAR E AMBULATORIAL";"2024";"4062";"";"0";"0";"100012604";"FOLHA DE PAGAMENTO";"45780103000150";"";"0";"PROPRIA";"31901137";"GRATIFICACOES POR TEMPO DE SERVICO";"FOLHA DE PAGAMENTO";"98.05";"2024";"L";"30/01/2024";"0";"01/01/2024";"31/01/2024";"14"
"UNIDADE DE GESTÃO DE PROMOÇÃO DA SAÚDE";"10";"SAÚDE";"302";"ASSISTÊNCIA HOSPITALAR E AMBULATORIAL";"2024";"4063";"";"0";"0";"100012604";"FOLHA DE PAGAMENTO";"45780103000150";"";"0";"PROPRIA";"31901142";"FÉRIAS INDENIZADAS";"FOLHA DE PAGAMENTO";"45950.2";"2024";"L";"30/01/2024";"0";"01/01/2024";"31/01/2024";"14"
"UNIDADE DE GESTÃO DE PROMOÇÃO DA SAÚDE";"10";"SAÚDE";"302";"ASSISTÊNCIA HOSPITALAR E AMBULATORIAL";"2024";"4064";"";"0";"0";"100012604";"FOLHA DE PAGAMENTO";"45780103000150";"";"0";"PROPRIA";"31901644";"SERVIÇOS EXTRAORDINÁRIOS";"FOLHA DE PAGAMENTO";"1318.42";"2024";"L";"30/01/2024";"0";"01/01/2024";"31/01/2024";"14"
"UNIDADE DE GESTÃO DE PROMOÇÃO DA SAÚDE";"10";"SAÚDE";"302";"ASSISTÊNCIA HOSPITALAR E AMBULATORIAL";"2024";"4065";"";"0";"0";"100004453";"IPREJUN-INST.PREVIDENCIA DO MUN.JUNDIAI";"05507216000161";"";"0";"PROPRIA";"31911308";"CONTRIBUIÇÕES PREVIDENCIÁRIAS - RPPS - PESSOAL ATI";"FOLHA DE PAGAMENTO";"436.89";"2024";"L";"30/01/2024";"0";"01/01/2024";"31/01/2024";"14"
"UNIDADE DE GESTÃO DE PROMOÇÃO DA SAÚDE";"10";"SAÚDE";"302";"ASSISTÊNCIA HOSPITALAR E AMBULATORIAL";"2024";"4066";"";"0";"0";"100004453";"IPREJUN-INST.PREVIDENCIA DO MUN.JUNDIAI";"05507216000161";"";"0";"PROPRIA";"31911320";"ALÍQUOTA SUPLEMENTAR DE CONTRIBUIÇÃO PREVIDENCIÁRI";"FOLHA DE PAGAMENTO";"579.88";"2024";"L";"30/01/2024";"0";"01/01/2024";"31/01/2024";"14"
"UNIDADE DE GESTÃO DE CULTURA";"13";"CULTURA";"122";"ADMINISTRAÇÃO GERAL";"2024";"4067";"";"0";"0";"100012604";"FOLHA DE PAGAMENTO";"45780103000150";"";"0";"PROPRIA";"31901142";"FÉRIAS INDENIZADAS";"FOLHA DE PAGAMENTO";"44703.66";"2024";"L";"30/01/2024";"0";"01/01/2024";"31/01/2024";"22"
"UNIDADE DE GESTÃO DE CULTURA";"13";"CULTURA";"122";"ADMINISTRAÇÃO GERAL";"2024";"4068";"";"0";"0";"100012604";"FOLHA DE PAGAMENTO";"45780103000150";"";"0";"PROPRIA";"31901644";"SERVIÇOS EXTRAORDINÁRIOS";"FOLHA DE PAGAMENTO";"2296.37";"2024";"L";"30/01/2024";"0";"01/01/2024";"31/01/2024";"22"
"UNIDADE DE GESTÃO DE GOVERNO E FINANÇAS";"28";"ENCARGOS ESPECIAIS";"846";"OUTROS ENCARGOS ESPECIAIS";"2024";"4069";"";"0";"0";"100051206";"FÁTIMA CIRENE DA SILVA DUARTE";"10240157850";"";"0";"PROPRIA";"33909115";"SENTENÇAS JUDICIAIS DE PEQUENO VALOR";"DESPESAS OBRIGATORIAS E/OU JUDICIAIS(P. FISICAS).";"22551.64";"2024";"L";"30/01/2024";"0";"01/01/2024";"31/01/2024";"8"
"UNIDADE DE GESTÃO DE INFRAEST. E SERVIÇOS PÚBLICOS";"4";"ADMINISTRAÇÃO";"122";"ADMINISTRAÇÃO GERAL";"2024";"4077";"";"0";"0";"100001864";"DEPARTAMENTO DE ESTRADAS DE RODAGEM";"43052497000102";"";"0";"PROPRIA";"33903999";"OUTROS SERVICOS DE TERCEIROS - PESSOA JURIDICA";"OUTRAS TAXAS E TARIFAS.";"156.19";"2024";"L";"30/01/2024";"0";"01/01/2024";"31/01/2024";"10"
"UNIDADE DE GESTÃO DE EDUCAÇÃO";"12";"EDUCAÇÃO";"361";"ENSINO FUNDAMENTAL";"2024";"4092";"";"0";"0";"100000736";"SECRETARIA DE ESTADO DA EDUCACAO";"46384111000140";"";"5203";"FUNDO MANUT.DES.ED.BÁSICA E VALOR.PROF.MAG.-FUNDEB";"33909302";"RESTITUICOES";"DESPESAS RESULT.DE LEIS. DEC.. CONV.. ACORDOS(PESSOAL CONV.)";"21239.79";"2024";"L";"31/01/2024";"0";"01/01/2024";"31/01/2024";"13"
"UNIDADE GESTÃO DE AGRONEGÓCIO. ABASTEC. E TURISMO";"20";"AGRICULTURA";"608";"PROMOÇÃO DA PRODUÇÃO AGROPECUÁRIA";"2024";"4100";"";"0";"0";"100053620";"FUNDACAO AG DAS BACIAS HID DOS RIOS PIRAC. CAPIV E JUNDIAI";"11513961000116";"";"6705";"CONTR. 0540726-7/RECUP/CONSERVAÇÃO BACIAS HIDROGR.";"33909399";"DIVERSAS INDENIZACOES E RESTITUICOES";"INDENIZACOES E/OU RESSARCIMENTOS(P. JURIDICA).";"21.06";"2024";"L";"31/01/2024";"0";"01/01/2024";"31/01/2024";"17"
"UNIDADE DE GESTÃO DE GOVERNO E FINANÇAS";"28";"ENCARGOS ESPECIAIS";"846";"OUTROS ENCARGOS ESPECIAIS";"2024";"4114";"";"0";"0";"100053655";"ADILSON MOREIRA CARVALHO";"27162270808";"";"0";"PROPRIA";"33909115";"SENTENÇAS JUDICIAIS DE PEQUENO VALOR";"DESPESAS OBRIGATORIAS E/OU JUDICIAIS(P. FISICAS).";"3000";"2024";"L";"30/01/2024";"0";"01/01/2024";"31/01/2024";"8"
"UNIDADE DE GESTÃO DE PROMOÇÃO DA SAÚDE";"10";"SAÚDE";"302";"ASSISTÊNCIA HOSPITALAR E AMBULATORIAL";"2024";"4137";"";"0";"0";"100049217";"LADISLAINE CRISTINA CRUZ";"38884553830";"";"0";"PROPRIA";"33909302";"RESTITUICOES";"INDENIZACOES E/OU RESSARCIMENTOS(P. FISICA).";"75.7";"2024";"L";"30/01/2024";"0";"01/01/2024";"31/01/2024";"14"
"UNIDADE DE GESTÃO DE PROMOÇÃO DA SAÚDE";"10";"SAÚDE";"302";"ASSISTÊNCIA HOSPITALAR E AMBULATORIAL";"2024";"4138";"";"0";"0";"100053643";"CAMILA VIEIRA SOLER";"38328509881";"";"0";"PROPRIA";"33909302";"RESTITUICOES";"INDENIZACOES E/OU RESSARCIMENTOS(P. FISICA).";"68.7";"2024";"L";"30/01/2024";"0";"01/01/2024";"31/01/2024";"14"
"UNIDADE DE GESTÃO DE PROMOÇÃO DA SAÚDE";"10";"SAÚDE";"302";"ASSISTÊNCIA HOSPITALAR E AMBULATORIAL";"2024";"4139";"";"0";"0";"100053644";"SILVIO APARECIDO DE FREITAS";"10406927880";"";"0";"PROPRIA";"33909302";"RESTITUICOES";"INDENIZACOES E/OU RESSARCIMENTOS(P. FISICA).";"76.6";"2024";"L";"30/01/2024";"0";"01/01/2024";"31/01/2024";"14"
"UNIDADE DE GESTÃO DE PROMOÇÃO DA SAÚDE";"10";"SAÚDE";"302";"ASSISTÊNCIA HOSPITALAR E AMBULATORIAL";"2024";"4140";"";"0";"0";"100036530";"JOSÉ EDUARDO DOMINGUES";"04130665847";"";"0";"PROPRIA";"33909302";"RESTITUICOES";"INDENIZACOES E/OU RESSARCIMENTOS(P. FISICA).";"80";"2024";"L";"30/01/2024";"0";"01/01/2024";"31/01/2024";"14"
"UNIDADE DE GESTÃO DE MOBILIDADE E TRANSPORTE";"15";"URBANISMO";"122";"ADMINISTRAÇÃO GERAL";"2024";"4181";"";"0";"0";"100012604";"FOLHA DE PAGAMENTO";"45780103000150";"";"0";"PROPRIA";"31901101";"VENCIMENTO E SALARIOS";"FOLHA DE PAGAMENTO";"1.38";"2024";"L";"31/01/2024";"0";"01/01/2024";"31/01/2024";"12"
"UNIDADE DE GESTÃO DE GOVERNO E FINANÇAS";"4";"ADMINISTRAÇÃO";"123";"ADMINISTRAÇÃO FINANCEIRA";"2024";"4388";"";"0";"0";"100036424";"BANCO DO BRASIL S/A";"00000000000191";"";"0";"PROPRIA";"33903981";"SERVICOS BANCARIOS";"TARIFAS BANCARIAS(TAXAS E TAR.).";"252.45";"2024";"L";"31/01/2024";"0";"01/01/2024";"31/01/2024";"8"
"UNIDADE DE GESTÃO DE GOVERNO E FINANÇAS";"4";"ADMINISTRAÇÃO";"123";"ADMINISTRAÇÃO FINANCEIRA";"2024";"4388";"";"0";"0";"100036424";"BANCO DO BRASIL S/A";"00000000000191";"";"0";"PROPRIA";"33903981";"SERVICOS BANCARIOS";"TARIFAS BANCARIAS(TAXAS E TAR.).";"9.9";"2024";"L";"31/01/2024";"0";"01/01/2024";"31/01/2024";"8"
"UNIDADE DE GESTÃO DE GOVERNO E FINANÇAS";"4";"ADMINISTRAÇÃO";"123";"ADMINISTRAÇÃO FINANCEIRA";"2024";"4388";"";"0";"0";"100036424";"BANCO DO BRASIL S/A";"00000000000191";"";"0";"PROPRIA";"33903981";"SERVICOS BANCARIOS";"TARIFAS BANCARIAS(TAXAS E TAR.).";"44.55";"2024";"L";"31/01/2024";"0";"01/01/2024";"31/01/2024";"8"
"UNIDADE DE GESTÃO DE GOVERNO E FINANÇAS";"4";"ADMINISTRAÇÃO";"123";"ADMINISTRAÇÃO FINANCEIRA";"2024";"4388";"";"0";"0";"100036424";"BANCO DO BRASIL S/A";"00000000000191";"";"0";"PROPRIA";"33903981";"SERVICOS BANCARIOS";"TARIFAS BANCARIAS(TAXAS E TAR.).";"200.9";"2024";"L";"31/01/2024";"0";"01/01/2024";"31/01/2024";"8"
"UNIDADE DE GESTÃO DE GOVERNO E FINANÇAS";"4";"ADMINISTRAÇÃO";"123";"ADMINISTRAÇÃO FINANCEIRA";"2024";"4388";"";"0";"0";"100036424";"BANCO DO BRASIL S/A";"00000000000191";"";"0";"PROPRIA";"33903981";"SERVICOS BANCARIOS";"TARIFAS BANCARIAS(TAXAS E TAR.).";"4.95";"2024";"L";"31/01/2024";"0";"01/01/2024";"31/01/2024";"8"
"UNIDADE DE GESTÃO DE GOVERNO E FINANÇAS";"4";"ADMINISTRAÇÃO";"123";"ADMINISTRAÇÃO FINANCEIRA";"2024";"4388";"";"0";"0";"100036424";"BANCO DO BRASIL S/A";"00000000000191";"";"0";"PROPRIA";"33903981";"SERVICOS BANCARIOS";"TARIFAS BANCARIAS(TAXAS E TAR.).";"69.28";"2024";"L";"31/01/2024";"0";"01/01/2024";"31/01/2024";"8"
"UNIDADE DE GESTÃO DE GOVERNO E FINANÇAS";"4";"ADMINISTRAÇÃO";"123";"ADMINISTRAÇÃO FINANCEIRA";"2024";"4388";"";"0";"0";"100036424";"BANCO DO BRASIL S/A";"00000000000191";"";"0";"PROPRIA";"33903981";"SERVICOS BANCARIOS";"TARIFAS BANCARIAS(TAXAS E TAR.).";"34.65";"2024";"L";"31/01/2024";"0";"01/01/2024";"31/01/2024";"8"
"UNIDADE DE GESTÃO DE GOVERNO E FINANÇAS";"4";"ADMINISTRAÇÃO";"123";"ADMINISTRAÇÃO FINANCEIRA";"2024";"4388";"";"0";"0";"100036424";"BANCO DO BRASIL S/A";"00000000000191";"";"0";"PROPRIA";"33903981";"SERVICOS BANCARIOS";"TARIFAS BANCARIAS(TAXAS E TAR.).";"8.65";"2024";"L";"31/01/2024";"0";"01/01/2024";"31/01/2024";"8"
"UNIDADE DE GESTÃO DE GOVERNO E FINANÇAS";"4";"ADMINISTRAÇÃO";"123";"ADMINISTRAÇÃO FINANCEIRA";"2024";"4388";"";"0";"0";"100036424";"BANCO DO BRASIL S/A";"00000000000191";"";"0";"PROPRIA";"33903981";"SERVICOS BANCARIOS";"TARIFAS BANCARIAS(TAXAS E TAR.).";"307.37";"2024";"L";"31/01/2024";"0";"01/01/2024";"31/01/2024";"8"
"UNIDADE DE GESTÃO DE GOVERNO E FINANÇAS";"4";"ADMINISTRAÇÃO";"123";"ADMINISTRAÇÃO FINANCEIRA";"2024";"4388";"";"0";"0";"100036424";"BANCO DO BRASIL S/A";"00000000000191";"";"0";"PROPRIA";"33903981";"SERVICOS BANCARIOS";"TARIFAS BANCARIAS(TAXAS E TAR.).";"24.75";"2024";"L";"31/01/2024";"0";"01/01/2024";"31/01/2024";"8"
