dssecr;cdfuncao;dsfuncao;cdsubfuncao;dssubfuncao;nrexer;nremp;nrexerlici;nrlici;cdmodal;cdforn;nmforn;nrcgc;dsmodal;cdfontrec;dsfontrec;cdcat;dscat;dsmat;valor;w_nrexer;w_tipo;data;periodo;dtini;dtfin;cdsecr
"UNIDADE DE GESTÃO DE GOVERNO E FINANÇAS";"28";"ENCARGOS ESPECIAIS";"843";"SERVIÇO DA DÍVIDA INTERNA";"2023";"1";"";"0";"0";"100004453";"IPREJUN-INST.PREVIDENCIA DO MUN.JUNDIAI";"05507216000161";"";"0";"PROPRIA";"32912100";"JUROS SOBRE DIVIDA POR CONTRATO - INTRA - ORCAMENT";"ACORDO CADPREV 107/2018/PARCELAMENTO";"291510.85";"2023";"L";"25/01/2023";"0";"01/01/2023";"31/01/2023";"8"
"UNIDADE DE GESTÃO DE GOVERNO E FINANÇAS";"28";"ENCARGOS ESPECIAIS";"843";"SERVIÇO DA DÍVIDA INTERNA";"2023";"2";"";"0";"0";"100004453";"IPREJUN-INST.PREVIDENCIA DO MUN.JUNDIAI";"05507216000161";"";"0";"PROPRIA";"31919299";"OUTRAS DESPESAS DE EXERCICIOS ANTERIORES - INTRA -";"ACORDO CADPREV 107/2018/PARCELAMENTO";"855372.2";"2023";"L";"25/01/2023";"0";"01/01/2023";"31/01/2023";"8"
"UNIDADE DE GESTÃO DE GOVERNO E FINANÇAS";"28";"ENCARGOS ESPECIAIS";"843";"SERVIÇO DA DÍVIDA INTERNA";"2023";"3";"";"0";"0";"100004453";"IPREJUN-INST.PREVIDENCIA DO MUN.JUNDIAI";"05507216000161";"";"0";"PROPRIA";"32912100";"JUROS SOBRE DIVIDA POR CONTRATO - INTRA - ORCAMENT";"ACORDO CADPREV 108/2018/PARCELAMENTO";"117012.66";"2023";"L";"25/01/2023";"0";"01/01/2023";"31/01/2023";"8"
"UNIDADE DE GESTÃO DE GOVERNO E FINANÇAS";"28";"ENCARGOS ESPECIAIS";"843";"SERVIÇO DA DÍVIDA INTERNA";"2023";"4";"";"0";"0";"100004453";"IPREJUN-INST.PREVIDENCIA DO MUN.JUNDIAI";"05507216000161";"";"0";"PROPRIA";"31919299";"OUTRAS DESPESAS DE EXERCICIOS ANTERIORES - INTRA -";"ACORDO CADPREV 108/2018/PARCELAMENTO";"343346.97";"2023";"L";"25/01/2023";"0";"01/01/2023";"31/01/2023";"8"
"UNIDADE DE GESTÃO DE GOVERNO E FINANÇAS";"28";"ENCARGOS ESPECIAIS";"843";"SERVIÇO DA DÍVIDA INTERNA";"2023";"5";"";"0";"0";"100004453";"IPREJUN-INST.PREVIDENCIA DO MUN.JUNDIAI";"05507216000161";"";"0";"PROPRIA";"32912100";"JUROS SOBRE DIVIDA POR CONTRATO - INTRA - ORCAMENT";"ACORDO CADPREV/IPREJUN/536/2020";"207616.31";"2023";"L";"24/01/2023";"0";"01/01/2023";"31/01/2023";"8"
"UNIDADE DE GESTÃO DE GOVERNO E FINANÇAS";"28";"ENCARGOS ESPECIAIS";"843";"SERVIÇO DA DÍVIDA INTERNA";"2023";"6";"";"0";"0";"100004453";"IPREJUN-INST.PREVIDENCIA DO MUN.JUNDIAI";"05507216000161";"";"0";"PROPRIA";"31919299";"OUTRAS DESPESAS DE EXERCICIOS ANTERIORES - INTRA -";"ACORDO CADPREV/IPREJUN/536/2020";"1532223.69";"2023";"L";"24/01/2023";"0";"01/01/2023";"31/01/2023";"8"
"UNIDADE DE GESTÃO DE GOVERNO E FINANÇAS";"28";"ENCARGOS ESPECIAIS";"843";"SERVIÇO DA DÍVIDA INTERNA";"2023";"7";"";"0";"0";"100004453";"IPREJUN-INST.PREVIDENCIA DO MUN.JUNDIAI";"05507216000161";"";"0";"PROPRIA";"32912100";"JUROS SOBRE DIVIDA POR CONTRATO - INTRA - ORCAMENT";"JUROS(OUTROS).";"178924.74";"2023";"L";"24/01/2023";"0";"01/01/2023";"31/01/2023";"8"
"UNIDADE DE GESTÃO DE GOVERNO E FINANÇAS";"28";"ENCARGOS ESPECIAIS";"843";"SERVIÇO DA DÍVIDA INTERNA";"2023";"8";"";"0";"0";"100004453";"IPREJUN-INST.PREVIDENCIA DO MUN.JUNDIAI";"05507216000161";"";"0";"PROPRIA";"31919299";"OUTRAS DESPESAS DE EXERCICIOS ANTERIORES - INTRA -";"AMORTIZACAO(OUTROS).";"301297.15";"2023";"L";"24/01/2023";"0";"01/01/2023";"31/01/2023";"8"
"UNIDADE DE GESTÃO DE GOVERNO E FINANÇAS";"28";"ENCARGOS ESPECIAIS";"843";"SERVIÇO DA DÍVIDA INTERNA";"2023";"9";"";"0";"0";"100004453";"IPREJUN-INST.PREVIDENCIA DO MUN.JUNDIAI";"05507216000161";"";"0";"PROPRIA";"32912100";"JUROS SOBRE DIVIDA POR CONTRATO - INTRA - ORCAMENT";"DESPESAS RESULT. DE LEIS. DEC.. CONV.. ACORDOS(ORG. PUBL.).";"383452.19";"2023";"L";"24/01/2023";"0";"01/01/2023";"31/01/2023";"8"
"UNIDADE DE GESTÃO DE GOVERNO E FINANÇAS";"28";"ENCARGOS ESPECIAIS";"843";"SERVIÇO DA DÍVIDA INTERNA";"2023";"10";"";"0";"0";"100004453";"IPREJUN-INST.PREVIDENCIA DO MUN.JUNDIAI";"05507216000161";"";"0";"PROPRIA";"46917199";"OUTRAS AMORTIZACOES DA DIVIDA CONTRATADA - INTRA -";"DESPESAS RESULT. DE LEIS. DEC.. CONV.. ACORDOS(ORG. PUBL.).";"645707.56";"2023";"L";"24/01/2023";"0";"01/01/2023";"31/01/2023";"8"
"UNIDADE DE GESTÃO DE GOVERNO E FINANÇAS";"28";"ENCARGOS ESPECIAIS";"843";"SERVIÇO DA DÍVIDA INTERNA";"2023";"13";"";"0";"0";"7040702";"BANCO NACIONAL DE DESENVOL.ECON.E SOCIAL";"33657248000189";"";"0";"PROPRIA";"32902101";"JUROS DA DIVIDA CONTRATADA COM INSTITUICOES FINANC";"JUROS(P. JURIDICAS).";"89334.53";"2023";"L";"11/01/2023";"0";"01/01/2023";"31/01/2023";"8"
"UNIDADE DE GESTÃO DE GOVERNO E FINANÇAS";"28";"ENCARGOS ESPECIAIS";"843";"SERVIÇO DA DÍVIDA INTERNA";"2023";"14";"";"0";"0";"7040702";"BANCO NACIONAL DE DESENVOL.ECON.E SOCIAL";"33657248000189";"";"0";"PROPRIA";"46907101";"AMORTIZACAO DA DIVIDA CONTRATADA COM INSTITUICAO F";"AMORTIZACAO(P. JURIDICAS).";"58907.27";"2023";"L";"11/01/2023";"0";"01/01/2023";"31/01/2023";"8"
"UNIDADE DE GESTÃO DE GOVERNO E FINANÇAS";"28";"ENCARGOS ESPECIAIS";"843";"SERVIÇO DA DÍVIDA INTERNA";"2023";"15";"";"0";"0";"4000154";"CAIXA ECONOMICA FEDERAL";"00360305031689";"";"0";"PROPRIA";"46907101";"AMORTIZACAO DA DIVIDA CONTRATADA COM INSTITUICAO F";"AMORTIZACAO(P. JURIDICAS).";"109771.93";"2023";"L";"18/01/2023";"0";"01/01/2023";"31/01/2023";"8"
"UNIDADE DE GESTÃO DE GOVERNO E FINANÇAS";"28";"ENCARGOS ESPECIAIS";"843";"SERVIÇO DA DÍVIDA INTERNA";"2023";"16";"";"0";"0";"4000154";"CAIXA ECONOMICA FEDERAL";"00360305031689";"";"0";"PROPRIA";"32902101";"JUROS DA DIVIDA CONTRATADA COM INSTITUICOES FINANC";"JUROS(P. JURIDICAS).";"131430.26";"2023";"L";"18/01/2023";"0";"01/01/2023";"31/01/2023";"8"
"UNIDADE DE GESTÃO DE GOVERNO E FINANÇAS";"28";"ENCARGOS ESPECIAIS";"843";"SERVIÇO DA DÍVIDA INTERNA";"2023";"17";"";"0";"0";"4000154";"CAIXA ECONOMICA FEDERAL";"00360305031689";"";"0";"PROPRIA";"46907101";"AMORTIZACAO DA DIVIDA CONTRATADA COM INSTITUICAO F";"AMORTIZACAO(P. JURIDICAS).";"98739.48";"2023";"L";"18/01/2023";"0";"01/01/2023";"31/01/2023";"8"
"UNIDADE DE GESTÃO DE GOVERNO E FINANÇAS";"28";"ENCARGOS ESPECIAIS";"843";"SERVIÇO DA DÍVIDA INTERNA";"2023";"18";"";"0";"0";"4000154";"CAIXA ECONOMICA FEDERAL";"00360305031689";"";"0";"PROPRIA";"32902101";"JUROS DA DIVIDA CONTRATADA COM INSTITUICOES FINANC";"JUROS(P. JURIDICAS).";"127315.02";"2023";"L";"18/01/2023";"0";"01/01/2023";"31/01/2023";"8"
"UNIDADE DE GESTÃO DE GOVERNO E FINANÇAS";"28";"ENCARGOS ESPECIAIS";"843";"SERVIÇO DA DÍVIDA INTERNA";"2023";"19";"";"0";"0";"4000154";"CAIXA ECONOMICA FEDERAL";"00360305031689";"";"0";"PROPRIA";"46907101";"AMORTIZACAO DA DIVIDA CONTRATADA COM INSTITUICAO F";"AMORTIZACAO(P. JURIDICAS).";"1656151.84";"2023";"L";"18/01/2023";"0";"01/01/2023";"31/01/2023";"8"
"UNIDADE DE GESTÃO DE GOVERNO E FINANÇAS";"28";"ENCARGOS ESPECIAIS";"843";"SERVIÇO DA DÍVIDA INTERNA";"2023";"20";"";"0";"0";"4000154";"CAIXA ECONOMICA FEDERAL";"00360305031689";"";"0";"PROPRIA";"32902101";"JUROS DA DIVIDA CONTRATADA COM INSTITUICOES FINANC";"JUROS(P. JURIDICAS).";"2135447.67";"2023";"L";"18/01/2023";"0";"01/01/2023";"31/01/2023";"8"
"UNIDADE DE GESTÃO DE GOVERNO E FINANÇAS";"28";"ENCARGOS ESPECIAIS";"843";"SERVIÇO DA DÍVIDA INTERNA";"2023";"21";"";"0";"0";"7040702";"BANCO NACIONAL DE DESENVOL.ECON.E SOCIAL";"33657248000189";"";"0";"PROPRIA";"46907101";"AMORTIZACAO DA DIVIDA CONTRATADA COM INSTITUICAO F";"AMORTIZACAO(P. JURIDICAS).";"394095.98";"2023";"L";"11/01/2023";"0";"01/01/2023";"31/01/2023";"8"
"UNIDADE DE GESTÃO DE GOVERNO E FINANÇAS";"28";"ENCARGOS ESPECIAIS";"843";"SERVIÇO DA DÍVIDA INTERNA";"2023";"21";"";"0";"0";"7040702";"BANCO NACIONAL DE DESENVOL.ECON.E SOCIAL";"33657248000189";"";"0";"PROPRIA";"46907101";"AMORTIZACAO DA DIVIDA CONTRATADA COM INSTITUICAO F";"AMORTIZACAO(P. JURIDICAS).";"120466.96";"2023";"L";"11/01/2023";"0";"01/01/2023";"31/01/2023";"8"
"UNIDADE DE GESTÃO DE GOVERNO E FINANÇAS";"28";"ENCARGOS ESPECIAIS";"843";"SERVIÇO DA DÍVIDA INTERNA";"2023";"22";"";"0";"0";"7040702";"BANCO NACIONAL DE DESENVOL.ECON.E SOCIAL";"33657248000189";"";"0";"PROPRIA";"32902101";"JUROS DA DIVIDA CONTRATADA COM INSTITUICOES FINANC";"JUROS(P. JURIDICAS).";"93566.11";"2023";"L";"11/01/2023";"0";"01/01/2023";"31/01/2023";"8"
"UNIDADE DE GESTÃO DE GOVERNO E FINANÇAS";"28";"ENCARGOS ESPECIAIS";"843";"SERVIÇO DA DÍVIDA INTERNA";"2023";"22";"";"0";"0";"7040702";"BANCO NACIONAL DE DESENVOL.ECON.E SOCIAL";"33657248000189";"";"0";"PROPRIA";"32902101";"JUROS DA DIVIDA CONTRATADA COM INSTITUICOES FINANC";"JUROS(P. JURIDICAS).";"9188.48";"2023";"L";"11/01/2023";"0";"01/01/2023";"31/01/2023";"8"
"UNIDADE DE GESTÃO DE GOVERNO E FINANÇAS";"28";"ENCARGOS ESPECIAIS";"843";"SERVIÇO DA DÍVIDA INTERNA";"2023";"23";"";"0";"0";"4000154";"CAIXA ECONOMICA FEDERAL";"00360305031689";"";"0";"PROPRIA";"46907101";"AMORTIZACAO DA DIVIDA CONTRATADA COM INSTITUICAO F";"AMORTIZACAO(P. JURIDICAS).";"26549.15";"2023";"L";"12/01/2023";"0";"01/01/2023";"31/01/2023";"8"
"UNIDADE DE GESTÃO DE GOVERNO E FINANÇAS";"28";"ENCARGOS ESPECIAIS";"843";"SERVIÇO DA DÍVIDA INTERNA";"2023";"24";"";"0";"0";"4000154";"CAIXA ECONOMICA FEDERAL";"00360305031689";"";"0";"PROPRIA";"32902101";"JUROS DA DIVIDA CONTRATADA COM INSTITUICOES FINANC";"JUROS(P. JURIDICAS).";"36684.08";"2023";"L";"12/01/2023";"0";"01/01/2023";"31/01/2023";"8"
"UNIDADE DE GESTÃO DE GOVERNO E FINANÇAS";"28";"ENCARGOS ESPECIAIS";"843";"SERVIÇO DA DÍVIDA INTERNA";"2023";"25";"";"0";"0";"4000154";"CAIXA ECONOMICA FEDERAL";"00360305031689";"";"0";"PROPRIA";"32902201";"ENCARGOS DA DIVIDA CONTRATADA COM INSTITUICOES FIN";"ENCARGOS(P. JURIDICAS).";"15285.04";"2023";"L";"12/01/2023";"0";"01/01/2023";"31/01/2023";"8"
"UNIDADE DE GESTÃO DE GOVERNO E FINANÇAS";"28";"ENCARGOS ESPECIAIS";"843";"SERVIÇO DA DÍVIDA INTERNA";"2023";"26";"";"0";"0";"4000154";"CAIXA ECONOMICA FEDERAL";"00360305031689";"";"0";"PROPRIA";"46907101";"AMORTIZACAO DA DIVIDA CONTRATADA COM INSTITUICAO F";"AMORTIZACAO(P. JURIDICAS).";"376079.91";"2023";"L";"12/01/2023";"0";"01/01/2023";"31/01/2023";"8"
"UNIDADE DE GESTÃO DE GOVERNO E FINANÇAS";"28";"ENCARGOS ESPECIAIS";"843";"SERVIÇO DA DÍVIDA INTERNA";"2023";"27";"";"0";"0";"4000154";"CAIXA ECONOMICA FEDERAL";"00360305031689";"";"0";"PROPRIA";"32902101";"JUROS DA DIVIDA CONTRATADA COM INSTITUICOES FINANC";"JUROS(P. JURIDICAS).";"41526.76";"2023";"L";"12/01/2023";"0";"01/01/2023";"31/01/2023";"8"
"UNIDADE DE GESTÃO DE GOVERNO E FINANÇAS";"28";"ENCARGOS ESPECIAIS";"843";"SERVIÇO DA DÍVIDA INTERNA";"2023";"28";"";"0";"0";"4000154";"CAIXA ECONOMICA FEDERAL";"00360305031689";"";"0";"PROPRIA";"32902201";"ENCARGOS DA DIVIDA CONTRATADA COM INSTITUICOES FIN";"ENCARGOS(P. JURIDICAS).";"20763.38";"2023";"L";"12/01/2023";"0";"01/01/2023";"31/01/2023";"8"
"UNIDADE DE GESTÃO DE GOVERNO E FINANÇAS";"28";"ENCARGOS ESPECIAIS";"843";"SERVIÇO DA DÍVIDA INTERNA";"2023";"29";"";"0";"0";"100020781";"DESENVOLVE SP-AGENCIA DE FOMENTO DO EST.SÃO PAULO";"10663610000129";"";"0";"PROPRIA";"46907101";"AMORTIZACAO DA DIVIDA CONTRATADA COM INSTITUICAO F";"AMORTIZACAO(P. JURIDICAS).";"304584.62";"2023";"L";"11/01/2023";"0";"01/01/2023";"31/01/2023";"8"
"UNIDADE DE GESTÃO DE GOVERNO E FINANÇAS";"28";"ENCARGOS ESPECIAIS";"843";"SERVIÇO DA DÍVIDA INTERNA";"2023";"30";"";"0";"0";"100020781";"DESENVOLVE SP-AGENCIA DE FOMENTO DO EST.SÃO PAULO";"10663610000129";"";"0";"PROPRIA";"32902101";"JUROS DA DIVIDA CONTRATADA COM INSTITUICOES FINANC";"JUROS(P. JURIDICAS).";"60079.43";"2023";"L";"11/01/2023";"0";"01/01/2023";"31/01/2023";"8"
"UNIDADE DE GESTÃO DE ESPORTE E LAZER";"27";"DESPORTO E LAZER";"812";"DESPORTO COMUNITÁRIO";"2023";"35";"";"0";"0";"100012604";"FOLHA DE PAGAMENTO";"45780103000150";"";"0";"PROPRIA";"31901142";"FÉRIAS INDENIZADAS";"FOLHA DE PAGAMENTO";"37248.77";"2023";"L";"05/01/2023";"0";"01/01/2023";"31/01/2023";"23"
"UNIDADE DE GESTÃO DE ESPORTE E LAZER";"27";"DESPORTO E LAZER";"812";"DESPORTO COMUNITÁRIO";"2023";"36";"";"0";"0";"4000055";"FUNDO DE GARANTIA POR TEMPO DE SERVICO";"00360305000104";"";"0";"PROPRIA";"31901301";"FGTS";"FOLHA DE PAGAMENTO";"527.04";"2023";"L";"05/01/2023";"0";"01/01/2023";"31/01/2023";"23"
"UNIDADE DE GESTÃO DE ESPORTE E LAZER";"27";"DESPORTO E LAZER";"812";"DESPORTO COMUNITÁRIO";"2023";"37";"";"0";"0";"4016168";"I.N.S.S -INST.NACIONAL DE SEGURO SOCIAL";"29979036000140";"";"0";"PROPRIA";"31901302";"CONTRIBUICOES PREVIDENCIARIAS - INSS";"FOLHA DE PAGAMENTO";"1383.48";"2023";"L";"05/01/2023";"0";"01/01/2023";"31/01/2023";"23"
"UNIDADE DE GESTÃO DE ESPORTE E LAZER";"27";"DESPORTO E LAZER";"812";"DESPORTO COMUNITÁRIO";"2023";"38";"";"0";"0";"100012604";"FOLHA DE PAGAMENTO";"45780103000150";"";"0";"PROPRIA";"31901644";"SERVIÇOS EXTRAORDINÁRIOS";"FOLHA DE PAGAMENTO";"6588.01";"2023";"L";"05/01/2023";"0";"01/01/2023";"31/01/2023";"23"
"UNIDADE DE GESTÃO DE PROMOÇÃO DA SAÚDE";"10";"SAÚDE";"302";"ASSISTÊNCIA HOSPITALAR E AMBULATORIAL";"2023";"40";"";"0";"0";"4001269";"HOSPITAL DE CARIDADE S.VICENTE DE PAULA";"50944198000130";"";"5001";"FUNDO NACIONAL DE SAUDE - MS/SAS";"33503951";"SERVIÇOS MÉDICO-HOSPITALARES PRESTADOS EM UNIDADES";"SERVICOS DE SAUDE(P. JURIDICAS).";"3000701.33";"2023";"L";"04/01/2023";"0";"01/01/2023";"31/01/2023";"14"
"UNIDADE DE GESTÃO DE PROMOÇÃO DA SAÚDE";"10";"SAÚDE";"302";"ASSISTÊNCIA HOSPITALAR E AMBULATORIAL";"2023";"40";"";"0";"0";"4001269";"HOSPITAL DE CARIDADE S.VICENTE DE PAULA";"50944198000130";"";"5001";"FUNDO NACIONAL DE SAUDE - MS/SAS";"33503951";"SERVIÇOS MÉDICO-HOSPITALARES PRESTADOS EM UNIDADES";"SERVICOS DE SAUDE(P. JURIDICAS).";"324426.61";"2023";"L";"16/01/2023";"0";"01/01/2023";"31/01/2023";"14"
"UNIDADE DE GESTÃO DE PROMOÇÃO DA SAÚDE";"10";"SAÚDE";"302";"ASSISTÊNCIA HOSPITALAR E AMBULATORIAL";"2023";"41";"";"0";"0";"4001269";"HOSPITAL DE CARIDADE S.VICENTE DE PAULA";"50944198000130";"";"0";"PROPRIA";"33503951";"SERVIÇOS MÉDICO-HOSPITALARES PRESTADOS EM UNIDADES";"SERVICOS DE SAUDE(P. JURIDICAS).";"9862120.19";"2023";"L";"04/01/2023";"0";"01/01/2023";"31/01/2023";"14"
"UNIDADE DE GESTÃO DE PROMOÇÃO DA SAÚDE";"10";"SAÚDE";"302";"ASSISTÊNCIA HOSPITALAR E AMBULATORIAL";"2023";"41";"";"0";"0";"4001269";"HOSPITAL DE CARIDADE S.VICENTE DE PAULA";"50944198000130";"";"0";"PROPRIA";"33503951";"SERVIÇOS MÉDICO-HOSPITALARES PRESTADOS EM UNIDADES";"SERVICOS DE SAUDE(P. JURIDICAS).";"9000000";"2023";"L";"16/01/2023";"0";"01/01/2023";"31/01/2023";"14"
"UNIDADE DE GESTÃO DE PROMOÇÃO DA SAÚDE";"10";"SAÚDE";"302";"ASSISTÊNCIA HOSPITALAR E AMBULATORIAL";"2023";"42";"";"0";"0";"4001269";"HOSPITAL DE CARIDADE S.VICENTE DE PAULA";"50944198000130";"";"5001";"FUNDO NACIONAL DE SAUDE - MS/SAS";"33503956";"OUTROS SERVIÇOS DE ASSISTÊNCIA À SAÚDE";"SERVICOS DE SAUDE(P. JURIDICAS).";"198681";"2023";"L";"05/01/2023";"0";"01/01/2023";"31/01/2023";"14"
"UNIDADE DE GESTÃO DE PROMOÇÃO DA SAÚDE";"10";"SAÚDE";"302";"ASSISTÊNCIA HOSPITALAR E AMBULATORIAL";"2023";"42";"";"0";"0";"4001269";"HOSPITAL DE CARIDADE S.VICENTE DE PAULA";"50944198000130";"";"5001";"FUNDO NACIONAL DE SAUDE - MS/SAS";"33503956";"OUTROS SERVIÇOS DE ASSISTÊNCIA À SAÚDE";"SERVICOS DE SAUDE(P. JURIDICAS).";"198681";"2023";"L";"31/01/2023";"0";"01/01/2023";"31/01/2023";"14"
"UNIDADE DE GESTÃO DE PROMOÇÃO DA SAÚDE";"10";"SAÚDE";"302";"ASSISTÊNCIA HOSPITALAR E AMBULATORIAL";"2023";"43";"";"0";"0";"4001269";"HOSPITAL DE CARIDADE S.VICENTE DE PAULA";"50944198000130";"";"5001";"FUNDO NACIONAL DE SAUDE - MS/SAS";"33503951";"SERVIÇOS MÉDICO-HOSPITALARES PRESTADOS EM UNIDADES";"SERVICOS DE SAUDE(P. JURIDICAS).";"998467.67";"2023";"L";"13/01/2023";"0";"01/01/2023";"31/01/2023";"14"
"UNIDADE DE GESTÃO DE PROMOÇÃO DA SAÚDE";"10";"SAÚDE";"302";"ASSISTÊNCIA HOSPITALAR E AMBULATORIAL";"2023";"44";"";"0";"0";"4001269";"HOSPITAL DE CARIDADE S.VICENTE DE PAULA";"50944198000130";"";"5001";"FUNDO NACIONAL DE SAUDE - MS/SAS";"33503951";"SERVIÇOS MÉDICO-HOSPITALARES PRESTADOS EM UNIDADES";"SERVICOS DE SAUDE(P. JURIDICAS).";"88595.17";"2023";"L";"13/01/2023";"0";"01/01/2023";"31/01/2023";"14"
"UNIDADE DE GESTÃO DE PROMOÇÃO DA SAÚDE";"10";"SAÚDE";"302";"ASSISTÊNCIA HOSPITALAR E AMBULATORIAL";"2023";"45";"";"0";"0";"4001269";"HOSPITAL DE CARIDADE S.VICENTE DE PAULA";"50944198000130";"";"0";"PROPRIA";"33503951";"SERVIÇOS MÉDICO-HOSPITALARES PRESTADOS EM UNIDADES";"SERVICOS DE SAUDE(P. JURIDICAS).";"397739.76";"2023";"L";"05/01/2023";"0";"01/01/2023";"31/01/2023";"14"
"UNIDADE DE GESTÃO DE PROMOÇÃO DA SAÚDE";"10";"SAÚDE";"302";"ASSISTÊNCIA HOSPITALAR E AMBULATORIAL";"2023";"45";"";"0";"0";"4001269";"HOSPITAL DE CARIDADE S.VICENTE DE PAULA";"50944198000130";"";"0";"PROPRIA";"33503951";"SERVIÇOS MÉDICO-HOSPITALARES PRESTADOS EM UNIDADES";"SERVICOS DE SAUDE(P. JURIDICAS).";"1015728.1";"2023";"L";"05/01/2023";"0";"01/01/2023";"31/01/2023";"14"
"UNIDADE DE GESTÃO DE PROMOÇÃO DA SAÚDE";"10";"SAÚDE";"302";"ASSISTÊNCIA HOSPITALAR E AMBULATORIAL";"2023";"45";"";"0";"0";"4001269";"HOSPITAL DE CARIDADE S.VICENTE DE PAULA";"50944198000130";"";"0";"PROPRIA";"33503951";"SERVIÇOS MÉDICO-HOSPITALARES PRESTADOS EM UNIDADES";"SERVICOS DE SAUDE(P. JURIDICAS).";"1669593.23";"2023";"L";"05/01/2023";"0";"01/01/2023";"31/01/2023";"14"
"UNIDADE DE GESTÃO DE PROMOÇÃO DA SAÚDE";"10";"SAÚDE";"302";"ASSISTÊNCIA HOSPITALAR E AMBULATORIAL";"2023";"45";"";"0";"0";"4001269";"HOSPITAL DE CARIDADE S.VICENTE DE PAULA";"50944198000130";"";"0";"PROPRIA";"33503951";"SERVIÇOS MÉDICO-HOSPITALARES PRESTADOS EM UNIDADES";"SERVICOS DE SAUDE(P. JURIDICAS).";"259591.75";"2023";"L";"05/01/2023";"0";"01/01/2023";"31/01/2023";"14"
"UNIDADE DE GESTÃO DE PROMOÇÃO DA SAÚDE";"10";"SAÚDE";"302";"ASSISTÊNCIA HOSPITALAR E AMBULATORIAL";"2023";"45";"";"0";"0";"4001269";"HOSPITAL DE CARIDADE S.VICENTE DE PAULA";"50944198000130";"";"0";"PROPRIA";"33503951";"SERVIÇOS MÉDICO-HOSPITALARES PRESTADOS EM UNIDADES";"SERVICOS DE SAUDE(P. JURIDICAS).";"150000";"2023";"L";"18/01/2023";"0";"01/01/2023";"31/01/2023";"14"
"UNIDADE DE GESTÃO DE PROMOÇÃO DA SAÚDE";"10";"SAÚDE";"302";"ASSISTÊNCIA HOSPITALAR E AMBULATORIAL";"2023";"45";"";"0";"0";"4001269";"HOSPITAL DE CARIDADE S.VICENTE DE PAULA";"50944198000130";"";"0";"PROPRIA";"33503951";"SERVIÇOS MÉDICO-HOSPITALARES PRESTADOS EM UNIDADES";"SERVICOS DE SAUDE(P. JURIDICAS).";"100000";"2023";"L";"18/01/2023";"0";"01/01/2023";"31/01/2023";"14"
"UNIDADE DE GESTÃO DE PROMOÇÃO DA SAÚDE";"10";"SAÚDE";"302";"ASSISTÊNCIA HOSPITALAR E AMBULATORIAL";"2023";"45";"";"0";"0";"4001269";"HOSPITAL DE CARIDADE S.VICENTE DE PAULA";"50944198000130";"";"0";"PROPRIA";"33503951";"SERVIÇOS MÉDICO-HOSPITALARES PRESTADOS EM UNIDADES";"SERVICOS DE SAUDE(P. JURIDICAS).";"1669593.23";"2023";"L";"31/01/2023";"0";"01/01/2023";"31/01/2023";"14"
"UNIDADE DE GESTÃO DE PROMOÇÃO DA SAÚDE";"10";"SAÚDE";"302";"ASSISTÊNCIA HOSPITALAR E AMBULATORIAL";"2023";"45";"";"0";"0";"4001269";"HOSPITAL DE CARIDADE S.VICENTE DE PAULA";"50944198000130";"";"0";"PROPRIA";"33503951";"SERVIÇOS MÉDICO-HOSPITALARES PRESTADOS EM UNIDADES";"SERVICOS DE SAUDE(P. JURIDICAS).";"159591.75";"2023";"L";"31/01/2023";"0";"01/01/2023";"31/01/2023";"14"
"UNIDADE DE GESTÃO DE PROMOÇÃO DA SAÚDE";"10";"SAÚDE";"302";"ASSISTÊNCIA HOSPITALAR E AMBULATORIAL";"2023";"45";"";"0";"0";"4001269";"HOSPITAL DE CARIDADE S.VICENTE DE PAULA";"50944198000130";"";"0";"PROPRIA";"33503951";"SERVIÇOS MÉDICO-HOSPITALARES PRESTADOS EM UNIDADES";"SERVICOS DE SAUDE(P. JURIDICAS).";"247739.76";"2023";"L";"31/01/2023";"0";"01/01/2023";"31/01/2023";"14"
"UNIDADE DE GESTÃO DE PROMOÇÃO DA SAÚDE";"10";"SAÚDE";"302";"ASSISTÊNCIA HOSPITALAR E AMBULATORIAL";"2023";"45";"";"0";"0";"4001269";"HOSPITAL DE CARIDADE S.VICENTE DE PAULA";"50944198000130";"";"0";"PROPRIA";"33503951";"SERVIÇOS MÉDICO-HOSPITALARES PRESTADOS EM UNIDADES";"SERVICOS DE SAUDE(P. JURIDICAS).";"1015728.1";"2023";"L";"31/01/2023";"0";"01/01/2023";"31/01/2023";"14"
"UNIDADE DE GESTÃO DE PROMOÇÃO DA SAÚDE";"10";"SAÚDE";"302";"ASSISTÊNCIA HOSPITALAR E AMBULATORIAL";"2023";"46";"";"0";"0";"4001269";"HOSPITAL DE CARIDADE S.VICENTE DE PAULA";"50944198000130";"";"5001";"FUNDO NACIONAL DE SAUDE - MS/SAS";"33503956";"OUTROS SERVIÇOS DE ASSISTÊNCIA À SAÚDE";"SERVICOS DE SAUDE(P. JURIDICAS).";"150000";"2023";"L";"05/01/2023";"0";"01/01/2023";"31/01/2023";"14"
"UNIDADE DE GESTÃO DE PROMOÇÃO DA SAÚDE";"10";"SAÚDE";"302";"ASSISTÊNCIA HOSPITALAR E AMBULATORIAL";"2023";"46";"";"0";"0";"4001269";"HOSPITAL DE CARIDADE S.VICENTE DE PAULA";"50944198000130";"";"5001";"FUNDO NACIONAL DE SAUDE - MS/SAS";"33503956";"OUTROS SERVIÇOS DE ASSISTÊNCIA À SAÚDE";"SERVICOS DE SAUDE(P. JURIDICAS).";"150000";"2023";"L";"31/01/2023";"0";"01/01/2023";"31/01/2023";"14"
"UNIDADE DE GESTÃO DE PROMOÇÃO DA SAÚDE";"10";"SAÚDE";"302";"ASSISTÊNCIA HOSPITALAR E AMBULATORIAL";"2023";"47";"";"0";"0";"4001269";"HOSPITAL DE CARIDADE S.VICENTE DE PAULA";"50944198000130";"";"0";"PROPRIA";"33503956";"OUTROS SERVIÇOS DE ASSISTÊNCIA À SAÚDE";"SERVICOS DE SAUDE(P. JURIDICAS).";"1448526.24";"2023";"L";"05/01/2023";"0";"01/01/2023";"31/01/2023";"14"
"UNIDADE DE GESTÃO DE PROMOÇÃO DA SAÚDE";"10";"SAÚDE";"302";"ASSISTÊNCIA HOSPITALAR E AMBULATORIAL";"2023";"47";"";"0";"0";"4001269";"HOSPITAL DE CARIDADE S.VICENTE DE PAULA";"50944198000130";"";"0";"PROPRIA";"33503956";"OUTROS SERVIÇOS DE ASSISTÊNCIA À SAÚDE";"SERVICOS DE SAUDE(P. JURIDICAS).";"1448526.24";"2023";"L";"31/01/2023";"0";"01/01/2023";"31/01/2023";"14"
"UNIDADE DE GESTÃO DE GOVERNO E FINANÇAS";"4";"ADMINISTRAÇÃO";"122";"ADMINISTRAÇÃO GERAL";"2023";"48";"";"0";"0";"100012604";"FOLHA DE PAGAMENTO";"45780103000150";"";"0";"PROPRIA";"31901142";"FÉRIAS INDENIZADAS";"FOLHA DE PAGAMENTO";"19741.11";"2023";"L";"05/01/2023";"0";"01/01/2023";"31/01/2023";"8"
"UNIDADE DE GESTÃO DE INFRAEST. E SERVIÇOS PÚBLICOS";"15";"URBANISMO";"122";"ADMINISTRAÇÃO GERAL";"2023";"49";"";"0";"0";"100012604";"FOLHA DE PAGAMENTO";"45780103000150";"";"0";"PROPRIA";"31901142";"FÉRIAS INDENIZADAS";"FOLHA DE PAGAMENTO";"8237.92";"2023";"L";"05/01/2023";"0";"01/01/2023";"31/01/2023";"10"
"UNIDADE GESTÃO DE PLANEJ. URBANO E MEIO AMBIENTE";"18";"GESTÃO AMBIENTAL";"122";"ADMINISTRAÇÃO GERAL";"2023";"50";"";"0";"0";"100012604";"FOLHA DE PAGAMENTO";"45780103000150";"";"0";"PROPRIA";"31901142";"FÉRIAS INDENIZADAS";"FOLHA DE PAGAMENTO";"8237.92";"2023";"L";"05/01/2023";"0";"01/01/2023";"31/01/2023";"11"
"UNIDADE DE GESTÃO DE MOBILIDADE E TRANSPORTE";"15";"URBANISMO";"122";"ADMINISTRAÇÃO GERAL";"2023";"51";"";"0";"0";"100012604";"FOLHA DE PAGAMENTO";"45780103000150";"";"0";"PROPRIA";"31901142";"FÉRIAS INDENIZADAS";"FOLHA DE PAGAMENTO";"8237.92";"2023";"L";"05/01/2023";"0";"01/01/2023";"31/01/2023";"12"
"UNIDADE DE GESTÃO DE ESPORTE E LAZER";"27";"DESPORTO E LAZER";"812";"DESPORTO COMUNITÁRIO";"2023";"52";"";"0";"0";"100012604";"FOLHA DE PAGAMENTO";"45780103000150";"";"0";"PROPRIA";"31901142";"FÉRIAS INDENIZADAS";"FOLHA DE PAGAMENTO";"4700.01";"2023";"L";"05/01/2023";"0";"01/01/2023";"31/01/2023";"23"
"UNIDADE DE GESTÃO DE PROMOÇÃO DA SAÚDE";"10";"SAÚDE";"302";"ASSISTÊNCIA HOSPITALAR E AMBULATORIAL";"2023";"53";"";"0";"0";"100034036";"ASSOCIACAO FUNDO DE INCENTIVO A PESQUISA";"47673793008743";"";"5001";"FUNDO NACIONAL DE SAUDE - MS/SAS";"33503956";"OUTROS SERVIÇOS DE ASSISTÊNCIA À SAÚDE";"SERVICOS DE SAUDE(P. JURIDICAS).";"164293.41";"2023";"L";"06/01/2023";"0";"01/01/2023";"31/01/2023";"14"
"UNIDADE DE GESTÃO DE PROMOÇÃO DA SAÚDE";"10";"SAÚDE";"302";"ASSISTÊNCIA HOSPITALAR E AMBULATORIAL";"2023";"54";"";"0";"0";"100034036";"ASSOCIACAO FUNDO DE INCENTIVO A PESQUISA";"47673793008743";"";"0";"PROPRIA";"33503956";"OUTROS SERVIÇOS DE ASSISTÊNCIA À SAÚDE";"SERVICOS DE SAUDE(P. JURIDICAS).";"82859.45";"2023";"L";"06/01/2023";"0";"01/01/2023";"31/01/2023";"14"
"UNIDADE DE GESTÃO DE GOVERNO E FINANÇAS";"4";"ADMINISTRAÇÃO";"122";"ADMINISTRAÇÃO GERAL";"2023";"55";"";"0";"0";"100030067";"PMJ - PATRICIA CHIARAMONTE T. PESSOTO";"22357809892";"";"0";"PROPRIA";"33903099";"OUTROS MATERIAIS DE CONSUMO";"ADIANTAMENTOS(SERVIDORES).";"1000";"2023";"L";"05/01/2023";"0";"01/01/2023";"31/01/2023";"8"
"UNIDADE DE GESTÃO DE PROMOÇÃO DA SAÚDE";"10";"SAÚDE";"302";"ASSISTÊNCIA HOSPITALAR E AMBULATORIAL";"2023";"56";"";"0";"0";"100022427";"ASSOCIACAO FUNDO DE INCENTIVO A PESQUISA";"47673793000416";"";"5001";"FUNDO NACIONAL DE SAUDE - MS/SAS";"33503955";"SERVIÇOS LABORATORIAIS";"SERVICOS DE SAUDE(P. JURIDICAS).";"595000";"2023";"L";"19/01/2023";"0";"01/01/2023";"31/01/2023";"14"
"UNIDADE DE GESTÃO DE ESPORTE E LAZER";"27";"DESPORTO E LAZER";"812";"DESPORTO COMUNITÁRIO";"2023";"58";"";"0";"0";"100012604";"FOLHA DE PAGAMENTO";"45780103000150";"";"0";"PROPRIA";"31901101";"VENCIMENTO E SALARIOS";"FOLHA DE PAGAMENTO";"171.72";"2023";"L";"06/01/2023";"0";"01/01/2023";"31/01/2023";"23"
"UNIDADE DE GESTÃO DE ESPORTE E LAZER";"27";"DESPORTO E LAZER";"812";"DESPORTO COMUNITÁRIO";"2023";"59";"";"0";"0";"100012604";"FOLHA DE PAGAMENTO";"45780103000150";"";"0";"PROPRIA";"31901137";"GRATIFICACOES POR TEMPO DE SERVICO";"FOLHA DE PAGAMENTO";"60.13";"2023";"L";"06/01/2023";"0";"01/01/2023";"31/01/2023";"23"
"UNIDADE DE GESTÃO DE ESPORTE E LAZER";"27";"DESPORTO E LAZER";"812";"DESPORTO COMUNITÁRIO";"2023";"60";"";"0";"0";"100012604";"FOLHA DE PAGAMENTO";"45780103000150";"";"0";"PROPRIA";"31901142";"FÉRIAS INDENIZADAS";"FOLHA DE PAGAMENTO";"15043.68";"2023";"L";"06/01/2023";"0";"01/01/2023";"31/01/2023";"23"
"UNIDADE DE GESTÃO DE ESPORTE E LAZER";"27";"DESPORTO E LAZER";"812";"DESPORTO COMUNITÁRIO";"2023";"61";"";"0";"0";"4000055";"FUNDO DE GARANTIA POR TEMPO DE SERVICO";"00360305000104";"";"0";"PROPRIA";"31901301";"FGTS";"FOLHA DE PAGAMENTO";"23.66";"2023";"L";"09/01/2023";"0";"01/01/2023";"31/01/2023";"23"
"UNIDADE DE GESTÃO DE ESPORTE E LAZER";"27";"DESPORTO E LAZER";"812";"DESPORTO COMUNITÁRIO";"2023";"62";"";"0";"0";"4016168";"I.N.S.S -INST.NACIONAL DE SEGURO SOCIAL";"29979036000140";"";"0";"PROPRIA";"31901302";"CONTRIBUICOES PREVIDENCIARIAS - INSS";"FOLHA DE PAGAMENTO";"62.11";"2023";"L";"06/01/2023";"0";"01/01/2023";"31/01/2023";"23"
"UNIDADE DE GESTÃO DE ESPORTE E LAZER";"27";"DESPORTO E LAZER";"812";"DESPORTO COMUNITÁRIO";"2023";"63";"";"0";"0";"100012604";"FOLHA DE PAGAMENTO";"45780103000150";"";"0";"PROPRIA";"31901644";"SERVIÇOS EXTRAORDINÁRIOS";"FOLHA DE PAGAMENTO";"63.92";"2023";"L";"06/01/2023";"0";"01/01/2023";"31/01/2023";"23"
"UNIDADE DE GESTÃO DE GOVERNO E FINANÇAS";"4";"ADMINISTRAÇÃO";"122";"ADMINISTRAÇÃO GERAL";"2023";"64";"";"0";"0";"100030067";"PMJ - PATRICIA CHIARAMONTE T. PESSOTO";"22357809892";"";"0";"PROPRIA";"33903996";"";"ADIANTAMENTOS(SERVIDORES).";"1000";"2023";"L";"05/01/2023";"0";"01/01/2023";"31/01/2023";"8"
"UNIDADE DE GESTÃO DE MOBILIDADE E TRANSPORTE";"4";"ADMINISTRAÇÃO";"122";"ADMINISTRAÇÃO GERAL";"2023";"65";"";"0";"0";"100041799";"PMJ - DANIEL DA SILVA PEREIRA";"32383969869";"";"0";"PROPRIA";"33903099";"OUTROS MATERIAIS DE CONSUMO";"ADIANTAMENTOS(SERVIDORES).";"1000";"2023";"L";"05/01/2023";"0";"01/01/2023";"31/01/2023";"12"
"UNIDADE DE GESTÃO DE MOBILIDADE E TRANSPORTE";"4";"ADMINISTRAÇÃO";"122";"ADMINISTRAÇÃO GERAL";"2023";"66";"";"0";"0";"100041799";"PMJ - DANIEL DA SILVA PEREIRA";"32383969869";"";"0";"PROPRIA";"33903999";"OUTROS SERVICOS DE TERCEIROS - PESSOA JURIDICA";"ADIANTAMENTOS(SERVIDORES).";"5000";"2023";"L";"05/01/2023";"0";"01/01/2023";"31/01/2023";"12"
"UNIDADE GESTÃO DE AGRONEGÓCIO. ABASTEC. E TURISMO";"23";"COMÉRCIO E SERVIÇOS";"695";"TURISMO";"2023";"67";"2023";"2";"1";"100049053";"ITAMAR DOS SANTOS INGRESSOS PARA EVENTOS ME";"05066687000181";"COMPRA DIRETA";"0";"PROPRIA";"33903963";"SERVICOS GRAFICOS";"CRACHA - PRESTACAO DE SERVICO GRAFICO PARA CONFECCAO";"1580";"2023";"L";"23/01/2023";"0";"01/01/2023";"31/01/2023";"17"
"UNIDADE DE GESTÃO DE ADMINIST. E GESTÃO DE PESSOAS";"12";"EDUCAÇÃO";"365";"EDUCAÇÃO INFANTIL";"2023";"68";"2022";"20";"6";"100011974";"VEROCHEQUE REFEIÇÕES LTDA";"06344497000141";"DISPENSA DE LICITACAO";"5203";"FUNDO MANUT.DES.ED.BÁSICA E VALOR.PROF.MAG.-FUNDEB";"33909246";"AUXÍLIO ALIMENTAÇÃO";"CONTRATACAO-EMPRESA ESPECIALIZADA EM CARTAO ALIMENTACAO";"1004502.01";"2023";"L";"06/01/2023";"0";"01/01/2023";"31/01/2023";"7"
"UNIDADE DE GESTÃO DE ADMINIST. E GESTÃO DE PESSOAS";"12";"EDUCAÇÃO";"361";"ENSINO FUNDAMENTAL";"2023";"69";"2022";"20";"6";"100011974";"VEROCHEQUE REFEIÇÕES LTDA";"06344497000141";"DISPENSA DE LICITACAO";"5203";"FUNDO MANUT.DES.ED.BÁSICA E VALOR.PROF.MAG.-FUNDEB";"33909246";"AUXÍLIO ALIMENTAÇÃO";"CONTRATACAO-EMPRESA ESPECIALIZADA EM CARTAO ALIMENTACAO";"1576196.08";"2023";"L";"06/01/2023";"0";"01/01/2023";"31/01/2023";"7"
"UNIDADE DE GESTÃO DE ADMINIST. E GESTÃO DE PESSOAS";"12";"EDUCAÇÃO";"365";"EDUCAÇÃO INFANTIL";"2023";"70";"2022";"20";"6";"100011974";"VEROCHEQUE REFEIÇÕES LTDA";"06344497000141";"DISPENSA DE LICITACAO";"5203";"FUNDO MANUT.DES.ED.BÁSICA E VALOR.PROF.MAG.-FUNDEB";"33909246";"AUXÍLIO ALIMENTAÇÃO";"CONTRATACAO-EMPRESA ESPECIALIZADA EM CARTAO ALIMENTACAO";"609645.51";"2023";"L";"06/01/2023";"0";"01/01/2023";"31/01/2023";"7"
"UNIDADE DE GESTÃO DA CASA CIVIL";"4";"ADMINISTRAÇÃO";"122";"ADMINISTRAÇÃO GERAL";"2023";"71";"";"0";"0";"100012604";"FOLHA DE PAGAMENTO";"45780103000150";"";"0";"PROPRIA";"31901104";"ADICIONAL NOTURNO";"FOLHA DE PAGAMENTO";"305.9";"2023";"L";"05/01/2023";"0";"01/01/2023";"31/01/2023";"3"
"UNIDADE DE GESTÃO DA CASA CIVIL";"4";"ADMINISTRAÇÃO";"122";"ADMINISTRAÇÃO GERAL";"2023";"72";"";"0";"0";"100012604";"FOLHA DE PAGAMENTO";"45780103000150";"";"0";"PROPRIA";"31901105";"INCORPORADOS";"FOLHA DE PAGAMENTO";"1662.3";"2023";"L";"05/01/2023";"0";"01/01/2023";"31/01/2023";"3"
"UNIDADE DE GESTÃO DA CASA CIVIL";"4";"ADMINISTRAÇÃO";"122";"ADMINISTRAÇÃO GERAL";"2023";"73";"";"0";"0";"100012604";"FOLHA DE PAGAMENTO";"45780103000150";"";"0";"PROPRIA";"31901131";"GRATIFICACOES POR EXERCICIO DE  CARGO";"FOLHA DE PAGAMENTO";"3324.44";"2023";"L";"05/01/2023";"0";"01/01/2023";"31/01/2023";"3"
"UNIDADE DE GESTÃO DA CASA CIVIL";"4";"ADMINISTRAÇÃO";"122";"ADMINISTRAÇÃO GERAL";"2023";"74";"";"0";"0";"100012604";"FOLHA DE PAGAMENTO";"45780103000150";"";"0";"PROPRIA";"31901137";"GRATIFICACOES POR TEMPO DE SERVICO";"FOLHA DE PAGAMENTO";"3649.67";"2023";"L";"05/01/2023";"0";"01/01/2023";"31/01/2023";"3"
"UNIDADE DE GESTÃO DA CASA CIVIL";"4";"ADMINISTRAÇÃO";"122";"ADMINISTRAÇÃO GERAL";"2023";"75";"";"0";"0";"100012604";"FOLHA DE PAGAMENTO";"45780103000150";"";"0";"PROPRIA";"31901144";"FÉRIAS - ABONO PECUNIARIO";"FOLHA DE PAGAMENTO";"10643.19";"2023";"L";"05/01/2023";"0";"01/01/2023";"31/01/2023";"3"
"UNIDADE DE GESTÃO DA CASA CIVIL";"4";"ADMINISTRAÇÃO";"122";"ADMINISTRAÇÃO GERAL";"2023";"76";"";"0";"0";"100012604";"FOLHA DE PAGAMENTO";"45780103000150";"";"0";"PROPRIA";"31901144";"FÉRIAS - ABONO PECUNIARIO";"FOLHA DE PAGAMENTO";"11081.46";"2023";"L";"05/01/2023";"0";"01/01/2023";"31/01/2023";"3"
"UNIDADE DE GESTÃO DA CASA CIVIL";"4";"ADMINISTRAÇÃO";"122";"ADMINISTRAÇÃO GERAL";"2023";"77";"";"0";"0";"100012604";"FOLHA DE PAGAMENTO";"45780103000150";"";"0";"PROPRIA";"31901145";"FÉRIAS - ABONO CONSTITUICOES";"FOLHA DE PAGAMENTO";"6289.62";"2023";"L";"05/01/2023";"0";"01/01/2023";"31/01/2023";"3"
"UNIDADE DE GESTÃO DA CASA CIVIL";"4";"ADMINISTRAÇÃO";"122";"ADMINISTRAÇÃO GERAL";"2023";"78";"";"0";"0";"100012604";"FOLHA DE PAGAMENTO";"45780103000150";"";"0";"PROPRIA";"31901145";"FÉRIAS - ABONO CONSTITUICOES";"FOLHA DE PAGAMENTO";"9675.08";"2023";"L";"05/01/2023";"0";"01/01/2023";"31/01/2023";"3"
"UNIDADE DE GESTÃO DA CASA CIVIL";"4";"ADMINISTRAÇÃO";"122";"ADMINISTRAÇÃO GERAL";"2023";"79";"";"0";"0";"100012604";"FOLHA DE PAGAMENTO";"45780103000150";"";"0";"PROPRIA";"31901146";"FÉRIAS - PAGAMENTO ANTECIPADO - RPPS";"FOLHA DE PAGAMENTO";"14469.54";"2023";"L";"05/01/2023";"0";"01/01/2023";"31/01/2023";"3"
"UNIDADE DE GESTÃO DA CASA CIVIL";"4";"ADMINISTRAÇÃO";"122";"ADMINISTRAÇÃO GERAL";"2023";"80";"";"0";"0";"100012604";"FOLHA DE PAGAMENTO";"45780103000150";"";"0";"PROPRIA";"31901146";"FÉRIAS - PAGAMENTO ANTECIPADO - RPPS";"FOLHA DE PAGAMENTO";"14641.61";"2023";"L";"05/01/2023";"0";"01/01/2023";"31/01/2023";"3"
"UNIDADE DE GESTÃO DA CASA CIVIL";"4";"ADMINISTRAÇÃO";"122";"ADMINISTRAÇÃO GERAL";"2023";"81";"";"0";"0";"100012604";"FOLHA DE PAGAMENTO";"45780103000150";"";"0";"PROPRIA";"31901644";"SERVIÇOS EXTRAORDINÁRIOS";"FOLHA DE PAGAMENTO";"398.69";"2023";"L";"05/01/2023";"0";"01/01/2023";"31/01/2023";"3"
"UNIDADE GESTÃO DE INOVAÇÃO E RELAÇÃO COM O CIDADÃO";"4";"ADMINISTRAÇÃO";"122";"ADMINISTRAÇÃO GERAL";"2023";"82";"";"0";"0";"100012604";"FOLHA DE PAGAMENTO";"45780103000150";"";"0";"PROPRIA";"31901133";"GRATIFICACOES POR EXERCICIO DE  FUNCOES";"FOLHA DE PAGAMENTO";"400.21";"2023";"L";"05/01/2023";"0";"01/01/2023";"31/01/2023";"4"
"UNIDADE GESTÃO DE INOVAÇÃO E RELAÇÃO COM O CIDADÃO";"4";"ADMINISTRAÇÃO";"122";"ADMINISTRAÇÃO GERAL";"2023";"83";"";"0";"0";"100012604";"FOLHA DE PAGAMENTO";"45780103000150";"";"0";"PROPRIA";"31901137";"GRATIFICACOES POR TEMPO DE SERVICO";"FOLHA DE PAGAMENTO";"66.38";"2023";"L";"05/01/2023";"0";"01/01/2023";"31/01/2023";"4"
"UNIDADE GESTÃO DE INOVAÇÃO E RELAÇÃO COM O CIDADÃO";"4";"ADMINISTRAÇÃO";"122";"ADMINISTRAÇÃO GERAL";"2023";"84";"";"0";"0";"100012604";"FOLHA DE PAGAMENTO";"45780103000150";"";"0";"PROPRIA";"31901144";"FÉRIAS - ABONO PECUNIARIO";"FOLHA DE PAGAMENTO";"2392.12";"2023";"L";"05/01/2023";"0";"01/01/2023";"31/01/2023";"4"
"UNIDADE GESTÃO DE INOVAÇÃO E RELAÇÃO COM O CIDADÃO";"4";"ADMINISTRAÇÃO";"122";"ADMINISTRAÇÃO GERAL";"2023";"85";"";"0";"0";"100012604";"FOLHA DE PAGAMENTO";"45780103000150";"";"0";"PROPRIA";"31901145";"FÉRIAS - ABONO CONSTITUICOES";"FOLHA DE PAGAMENTO";"598.03";"2023";"L";"05/01/2023";"0";"01/01/2023";"31/01/2023";"4"
"UNIDADE GESTÃO DE INOVAÇÃO E RELAÇÃO COM O CIDADÃO";"4";"ADMINISTRAÇÃO";"122";"ADMINISTRAÇÃO GERAL";"2023";"86";"";"0";"0";"100012604";"FOLHA DE PAGAMENTO";"45780103000150";"";"0";"PROPRIA";"31901146";"FÉRIAS - PAGAMENTO ANTECIPADO - RPPS";"FOLHA DE PAGAMENTO";"848.56";"2023";"L";"05/01/2023";"0";"01/01/2023";"31/01/2023";"4"
"UNIDADE DE GESTÃO DE NEG. JURÍDICOS E CIDADANIA";"4";"ADMINISTRAÇÃO";"122";"ADMINISTRAÇÃO GERAL";"2023";"87";"";"0";"0";"100012604";"FOLHA DE PAGAMENTO";"45780103000150";"";"0";"PROPRIA";"31901131";"GRATIFICACOES POR EXERCICIO DE  CARGO";"FOLHA DE PAGAMENTO";"4404.8";"2023";"L";"05/01/2023";"0";"01/01/2023";"31/01/2023";"6"
"UNIDADE DE GESTÃO DE NEG. JURÍDICOS E CIDADANIA";"4";"ADMINISTRAÇÃO";"122";"ADMINISTRAÇÃO GERAL";"2023";"88";"";"0";"0";"100012604";"FOLHA DE PAGAMENTO";"45780103000150";"";"0";"PROPRIA";"31901133";"GRATIFICACOES POR EXERCICIO DE  FUNCOES";"FOLHA DE PAGAMENTO";"640.34";"2023";"L";"05/01/2023";"0";"01/01/2023";"31/01/2023";"6"
"UNIDADE DE GESTÃO DE NEG. JURÍDICOS E CIDADANIA";"4";"ADMINISTRAÇÃO";"122";"ADMINISTRAÇÃO GERAL";"2023";"89";"";"0";"0";"100012604";"FOLHA DE PAGAMENTO";"45780103000150";"";"0";"PROPRIA";"31901137";"GRATIFICACOES POR TEMPO DE SERVICO";"FOLHA DE PAGAMENTO";"2541.6";"2023";"L";"05/01/2023";"0";"01/01/2023";"31/01/2023";"6"
"UNIDADE DE GESTÃO DE NEG. JURÍDICOS E CIDADANIA";"4";"ADMINISTRAÇÃO";"122";"ADMINISTRAÇÃO GERAL";"2023";"90";"";"0";"0";"100012604";"FOLHA DE PAGAMENTO";"45780103000150";"";"0";"PROPRIA";"31901145";"FÉRIAS - ABONO CONSTITUICOES";"FOLHA DE PAGAMENTO";"11000.93";"2023";"L";"05/01/2023";"0";"01/01/2023";"31/01/2023";"6"
"UNIDADE DE GESTÃO DE NEG. JURÍDICOS E CIDADANIA";"4";"ADMINISTRAÇÃO";"122";"ADMINISTRAÇÃO GERAL";"2023";"91";"";"0";"0";"100012604";"FOLHA DE PAGAMENTO";"45780103000150";"";"0";"PROPRIA";"31901146";"FÉRIAS - PAGAMENTO ANTECIPADO - RPPS";"FOLHA DE PAGAMENTO";"20906.17";"2023";"L";"05/01/2023";"0";"01/01/2023";"31/01/2023";"6"
"UNIDADE DE GESTÃO DE ADMINIST. E GESTÃO DE PESSOAS";"4";"ADMINISTRAÇÃO";"122";"ADMINISTRAÇÃO GERAL";"2023";"92";"";"0";"0";"100012604";"FOLHA DE PAGAMENTO";"45780103000150";"";"0";"PROPRIA";"31901109";"ADICIONAL DE PERICULOSIDADE";"FOLHA DE PAGAMENTO";"1213.24";"2023";"L";"05/01/2023";"0";"01/01/2023";"31/01/2023";"7"
"UNIDADE DE GESTÃO DE ADMINIST. E GESTÃO DE PESSOAS";"4";"ADMINISTRAÇÃO";"122";"ADMINISTRAÇÃO GERAL";"2023";"93";"";"0";"0";"100012604";"FOLHA DE PAGAMENTO";"45780103000150";"";"0";"PROPRIA";"31901131";"GRATIFICACOES POR EXERCICIO DE  CARGO";"FOLHA DE PAGAMENTO";"4223.12";"2023";"L";"05/01/2023";"0";"01/01/2023";"31/01/2023";"7"
"UNIDADE DE GESTÃO DE ADMINIST. E GESTÃO DE PESSOAS";"4";"ADMINISTRAÇÃO";"122";"ADMINISTRAÇÃO GERAL";"2023";"94";"";"0";"0";"100012604";"FOLHA DE PAGAMENTO";"45780103000150";"";"0";"PROPRIA";"31901133";"GRATIFICACOES POR EXERCICIO DE  FUNCOES";"FOLHA DE PAGAMENTO";"800.43";"2023";"L";"05/01/2023";"0";"01/01/2023";"31/01/2023";"7"
"UNIDADE DE GESTÃO DE ADMINIST. E GESTÃO DE PESSOAS";"4";"ADMINISTRAÇÃO";"122";"ADMINISTRAÇÃO GERAL";"2023";"95";"";"0";"0";"100012604";"FOLHA DE PAGAMENTO";"45780103000150";"";"0";"PROPRIA";"31901137";"GRATIFICACOES POR TEMPO DE SERVICO";"FOLHA DE PAGAMENTO";"2924.16";"2023";"L";"05/01/2023";"0";"01/01/2023";"31/01/2023";"7"
"UNIDADE DE GESTÃO DE ADMINIST. E GESTÃO DE PESSOAS";"4";"ADMINISTRAÇÃO";"122";"ADMINISTRAÇÃO GERAL";"2023";"96";"";"0";"0";"100012604";"FOLHA DE PAGAMENTO";"45780103000150";"";"0";"PROPRIA";"31901144";"FÉRIAS - ABONO PECUNIARIO";"FOLHA DE PAGAMENTO";"4577.75";"2023";"L";"05/01/2023";"0";"01/01/2023";"31/01/2023";"7"
"UNIDADE DE GESTÃO DE ADMINIST. E GESTÃO DE PESSOAS";"4";"ADMINISTRAÇÃO";"122";"ADMINISTRAÇÃO GERAL";"2023";"97";"";"0";"0";"100012604";"FOLHA DE PAGAMENTO";"45780103000150";"";"0";"PROPRIA";"31901145";"FÉRIAS - ABONO CONSTITUICOES";"FOLHA DE PAGAMENTO";"9819.86";"2023";"L";"05/01/2023";"0";"01/01/2023";"31/01/2023";"7"
"UNIDADE DE GESTÃO DE ADMINIST. E GESTÃO DE PESSOAS";"4";"ADMINISTRAÇÃO";"122";"ADMINISTRAÇÃO GERAL";"2023";"98";"";"0";"0";"100012604";"FOLHA DE PAGAMENTO";"45780103000150";"";"0";"PROPRIA";"31901146";"FÉRIAS - PAGAMENTO ANTECIPADO - RPPS";"FOLHA DE PAGAMENTO";"15656.29";"2023";"L";"05/01/2023";"0";"01/01/2023";"31/01/2023";"7"
"UNIDADE DE GESTÃO DE ADMINIST. E GESTÃO DE PESSOAS";"4";"ADMINISTRAÇÃO";"122";"ADMINISTRAÇÃO GERAL";"2023";"99";"";"0";"0";"100012604";"FOLHA DE PAGAMENTO";"45780103000150";"";"0";"PROPRIA";"31901644";"SERVIÇOS EXTRAORDINÁRIOS";"FOLHA DE PAGAMENTO";"434";"2023";"L";"05/01/2023";"0";"01/01/2023";"31/01/2023";"7"
"UNIDADE DE GESTÃO DE ADMINIST. E GESTÃO DE PESSOAS";"17";"SANEAMENTO";"122";"ADMINISTRAÇÃO GERAL";"2023";"100";"";"0";"0";"100012604";"FOLHA DE PAGAMENTO";"45780103000150";"";"902";"RESTITUIÇÕES DAE S/A";"31901107";"ABONO DE PERMANENCIA";"FOLHA DE PAGAMENTO";"1003.81";"2023";"L";"05/01/2023";"0";"01/01/2023";"31/01/2023";"7"
"UNIDADE DE GESTÃO DE ADMINIST. E GESTÃO DE PESSOAS";"17";"SANEAMENTO";"122";"ADMINISTRAÇÃO GERAL";"2023";"101";"";"0";"0";"100012604";"FOLHA DE PAGAMENTO";"45780103000150";"";"902";"RESTITUIÇÕES DAE S/A";"31901137";"GRATIFICACOES POR TEMPO DE SERVICO";"FOLHA DE PAGAMENTO";"1195.01";"2023";"L";"05/01/2023";"0";"01/01/2023";"31/01/2023";"7"
"UNIDADE DE GESTÃO DE ADMINIST. E GESTÃO DE PESSOAS";"17";"SANEAMENTO";"122";"ADMINISTRAÇÃO GERAL";"2023";"102";"";"0";"0";"100012604";"FOLHA DE PAGAMENTO";"45780103000150";"";"902";"RESTITUIÇÕES DAE S/A";"31901144";"FÉRIAS - ABONO PECUNIARIO";"FOLHA DE PAGAMENTO";"6123.6";"2023";"L";"05/01/2023";"0";"01/01/2023";"31/01/2023";"7"
"UNIDADE DE GESTÃO DE ADMINIST. E GESTÃO DE PESSOAS";"17";"SANEAMENTO";"122";"ADMINISTRAÇÃO GERAL";"2023";"103";"";"0";"0";"100012604";"FOLHA DE PAGAMENTO";"45780103000150";"";"902";"RESTITUIÇÕES DAE S/A";"31901145";"FÉRIAS - ABONO CONSTITUICOES";"FOLHA DE PAGAMENTO";"3061.8";"2023";"L";"05/01/2023";"0";"01/01/2023";"31/01/2023";"7"
"UNIDADE DE GESTÃO DE ADMINIST. E GESTÃO DE PESSOAS";"17";"SANEAMENTO";"122";"ADMINISTRAÇÃO GERAL";"2023";"104";"";"0";"0";"100012604";"FOLHA DE PAGAMENTO";"45780103000150";"";"902";"RESTITUIÇÕES DAE S/A";"31901146";"FÉRIAS - PAGAMENTO ANTECIPADO - RPPS";"FOLHA DE PAGAMENTO";"4897.8";"2023";"L";"05/01/2023";"0";"01/01/2023";"31/01/2023";"7"
"UNIDADE DE GESTÃO DE ADMINIST. E GESTÃO DE PESSOAS";"17";"SANEAMENTO";"122";"ADMINISTRAÇÃO GERAL";"2023";"105";"";"0";"0";"100012604";"FOLHA DE PAGAMENTO";"45780103000150";"";"902";"RESTITUIÇÕES DAE S/A";"31901644";"SERVIÇOS EXTRAORDINÁRIOS";"FOLHA DE PAGAMENTO";"2015.38";"2023";"L";"05/01/2023";"0";"01/01/2023";"31/01/2023";"7"
"UNIDADE DE GESTÃO DE ADMINIST. E GESTÃO DE PESSOAS";"4";"ADMINISTRAÇÃO";"122";"ADMINISTRAÇÃO GERAL";"2023";"106";"";"0";"0";"100012604";"FOLHA DE PAGAMENTO";"45780103000150";"";"0";"PROPRIA";"31901107";"ABONO DE PERMANENCIA";"FOLHA DE PAGAMENTO";"494.83";"2023";"L";"05/01/2023";"0";"01/01/2023";"31/01/2023";"7"
"UNIDADE DE GESTÃO DE ADMINIST. E GESTÃO DE PESSOAS";"4";"ADMINISTRAÇÃO";"122";"ADMINISTRAÇÃO GERAL";"2023";"107";"";"0";"0";"100012604";"FOLHA DE PAGAMENTO";"45780103000150";"";"0";"PROPRIA";"31901137";"GRATIFICACOES POR TEMPO DE SERVICO";"FOLHA DE PAGAMENTO";"1955.26";"2023";"L";"05/01/2023";"0";"01/01/2023";"31/01/2023";"7"
"UNIDADE DE GESTÃO DE ADMINIST. E GESTÃO DE PESSOAS";"4";"ADMINISTRAÇÃO";"122";"ADMINISTRAÇÃO GERAL";"2023";"108";"";"0";"0";"100012604";"FOLHA DE PAGAMENTO";"45780103000150";"";"0";"PROPRIA";"31901144";"FÉRIAS - ABONO PECUNIARIO";"FOLHA DE PAGAMENTO";"2146.57";"2023";"L";"05/01/2023";"0";"01/01/2023";"31/01/2023";"7"
"UNIDADE DE GESTÃO DE ADMINIST. E GESTÃO DE PESSOAS";"4";"ADMINISTRAÇÃO";"122";"ADMINISTRAÇÃO GERAL";"2023";"109";"";"0";"0";"100012604";"FOLHA DE PAGAMENTO";"45780103000150";"";"0";"PROPRIA";"31901145";"FÉRIAS - ABONO CONSTITUICOES";"FOLHA DE PAGAMENTO";"7917.07";"2023";"L";"05/01/2023";"0";"01/01/2023";"31/01/2023";"7"
"UNIDADE DE GESTÃO DE ADMINIST. E GESTÃO DE PESSOAS";"4";"ADMINISTRAÇÃO";"122";"ADMINISTRAÇÃO GERAL";"2023";"110";"";"0";"0";"100012604";"FOLHA DE PAGAMENTO";"45780103000150";"";"0";"PROPRIA";"31901146";"FÉRIAS - PAGAMENTO ANTECIPADO - RPPS";"FOLHA DE PAGAMENTO";"13915.61";"2023";"L";"05/01/2023";"0";"01/01/2023";"31/01/2023";"7"
"UNIDADE DE GESTÃO DE ADMINIST. E GESTÃO DE PESSOAS";"4";"ADMINISTRAÇÃO";"122";"ADMINISTRAÇÃO GERAL";"2023";"111";"";"0";"0";"100012604";"FOLHA DE PAGAMENTO";"45780103000150";"";"0";"PROPRIA";"31901644";"SERVIÇOS EXTRAORDINÁRIOS";"FOLHA DE PAGAMENTO";"282.38";"2023";"L";"05/01/2023";"0";"01/01/2023";"31/01/2023";"7"
"UNIDADE DE GESTÃO DE GOVERNO E FINANÇAS";"4";"ADMINISTRAÇÃO";"122";"ADMINISTRAÇÃO GERAL";"2023";"112";"";"0";"0";"100012604";"FOLHA DE PAGAMENTO";"45780103000150";"";"0";"PROPRIA";"31901105";"INCORPORADOS";"FOLHA DE PAGAMENTO";"1118.55";"2023";"L";"05/01/2023";"0";"01/01/2023";"31/01/2023";"8"
"UNIDADE DE GESTÃO DE GOVERNO E FINANÇAS";"4";"ADMINISTRAÇÃO";"122";"ADMINISTRAÇÃO GERAL";"2023";"113";"";"0";"0";"100012604";"FOLHA DE PAGAMENTO";"45780103000150";"";"0";"PROPRIA";"31901133";"GRATIFICACOES POR EXERCICIO DE  FUNCOES";"FOLHA DE PAGAMENTO";"7378.06";"2023";"L";"05/01/2023";"0";"01/01/2023";"31/01/2023";"8"
"UNIDADE DE GESTÃO DE GOVERNO E FINANÇAS";"4";"ADMINISTRAÇÃO";"122";"ADMINISTRAÇÃO GERAL";"2023";"114";"";"0";"0";"100012604";"FOLHA DE PAGAMENTO";"45780103000150";"";"0";"PROPRIA";"31901137";"GRATIFICACOES POR TEMPO DE SERVICO";"FOLHA DE PAGAMENTO";"5058.03";"2023";"L";"05/01/2023";"0";"01/01/2023";"31/01/2023";"8"
"UNIDADE DE GESTÃO DE GOVERNO E FINANÇAS";"4";"ADMINISTRAÇÃO";"122";"ADMINISTRAÇÃO GERAL";"2023";"115";"";"0";"0";"100012604";"FOLHA DE PAGAMENTO";"45780103000150";"";"0";"PROPRIA";"31901137";"GRATIFICACOES POR TEMPO DE SERVICO";"FOLHA DE PAGAMENTO";"1496.53";"2023";"L";"05/01/2023";"0";"01/01/2023";"31/01/2023";"8"
"UNIDADE DE GESTÃO DE GOVERNO E FINANÇAS";"4";"ADMINISTRAÇÃO";"122";"ADMINISTRAÇÃO GERAL";"2023";"116";"";"0";"0";"100012604";"FOLHA DE PAGAMENTO";"45780103000150";"";"0";"PROPRIA";"31901144";"FÉRIAS - ABONO PECUNIARIO";"FOLHA DE PAGAMENTO";"2995.61";"2023";"L";"05/01/2023";"0";"01/01/2023";"31/01/2023";"8"
"UNIDADE DE GESTÃO DE GOVERNO E FINANÇAS";"4";"ADMINISTRAÇÃO";"122";"ADMINISTRAÇÃO GERAL";"2023";"117";"";"0";"0";"100012604";"FOLHA DE PAGAMENTO";"45780103000150";"";"0";"PROPRIA";"31901144";"FÉRIAS - ABONO PECUNIARIO";"FOLHA DE PAGAMENTO";"11895.17";"2023";"L";"05/01/2023";"0";"01/01/2023";"31/01/2023";"8"
"UNIDADE DE GESTÃO DE GOVERNO E FINANÇAS";"4";"ADMINISTRAÇÃO";"122";"ADMINISTRAÇÃO GERAL";"2023";"118";"";"0";"0";"100012604";"FOLHA DE PAGAMENTO";"45780103000150";"";"0";"PROPRIA";"31901145";"FÉRIAS - ABONO CONSTITUICOES";"FOLHA DE PAGAMENTO";"2134.08";"2023";"L";"05/01/2023";"0";"01/01/2023";"31/01/2023";"8"
"UNIDADE DE GESTÃO DE GOVERNO E FINANÇAS";"4";"ADMINISTRAÇÃO";"122";"ADMINISTRAÇÃO GERAL";"2023";"119";"";"0";"0";"100012604";"FOLHA DE PAGAMENTO";"45780103000150";"";"0";"PROPRIA";"31901145";"FÉRIAS - ABONO CONSTITUICOES";"FOLHA DE PAGAMENTO";"1330.2";"2023";"L";"05/01/2023";"0";"01/01/2023";"31/01/2023";"8"
"UNIDADE DE GESTÃO DE GOVERNO E FINANÇAS";"4";"ADMINISTRAÇÃO";"122";"ADMINISTRAÇÃO GERAL";"2023";"120";"";"0";"0";"100012604";"FOLHA DE PAGAMENTO";"45780103000150";"";"0";"PROPRIA";"31901145";"FÉRIAS - ABONO CONSTITUICOES";"FOLHA DE PAGAMENTO";"21263.86";"2023";"L";"05/01/2023";"0";"01/01/2023";"31/01/2023";"8"
"UNIDADE DE GESTÃO DE GOVERNO E FINANÇAS";"4";"ADMINISTRAÇÃO";"122";"ADMINISTRAÇÃO GERAL";"2023";"121";"";"0";"0";"100012604";"FOLHA DE PAGAMENTO";"45780103000150";"";"0";"PROPRIA";"31901146";"FÉRIAS - PAGAMENTO ANTECIPADO - RPPS";"FOLHA DE PAGAMENTO";"5521.92";"2023";"L";"05/01/2023";"0";"01/01/2023";"31/01/2023";"8"
"UNIDADE DE GESTÃO DE GOVERNO E FINANÇAS";"4";"ADMINISTRAÇÃO";"122";"ADMINISTRAÇÃO GERAL";"2023";"122";"";"0";"0";"100012604";"FOLHA DE PAGAMENTO";"45780103000150";"";"0";"PROPRIA";"31901146";"FÉRIAS - PAGAMENTO ANTECIPADO - RPPS";"FOLHA DE PAGAMENTO";"594.91";"2023";"L";"05/01/2023";"0";"01/01/2023";"31/01/2023";"8"
"UNIDADE DE GESTÃO DE GOVERNO E FINANÇAS";"4";"ADMINISTRAÇÃO";"122";"ADMINISTRAÇÃO GERAL";"2023";"123";"";"0";"0";"100012604";"FOLHA DE PAGAMENTO";"45780103000150";"";"0";"PROPRIA";"31901146";"FÉRIAS - PAGAMENTO ANTECIPADO - RPPS";"FOLHA DE PAGAMENTO";"38145.17";"2023";"L";"05/01/2023";"0";"01/01/2023";"31/01/2023";"8"
"UNIDADE DE GESTÃO DE GOVERNO E FINANÇAS";"4";"ADMINISTRAÇÃO";"122";"ADMINISTRAÇÃO GERAL";"2023";"124";"";"0";"0";"100012604";"FOLHA DE PAGAMENTO";"45780103000150";"";"0";"PROPRIA";"31901644";"SERVIÇOS EXTRAORDINÁRIOS";"FOLHA DE PAGAMENTO";"29.76";"2023";"L";"05/01/2023";"0";"01/01/2023";"31/01/2023";"8"
"UNIDADE DE GESTÃO DE INFRAEST. E SERVIÇOS PÚBLICOS";"15";"URBANISMO";"122";"ADMINISTRAÇÃO GERAL";"2023";"125";"";"0";"0";"100012604";"FOLHA DE PAGAMENTO";"45780103000150";"";"0";"PROPRIA";"31901107";"ABONO DE PERMANENCIA";"FOLHA DE PAGAMENTO";"765.73";"2023";"L";"05/01/2023";"0";"01/01/2023";"31/01/2023";"10"
"UNIDADE DE GESTÃO DE INFRAEST. E SERVIÇOS PÚBLICOS";"15";"URBANISMO";"122";"ADMINISTRAÇÃO GERAL";"2023";"126";"";"0";"0";"100012604";"FOLHA DE PAGAMENTO";"45780103000150";"";"0";"PROPRIA";"31901110";"ADICIONAL DE INSALUBRIDADE";"FOLHA DE PAGAMENTO";"1041.6";"2023";"L";"05/01/2023";"0";"01/01/2023";"31/01/2023";"10"
"UNIDADE DE GESTÃO DE INFRAEST. E SERVIÇOS PÚBLICOS";"15";"URBANISMO";"122";"ADMINISTRAÇÃO GERAL";"2023";"127";"";"0";"0";"100012604";"FOLHA DE PAGAMENTO";"45780103000150";"";"0";"PROPRIA";"31901133";"GRATIFICACOES POR EXERCICIO DE  FUNCOES";"FOLHA DE PAGAMENTO";"3521.86";"2023";"L";"05/01/2023";"0";"01/01/2023";"31/01/2023";"10"
"UNIDADE DE GESTÃO DE INFRAEST. E SERVIÇOS PÚBLICOS";"15";"URBANISMO";"122";"ADMINISTRAÇÃO GERAL";"2023";"128";"";"0";"0";"100012604";"FOLHA DE PAGAMENTO";"45780103000150";"";"0";"PROPRIA";"31901137";"GRATIFICACOES POR TEMPO DE SERVICO";"FOLHA DE PAGAMENTO";"1030.34";"2023";"L";"05/01/2023";"0";"01/01/2023";"31/01/2023";"10"
"UNIDADE DE GESTÃO DE INFRAEST. E SERVIÇOS PÚBLICOS";"15";"URBANISMO";"122";"ADMINISTRAÇÃO GERAL";"2023";"129";"";"0";"0";"100012604";"FOLHA DE PAGAMENTO";"45780103000150";"";"0";"PROPRIA";"31901137";"GRATIFICACOES POR TEMPO DE SERVICO";"FOLHA DE PAGAMENTO";"9520.48";"2023";"L";"05/01/2023";"0";"01/01/2023";"31/01/2023";"10"
"UNIDADE DE GESTÃO DE INFRAEST. E SERVIÇOS PÚBLICOS";"15";"URBANISMO";"122";"ADMINISTRAÇÃO GERAL";"2023";"130";"";"0";"0";"100012604";"FOLHA DE PAGAMENTO";"45780103000150";"";"0";"PROPRIA";"31901144";"FÉRIAS - ABONO PECUNIARIO";"FOLHA DE PAGAMENTO";"2976.53";"2023";"L";"05/01/2023";"0";"01/01/2023";"31/01/2023";"10"
"UNIDADE DE GESTÃO DE INFRAEST. E SERVIÇOS PÚBLICOS";"15";"URBANISMO";"122";"ADMINISTRAÇÃO GERAL";"2023";"131";"";"0";"0";"100012604";"FOLHA DE PAGAMENTO";"45780103000150";"";"0";"PROPRIA";"31901144";"FÉRIAS - ABONO PECUNIARIO";"FOLHA DE PAGAMENTO";"19943.05";"2023";"L";"05/01/2023";"0";"01/01/2023";"31/01/2023";"10"
"UNIDADE DE GESTÃO DE INFRAEST. E SERVIÇOS PÚBLICOS";"15";"URBANISMO";"122";"ADMINISTRAÇÃO GERAL";"2023";"132";"";"0";"0";"100012604";"FOLHA DE PAGAMENTO";"45780103000150";"";"0";"PROPRIA";"31901145";"FÉRIAS - ABONO CONSTITUICOES";"FOLHA DE PAGAMENTO";"27517.02";"2023";"L";"05/01/2023";"0";"01/01/2023";"31/01/2023";"10"
"UNIDADE DE GESTÃO DE INFRAEST. E SERVIÇOS PÚBLICOS";"15";"URBANISMO";"122";"ADMINISTRAÇÃO GERAL";"2023";"133";"";"0";"0";"100012604";"FOLHA DE PAGAMENTO";"45780103000150";"";"0";"PROPRIA";"31901145";"FÉRIAS - ABONO CONSTITUICOES";"FOLHA DE PAGAMENTO";"1497.8";"2023";"L";"05/01/2023";"0";"01/01/2023";"31/01/2023";"10"
"UNIDADE DE GESTÃO DE INFRAEST. E SERVIÇOS PÚBLICOS";"15";"URBANISMO";"122";"ADMINISTRAÇÃO GERAL";"2023";"134";"";"0";"0";"100012604";"FOLHA DE PAGAMENTO";"45780103000150";"";"0";"PROPRIA";"31901145";"FÉRIAS - ABONO CONSTITUICOES";"FOLHA DE PAGAMENTO";"1488.26";"2023";"L";"05/01/2023";"0";"01/01/2023";"31/01/2023";"10"
"UNIDADE DE GESTÃO DE INFRAEST. E SERVIÇOS PÚBLICOS";"15";"URBANISMO";"122";"ADMINISTRAÇÃO GERAL";"2023";"135";"";"0";"0";"100012604";"FOLHA DE PAGAMENTO";"45780103000150";"";"0";"PROPRIA";"31901146";"FÉRIAS - PAGAMENTO ANTECIPADO - RPPS";"FOLHA DE PAGAMENTO";"47533.55";"2023";"L";"05/01/2023";"0";"01/01/2023";"31/01/2023";"10"
"UNIDADE DE GESTÃO DE INFRAEST. E SERVIÇOS PÚBLICOS";"15";"URBANISMO";"122";"ADMINISTRAÇÃO GERAL";"2023";"136";"";"0";"0";"100012604";"FOLHA DE PAGAMENTO";"45780103000150";"";"0";"PROPRIA";"31901146";"FÉRIAS - PAGAMENTO ANTECIPADO - RPPS";"FOLHA DE PAGAMENTO";"2764.85";"2023";"L";"05/01/2023";"0";"01/01/2023";"31/01/2023";"10"
"UNIDADE DE GESTÃO DE INFRAEST. E SERVIÇOS PÚBLICOS";"15";"URBANISMO";"122";"ADMINISTRAÇÃO GERAL";"2023";"137";"";"0";"0";"100012604";"FOLHA DE PAGAMENTO";"45780103000150";"";"0";"PROPRIA";"31901146";"FÉRIAS - PAGAMENTO ANTECIPADO - RPPS";"FOLHA DE PAGAMENTO";"3818.47";"2023";"L";"05/01/2023";"0";"01/01/2023";"31/01/2023";"10"
"UNIDADE DE GESTÃO DE INFRAEST. E SERVIÇOS PÚBLICOS";"15";"URBANISMO";"122";"ADMINISTRAÇÃO GERAL";"2023";"138";"";"0";"0";"100012604";"FOLHA DE PAGAMENTO";"45780103000150";"";"0";"PROPRIA";"31901644";"SERVIÇOS EXTRAORDINÁRIOS";"FOLHA DE PAGAMENTO";"3023.68";"2023";"L";"05/01/2023";"0";"01/01/2023";"31/01/2023";"10"
"UNIDADE GESTÃO DE PLANEJ. URBANO E MEIO AMBIENTE";"18";"GESTÃO AMBIENTAL";"122";"ADMINISTRAÇÃO GERAL";"2023";"139";"";"0";"0";"100012604";"FOLHA DE PAGAMENTO";"45780103000150";"";"0";"PROPRIA";"31901109";"ADICIONAL DE PERICULOSIDADE";"FOLHA DE PAGAMENTO";"1625.85";"2023";"L";"05/01/2023";"0";"01/01/2023";"31/01/2023";"11"
"UNIDADE GESTÃO DE PLANEJ. URBANO E MEIO AMBIENTE";"18";"GESTÃO AMBIENTAL";"122";"ADMINISTRAÇÃO GERAL";"2023";"140";"";"0";"0";"100012604";"FOLHA DE PAGAMENTO";"45780103000150";"";"0";"PROPRIA";"31901131";"GRATIFICACOES POR EXERCICIO DE  CARGO";"FOLHA DE PAGAMENTO";"1662.22";"2023";"L";"05/01/2023";"0";"01/01/2023";"31/01/2023";"11"
"UNIDADE GESTÃO DE PLANEJ. URBANO E MEIO AMBIENTE";"18";"GESTÃO AMBIENTAL";"122";"ADMINISTRAÇÃO GERAL";"2023";"141";"";"0";"0";"100012604";"FOLHA DE PAGAMENTO";"45780103000150";"";"0";"PROPRIA";"31901133";"GRATIFICACOES POR EXERCICIO DE  FUNCOES";"FOLHA DE PAGAMENTO";"905.34";"2023";"L";"05/01/2023";"0";"01/01/2023";"31/01/2023";"11"
"UNIDADE GESTÃO DE PLANEJ. URBANO E MEIO AMBIENTE";"18";"GESTÃO AMBIENTAL";"122";"ADMINISTRAÇÃO GERAL";"2023";"142";"";"0";"0";"100012604";"FOLHA DE PAGAMENTO";"45780103000150";"";"0";"PROPRIA";"31901137";"GRATIFICACOES POR TEMPO DE SERVICO";"FOLHA DE PAGAMENTO";"1577.49";"2023";"L";"05/01/2023";"0";"01/01/2023";"31/01/2023";"11"
"UNIDADE GESTÃO DE PLANEJ. URBANO E MEIO AMBIENTE";"18";"GESTÃO AMBIENTAL";"122";"ADMINISTRAÇÃO GERAL";"2023";"143";"";"0";"0";"100012604";"FOLHA DE PAGAMENTO";"45780103000150";"";"0";"PROPRIA";"31901137";"GRATIFICACOES POR TEMPO DE SERVICO";"FOLHA DE PAGAMENTO";"5631.75";"2023";"L";"05/01/2023";"0";"01/01/2023";"31/01/2023";"11"
"UNIDADE GESTÃO DE PLANEJ. URBANO E MEIO AMBIENTE";"18";"GESTÃO AMBIENTAL";"122";"ADMINISTRAÇÃO GERAL";"2023";"144";"";"0";"0";"100012604";"FOLHA DE PAGAMENTO";"45780103000150";"";"0";"PROPRIA";"31901144";"FÉRIAS - ABONO PECUNIARIO";"FOLHA DE PAGAMENTO";"1770";"2023";"L";"05/01/2023";"0";"01/01/2023";"31/01/2023";"11"
"UNIDADE GESTÃO DE PLANEJ. URBANO E MEIO AMBIENTE";"18";"GESTÃO AMBIENTAL";"122";"ADMINISTRAÇÃO GERAL";"2023";"145";"";"0";"0";"100012604";"FOLHA DE PAGAMENTO";"45780103000150";"";"0";"PROPRIA";"31901145";"FÉRIAS - ABONO CONSTITUICOES";"FOLHA DE PAGAMENTO";"1330.2";"2023";"L";"05/01/2023";"0";"01/01/2023";"31/01/2023";"11"
"UNIDADE GESTÃO DE PLANEJ. URBANO E MEIO AMBIENTE";"18";"GESTÃO AMBIENTAL";"122";"ADMINISTRAÇÃO GERAL";"2023";"146";"";"0";"0";"100012604";"FOLHA DE PAGAMENTO";"45780103000150";"";"0";"PROPRIA";"31901145";"FÉRIAS - ABONO CONSTITUICOES";"FOLHA DE PAGAMENTO";"14546.12";"2023";"L";"05/01/2023";"0";"01/01/2023";"31/01/2023";"11"
"UNIDADE GESTÃO DE PLANEJ. URBANO E MEIO AMBIENTE";"18";"GESTÃO AMBIENTAL";"122";"ADMINISTRAÇÃO GERAL";"2023";"147";"";"0";"0";"100012604";"FOLHA DE PAGAMENTO";"45780103000150";"";"0";"PROPRIA";"31901146";"FÉRIAS - PAGAMENTO ANTECIPADO - RPPS";"FOLHA DE PAGAMENTO";"1827.18";"2023";"L";"05/01/2023";"0";"01/01/2023";"31/01/2023";"11"
"UNIDADE GESTÃO DE PLANEJ. URBANO E MEIO AMBIENTE";"18";"GESTÃO AMBIENTAL";"122";"ADMINISTRAÇÃO GERAL";"2023";"148";"";"0";"0";"100012604";"FOLHA DE PAGAMENTO";"45780103000150";"";"0";"PROPRIA";"31901146";"FÉRIAS - PAGAMENTO ANTECIPADO - RPPS";"FOLHA DE PAGAMENTO";"27781.39";"2023";"L";"05/01/2023";"0";"01/01/2023";"31/01/2023";"11"
"UNIDADE DE GESTÃO DE MOBILIDADE E TRANSPORTE";"15";"URBANISMO";"122";"ADMINISTRAÇÃO GERAL";"2023";"149";"";"0";"0";"100012604";"FOLHA DE PAGAMENTO";"45780103000150";"";"0";"PROPRIA";"31901104";"ADICIONAL NOTURNO";"FOLHA DE PAGAMENTO";"8.23";"2023";"L";"05/01/2023";"0";"01/01/2023";"31/01/2023";"12"
"UNIDADE DE GESTÃO DE MOBILIDADE E TRANSPORTE";"15";"URBANISMO";"122";"ADMINISTRAÇÃO GERAL";"2023";"150";"";"0";"0";"100012604";"FOLHA DE PAGAMENTO";"45780103000150";"";"0";"PROPRIA";"31901109";"ADICIONAL DE PERICULOSIDADE";"FOLHA DE PAGAMENTO";"2034.41";"2023";"L";"05/01/2023";"0";"01/01/2023";"31/01/2023";"12"
"UNIDADE DE GESTÃO DE MOBILIDADE E TRANSPORTE";"15";"URBANISMO";"122";"ADMINISTRAÇÃO GERAL";"2023";"151";"";"0";"0";"100012604";"FOLHA DE PAGAMENTO";"45780103000150";"";"0";"PROPRIA";"31901133";"GRATIFICACOES POR EXERCICIO DE  FUNCOES";"FOLHA DE PAGAMENTO";"5882.88";"2023";"L";"05/01/2023";"0";"01/01/2023";"31/01/2023";"12"
"UNIDADE DE GESTÃO DE MOBILIDADE E TRANSPORTE";"15";"URBANISMO";"122";"ADMINISTRAÇÃO GERAL";"2023";"152";"";"0";"0";"100012604";"FOLHA DE PAGAMENTO";"45780103000150";"";"0";"PROPRIA";"31901137";"GRATIFICACOES POR TEMPO DE SERVICO";"FOLHA DE PAGAMENTO";"4881.88";"2023";"L";"05/01/2023";"0";"01/01/2023";"31/01/2023";"12"
"UNIDADE DE GESTÃO DE MOBILIDADE E TRANSPORTE";"15";"URBANISMO";"122";"ADMINISTRAÇÃO GERAL";"2023";"153";"";"0";"0";"100012604";"FOLHA DE PAGAMENTO";"45780103000150";"";"0";"PROPRIA";"31901144";"FÉRIAS - ABONO PECUNIARIO";"FOLHA DE PAGAMENTO";"14067.83";"2023";"L";"05/01/2023";"0";"01/01/2023";"31/01/2023";"12"
"UNIDADE DE GESTÃO DE MOBILIDADE E TRANSPORTE";"15";"URBANISMO";"122";"ADMINISTRAÇÃO GERAL";"2023";"154";"";"0";"0";"100012604";"FOLHA DE PAGAMENTO";"45780103000150";"";"0";"PROPRIA";"31901145";"FÉRIAS - ABONO CONSTITUICOES";"FOLHA DE PAGAMENTO";"15892.52";"2023";"L";"05/01/2023";"0";"01/01/2023";"31/01/2023";"12"
"UNIDADE DE GESTÃO DE MOBILIDADE E TRANSPORTE";"15";"URBANISMO";"122";"ADMINISTRAÇÃO GERAL";"2023";"155";"";"0";"0";"100012604";"FOLHA DE PAGAMENTO";"45780103000150";"";"0";"PROPRIA";"31901146";"FÉRIAS - PAGAMENTO ANTECIPADO - RPPS";"FOLHA DE PAGAMENTO";"20545.84";"2023";"L";"05/01/2023";"0";"01/01/2023";"31/01/2023";"12"
"UNIDADE DE GESTÃO DE MOBILIDADE E TRANSPORTE";"15";"URBANISMO";"122";"ADMINISTRAÇÃO GERAL";"2023";"156";"";"0";"0";"100012604";"FOLHA DE PAGAMENTO";"45780103000150";"";"0";"PROPRIA";"31901644";"SERVIÇOS EXTRAORDINÁRIOS";"FOLHA DE PAGAMENTO";"2540";"2023";"L";"05/01/2023";"0";"01/01/2023";"31/01/2023";"12"
"UNIDADE DE GESTÃO DE EDUCAÇÃO";"12";"EDUCAÇÃO";"365";"EDUCAÇÃO INFANTIL";"2023";"157";"";"0";"0";"100012604";"FOLHA DE PAGAMENTO";"45780103000150";"";"0";"PROPRIA";"31901137";"GRATIFICACOES POR TEMPO DE SERVICO";"FOLHA DE PAGAMENTO";"136.6";"2023";"L";"05/01/2023";"0";"01/01/2023";"31/01/2023";"13"
"UNIDADE DE GESTÃO DE EDUCAÇÃO";"12";"EDUCAÇÃO";"365";"EDUCAÇÃO INFANTIL";"2023";"158";"";"0";"0";"100012604";"FOLHA DE PAGAMENTO";"45780103000150";"";"0";"PROPRIA";"31901145";"FÉRIAS - ABONO CONSTITUICOES";"FOLHA DE PAGAMENTO";"956.21";"2023";"L";"05/01/2023";"0";"01/01/2023";"31/01/2023";"13"
"UNIDADE DE GESTÃO DE EDUCAÇÃO";"12";"EDUCAÇÃO";"365";"EDUCAÇÃO INFANTIL";"2023";"159";"";"0";"0";"100012604";"FOLHA DE PAGAMENTO";"45780103000150";"";"0";"PROPRIA";"31901146";"FÉRIAS - PAGAMENTO ANTECIPADO - RPPS";"FOLHA DE PAGAMENTO";"2301.31";"2023";"L";"05/01/2023";"0";"01/01/2023";"31/01/2023";"13"
"UNIDADE DE GESTÃO DE EDUCAÇÃO";"12";"EDUCAÇÃO";"365";"EDUCAÇÃO INFANTIL";"2023";"160";"";"0";"0";"100012604";"FOLHA DE PAGAMENTO";"45780103000150";"";"0";"PROPRIA";"31901137";"GRATIFICACOES POR TEMPO DE SERVICO";"FOLHA DE PAGAMENTO";"279.76";"2023";"L";"05/01/2023";"0";"01/01/2023";"31/01/2023";"13"
"UNIDADE DE GESTÃO DE EDUCAÇÃO";"12";"EDUCAÇÃO";"365";"EDUCAÇÃO INFANTIL";"2023";"161";"";"0";"0";"100012604";"FOLHA DE PAGAMENTO";"45780103000150";"";"0";"PROPRIA";"31901145";"FÉRIAS - ABONO CONSTITUICOES";"FOLHA DE PAGAMENTO";"832.09";"2023";"L";"05/01/2023";"0";"01/01/2023";"31/01/2023";"13"
"UNIDADE DE GESTÃO DE EDUCAÇÃO";"12";"EDUCAÇÃO";"365";"EDUCAÇÃO INFANTIL";"2023";"162";"";"0";"0";"100012604";"FOLHA DE PAGAMENTO";"45780103000150";"";"0";"PROPRIA";"31901146";"FÉRIAS - PAGAMENTO ANTECIPADO - RPPS";"FOLHA DE PAGAMENTO";"1715.17";"2023";"L";"05/01/2023";"0";"01/01/2023";"31/01/2023";"13"
"UNIDADE DE GESTÃO DE EDUCAÇÃO";"12";"EDUCAÇÃO";"361";"ENSINO FUNDAMENTAL";"2023";"163";"";"0";"0";"100012604";"FOLHA DE PAGAMENTO";"45780103000150";"";"0";"PROPRIA";"31901145";"FÉRIAS - ABONO CONSTITUICOES";"FOLHA DE PAGAMENTO";"2770.37";"2023";"L";"05/01/2023";"0";"01/01/2023";"31/01/2023";"13"
"UNIDADE DE GESTÃO DE EDUCAÇÃO";"12";"EDUCAÇÃO";"361";"ENSINO FUNDAMENTAL";"2023";"164";"";"0";"0";"100012604";"FOLHA DE PAGAMENTO";"45780103000150";"";"0";"PROPRIA";"31901146";"FÉRIAS - PAGAMENTO ANTECIPADO - RPPS";"FOLHA DE PAGAMENTO";"7482.73";"2023";"L";"05/01/2023";"0";"01/01/2023";"31/01/2023";"13"
"UNIDADE DE GESTÃO DE EDUCAÇÃO";"12";"EDUCAÇÃO";"361";"ENSINO FUNDAMENTAL";"2023";"165";"";"0";"0";"100012604";"FOLHA DE PAGAMENTO";"45780103000150";"";"0";"PROPRIA";"31901131";"GRATIFICACOES POR EXERCICIO DE  CARGO";"FOLHA DE PAGAMENTO";"1662.22";"2023";"L";"05/01/2023";"0";"01/01/2023";"31/01/2023";"13"
"UNIDADE DE GESTÃO DE EDUCAÇÃO";"12";"EDUCAÇÃO";"361";"ENSINO FUNDAMENTAL";"2023";"166";"";"0";"0";"100012604";"FOLHA DE PAGAMENTO";"45780103000150";"";"0";"PROPRIA";"31901133";"GRATIFICACOES POR EXERCICIO DE  FUNCOES";"FOLHA DE PAGAMENTO";"1112.82";"2023";"L";"05/01/2023";"0";"01/01/2023";"31/01/2023";"13"
"UNIDADE DE GESTÃO DE EDUCAÇÃO";"12";"EDUCAÇÃO";"361";"ENSINO FUNDAMENTAL";"2023";"167";"";"0";"0";"100012604";"FOLHA DE PAGAMENTO";"45780103000150";"";"0";"PROPRIA";"31901137";"GRATIFICACOES POR TEMPO DE SERVICO";"FOLHA DE PAGAMENTO";"1354.72";"2023";"L";"05/01/2023";"0";"01/01/2023";"31/01/2023";"13"
"UNIDADE DE GESTÃO DE EDUCAÇÃO";"12";"EDUCAÇÃO";"361";"ENSINO FUNDAMENTAL";"2023";"168";"";"0";"0";"100012604";"FOLHA DE PAGAMENTO";"45780103000150";"";"0";"PROPRIA";"31901144";"FÉRIAS - ABONO PECUNIARIO";"FOLHA DE PAGAMENTO";"19269.23";"2023";"L";"05/01/2023";"0";"01/01/2023";"31/01/2023";"13"
"UNIDADE DE GESTÃO DE EDUCAÇÃO";"12";"EDUCAÇÃO";"361";"ENSINO FUNDAMENTAL";"2023";"169";"";"0";"0";"100012604";"FOLHA DE PAGAMENTO";"45780103000150";"";"0";"PROPRIA";"31901145";"FÉRIAS - ABONO CONSTITUICOES";"FOLHA DE PAGAMENTO";"4817.31";"2023";"L";"05/01/2023";"0";"01/01/2023";"31/01/2023";"13"
"UNIDADE DE GESTÃO DE EDUCAÇÃO";"12";"EDUCAÇÃO";"361";"ENSINO FUNDAMENTAL";"2023";"170";"";"0";"0";"100012604";"FOLHA DE PAGAMENTO";"45780103000150";"";"0";"PROPRIA";"31901146";"FÉRIAS - PAGAMENTO ANTECIPADO - RPPS";"FOLHA DE PAGAMENTO";"7943.85";"2023";"L";"05/01/2023";"0";"01/01/2023";"31/01/2023";"13"
"UNIDADE DE GESTÃO DE EDUCAÇÃO";"12";"EDUCAÇÃO";"365";"EDUCAÇÃO INFANTIL";"2023";"171";"";"0";"0";"100012604";"FOLHA DE PAGAMENTO";"45780103000150";"";"0";"PROPRIA";"31901133";"GRATIFICACOES POR EXERCICIO DE  FUNCOES";"FOLHA DE PAGAMENTO";"206.48";"2023";"L";"05/01/2023";"0";"01/01/2023";"31/01/2023";"13"
"UNIDADE DE GESTÃO DE EDUCAÇÃO";"12";"EDUCAÇÃO";"365";"EDUCAÇÃO INFANTIL";"2023";"172";"";"0";"0";"100012604";"FOLHA DE PAGAMENTO";"45780103000150";"";"0";"PROPRIA";"31901137";"GRATIFICACOES POR TEMPO DE SERVICO";"FOLHA DE PAGAMENTO";"206.48";"2023";"L";"05/01/2023";"0";"01/01/2023";"31/01/2023";"13"
"UNIDADE DE GESTÃO DE EDUCAÇÃO";"12";"EDUCAÇÃO";"365";"EDUCAÇÃO INFANTIL";"2023";"173";"";"0";"0";"100012604";"FOLHA DE PAGAMENTO";"45780103000150";"";"0";"PROPRIA";"31901145";"FÉRIAS - ABONO CONSTITUICOES";"FOLHA DE PAGAMENTO";"1514.16";"2023";"L";"05/01/2023";"0";"01/01/2023";"31/01/2023";"13"
"UNIDADE DE GESTÃO DE EDUCAÇÃO";"12";"EDUCAÇÃO";"365";"EDUCAÇÃO INFANTIL";"2023";"174";"";"0";"0";"100012604";"FOLHA DE PAGAMENTO";"45780103000150";"";"0";"PROPRIA";"31901146";"FÉRIAS - PAGAMENTO ANTECIPADO - RPPS";"FOLHA DE PAGAMENTO";"2236.42";"2023";"L";"05/01/2023";"0";"01/01/2023";"31/01/2023";"13"
"UNIDADE DE GESTÃO DE EDUCAÇÃO";"12";"EDUCAÇÃO";"361";"ENSINO FUNDAMENTAL";"2023";"175";"";"0";"0";"100012604";"FOLHA DE PAGAMENTO";"45780103000150";"";"0";"PROPRIA";"31901107";"ABONO DE PERMANENCIA";"FOLHA DE PAGAMENTO";"2006.48";"2023";"L";"05/01/2023";"0";"01/01/2023";"31/01/2023";"13"
"UNIDADE DE GESTÃO DE EDUCAÇÃO";"12";"EDUCAÇÃO";"361";"ENSINO FUNDAMENTAL";"2023";"176";"";"0";"0";"100012604";"FOLHA DE PAGAMENTO";"45780103000150";"";"0";"PROPRIA";"31901109";"ADICIONAL DE PERICULOSIDADE";"FOLHA DE PAGAMENTO";"1176.73";"2023";"L";"05/01/2023";"0";"01/01/2023";"31/01/2023";"13"
"UNIDADE DE GESTÃO DE EDUCAÇÃO";"12";"EDUCAÇÃO";"361";"ENSINO FUNDAMENTAL";"2023";"177";"";"0";"0";"100012604";"FOLHA DE PAGAMENTO";"45780103000150";"";"0";"PROPRIA";"31901133";"GRATIFICACOES POR EXERCICIO DE  FUNCOES";"FOLHA DE PAGAMENTO";"1960.75";"2023";"L";"05/01/2023";"0";"01/01/2023";"31/01/2023";"13"
"UNIDADE DE GESTÃO DE EDUCAÇÃO";"12";"EDUCAÇÃO";"361";"ENSINO FUNDAMENTAL";"2023";"178";"";"0";"0";"100012604";"FOLHA DE PAGAMENTO";"45780103000150";"";"0";"PROPRIA";"31901137";"GRATIFICACOES POR TEMPO DE SERVICO";"FOLHA DE PAGAMENTO";"6130.13";"2023";"L";"05/01/2023";"0";"01/01/2023";"31/01/2023";"13"
"UNIDADE DE GESTÃO DE EDUCAÇÃO";"12";"EDUCAÇÃO";"361";"ENSINO FUNDAMENTAL";"2023";"179";"";"0";"0";"100012604";"FOLHA DE PAGAMENTO";"45780103000150";"";"0";"PROPRIA";"31901144";"FÉRIAS - ABONO PECUNIARIO";"FOLHA DE PAGAMENTO";"16777.29";"2023";"L";"05/01/2023";"0";"01/01/2023";"31/01/2023";"13"
"UNIDADE DE GESTÃO DE EDUCAÇÃO";"12";"EDUCAÇÃO";"361";"ENSINO FUNDAMENTAL";"2023";"180";"";"0";"0";"100012604";"FOLHA DE PAGAMENTO";"45780103000150";"";"0";"PROPRIA";"31901145";"FÉRIAS - ABONO CONSTITUICOES";"FOLHA DE PAGAMENTO";"15286.14";"2023";"L";"05/01/2023";"0";"01/01/2023";"31/01/2023";"13"
"UNIDADE DE GESTÃO DE EDUCAÇÃO";"12";"EDUCAÇÃO";"361";"ENSINO FUNDAMENTAL";"2023";"181";"";"0";"0";"100012604";"FOLHA DE PAGAMENTO";"45780103000150";"";"0";"PROPRIA";"31901145";"FÉRIAS - ABONO CONSTITUICOES";"FOLHA DE PAGAMENTO";"1385.18";"2023";"L";"05/01/2023";"0";"01/01/2023";"31/01/2023";"13"
"UNIDADE DE GESTÃO DE EDUCAÇÃO";"12";"EDUCAÇÃO";"361";"ENSINO FUNDAMENTAL";"2023";"182";"";"0";"0";"100012604";"FOLHA DE PAGAMENTO";"45780103000150";"";"0";"PROPRIA";"31901146";"FÉRIAS - PAGAMENTO ANTECIPADO - RPPS";"FOLHA DE PAGAMENTO";"27872.97";"2023";"L";"05/01/2023";"0";"01/01/2023";"31/01/2023";"13"
"UNIDADE DE GESTÃO DE EDUCAÇÃO";"12";"EDUCAÇÃO";"361";"ENSINO FUNDAMENTAL";"2023";"183";"";"0";"0";"100012604";"FOLHA DE PAGAMENTO";"45780103000150";"";"0";"PROPRIA";"31901146";"FÉRIAS - PAGAMENTO ANTECIPADO - RPPS";"FOLHA DE PAGAMENTO";"3543.68";"2023";"L";"05/01/2023";"0";"01/01/2023";"31/01/2023";"13"
"UNIDADE DE GESTÃO DE EDUCAÇÃO";"12";"EDUCAÇÃO";"361";"ENSINO FUNDAMENTAL";"2023";"184";"";"0";"0";"100012604";"FOLHA DE PAGAMENTO";"45780103000150";"";"0";"PROPRIA";"31901644";"SERVIÇOS EXTRAORDINÁRIOS";"FOLHA DE PAGAMENTO";"6.01";"2023";"L";"05/01/2023";"0";"01/01/2023";"31/01/2023";"13"
"UNIDADE DE GESTÃO DE EDUCAÇÃO";"12";"EDUCAÇÃO";"365";"EDUCAÇÃO INFANTIL";"2023";"185";"";"0";"0";"100012604";"FOLHA DE PAGAMENTO";"45780103000150";"";"0";"PROPRIA";"31901137";"GRATIFICACOES POR TEMPO DE SERVICO";"FOLHA DE PAGAMENTO";"348.68";"2023";"L";"05/01/2023";"0";"01/01/2023";"31/01/2023";"13"
"UNIDADE DE GESTÃO DE EDUCAÇÃO";"12";"EDUCAÇÃO";"365";"EDUCAÇÃO INFANTIL";"2023";"186";"";"0";"0";"100012604";"FOLHA DE PAGAMENTO";"45780103000150";"";"0";"PROPRIA";"31901145";"FÉRIAS - ABONO CONSTITUICOES";"FOLHA DE PAGAMENTO";"891.08";"2023";"L";"05/01/2023";"0";"01/01/2023";"31/01/2023";"13"
"UNIDADE DE GESTÃO DE EDUCAÇÃO";"12";"EDUCAÇÃO";"365";"EDUCAÇÃO INFANTIL";"2023";"187";"";"0";"0";"100012604";"FOLHA DE PAGAMENTO";"45780103000150";"";"0";"PROPRIA";"31901146";"FÉRIAS - PAGAMENTO ANTECIPADO - RPPS";"FOLHA DE PAGAMENTO";"1669.91";"2023";"L";"05/01/2023";"0";"01/01/2023";"31/01/2023";"13"
"UNIDADE DE GESTÃO DE PROMOÇÃO DA SAÚDE";"10";"SAÚDE";"122";"ADMINISTRAÇÃO GERAL";"2023";"188";"";"0";"0";"100012604";"FOLHA DE PAGAMENTO";"45780103000150";"";"0";"PROPRIA";"31901110";"ADICIONAL DE INSALUBRIDADE";"FOLHA DE PAGAMENTO";"1475.6";"2023";"L";"05/01/2023";"0";"01/01/2023";"31/01/2023";"14"
"UNIDADE DE GESTÃO DE PROMOÇÃO DA SAÚDE";"10";"SAÚDE";"122";"ADMINISTRAÇÃO GERAL";"2023";"189";"";"0";"0";"100012604";"FOLHA DE PAGAMENTO";"45780103000150";"";"0";"PROPRIA";"31901131";"GRATIFICACOES POR EXERCICIO DE  CARGO";"FOLHA DE PAGAMENTO";"3324.44";"2023";"L";"05/01/2023";"0";"01/01/2023";"31/01/2023";"14"
"UNIDADE DE GESTÃO DE PROMOÇÃO DA SAÚDE";"10";"SAÚDE";"122";"ADMINISTRAÇÃO GERAL";"2023";"190";"";"0";"0";"100012604";"FOLHA DE PAGAMENTO";"45780103000150";"";"0";"PROPRIA";"31901133";"GRATIFICACOES POR EXERCICIO DE  FUNCOES";"FOLHA DE PAGAMENTO";"2101.11";"2023";"L";"05/01/2023";"0";"01/01/2023";"31/01/2023";"14"
"UNIDADE DE GESTÃO DE PROMOÇÃO DA SAÚDE";"10";"SAÚDE";"122";"ADMINISTRAÇÃO GERAL";"2023";"191";"";"0";"0";"100012604";"FOLHA DE PAGAMENTO";"45780103000150";"";"0";"PROPRIA";"31901137";"GRATIFICACOES POR TEMPO DE SERVICO";"FOLHA DE PAGAMENTO";"3011.82";"2023";"L";"05/01/2023";"0";"01/01/2023";"31/01/2023";"14"
"UNIDADE DE GESTÃO DE PROMOÇÃO DA SAÚDE";"10";"SAÚDE";"122";"ADMINISTRAÇÃO GERAL";"2023";"192";"";"0";"0";"100012604";"FOLHA DE PAGAMENTO";"45780103000150";"";"0";"PROPRIA";"31901144";"FÉRIAS - ABONO PECUNIARIO";"FOLHA DE PAGAMENTO";"9903.71";"2023";"L";"05/01/2023";"0";"01/01/2023";"31/01/2023";"14"
"UNIDADE DE GESTÃO DE PROMOÇÃO DA SAÚDE";"10";"SAÚDE";"122";"ADMINISTRAÇÃO GERAL";"2023";"193";"";"0";"0";"100012604";"FOLHA DE PAGAMENTO";"45780103000150";"";"0";"PROPRIA";"31901145";"FÉRIAS - ABONO CONSTITUICOES";"FOLHA DE PAGAMENTO";"24288.91";"2023";"L";"05/01/2023";"0";"01/01/2023";"31/01/2023";"14"
"UNIDADE DE GESTÃO DE PROMOÇÃO DA SAÚDE";"10";"SAÚDE";"122";"ADMINISTRAÇÃO GERAL";"2023";"194";"";"0";"0";"100012604";"FOLHA DE PAGAMENTO";"45780103000150";"";"0";"PROPRIA";"31901146";"FÉRIAS - PAGAMENTO ANTECIPADO - RPPS";"FOLHA DE PAGAMENTO";"42204.97";"2023";"L";"05/01/2023";"0";"01/01/2023";"31/01/2023";"14"
"UNIDADE DE GESTÃO DE PROMOÇÃO DA SAÚDE";"10";"SAÚDE";"122";"ADMINISTRAÇÃO GERAL";"2023";"195";"";"0";"0";"100012604";"FOLHA DE PAGAMENTO";"45780103000150";"";"0";"PROPRIA";"31901644";"SERVIÇOS EXTRAORDINÁRIOS";"FOLHA DE PAGAMENTO";"5869.75";"2023";"L";"05/01/2023";"0";"01/01/2023";"31/01/2023";"14"
"UNIDADE DE GESTÃO DE PROMOÇÃO DA SAÚDE";"10";"SAÚDE";"122";"ADMINISTRAÇÃO GERAL";"2023";"196";"";"0";"0";"100012604";"FOLHA DE PAGAMENTO";"45780103000150";"";"0";"PROPRIA";"31901107";"ABONO DE PERMANENCIA";"FOLHA DE PAGAMENTO";"816.91";"2023";"L";"05/01/2023";"0";"01/01/2023";"31/01/2023";"14"
"UNIDADE DE GESTÃO DE PROMOÇÃO DA SAÚDE";"10";"SAÚDE";"122";"ADMINISTRAÇÃO GERAL";"2023";"197";"";"0";"0";"100012604";"FOLHA DE PAGAMENTO";"45780103000150";"";"0";"PROPRIA";"31901110";"ADICIONAL DE INSALUBRIDADE";"FOLHA DE PAGAMENTO";"347.2";"2023";"L";"05/01/2023";"0";"01/01/2023";"31/01/2023";"14"
"UNIDADE DE GESTÃO DE PROMOÇÃO DA SAÚDE";"10";"SAÚDE";"122";"ADMINISTRAÇÃO GERAL";"2023";"198";"";"0";"0";"100012604";"FOLHA DE PAGAMENTO";"45780103000150";"";"0";"PROPRIA";"31901133";"GRATIFICACOES POR EXERCICIO DE  FUNCOES";"FOLHA DE PAGAMENTO";"800.43";"2023";"L";"05/01/2023";"0";"01/01/2023";"31/01/2023";"14"
"UNIDADE DE GESTÃO DE PROMOÇÃO DA SAÚDE";"10";"SAÚDE";"122";"ADMINISTRAÇÃO GERAL";"2023";"199";"";"0";"0";"100012604";"FOLHA DE PAGAMENTO";"45780103000150";"";"0";"PROPRIA";"31901137";"GRATIFICACOES POR TEMPO DE SERVICO";"FOLHA DE PAGAMENTO";"2406.66";"2023";"L";"05/01/2023";"0";"01/01/2023";"31/01/2023";"14"
"UNIDADE DE GESTÃO DE PROMOÇÃO DA SAÚDE";"10";"SAÚDE";"122";"ADMINISTRAÇÃO GERAL";"2023";"200";"";"0";"0";"100012604";"FOLHA DE PAGAMENTO";"45780103000150";"";"0";"PROPRIA";"31901144";"FÉRIAS - ABONO PECUNIARIO";"FOLHA DE PAGAMENTO";"7670.98";"2023";"L";"05/01/2023";"0";"01/01/2023";"31/01/2023";"14"
"UNIDADE DE GESTÃO DE PROMOÇÃO DA SAÚDE";"10";"SAÚDE";"122";"ADMINISTRAÇÃO GERAL";"2023";"201";"";"0";"0";"100012604";"FOLHA DE PAGAMENTO";"45780103000150";"";"0";"PROPRIA";"31901145";"FÉRIAS - ABONO CONSTITUICOES";"FOLHA DE PAGAMENTO";"5138.69";"2023";"L";"05/01/2023";"0";"01/01/2023";"31/01/2023";"14"
"UNIDADE DE GESTÃO DE PROMOÇÃO DA SAÚDE";"10";"SAÚDE";"122";"ADMINISTRAÇÃO GERAL";"2023";"202";"";"0";"0";"100012604";"FOLHA DE PAGAMENTO";"45780103000150";"";"0";"PROPRIA";"31901146";"FÉRIAS - PAGAMENTO ANTECIPADO - RPPS";"FOLHA DE PAGAMENTO";"7293.96";"2023";"L";"05/01/2023";"0";"01/01/2023";"31/01/2023";"14"
"UNIDADE DE GESTÃO DE PROMOÇÃO DA SAÚDE";"10";"SAÚDE";"122";"ADMINISTRAÇÃO GERAL";"2023";"203";"";"0";"0";"100012604";"FOLHA DE PAGAMENTO";"45780103000150";"";"0";"PROPRIA";"31901644";"SERVIÇOS EXTRAORDINÁRIOS";"FOLHA DE PAGAMENTO";"2376.05";"2023";"L";"05/01/2023";"0";"01/01/2023";"31/01/2023";"14"
"UNIDADE DE GESTÃO DE PROMOÇÃO DA SAÚDE";"10";"SAÚDE";"301";"ATENÇÃO BÁSICA";"2023";"204";"";"0";"0";"100012604";"FOLHA DE PAGAMENTO";"45780103000150";"";"0";"PROPRIA";"31901110";"ADICIONAL DE INSALUBRIDADE";"FOLHA DE PAGAMENTO";"3472";"2023";"L";"05/01/2023";"0";"01/01/2023";"31/01/2023";"14"
"UNIDADE DE GESTÃO DE PROMOÇÃO DA SAÚDE";"10";"SAÚDE";"301";"ATENÇÃO BÁSICA";"2023";"205";"";"0";"0";"100012604";"FOLHA DE PAGAMENTO";"45780103000150";"";"0";"PROPRIA";"31901133";"GRATIFICACOES POR EXERCICIO DE  FUNCOES";"FOLHA DE PAGAMENTO";"1720.91";"2023";"L";"05/01/2023";"0";"01/01/2023";"31/01/2023";"14"
"UNIDADE DE GESTÃO DE PROMOÇÃO DA SAÚDE";"10";"SAÚDE";"301";"ATENÇÃO BÁSICA";"2023";"206";"";"0";"0";"100012604";"FOLHA DE PAGAMENTO";"45780103000150";"";"0";"PROPRIA";"31901137";"GRATIFICACOES POR TEMPO DE SERVICO";"FOLHA DE PAGAMENTO";"11626.76";"2023";"L";"05/01/2023";"0";"01/01/2023";"31/01/2023";"14"
"UNIDADE DE GESTÃO DE PROMOÇÃO DA SAÚDE";"10";"SAÚDE";"301";"ATENÇÃO BÁSICA";"2023";"207";"";"0";"0";"100012604";"FOLHA DE PAGAMENTO";"45780103000150";"";"0";"PROPRIA";"31901144";"FÉRIAS - ABONO PECUNIARIO";"FOLHA DE PAGAMENTO";"22768.65";"2023";"L";"05/01/2023";"0";"01/01/2023";"31/01/2023";"14"
"UNIDADE DE GESTÃO DE PROMOÇÃO DA SAÚDE";"10";"SAÚDE";"301";"ATENÇÃO BÁSICA";"2023";"208";"";"0";"0";"100012604";"FOLHA DE PAGAMENTO";"45780103000150";"";"0";"PROPRIA";"31901145";"FÉRIAS - ABONO CONSTITUICOES";"FOLHA DE PAGAMENTO";"42036.54";"2023";"L";"05/01/2023";"0";"01/01/2023";"31/01/2023";"14"
"UNIDADE DE GESTÃO DE PROMOÇÃO DA SAÚDE";"10";"SAÚDE";"301";"ATENÇÃO BÁSICA";"2023";"209";"";"0";"0";"100012604";"FOLHA DE PAGAMENTO";"45780103000150";"";"0";"PROPRIA";"31901146";"FÉRIAS - PAGAMENTO ANTECIPADO - RPPS";"FOLHA DE PAGAMENTO";"75440.93";"2023";"L";"05/01/2023";"0";"01/01/2023";"31/01/2023";"14"
"UNIDADE DE GESTÃO DE PROMOÇÃO DA SAÚDE";"10";"SAÚDE";"301";"ATENÇÃO BÁSICA";"2023";"210";"";"0";"0";"100012604";"FOLHA DE PAGAMENTO";"45780103000150";"";"0";"PROPRIA";"31901644";"SERVIÇOS EXTRAORDINÁRIOS";"FOLHA DE PAGAMENTO";"9571.89";"2023";"L";"05/01/2023";"0";"01/01/2023";"31/01/2023";"14"
"UNIDADE DE GESTÃO DE PROMOÇÃO DA SAÚDE";"10";"SAÚDE";"302";"ASSISTÊNCIA HOSPITALAR E AMBULATORIAL";"2023";"211";"";"0";"0";"100012604";"FOLHA DE PAGAMENTO";"45780103000150";"";"0";"PROPRIA";"31901107";"ABONO DE PERMANENCIA";"FOLHA DE PAGAMENTO";"1059.84";"2023";"L";"05/01/2023";"0";"01/01/2023";"31/01/2023";"14"
"UNIDADE DE GESTÃO DE PROMOÇÃO DA SAÚDE";"10";"SAÚDE";"302";"ASSISTÊNCIA HOSPITALAR E AMBULATORIAL";"2023";"212";"";"0";"0";"100012604";"FOLHA DE PAGAMENTO";"45780103000150";"";"0";"PROPRIA";"31901110";"ADICIONAL DE INSALUBRIDADE";"FOLHA DE PAGAMENTO";"2517.2";"2023";"L";"05/01/2023";"0";"01/01/2023";"31/01/2023";"14"
"UNIDADE DE GESTÃO DE PROMOÇÃO DA SAÚDE";"10";"SAÚDE";"302";"ASSISTÊNCIA HOSPITALAR E AMBULATORIAL";"2023";"213";"";"0";"0";"100012604";"FOLHA DE PAGAMENTO";"45780103000150";"";"0";"PROPRIA";"31901133";"GRATIFICACOES POR EXERCICIO DE  FUNCOES";"FOLHA DE PAGAMENTO";"1400.74";"2023";"L";"05/01/2023";"0";"01/01/2023";"31/01/2023";"14"
"UNIDADE DE GESTÃO DE PROMOÇÃO DA SAÚDE";"10";"SAÚDE";"302";"ASSISTÊNCIA HOSPITALAR E AMBULATORIAL";"2023";"214";"";"0";"0";"100012604";"FOLHA DE PAGAMENTO";"45780103000150";"";"0";"PROPRIA";"31901137";"GRATIFICACOES POR TEMPO DE SERVICO";"FOLHA DE PAGAMENTO";"11321.56";"2023";"L";"05/01/2023";"0";"01/01/2023";"31/01/2023";"14"
"UNIDADE DE GESTÃO DE PROMOÇÃO DA SAÚDE";"10";"SAÚDE";"302";"ASSISTÊNCIA HOSPITALAR E AMBULATORIAL";"2023";"215";"";"0";"0";"100012604";"FOLHA DE PAGAMENTO";"45780103000150";"";"0";"PROPRIA";"31901144";"FÉRIAS - ABONO PECUNIARIO";"FOLHA DE PAGAMENTO";"30960.02";"2023";"L";"05/01/2023";"0";"01/01/2023";"31/01/2023";"14"
"UNIDADE DE GESTÃO DE PROMOÇÃO DA SAÚDE";"10";"SAÚDE";"302";"ASSISTÊNCIA HOSPITALAR E AMBULATORIAL";"2023";"216";"";"0";"0";"100012604";"FOLHA DE PAGAMENTO";"45780103000150";"";"0";"PROPRIA";"31901145";"FÉRIAS - ABONO CONSTITUICOES";"FOLHA DE PAGAMENTO";"33012.08";"2023";"L";"05/01/2023";"0";"01/01/2023";"31/01/2023";"14"
"UNIDADE DE GESTÃO DE PROMOÇÃO DA SAÚDE";"10";"SAÚDE";"302";"ASSISTÊNCIA HOSPITALAR E AMBULATORIAL";"2023";"217";"";"0";"0";"100012604";"FOLHA DE PAGAMENTO";"45780103000150";"";"0";"PROPRIA";"31901146";"FÉRIAS - PAGAMENTO ANTECIPADO - RPPS";"FOLHA DE PAGAMENTO";"57333.55";"2023";"L";"05/01/2023";"0";"01/01/2023";"31/01/2023";"14"
"UNIDADE DE GESTÃO DE PROMOÇÃO DA SAÚDE";"10";"SAÚDE";"302";"ASSISTÊNCIA HOSPITALAR E AMBULATORIAL";"2023";"218";"";"0";"0";"100012604";"FOLHA DE PAGAMENTO";"45780103000150";"";"0";"PROPRIA";"31901644";"SERVIÇOS EXTRAORDINÁRIOS";"FOLHA DE PAGAMENTO";"7192.41";"2023";"L";"05/01/2023";"0";"01/01/2023";"31/01/2023";"14"
"UNIDADE DE GESTÃO DE PROMOÇÃO DA SAÚDE";"10";"SAÚDE";"305";"VIGILÂNCIA EPIDEMIOLÓGICA";"2023";"219";"";"0";"0";"100012604";"FOLHA DE PAGAMENTO";"45780103000150";"";"0";"PROPRIA";"31901110";"ADICIONAL DE INSALUBRIDADE";"FOLHA DE PAGAMENTO";"347.2";"2023";"L";"05/01/2023";"0";"01/01/2023";"31/01/2023";"14"
"UNIDADE DE GESTÃO DE PROMOÇÃO DA SAÚDE";"10";"SAÚDE";"305";"VIGILÂNCIA EPIDEMIOLÓGICA";"2023";"220";"";"0";"0";"100012604";"FOLHA DE PAGAMENTO";"45780103000150";"";"0";"PROPRIA";"31901137";"GRATIFICACOES POR TEMPO DE SERVICO";"FOLHA DE PAGAMENTO";"182.14";"2023";"L";"05/01/2023";"0";"01/01/2023";"31/01/2023";"14"
"UNIDADE DE GESTÃO DE PROMOÇÃO DA SAÚDE";"10";"SAÚDE";"305";"VIGILÂNCIA EPIDEMIOLÓGICA";"2023";"221";"";"0";"0";"100012604";"FOLHA DE PAGAMENTO";"45780103000150";"";"0";"PROPRIA";"31901144";"FÉRIAS - ABONO PECUNIARIO";"FOLHA DE PAGAMENTO";"1567.52";"2023";"L";"05/01/2023";"0";"01/01/2023";"31/01/2023";"14"
"UNIDADE DE GESTÃO DE PROMOÇÃO DA SAÚDE";"10";"SAÚDE";"305";"VIGILÂNCIA EPIDEMIOLÓGICA";"2023";"222";"";"0";"0";"100012604";"FOLHA DE PAGAMENTO";"45780103000150";"";"0";"PROPRIA";"31901145";"FÉRIAS - ABONO CONSTITUICOES";"FOLHA DE PAGAMENTO";"783.77";"2023";"L";"05/01/2023";"0";"01/01/2023";"31/01/2023";"14"
"UNIDADE DE GESTÃO DE PROMOÇÃO DA SAÚDE";"10";"SAÚDE";"305";"VIGILÂNCIA EPIDEMIOLÓGICA";"2023";"223";"";"0";"0";"100012604";"FOLHA DE PAGAMENTO";"45780103000150";"";"0";"PROPRIA";"31901146";"FÉRIAS - PAGAMENTO ANTECIPADO - RPPS";"FOLHA DE PAGAMENTO";"1540.87";"2023";"L";"05/01/2023";"0";"01/01/2023";"31/01/2023";"14"
"UNIDADE DE GESTÃO DE PROMOÇÃO DA SAÚDE";"10";"SAÚDE";"305";"VIGILÂNCIA EPIDEMIOLÓGICA";"2023";"224";"";"0";"0";"100012604";"FOLHA DE PAGAMENTO";"45780103000150";"";"0";"PROPRIA";"31901644";"SERVIÇOS EXTRAORDINÁRIOS";"FOLHA DE PAGAMENTO";"0.59";"2023";"L";"05/01/2023";"0";"01/01/2023";"31/01/2023";"14"
"UNIDADE DE GESTÃO DE PROMOÇÃO DA SAÚDE";"10";"SAÚDE";"304";"VIGILÂNCIA SANITÁRIA";"2023";"225";"";"0";"0";"100012604";"FOLHA DE PAGAMENTO";"45780103000150";"";"0";"PROPRIA";"31901133";"GRATIFICACOES POR EXERCICIO DE  FUNCOES";"FOLHA DE PAGAMENTO";"1600.85";"2023";"L";"05/01/2023";"0";"01/01/2023";"31/01/2023";"14"
"UNIDADE DE GESTÃO DE PROMOÇÃO DA SAÚDE";"10";"SAÚDE";"304";"VIGILÂNCIA SANITÁRIA";"2023";"226";"";"0";"0";"100012604";"FOLHA DE PAGAMENTO";"45780103000150";"";"0";"PROPRIA";"31901137";"GRATIFICACOES POR TEMPO DE SERVICO";"FOLHA DE PAGAMENTO";"602.04";"2023";"L";"05/01/2023";"0";"01/01/2023";"31/01/2023";"14"
"UNIDADE DE GESTÃO DE PROMOÇÃO DA SAÚDE";"10";"SAÚDE";"304";"VIGILÂNCIA SANITÁRIA";"2023";"227";"";"0";"0";"100012604";"FOLHA DE PAGAMENTO";"45780103000150";"";"0";"PROPRIA";"31901145";"FÉRIAS - ABONO CONSTITUICOES";"FOLHA DE PAGAMENTO";"3120.03";"2023";"L";"05/01/2023";"0";"01/01/2023";"31/01/2023";"14"
"UNIDADE DE GESTÃO DE PROMOÇÃO DA SAÚDE";"10";"SAÚDE";"304";"VIGILÂNCIA SANITÁRIA";"2023";"228";"";"0";"0";"100012604";"FOLHA DE PAGAMENTO";"45780103000150";"";"0";"PROPRIA";"31901146";"FÉRIAS - PAGAMENTO ANTECIPADO - RPPS";"FOLHA DE PAGAMENTO";"5073.81";"2023";"L";"05/01/2023";"0";"01/01/2023";"31/01/2023";"14"
"UNIDADE DE GESTÃO DE PROMOÇÃO DA SAÚDE";"10";"SAÚDE";"304";"VIGILÂNCIA SANITÁRIA";"2023";"229";"";"0";"0";"100012604";"FOLHA DE PAGAMENTO";"45780103000150";"";"0";"PROPRIA";"31901644";"SERVIÇOS EXTRAORDINÁRIOS";"FOLHA DE PAGAMENTO";"1136.85";"2023";"L";"05/01/2023";"0";"01/01/2023";"31/01/2023";"14"
"UNIDADE DE GESTÃO DE PROMOÇÃO DA SAÚDE";"10";"SAÚDE";"303";"SUPORTE PROFILÁTICO E TERAPÊUTICO";"2023";"230";"";"0";"0";"100012604";"FOLHA DE PAGAMENTO";"45780103000150";"";"0";"PROPRIA";"31901110";"ADICIONAL DE INSALUBRIDADE";"FOLHA DE PAGAMENTO";"86.8";"2023";"L";"05/01/2023";"0";"01/01/2023";"31/01/2023";"14"
"UNIDADE DE GESTÃO DE PROMOÇÃO DA SAÚDE";"10";"SAÚDE";"303";"SUPORTE PROFILÁTICO E TERAPÊUTICO";"2023";"231";"";"0";"0";"100012604";"FOLHA DE PAGAMENTO";"45780103000150";"";"0";"PROPRIA";"31901133";"GRATIFICACOES POR EXERCICIO DE  FUNCOES";"FOLHA DE PAGAMENTO";"2101.11";"2023";"L";"05/01/2023";"0";"01/01/2023";"31/01/2023";"14"
"UNIDADE DE GESTÃO DE PROMOÇÃO DA SAÚDE";"10";"SAÚDE";"303";"SUPORTE PROFILÁTICO E TERAPÊUTICO";"2023";"232";"";"0";"0";"100012604";"FOLHA DE PAGAMENTO";"45780103000150";"";"0";"PROPRIA";"31901137";"GRATIFICACOES POR TEMPO DE SERVICO";"FOLHA DE PAGAMENTO";"1019.21";"2023";"L";"05/01/2023";"0";"01/01/2023";"31/01/2023";"14"
"UNIDADE DE GESTÃO DE PROMOÇÃO DA SAÚDE";"10";"SAÚDE";"303";"SUPORTE PROFILÁTICO E TERAPÊUTICO";"2023";"233";"";"0";"0";"100012604";"FOLHA DE PAGAMENTO";"45780103000150";"";"0";"PROPRIA";"31901145";"FÉRIAS - ABONO CONSTITUICOES";"FOLHA DE PAGAMENTO";"4931.71";"2023";"L";"05/01/2023";"0";"01/01/2023";"31/01/2023";"14"
"UNIDADE DE GESTÃO DE PROMOÇÃO DA SAÚDE";"10";"SAÚDE";"303";"SUPORTE PROFILÁTICO E TERAPÊUTICO";"2023";"234";"";"0";"0";"100012604";"FOLHA DE PAGAMENTO";"45780103000150";"";"0";"PROPRIA";"31901146";"FÉRIAS - PAGAMENTO ANTECIPADO - RPPS";"FOLHA DE PAGAMENTO";"9517";"2023";"L";"05/01/2023";"0";"01/01/2023";"31/01/2023";"14"
"UNIDADE DE GESTÃO DE PROMOÇÃO DA SAÚDE";"10";"SAÚDE";"303";"SUPORTE PROFILÁTICO E TERAPÊUTICO";"2023";"235";"";"0";"0";"100012604";"FOLHA DE PAGAMENTO";"45780103000150";"";"0";"PROPRIA";"31901644";"SERVIÇOS EXTRAORDINÁRIOS";"FOLHA DE PAGAMENTO";"355.83";"2023";"L";"05/01/2023";"0";"01/01/2023";"31/01/2023";"14"
"UNIDADE GESTÃO DE ASSISTÊNCIA E DESENVOLV. SOCIAL";"8";"ASSISTÊNCIA SOCIAL";"244";"ASSISTÊNCIA COMUNITÁRIA";"2023";"236";"";"0";"0";"100012604";"FOLHA DE PAGAMENTO";"45780103000150";"";"0";"PROPRIA";"31901107";"ABONO DE PERMANENCIA";"FOLHA DE PAGAMENTO";"1695.09";"2023";"L";"05/01/2023";"0";"01/01/2023";"31/01/2023";"15"
"UNIDADE GESTÃO DE ASSISTÊNCIA E DESENVOLV. SOCIAL";"8";"ASSISTÊNCIA SOCIAL";"244";"ASSISTÊNCIA COMUNITÁRIA";"2023";"237";"";"0";"0";"100012604";"FOLHA DE PAGAMENTO";"45780103000150";"";"0";"PROPRIA";"31901133";"GRATIFICACOES POR EXERCICIO DE  FUNCOES";"FOLHA DE PAGAMENTO";"800.43";"2023";"L";"05/01/2023";"0";"01/01/2023";"31/01/2023";"15"
"UNIDADE GESTÃO DE ASSISTÊNCIA E DESENVOLV. SOCIAL";"8";"ASSISTÊNCIA SOCIAL";"244";"ASSISTÊNCIA COMUNITÁRIA";"2023";"238";"";"0";"0";"100012604";"FOLHA DE PAGAMENTO";"45780103000150";"";"0";"PROPRIA";"31901137";"GRATIFICACOES POR TEMPO DE SERVICO";"FOLHA DE PAGAMENTO";"3390.31";"2023";"L";"05/01/2023";"0";"01/01/2023";"31/01/2023";"15"
"UNIDADE GESTÃO DE ASSISTÊNCIA E DESENVOLV. SOCIAL";"8";"ASSISTÊNCIA SOCIAL";"244";"ASSISTÊNCIA COMUNITÁRIA";"2023";"239";"";"0";"0";"100012604";"FOLHA DE PAGAMENTO";"45780103000150";"";"0";"PROPRIA";"31901144";"FÉRIAS - ABONO PECUNIARIO";"FOLHA DE PAGAMENTO";"8071.84";"2023";"L";"05/01/2023";"0";"01/01/2023";"31/01/2023";"15"
"UNIDADE GESTÃO DE ASSISTÊNCIA E DESENVOLV. SOCIAL";"8";"ASSISTÊNCIA SOCIAL";"244";"ASSISTÊNCIA COMUNITÁRIA";"2023";"240";"";"0";"0";"100012604";"FOLHA DE PAGAMENTO";"45780103000150";"";"0";"PROPRIA";"31901145";"FÉRIAS - ABONO CONSTITUICOES";"FOLHA DE PAGAMENTO";"9495.78";"2023";"L";"05/01/2023";"0";"01/01/2023";"31/01/2023";"15"
"UNIDADE GESTÃO DE ASSISTÊNCIA E DESENVOLV. SOCIAL";"8";"ASSISTÊNCIA SOCIAL";"244";"ASSISTÊNCIA COMUNITÁRIA";"2023";"241";"";"0";"0";"100012604";"FOLHA DE PAGAMENTO";"45780103000150";"";"0";"PROPRIA";"31901146";"FÉRIAS - PAGAMENTO ANTECIPADO - RPPS";"FOLHA DE PAGAMENTO";"19956.9";"2023";"L";"05/01/2023";"0";"01/01/2023";"31/01/2023";"15"
"UNIDADE GESTÃO DE ASSISTÊNCIA E DESENVOLV. SOCIAL";"8";"ASSISTÊNCIA SOCIAL";"244";"ASSISTÊNCIA COMUNITÁRIA";"2023";"242";"";"0";"0";"100012604";"FOLHA DE PAGAMENTO";"45780103000150";"";"0";"PROPRIA";"31901644";"SERVIÇOS EXTRAORDINÁRIOS";"FOLHA DE PAGAMENTO";"483.4";"2023";"L";"05/01/2023";"0";"01/01/2023";"31/01/2023";"15"
"UNIDADE GESTÃO DE ASSISTÊNCIA E DESENVOLV. SOCIAL";"8";"ASSISTÊNCIA SOCIAL";"244";"ASSISTÊNCIA COMUNITÁRIA";"2023";"243";"";"0";"0";"100012604";"FOLHA DE PAGAMENTO";"45780103000150";"";"0";"PROPRIA";"31901137";"GRATIFICACOES POR TEMPO DE SERVICO";"FOLHA DE PAGAMENTO";"357.68";"2023";"L";"05/01/2023";"0";"01/01/2023";"31/01/2023";"15"
"UNIDADE GESTÃO DE ASSISTÊNCIA E DESENVOLV. SOCIAL";"8";"ASSISTÊNCIA SOCIAL";"244";"ASSISTÊNCIA COMUNITÁRIA";"2023";"244";"";"0";"0";"100012604";"FOLHA DE PAGAMENTO";"45780103000150";"";"0";"PROPRIA";"31901145";"FÉRIAS - ABONO CONSTITUICOES";"FOLHA DE PAGAMENTO";"1671.1";"2023";"L";"05/01/2023";"0";"01/01/2023";"31/01/2023";"15"
"UNIDADE GESTÃO DE ASSISTÊNCIA E DESENVOLV. SOCIAL";"8";"ASSISTÊNCIA SOCIAL";"244";"ASSISTÊNCIA COMUNITÁRIA";"2023";"245";"";"0";"0";"100012604";"FOLHA DE PAGAMENTO";"45780103000150";"";"0";"PROPRIA";"31901146";"FÉRIAS - PAGAMENTO ANTECIPADO - RPPS";"FOLHA DE PAGAMENTO";"3553";"2023";"L";"05/01/2023";"0";"01/01/2023";"31/01/2023";"15"
"UNIDADE DE GESTÃO DES. ECON. CIÊNCIA E TECNOLOGIA";"11";"TRABALHO";"122";"ADMINISTRAÇÃO GERAL";"2023";"246";"";"0";"0";"100012604";"FOLHA DE PAGAMENTO";"45780103000150";"";"0";"PROPRIA";"31901144";"FÉRIAS - ABONO PECUNIARIO";"FOLHA DE PAGAMENTO";"7553.57";"2023";"L";"05/01/2023";"0";"01/01/2023";"31/01/2023";"16"
"UNIDADE DE GESTÃO DES. ECON. CIÊNCIA E TECNOLOGIA";"11";"TRABALHO";"122";"ADMINISTRAÇÃO GERAL";"2023";"247";"";"0";"0";"100012604";"FOLHA DE PAGAMENTO";"45780103000150";"";"0";"PROPRIA";"31901145";"FÉRIAS - ABONO CONSTITUICOES";"FOLHA DE PAGAMENTO";"4884";"2023";"L";"05/01/2023";"0";"01/01/2023";"31/01/2023";"16"
"UNIDADE DE GESTÃO DES. ECON. CIÊNCIA E TECNOLOGIA";"11";"TRABALHO";"122";"ADMINISTRAÇÃO GERAL";"2023";"248";"";"0";"0";"100012604";"FOLHA DE PAGAMENTO";"45780103000150";"";"0";"PROPRIA";"31901146";"FÉRIAS - PAGAMENTO ANTECIPADO - RPPS";"FOLHA DE PAGAMENTO";"12371.92";"2023";"L";"05/01/2023";"0";"01/01/2023";"31/01/2023";"16"
"UNIDADE DE GESTÃO DE SEGURANÇA MUNICIPAL";"6";"SEGURANÇA PÚBLICA";"122";"ADMINISTRAÇÃO GERAL";"2023";"249";"";"0";"0";"100012604";"FOLHA DE PAGAMENTO";"45780103000150";"";"0";"PROPRIA";"31901104";"ADICIONAL NOTURNO";"FOLHA DE PAGAMENTO";"1947.84";"2023";"L";"05/01/2023";"0";"01/01/2023";"31/01/2023";"19"
"UNIDADE DE GESTÃO DE SEGURANÇA MUNICIPAL";"6";"SEGURANÇA PÚBLICA";"122";"ADMINISTRAÇÃO GERAL";"2023";"250";"";"0";"0";"100012604";"FOLHA DE PAGAMENTO";"45780103000150";"";"0";"PROPRIA";"31901131";"GRATIFICACOES POR EXERCICIO DE  CARGO";"FOLHA DE PAGAMENTO";"3324.44";"2023";"L";"05/01/2023";"0";"01/01/2023";"31/01/2023";"19"
"UNIDADE DE GESTÃO DE SEGURANÇA MUNICIPAL";"6";"SEGURANÇA PÚBLICA";"122";"ADMINISTRAÇÃO GERAL";"2023";"251";"";"0";"0";"100012604";"FOLHA DE PAGAMENTO";"45780103000150";"";"0";"PROPRIA";"31901133";"GRATIFICACOES POR EXERCICIO DE  FUNCOES";"FOLHA DE PAGAMENTO";"24473.14";"2023";"L";"05/01/2023";"0";"01/01/2023";"31/01/2023";"19"
"UNIDADE DE GESTÃO DE SEGURANÇA MUNICIPAL";"6";"SEGURANÇA PÚBLICA";"122";"ADMINISTRAÇÃO GERAL";"2023";"252";"";"0";"0";"100012604";"FOLHA DE PAGAMENTO";"45780103000150";"";"0";"PROPRIA";"31901137";"GRATIFICACOES POR TEMPO DE SERVICO";"FOLHA DE PAGAMENTO";"17687";"2023";"L";"05/01/2023";"0";"01/01/2023";"31/01/2023";"19"
"UNIDADE DE GESTÃO DE SEGURANÇA MUNICIPAL";"6";"SEGURANÇA PÚBLICA";"122";"ADMINISTRAÇÃO GERAL";"2023";"253";"";"0";"0";"100012604";"FOLHA DE PAGAMENTO";"45780103000150";"";"0";"PROPRIA";"31901144";"FÉRIAS - ABONO PECUNIARIO";"FOLHA DE PAGAMENTO";"41998.85";"2023";"L";"05/01/2023";"0";"01/01/2023";"31/01/2023";"19"
"UNIDADE DE GESTÃO DE SEGURANÇA MUNICIPAL";"6";"SEGURANÇA PÚBLICA";"122";"ADMINISTRAÇÃO GERAL";"2023";"254";"";"0";"0";"100012604";"FOLHA DE PAGAMENTO";"45780103000150";"";"0";"PROPRIA";"31901145";"FÉRIAS - ABONO CONSTITUICOES";"FOLHA DE PAGAMENTO";"46895.6";"2023";"L";"05/01/2023";"0";"01/01/2023";"31/01/2023";"19"
"UNIDADE DE GESTÃO DE SEGURANÇA MUNICIPAL";"6";"SEGURANÇA PÚBLICA";"122";"ADMINISTRAÇÃO GERAL";"2023";"255";"";"0";"0";"100012604";"FOLHA DE PAGAMENTO";"45780103000150";"";"0";"PROPRIA";"31901146";"FÉRIAS - PAGAMENTO ANTECIPADO - RPPS";"FOLHA DE PAGAMENTO";"51935.74";"2023";"L";"05/01/2023";"0";"01/01/2023";"31/01/2023";"19"
"UNIDADE DE GESTÃO DE SEGURANÇA MUNICIPAL";"6";"SEGURANÇA PÚBLICA";"122";"ADMINISTRAÇÃO GERAL";"2023";"256";"";"0";"0";"100012604";"FOLHA DE PAGAMENTO";"45780103000150";"";"0";"PROPRIA";"31901644";"SERVIÇOS EXTRAORDINÁRIOS";"FOLHA DE PAGAMENTO";"11865.8";"2023";"L";"05/01/2023";"0";"01/01/2023";"31/01/2023";"19"
"UNIDADE DE GESTÃO DE CULTURA";"13";"CULTURA";"122";"ADMINISTRAÇÃO GERAL";"2023";"257";"";"0";"0";"100012604";"FOLHA DE PAGAMENTO";"45780103000150";"";"0";"PROPRIA";"31901137";"GRATIFICACOES POR TEMPO DE SERVICO";"FOLHA DE PAGAMENTO";"132.75";"2023";"L";"05/01/2023";"0";"01/01/2023";"31/01/2023";"22"
"UNIDADE DE GESTÃO DE CULTURA";"13";"CULTURA";"122";"ADMINISTRAÇÃO GERAL";"2023";"258";"";"0";"0";"100012604";"FOLHA DE PAGAMENTO";"45780103000150";"";"0";"PROPRIA";"31901145";"FÉRIAS - ABONO CONSTITUICOES";"FOLHA DE PAGAMENTO";"929.25";"2023";"L";"05/01/2023";"0";"01/01/2023";"31/01/2023";"22"
"UNIDADE DE GESTÃO DE CULTURA";"13";"CULTURA";"122";"ADMINISTRAÇÃO GERAL";"2023";"259";"";"0";"0";"100012604";"FOLHA DE PAGAMENTO";"45780103000150";"";"0";"PROPRIA";"31901146";"FÉRIAS - PAGAMENTO ANTECIPADO - RPPS";"FOLHA DE PAGAMENTO";"2220.59";"2023";"L";"05/01/2023";"0";"01/01/2023";"31/01/2023";"22"
"UNIDADE DE GESTÃO DE ESPORTE E LAZER";"27";"DESPORTO E LAZER";"812";"DESPORTO COMUNITÁRIO";"2023";"260";"";"0";"0";"100012604";"FOLHA DE PAGAMENTO";"45780103000150";"";"0";"PROPRIA";"31901131";"GRATIFICACOES POR EXERCICIO DE  CARGO";"FOLHA DE PAGAMENTO";"1662.22";"2023";"L";"05/01/2023";"0";"01/01/2023";"31/01/2023";"23"
"UNIDADE DE GESTÃO DE ESPORTE E LAZER";"27";"DESPORTO E LAZER";"812";"DESPORTO COMUNITÁRIO";"2023";"261";"";"0";"0";"100012604";"FOLHA DE PAGAMENTO";"45780103000150";"";"0";"PROPRIA";"31901137";"GRATIFICACOES POR TEMPO DE SERVICO";"FOLHA DE PAGAMENTO";"1452.66";"2023";"L";"05/01/2023";"0";"01/01/2023";"31/01/2023";"23"
"UNIDADE DE GESTÃO DE ESPORTE E LAZER";"27";"DESPORTO E LAZER";"812";"DESPORTO COMUNITÁRIO";"2023";"262";"";"0";"0";"100012604";"FOLHA DE PAGAMENTO";"45780103000150";"";"0";"PROPRIA";"31901137";"GRATIFICACOES POR TEMPO DE SERVICO";"FOLHA DE PAGAMENTO";"480.62";"2023";"L";"05/01/2023";"0";"01/01/2023";"31/01/2023";"23"
"UNIDADE DE GESTÃO DE ESPORTE E LAZER";"27";"DESPORTO E LAZER";"812";"DESPORTO COMUNITÁRIO";"2023";"263";"";"0";"0";"100012604";"FOLHA DE PAGAMENTO";"45780103000150";"";"0";"PROPRIA";"31901145";"FÉRIAS - ABONO CONSTITUICOES";"FOLHA DE PAGAMENTO";"1867.7";"2023";"L";"05/01/2023";"0";"01/01/2023";"31/01/2023";"23"
"UNIDADE DE GESTÃO DE ESPORTE E LAZER";"27";"DESPORTO E LAZER";"812";"DESPORTO COMUNITÁRIO";"2023";"264";"";"0";"0";"100012604";"FOLHA DE PAGAMENTO";"45780103000150";"";"0";"PROPRIA";"31901145";"FÉRIAS - ABONO CONSTITUICOES";"FOLHA DE PAGAMENTO";"3018.77";"2023";"L";"05/01/2023";"0";"01/01/2023";"31/01/2023";"23"
"UNIDADE DE GESTÃO DE ESPORTE E LAZER";"27";"DESPORTO E LAZER";"812";"DESPORTO COMUNITÁRIO";"2023";"265";"";"0";"0";"100012604";"FOLHA DE PAGAMENTO";"45780103000150";"";"0";"PROPRIA";"31901146";"FÉRIAS - PAGAMENTO ANTECIPADO - RPPS";"FOLHA DE PAGAMENTO";"4256";"2023";"L";"05/01/2023";"0";"01/01/2023";"31/01/2023";"23"
"UNIDADE DE GESTÃO DE ESPORTE E LAZER";"27";"DESPORTO E LAZER";"812";"DESPORTO COMUNITÁRIO";"2023";"266";"";"0";"0";"100012604";"FOLHA DE PAGAMENTO";"45780103000150";"";"0";"PROPRIA";"31901146";"FÉRIAS - PAGAMENTO ANTECIPADO - RPPS";"FOLHA DE PAGAMENTO";"2772.51";"2023";"L";"05/01/2023";"0";"01/01/2023";"31/01/2023";"23"
"UNIDADE DE GESTÃO DE ESPORTE E LAZER";"27";"DESPORTO E LAZER";"812";"DESPORTO COMUNITÁRIO";"2023";"267";"";"0";"0";"100012604";"FOLHA DE PAGAMENTO";"45780103000150";"";"0";"PROPRIA";"31901644";"SERVIÇOS EXTRAORDINÁRIOS";"FOLHA DE PAGAMENTO";"868.18";"2023";"L";"05/01/2023";"0";"01/01/2023";"31/01/2023";"23"
"UNIDADE DE GESTÃO DE NEG. JURÍDICOS E CIDADANIA";"4";"ADMINISTRAÇÃO";"122";"ADMINISTRAÇÃO GERAL";"2023";"268";"";"0";"0";"100010179";"FUNDO ESPECIAL DE DESPESA DO TRIBUNAL DE JUSTICA DO ESTADO DE SAO PAULO";"13847549000168";"";"0";"PROPRIA";"33903999";"OUTROS SERVICOS DE TERCEIROS - PESSOA JURIDICA";"OUTRAS TAXAS E TARIFAS.";"29.35";"2023";"L";"17/01/2023";"0";"01/01/2023";"31/01/2023";"6"
"UNIDADE DE GESTÃO DE NEG. JURÍDICOS E CIDADANIA";"4";"ADMINISTRAÇÃO";"122";"ADMINISTRAÇÃO GERAL";"2023";"269";"";"0";"0";"100012130";"TRIBUNAL DE JUSTIÇA DO ESTADO DE SAO PAULO-EPM";"51174001000193";"";"0";"PROPRIA";"33903999";"OUTROS SERVICOS DE TERCEIROS - PESSOA JURIDICA";"OUTRAS TAXAS E TARIFAS.";"513.9";"2023";"L";"09/01/2023";"0";"01/01/2023";"31/01/2023";"6"
"UNIDADE DE GESTÃO DE NEG. JURÍDICOS E CIDADANIA";"4";"ADMINISTRAÇÃO";"122";"ADMINISTRAÇÃO GERAL";"2023";"269";"";"0";"0";"100012130";"TRIBUNAL DE JUSTIÇA DO ESTADO DE SAO PAULO-EPM";"51174001000193";"";"0";"PROPRIA";"33903999";"OUTROS SERVICOS DE TERCEIROS - PESSOA JURIDICA";"OUTRAS TAXAS E TARIFAS.";"205.56";"2023";"L";"16/01/2023";"0";"01/01/2023";"31/01/2023";"6"
"UNIDADE DE GESTÃO DE CULTURA";"13";"CULTURA";"392";"DIFUSÃO CULTURAL";"2023";"270";"2023";"3";"1";"100044280";"GUILHERME ASTHMA ILUSTRACAOES LTDA ME";"37078826000183";"COMPRA DIRETA";"0";"PROPRIA";"33903999";"OUTROS SERVICOS DE TERCEIROS - PESSOA JURIDICA";"CRIACAO E PRODUCAO DE ARTE MURAL DE GRANDE FORMATO";"12614";"2023";"L";"17/01/2023";"0";"01/01/2023";"31/01/2023";"22"
"UNIDADE DE GESTÃO DE PROMOÇÃO DA SAÚDE";"10";"SAÚDE";"301";"ATENÇÃO BÁSICA";"2023";"271";"";"0";"0";"4001269";"HOSPITAL DE CARIDADE S.VICENTE DE PAULA";"50944198000130";"";"5002";"FUNDO NACIONAL DE SAUDE - PAB";"33503953";"SERVIÇOS MÉDICO-HOSPITALARES PRESTADOS NA ATENÇÃO";"SERVICOS DE SAUDE(P. JURIDICAS).";"2656735.18";"2023";"L";"25/01/2023";"0";"01/01/2023";"31/01/2023";"14"
"UNIDADE DE GESTÃO DE CULTURA";"4";"ADMINISTRAÇÃO";"122";"ADMINISTRAÇÃO GERAL";"2023";"277";"";"0";"0";"100047258";"PMJ-NAIARA SANCHES CONSENCIO";"35161138807";"";"0";"PROPRIA";"33903099";"OUTROS MATERIAIS DE CONSUMO";"ADIANTAMENTOS(SERVIDORES).";"340";"2023";"L";"06/01/2023";"0";"01/01/2023";"31/01/2023";"22"
"UNIDADE DE GESTÃO DE CULTURA";"4";"ADMINISTRAÇÃO";"122";"ADMINISTRAÇÃO GERAL";"2023";"278";"";"0";"0";"100047258";"PMJ-NAIARA SANCHES CONSENCIO";"35161138807";"";"0";"PROPRIA";"33903996";"";"ADIANTAMENTOS(SERVIDORES).";"800";"2023";"L";"06/01/2023";"0";"01/01/2023";"31/01/2023";"22"
"UNIDADE DE GESTÃO DE SEGURANÇA MUNICIPAL";"6";"SEGURANÇA PÚBLICA";"181";"POLICIAMENTO";"2023";"280";"";"0";"0";"100002650";"COMPANHIA PIRATININGA DE FORCA E LUZ";"04172213000151";"";"5701";"FUNDO MUNICIPAL DE ILUMINAÇÃO PUBLICA/CIP/LC988/14";"33903999";"OUTROS SERVICOS DE TERCEIROS - PESSOA JURIDICA";"ENERGIA ELETRICA(TAXAS E TAR.).";"10077.22";"2023";"L";"23/01/2023";"0";"01/01/2023";"31/01/2023";"19"
"UNIDADE GESTÃO DE ASSISTÊNCIA E DESENVOLV. SOCIAL";"8";"ASSISTÊNCIA SOCIAL";"244";"ASSISTÊNCIA COMUNITÁRIA";"2023";"285";"";"0";"0";"100043380";"ZULDY SOUSA LIMA";"15762271897";"";"0";"PROPRIA";"33904899";"DEMAIS AUXÍLIOS FINANCEIROS A PESSOAS FÍSICAS";"AUXILIO VULNERABILIDADE";"850";"2023";"L";"23/01/2023";"0";"01/01/2023";"31/01/2023";"15"
"UNIDADE GESTÃO DE ASSISTÊNCIA E DESENVOLV. SOCIAL";"8";"ASSISTÊNCIA SOCIAL";"244";"ASSISTÊNCIA COMUNITÁRIA";"2023";"286";"";"0";"0";"100045222";"MARILHA GABRIELA GONÇALVES FERREIRA";"53539700803";"";"0";"PROPRIA";"33904899";"DEMAIS AUXÍLIOS FINANCEIROS A PESSOAS FÍSICAS";"AUXILIO VULNERABILIDADE";"850";"2023";"L";"23/01/2023";"0";"01/01/2023";"31/01/2023";"15"
"UNIDADE GESTÃO DE ASSISTÊNCIA E DESENVOLV. SOCIAL";"8";"ASSISTÊNCIA SOCIAL";"244";"ASSISTÊNCIA COMUNITÁRIA";"2023";"287";"";"0";"0";"100044793";"PEDRO AUGUSTO FORTUNATO DE OLIVEIRA";"50442604874";"";"0";"PROPRIA";"33904899";"DEMAIS AUXÍLIOS FINANCEIROS A PESSOAS FÍSICAS";"AUXILIO VULNERABILIDADE";"850";"2023";"L";"23/01/2023";"0";"01/01/2023";"31/01/2023";"15"
"UNIDADE GESTÃO DE ASSISTÊNCIA E DESENVOLV. SOCIAL";"8";"ASSISTÊNCIA SOCIAL";"244";"ASSISTÊNCIA COMUNITÁRIA";"2023";"288";"";"0";"0";"100048544";"JONATHAN KAUE DOS SANTOS";"46280034836";"";"0";"PROPRIA";"33904899";"DEMAIS AUXÍLIOS FINANCEIROS A PESSOAS FÍSICAS";"AUXILIO VULNERABILIDADE";"850";"2023";"L";"23/01/2023";"0";"01/01/2023";"31/01/2023";"15"
"UNIDADE GESTÃO DE ASSISTÊNCIA E DESENVOLV. SOCIAL";"8";"ASSISTÊNCIA SOCIAL";"244";"ASSISTÊNCIA COMUNITÁRIA";"2023";"289";"";"0";"0";"100048755";"ELINEIDE NASCIMENTO DOS SANTOS";"02792251565";"";"0";"PROPRIA";"33904899";"DEMAIS AUXÍLIOS FINANCEIROS A PESSOAS FÍSICAS";"AUXILIO VULNERABILIDADE";"350";"2023";"L";"23/01/2023";"0";"01/01/2023";"31/01/2023";"15"
"UNIDADE GESTÃO DE ASSISTÊNCIA E DESENVOLV. SOCIAL";"8";"ASSISTÊNCIA SOCIAL";"244";"ASSISTÊNCIA COMUNITÁRIA";"2023";"290";"";"0";"0";"100048939";"PAOLA VIEIRA";"50442581807";"";"0";"PROPRIA";"33904899";"DEMAIS AUXÍLIOS FINANCEIROS A PESSOAS FÍSICAS";"AUXILIO VULNERABILIDADE";"850";"2023";"L";"23/01/2023";"0";"01/01/2023";"31/01/2023";"15"
"UNIDADE GESTÃO DE ASSISTÊNCIA E DESENVOLV. SOCIAL";"8";"ASSISTÊNCIA SOCIAL";"244";"ASSISTÊNCIA COMUNITÁRIA";"2023";"291";"";"0";"0";"100048351";"SILVANA BARBOSA PEREIRA";"15137803871";"";"0";"PROPRIA";"33904899";"DEMAIS AUXÍLIOS FINANCEIROS A PESSOAS FÍSICAS";"AUXILIO VULNERABILIDADE";"350";"2023";"L";"12/01/2023";"0";"01/01/2023";"31/01/2023";"15"
"UNIDADE GESTÃO DE ASSISTÊNCIA E DESENVOLV. SOCIAL";"8";"ASSISTÊNCIA SOCIAL";"244";"ASSISTÊNCIA COMUNITÁRIA";"2023";"292";"";"0";"0";"100047605";"CAROLAINE ESTEVÃO DOS SANTOS";"07568643565";"";"0";"PROPRIA";"33904899";"DEMAIS AUXÍLIOS FINANCEIROS A PESSOAS FÍSICAS";"AUXILIO VULNERABILIDADE";"850";"2023";"L";"12/01/2023";"0";"01/01/2023";"31/01/2023";"15"
"UNIDADE GESTÃO DE ASSISTÊNCIA E DESENVOLV. SOCIAL";"8";"ASSISTÊNCIA SOCIAL";"244";"ASSISTÊNCIA COMUNITÁRIA";"2023";"293";"";"0";"0";"100042581";"ELIANE CRISTINA MIRANDA DA SILVA";"42820226809";"";"0";"PROPRIA";"33904899";"DEMAIS AUXÍLIOS FINANCEIROS A PESSOAS FÍSICAS";"AUXILIO VULNERABILIDADE";"500";"2023";"L";"16/01/2023";"0";"01/01/2023";"31/01/2023";"15"
"UNIDADE GESTÃO DE ASSISTÊNCIA E DESENVOLV. SOCIAL";"8";"ASSISTÊNCIA SOCIAL";"244";"ASSISTÊNCIA COMUNITÁRIA";"2023";"294";"";"0";"0";"100048891";"TAMIRES DOS SANTOS";"36108431873";"";"0";"PROPRIA";"33904899";"DEMAIS AUXÍLIOS FINANCEIROS A PESSOAS FÍSICAS";"AUXILIO VULNERABILIDADE";"350";"2023";"L";"16/01/2023";"0";"01/01/2023";"31/01/2023";"15"
"UNIDADE GESTÃO DE ASSISTÊNCIA E DESENVOLV. SOCIAL";"8";"ASSISTÊNCIA SOCIAL";"244";"ASSISTÊNCIA COMUNITÁRIA";"2023";"295";"";"0";"0";"100035173";"LARISSA FERNANDA ALVES DE LIMA";"42813666874";"";"0";"PROPRIA";"33904899";"DEMAIS AUXÍLIOS FINANCEIROS A PESSOAS FÍSICAS";"AUXILIO VULNERABILIDADE";"350";"2023";"L";"16/01/2023";"0";"01/01/2023";"31/01/2023";"15"
"UNIDADE GESTÃO DE ASSISTÊNCIA E DESENVOLV. SOCIAL";"8";"ASSISTÊNCIA SOCIAL";"244";"ASSISTÊNCIA COMUNITÁRIA";"2023";"296";"";"0";"0";"100048178";"JENIFFER CARLOS DA SILVA";"37911940894";"";"0";"PROPRIA";"33904899";"DEMAIS AUXÍLIOS FINANCEIROS A PESSOAS FÍSICAS";"AUXILIO VULNERABILIDADE";"850";"2023";"L";"16/01/2023";"0";"01/01/2023";"31/01/2023";"15"
"UNIDADE DE GESTÃO DE PROMOÇÃO DA SAÚDE";"10";"SAÚDE";"301";"ATENÇÃO BÁSICA";"2023";"297";"";"0";"0";"100019182";"INSTITUTO IE ARUANDE";"11484697000130";"";"0";"PROPRIA";"33503952";"SERVIÇOS MÉDICO-HOSPITALARES PRESTADOS EM UNIDADES";"SERVICOS DE SAUDE(P. JURIDICAS).";"25600";"2023";"L";"11/01/2023";"0";"01/01/2023";"31/01/2023";"14"
"UNIDADE DE GESTÃO DE PROMOÇÃO DA SAÚDE";"10";"SAÚDE";"301";"ATENÇÃO BÁSICA";"2023";"300";"";"0";"0";"100019182";"INSTITUTO IE ARUANDE";"11484697000130";"";"5002";"FUNDO NACIONAL DE SAUDE - PAB";"33503952";"SERVIÇOS MÉDICO-HOSPITALARES PRESTADOS EM UNIDADES";"SERVICOS DE SAUDE(P. JURIDICAS).";"35200";"2023";"L";"11/01/2023";"0";"01/01/2023";"31/01/2023";"14"
"UNIDADE DE GESTÃO DE PROMOÇÃO DA SAÚDE";"10";"SAÚDE";"302";"ASSISTÊNCIA HOSPITALAR E AMBULATORIAL";"2023";"303";"";"0";"0";"1091917";"GRP EM DEF.DA CRIANCA C/ CANCER GRENDACC";"00797397000194";"";"5001";"FUNDO NACIONAL DE SAUDE - MS/SAS";"33503952";"SERVIÇOS MÉDICO-HOSPITALARES PRESTADOS EM UNIDADES";"SERVICOS DE SAUDE(P. JURIDICAS).";"13354.76";"2023";"L";"09/01/2023";"0";"01/01/2023";"31/01/2023";"14"
"UNIDADE DE GESTÃO DE PROMOÇÃO DA SAÚDE";"10";"SAÚDE";"302";"ASSISTÊNCIA HOSPITALAR E AMBULATORIAL";"2023";"304";"";"0";"0";"4040592";"ASSOC.PAIS E AMIGOS DOS EXCEP.APAE JUND.";"50956440000195";"";"5001";"FUNDO NACIONAL DE SAUDE - MS/SAS";"33503952";"SERVIÇOS MÉDICO-HOSPITALARES PRESTADOS EM UNIDADES";"SERVICOS DE SAUDE(P. JURIDICAS).";"71278.08";"2023";"L";"16/01/2023";"0";"01/01/2023";"31/01/2023";"14"
"UNIDADE DE GESTÃO DE PROMOÇÃO DA SAÚDE";"10";"SAÚDE";"302";"ASSISTÊNCIA HOSPITALAR E AMBULATORIAL";"2023";"304";"";"0";"0";"4040592";"ASSOC.PAIS E AMIGOS DOS EXCEP.APAE JUND.";"50956440000195";"";"5001";"FUNDO NACIONAL DE SAUDE - MS/SAS";"33503952";"SERVIÇOS MÉDICO-HOSPITALARES PRESTADOS EM UNIDADES";"SERVICOS DE SAUDE(P. JURIDICAS).";"71278.08";"2023";"L";"30/01/2023";"0";"01/01/2023";"31/01/2023";"14"
"UNIDADE DE GESTÃO DE PROMOÇÃO DA SAÚDE";"10";"SAÚDE";"302";"ASSISTÊNCIA HOSPITALAR E AMBULATORIAL";"2023";"305";"";"0";"0";"4040592";"ASSOC.PAIS E AMIGOS DOS EXCEP.APAE JUND.";"50956440000195";"";"0";"PROPRIA";"33503952";"SERVIÇOS MÉDICO-HOSPITALARES PRESTADOS EM UNIDADES";"SERVICOS DE SAUDE(P. JURIDICAS).";"10500";"2023";"L";"16/01/2023";"0";"01/01/2023";"31/01/2023";"14"
"UNIDADE DE GESTÃO DE PROMOÇÃO DA SAÚDE";"10";"SAÚDE";"302";"ASSISTÊNCIA HOSPITALAR E AMBULATORIAL";"2023";"305";"";"0";"0";"4040592";"ASSOC.PAIS E AMIGOS DOS EXCEP.APAE JUND.";"50956440000195";"";"0";"PROPRIA";"33503952";"SERVIÇOS MÉDICO-HOSPITALARES PRESTADOS EM UNIDADES";"SERVICOS DE SAUDE(P. JURIDICAS).";"10500";"2023";"L";"30/01/2023";"0";"01/01/2023";"31/01/2023";"14"
"UNIDADE DE GESTÃO DE PROMOÇÃO DA SAÚDE";"10";"SAÚDE";"302";"ASSISTÊNCIA HOSPITALAR E AMBULATORIAL";"2023";"306";"";"0";"0";"1091917";"GRP EM DEF.DA CRIANCA C/ CANCER GRENDACC";"00797397000194";"";"0";"PROPRIA";"33503952";"SERVIÇOS MÉDICO-HOSPITALARES PRESTADOS EM UNIDADES";"SERVICOS DE SAUDE(P. JURIDICAS).";"2349.69";"2023";"L";"09/01/2023";"0";"01/01/2023";"31/01/2023";"14"
"UNIDADE DE GESTÃO DE EDUCAÇÃO";"12";"EDUCAÇÃO";"306";"ALIMENTAÇÃO E NUTRIÇÃO";"2023";"310";"2018";"87";"14";"100006938";"A.C.DE O. CARDOSO PAISAGISMO LTDA";"06334537000174";"PREGÃO ELETRÔNICO";"6108";"QUOTA DO SALARIO EDUCACAO";"33903905";"SERVICOS TECNICOS PROFISSIONAIS";"SERVICOS AGRICOLAS";"77000";"2023";"L";"16/01/2023";"0";"01/01/2023";"31/01/2023";"13"
"UNIDADE DE GESTÃO DA CASA CIVIL";"6";"SEGURANÇA PÚBLICA";"181";"POLICIAMENTO";"2023";"312";"";"0";"0";"100002650";"COMPANHIA PIRATININGA DE FORCA E LUZ";"04172213000151";"";"0";"PROPRIA";"33903999";"OUTROS SERVICOS DE TERCEIROS - PESSOA JURIDICA";"ENERGIA ELETRICA(TAXAS E TAR.).";"691.21";"2023";"L";"18/01/2023";"0";"01/01/2023";"31/01/2023";"3"
"UNIDADE DE GESTÃO DA CASA CIVIL";"6";"SEGURANÇA PÚBLICA";"181";"POLICIAMENTO";"2023";"314";"";"0";"0";"100002650";"COMPANHIA PIRATININGA DE FORCA E LUZ";"04172213000151";"";"0";"PROPRIA";"33903999";"OUTROS SERVICOS DE TERCEIROS - PESSOA JURIDICA";"ENERGIA ELETRICA(TAXAS E TAR.).";"26.54";"2023";"L";"10/01/2023";"0";"01/01/2023";"31/01/2023";"3"
"UNIDADE DE GESTÃO DA CASA CIVIL";"6";"SEGURANÇA PÚBLICA";"181";"POLICIAMENTO";"2023";"315";"";"0";"0";"100002650";"COMPANHIA PIRATININGA DE FORCA E LUZ";"04172213000151";"";"0";"PROPRIA";"33903999";"OUTROS SERVICOS DE TERCEIROS - PESSOA JURIDICA";"ENERGIA ELETRICA(TAXAS E TAR.).";"1058.21";"2023";"L";"26/01/2023";"0";"01/01/2023";"31/01/2023";"3"
"UNIDADE DE GESTÃO DE EDUCAÇÃO";"12";"EDUCAÇÃO";"361";"ENSINO FUNDAMENTAL";"2023";"318";"2022";"38";"4";"100047389";"REVIEW CONSTRUTORA E INCORPORADORA EIRELI EPP";"07395324000115";"CONVITE-OBRAS";"0";"PROPRIA";"44905199";"OUTRAS OBRAS E INSTALACOES";"OBRA DE MANUTENCAO E REFORMA EM PREDIOS ESCOLARES";"40115.68";"2023";"L";"12/01/2023";"0";"01/01/2023";"31/01/2023";"13"
"UNIDADE DE GESTÃO DE GOVERNO E FINANÇAS";"28";"ENCARGOS ESPECIAIS";"846";"OUTROS ENCARGOS ESPECIAIS";"2023";"319";"";"0";"0";"100049079";"JOÃO PAULO DE ALMEIDA PEREIRA";"21876458860";"";"0";"PROPRIA";"33909115";"SENTENÇAS JUDICIAIS DE PEQUENO VALOR";"DESPESAS OBRIGATORIAS E/OU JUDICIAIS(P. FISICAS).";"3812.54";"2023";"L";"09/01/2023";"0";"01/01/2023";"31/01/2023";"8"
"UNIDADE DE GESTÃO DE GOVERNO E FINANÇAS";"28";"ENCARGOS ESPECIAIS";"846";"OUTROS ENCARGOS ESPECIAIS";"2023";"324";"";"0";"0";"100049080";"JOSE MASCARENHAS";"31118285816";"";"0";"PROPRIA";"33909115";"SENTENÇAS JUDICIAIS DE PEQUENO VALOR";"DESPESAS OBRIGATORIAS E/OU JUDICIAIS(P. FISICAS).";"26887.61";"2023";"L";"09/01/2023";"0";"01/01/2023";"31/01/2023";"8"
"UNIDADE DE GESTÃO DE GOVERNO E FINANÇAS";"28";"ENCARGOS ESPECIAIS";"846";"OUTROS ENCARGOS ESPECIAIS";"2023";"325";"";"0";"0";"100049071";"CRISTIANE HENRIQUES";"25559261866";"";"0";"PROPRIA";"33909115";"SENTENÇAS JUDICIAIS DE PEQUENO VALOR";"DESPESAS OBRIGATORIAS E/OU JUDICIAIS(P. FISICAS).";"7976.09";"2023";"L";"06/01/2023";"0";"01/01/2023";"31/01/2023";"8"
"UNIDADE DE GESTÃO DE GOVERNO E FINANÇAS";"28";"ENCARGOS ESPECIAIS";"846";"OUTROS ENCARGOS ESPECIAIS";"2023";"326";"";"0";"0";"100049072";"CARLA REGINA ALVES RIBEIRO";"35362555820";"";"0";"PROPRIA";"33909115";"SENTENÇAS JUDICIAIS DE PEQUENO VALOR";"DESPESAS OBRIGATORIAS E/OU JUDICIAIS(P. FISICAS).";"6311.01";"2023";"L";"06/01/2023";"0";"01/01/2023";"31/01/2023";"8"
"UNIDADE DE GESTÃO DE GOVERNO E FINANÇAS";"28";"ENCARGOS ESPECIAIS";"846";"OUTROS ENCARGOS ESPECIAIS";"2023";"327";"";"0";"0";"100043968";"ROBERTO MAGALHÃES COTARELLI";"16764518890";"";"0";"PROPRIA";"33909115";"SENTENÇAS JUDICIAIS DE PEQUENO VALOR";"DESPESAS OBRIGATORIAS E/OU JUDICIAIS(P. FISICAS).";"7366.73";"2023";"L";"06/01/2023";"0";"01/01/2023";"31/01/2023";"8"
"UNIDADE DE GESTÃO DE GOVERNO E FINANÇAS";"28";"ENCARGOS ESPECIAIS";"846";"OUTROS ENCARGOS ESPECIAIS";"2023";"328";"";"0";"0";"100049073";"DERCI DA CUNHA CAMPOS";"05620545881";"";"0";"PROPRIA";"33909115";"SENTENÇAS JUDICIAIS DE PEQUENO VALOR";"DESPESAS OBRIGATORIAS E/OU JUDICIAIS(P. FISICAS).";"3793.93";"2023";"L";"06/01/2023";"0";"01/01/2023";"31/01/2023";"8"
"UNIDADE DE GESTÃO DE GOVERNO E FINANÇAS";"28";"ENCARGOS ESPECIAIS";"846";"OUTROS ENCARGOS ESPECIAIS";"2023";"329";"";"0";"0";"100030202";"FERNANDA RODRIGUES DE CAMARGO";"26326988802";"";"0";"PROPRIA";"33909115";"SENTENÇAS JUDICIAIS DE PEQUENO VALOR";"DESPESAS OBRIGATORIAS E/OU JUDICIAIS(P. FISICAS).";"6878.83";"2023";"L";"06/01/2023";"0";"01/01/2023";"31/01/2023";"8"
"UNIDADE DE GESTÃO DE GOVERNO E FINANÇAS";"28";"ENCARGOS ESPECIAIS";"846";"OUTROS ENCARGOS ESPECIAIS";"2023";"330";"";"0";"0";"100030202";"FERNANDA RODRIGUES DE CAMARGO";"26326988802";"";"0";"PROPRIA";"33909115";"SENTENÇAS JUDICIAIS DE PEQUENO VALOR";"DESPESAS OBRIGATORIAS E/OU JUDICIAIS(P. FISICAS).";"695.18";"2023";"L";"06/01/2023";"0";"01/01/2023";"31/01/2023";"8"
"UNIDADE DE GESTÃO DE GOVERNO E FINANÇAS";"28";"ENCARGOS ESPECIAIS";"846";"OUTROS ENCARGOS ESPECIAIS";"2023";"331";"";"0";"0";"100049074";"LAURA RIZZI RANCOLETA";"07963862851";"";"0";"PROPRIA";"33909115";"SENTENÇAS JUDICIAIS DE PEQUENO VALOR";"DESPESAS OBRIGATORIAS E/OU JUDICIAIS(P. FISICAS).";"14486.63";"2023";"L";"06/01/2023";"0";"01/01/2023";"31/01/2023";"8"
"UNIDADE DE GESTÃO DE GOVERNO E FINANÇAS";"28";"ENCARGOS ESPECIAIS";"846";"OUTROS ENCARGOS ESPECIAIS";"2023";"332";"";"0";"0";"100049075";"PAULO ROBERTO RIBEIRO DE LIMA";"29145530807";"";"0";"PROPRIA";"33909115";"SENTENÇAS JUDICIAIS DE PEQUENO VALOR";"DESPESAS OBRIGATORIAS E/OU JUDICIAIS(P. FISICAS).";"4936.21";"2023";"L";"06/01/2023";"0";"01/01/2023";"31/01/2023";"8"
"UNIDADE DE GESTÃO DE GOVERNO E FINANÇAS";"28";"ENCARGOS ESPECIAIS";"846";"OUTROS ENCARGOS ESPECIAIS";"2023";"333";"";"0";"0";"100046962";"SEDA ADVOGADOS";"36901301000133";"";"0";"PROPRIA";"33909115";"SENTENÇAS JUDICIAIS DE PEQUENO VALOR";"DESPESAS OBRIGATORIAS E/OU JUDICIAIS(P. JURIDICAS).";"1538.49";"2023";"L";"06/01/2023";"0";"01/01/2023";"31/01/2023";"8"
"UNIDADE DE GESTÃO DE PROMOÇÃO DA SAÚDE";"10";"SAÚDE";"302";"ASSISTÊNCIA HOSPITALAR E AMBULATORIAL";"2023";"334";"";"0";"0";"1091917";"GRP EM DEF.DA CRIANCA C/ CANCER GRENDACC";"00797397000194";"";"0";"PROPRIA";"33503952";"SERVIÇOS MÉDICO-HOSPITALARES PRESTADOS EM UNIDADES";"SERVICOS DE SAUDE(P. JURIDICAS).";"4550";"2023";"L";"09/01/2023";"0";"01/01/2023";"31/01/2023";"14"
"UNIDADE DE GESTÃO DE PROMOÇÃO DA SAÚDE";"10";"SAÚDE";"302";"ASSISTÊNCIA HOSPITALAR E AMBULATORIAL";"2023";"335";"";"0";"0";"1008036";"ASSOC DE EDUCACAO TERAPEUTICA  AMARATI";"51910578000116";"";"5001";"FUNDO NACIONAL DE SAUDE - MS/SAS";"33503952";"SERVIÇOS MÉDICO-HOSPITALARES PRESTADOS EM UNIDADES";"SERVICOS DE SAUDE(P. JURIDICAS).";"36846.57";"2023";"L";"19/01/2023";"0";"01/01/2023";"31/01/2023";"14"
"UNIDADE DE GESTÃO DE PROMOÇÃO DA SAÚDE";"10";"SAÚDE";"302";"ASSISTÊNCIA HOSPITALAR E AMBULATORIAL";"2023";"335";"";"0";"0";"1008036";"ASSOC DE EDUCACAO TERAPEUTICA  AMARATI";"51910578000116";"";"5001";"FUNDO NACIONAL DE SAUDE - MS/SAS";"33503952";"SERVIÇOS MÉDICO-HOSPITALARES PRESTADOS EM UNIDADES";"SERVICOS DE SAUDE(P. JURIDICAS).";"36846.57";"2023";"L";"30/01/2023";"0";"01/01/2023";"31/01/2023";"14"
"UNIDADE DE GESTÃO DE GOVERNO E FINANÇAS";"28";"ENCARGOS ESPECIAIS";"846";"OUTROS ENCARGOS ESPECIAIS";"2023";"336";"";"0";"0";"100049076";"BENEDITO JOÃO LEME DO PRADO";"09449800820";"";"0";"PROPRIA";"33909115";"SENTENÇAS JUDICIAIS DE PEQUENO VALOR";"DESPESAS OBRIGATORIAS E/OU JUDICIAIS(P. FISICAS).";"12004.65";"2023";"L";"06/01/2023";"0";"01/01/2023";"31/01/2023";"8"
"UNIDADE DE GESTÃO DE GOVERNO E FINANÇAS";"28";"ENCARGOS ESPECIAIS";"846";"OUTROS ENCARGOS ESPECIAIS";"2023";"337";"";"0";"0";"100049077";"JACI JOSÉ CARDOSO ALVES";"51744040044";"";"0";"PROPRIA";"33909115";"SENTENÇAS JUDICIAIS DE PEQUENO VALOR";"DESPESAS OBRIGATORIAS E/OU JUDICIAIS(P. FISICAS).";"7304.74";"2023";"L";"06/01/2023";"0";"01/01/2023";"31/01/2023";"8"
"UNIDADE DE GESTÃO DE GOVERNO E FINANÇAS";"28";"ENCARGOS ESPECIAIS";"846";"OUTROS ENCARGOS ESPECIAIS";"2023";"338";"";"0";"0";"100032095";"FERNANDO DE BARROS";"22050332807";"";"0";"PROPRIA";"33909115";"SENTENÇAS JUDICIAIS DE PEQUENO VALOR";"DESPESAS OBRIGATORIAS E/OU JUDICIAIS(P. FISICAS).";"7224.71";"2023";"L";"06/01/2023";"0";"01/01/2023";"31/01/2023";"8"
"UNIDADE DE GESTÃO DE GOVERNO E FINANÇAS";"28";"ENCARGOS ESPECIAIS";"846";"OUTROS ENCARGOS ESPECIAIS";"2023";"339";"";"0";"0";"100028506";"SAMUEL DA SILVA SANSON";"32125768801";"";"0";"PROPRIA";"33909115";"SENTENÇAS JUDICIAIS DE PEQUENO VALOR";"DESPESAS OBRIGATORIAS E/OU JUDICIAIS(P. FISICAS).";"14687.9";"2023";"L";"06/01/2023";"0";"01/01/2023";"31/01/2023";"8"
"UNIDADE DE GESTÃO DE PROMOÇÃO DA SAÚDE";"10";"SAÚDE";"302";"ASSISTÊNCIA HOSPITALAR E AMBULATORIAL";"2023";"340";"";"0";"0";"1008036";"ASSOC DE EDUCACAO TERAPEUTICA  AMARATI";"51910578000116";"";"0";"PROPRIA";"33503952";"SERVIÇOS MÉDICO-HOSPITALARES PRESTADOS EM UNIDADES";"SERVICOS DE SAUDE(P. JURIDICAS).";"12600";"2023";"L";"19/01/2023";"0";"01/01/2023";"31/01/2023";"14"
"UNIDADE DE GESTÃO DE PROMOÇÃO DA SAÚDE";"10";"SAÚDE";"302";"ASSISTÊNCIA HOSPITALAR E AMBULATORIAL";"2023";"340";"";"0";"0";"1008036";"ASSOC DE EDUCACAO TERAPEUTICA  AMARATI";"51910578000116";"";"0";"PROPRIA";"33503952";"SERVIÇOS MÉDICO-HOSPITALARES PRESTADOS EM UNIDADES";"SERVICOS DE SAUDE(P. JURIDICAS).";"12600";"2023";"L";"30/01/2023";"0";"01/01/2023";"31/01/2023";"14"
"UNIDADE DE GESTÃO DE GOVERNO E FINANÇAS";"28";"ENCARGOS ESPECIAIS";"846";"OUTROS ENCARGOS ESPECIAIS";"2023";"344";"";"0";"0";"100049057";"SILVIA MARIA VOLTATODIO DE CASTRO LEITE";"32041751894";"";"5403";"FUNDO MUNICIPAL DE TRANSITO - MULTAS";"33909302";"RESTITUICOES";"INDENIZACOES E/OU RESSARCIMENTOS(P. FISICA).";"39.05";"2023";"L";"09/01/2023";"0";"01/01/2023";"31/01/2023";"8"
"UNIDADE DE GESTÃO DE GOVERNO E FINANÇAS";"28";"ENCARGOS ESPECIAIS";"846";"OUTROS ENCARGOS ESPECIAIS";"2023";"345";"";"0";"0";"100049056";"VANESSA MELLO DA SILVA";"01728507200";"";"5403";"FUNDO MUNICIPAL DE TRANSITO - MULTAS";"33909302";"RESTITUICOES";"INDENIZACOES E/OU RESSARCIMENTOS(P. FISICA).";"104.12";"2023";"L";"09/01/2023";"0";"01/01/2023";"31/01/2023";"8"
"UNIDADE DE GESTÃO DE GOVERNO E FINANÇAS";"28";"ENCARGOS ESPECIAIS";"846";"OUTROS ENCARGOS ESPECIAIS";"2023";"346";"";"0";"0";"100049058";"GABRIEL GIMENES LEME";"39477212857";"";"5403";"FUNDO MUNICIPAL DE TRANSITO - MULTAS";"33909302";"RESTITUICOES";"INDENIZACOES E/OU RESSARCIMENTOS(P. FISICA).";"104.12";"2023";"L";"09/01/2023";"0";"01/01/2023";"31/01/2023";"8"
"UNIDADE DE GESTÃO DE GOVERNO E FINANÇAS";"28";"ENCARGOS ESPECIAIS";"846";"OUTROS ENCARGOS ESPECIAIS";"2023";"347";"";"0";"0";"100049058";"GABRIEL GIMENES LEME";"39477212857";"";"5403";"FUNDO MUNICIPAL DE TRANSITO - MULTAS";"33909302";"RESTITUICOES";"INDENIZACOES E/OU RESSARCIMENTOS(P. FISICA).";"104.12";"2023";"L";"09/01/2023";"0";"01/01/2023";"31/01/2023";"8"
"UNIDADE DE GESTÃO DE GOVERNO E FINANÇAS";"28";"ENCARGOS ESPECIAIS";"846";"OUTROS ENCARGOS ESPECIAIS";"2023";"348";"";"0";"0";"100045275";"KATIA DA SILVA FRANCO";"13756510808";"";"5403";"FUNDO MUNICIPAL DE TRANSITO - MULTAS";"33909302";"RESTITUICOES";"INDENIZACOES E/OU RESSARCIMENTOS(P. FISICA).";"130.16";"2023";"L";"09/01/2023";"0";"01/01/2023";"31/01/2023";"8"
"UNIDADE DE GESTÃO DE PROMOÇÃO DA SAÚDE";"10";"SAÚDE";"302";"ASSISTÊNCIA HOSPITALAR E AMBULATORIAL";"2023";"350";"";"0";"0";"1008168";"ASSOC TERAP DE ESTIMO AUDITIVA E LINGUAGEM";"51910842000111";"";"5001";"FUNDO NACIONAL DE SAUDE - MS/SAS";"33503953";"SERVIÇOS MÉDICO-HOSPITALARES PRESTADOS NA ATENÇÃO";"SERVICOS DE SAUDE(P. JURIDICAS).";"141601.82";"2023";"L";"09/01/2023";"0";"01/01/2023";"31/01/2023";"14"
"UNIDADE DE GESTÃO DE PROMOÇÃO DA SAÚDE";"10";"SAÚDE";"302";"ASSISTÊNCIA HOSPITALAR E AMBULATORIAL";"2023";"350";"";"0";"0";"1008168";"ASSOC TERAP DE ESTIMO AUDITIVA E LINGUAGEM";"51910842000111";"";"5001";"FUNDO NACIONAL DE SAUDE - MS/SAS";"33503953";"SERVIÇOS MÉDICO-HOSPITALARES PRESTADOS NA ATENÇÃO";"SERVICOS DE SAUDE(P. JURIDICAS).";"141601.82";"2023";"L";"30/01/2023";"0";"01/01/2023";"31/01/2023";"14"
"UNIDADE DE GESTÃO DE PROMOÇÃO DA SAÚDE";"10";"SAÚDE";"302";"ASSISTÊNCIA HOSPITALAR E AMBULATORIAL";"2023";"354";"";"0";"0";"1008168";"ASSOC TERAP DE ESTIMO AUDITIVA E LINGUAGEM";"51910842000111";"";"0";"PROPRIA";"33503953";"SERVIÇOS MÉDICO-HOSPITALARES PRESTADOS NA ATENÇÃO";"SERVICOS DE SAUDE(P. JURIDICAS).";"33308.92";"2023";"L";"09/01/2023";"0";"01/01/2023";"31/01/2023";"14"
"UNIDADE DE GESTÃO DE PROMOÇÃO DA SAÚDE";"10";"SAÚDE";"302";"ASSISTÊNCIA HOSPITALAR E AMBULATORIAL";"2023";"354";"";"0";"0";"1008168";"ASSOC TERAP DE ESTIMO AUDITIVA E LINGUAGEM";"51910842000111";"";"0";"PROPRIA";"33503953";"SERVIÇOS MÉDICO-HOSPITALARES PRESTADOS NA ATENÇÃO";"SERVICOS DE SAUDE(P. JURIDICAS).";"33308.92";"2023";"L";"30/01/2023";"0";"01/01/2023";"31/01/2023";"14"
"UNIDADE DE GESTÃO DE PROMOÇÃO DA SAÚDE";"10";"SAÚDE";"302";"ASSISTÊNCIA HOSPITALAR E AMBULATORIAL";"2023";"355";"";"0";"0";"1008168";"ASSOC TERAP DE ESTIMO AUDITIVA E LINGUAGEM";"51910842000111";"";"0";"PROPRIA";"33503953";"SERVIÇOS MÉDICO-HOSPITALARES PRESTADOS NA ATENÇÃO";"SERVICOS DE SAUDE(P. JURIDICAS).";"9030";"2023";"L";"09/01/2023";"0";"01/01/2023";"31/01/2023";"14"
"UNIDADE DE GESTÃO DE PROMOÇÃO DA SAÚDE";"10";"SAÚDE";"302";"ASSISTÊNCIA HOSPITALAR E AMBULATORIAL";"2023";"355";"";"0";"0";"1008168";"ASSOC TERAP DE ESTIMO AUDITIVA E LINGUAGEM";"51910842000111";"";"0";"PROPRIA";"33503953";"SERVIÇOS MÉDICO-HOSPITALARES PRESTADOS NA ATENÇÃO";"SERVICOS DE SAUDE(P. JURIDICAS).";"9030";"2023";"L";"30/01/2023";"0";"01/01/2023";"31/01/2023";"14"
"UNIDADE DE GESTÃO DE PROMOÇÃO DA SAÚDE";"10";"SAÚDE";"302";"ASSISTÊNCIA HOSPITALAR E AMBULATORIAL";"2023";"358";"";"0";"0";"4035113";"CENTRO ATEND.A SINDROME DE DOWN BEM-TE-VI";"59035642000179";"";"5001";"FUNDO NACIONAL DE SAUDE - MS/SAS";"33503952";"SERVIÇOS MÉDICO-HOSPITALARES PRESTADOS EM UNIDADES";"SERVICOS DE SAUDE(P. JURIDICAS).";"12648.26";"2023";"L";"09/01/2023";"0";"01/01/2023";"31/01/2023";"14"
"UNIDADE DE GESTÃO DE PROMOÇÃO DA SAÚDE";"10";"SAÚDE";"302";"ASSISTÊNCIA HOSPITALAR E AMBULATORIAL";"2023";"358";"";"0";"0";"4035113";"CENTRO ATEND.A SINDROME DE DOWN BEM-TE-VI";"59035642000179";"";"5001";"FUNDO NACIONAL DE SAUDE - MS/SAS";"33503952";"SERVIÇOS MÉDICO-HOSPITALARES PRESTADOS EM UNIDADES";"SERVICOS DE SAUDE(P. JURIDICAS).";"12648.26";"2023";"L";"30/01/2023";"0";"01/01/2023";"31/01/2023";"14"
"UNIDADE DE GESTÃO DE PROMOÇÃO DA SAÚDE";"10";"SAÚDE";"302";"ASSISTÊNCIA HOSPITALAR E AMBULATORIAL";"2023";"359";"";"0";"0";"4035113";"CENTRO ATEND.A SINDROME DE DOWN BEM-TE-VI";"59035642000179";"";"0";"PROPRIA";"33503952";"SERVIÇOS MÉDICO-HOSPITALARES PRESTADOS EM UNIDADES";"SERVICOS DE SAUDE(P. JURIDICAS).";"130.76";"2023";"L";"09/01/2023";"0";"01/01/2023";"31/01/2023";"14"
"UNIDADE DE GESTÃO DE PROMOÇÃO DA SAÚDE";"10";"SAÚDE";"302";"ASSISTÊNCIA HOSPITALAR E AMBULATORIAL";"2023";"359";"";"0";"0";"4035113";"CENTRO ATEND.A SINDROME DE DOWN BEM-TE-VI";"59035642000179";"";"0";"PROPRIA";"33503952";"SERVIÇOS MÉDICO-HOSPITALARES PRESTADOS EM UNIDADES";"SERVICOS DE SAUDE(P. JURIDICAS).";"130.76";"2023";"L";"30/01/2023";"0";"01/01/2023";"31/01/2023";"14"
"UNIDADE DE GESTÃO DE PROMOÇÃO DA SAÚDE";"10";"SAÚDE";"302";"ASSISTÊNCIA HOSPITALAR E AMBULATORIAL";"2023";"360";"";"0";"0";"4035113";"CENTRO ATEND.A SINDROME DE DOWN BEM-TE-VI";"59035642000179";"";"0";"PROPRIA";"33503952";"SERVIÇOS MÉDICO-HOSPITALARES PRESTADOS EM UNIDADES";"SERVICOS DE SAUDE(P. JURIDICAS).";"700";"2023";"L";"09/01/2023";"0";"01/01/2023";"31/01/2023";"14"
"UNIDADE DE GESTÃO DE PROMOÇÃO DA SAÚDE";"10";"SAÚDE";"302";"ASSISTÊNCIA HOSPITALAR E AMBULATORIAL";"2023";"360";"";"0";"0";"4035113";"CENTRO ATEND.A SINDROME DE DOWN BEM-TE-VI";"59035642000179";"";"0";"PROPRIA";"33503952";"SERVIÇOS MÉDICO-HOSPITALARES PRESTADOS EM UNIDADES";"SERVICOS DE SAUDE(P. JURIDICAS).";"700";"2023";"L";"30/01/2023";"0";"01/01/2023";"31/01/2023";"14"
"UNIDADE DE GESTÃO DE PROMOÇÃO DA SAÚDE";"10";"SAÚDE";"302";"ASSISTÊNCIA HOSPITALAR E AMBULATORIAL";"2023";"362";"";"0";"0";"100020704";"INST.JUND.LUIZ BRAILLE DE ASSIST.AO DEFIC.DA VISAO";"50958859000267";"";"5001";"FUNDO NACIONAL DE SAUDE - MS/SAS";"33503956";"OUTROS SERVIÇOS DE ASSISTÊNCIA À SAÚDE";"SERVICOS DE SAUDE(P. JURIDICAS).";"10106.22";"2023";"L";"09/01/2023";"0";"01/01/2023";"31/01/2023";"14"
"UNIDADE DE GESTÃO DE PROMOÇÃO DA SAÚDE";"10";"SAÚDE";"302";"ASSISTÊNCIA HOSPITALAR E AMBULATORIAL";"2023";"363";"";"0";"0";"100020704";"INST.JUND.LUIZ BRAILLE DE ASSIST.AO DEFIC.DA VISAO";"50958859000267";"";"0";"PROPRIA";"33503956";"OUTROS SERVIÇOS DE ASSISTÊNCIA À SAÚDE";"SERVICOS DE SAUDE(P. JURIDICAS).";"1540";"2023";"L";"09/01/2023";"0";"01/01/2023";"31/01/2023";"14"
"UNIDADE GESTÃO DE PLANEJ. URBANO E MEIO AMBIENTE";"4";"ADMINISTRAÇÃO";"122";"ADMINISTRAÇÃO GERAL";"2023";"365";"";"0";"0";"100040086";"PMJ-PATRICIA DE FREITAS DUARTE";"21043366865";"";"0";"PROPRIA";"33903099";"OUTROS MATERIAIS DE CONSUMO";"ADIANTAMENTOS(SERVIDORES).";"100";"2023";"L";"06/01/2023";"0";"01/01/2023";"31/01/2023";"11"
"UNIDADE DE GESTÃO DE PROMOÇÃO DA SAÚDE";"10";"SAÚDE";"302";"ASSISTÊNCIA HOSPITALAR E AMBULATORIAL";"2023";"366";"";"0";"0";"100002020";"CTO.ESPEC.TRAT.DEP.ALCOOL E DROGAS CEAD";"03302793000191";"";"0";"PROPRIA";"33503956";"OUTROS SERVIÇOS DE ASSISTÊNCIA À SAÚDE";"SERVICOS DE SAUDE(P. JURIDICAS).";"60398.59";"2023";"L";"09/01/2023";"0";"01/01/2023";"31/01/2023";"14"
"UNIDADE GESTÃO DE PLANEJ. URBANO E MEIO AMBIENTE";"4";"ADMINISTRAÇÃO";"122";"ADMINISTRAÇÃO GERAL";"2023";"367";"";"0";"0";"100040086";"PMJ-PATRICIA DE FREITAS DUARTE";"21043366865";"";"0";"PROPRIA";"33903999";"OUTROS SERVICOS DE TERCEIROS - PESSOA JURIDICA";"ADIANTAMENTOS(SERVIDORES).";"1000";"2023";"L";"06/01/2023";"0";"01/01/2023";"31/01/2023";"11"
"UNIDADE GESTÃO DE INOVAÇÃO E RELAÇÃO COM O CIDADÃO";"4";"ADMINISTRAÇÃO";"122";"ADMINISTRAÇÃO GERAL";"2023";"369";"";"0";"0";"100027243";"PMJ - NATHÁLIA PEREIRA LIBA";"41499636814";"";"0";"PROPRIA";"33903099";"OUTROS MATERIAIS DE CONSUMO";"ADIANTAMENTOS(SERVIDORES).";"100";"2023";"L";"06/01/2023";"0";"01/01/2023";"31/01/2023";"4"
"UNIDADE GESTÃO DE INOVAÇÃO E RELAÇÃO COM O CIDADÃO";"4";"ADMINISTRAÇÃO";"122";"ADMINISTRAÇÃO GERAL";"2023";"370";"";"0";"0";"100027243";"PMJ - NATHÁLIA PEREIRA LIBA";"41499636814";"";"0";"PROPRIA";"33903999";"OUTROS SERVICOS DE TERCEIROS - PESSOA JURIDICA";"ADIANTAMENTOS(SERVIDORES).";"1000";"2023";"L";"06/01/2023";"0";"01/01/2023";"31/01/2023";"4"
"UNIDADE DE GESTÃO DE NEG. JURÍDICOS E CIDADANIA";"4";"ADMINISTRAÇÃO";"122";"ADMINISTRAÇÃO GERAL";"2023";"371";"";"0";"0";"100029785";"PMJ - ROGÉRIA APARECIDA NASCIMENTO";"13753692883";"";"0";"PROPRIA";"33903999";"OUTROS SERVICOS DE TERCEIROS - PESSOA JURIDICA";"ADIANTAMENTOS(SERVIDORES).";"3000";"2023";"L";"06/01/2023";"0";"01/01/2023";"31/01/2023";"6"
"UNIDADE DE GESTÃO DE NEG. JURÍDICOS E CIDADANIA";"4";"ADMINISTRAÇÃO";"122";"ADMINISTRAÇÃO GERAL";"2023";"372";"";"0";"0";"100029785";"PMJ - ROGÉRIA APARECIDA NASCIMENTO";"13753692883";"";"0";"PROPRIA";"33903099";"OUTROS MATERIAIS DE CONSUMO";"ADIANTAMENTOS(SERVIDORES).";"500";"2023";"L";"06/01/2023";"0";"01/01/2023";"31/01/2023";"6"
"UNIDADE DE GESTÃO DE PROMOÇÃO DA SAÚDE";"10";"SAÚDE";"302";"ASSISTÊNCIA HOSPITALAR E AMBULATORIAL";"2023";"373";"";"0";"0";"100002020";"CTO.ESPEC.TRAT.DEP.ALCOOL E DROGAS CEAD";"03302793000191";"";"5001";"FUNDO NACIONAL DE SAUDE - MS/SAS";"33503956";"OUTROS SERVIÇOS DE ASSISTÊNCIA À SAÚDE";"SERVICOS DE SAUDE(P. JURIDICAS).";"62726.41";"2023";"L";"09/01/2023";"0";"01/01/2023";"31/01/2023";"14"
"UNIDADE DE GESTÃO DE PROMOÇÃO DA SAÚDE";"4";"ADMINISTRAÇÃO";"122";"ADMINISTRAÇÃO GERAL";"2023";"374";"";"0";"0";"100032237";"PMJ - JÉSSICA CRISTINA PESTANA";"32270154800";"";"0";"PROPRIA";"33903099";"OUTROS MATERIAIS DE CONSUMO";"ADIANTAMENTOS(SERVIDORES).";"1500";"2023";"L";"06/01/2023";"0";"01/01/2023";"31/01/2023";"14"
"UNIDADE DE GESTÃO DE PROMOÇÃO DA SAÚDE";"4";"ADMINISTRAÇÃO";"122";"ADMINISTRAÇÃO GERAL";"2023";"375";"";"0";"0";"100032237";"PMJ - JÉSSICA CRISTINA PESTANA";"32270154800";"";"0";"PROPRIA";"33903999";"OUTROS SERVICOS DE TERCEIROS - PESSOA JURIDICA";"ADIANTAMENTOS(SERVIDORES).";"2500";"2023";"L";"06/01/2023";"0";"01/01/2023";"31/01/2023";"14"
"UNIDADE DE GESTÃO DE PROMOÇÃO DA SAÚDE";"10";"SAÚDE";"302";"ASSISTÊNCIA HOSPITALAR E AMBULATORIAL";"2023";"376";"";"0";"0";"100002020";"CTO.ESPEC.TRAT.DEP.ALCOOL E DROGAS CEAD";"03302793000191";"";"0";"PROPRIA";"33503956";"OUTROS SERVIÇOS DE ASSISTÊNCIA À SAÚDE";"SERVICOS DE SAUDE(P. JURIDICAS).";"174914.81";"2023";"L";"16/01/2023";"0";"01/01/2023";"31/01/2023";"14"
"UNIDADE DE GESTÃO DE EDUCAÇÃO";"12";"EDUCAÇÃO";"306";"ALIMENTAÇÃO E NUTRIÇÃO";"2023";"379";"";"0";"0";"100038103";"INSTITUTO KAIROS ETICA E ATUAÇÃO RESPONSÁVEL";"07037770000158";"";"6108";"QUOTA DO SALARIO EDUCACAO";"33503901";"TERMO DE COLABORAÇÃO";"CONVENIO MROSC - LEI 13019/2014 - MARCO REGUL.ORG.SOC.CIVIL";"19493.33";"2023";"L";"09/01/2023";"0";"01/01/2023";"31/01/2023";"13"
"UNIDADE DE GESTÃO DE EDUCAÇÃO";"12";"EDUCAÇÃO";"365";"EDUCAÇÃO INFANTIL";"2023";"381";"2022";"3070";"1";"100026357";"JARDIM ESCOLA EDUCACAO E DESENV.INFANTIL LTDA ME";"17215192000156";"COMPRA DIRETA";"6108";"QUOTA DO SALARIO EDUCACAO";"33903954";"SERVICOS DE CRECHES E ASSISTENCIA PRE-ESCOLAR";"FORNECIMENTO DE VAGA EM ESCOLA DO ENSINO INFANTIL II";"990";"2023";"L";"18/01/2023";"0";"01/01/2023";"31/01/2023";"13"
"UNIDADE DE GESTÃO DE EDUCAÇÃO";"12";"EDUCAÇÃO";"365";"EDUCAÇÃO INFANTIL";"2023";"382";"2022";"3069";"1";"100039704";"ROCHA & SANTOS EDUCACAO INFANTIL LTDA ME";"13723638000100";"COMPRA DIRETA";"6108";"QUOTA DO SALARIO EDUCACAO";"33903954";"SERVICOS DE CRECHES E ASSISTENCIA PRE-ESCOLAR";"FORNECIMENTO DE VAGA EM ESCOLA DO ENSINO INFANTIL II";"1705";"2023";"L";"18/01/2023";"0";"01/01/2023";"31/01/2023";"13"
"UNIDADE DE GESTÃO DE PROMOÇÃO DA SAÚDE";"10";"SAÚDE";"302";"ASSISTÊNCIA HOSPITALAR E AMBULATORIAL";"2023";"383";"";"0";"0";"1002583";"CENTRO DE REABILITACAO DE JUNDIAI";"51864619000185";"";"5001";"FUNDO NACIONAL DE SAUDE - MS/SAS";"33503952";"SERVIÇOS MÉDICO-HOSPITALARES PRESTADOS EM UNIDADES";"SERVICOS DE SAUDE(P. JURIDICAS).";"33134.99";"2023";"L";"09/01/2023";"0";"01/01/2023";"31/01/2023";"14"
"UNIDADE DE GESTÃO DE PROMOÇÃO DA SAÚDE";"10";"SAÚDE";"302";"ASSISTÊNCIA HOSPITALAR E AMBULATORIAL";"2023";"383";"";"0";"0";"1002583";"CENTRO DE REABILITACAO DE JUNDIAI";"51864619000185";"";"5001";"FUNDO NACIONAL DE SAUDE - MS/SAS";"33503952";"SERVIÇOS MÉDICO-HOSPITALARES PRESTADOS EM UNIDADES";"SERVICOS DE SAUDE(P. JURIDICAS).";"33134.99";"2023";"L";"31/01/2023";"0";"01/01/2023";"31/01/2023";"14"
"UNIDADE DE GESTÃO DE PROMOÇÃO DA SAÚDE";"10";"SAÚDE";"302";"ASSISTÊNCIA HOSPITALAR E AMBULATORIAL";"2023";"384";"";"0";"0";"1002583";"CENTRO DE REABILITACAO DE JUNDIAI";"51864619000185";"";"0";"PROPRIA";"33503952";"SERVIÇOS MÉDICO-HOSPITALARES PRESTADOS EM UNIDADES";"SERVICOS DE SAUDE(P. JURIDICAS).";"38651.62";"2023";"L";"09/01/2023";"0";"01/01/2023";"31/01/2023";"14"
"UNIDADE DE GESTÃO DE PROMOÇÃO DA SAÚDE";"10";"SAÚDE";"302";"ASSISTÊNCIA HOSPITALAR E AMBULATORIAL";"2023";"384";"";"0";"0";"1002583";"CENTRO DE REABILITACAO DE JUNDIAI";"51864619000185";"";"0";"PROPRIA";"33503952";"SERVIÇOS MÉDICO-HOSPITALARES PRESTADOS EM UNIDADES";"SERVICOS DE SAUDE(P. JURIDICAS).";"38651.62";"2023";"L";"31/01/2023";"0";"01/01/2023";"31/01/2023";"14"
"UNIDADE DE GESTÃO DE PROMOÇÃO DA SAÚDE";"10";"SAÚDE";"302";"ASSISTÊNCIA HOSPITALAR E AMBULATORIAL";"2023";"386";"";"0";"0";"1002583";"CENTRO DE REABILITACAO DE JUNDIAI";"51864619000185";"";"0";"PROPRIA";"33503952";"SERVIÇOS MÉDICO-HOSPITALARES PRESTADOS EM UNIDADES";"SERVICOS DE SAUDE(P. JURIDICAS).";"10500";"2023";"L";"09/01/2023";"0";"01/01/2023";"31/01/2023";"14"
"UNIDADE DE GESTÃO DE PROMOÇÃO DA SAÚDE";"10";"SAÚDE";"302";"ASSISTÊNCIA HOSPITALAR E AMBULATORIAL";"2023";"386";"";"0";"0";"1002583";"CENTRO DE REABILITACAO DE JUNDIAI";"51864619000185";"";"0";"PROPRIA";"33503952";"SERVIÇOS MÉDICO-HOSPITALARES PRESTADOS EM UNIDADES";"SERVICOS DE SAUDE(P. JURIDICAS).";"10500";"2023";"L";"31/01/2023";"0";"01/01/2023";"31/01/2023";"14"
"UNIDADE DE GESTÃO DE PROMOÇÃO DA SAÚDE";"10";"SAÚDE";"302";"ASSISTÊNCIA HOSPITALAR E AMBULATORIAL";"2023";"388";"";"0";"0";"100002020";"CTO.ESPEC.TRAT.DEP.ALCOOL E DROGAS CEAD";"03302793000191";"";"0";"PROPRIA";"33503956";"OUTROS SERVIÇOS DE ASSISTÊNCIA À SAÚDE";"SERVICOS DE SAUDE(P. JURIDICAS).";"232531.67";"2023";"L";"09/01/2023";"0";"01/01/2023";"31/01/2023";"14"
"UNIDADE DE GESTÃO DE PROMOÇÃO DA SAÚDE";"10";"SAÚDE";"302";"ASSISTÊNCIA HOSPITALAR E AMBULATORIAL";"2023";"389";"";"0";"0";"100002020";"CTO.ESPEC.TRAT.DEP.ALCOOL E DROGAS CEAD";"03302793000191";"";"5001";"FUNDO NACIONAL DE SAUDE - MS/SAS";"33503956";"OUTROS SERVIÇOS DE ASSISTÊNCIA À SAÚDE";"SERVICOS DE SAUDE(P. JURIDICAS).";"160596.7";"2023";"L";"09/01/2023";"0";"01/01/2023";"31/01/2023";"14"
"UNIDADE DE GESTÃO DE PROMOÇÃO DA SAÚDE";"10";"SAÚDE";"301";"ATENÇÃO BÁSICA";"2023";"390";"";"0";"0";"100002020";"CTO.ESPEC.TRAT.DEP.ALCOOL E DROGAS CEAD";"03302793000191";"";"5002";"FUNDO NACIONAL DE SAUDE - PAB";"33503956";"OUTROS SERVIÇOS DE ASSISTÊNCIA À SAÚDE";"SERVICOS DE SAUDE(P. JURIDICAS).";"44658.83";"2023";"L";"09/01/2023";"0";"01/01/2023";"31/01/2023";"14"
"UNIDADE DE GESTÃO DE PROMOÇÃO DA SAÚDE";"10";"SAÚDE";"302";"ASSISTÊNCIA HOSPITALAR E AMBULATORIAL";"2023";"392";"2023";"4";"1";"100042869";"DROGARIA NOVA ESPERANÇA EIRELI";"43575877000466";"COMPRA DIRETA";"0";"PROPRIA";"33903037";"MEDICAMENTOS FORNECIDOS POR DECISÃO JUDICIAL";"TELMISARTANA 80MG + HIDROCLOROTIAZIDA 12.5MG COMPRIMIDO";"664.08";"2023";"L";"12/01/2023";"0";"01/01/2023";"31/01/2023";"14"
"UNIDADE DE GESTÃO DA CASA CIVIL";"4";"ADMINISTRAÇÃO";"122";"ADMINISTRAÇÃO GERAL";"2023";"393";"2023";"5";"1";"100010867";"INOVACOES RAFAELLI CONSTRUCAO LTDA EPP";"05914294000180";"COMPRA DIRETA";"0";"PROPRIA";"33903024";"MATERIAL PARA MANUTENCAO DE BENS IMOVEIS";"TINTA ACRILICA. SEMI-BRILHO. PREMIUM. 3.6 L";"107";"2023";"L";"11/01/2023";"0";"01/01/2023";"31/01/2023";"3"
"UNIDADE DE GESTÃO DA CASA CIVIL";"4";"ADMINISTRAÇÃO";"122";"ADMINISTRAÇÃO GERAL";"2023";"394";"2023";"5";"1";"100010867";"INOVACOES RAFAELLI CONSTRUCAO LTDA EPP";"05914294000180";"COMPRA DIRETA";"0";"PROPRIA";"33903099";"OUTROS MATERIAIS DE CONSUMO";"ROLO DE LA BAIXA. P/PINTURA DE SUPERFICIE LISA. MED.23 CM.";"18.6";"2023";"L";"11/01/2023";"0";"01/01/2023";"31/01/2023";"3"
"UNIDADE DE GESTÃO DE ADMINIST. E GESTÃO DE PESSOAS";"4";"ADMINISTRAÇÃO";"122";"ADMINISTRAÇÃO GERAL";"2023";"395";"2022";"145";"14";"100010867";"INOVACOES RAFAELLI CONSTRUCAO LTDA EPP";"05914294000180";"PREGÃO ELETRÔNICO";"0";"PROPRIA";"33903026";"MATERIAL ELETRICO E ELETRONICO";"PILHA ALCALINA PALITO AAA. COM 2 UNIDADES";"415";"2023";"L";"27/01/2023";"0";"01/01/2023";"31/01/2023";"7"
"UNIDADE DE GESTÃO DE ADMINIST. E GESTÃO DE PESSOAS";"4";"ADMINISTRAÇÃO";"122";"ADMINISTRAÇÃO GERAL";"2023";"396";"2022";"43";"14";"100041607";"ZANCAPEL COM SUP SERV EM GERAL LTDA ME";"26958241000131";"PREGÃO ELETRÔNICO";"0";"PROPRIA";"33903022";"MATERIAL DE LIMPEZA E PRODUTOS DE HIGIENIZACAO";"FLANELA DE ALGODAO PARA LIMPEZA. MEDINDO MIN. 30 X 50 CM.";"595";"2023";"L";"27/01/2023";"0";"01/01/2023";"31/01/2023";"7"
"UNIDADE DE GESTÃO DE ADMINIST. E GESTÃO DE PESSOAS";"4";"ADMINISTRAÇÃO";"122";"ADMINISTRAÇÃO GERAL";"2023";"398";"2022";"116";"14";"100033420";"ORLA DISTRIBUIDORA DE PRODUTOS LTDA";"04013164000104";"PREGÃO ELETRÔNICO";"0";"PROPRIA";"33903016";"MATERIAL DE EXPEDIENTE";"COLCHETE LATONADO/GALVANIZADO N.08. COM 72 UNIDADES.";"924";"2023";"L";"27/01/2023";"0";"01/01/2023";"31/01/2023";"7"
"UNIDADE DE GESTÃO DE ADMINIST. E GESTÃO DE PESSOAS";"4";"ADMINISTRAÇÃO";"122";"ADMINISTRAÇÃO GERAL";"2023";"399";"2022";"43";"14";"100008957";"JUNDIA IND. E COM. DE PAP.E EMB.LTDA EPP";"50971209000170";"PREGÃO ELETRÔNICO";"0";"PROPRIA";"33903022";"MATERIAL DE LIMPEZA E PRODUTOS DE HIGIENIZACAO";"PAPEL HIGIENICO FOLHA SIMPLES.COR BRANCO.EM ROLAO 10CMX600M.";"44984.58";"2023";"L";"27/01/2023";"0";"01/01/2023";"31/01/2023";"7"
"UNIDADE DE GESTÃO DE EDUCAÇÃO";"12";"EDUCAÇÃO";"365";"EDUCAÇÃO INFANTIL";"2023";"402";"2022";"27";"5";"100035923";"KLEBER FICHE ZERBINATI ME";"07252408000108";"INEXIGIBILIDADE";"0";"PROPRIA";"33903965";"SERVIÇOS DE APOIO AO ENSINO";"FORNECIMENTO DE VAGAS EM CRECHES";"14250";"2023";"L";"30/01/2023";"0";"01/01/2023";"31/01/2023";"13"
"UNIDADE DE GESTÃO DE EDUCAÇÃO";"12";"EDUCAÇÃO";"365";"EDUCAÇÃO INFANTIL";"2023";"403";"2022";"29";"5";"100035883";"SISTEMA DE EDUCAÇÃO INF. PEQUENO APRENDIZ LTDA EPP";"14034435000242";"INEXIGIBILIDADE";"0";"PROPRIA";"33903965";"SERVIÇOS DE APOIO AO ENSINO";"FORNECIMENTO DE VAGAS EM CRECHES";"35400";"2023";"L";"30/01/2023";"0";"01/01/2023";"31/01/2023";"13"
"UNIDADE DE GESTÃO DE EDUCAÇÃO";"12";"EDUCAÇÃO";"365";"EDUCAÇÃO INFANTIL";"2023";"404";"2019";"35";"5";"100026284";"J.R.DIAS - ESCOLA DE EDUCAÇÃO INFANTIL LTDA - ME";"16974507000186";"INEXIGIBILIDADE";"0";"PROPRIA";"33903965";"SERVIÇOS DE APOIO AO ENSINO";"FORNECIMENTO DE VAGAS EM CRECHES";"47500";"2023";"L";"30/01/2023";"0";"01/01/2023";"31/01/2023";"13"
"UNIDADE DE GESTÃO DE EDUCAÇÃO";"12";"EDUCAÇÃO";"365";"EDUCAÇÃO INFANTIL";"2023";"405";"2021";"38";"5";"4010831";"ASSOCIACAO LOURDES FERES KHAWALI";"51921831000137";"INEXIGIBILIDADE";"0";"PROPRIA";"33903965";"SERVIÇOS DE APOIO AO ENSINO";"FORNECIMENTO DE VAGAS EM CRECHES";"235600";"2023";"L";"30/01/2023";"0";"01/01/2023";"31/01/2023";"13"
"UNIDADE DE GESTÃO DE EDUCAÇÃO";"12";"EDUCAÇÃO";"365";"EDUCAÇÃO INFANTIL";"2023";"406";"2019";"60";"5";"100026327";"VITOR MATEUS POZATI ME";"17005052000153";"INEXIGIBILIDADE";"0";"PROPRIA";"33903965";"SERVIÇOS DE APOIO AO ENSINO";"FORNECIMENTO DE VAGAS EM CRECHES";"47500";"2023";"L";"30/01/2023";"0";"01/01/2023";"31/01/2023";"13"
"UNIDADE DE GESTÃO DE EDUCAÇÃO";"12";"EDUCAÇÃO";"365";"EDUCAÇÃO INFANTIL";"2023";"407";"2019";"39";"5";"100026286";"E.E.I. JUJUKINHA LTDA-ME (FILIAL)";"13165974000258";"INEXIGIBILIDADE";"0";"PROPRIA";"33903965";"SERVIÇOS DE APOIO AO ENSINO";"FORNECIMENTO DE VAGAS EM CRECHES";"74100";"2023";"L";"30/01/2023";"0";"01/01/2023";"31/01/2023";"13"
"UNIDADE DE GESTÃO DE EDUCAÇÃO";"12";"EDUCAÇÃO";"365";"EDUCAÇÃO INFANTIL";"2023";"408";"2019";"33";"5";"100022566";"ESCOLA INFANTIL KING S KIDS LTDA ME";"03772534000124";"INEXIGIBILIDADE";"0";"PROPRIA";"33903965";"SERVIÇOS DE APOIO AO ENSINO";"FORNECIMENTO DE VAGAS EM CRECHES";"31350";"2023";"L";"30/01/2023";"0";"01/01/2023";"31/01/2023";"13"
"UNIDADE DE GESTÃO DE EDUCAÇÃO";"12";"EDUCAÇÃO";"365";"EDUCAÇÃO INFANTIL";"2023";"409";"2021";"12";"5";"100033371";"SONIA DE FÁTIMA TOLEDO MARZOCHI - ME";"23496992000195";"INEXIGIBILIDADE";"0";"PROPRIA";"33903965";"SERVIÇOS DE APOIO AO ENSINO";"FORNECIMENTO DE VAGAS EM CRECHES";"48450";"2023";"L";"30/01/2023";"0";"01/01/2023";"31/01/2023";"13"
"UNIDADE DE GESTÃO DE EDUCAÇÃO";"12";"EDUCAÇÃO";"365";"EDUCAÇÃO INFANTIL";"2023";"410";"2021";"22";"5";"100045672";"E.E.I JUJUKINHA LTDA ME";"13165974000339";"INEXIGIBILIDADE";"0";"PROPRIA";"33903965";"SERVIÇOS DE APOIO AO ENSINO";"FORNECIMENTO DE VAGAS EM CRECHES";"30000";"2023";"L";"30/01/2023";"0";"01/01/2023";"31/01/2023";"13"
"UNIDADE DE GESTÃO DE EDUCAÇÃO";"12";"EDUCAÇÃO";"365";"EDUCAÇÃO INFANTIL";"2023";"411";"2021";"34";"5";"4010864";"LAR GALEAO COUTINHO";"50965003000138";"INEXIGIBILIDADE";"0";"PROPRIA";"33903965";"SERVIÇOS DE APOIO AO ENSINO";"FORNECIMENTO DE VAGAS EM CRECHES";"38000";"2023";"L";"30/01/2023";"0";"01/01/2023";"31/01/2023";"13"
"UNIDADE DE GESTÃO DE EDUCAÇÃO";"12";"EDUCAÇÃO";"365";"EDUCAÇÃO INFANTIL";"2023";"412";"2021";"32";"5";"4010781";"CASA DA CRIANCA N.SENHORA DO DESTERRO";"50981687000161";"INEXIGIBILIDADE";"0";"PROPRIA";"33903965";"SERVIÇOS DE APOIO AO ENSINO";"FORNECIMENTO DE VAGAS EM CRECHES";"57000";"2023";"L";"30/01/2023";"0";"01/01/2023";"31/01/2023";"13"
"UNIDADE DE GESTÃO DE EDUCAÇÃO";"12";"EDUCAÇÃO";"365";"EDUCAÇÃO INFANTIL";"2023";"414";"2022";"28";"5";"100035924";"SABER KIDS ESCOLA DE EDUCACAO INFANTIL LTDA ME";"23644041000116";"INEXIGIBILIDADE";"0";"PROPRIA";"33903965";"SERVIÇOS DE APOIO AO ENSINO";"FORNECIMENTO DE VAGAS EM CRECHES";"18050";"2023";"L";"30/01/2023";"0";"01/01/2023";"31/01/2023";"13"
"UNIDADE DE GESTÃO DE EDUCAÇÃO";"12";"EDUCAÇÃO";"365";"EDUCAÇÃO INFANTIL";"2023";"415";"2019";"48";"5";"100022533";"ESCOLA INFANTIL FADAS & MAGOS LTDA ME";"13063428000125";"INEXIGIBILIDADE";"0";"PROPRIA";"33903965";"SERVIÇOS DE APOIO AO ENSINO";"FORNECIMENTO DE VAGAS EM CRECHES";"26600";"2023";"L";"30/01/2023";"0";"01/01/2023";"31/01/2023";"13"
"UNIDADE DE GESTÃO DE EDUCAÇÃO";"12";"EDUCAÇÃO";"365";"EDUCAÇÃO INFANTIL";"2023";"416";"2018";"24";"5";"100037750";"COLÉGIO TUTTI BAMBINI LTDA ME";"30395662000179";"INEXIGIBILIDADE";"0";"PROPRIA";"33903965";"SERVIÇOS DE APOIO AO ENSINO";"FORNECIMENTO DE VAGAS EM CRECHES - TEMPO PARCIAL";"25000";"2023";"L";"30/01/2023";"0";"01/01/2023";"31/01/2023";"13"
"UNIDADE DE GESTÃO DE EDUCAÇÃO";"12";"EDUCAÇÃO";"365";"EDUCAÇÃO INFANTIL";"2023";"417";"2019";"42";"5";"100027974";"ESCOLA ED.INF ENS.FUND.GIORDANO BRUNO LTDA ME";"05407950000159";"INEXIGIBILIDADE";"0";"PROPRIA";"33903965";"SERVIÇOS DE APOIO AO ENSINO";"FORNECIMENTO DE VAGAS EM CRECHES";"119900";"2023";"L";"30/01/2023";"0";"01/01/2023";"31/01/2023";"13"
"UNIDADE DE GESTÃO DE EDUCAÇÃO";"12";"EDUCAÇÃO";"365";"EDUCAÇÃO INFANTIL";"2023";"418";"2021";"37";"5";"100027304";"ASSOC. U.  B.  IRS. S. VICENTE DE PAULO DE GYSEGEM";"61000683001143";"INEXIGIBILIDADE";"0";"PROPRIA";"33903965";"SERVIÇOS DE APOIO AO ENSINO";"FORNECIMENTO DE VAGAS EM CRECHES";"209000";"2023";"L";"30/01/2023";"0";"01/01/2023";"31/01/2023";"13"
"UNIDADE DE GESTÃO DE EDUCAÇÃO";"12";"EDUCAÇÃO";"365";"EDUCAÇÃO INFANTIL";"2023";"419";"2019";"53";"5";"100026362";"ESCOLA DE EDUC.INF.TURMA DO TERECO-TECO SS LTDA ME";"01580207000145";"INEXIGIBILIDADE";"0";"PROPRIA";"33903965";"SERVIÇOS DE APOIO AO ENSINO";"FORNECIMENTO DE VAGAS EM CRECHES";"23750";"2023";"L";"30/01/2023";"0";"01/01/2023";"31/01/2023";"13"
"UNIDADE DE GESTÃO DE EDUCAÇÃO";"12";"EDUCAÇÃO";"365";"EDUCAÇÃO INFANTIL";"2023";"420";"2019";"57";"5";"100026364";"CENTRO EDUCACIONAL PINGO DE GENTE LTDA ME";"03263424000137";"INEXIGIBILIDADE";"0";"PROPRIA";"33903965";"SERVIÇOS DE APOIO AO ENSINO";"FORNECIMENTO DE VAGAS EM CRECHES";"45600";"2023";"L";"30/01/2023";"0";"01/01/2023";"31/01/2023";"13"
"UNIDADE DE GESTÃO DE EDUCAÇÃO";"12";"EDUCAÇÃO";"365";"EDUCAÇÃO INFANTIL";"2023";"421";"2019";"61";"5";"100022573";"CENTRO EDUCACIONAL ESPAÇO CRIANÇA LTDA EPP";"07652650000160";"INEXIGIBILIDADE";"0";"PROPRIA";"33903965";"SERVIÇOS DE APOIO AO ENSINO";"FORNECIMENTO DE VAGAS EM CRECHES";"57000";"2023";"L";"30/01/2023";"0";"01/01/2023";"31/01/2023";"13"
"UNIDADE DE GESTÃO DE EDUCAÇÃO";"12";"EDUCAÇÃO";"365";"EDUCAÇÃO INFANTIL";"2023";"423";"2021";"24";"5";"100045641";"ESCOLA CRIATIVIDADE  EDUCACAO LTDA ME";"35577891000128";"INEXIGIBILIDADE";"0";"PROPRIA";"33903965";"SERVIÇOS DE APOIO AO ENSINO";"FORNECIMENTO DE VAGAS EM CRECHES";"30000";"2023";"L";"30/01/2023";"0";"01/01/2023";"31/01/2023";"13"
"UNIDADE DE GESTÃO DE EDUCAÇÃO";"12";"EDUCAÇÃO";"365";"EDUCAÇÃO INFANTIL";"2023";"424";"2019";"38";"5";"100023364";"ESCOLA DE EDUC.INFANTIL CAMINHO DO SABER LTDA ME";"09297416000279";"INEXIGIBILIDADE";"0";"PROPRIA";"33903965";"SERVIÇOS DE APOIO AO ENSINO";"FORNECIMENTO DE VAGAS EM CRECHES";"32000";"2023";"L";"30/01/2023";"0";"01/01/2023";"31/01/2023";"13"
"UNIDADE DE GESTÃO DE EDUCAÇÃO";"12";"EDUCAÇÃO";"365";"EDUCAÇÃO INFANTIL";"2023";"425";"2021";"33";"5";"4011110";"LAR ANALIA FRANCO";"50969492000104";"INEXIGIBILIDADE";"0";"PROPRIA";"33903965";"SERVIÇOS DE APOIO AO ENSINO";"FORNECIMENTO DE VAGAS EM CRECHES";"118750";"2023";"L";"30/01/2023";"0";"01/01/2023";"31/01/2023";"13"
"UNIDADE DE GESTÃO DE EDUCAÇÃO";"12";"EDUCAÇÃO";"365";"EDUCAÇÃO INFANTIL";"2023";"427";"2021";"36";"5";"4040615";"CONGREGACAO DAS MISSIONARIAS DE CRISTO";"50962794000142";"INEXIGIBILIDADE";"0";"PROPRIA";"33903965";"SERVIÇOS DE APOIO AO ENSINO";"FORNECIMENTO DE VAGAS EM CRECHES";"47500";"2023";"L";"30/01/2023";"0";"01/01/2023";"31/01/2023";"13"
"UNIDADE DE GESTÃO DE EDUCAÇÃO";"12";"EDUCAÇÃO";"365";"EDUCAÇÃO INFANTIL";"2023";"428";"2019";"34";"5";"100022610";"E.E.I. JUJUKINHA LTDA-ME (MATRIZ)";"13165974000177";"INEXIGIBILIDADE";"0";"PROPRIA";"33903965";"SERVIÇOS DE APOIO AO ENSINO";"FORNECIMENTO DE VAGAS EM CRECHES";"42750";"2023";"L";"30/01/2023";"0";"01/01/2023";"31/01/2023";"13"
"UNIDADE DE GESTÃO DE EDUCAÇÃO";"12";"EDUCAÇÃO";"365";"EDUCAÇÃO INFANTIL";"2023";"430";"2021";"35";"5";"4010872";"LAR CRECHE WILSON DE OLIVEIRA";"46988697000151";"INEXIGIBILIDADE";"0";"PROPRIA";"33903965";"SERVIÇOS DE APOIO AO ENSINO";"FORNECIMENTO DE VAGAS EM CRECHES";"19000";"2023";"L";"30/01/2023";"0";"01/01/2023";"31/01/2023";"13"
"UNIDADE DE GESTÃO DE EDUCAÇÃO";"12";"EDUCAÇÃO";"365";"EDUCAÇÃO INFANTIL";"2023";"431";"2022";"24";"5";"100048651";"FROTUS SISTEMAS LTDA ME";"35516399000142";"INEXIGIBILIDADE";"6108";"QUOTA DO SALARIO EDUCACAO";"33903905";"SERVICOS TECNICOS PROFISSIONAIS";"PRESTACAO DE SERVICO DE CONSULTORIA E ASSESSORIA";"2266.68";"2023";"L";"11/01/2023";"0";"01/01/2023";"31/01/2023";"13"
"UNIDADE DE GESTÃO DE GOVERNO E FINANÇAS";"28";"ENCARGOS ESPECIAIS";"846";"OUTROS ENCARGOS ESPECIAIS";"2023";"432";"";"0";"0";"100044900";"NEUSA CRISTINA DOS SANTOS RITONI";"14985983829";"";"0";"PROPRIA";"33909120";"DEPÓSITOS JUDICIAIS";"DESPESAS OBRIGATORIAS E/OU JUDICIAIS(P. FISICAS).";"616.22";"2023";"L";"09/01/2023";"0";"01/01/2023";"31/01/2023";"8"
"UNIDADE DE GESTÃO DE EDUCAÇÃO";"12";"EDUCAÇÃO";"365";"EDUCAÇÃO INFANTIL";"2023";"441";"2018";"25";"5";"100037748";"ESCOLA DE EDUCACAO INFANTIL AO PÉ DA LETRA LTDA ME";"26162481000125";"INEXIGIBILIDADE";"0";"PROPRIA";"33903965";"SERVIÇOS DE APOIO AO ENSINO";"FORNECIMENTO DE VAGAS EM CRECHES - TEMPO PARCIAL";"15000";"2023";"L";"30/01/2023";"0";"01/01/2023";"31/01/2023";"13"
"UNIDADE DE GESTÃO DE EDUCAÇÃO";"12";"EDUCAÇÃO";"365";"EDUCAÇÃO INFANTIL";"2023";"442";"2019";"63";"5";"100041266";"MARTINS & BALTAZAR ESCOLA INFANTIL LTDA";"31105439000102";"INEXIGIBILIDADE";"0";"PROPRIA";"33903965";"SERVIÇOS DE APOIO AO ENSINO";"FORNECIMENTO DE VAGAS EM CRECHES - TEMPO PARCIAL";"30000";"2023";"L";"30/01/2023";"0";"01/01/2023";"31/01/2023";"13"
"UNIDADE DE GESTÃO DE ADMINIST. E GESTÃO DE PESSOAS";"4";"ADMINISTRAÇÃO";"122";"ADMINISTRAÇÃO GERAL";"2023";"447";"";"0";"0";"100042599";"PMJ-GERMANO HELIO SGARIONI";"06887047861";"";"0";"PROPRIA";"33903099";"OUTROS MATERIAIS DE CONSUMO";"ADIANTAMENTOS(SERVIDORES).";"1500";"2023";"L";"09/01/2023";"0";"01/01/2023";"31/01/2023";"7"
"UNIDADE DE GESTÃO DE ADMINIST. E GESTÃO DE PESSOAS";"4";"ADMINISTRAÇÃO";"122";"ADMINISTRAÇÃO GERAL";"2023";"448";"";"0";"0";"100042599";"PMJ-GERMANO HELIO SGARIONI";"06887047861";"";"0";"PROPRIA";"33903999";"OUTROS SERVICOS DE TERCEIROS - PESSOA JURIDICA";"ADIANTAMENTOS(SERVIDORES).";"1500";"2023";"L";"09/01/2023";"0";"01/01/2023";"31/01/2023";"7"
"UNIDADE DE GESTÃO DE EDUCAÇÃO";"12";"EDUCAÇÃO";"365";"EDUCAÇÃO INFANTIL";"2023";"449";"2019";"32";"5";"100022647";"ESCOLA DE EDUCAÇÃO INFANTIL MINHA CASINHA LTDA ME";"59029207000131";"INEXIGIBILIDADE";"0";"PROPRIA";"33903965";"SERVIÇOS DE APOIO AO ENSINO";"FORNECIMENTO DE VAGAS EM CRECHES";"42750";"2023";"L";"30/01/2023";"0";"01/01/2023";"31/01/2023";"13"
"UNIDADE DE GESTÃO DE SEGURANÇA MUNICIPAL";"4";"ADMINISTRAÇÃO";"122";"ADMINISTRAÇÃO GERAL";"2023";"450";"";"0";"0";"100048646";"PMJ-RENATO CLEMENTE DE SOUSA";"11443513830";"";"0";"PROPRIA";"33903999";"OUTROS SERVICOS DE TERCEIROS - PESSOA JURIDICA";"ADIANTAMENTOS(SERVIDORES).";"2000";"2023";"L";"09/01/2023";"0";"01/01/2023";"31/01/2023";"19"
"UNIDADE DE GESTÃO DE SEGURANÇA MUNICIPAL";"4";"ADMINISTRAÇÃO";"122";"ADMINISTRAÇÃO GERAL";"2023";"451";"";"0";"0";"100048646";"PMJ-RENATO CLEMENTE DE SOUSA";"11443513830";"";"0";"PROPRIA";"33903099";"OUTROS MATERIAIS DE CONSUMO";"ADIANTAMENTOS(SERVIDORES).";"500";"2023";"L";"09/01/2023";"0";"01/01/2023";"31/01/2023";"19"
"UNIDADE DE GESTÃO DE EDUCAÇÃO";"12";"EDUCAÇÃO";"365";"EDUCAÇÃO INFANTIL";"2023";"452";"2021";"18";"5";"100034100";"E.E.I. LIGNUM LTDA ME";"23431186000139";"INEXIGIBILIDADE";"0";"PROPRIA";"33903965";"SERVIÇOS DE APOIO AO ENSINO";"FORNECIMENTO DE VAGAS EM CRECHES";"53200";"2023";"L";"30/01/2023";"0";"01/01/2023";"31/01/2023";"13"
"UNIDADE DE GESTÃO DE EDUCAÇÃO";"12";"EDUCAÇÃO";"365";"EDUCAÇÃO INFANTIL";"2023";"453";"2019";"47";"5";"100023937";"ESCOLA INFANTIL FADAS & MAGOS LTDA - ME (FILIAL)";"13063428000206";"INEXIGIBILIDADE";"0";"PROPRIA";"33903965";"SERVIÇOS DE APOIO AO ENSINO";"FORNECIMENTO DE VAGAS EM CRECHES";"66500";"2023";"L";"30/01/2023";"0";"01/01/2023";"31/01/2023";"13"
"UNIDADE DE GESTÃO DE EDUCAÇÃO";"12";"EDUCAÇÃO";"365";"EDUCAÇÃO INFANTIL";"2023";"454";"2019";"37";"5";"100028043";"ESCOLA DE EDUCAÇÃO INFANT.MEU PRIMEIRO PASSO LTDA";"19250649000199";"INEXIGIBILIDADE";"0";"PROPRIA";"33903965";"SERVIÇOS DE APOIO AO ENSINO";"FORNECIMENTO DE VAGAS EM CRECHES";"76100";"2023";"L";"30/01/2023";"0";"01/01/2023";"31/01/2023";"13"
"UNIDADE DE GESTÃO DE EDUCAÇÃO";"12";"EDUCAÇÃO";"365";"EDUCAÇÃO INFANTIL";"2023";"455";"2018";"21";"5";"100023420";"ESCOLA INFANTIL PRIMEIROS PASSOS S/S LTDA ME";"58387655000144";"INEXIGIBILIDADE";"0";"PROPRIA";"33903965";"SERVIÇOS DE APOIO AO ENSINO";"FORNECIMENTO DE VAGAS EM CRECHES - TEMPO INTEGRAL";"44500";"2023";"L";"30/01/2023";"0";"01/01/2023";"31/01/2023";"13"
"UNIDADE DE GESTÃO DE EDUCAÇÃO";"12";"EDUCAÇÃO";"365";"EDUCAÇÃO INFANTIL";"2023";"456";"2018";"26";"5";"100037749";"CALEIDOSCOPIO ESCOLA INFANTIL LTDA ME";"29514583000150";"INEXIGIBILIDADE";"0";"PROPRIA";"33903965";"SERVIÇOS DE APOIO AO ENSINO";"FORNECIMENTO DE VAGAS EM CRECHES - TEMPO PARCIAL";"66500";"2023";"L";"30/01/2023";"0";"01/01/2023";"31/01/2023";"13"
"UNIDADE DE GESTÃO DE EDUCAÇÃO";"12";"EDUCAÇÃO";"365";"EDUCAÇÃO INFANTIL";"2023";"457";"2019";"46";"5";"100022584";"SISTEMA DE EDUC.INFANTIL PEQUENO APRENDIZ LTDA EPP";"14034435000161";"INEXIGIBILIDADE";"0";"PROPRIA";"33903965";"SERVIÇOS DE APOIO AO ENSINO";"FORNECIMENTO DE VAGAS EM CRECHES";"38000";"2023";"L";"30/01/2023";"0";"01/01/2023";"31/01/2023";"13"
"UNIDADE DE GESTÃO DE EDUCAÇÃO";"12";"EDUCAÇÃO";"365";"EDUCAÇÃO INFANTIL";"2023";"458";"2019";"56";"5";"100022627";"ESCOLA NOSSO DOM 2 LTDA ME";"10794959000108";"INEXIGIBILIDADE";"0";"PROPRIA";"33903965";"SERVIÇOS DE APOIO AO ENSINO";"FORNECIMENTO DE VAGAS EM CRECHES";"30400";"2023";"L";"30/01/2023";"0";"01/01/2023";"31/01/2023";"13"
"UNIDADE DE GESTÃO DE EDUCAÇÃO";"12";"EDUCAÇÃO";"365";"EDUCAÇÃO INFANTIL";"2023";"460";"2019";"41";"5";"100023282";"RECANTO INFANTIL CURUMIM LTDA ME";"67155093000102";"INEXIGIBILIDADE";"0";"PROPRIA";"33903965";"SERVIÇOS DE APOIO AO ENSINO";"FORNECIMENTO DE VAGAS EM CRECHES";"27600";"2023";"L";"30/01/2023";"0";"01/01/2023";"31/01/2023";"13"
"UNIDADE DE GESTÃO DE EDUCAÇÃO";"12";"EDUCAÇÃO";"365";"EDUCAÇÃO INFANTIL";"2023";"461";"2019";"31";"5";"100022762";"MAZEU & MARIANO LTDA ME";"05344396000108";"INEXIGIBILIDADE";"0";"PROPRIA";"33903965";"SERVIÇOS DE APOIO AO ENSINO";"FORNECIMENTO DE VAGAS EM CRECHES";"95000";"2023";"L";"30/01/2023";"0";"01/01/2023";"31/01/2023";"13"
"UNIDADE DE GESTÃO DE ADMINIST. E GESTÃO DE PESSOAS";"4";"ADMINISTRAÇÃO";"122";"ADMINISTRAÇÃO GERAL";"2023";"462";"2022";"20";"6";"100011974";"VEROCHEQUE REFEIÇÕES LTDA";"06344497000141";"DISPENSA DE LICITACAO";"0";"PROPRIA";"33909246";"AUXÍLIO ALIMENTAÇÃO";"CONTRATACAO-EMPRESA ESPECIALIZADA EM CARTAO ALIMENTACAO";"1795829.96";"2023";"L";"06/01/2023";"0";"01/01/2023";"31/01/2023";"7"
"UNIDADE DE GESTÃO DE ADMINIST. E GESTÃO DE PESSOAS";"10";"SAÚDE";"301";"ATENÇÃO BÁSICA";"2023";"463";"2022";"20";"6";"100011974";"VEROCHEQUE REFEIÇÕES LTDA";"06344497000141";"DISPENSA DE LICITACAO";"0";"PROPRIA";"33909246";"AUXÍLIO ALIMENTAÇÃO";"CONTRATACAO-EMPRESA ESPECIALIZADA EM CARTAO ALIMENTACAO";"1103794.83";"2023";"L";"06/01/2023";"0";"01/01/2023";"31/01/2023";"7"
"UNIDADE DE GESTÃO DE EDUCAÇÃO";"12";"EDUCAÇÃO";"365";"EDUCAÇÃO INFANTIL";"2023";"464";"2019";"44";"5";"100022763";"ESCOLA DE EDUC.INFANTIL CAMINHO DO SABER LTDA ME";"09297416000198";"INEXIGIBILIDADE";"0";"PROPRIA";"33903965";"SERVIÇOS DE APOIO AO ENSINO";"FORNECIMENTO DE VAGAS EM CRECHES";"33250";"2023";"L";"30/01/2023";"0";"01/01/2023";"31/01/2023";"13"
"UNIDADE DE GESTÃO DE EDUCAÇÃO";"12";"EDUCAÇÃO";"365";"EDUCAÇÃO INFANTIL";"2023";"465";"2019";"14";"5";"100039704";"ROCHA & SANTOS EDUCACAO INFANTIL LTDA ME";"13723638000100";"INEXIGIBILIDADE";"0";"PROPRIA";"33903965";"SERVIÇOS DE APOIO AO ENSINO";"FORNECIMENTO DE VAGAS EM CRECHES - TEMPO PARCIAL";"30400";"2023";"L";"30/01/2023";"0";"01/01/2023";"31/01/2023";"13"
"UNIDADE DE GESTÃO DE EDUCAÇÃO";"12";"EDUCAÇÃO";"365";"EDUCAÇÃO INFANTIL";"2023";"466";"2018";"20";"5";"100037276";"R A MANZATO ALPHA EDUCACIONAL ME";"21191998000129";"INEXIGIBILIDADE";"0";"PROPRIA";"33903965";"SERVIÇOS DE APOIO AO ENSINO";"FORNECIMENTO DE VAGAS EM CRECHES - TEMPO PARCIAL";"25000";"2023";"L";"30/01/2023";"0";"01/01/2023";"31/01/2023";"13"
"UNIDADE DE GESTÃO DE GOVERNO E FINANÇAS";"28";"ENCARGOS ESPECIAIS";"846";"OUTROS ENCARGOS ESPECIAIS";"2023";"469";"";"0";"0";"100035879";"VANIA DE ALMEIDA ROSA";"08316174898";"";"0";"PROPRIA";"33909115";"SENTENÇAS JUDICIAIS DE PEQUENO VALOR";"DESPESAS OBRIGATORIAS E/OU JUDICIAIS(P. FISICAS).";"1122.13";"2023";"L";"09/01/2023";"0";"01/01/2023";"31/01/2023";"8"
"UNIDADE DE GESTÃO DE GOVERNO E FINANÇAS";"28";"ENCARGOS ESPECIAIS";"846";"OUTROS ENCARGOS ESPECIAIS";"2023";"470";"";"0";"0";"100035879";"VANIA DE ALMEIDA ROSA";"08316174898";"";"0";"PROPRIA";"33909115";"SENTENÇAS JUDICIAIS DE PEQUENO VALOR";"DESPESAS OBRIGATORIAS E/OU JUDICIAIS(P. FISICAS).";"1031.93";"2023";"L";"09/01/2023";"0";"01/01/2023";"31/01/2023";"8"
"UNIDADE DE GESTÃO DE EDUCAÇÃO";"12";"EDUCAÇÃO";"365";"EDUCAÇÃO INFANTIL";"2023";"471";"2019";"45";"5";"100028051";"ESCOLA INFANTIL NEPOMOCENO BELLODI LTDA ME";"16993985000133";"INEXIGIBILIDADE";"0";"PROPRIA";"33903965";"SERVIÇOS DE APOIO AO ENSINO";"FORNECIMENTO DE VAGAS EM CRECHES";"70100";"2023";"L";"30/01/2023";"0";"01/01/2023";"31/01/2023";"13"
"UNIDADE DE GESTÃO DE GOVERNO E FINANÇAS";"28";"ENCARGOS ESPECIAIS";"846";"OUTROS ENCARGOS ESPECIAIS";"2023";"472";"";"0";"0";"100041316";"HÍGOR MONTEIRO DE SANTANA";"42711777847";"";"0";"PROPRIA";"33909115";"SENTENÇAS JUDICIAIS DE PEQUENO VALOR";"DESPESAS OBRIGATORIAS E/OU JUDICIAIS(P. FISICAS).";"2767.37";"2023";"L";"09/01/2023";"0";"01/01/2023";"31/01/2023";"8"
"UNIDADE DE GESTÃO DE EDUCAÇÃO";"12";"EDUCAÇÃO";"365";"EDUCAÇÃO INFANTIL";"2023";"473";"2019";"13";"5";"100026365";"ESPAÇO LETRADO EDUCAÇÃO INFANTIL LTDA ME";"16650961000181";"INEXIGIBILIDADE";"0";"PROPRIA";"33903965";"SERVIÇOS DE APOIO AO ENSINO";"FORNECIMENTO DE VAGAS EM CRECHES - TEMPO PARCIAL";"15000";"2023";"L";"30/01/2023";"0";"01/01/2023";"31/01/2023";"13"
"UNIDADE DE GESTÃO DE EDUCAÇÃO";"12";"EDUCAÇÃO";"365";"EDUCAÇÃO INFANTIL";"2023";"474";"2019";"54";"5";"100026282";"BEBÊ E COMPANHIA ESCOLA EDUCAÇÃO INFANTIL LTDA ME";"15869584000103";"INEXIGIBILIDADE";"0";"PROPRIA";"33903965";"SERVIÇOS DE APOIO AO ENSINO";"FORNECIMENTO DE VAGAS EM CRECHES";"57000";"2023";"L";"30/01/2023";"0";"01/01/2023";"31/01/2023";"13"
"UNIDADE DE GESTÃO DE EDUCAÇÃO";"12";"EDUCAÇÃO";"365";"EDUCAÇÃO INFANTIL";"2023";"475";"2021";"23";"5";"100045640";"MAYARA BRAUN ESCOLA DE EDUCACAO INFANTIL LTDA ME";"32112604000116";"INEXIGIBILIDADE";"0";"PROPRIA";"33903965";"SERVIÇOS DE APOIO AO ENSINO";"FORNECIMENTO DE VAGAS EM CRECHES";"83500";"2023";"L";"30/01/2023";"0";"01/01/2023";"31/01/2023";"13"
"UNIDADE DE GESTÃO DE EDUCAÇÃO";"12";"EDUCAÇÃO";"365";"EDUCAÇÃO INFANTIL";"2023";"476";"2020";"31";"5";"100032517";"ESCOLA DE EDUC.INFANT.IMAGINARIO KIDS S/S LTDA ME";"22024667000167";"INEXIGIBILIDADE";"0";"PROPRIA";"33903965";"SERVIÇOS DE APOIO AO ENSINO";"FORNECIMENTO DE VAGAS EM CRECHES";"38000";"2023";"L";"30/01/2023";"0";"01/01/2023";"31/01/2023";"13"
"UNIDADE DE GESTÃO DE EDUCAÇÃO";"12";"EDUCAÇÃO";"365";"EDUCAÇÃO INFANTIL";"2023";"477";"2019";"58";"5";"100026357";"JARDIM ESCOLA EDUCACAO E DESENV.INFANTIL LTDA ME";"17215192000156";"INEXIGIBILIDADE";"0";"PROPRIA";"33903965";"SERVIÇOS DE APOIO AO ENSINO";"FORNECIMENTO DE VAGAS EM CRECHES";"65550";"2023";"L";"30/01/2023";"0";"01/01/2023";"31/01/2023";"13"
"UNIDADE DE GESTÃO DE EDUCAÇÃO";"12";"EDUCAÇÃO";"361";"ENSINO FUNDAMENTAL";"2023";"478";"";"0";"0";"4010914";"INSTITUTO JUNDIAIENSE LUIZ BRAILLE";"50958859000186";"";"0";"PROPRIA";"33503901";"TERMO DE COLABORAÇÃO";"CONVENIO MROSC - LEI 13019/2014 - MARCO REGUL.ORG.SOC.CIVIL";"1258.33";"2023";"L";"23/01/2023";"0";"01/01/2023";"31/01/2023";"13"
"UNIDADE DE GESTÃO DE EDUCAÇÃO";"12";"EDUCAÇÃO";"361";"ENSINO FUNDAMENTAL";"2023";"479";"";"0";"0";"1000587";"ASSOC. DE PAIS E AMIGOS DO EXCEP. APAE DE JUNDIAÍ";"50956440000195";"";"0";"PROPRIA";"33503901";"TERMO DE COLABORAÇÃO";"CONVENIO MROSC - LEI 13019/2014 - MARCO REGUL.ORG.SOC.CIVIL";"11237.58";"2023";"L";"24/01/2023";"0";"01/01/2023";"31/01/2023";"13"
"UNIDADE DE GESTÃO DE EDUCAÇÃO";"12";"EDUCAÇÃO";"361";"ENSINO FUNDAMENTAL";"2023";"479";"";"0";"0";"1000587";"ASSOC. DE PAIS E AMIGOS DO EXCEP. APAE DE JUNDIAÍ";"50956440000195";"";"0";"PROPRIA";"33503901";"TERMO DE COLABORAÇÃO";"CONVENIO MROSC - LEI 13019/2014 - MARCO REGUL.ORG.SOC.CIVIL";"14100.9";"2023";"L";"30/01/2023";"0";"01/01/2023";"31/01/2023";"13"
"UNIDADE DE GESTÃO DE EDUCAÇÃO";"12";"EDUCAÇÃO";"365";"EDUCAÇÃO INFANTIL";"2023";"480";"2018";"23";"5";"100026287";"PICOLÉ ESCOLA DE EDUCAÇÃO INFANTIL LTDA ME";"01075356000157";"INEXIGIBILIDADE";"0";"PROPRIA";"33903965";"SERVIÇOS DE APOIO AO ENSINO";"FORNECIMENTO DE VAGAS EM CRECHES - TEMPO PARCIAL";"15000";"2023";"L";"30/01/2023";"0";"01/01/2023";"31/01/2023";"13"
"UNIDADE DE GESTÃO DE EDUCAÇÃO";"12";"EDUCAÇÃO";"365";"EDUCAÇÃO INFANTIL";"2023";"481";"2022";"9";"5";"100026325";"AMORINHA KIDS EDUC INFANTIL LTDA ME";"17072902000136";"INEXIGIBILIDADE";"0";"PROPRIA";"33903965";"SERVIÇOS DE APOIO AO ENSINO";"FORNECIMENTO DE VAGAS EM CRECHES";"39900";"2023";"L";"30/01/2023";"0";"01/01/2023";"31/01/2023";"13"
"UNIDADE DE GESTÃO DE EDUCAÇÃO";"12";"EDUCAÇÃO";"365";"EDUCAÇÃO INFANTIL";"2023";"482";"2019";"40";"5";"100022602";"ESCOLA DE EDUCAÇÃO INFANTIL MARA BRAUN LTDA EPP";"10310892000180";"INEXIGIBILIDADE";"0";"PROPRIA";"33903965";"SERVIÇOS DE APOIO AO ENSINO";"FORNECIMENTO DE VAGAS EM CRECHES";"83600";"2023";"L";"30/01/2023";"0";"01/01/2023";"31/01/2023";"13"
"UNIDADE DE GESTÃO DE EDUCAÇÃO";"12";"EDUCAÇÃO";"365";"EDUCAÇÃO INFANTIL";"2023";"483";"";"0";"0";"1000587";"ASSOC. DE PAIS E AMIGOS DO EXCEP. APAE DE JUNDIAÍ";"50956440000195";"";"0";"PROPRIA";"33503901";"TERMO DE COLABORAÇÃO";"CONVENIO MROSC - LEI 13019/2014 - MARCO REGUL.ORG.SOC.CIVIL";"42274.71";"2023";"L";"24/01/2023";"0";"01/01/2023";"31/01/2023";"13"
"UNIDADE DE GESTÃO DE EDUCAÇÃO";"12";"EDUCAÇÃO";"365";"EDUCAÇÃO INFANTIL";"2023";"483";"";"0";"0";"1000587";"ASSOC. DE PAIS E AMIGOS DO EXCEP. APAE DE JUNDIAÍ";"50956440000195";"";"0";"PROPRIA";"33503901";"TERMO DE COLABORAÇÃO";"CONVENIO MROSC - LEI 13019/2014 - MARCO REGUL.ORG.SOC.CIVIL";"53046.26";"2023";"L";"30/01/2023";"0";"01/01/2023";"31/01/2023";"13"
"UNIDADE DE GESTÃO DE EDUCAÇÃO";"12";"EDUCAÇÃO";"365";"EDUCAÇÃO INFANTIL";"2023";"484";"";"0";"0";"1000587";"ASSOC. DE PAIS E AMIGOS DO EXCEP. APAE DE JUNDIAÍ";"50956440000195";"";"0";"PROPRIA";"33503901";"TERMO DE COLABORAÇÃO";"CONVENIO MROSC - LEI 13019/2014 - MARCO REGUL.ORG.SOC.CIVIL";"14691.09";"2023";"L";"24/01/2023";"0";"01/01/2023";"31/01/2023";"13"
"UNIDADE DE GESTÃO DE EDUCAÇÃO";"12";"EDUCAÇÃO";"365";"EDUCAÇÃO INFANTIL";"2023";"484";"";"0";"0";"1000587";"ASSOC. DE PAIS E AMIGOS DO EXCEP. APAE DE JUNDIAÍ";"50956440000195";"";"0";"PROPRIA";"33503901";"TERMO DE COLABORAÇÃO";"CONVENIO MROSC - LEI 13019/2014 - MARCO REGUL.ORG.SOC.CIVIL";"17813.12";"2023";"L";"30/01/2023";"0";"01/01/2023";"31/01/2023";"13"
"UNIDADE DE GESTÃO DE EDUCAÇÃO";"12";"EDUCAÇÃO";"365";"EDUCAÇÃO INFANTIL";"2023";"485";"";"0";"0";"1008168";"ASSOC TERAP DE ESTIMO AUDITIVA E LINGUAGEM";"51910842000111";"";"0";"PROPRIA";"33503901";"TERMO DE COLABORAÇÃO";"CONVENIO MROSC - LEI 13019/2014 - MARCO REGUL.ORG.SOC.CIVIL";"36763.5";"2023";"L";"23/01/2023";"0";"01/01/2023";"31/01/2023";"13"
"UNIDADE DE GESTÃO DE EDUCAÇÃO";"12";"EDUCAÇÃO";"365";"EDUCAÇÃO INFANTIL";"2023";"485";"";"0";"0";"1008168";"ASSOC TERAP DE ESTIMO AUDITIVA E LINGUAGEM";"51910842000111";"";"0";"PROPRIA";"33503901";"TERMO DE COLABORAÇÃO";"CONVENIO MROSC - LEI 13019/2014 - MARCO REGUL.ORG.SOC.CIVIL";"60915.1";"2023";"L";"30/01/2023";"0";"01/01/2023";"31/01/2023";"13"
"UNIDADE DE GESTÃO DE EDUCAÇÃO";"12";"EDUCAÇÃO";"365";"EDUCAÇÃO INFANTIL";"2023";"486";"2021";"20";"5";"100034095";"ESCOLA DE EDUCACAO INFANTIL CASINHA KIDS LTDA ME";"20908787000100";"INEXIGIBILIDADE";"0";"PROPRIA";"33903965";"SERVIÇOS DE APOIO AO ENSINO";"FORNECIMENTO DE VAGAS EM CRECHES";"20000";"2023";"L";"30/01/2023";"0";"01/01/2023";"31/01/2023";"13"
"UNIDADE DE GESTÃO DE EDUCAÇÃO";"12";"EDUCAÇÃO";"361";"ENSINO FUNDAMENTAL";"2023";"487";"";"0";"0";"1000587";"ASSOC. DE PAIS E AMIGOS DO EXCEP. APAE DE JUNDIAÍ";"50956440000195";"";"0";"PROPRIA";"33503901";"TERMO DE COLABORAÇÃO";"CONVENIO MROSC - LEI 13019/2014 - MARCO REGUL.ORG.SOC.CIVIL";"44073.27";"2023";"L";"24/01/2023";"0";"01/01/2023";"31/01/2023";"13"
"UNIDADE DE GESTÃO DE EDUCAÇÃO";"12";"EDUCAÇÃO";"361";"ENSINO FUNDAMENTAL";"2023";"487";"";"0";"0";"1000587";"ASSOC. DE PAIS E AMIGOS DO EXCEP. APAE DE JUNDIAÍ";"50956440000195";"";"0";"PROPRIA";"33503901";"TERMO DE COLABORAÇÃO";"CONVENIO MROSC - LEI 13019/2014 - MARCO REGUL.ORG.SOC.CIVIL";"53439.35";"2023";"L";"30/01/2023";"0";"01/01/2023";"31/01/2023";"13"
"UNIDADE DE GESTÃO DE EDUCAÇÃO";"12";"EDUCAÇÃO";"361";"ENSINO FUNDAMENTAL";"2023";"488";"";"0";"0";"1008168";"ASSOC TERAP DE ESTIMO AUDITIVA E LINGUAGEM";"51910842000111";"";"0";"PROPRIA";"33503901";"TERMO DE COLABORAÇÃO";"CONVENIO MROSC - LEI 13019/2014 - MARCO REGUL.ORG.SOC.CIVIL";"10981.31";"2023";"L";"23/01/2023";"0";"01/01/2023";"31/01/2023";"13"
"UNIDADE DE GESTÃO DE EDUCAÇÃO";"12";"EDUCAÇÃO";"361";"ENSINO FUNDAMENTAL";"2023";"488";"";"0";"0";"1008168";"ASSOC TERAP DE ESTIMO AUDITIVA E LINGUAGEM";"51910842000111";"";"0";"PROPRIA";"33503901";"TERMO DE COLABORAÇÃO";"CONVENIO MROSC - LEI 13019/2014 - MARCO REGUL.ORG.SOC.CIVIL";"18195.42";"2023";"L";"30/01/2023";"0";"01/01/2023";"31/01/2023";"13"
"UNIDADE DE GESTÃO DE EDUCAÇÃO";"12";"EDUCAÇÃO";"365";"EDUCAÇÃO INFANTIL";"2023";"489";"2022";"35";"5";"100035543";"CENTRO EDUCACIONAL ESPACO CRIANCA LTDA EPP";"07652650000241";"INEXIGIBILIDADE";"0";"PROPRIA";"33903965";"SERVIÇOS DE APOIO AO ENSINO";"FORNECIMENTO DE VAGAS EM CRECHES";"31350";"2023";"L";"30/01/2023";"0";"01/01/2023";"31/01/2023";"13"
"UNIDADE DE GESTÃO DE EDUCAÇÃO";"12";"EDUCAÇÃO";"365";"EDUCAÇÃO INFANTIL";"2023";"490";"2021";"26";"5";"100045728";"TATIANE DEMARCHI BRANDAO ME";"36456072000195";"INEXIGIBILIDADE";"0";"PROPRIA";"33903965";"SERVIÇOS DE APOIO AO ENSINO";"FORNECIMENTO DE VAGAS EM CRECHES";"30000";"2023";"L";"30/01/2023";"0";"01/01/2023";"31/01/2023";"13"
"UNIDADE DE GESTÃO DE EDUCAÇÃO";"12";"EDUCAÇÃO";"365";"EDUCAÇÃO INFANTIL";"2023";"491";"2019";"50";"5";"100022780";"ESCOLA EDUC.INFANTIL PEDACINHO DO CÉU LTDA ME (FIL";"05455533000262";"INEXIGIBILIDADE";"0";"PROPRIA";"33903965";"SERVIÇOS DE APOIO AO ENSINO";"FORNECIMENTO DE VAGAS EM CRECHES";"129200";"2023";"L";"30/01/2023";"0";"01/01/2023";"31/01/2023";"13"
"UNIDADE DE GESTÃO DA CASA CIVIL";"4";"ADMINISTRAÇÃO";"122";"ADMINISTRAÇÃO GERAL";"2023";"492";"";"0";"0";"100026496";"PMJ-CRISTIANE ALONSO PESSOTO";"31758869810";"";"0";"PROPRIA";"33903099";"OUTROS MATERIAIS DE CONSUMO";"ADIANTAMENTOS(SERVIDORES).";"300";"2023";"L";"10/01/2023";"0";"01/01/2023";"31/01/2023";"3"
"UNIDADE DE GESTÃO DA CASA CIVIL";"4";"ADMINISTRAÇÃO";"122";"ADMINISTRAÇÃO GERAL";"2023";"493";"";"0";"0";"100026496";"PMJ-CRISTIANE ALONSO PESSOTO";"31758869810";"";"0";"PROPRIA";"33903999";"OUTROS SERVICOS DE TERCEIROS - PESSOA JURIDICA";"ADIANTAMENTOS(SERVIDORES).";"3000";"2023";"L";"10/01/2023";"0";"01/01/2023";"31/01/2023";"3"
"UNIDADE DE GESTÃO DE EDUCAÇÃO";"12";"EDUCAÇÃO";"365";"EDUCAÇÃO INFANTIL";"2023";"494";"2020";"30";"5";"100034099";"ESCOLA EDUC.INTANTIL CASINHA KIDS SANTA GIOVANA LT";"23816063000116";"INEXIGIBILIDADE";"0";"PROPRIA";"33903965";"SERVIÇOS DE APOIO AO ENSINO";"FORNECIMENTO DE VAGAS EM CRECHES - TEMPO PARCIAL";"40000";"2023";"L";"30/01/2023";"0";"01/01/2023";"31/01/2023";"13"
"UNIDADE DE GESTÃO DE EDUCAÇÃO";"12";"EDUCAÇÃO";"365";"EDUCAÇÃO INFANTIL";"2023";"495";"2019";"59";"5";"100022608";"ESCOLA DE EDUCAÇÃO INFANTIL ESPAÇO FELIZ LTDA.ME";"09081665000141";"INEXIGIBILIDADE";"0";"PROPRIA";"33903965";"SERVIÇOS DE APOIO AO ENSINO";"FORNECIMENTO DE VAGAS EM CRECHES";"48750";"2023";"L";"30/01/2023";"0";"01/01/2023";"31/01/2023";"13"
"UNIDADE DE GESTÃO DE EDUCAÇÃO";"12";"EDUCAÇÃO";"365";"EDUCAÇÃO INFANTIL";"2023";"496";"2019";"36";"5";"100022766";"PAULO SERGIO SILVA EDUCAÇÃO INFANTIL LTDA ME";"08315956000194";"INEXIGIBILIDADE";"0";"PROPRIA";"33903965";"SERVIÇOS DE APOIO AO ENSINO";"FORNECIMENTO DE VAGAS EM CRECHES";"53200";"2023";"L";"30/01/2023";"0";"01/01/2023";"31/01/2023";"13"
"UNIDADE DE GESTÃO DE EDUCAÇÃO";"12";"EDUCAÇÃO";"365";"EDUCAÇÃO INFANTIL";"2023";"497";"2019";"52";"5";"100022579";"COLEGIO VIDEIRA LTDA ME";"11056503000103";"INEXIGIBILIDADE";"0";"PROPRIA";"33903965";"SERVIÇOS DE APOIO AO ENSINO";"FORNECIMENTO DE VAGAS EM CRECHES";"20000";"2023";"L";"30/01/2023";"0";"01/01/2023";"31/01/2023";"13"
"UNIDADE DE GESTÃO DE INFRAEST. E SERVIÇOS PÚBLICOS";"18";"GESTÃO AMBIENTAL";"452";"SERVIÇOS URBANOS";"2023";"499";"2017";"124";"14";"100035398";"FBF CONSTRUÇÕES E SERVIÇOS LTDA";"02542939000103";"PREGÃO ELETRÔNICO";"0";"PROPRIA";"33903978";"LIMPEZA E CONSERVACAO";"LIMPEZA. CONSERVACAO. MANUTENCAO DE AREAS E EQUIPAMENTOS";"2672978.91";"2023";"L";"17/01/2023";"0";"01/01/2023";"31/01/2023";"10"
"UNIDADE DE GESTÃO DE MOBILIDADE E TRANSPORTE";"15";"URBANISMO";"451";"INFRA-ESTRUTURA URBANA";"2023";"500";"2019";"11";"2";"1069053";"MAURO MOTOS LTDA ME";"67165670000139";"CONVITE";"0";"PROPRIA";"33903039";"MATERIAL PARA MANUTENCAO DE VEICULOS";"PECA DE REPOSICAO ORIGINAL-MANUTENCAO MECANICA MOTO YAMAHA";"104.5";"2023";"L";"23/01/2023";"0";"01/01/2023";"31/01/2023";"12"
"UNIDADE DE GESTÃO DE MOBILIDADE E TRANSPORTE";"15";"URBANISMO";"451";"INFRA-ESTRUTURA URBANA";"2023";"500";"2019";"11";"2";"1069053";"MAURO MOTOS LTDA ME";"67165670000139";"CONVITE";"0";"PROPRIA";"33903039";"MATERIAL PARA MANUTENCAO DE VEICULOS";"PECA DE REPOSICAO ORIGINAL-MANUTENCAO MECANICA MOTO YAMAHA";"161.5";"2023";"L";"25/01/2023";"0";"01/01/2023";"31/01/2023";"12"
"UNIDADE DE GESTÃO DE MOBILIDADE E TRANSPORTE";"15";"URBANISMO";"451";"INFRA-ESTRUTURA URBANA";"2023";"500";"2019";"11";"2";"1069053";"MAURO MOTOS LTDA ME";"67165670000139";"CONVITE";"0";"PROPRIA";"33903039";"MATERIAL PARA MANUTENCAO DE VEICULOS";"PECA DE REPOSICAO ORIGINAL-MANUTENCAO MECANICA MOTO HONDA";"66.5";"2023";"L";"31/01/2023";"0";"01/01/2023";"31/01/2023";"12"
"UNIDADE GESTÃO DE ASSISTÊNCIA E DESENVOLV. SOCIAL";"8";"ASSISTÊNCIA SOCIAL";"244";"ASSISTÊNCIA COMUNITÁRIA";"2023";"505";"";"0";"0";"100048619";"CRISTINA PINHEIRO";"43959933894";"";"0";"PROPRIA";"33904899";"DEMAIS AUXÍLIOS FINANCEIROS A PESSOAS FÍSICAS";"AUXILIO VULNERABILIDADE";"850";"2023";"L";"12/01/2023";"0";"01/01/2023";"31/01/2023";"15"
"UNIDADE GESTÃO DE ASSISTÊNCIA E DESENVOLV. SOCIAL";"8";"ASSISTÊNCIA SOCIAL";"244";"ASSISTÊNCIA COMUNITÁRIA";"2023";"506";"";"0";"0";"100047479";"DAIANE CRISTINA FELIX";"37888964850";"";"0";"PROPRIA";"33904899";"DEMAIS AUXÍLIOS FINANCEIROS A PESSOAS FÍSICAS";"AUXILIO VULNERABILIDADE";"850";"2023";"L";"12/01/2023";"0";"01/01/2023";"31/01/2023";"15"
"UNIDADE GESTÃO DE ASSISTÊNCIA E DESENVOLV. SOCIAL";"8";"ASSISTÊNCIA SOCIAL";"244";"ASSISTÊNCIA COMUNITÁRIA";"2023";"507";"";"0";"0";"100048302";"SIDNEY DE PAULA MARIA";"27565783803";"";"0";"PROPRIA";"33904899";"DEMAIS AUXÍLIOS FINANCEIROS A PESSOAS FÍSICAS";"AUXILIO VULNERABILIDADE";"350";"2023";"L";"12/01/2023";"0";"01/01/2023";"31/01/2023";"15"
"UNIDADE GESTÃO DE ASSISTÊNCIA E DESENVOLV. SOCIAL";"8";"ASSISTÊNCIA SOCIAL";"244";"ASSISTÊNCIA COMUNITÁRIA";"2023";"508";"";"0";"0";"100047723";"ALINE SILVINO DA CONCEIÇÃO";"34731401801";"";"0";"PROPRIA";"33904899";"DEMAIS AUXÍLIOS FINANCEIROS A PESSOAS FÍSICAS";"AUXILIO VULNERABILIDADE";"850";"2023";"L";"12/01/2023";"0";"01/01/2023";"31/01/2023";"15"
"UNIDADE GESTÃO DE ASSISTÊNCIA E DESENVOLV. SOCIAL";"8";"ASSISTÊNCIA SOCIAL";"244";"ASSISTÊNCIA COMUNITÁRIA";"2023";"509";"";"0";"0";"100048355";"MARIA APARECIDA DE OLIVEIRA SOUZA";"14364912824";"";"0";"PROPRIA";"33904899";"DEMAIS AUXÍLIOS FINANCEIROS A PESSOAS FÍSICAS";"AUXILIO VULNERABILIDADE";"350";"2023";"L";"12/01/2023";"0";"01/01/2023";"31/01/2023";"15"
"UNIDADE GESTÃO DE ASSISTÊNCIA E DESENVOLV. SOCIAL";"8";"ASSISTÊNCIA SOCIAL";"244";"ASSISTÊNCIA COMUNITÁRIA";"2023";"510";"";"0";"0";"100044180";"ROSEMARY DE SOUZA";"10241561841";"";"0";"PROPRIA";"33904899";"DEMAIS AUXÍLIOS FINANCEIROS A PESSOAS FÍSICAS";"AUXILIO VULNERABILIDADE";"500";"2023";"L";"12/01/2023";"0";"01/01/2023";"31/01/2023";"15"
"UNIDADE GESTÃO DE ASSISTÊNCIA E DESENVOLV. SOCIAL";"8";"ASSISTÊNCIA SOCIAL";"244";"ASSISTÊNCIA COMUNITÁRIA";"2023";"511";"";"0";"0";"100035909";"JAQUELINE FERNANDES DANTAS";"37734511805";"";"0";"PROPRIA";"33904899";"DEMAIS AUXÍLIOS FINANCEIROS A PESSOAS FÍSICAS";"AUXILIO VULNERABILIDADE";"850";"2023";"L";"12/01/2023";"0";"01/01/2023";"31/01/2023";"15"
"UNIDADE GESTÃO DE ASSISTÊNCIA E DESENVOLV. SOCIAL";"8";"ASSISTÊNCIA SOCIAL";"244";"ASSISTÊNCIA COMUNITÁRIA";"2023";"512";"";"0";"0";"100047068";"JOYCE CAROLINE FERNANDES DANTAS";"43623413828";"";"0";"PROPRIA";"33904899";"DEMAIS AUXÍLIOS FINANCEIROS A PESSOAS FÍSICAS";"AUXILIO VULNERABILIDADE";"850";"2023";"L";"12/01/2023";"0";"01/01/2023";"31/01/2023";"15"
"UNIDADE GESTÃO DE ASSISTÊNCIA E DESENVOLV. SOCIAL";"8";"ASSISTÊNCIA SOCIAL";"244";"ASSISTÊNCIA COMUNITÁRIA";"2023";"514";"";"0";"0";"100039268";"BENEDITA APARECIDA DA SILVA FRANCO BISPO";"22780501847";"";"0";"PROPRIA";"33904899";"DEMAIS AUXÍLIOS FINANCEIROS A PESSOAS FÍSICAS";"AUXILIO VULNERABILIDADE";"850";"2023";"L";"16/01/2023";"0";"01/01/2023";"31/01/2023";"15"
"UNIDADE GESTÃO DE ASSISTÊNCIA E DESENVOLV. SOCIAL";"8";"ASSISTÊNCIA SOCIAL";"244";"ASSISTÊNCIA COMUNITÁRIA";"2023";"515";"";"0";"0";"100049062";"JOSE CARLOS DE OLIVEIRA";"11937876888";"";"0";"PROPRIA";"33904899";"DEMAIS AUXÍLIOS FINANCEIROS A PESSOAS FÍSICAS";"AUXILIO VULNERABILIDADE";"500";"2023";"L";"16/01/2023";"0";"01/01/2023";"31/01/2023";"15"
"UNIDADE GESTÃO DE ASSISTÊNCIA E DESENVOLV. SOCIAL";"8";"ASSISTÊNCIA SOCIAL";"244";"ASSISTÊNCIA COMUNITÁRIA";"2023";"516";"";"0";"0";"100033047";"SUE ELLEN APARECIDA PRETEROTTI";"35509301864";"";"0";"PROPRIA";"33904899";"DEMAIS AUXÍLIOS FINANCEIROS A PESSOAS FÍSICAS";"AUXILIO VULNERABILIDADE";"850";"2023";"L";"16/01/2023";"0";"01/01/2023";"31/01/2023";"15"
"UNIDADE GESTÃO DE ASSISTÊNCIA E DESENVOLV. SOCIAL";"8";"ASSISTÊNCIA SOCIAL";"244";"ASSISTÊNCIA COMUNITÁRIA";"2023";"517";"";"0";"0";"100049049";"MARIA JOSE DOS SANTOS";"27436669869";"";"0";"PROPRIA";"33904899";"DEMAIS AUXÍLIOS FINANCEIROS A PESSOAS FÍSICAS";"AUXILIO VULNERABILIDADE";"500";"2023";"L";"16/01/2023";"0";"01/01/2023";"31/01/2023";"15"
"UNIDADE GESTÃO DE ASSISTÊNCIA E DESENVOLV. SOCIAL";"8";"ASSISTÊNCIA SOCIAL";"244";"ASSISTÊNCIA COMUNITÁRIA";"2023";"518";"";"0";"0";"100049033";"PAULO CESAR RODRIGUES CARIA";"36607452191";"";"0";"PROPRIA";"33904899";"DEMAIS AUXÍLIOS FINANCEIROS A PESSOAS FÍSICAS";"AUXILIO VULNERABILIDADE";"500";"2023";"L";"16/01/2023";"0";"01/01/2023";"31/01/2023";"15"
"UNIDADE GESTÃO DE ASSISTÊNCIA E DESENVOLV. SOCIAL";"8";"ASSISTÊNCIA SOCIAL";"244";"ASSISTÊNCIA COMUNITÁRIA";"2023";"519";"";"0";"0";"100043962";"ANA PAULA INACIO DA SILVA";"23592088882";"";"0";"PROPRIA";"33904899";"DEMAIS AUXÍLIOS FINANCEIROS A PESSOAS FÍSICAS";"AUXILIO VULNERABILIDADE";"500";"2023";"L";"16/01/2023";"0";"01/01/2023";"31/01/2023";"15"
"UNIDADE DE GESTÃO DE GOVERNO E FINANÇAS";"28";"ENCARGOS ESPECIAIS";"846";"OUTROS ENCARGOS ESPECIAIS";"2023";"521";"";"0";"0";"100043654";"LIMA JUNIOR.DOMENE E ADV. ASSOCIADOS";"25168416000144";"";"0";"PROPRIA";"33909115";"SENTENÇAS JUDICIAIS DE PEQUENO VALOR";"DESPESAS OBRIGATORIAS E/OU JUDICIAIS(P. JURIDICAS).";"381.49";"2023";"L";"10/01/2023";"0";"01/01/2023";"31/01/2023";"8"
"UNIDADE DE GESTÃO DE GOVERNO E FINANÇAS";"28";"ENCARGOS ESPECIAIS";"846";"OUTROS ENCARGOS ESPECIAIS";"2023";"522";"";"0";"0";"100034023";"PAULECIR BLANCO";"36146584819";"";"0";"PROPRIA";"33909115";"SENTENÇAS JUDICIAIS DE PEQUENO VALOR";"DESPESAS OBRIGATORIAS E/OU JUDICIAIS(P. FISICAS).";"526.02";"2023";"L";"10/01/2023";"0";"01/01/2023";"31/01/2023";"8"
"UNIDADE DE GESTÃO DE GOVERNO E FINANÇAS";"28";"ENCARGOS ESPECIAIS";"846";"OUTROS ENCARGOS ESPECIAIS";"2023";"523";"";"0";"0";"100036614";"ROBERTO BARBOSA LEAL";"24694915843";"";"0";"PROPRIA";"33909115";"SENTENÇAS JUDICIAIS DE PEQUENO VALOR";"DESPESAS OBRIGATORIAS E/OU JUDICIAIS(P. FISICAS).";"1126.95";"2023";"L";"10/01/2023";"0";"01/01/2023";"31/01/2023";"8"
"UNIDADE GESTÃO DE ASSISTÊNCIA E DESENVOLV. SOCIAL";"8";"ASSISTÊNCIA SOCIAL";"244";"ASSISTÊNCIA COMUNITÁRIA";"2023";"532";"";"0";"0";"100049030";"ROBERTA DOS SANTOS SILVA";"11843428490";"";"0";"PROPRIA";"33904899";"DEMAIS AUXÍLIOS FINANCEIROS A PESSOAS FÍSICAS";"AUXILIO VULNERABILIDADE";"350";"2023";"L";"12/01/2023";"0";"01/01/2023";"31/01/2023";"15"
"UNIDADE GESTÃO DE ASSISTÊNCIA E DESENVOLV. SOCIAL";"8";"ASSISTÊNCIA SOCIAL";"244";"ASSISTÊNCIA COMUNITÁRIA";"2023";"533";"";"0";"0";"100049051";"SUELEN SANTOS DA SILVA";"38703598896";"";"0";"PROPRIA";"33904899";"DEMAIS AUXÍLIOS FINANCEIROS A PESSOAS FÍSICAS";"AUXILIO VULNERABILIDADE";"350";"2023";"L";"12/01/2023";"0";"01/01/2023";"31/01/2023";"15"
"UNIDADE GESTÃO DE ASSISTÊNCIA E DESENVOLV. SOCIAL";"8";"ASSISTÊNCIA SOCIAL";"244";"ASSISTÊNCIA COMUNITÁRIA";"2023";"534";"";"0";"0";"100049050";"WALBER OLIVEIRA AMORIM";"17361409733";"";"0";"PROPRIA";"33904899";"DEMAIS AUXÍLIOS FINANCEIROS A PESSOAS FÍSICAS";"AUXILIO VULNERABILIDADE";"350";"2023";"L";"12/01/2023";"0";"01/01/2023";"31/01/2023";"15"
"UNIDADE GESTÃO DE ASSISTÊNCIA E DESENVOLV. SOCIAL";"8";"ASSISTÊNCIA SOCIAL";"244";"ASSISTÊNCIA COMUNITÁRIA";"2023";"535";"";"0";"0";"100049029";"SIMONE DIAS";"28761762890";"";"0";"PROPRIA";"33904899";"DEMAIS AUXÍLIOS FINANCEIROS A PESSOAS FÍSICAS";"AUXILIO VULNERABILIDADE";"350";"2023";"L";"12/01/2023";"0";"01/01/2023";"31/01/2023";"15"
"UNIDADE GESTÃO DE ASSISTÊNCIA E DESENVOLV. SOCIAL";"8";"ASSISTÊNCIA SOCIAL";"244";"ASSISTÊNCIA COMUNITÁRIA";"2023";"536";"";"0";"0";"100049031";"KETER DE FARIA FERNANDES";"44690165866";"";"0";"PROPRIA";"33904899";"DEMAIS AUXÍLIOS FINANCEIROS A PESSOAS FÍSICAS";"AUXILIO VULNERABILIDADE";"350";"2023";"L";"12/01/2023";"0";"01/01/2023";"31/01/2023";"15"
"UNIDADE GESTÃO DE ASSISTÊNCIA E DESENVOLV. SOCIAL";"8";"ASSISTÊNCIA SOCIAL";"244";"ASSISTÊNCIA COMUNITÁRIA";"2023";"537";"";"0";"0";"100049032";"LARISSA ADELAIDE DA SILVA TOMAZ";"44913203819";"";"0";"PROPRIA";"33904899";"DEMAIS AUXÍLIOS FINANCEIROS A PESSOAS FÍSICAS";"AUXILIO VULNERABILIDADE";"350";"2023";"L";"12/01/2023";"0";"01/01/2023";"31/01/2023";"15"
"UNIDADE GESTÃO DE ASSISTÊNCIA E DESENVOLV. SOCIAL";"8";"ASSISTÊNCIA SOCIAL";"244";"ASSISTÊNCIA COMUNITÁRIA";"2023";"538";"";"0";"0";"100045316";"TAMIRES SANTOS DA SILVA";"34494555835";"";"0";"PROPRIA";"33904899";"DEMAIS AUXÍLIOS FINANCEIROS A PESSOAS FÍSICAS";"AUXILIO VULNERABILIDADE";"350";"2023";"L";"12/01/2023";"0";"01/01/2023";"31/01/2023";"15"
"UNIDADE GESTÃO DE ASSISTÊNCIA E DESENVOLV. SOCIAL";"8";"ASSISTÊNCIA SOCIAL";"244";"ASSISTÊNCIA COMUNITÁRIA";"2023";"539";"";"0";"0";"100049060";"MARIA DE FATIMA GALDINO JACINTO";"33089665816";"";"0";"PROPRIA";"33904899";"DEMAIS AUXÍLIOS FINANCEIROS A PESSOAS FÍSICAS";"AUXILIO VULNERABILIDADE";"350";"2023";"L";"12/01/2023";"0";"01/01/2023";"31/01/2023";"15"
"UNIDADE GESTÃO DE ASSISTÊNCIA E DESENVOLV. SOCIAL";"8";"ASSISTÊNCIA SOCIAL";"244";"ASSISTÊNCIA COMUNITÁRIA";"2023";"540";"";"0";"0";"100049061";"CLAUDINEIA DE CARVALHO";"12346548650";"";"0";"PROPRIA";"33904899";"DEMAIS AUXÍLIOS FINANCEIROS A PESSOAS FÍSICAS";"AUXILIO VULNERABILIDADE";"350";"2023";"L";"12/01/2023";"0";"01/01/2023";"31/01/2023";"15"
"UNIDADE GESTÃO DE ASSISTÊNCIA E DESENVOLV. SOCIAL";"8";"ASSISTÊNCIA SOCIAL";"244";"ASSISTÊNCIA COMUNITÁRIA";"2023";"541";"";"0";"0";"100049028";"NATHALIA LAURIENE VICENTE DECANTI";"43369262800";"";"0";"PROPRIA";"33904899";"DEMAIS AUXÍLIOS FINANCEIROS A PESSOAS FÍSICAS";"AUXILIO VULNERABILIDADE";"350";"2023";"L";"12/01/2023";"0";"01/01/2023";"31/01/2023";"15"
"UNIDADE DE GESTÃO DE INFRAEST. E SERVIÇOS PÚBLICOS";"4";"ADMINISTRAÇÃO";"122";"ADMINISTRAÇÃO GERAL";"2023";"543";"2019";"3";"7";"1097369";"DENAC COM DE PECAS P/ TRATORES LTDA EPP";"52018330000108";"CONCORRENCIA(LEI 8666-93)";"0";"PROPRIA";"33903917";"MANUTENCAO E CONSERVACAO DE MAQUINAS E EQUIPAMENTO";"MANUTENCAO MECANICA DE MAQUINAS";"700";"2023";"L";"25/01/2023";"0";"01/01/2023";"31/01/2023";"10"
"UNIDADE DE GESTÃO DE INFRAEST. E SERVIÇOS PÚBLICOS";"4";"ADMINISTRAÇÃO";"122";"ADMINISTRAÇÃO GERAL";"2023";"543";"2019";"3";"7";"1097369";"DENAC COM DE PECAS P/ TRATORES LTDA EPP";"52018330000108";"CONCORRENCIA(LEI 8666-93)";"0";"PROPRIA";"33903917";"MANUTENCAO E CONSERVACAO DE MAQUINAS E EQUIPAMENTO";"MANUTENCAO ELETRICA DE MAQUINAS";"350";"2023";"L";"27/01/2023";"0";"01/01/2023";"31/01/2023";"10"
"UNIDADE DE GESTÃO DE INFRAEST. E SERVIÇOS PÚBLICOS";"4";"ADMINISTRAÇÃO";"122";"ADMINISTRAÇÃO GERAL";"2023";"544";"2019";"3";"7";"1097369";"DENAC COM DE PECAS P/ TRATORES LTDA EPP";"52018330000108";"CONCORRENCIA(LEI 8666-93)";"0";"PROPRIA";"33903025";"MATERIAL PARA MANUTENCAO DE BENS MOVEIS";"PECAS PARA MANUTENCAO MECANICA DE MAQUINAS";"11978.05";"2023";"L";"24/01/2023";"0";"01/01/2023";"31/01/2023";"10"
"UNIDADE DE GESTÃO DE INFRAEST. E SERVIÇOS PÚBLICOS";"4";"ADMINISTRAÇÃO";"122";"ADMINISTRAÇÃO GERAL";"2023";"544";"2019";"3";"7";"1097369";"DENAC COM DE PECAS P/ TRATORES LTDA EPP";"52018330000108";"CONCORRENCIA(LEI 8666-93)";"0";"PROPRIA";"33903025";"MATERIAL PARA MANUTENCAO DE BENS MOVEIS";"PECAS PARA MANUTENCAO ELETRICA DE MAQUINAS";"705.59";"2023";"L";"24/01/2023";"0";"01/01/2023";"31/01/2023";"10"
"UNIDADE DE GESTÃO DE EDUCAÇÃO";"12";"EDUCAÇÃO";"306";"ALIMENTAÇÃO E NUTRIÇÃO";"2023";"548";"2022";"383";"14";"100011201";"NUTRICIONALE COMERCIO DE ALIMENTOS LTDA";"08528442000117";"PREGÃO ELETRÔNICO";"6108";"QUOTA DO SALARIO EDUCACAO";"33903007";"GENEROS DE ALIMENTACAO";"FERMENTO QUIMICO EM PO. COM 100 G.";"480";"2023";"L";"31/01/2023";"0";"01/01/2023";"31/01/2023";"13"
"UNIDADE DE GESTÃO DE EDUCAÇÃO";"12";"EDUCAÇÃO";"306";"ALIMENTAÇÃO E NUTRIÇÃO";"2023";"549";"2022";"383";"14";"100046626";"NUTRITE COMERCIO DE ALIMENTOS LTDA. EPP";"10364908000138";"PREGÃO ELETRÔNICO";"6108";"QUOTA DO SALARIO EDUCACAO";"33903007";"GENEROS DE ALIMENTACAO";"FUBA DE MILHO. SEM GLUTEN";"428.4";"2023";"L";"31/01/2023";"0";"01/01/2023";"31/01/2023";"13"
"UNIDADE DE GESTÃO DE GOVERNO E FINANÇAS";"28";"ENCARGOS ESPECIAIS";"846";"OUTROS ENCARGOS ESPECIAIS";"2023";"568";"";"0";"0";"100034572";"DEFENSORIA PÚBLICA DO ESTADO DE SÃO PAULO";"08036157000189";"";"0";"PROPRIA";"33909115";"SENTENÇAS JUDICIAIS DE PEQUENO VALOR";"DESPESAS OBRIGATORIAS E/OU JUDICIAIS(P. JURIDICAS).";"1258.77";"2023";"L";"11/01/2023";"0";"01/01/2023";"31/01/2023";"8"
"UNIDADE DE GESTÃO DE GOVERNO E FINANÇAS";"28";"ENCARGOS ESPECIAIS";"846";"OUTROS ENCARGOS ESPECIAIS";"2023";"569";"";"0";"0";"100034572";"DEFENSORIA PÚBLICA DO ESTADO DE SÃO PAULO";"08036157000189";"";"0";"PROPRIA";"33909115";"SENTENÇAS JUDICIAIS DE PEQUENO VALOR";"DESPESAS OBRIGATORIAS E/OU JUDICIAIS(P. JURIDICAS).";"1819.31";"2023";"L";"11/01/2023";"0";"01/01/2023";"31/01/2023";"8"
"UNIDADE DE GESTÃO DE PROMOÇÃO DA SAÚDE";"10";"SAÚDE";"302";"ASSISTÊNCIA HOSPITALAR E AMBULATORIAL";"2023";"572";"";"0";"0";"100003205";"REDE DE ASSIST VICENTINA DE JUNDIAI";"50971720000172";"";"0";"PROPRIA";"33503956";"OUTROS SERVIÇOS DE ASSISTÊNCIA À SAÚDE";"SERVICOS DE SAUDE(P. JURIDICAS).";"132000";"2023";"L";"23/01/2023";"0";"01/01/2023";"31/01/2023";"14"
"UNIDADE DE GESTÃO DE SEGURANÇA MUNICIPAL";"6";"SEGURANÇA PÚBLICA";"181";"POLICIAMENTO";"2023";"574";"2017";"276";"14";"100024238";"MULTIWAY COMERCIO E REPRESENTACOES LTDA.";"56681562000100";"PREGÃO ELETRÔNICO";"0";"PROPRIA";"33903977";"VIGILANCIA OSTENSIVA";"PRESTACAO DE SERVICO PARA VIDEOMONITORAMENTO.";"27590.86";"2023";"L";"26/01/2023";"0";"01/01/2023";"31/01/2023";"19"
"UNIDADE DE GESTÃO DE PROMOÇÃO DA SAÚDE";"10";"SAÚDE";"302";"ASSISTÊNCIA HOSPITALAR E AMBULATORIAL";"2023";"575";"";"0";"0";"100012604";"FOLHA DE PAGAMENTO";"45780103000150";"";"0";"PROPRIA";"31900411";"SALÁRIOS - CONTRATO TEMPORÁRIO";"FOLHA DE PAGAMENTO";"1426.93";"2023";"L";"10/01/2023";"0";"01/01/2023";"31/01/2023";"14"
"UNIDADE DE GESTÃO DE PROMOÇÃO DA SAÚDE";"10";"SAÚDE";"302";"ASSISTÊNCIA HOSPITALAR E AMBULATORIAL";"2023";"576";"";"0";"0";"100012604";"FOLHA DE PAGAMENTO";"45780103000150";"";"0";"PROPRIA";"31900411";"SALÁRIOS - CONTRATO TEMPORÁRIO";"FOLHA DE PAGAMENTO";"52.08";"2023";"L";"10/01/2023";"0";"01/01/2023";"31/01/2023";"14"
"UNIDADE DE GESTÃO DE PROMOÇÃO DA SAÚDE";"10";"SAÚDE";"302";"ASSISTÊNCIA HOSPITALAR E AMBULATORIAL";"2023";"577";"";"0";"0";"100012604";"FOLHA DE PAGAMENTO";"45780103000150";"";"0";"PROPRIA";"31900414";"FERIAS - ABONO CONSTITUCIONAL - CONTRATO TEMPORÁRI";"FOLHA DE PAGAMENTO";"31459.69";"2023";"L";"10/01/2023";"0";"01/01/2023";"31/01/2023";"14"
"UNIDADE DE GESTÃO DE PROMOÇÃO DA SAÚDE";"10";"SAÚDE";"302";"ASSISTÊNCIA HOSPITALAR E AMBULATORIAL";"2023";"578";"";"0";"0";"4016168";"I.N.S.S -INST.NACIONAL DE SEGURO SOCIAL";"29979036000140";"";"0";"PROPRIA";"31900416";"OBRIGAÇÕES PATRONAIS - INSS - CONTRATO TEMPORÁRIO";"FOLHA DE PAGAMENTO";"1335.35";"2023";"L";"10/01/2023";"0";"01/01/2023";"31/01/2023";"14"
"UNIDADE DE GESTÃO DE PROMOÇÃO DA SAÚDE";"10";"SAÚDE";"302";"ASSISTÊNCIA HOSPITALAR E AMBULATORIAL";"2023";"579";"";"0";"0";"4000055";"FUNDO DE GARANTIA POR TEMPO DE SERVICO";"00360305000104";"";"0";"PROPRIA";"31900417";"OBRIGAÇÕES PATRONAIS - FGTS - CONTRATO TEMPORÁRIO";"FOLHA DE PAGAMENTO";"395.64";"2023";"L";"10/01/2023";"0";"01/01/2023";"31/01/2023";"14"
"UNIDADE DE GESTÃO DE PROMOÇÃO DA SAÚDE";"10";"SAÚDE";"302";"ASSISTÊNCIA HOSPITALAR E AMBULATORIAL";"2023";"580";"";"0";"0";"100012604";"FOLHA DE PAGAMENTO";"45780103000150";"";"0";"PROPRIA";"31900499";"OUTRAS CONTRATACOES POR TEMPO DETERMINADO";"FOLHA DE PAGAMENTO";"3466.72";"2023";"L";"10/01/2023";"0";"01/01/2023";"31/01/2023";"14"
"UNIDADE DE GESTÃO DE PROMOÇÃO DA SAÚDE";"10";"SAÚDE";"302";"ASSISTÊNCIA HOSPITALAR E AMBULATORIAL";"2023";"581";"";"0";"0";"100012604";"FOLHA DE PAGAMENTO";"45780103000150";"";"0";"PROPRIA";"33904901";"INDENIZACAO AUXILIO TRANSPORTE";"FOLHA DE PAGAMENTO";"20";"2023";"L";"10/01/2023";"0";"01/01/2023";"31/01/2023";"14"
"UNIDADE DE GESTÃO DE SEGURANÇA MUNICIPAL";"6";"SEGURANÇA PÚBLICA";"181";"POLICIAMENTO";"2023";"582";"2017";"276";"14";"100019761";"EGIS - ENGENHARIA E CONSULTORIA LTDA";"44239135000503";"PREGÃO ELETRÔNICO";"0";"PROPRIA";"33903977";"VIGILANCIA OSTENSIVA";"PRESTACAO DE SERVICO PARA VIDEOMONITORAMENTO.";"45871.74";"2023";"L";"26/01/2023";"0";"01/01/2023";"31/01/2023";"19"
"UNIDADE DE GESTÃO DE SEGURANÇA MUNICIPAL";"6";"SEGURANÇA PÚBLICA";"181";"POLICIAMENTO";"2023";"583";"2017";"276";"14";"100010328";"POWER SYSTEMS COMERCIO E SERVICOS EIRELI";"04215143000171";"PREGÃO ELETRÔNICO";"0";"PROPRIA";"33903977";"VIGILANCIA OSTENSIVA";"PRESTACAO DE SERVICO PARA VIDEOMONITORAMENTO.";"72542.5";"2023";"L";"26/01/2023";"0";"01/01/2023";"31/01/2023";"19"
"UNIDADE DE GESTÃO DE INFRAEST. E SERVIÇOS PÚBLICOS";"18";"GESTÃO AMBIENTAL";"452";"SERVIÇOS URBANOS";"2023";"585";"2017";"320";"14";"100022295";"SBR SOLUÇÕES EM BENEFIC.DE RESÍDUOS E COM. LTDA";"12610079000151";"PREGÃO ELETRÔNICO";"0";"PROPRIA";"33903916";"MANUTENCAO E CONSERVACAO DE BENS IMOVEIS";"PRESTACAO SERVICOS TRIAGEM. BENEFIC. RESIDUOS CONSTR. CIVIL";"1480824.91";"2023";"L";"18/01/2023";"0";"01/01/2023";"31/01/2023";"10"
"UNIDADE GESTÃO DE ASSISTÊNCIA E DESENVOLV. SOCIAL";"8";"ASSISTÊNCIA SOCIAL";"244";"ASSISTÊNCIA COMUNITÁRIA";"2023";"586";"";"0";"0";"100047715";"EZEQUIEL ENRIQUE AYALA ALMEIDA";"33889861857";"";"0";"PROPRIA";"33904899";"DEMAIS AUXÍLIOS FINANCEIROS A PESSOAS FÍSICAS";"AUXILIO VULNERABILIDADE";"500";"2023";"L";"16/01/2023";"0";"01/01/2023";"31/01/2023";"15"
"UNIDADE GESTÃO DE ASSISTÊNCIA E DESENVOLV. SOCIAL";"8";"ASSISTÊNCIA SOCIAL";"244";"ASSISTÊNCIA COMUNITÁRIA";"2023";"587";"";"0";"0";"4010880";"LAR NOSSA SENHORA DAS GRAÇAS";"61000683001062";"";"0";"PROPRIA";"33503901";"TERMO DE COLABORAÇÃO";"CONVENIO MROSC - LEI 13019/2014 - MARCO REGUL.ORG.SOC.CIVIL";"187500";"2023";"L";"19/01/2023";"0";"01/01/2023";"31/01/2023";"15"
"UNIDADE GESTÃO DE ASSISTÊNCIA E DESENVOLV. SOCIAL";"8";"ASSISTÊNCIA SOCIAL";"244";"ASSISTÊNCIA COMUNITÁRIA";"2023";"587";"";"0";"0";"4010880";"LAR NOSSA SENHORA DAS GRAÇAS";"61000683001062";"";"0";"PROPRIA";"33503901";"TERMO DE COLABORAÇÃO";"CONVENIO MROSC - LEI 13019/2014 - MARCO REGUL.ORG.SOC.CIVIL";"187500";"2023";"L";"31/01/2023";"0";"01/01/2023";"31/01/2023";"15"
"UNIDADE GESTÃO DE ASSISTÊNCIA E DESENVOLV. SOCIAL";"8";"ASSISTÊNCIA SOCIAL";"244";"ASSISTÊNCIA COMUNITÁRIA";"2023";"588";"";"0";"0";"100049083";"NAYARA EVELYN CARVALHO THANS";"45056966851";"";"0";"PROPRIA";"33904899";"DEMAIS AUXÍLIOS FINANCEIROS A PESSOAS FÍSICAS";"AUXILIO VULNERABILIDADE";"350";"2023";"L";"16/01/2023";"0";"01/01/2023";"31/01/2023";"15"
"UNIDADE GESTÃO DE ASSISTÊNCIA E DESENVOLV. SOCIAL";"8";"ASSISTÊNCIA SOCIAL";"244";"ASSISTÊNCIA COMUNITÁRIA";"2023";"589";"";"0";"0";"100049082";"JUCIELE DA SILVA GOMES";"44815886830";"";"0";"PROPRIA";"33904899";"DEMAIS AUXÍLIOS FINANCEIROS A PESSOAS FÍSICAS";"AUXILIO VULNERABILIDADE";"350";"2023";"L";"16/01/2023";"0";"01/01/2023";"31/01/2023";"15"
"UNIDADE GESTÃO DE ASSISTÊNCIA E DESENVOLV. SOCIAL";"8";"ASSISTÊNCIA SOCIAL";"244";"ASSISTÊNCIA COMUNITÁRIA";"2023";"590";"";"0";"0";"100049084";"GAETCHENS REME";"24484942828";"";"0";"PROPRIA";"33904899";"DEMAIS AUXÍLIOS FINANCEIROS A PESSOAS FÍSICAS";"AUXILIO VULNERABILIDADE";"350";"2023";"L";"16/01/2023";"0";"01/01/2023";"31/01/2023";"15"
"UNIDADE GESTÃO DE ASSISTÊNCIA E DESENVOLV. SOCIAL";"8";"ASSISTÊNCIA SOCIAL";"244";"ASSISTÊNCIA COMUNITÁRIA";"2023";"591";"";"0";"0";"100049081";"ELAINE RIBEIRO MOTA";"50152419845";"";"0";"PROPRIA";"33904899";"DEMAIS AUXÍLIOS FINANCEIROS A PESSOAS FÍSICAS";"AUXILIO VULNERABILIDADE";"350";"2023";"L";"16/01/2023";"0";"01/01/2023";"31/01/2023";"15"
"UNIDADE GESTÃO DE ASSISTÊNCIA E DESENVOLV. SOCIAL";"8";"ASSISTÊNCIA SOCIAL";"244";"ASSISTÊNCIA COMUNITÁRIA";"2023";"592";"";"0";"0";"100003205";"REDE DE ASSIST VICENTINA DE JUNDIAI";"50971720000172";"";"0";"PROPRIA";"33503901";"TERMO DE COLABORAÇÃO";"CONVENIO MROSC - LEI 13019/2014 - MARCO REGUL.ORG.SOC.CIVIL";"187500";"2023";"L";"19/01/2023";"0";"01/01/2023";"31/01/2023";"15"
"UNIDADE GESTÃO DE ASSISTÊNCIA E DESENVOLV. SOCIAL";"8";"ASSISTÊNCIA SOCIAL";"244";"ASSISTÊNCIA COMUNITÁRIA";"2023";"592";"";"0";"0";"100003205";"REDE DE ASSIST VICENTINA DE JUNDIAI";"50971720000172";"";"0";"PROPRIA";"33503901";"TERMO DE COLABORAÇÃO";"CONVENIO MROSC - LEI 13019/2014 - MARCO REGUL.ORG.SOC.CIVIL";"187500";"2023";"L";"31/01/2023";"0";"01/01/2023";"31/01/2023";"15"
"UNIDADE GESTÃO DE ASSISTÊNCIA E DESENVOLV. SOCIAL";"8";"ASSISTÊNCIA SOCIAL";"244";"ASSISTÊNCIA COMUNITÁRIA";"2023";"593";"";"0";"0";"100001021";"CASA SANTA MARTA";"02818105000188";"";"0";"PROPRIA";"33503901";"TERMO DE COLABORAÇÃO";"CONVENIO MROSC - LEI 13019/2014 - MARCO REGUL.ORG.SOC.CIVIL";"12000";"2023";"L";"19/01/2023";"0";"01/01/2023";"31/01/2023";"15"
"UNIDADE GESTÃO DE ASSISTÊNCIA E DESENVOLV. SOCIAL";"8";"ASSISTÊNCIA SOCIAL";"244";"ASSISTÊNCIA COMUNITÁRIA";"2023";"593";"";"0";"0";"100001021";"CASA SANTA MARTA";"02818105000188";"";"0";"PROPRIA";"33503901";"TERMO DE COLABORAÇÃO";"CONVENIO MROSC - LEI 13019/2014 - MARCO REGUL.ORG.SOC.CIVIL";"12000";"2023";"L";"31/01/2023";"0";"01/01/2023";"31/01/2023";"15"
"UNIDADE DE GESTÃO DE MOBILIDADE E TRANSPORTE";"15";"URBANISMO";"453";"TRANSPORTES COLETIVOS URBANOS";"2023";"595";"2022";"479";"14";"100005015";"FRAZILLIO SOLUÇÕES DE TECNOLOGIA LTDA";"00510077000101";"PREGÃO ELETRÔNICO";"0";"PROPRIA";"33903994";"AQUISICAO DE SOFTWERE DE APLICACAO";"LICENCA DE SOFTWARE AUTOCAD LT";"7800";"2023";"L";"18/01/2023";"0";"01/01/2023";"31/01/2023";"12"
"UNIDADE DE GESTÃO DE MOBILIDADE E TRANSPORTE";"15";"URBANISMO";"451";"INFRA-ESTRUTURA URBANA";"2023";"596";"2022";"479";"14";"100005015";"FRAZILLIO SOLUÇÕES DE TECNOLOGIA LTDA";"00510077000101";"PREGÃO ELETRÔNICO";"5403";"FUNDO MUNICIPAL DE TRANSITO - MULTAS";"33903994";"AQUISICAO DE SOFTWERE DE APLICACAO";"LICENCA DE SOFTWARE AUTOCAD LT";"7800";"2023";"L";"18/01/2023";"0";"01/01/2023";"31/01/2023";"12"
"UNIDADE DE GESTÃO DE MOBILIDADE E TRANSPORTE";"15";"URBANISMO";"451";"INFRA-ESTRUTURA URBANA";"2023";"596";"2022";"479";"14";"100005015";"FRAZILLIO SOLUÇÕES DE TECNOLOGIA LTDA";"00510077000101";"PREGÃO ELETRÔNICO";"5403";"FUNDO MUNICIPAL DE TRANSITO - MULTAS";"33903994";"AQUISICAO DE SOFTWERE DE APLICACAO";"LICENCA DE SOFTWARE AUTOCAD INCLUDING SPECIALIZED TOOLSETS";"151200";"2023";"L";"18/01/2023";"0";"01/01/2023";"31/01/2023";"12"
"UNIDADE GESTÃO DE AGRONEGÓCIO. ABASTEC. E TURISMO";"23";"COMÉRCIO E SERVIÇOS";"695";"TURISMO";"2023";"602";"";"0";"0";"100034367";"ASSOCIACAO AGRICOLA DE JUNDIAI";"50980432000184";"";"0";"PROPRIA";"33503902";"TERMO DE FOMENTO";"CONVENIO MROSC - LEI 13019/2014 - MARCO REGUL.ORG.SOC.CIVIL";"1836050.15";"2023";"L";"12/01/2023";"0";"01/01/2023";"31/01/2023";"17"
"UNIDADE DE GESTÃO DE MOBILIDADE E TRANSPORTE";"15";"URBANISMO";"451";"INFRA-ESTRUTURA URBANA";"2023";"604";"2021";"206";"14";"100038024";"ARAGON COM.DE PEÇAS E SERV. P/ VEICULOS AUTO. LTDA";"14329622000172";"PREGÃO ELETRÔNICO";"0";"PROPRIA";"33903919";"MANUTENCAO E CONSERVACAO DE VEICULOS";"FUNILARIA E PINTURA-VEICULO LEVE";"5720.5";"2023";"L";"13/01/2023";"0";"01/01/2023";"31/01/2023";"12"
"UNIDADE DE GESTÃO DE MOBILIDADE E TRANSPORTE";"15";"URBANISMO";"451";"INFRA-ESTRUTURA URBANA";"2023";"605";"2021";"206";"14";"100038024";"ARAGON COM.DE PEÇAS E SERV. P/ VEICULOS AUTO. LTDA";"14329622000172";"PREGÃO ELETRÔNICO";"0";"PROPRIA";"33903919";"MANUTENCAO E CONSERVACAO DE VEICULOS";"FUNILARIA E PINTURA-VEICULO PESADO";"5290";"2023";"L";"13/01/2023";"0";"01/01/2023";"31/01/2023";"12"
"UNIDADE DE GESTÃO DE PROMOÇÃO DA SAÚDE";"10";"SAÚDE";"122";"ADMINISTRAÇÃO GERAL";"2023";"607";"";"0";"0";"100012604";"FOLHA DE PAGAMENTO";"45780103000150";"";"0";"PROPRIA";"31901142";"FÉRIAS INDENIZADAS";"FOLHA DE PAGAMENTO";"29108.88";"2023";"L";"20/01/2023";"0";"01/01/2023";"31/01/2023";"14"
"UNIDADE DE GESTÃO DE PROMOÇÃO DA SAÚDE";"10";"SAÚDE";"301";"ATENÇÃO BÁSICA";"2023";"608";"";"0";"0";"100012604";"FOLHA DE PAGAMENTO";"45780103000150";"";"0";"PROPRIA";"31901142";"FÉRIAS INDENIZADAS";"FOLHA DE PAGAMENTO";"35832.93";"2023";"L";"20/01/2023";"0";"01/01/2023";"31/01/2023";"14"
"UNIDADE DE GESTÃO DE SEGURANÇA MUNICIPAL";"6";"SEGURANÇA PÚBLICA";"122";"ADMINISTRAÇÃO GERAL";"2023";"609";"";"0";"0";"100012604";"FOLHA DE PAGAMENTO";"45780103000150";"";"0";"PROPRIA";"31901142";"FÉRIAS INDENIZADAS";"FOLHA DE PAGAMENTO";"71692.66";"2023";"L";"20/01/2023";"0";"01/01/2023";"31/01/2023";"19"
"UNIDADE DE GESTÃO DE PROMOÇÃO DA SAÚDE";"10";"SAÚDE";"301";"ATENÇÃO BÁSICA";"2023";"612";"";"0";"0";"100012604";"FOLHA DE PAGAMENTO";"45780103000150";"";"0";"PROPRIA";"31901101";"VENCIMENTO E SALARIOS";"FOLHA DE PAGAMENTO";"1921.3";"2023";"L";"11/01/2023";"0";"01/01/2023";"31/01/2023";"14"
"UNIDADE DE GESTÃO DE PROMOÇÃO DA SAÚDE";"10";"SAÚDE";"301";"ATENÇÃO BÁSICA";"2023";"613";"";"0";"0";"100012604";"FOLHA DE PAGAMENTO";"45780103000150";"";"0";"PROPRIA";"31901110";"ADICIONAL DE INSALUBRIDADE";"FOLHA DE PAGAMENTO";"40.4";"2023";"L";"11/01/2023";"0";"01/01/2023";"31/01/2023";"14"
"UNIDADE DE GESTÃO DE PROMOÇÃO DA SAÚDE";"10";"SAÚDE";"301";"ATENÇÃO BÁSICA";"2023";"614";"";"0";"0";"100012604";"FOLHA DE PAGAMENTO";"45780103000150";"";"0";"PROPRIA";"31901137";"GRATIFICACOES POR TEMPO DE SERVICO";"FOLHA DE PAGAMENTO";"992.73";"2023";"L";"11/01/2023";"0";"01/01/2023";"31/01/2023";"14"
"UNIDADE DE GESTÃO DE PROMOÇÃO DA SAÚDE";"10";"SAÚDE";"301";"ATENÇÃO BÁSICA";"2023";"615";"";"0";"0";"4000055";"FUNDO DE GARANTIA POR TEMPO DE SERVICO";"00360305000104";"";"0";"PROPRIA";"31901301";"FGTS";"FOLHA DE PAGAMENTO";"236.35";"2023";"L";"12/01/2023";"0";"01/01/2023";"31/01/2023";"14"
"UNIDADE DE GESTÃO DE PROMOÇÃO DA SAÚDE";"10";"SAÚDE";"301";"ATENÇÃO BÁSICA";"2023";"616";"";"0";"0";"4016168";"I.N.S.S -INST.NACIONAL DE SEGURO SOCIAL";"29979036000140";"";"0";"PROPRIA";"31901302";"CONTRIBUICOES PREVIDENCIARIAS - INSS";"FOLHA DE PAGAMENTO";"797.7";"2023";"L";"16/01/2023";"0";"01/01/2023";"31/01/2023";"14"
"UNIDADE DE GESTÃO DE PROMOÇÃO DA SAÚDE";"10";"SAÚDE";"301";"ATENÇÃO BÁSICA";"2023";"617";"";"0";"0";"100012604";"FOLHA DE PAGAMENTO";"45780103000150";"";"0";"PROPRIA";"33904901";"INDENIZACAO AUXILIO TRANSPORTE";"FOLHA DE PAGAMENTO";"60";"2023";"L";"11/01/2023";"0";"01/01/2023";"31/01/2023";"14"
"UNIDADE GESTÃO DE ASSISTÊNCIA E DESENVOLV. SOCIAL";"8";"ASSISTÊNCIA SOCIAL";"244";"ASSISTÊNCIA COMUNITÁRIA";"2023";"624";"";"0";"0";"7040647";"SOS - SERVICO DE OBRAS SOCIAIS";"50951466000140";"";"0";"PROPRIA";"33503901";"TERMO DE COLABORAÇÃO";"CONVENIO MROSC - LEI 13019/2014 - MARCO REGUL.ORG.SOC.CIVIL";"80126.82";"2023";"L";"19/01/2023";"0";"01/01/2023";"31/01/2023";"15"
"UNIDADE GESTÃO DE ASSISTÊNCIA E DESENVOLV. SOCIAL";"8";"ASSISTÊNCIA SOCIAL";"244";"ASSISTÊNCIA COMUNITÁRIA";"2023";"624";"";"0";"0";"7040647";"SOS - SERVICO DE OBRAS SOCIAIS";"50951466000140";"";"0";"PROPRIA";"33503901";"TERMO DE COLABORAÇÃO";"CONVENIO MROSC - LEI 13019/2014 - MARCO REGUL.ORG.SOC.CIVIL";"80126.88";"2023";"L";"31/01/2023";"0";"01/01/2023";"31/01/2023";"15"
"UNIDADE GESTÃO DE ASSISTÊNCIA E DESENVOLV. SOCIAL";"8";"ASSISTÊNCIA SOCIAL";"244";"ASSISTÊNCIA COMUNITÁRIA";"2023";"625";"";"0";"0";"7040647";"SOS - SERVICO DE OBRAS SOCIAIS";"50951466000140";"";"0";"PROPRIA";"33503901";"TERMO DE COLABORAÇÃO";"CONVENIO MROSC - LEI 13019/2014 - MARCO REGUL.ORG.SOC.CIVIL";"145800.87";"2023";"L";"19/01/2023";"0";"01/01/2023";"31/01/2023";"15"
"UNIDADE GESTÃO DE ASSISTÊNCIA E DESENVOLV. SOCIAL";"8";"ASSISTÊNCIA SOCIAL";"244";"ASSISTÊNCIA COMUNITÁRIA";"2023";"625";"";"0";"0";"7040647";"SOS - SERVICO DE OBRAS SOCIAIS";"50951466000140";"";"0";"PROPRIA";"33503901";"TERMO DE COLABORAÇÃO";"CONVENIO MROSC - LEI 13019/2014 - MARCO REGUL.ORG.SOC.CIVIL";"145800.83";"2023";"L";"31/01/2023";"0";"01/01/2023";"31/01/2023";"15"
"UNIDADE GESTÃO DE ASSISTÊNCIA E DESENVOLV. SOCIAL";"8";"ASSISTÊNCIA SOCIAL";"243";"ASSISTÊNCIA À CRIANÇA E AO ADOLESCENTE";"2023";"629";"";"0";"0";"4010799";"CASA TRANSITORIA N. SENHORA APARECIDA";"51887826000155";"";"0";"PROPRIA";"33503901";"TERMO DE COLABORAÇÃO";"CONVENIO MROSC - LEI 13019/2014 - MARCO REGUL.ORG.SOC.CIVIL";"132000";"2023";"L";"19/01/2023";"0";"01/01/2023";"31/01/2023";"15"
"UNIDADE GESTÃO DE ASSISTÊNCIA E DESENVOLV. SOCIAL";"8";"ASSISTÊNCIA SOCIAL";"243";"ASSISTÊNCIA À CRIANÇA E AO ADOLESCENTE";"2023";"629";"";"0";"0";"4010799";"CASA TRANSITORIA N. SENHORA APARECIDA";"51887826000155";"";"0";"PROPRIA";"33503901";"TERMO DE COLABORAÇÃO";"CONVENIO MROSC - LEI 13019/2014 - MARCO REGUL.ORG.SOC.CIVIL";"132000";"2023";"L";"31/01/2023";"0";"01/01/2023";"31/01/2023";"15"
"UNIDADE GESTÃO DE ASSISTÊNCIA E DESENVOLV. SOCIAL";"8";"ASSISTÊNCIA SOCIAL";"244";"ASSISTÊNCIA COMUNITÁRIA";"2023";"648";"";"0";"0";"100038510";"ASSOCIACAO PESTALOZZI DE SUMARE";"57501611000130";"";"0";"PROPRIA";"33503901";"TERMO DE COLABORAÇÃO";"CONVENIO MROSC - LEI 13019/2014 - MARCO REGUL.ORG.SOC.CIVIL";"68640.9";"2023";"L";"19/01/2023";"0";"01/01/2023";"31/01/2023";"15"
"UNIDADE GESTÃO DE ASSISTÊNCIA E DESENVOLV. SOCIAL";"8";"ASSISTÊNCIA SOCIAL";"244";"ASSISTÊNCIA COMUNITÁRIA";"2023";"648";"";"0";"0";"100038510";"ASSOCIACAO PESTALOZZI DE SUMARE";"57501611000130";"";"0";"PROPRIA";"33503901";"TERMO DE COLABORAÇÃO";"CONVENIO MROSC - LEI 13019/2014 - MARCO REGUL.ORG.SOC.CIVIL";"68640.9";"2023";"L";"31/01/2023";"0";"01/01/2023";"31/01/2023";"15"
"UNIDADE DE GESTÃO DE CULTURA";"13";"CULTURA";"392";"DIFUSÃO CULTURAL";"2023";"667";"2023";"48";"1";"100026281";"RENATA IACOVINO 10264948858";"17366145000103";"COMPRA DIRETA";"0";"PROPRIA";"33903923";"FESTIVIDADES E HOMENAGENS";"SHOW MUSICAL";"2000";"2023";"L";"31/01/2023";"0";"01/01/2023";"31/01/2023";"22"
"UNIDADE DE GESTÃO DE CULTURA";"13";"CULTURA";"392";"DIFUSÃO CULTURAL";"2023";"670";"2023";"51";"1";"100036419";"JESSELINE APARECIDA DE OLIVEIRA GARCIA 26708767813";"28081077000152";"COMPRA DIRETA";"0";"PROPRIA";"33903923";"FESTIVIDADES E HOMENAGENS";"SHOW MUSICAL";"2400";"2023";"L";"24/01/2023";"0";"01/01/2023";"31/01/2023";"22"
"UNIDADE DE GESTÃO DE CULTURA";"13";"CULTURA";"392";"DIFUSÃO CULTURAL";"2023";"671";"2023";"52";"1";"100026281";"RENATA IACOVINO 10264948858";"17366145000103";"COMPRA DIRETA";"0";"PROPRIA";"33903923";"FESTIVIDADES E HOMENAGENS";"SHOW MUSICAL";"1600";"2023";"L";"20/01/2023";"0";"01/01/2023";"31/01/2023";"22"
"UNIDADE DE GESTÃO DE CULTURA";"13";"CULTURA";"392";"DIFUSÃO CULTURAL";"2023";"673";"2023";"54";"1";"100040861";"SILVIA DONIZETE MARCELINO 08782933880";"28541281000109";"COMPRA DIRETA";"0";"PROPRIA";"33903999";"OUTROS SERVICOS DE TERCEIROS - PESSOA JURIDICA";"MINISTRAR-OFICINA ARTISTICA";"4800";"2023";"L";"20/01/2023";"0";"01/01/2023";"31/01/2023";"22"
"UNIDADE GESTÃO DE INOVAÇÃO E RELAÇÃO COM O CIDADÃO";"4";"ADMINISTRAÇÃO";"122";"ADMINISTRAÇÃO GERAL";"2023";"676";"2023";"56";"1";"100033331";"SX CORP LTDA EPP";"14278276000140";"COMPRA DIRETA";"0";"PROPRIA";"33903980";"HOSPEDAGENS";"HOSPEDAGEM-HOTEL";"3304.11";"2023";"L";"24/01/2023";"0";"01/01/2023";"31/01/2023";"4"
"UNIDADE GESTÃO DE AGRONEGÓCIO. ABASTEC. E TURISMO";"4";"ADMINISTRAÇÃO";"122";"ADMINISTRAÇÃO GERAL";"2023";"677";"";"0";"0";"100015890";"PMJ - EDVALDO AVANZZI";"06835240890";"";"0";"PROPRIA";"33903099";"OUTROS MATERIAIS DE CONSUMO";"ADIANTAMENTOS(SERVIDORES).";"300";"2023";"L";"11/01/2023";"0";"01/01/2023";"31/01/2023";"17"
"UNIDADE GESTÃO DE AGRONEGÓCIO. ABASTEC. E TURISMO";"4";"ADMINISTRAÇÃO";"122";"ADMINISTRAÇÃO GERAL";"2023";"679";"";"0";"0";"100015890";"PMJ - EDVALDO AVANZZI";"06835240890";"";"0";"PROPRIA";"33903999";"OUTROS SERVICOS DE TERCEIROS - PESSOA JURIDICA";"ADIANTAMENTOS(SERVIDORES).";"1500";"2023";"L";"11/01/2023";"0";"01/01/2023";"31/01/2023";"17"
"UNIDADE GESTÃO DE ASSISTÊNCIA E DESENVOLV. SOCIAL";"8";"ASSISTÊNCIA SOCIAL";"243";"ASSISTÊNCIA À CRIANÇA E AO ADOLESCENTE";"2023";"682";"";"0";"0";"100006684";"ASSOCIACAO E COMUNIDADE CASA DE NAZARE";"05137060000174";"";"0";"PROPRIA";"33503901";"TERMO DE COLABORAÇÃO";"CONVENIO MROSC - LEI 13019/2014 - MARCO REGUL.ORG.SOC.CIVIL";"150000";"2023";"L";"19/01/2023";"0";"01/01/2023";"31/01/2023";"15"
"UNIDADE GESTÃO DE ASSISTÊNCIA E DESENVOLV. SOCIAL";"8";"ASSISTÊNCIA SOCIAL";"243";"ASSISTÊNCIA À CRIANÇA E AO ADOLESCENTE";"2023";"682";"";"0";"0";"100006684";"ASSOCIACAO E COMUNIDADE CASA DE NAZARE";"05137060000174";"";"0";"PROPRIA";"33503901";"TERMO DE COLABORAÇÃO";"CONVENIO MROSC - LEI 13019/2014 - MARCO REGUL.ORG.SOC.CIVIL";"150000";"2023";"L";"31/01/2023";"0";"01/01/2023";"31/01/2023";"15"
"UNIDADE GESTÃO DE ASSISTÊNCIA E DESENVOLV. SOCIAL";"8";"ASSISTÊNCIA SOCIAL";"244";"ASSISTÊNCIA COMUNITÁRIA";"2023";"684";"";"0";"0";"4010807";"CENTRO COMUNITARIO DE VILA HORTOLANDIA";"44644557000130";"";"0";"PROPRIA";"33503901";"TERMO DE COLABORAÇÃO";"CONVENIO MROSC - LEI 13019/2014 - MARCO REGUL.ORG.SOC.CIVIL";"73166.66";"2023";"L";"19/01/2023";"0";"01/01/2023";"31/01/2023";"15"
"UNIDADE GESTÃO DE ASSISTÊNCIA E DESENVOLV. SOCIAL";"8";"ASSISTÊNCIA SOCIAL";"244";"ASSISTÊNCIA COMUNITÁRIA";"2023";"684";"";"0";"0";"4010807";"CENTRO COMUNITARIO DE VILA HORTOLANDIA";"44644557000130";"";"0";"PROPRIA";"33503901";"TERMO DE COLABORAÇÃO";"CONVENIO MROSC - LEI 13019/2014 - MARCO REGUL.ORG.SOC.CIVIL";"73166.66";"2023";"L";"31/01/2023";"0";"01/01/2023";"31/01/2023";"15"
"UNIDADE GESTÃO DE ASSISTÊNCIA E DESENVOLV. SOCIAL";"8";"ASSISTÊNCIA SOCIAL";"244";"ASSISTÊNCIA COMUNITÁRIA";"2023";"685";"";"0";"0";"100003205";"REDE DE ASSIST VICENTINA DE JUNDIAI";"50971720000172";"";"0";"PROPRIA";"33503901";"TERMO DE COLABORAÇÃO";"CONVENIO MROSC - LEI 13019/2014 - MARCO REGUL.ORG.SOC.CIVIL";"142168.06";"2023";"L";"19/01/2023";"0";"01/01/2023";"31/01/2023";"15"
"UNIDADE GESTÃO DE ASSISTÊNCIA E DESENVOLV. SOCIAL";"8";"ASSISTÊNCIA SOCIAL";"244";"ASSISTÊNCIA COMUNITÁRIA";"2023";"685";"";"0";"0";"100003205";"REDE DE ASSIST VICENTINA DE JUNDIAI";"50971720000172";"";"0";"PROPRIA";"33503901";"TERMO DE COLABORAÇÃO";"CONVENIO MROSC - LEI 13019/2014 - MARCO REGUL.ORG.SOC.CIVIL";"71084.03";"2023";"L";"31/01/2023";"0";"01/01/2023";"31/01/2023";"15"
"UNIDADE GESTÃO DE ASSISTÊNCIA E DESENVOLV. SOCIAL";"8";"ASSISTÊNCIA SOCIAL";"244";"ASSISTÊNCIA COMUNITÁRIA";"2023";"686";"";"0";"0";"100001021";"CASA SANTA MARTA";"02818105000188";"";"0";"PROPRIA";"33503901";"TERMO DE COLABORAÇÃO";"CONVENIO MROSC - LEI 13019/2014 - MARCO REGUL.ORG.SOC.CIVIL";"18720.16";"2023";"L";"19/01/2023";"0";"01/01/2023";"31/01/2023";"15"
"UNIDADE GESTÃO DE ASSISTÊNCIA E DESENVOLV. SOCIAL";"8";"ASSISTÊNCIA SOCIAL";"244";"ASSISTÊNCIA COMUNITÁRIA";"2023";"686";"";"0";"0";"100001021";"CASA SANTA MARTA";"02818105000188";"";"0";"PROPRIA";"33503901";"TERMO DE COLABORAÇÃO";"CONVENIO MROSC - LEI 13019/2014 - MARCO REGUL.ORG.SOC.CIVIL";"18000";"2023";"L";"31/01/2023";"0";"01/01/2023";"31/01/2023";"15"
"UNIDADE DE GESTÃO DA CASA CIVIL";"4";"ADMINISTRAÇÃO";"122";"ADMINISTRAÇÃO GERAL";"2023";"688";"2005";"23";"6";"100042009";"YF-DEL NEGOCIOS IMOBILIARIOS E PARTICIP.LTDA";"34628219000151";"DISPENSA DE LICITACAO";"0";"PROPRIA";"33903910";"LOCACAO DE IMOVEIS";"LOCACAO-IMOVEL - CARTORIO DO SERVICO";"14000";"2023";"L";"17/01/2023";"0";"01/01/2023";"31/01/2023";"3"
"UNIDADE DE GESTÃO DA CASA CIVIL";"4";"ADMINISTRAÇÃO";"122";"ADMINISTRAÇÃO GERAL";"2023";"688";"2005";"23";"6";"100042009";"YF-DEL NEGOCIOS IMOBILIARIOS E PARTICIP.LTDA";"34628219000151";"DISPENSA DE LICITACAO";"0";"PROPRIA";"33903910";"LOCACAO DE IMOVEIS";"LOCACAO-IMOVEL - CARTORIO DO SERVICO";"14000";"2023";"L";"17/01/2023";"0";"01/01/2023";"31/01/2023";"3"
"UNIDADE DE GESTÃO DA CASA CIVIL";"6";"SEGURANÇA PÚBLICA";"181";"POLICIAMENTO";"2023";"689";"2008";"62";"6";"100023797";"DUMONT GOULART PARTIC.ADMINIST.BENS PROPRIOS S/A";"13028997000130";"DISPENSA DE LICITACAO";"0";"PROPRIA";"33903910";"LOCACAO DE IMOVEIS";"LOCACAO-IMOVEL";"14836";"2023";"L";"17/01/2023";"0";"01/01/2023";"31/01/2023";"3"
"UNIDADE DE GESTÃO DA CASA CIVIL";"6";"SEGURANÇA PÚBLICA";"181";"POLICIAMENTO";"2023";"689";"2008";"62";"6";"100023797";"DUMONT GOULART PARTIC.ADMINIST.BENS PROPRIOS S/A";"13028997000130";"DISPENSA DE LICITACAO";"0";"PROPRIA";"33903910";"LOCACAO DE IMOVEIS";"LOCACAO-IMOVEL";"14836";"2023";"L";"17/01/2023";"0";"01/01/2023";"31/01/2023";"3"
"UNIDADE DE GESTÃO DA CASA CIVIL";"6";"SEGURANÇA PÚBLICA";"181";"POLICIAMENTO";"2023";"693";"2019";"9";"6";"100039534";"JOSE MAURICIO PETTIAN E OUTRA";"77242165849";"DISPENSA DE LICITACAO";"0";"PROPRIA";"33903615";"LOCACAO DE IMOVEIS";"LOCACAO-IMOVEL - EQUIPE PER.MED-LEGAIS";"2240";"2023";"L";"17/01/2023";"0";"01/01/2023";"31/01/2023";"3"
"UNIDADE DE GESTÃO DA CASA CIVIL";"6";"SEGURANÇA PÚBLICA";"181";"POLICIAMENTO";"2023";"693";"2019";"9";"6";"100039534";"JOSE MAURICIO PETTIAN E OUTRA";"77242165849";"DISPENSA DE LICITACAO";"0";"PROPRIA";"33903615";"LOCACAO DE IMOVEIS";"LOCACAO-IMOVEL - EQUIPE PER.MED-LEGAIS";"2240";"2023";"L";"17/01/2023";"0";"01/01/2023";"31/01/2023";"3"
"UNIDADE DE GESTÃO DA CASA CIVIL";"4";"ADMINISTRAÇÃO";"122";"ADMINISTRAÇÃO GERAL";"2023";"709";"";"0";"0";"100012604";"FOLHA DE PAGAMENTO";"45780103000150";"";"0";"PROPRIA";"31901101";"VENCIMENTO E SALARIOS";"FOLHA DE PAGAMENTO";"5545.82";"2023";"L";"11/01/2023";"0";"01/01/2023";"31/01/2023";"3"
"UNIDADE DE GESTÃO DA CASA CIVIL";"4";"ADMINISTRAÇÃO";"122";"ADMINISTRAÇÃO GERAL";"2023";"710";"";"0";"0";"100012604";"FOLHA DE PAGAMENTO";"45780103000150";"";"0";"PROPRIA";"31901101";"VENCIMENTO E SALARIOS";"FOLHA DE PAGAMENTO";"45291.59";"2023";"L";"11/01/2023";"0";"01/01/2023";"31/01/2023";"3"
"UNIDADE DE GESTÃO DA CASA CIVIL";"4";"ADMINISTRAÇÃO";"122";"ADMINISTRAÇÃO GERAL";"2023";"711";"";"0";"0";"100012604";"FOLHA DE PAGAMENTO";"45780103000150";"";"0";"PROPRIA";"31901101";"VENCIMENTO E SALARIOS";"FOLHA DE PAGAMENTO";"134963.54";"2023";"L";"11/01/2023";"0";"01/01/2023";"31/01/2023";"3"
"UNIDADE DE GESTÃO DA CASA CIVIL";"4";"ADMINISTRAÇÃO";"122";"ADMINISTRAÇÃO GERAL";"2023";"712";"";"0";"0";"100012604";"FOLHA DE PAGAMENTO";"45780103000150";"";"0";"PROPRIA";"31901105";"INCORPORADOS";"FOLHA DE PAGAMENTO";"1745.33";"2023";"L";"11/01/2023";"0";"01/01/2023";"31/01/2023";"3"
"UNIDADE DE GESTÃO DA CASA CIVIL";"4";"ADMINISTRAÇÃO";"122";"ADMINISTRAÇÃO GERAL";"2023";"713";"";"0";"0";"100012604";"FOLHA DE PAGAMENTO";"45780103000150";"";"0";"PROPRIA";"31901133";"GRATIFICACOES POR EXERCICIO DE  FUNCOES";"FOLHA DE PAGAMENTO";"4538.38";"2023";"L";"11/01/2023";"0";"01/01/2023";"31/01/2023";"3"
"UNIDADE DE GESTÃO DA CASA CIVIL";"4";"ADMINISTRAÇÃO";"122";"ADMINISTRAÇÃO GERAL";"2023";"714";"";"0";"0";"100012604";"FOLHA DE PAGAMENTO";"45780103000150";"";"0";"PROPRIA";"31901137";"GRATIFICACOES POR TEMPO DE SERVICO";"FOLHA DE PAGAMENTO";"2865.53";"2023";"L";"11/01/2023";"0";"01/01/2023";"31/01/2023";"3"
"UNIDADE DE GESTÃO DA CASA CIVIL";"4";"ADMINISTRAÇÃO";"122";"ADMINISTRAÇÃO GERAL";"2023";"715";"";"0";"0";"100012604";"FOLHA DE PAGAMENTO";"45780103000150";"";"0";"PROPRIA";"31901137";"GRATIFICACOES POR TEMPO DE SERVICO";"FOLHA DE PAGAMENTO";"9242.03";"2023";"L";"11/01/2023";"0";"01/01/2023";"31/01/2023";"3"
"UNIDADE DE GESTÃO DA CASA CIVIL";"4";"ADMINISTRAÇÃO";"122";"ADMINISTRAÇÃO GERAL";"2023";"716";"";"0";"0";"100012604";"FOLHA DE PAGAMENTO";"45780103000150";"";"0";"PROPRIA";"31901632";"SUBSTITUIÇÕES  RPPS";"FOLHA DE PAGAMENTO";"3216.58";"2023";"L";"11/01/2023";"0";"01/01/2023";"31/01/2023";"3"
"UNIDADE GESTÃO DE INOVAÇÃO E RELAÇÃO COM O CIDADÃO";"4";"ADMINISTRAÇÃO";"122";"ADMINISTRAÇÃO GERAL";"2023";"717";"";"0";"0";"100012604";"FOLHA DE PAGAMENTO";"45780103000150";"";"0";"PROPRIA";"31901101";"VENCIMENTO E SALARIOS";"FOLHA DE PAGAMENTO";"45964.24";"2023";"L";"11/01/2023";"0";"01/01/2023";"31/01/2023";"4"
"UNIDADE GESTÃO DE INOVAÇÃO E RELAÇÃO COM O CIDADÃO";"4";"ADMINISTRAÇÃO";"122";"ADMINISTRAÇÃO GERAL";"2023";"718";"";"0";"0";"100012604";"FOLHA DE PAGAMENTO";"45780103000150";"";"0";"PROPRIA";"31901101";"VENCIMENTO E SALARIOS";"FOLHA DE PAGAMENTO";"6820.94";"2023";"L";"11/01/2023";"0";"01/01/2023";"31/01/2023";"4"
"UNIDADE GESTÃO DE INOVAÇÃO E RELAÇÃO COM O CIDADÃO";"4";"ADMINISTRAÇÃO";"122";"ADMINISTRAÇÃO GERAL";"2023";"719";"";"0";"0";"100012604";"FOLHA DE PAGAMENTO";"45780103000150";"";"0";"PROPRIA";"31901131";"GRATIFICACOES POR EXERCICIO DE  CARGO";"FOLHA DE PAGAMENTO";"1745.33";"2023";"L";"11/01/2023";"0";"01/01/2023";"31/01/2023";"4"
"UNIDADE GESTÃO DE INOVAÇÃO E RELAÇÃO COM O CIDADÃO";"4";"ADMINISTRAÇÃO";"122";"ADMINISTRAÇÃO GERAL";"2023";"720";"";"0";"0";"100012604";"FOLHA DE PAGAMENTO";"45780103000150";"";"0";"PROPRIA";"31901133";"GRATIFICACOES POR EXERCICIO DE  FUNCOES";"FOLHA DE PAGAMENTO";"1260.66";"2023";"L";"11/01/2023";"0";"01/01/2023";"31/01/2023";"4"
"UNIDADE GESTÃO DE INOVAÇÃO E RELAÇÃO COM O CIDADÃO";"4";"ADMINISTRAÇÃO";"122";"ADMINISTRAÇÃO GERAL";"2023";"721";"";"0";"0";"100012604";"FOLHA DE PAGAMENTO";"45780103000150";"";"0";"PROPRIA";"31901137";"GRATIFICACOES POR TEMPO DE SERVICO";"FOLHA DE PAGAMENTO";"447.79";"2023";"L";"11/01/2023";"0";"01/01/2023";"31/01/2023";"4"
"UNIDADE DE GESTÃO DE NEG. JURÍDICOS E CIDADANIA";"4";"ADMINISTRAÇÃO";"122";"ADMINISTRAÇÃO GERAL";"2023";"722";"";"0";"0";"100012604";"FOLHA DE PAGAMENTO";"45780103000150";"";"0";"PROPRIA";"31901101";"VENCIMENTO E SALARIOS";"FOLHA DE PAGAMENTO";"130949.6";"2023";"L";"11/01/2023";"0";"01/01/2023";"31/01/2023";"6"
"UNIDADE DE GESTÃO DE NEG. JURÍDICOS E CIDADANIA";"4";"ADMINISTRAÇÃO";"122";"ADMINISTRAÇÃO GERAL";"2023";"723";"";"0";"0";"100012604";"FOLHA DE PAGAMENTO";"45780103000150";"";"0";"PROPRIA";"31901101";"VENCIMENTO E SALARIOS";"FOLHA DE PAGAMENTO";"32889.04";"2023";"L";"11/01/2023";"0";"01/01/2023";"31/01/2023";"6"
"UNIDADE DE GESTÃO DE NEG. JURÍDICOS E CIDADANIA";"4";"ADMINISTRAÇÃO";"122";"ADMINISTRAÇÃO GERAL";"2023";"724";"";"0";"0";"100012604";"FOLHA DE PAGAMENTO";"45780103000150";"";"0";"PROPRIA";"31901101";"VENCIMENTO E SALARIOS";"FOLHA DE PAGAMENTO";"13398.94";"2023";"L";"11/01/2023";"0";"01/01/2023";"31/01/2023";"6"
"UNIDADE DE GESTÃO DE NEG. JURÍDICOS E CIDADANIA";"4";"ADMINISTRAÇÃO";"122";"ADMINISTRAÇÃO GERAL";"2023";"725";"";"0";"0";"100012604";"FOLHA DE PAGAMENTO";"45780103000150";"";"0";"PROPRIA";"31901105";"INCORPORADOS";"FOLHA DE PAGAMENTO";"3817.85";"2023";"L";"11/01/2023";"0";"01/01/2023";"31/01/2023";"6"
"UNIDADE DE GESTÃO DE NEG. JURÍDICOS E CIDADANIA";"4";"ADMINISTRAÇÃO";"122";"ADMINISTRAÇÃO GERAL";"2023";"726";"";"0";"0";"100012604";"FOLHA DE PAGAMENTO";"45780103000150";"";"0";"PROPRIA";"31901105";"INCORPORADOS";"FOLHA DE PAGAMENTO";"1651.8";"2023";"L";"11/01/2023";"0";"01/01/2023";"31/01/2023";"6"
"UNIDADE DE GESTÃO DE NEG. JURÍDICOS E CIDADANIA";"4";"ADMINISTRAÇÃO";"122";"ADMINISTRAÇÃO GERAL";"2023";"727";"";"0";"0";"100012604";"FOLHA DE PAGAMENTO";"45780103000150";"";"0";"PROPRIA";"31901131";"GRATIFICACOES POR EXERCICIO DE  CARGO";"FOLHA DE PAGAMENTO";"5214.11";"2023";"L";"11/01/2023";"0";"01/01/2023";"31/01/2023";"6"
"UNIDADE DE GESTÃO DE NEG. JURÍDICOS E CIDADANIA";"4";"ADMINISTRAÇÃO";"122";"ADMINISTRAÇÃO GERAL";"2023";"728";"";"0";"0";"100012604";"FOLHA DE PAGAMENTO";"45780103000150";"";"0";"PROPRIA";"31901133";"GRATIFICACOES POR EXERCICIO DE  FUNCOES";"FOLHA DE PAGAMENTO";"3025.6";"2023";"L";"11/01/2023";"0";"01/01/2023";"31/01/2023";"6"
"UNIDADE DE GESTÃO DE NEG. JURÍDICOS E CIDADANIA";"4";"ADMINISTRAÇÃO";"122";"ADMINISTRAÇÃO GERAL";"2023";"729";"";"0";"0";"100012604";"FOLHA DE PAGAMENTO";"45780103000150";"";"0";"PROPRIA";"31901137";"GRATIFICACOES POR TEMPO DE SERVICO";"FOLHA DE PAGAMENTO";"9772.82";"2023";"L";"11/01/2023";"0";"01/01/2023";"31/01/2023";"6"
"UNIDADE DE GESTÃO DE NEG. JURÍDICOS E CIDADANIA";"4";"ADMINISTRAÇÃO";"122";"ADMINISTRAÇÃO GERAL";"2023";"730";"";"0";"0";"100012604";"FOLHA DE PAGAMENTO";"45780103000150";"";"0";"PROPRIA";"31901137";"GRATIFICACOES POR TEMPO DE SERVICO";"FOLHA DE PAGAMENTO";"16656.81";"2023";"L";"11/01/2023";"0";"01/01/2023";"31/01/2023";"6"
"UNIDADE DE GESTÃO DE NEG. JURÍDICOS E CIDADANIA";"4";"ADMINISTRAÇÃO";"422";"DIREITOS INDIVIDUAIS. COLETIVOS E DIFUSOS";"2023";"731";"";"0";"0";"100012604";"FOLHA DE PAGAMENTO";"45780103000150";"";"0";"PROPRIA";"31901101";"VENCIMENTO E SALARIOS";"FOLHA DE PAGAMENTO";"12118.05";"2023";"L";"11/01/2023";"0";"01/01/2023";"31/01/2023";"6"
"UNIDADE DE GESTÃO DE NEG. JURÍDICOS E CIDADANIA";"4";"ADMINISTRAÇÃO";"422";"DIREITOS INDIVIDUAIS. COLETIVOS E DIFUSOS";"2023";"732";"";"0";"0";"100012604";"FOLHA DE PAGAMENTO";"45780103000150";"";"0";"PROPRIA";"31901101";"VENCIMENTO E SALARIOS";"FOLHA DE PAGAMENTO";"10666.52";"2023";"L";"11/01/2023";"0";"01/01/2023";"31/01/2023";"6"
"UNIDADE DE GESTÃO DE NEG. JURÍDICOS E CIDADANIA";"4";"ADMINISTRAÇÃO";"422";"DIREITOS INDIVIDUAIS. COLETIVOS E DIFUSOS";"2023";"733";"";"0";"0";"100012604";"FOLHA DE PAGAMENTO";"45780103000150";"";"0";"PROPRIA";"31901137";"GRATIFICACOES POR TEMPO DE SERVICO";"FOLHA DE PAGAMENTO";"622.44";"2023";"L";"11/01/2023";"0";"01/01/2023";"31/01/2023";"6"
"UNIDADE DE GESTÃO DE ADMINIST. E GESTÃO DE PESSOAS";"4";"ADMINISTRAÇÃO";"122";"ADMINISTRAÇÃO GERAL";"2023";"734";"";"0";"0";"100012604";"FOLHA DE PAGAMENTO";"45780103000150";"";"0";"PROPRIA";"31901101";"VENCIMENTO E SALARIOS";"FOLHA DE PAGAMENTO";"227457.13";"2023";"L";"11/01/2023";"0";"01/01/2023";"31/01/2023";"7"
"UNIDADE DE GESTÃO DE ADMINIST. E GESTÃO DE PESSOAS";"4";"ADMINISTRAÇÃO";"122";"ADMINISTRAÇÃO GERAL";"2023";"735";"";"0";"0";"100012604";"FOLHA DE PAGAMENTO";"45780103000150";"";"0";"PROPRIA";"31901101";"VENCIMENTO E SALARIOS";"FOLHA DE PAGAMENTO";"21725.28";"2023";"L";"11/01/2023";"0";"01/01/2023";"31/01/2023";"7"
"UNIDADE DE GESTÃO DE ADMINIST. E GESTÃO DE PESSOAS";"4";"ADMINISTRAÇÃO";"122";"ADMINISTRAÇÃO GERAL";"2023";"736";"";"0";"0";"100012604";"FOLHA DE PAGAMENTO";"45780103000150";"";"0";"PROPRIA";"31901101";"VENCIMENTO E SALARIOS";"FOLHA DE PAGAMENTO";"39234.69";"2023";"L";"11/01/2023";"0";"01/01/2023";"31/01/2023";"7"
"UNIDADE DE GESTÃO DE ADMINIST. E GESTÃO DE PESSOAS";"4";"ADMINISTRAÇÃO";"122";"ADMINISTRAÇÃO GERAL";"2023";"737";"";"0";"0";"100012604";"FOLHA DE PAGAMENTO";"45780103000150";"";"0";"PROPRIA";"31901105";"INCORPORADOS";"FOLHA DE PAGAMENTO";"872.67";"2023";"L";"11/01/2023";"0";"01/01/2023";"31/01/2023";"7"
"UNIDADE DE GESTÃO DE ADMINIST. E GESTÃO DE PESSOAS";"4";"ADMINISTRAÇÃO";"122";"ADMINISTRAÇÃO GERAL";"2023";"738";"";"0";"0";"100012604";"FOLHA DE PAGAMENTO";"45780103000150";"";"0";"PROPRIA";"31901131";"GRATIFICACOES POR EXERCICIO DE  CARGO";"FOLHA DE PAGAMENTO";"3227.32";"2023";"L";"11/01/2023";"0";"01/01/2023";"31/01/2023";"7"
"UNIDADE DE GESTÃO DE ADMINIST. E GESTÃO DE PESSOAS";"4";"ADMINISTRAÇÃO";"122";"ADMINISTRAÇÃO GERAL";"2023";"739";"";"0";"0";"100012604";"FOLHA DE PAGAMENTO";"45780103000150";"";"0";"PROPRIA";"31901133";"GRATIFICACOES POR EXERCICIO DE  FUNCOES";"FOLHA DE PAGAMENTO";"21115.06";"2023";"L";"11/01/2023";"0";"01/01/2023";"31/01/2023";"7"
"UNIDADE DE GESTÃO DE ADMINIST. E GESTÃO DE PESSOAS";"4";"ADMINISTRAÇÃO";"122";"ADMINISTRAÇÃO GERAL";"2023";"740";"";"0";"0";"100012604";"FOLHA DE PAGAMENTO";"45780103000150";"";"0";"PROPRIA";"31901137";"GRATIFICACOES POR TEMPO DE SERVICO";"FOLHA DE PAGAMENTO";"31977.51";"2023";"L";"11/01/2023";"0";"01/01/2023";"31/01/2023";"7"
"UNIDADE DE GESTÃO DE ADMINIST. E GESTÃO DE PESSOAS";"4";"ADMINISTRAÇÃO";"122";"ADMINISTRAÇÃO GERAL";"2023";"741";"";"0";"0";"100012604";"FOLHA DE PAGAMENTO";"45780103000150";"";"0";"PROPRIA";"31901137";"GRATIFICACOES POR TEMPO DE SERVICO";"FOLHA DE PAGAMENTO";"12563.51";"2023";"L";"11/01/2023";"0";"01/01/2023";"31/01/2023";"7"
"UNIDADE DE GESTÃO DE ADMINIST. E GESTÃO DE PESSOAS";"4";"ADMINISTRAÇÃO";"122";"ADMINISTRAÇÃO GERAL";"2023";"742";"";"0";"0";"100012604";"FOLHA DE PAGAMENTO";"45780103000150";"";"0";"PROPRIA";"31901632";"SUBSTITUIÇÕES  RPPS";"FOLHA DE PAGAMENTO";"6932.06";"2023";"L";"11/01/2023";"0";"01/01/2023";"31/01/2023";"7"
"UNIDADE DE GESTÃO DE ADMINIST. E GESTÃO DE PESSOAS";"9";"PREVIDÊNCIA SOCIAL";"271";"PREVIDÊNCIA BÁSICA";"2023";"743";"";"0";"0";"100012604";"FOLHA DE PAGAMENTO";"45780103000150";"";"0";"PROPRIA";"31900101";"PROVENTOS - PESSOAL CIVIL";"FOLHA DE PAGAMENTO";"19078.11";"2023";"L";"11/01/2023";"0";"01/01/2023";"31/01/2023";"7"
"UNIDADE DE GESTÃO DE ADMINIST. E GESTÃO DE PESSOAS";"9";"PREVIDÊNCIA SOCIAL";"271";"PREVIDÊNCIA BÁSICA";"2023";"744";"";"0";"0";"100012604";"FOLHA DE PAGAMENTO";"45780103000150";"";"0";"PROPRIA";"31900101";"PROVENTOS - PESSOAL CIVIL";"FOLHA DE PAGAMENTO";"1689.74";"2023";"L";"11/01/2023";"0";"01/01/2023";"31/01/2023";"7"
"UNIDADE DE GESTÃO DE ADMINIST. E GESTÃO DE PESSOAS";"9";"PREVIDÊNCIA SOCIAL";"271";"PREVIDÊNCIA BÁSICA";"2023";"745";"";"0";"0";"100012604";"FOLHA DE PAGAMENTO";"45780103000150";"";"0";"PROPRIA";"31900101";"PROVENTOS - PESSOAL CIVIL";"FOLHA DE PAGAMENTO";"59230.93";"2023";"L";"11/01/2023";"0";"01/01/2023";"31/01/2023";"7"
"UNIDADE DE GESTÃO DE ADMINIST. E GESTÃO DE PESSOAS";"9";"PREVIDÊNCIA SOCIAL";"271";"PREVIDÊNCIA BÁSICA";"2023";"746";"";"0";"0";"100012604";"FOLHA DE PAGAMENTO";"45780103000150";"";"0";"PROPRIA";"31900101";"PROVENTOS - PESSOAL CIVIL";"FOLHA DE PAGAMENTO";"113017.71";"2023";"L";"11/01/2023";"0";"01/01/2023";"31/01/2023";"7"
"UNIDADE DE GESTÃO DE ADMINIST. E GESTÃO DE PESSOAS";"9";"PREVIDÊNCIA SOCIAL";"271";"PREVIDÊNCIA BÁSICA";"2023";"747";"";"0";"0";"100012604";"FOLHA DE PAGAMENTO";"45780103000150";"";"0";"PROPRIA";"31900151";"ADICIONAIS. VANTAGENS. GRATIFICAÇÕES E OUTROS COMP";"FOLHA DE PAGAMENTO";"785.02";"2023";"L";"11/01/2023";"0";"01/01/2023";"31/01/2023";"7"
"UNIDADE DE GESTÃO DE ADMINIST. E GESTÃO DE PESSOAS";"9";"PREVIDÊNCIA SOCIAL";"271";"PREVIDÊNCIA BÁSICA";"2023";"748";"";"0";"0";"100012604";"FOLHA DE PAGAMENTO";"45780103000150";"";"0";"PROPRIA";"31900151";"ADICIONAIS. VANTAGENS. GRATIFICAÇÕES E OUTROS COMP";"FOLHA DE PAGAMENTO";"33921.68";"2023";"L";"11/01/2023";"0";"01/01/2023";"31/01/2023";"7"
"UNIDADE DE GESTÃO DE ADMINIST. E GESTÃO DE PESSOAS";"9";"PREVIDÊNCIA SOCIAL";"271";"PREVIDÊNCIA BÁSICA";"2023";"749";"";"0";"0";"100012604";"FOLHA DE PAGAMENTO";"45780103000150";"";"0";"PROPRIA";"31900151";"ADICIONAIS. VANTAGENS. GRATIFICAÇÕES E OUTROS COMP";"FOLHA DE PAGAMENTO";"25699.96";"2023";"L";"11/01/2023";"0";"01/01/2023";"31/01/2023";"7"
"UNIDADE DE GESTÃO DE ADMINIST. E GESTÃO DE PESSOAS";"9";"PREVIDÊNCIA SOCIAL";"271";"PREVIDÊNCIA BÁSICA";"2023";"750";"";"0";"0";"100012604";"FOLHA DE PAGAMENTO";"45780103000150";"";"0";"PROPRIA";"31900151";"ADICIONAIS. VANTAGENS. GRATIFICAÇÕES E OUTROS COMP";"FOLHA DE PAGAMENTO";"2387.68";"2023";"L";"11/01/2023";"0";"01/01/2023";"31/01/2023";"7"
"UNIDADE DE GESTÃO DE ADMINIST. E GESTÃO DE PESSOAS";"9";"PREVIDÊNCIA SOCIAL";"271";"PREVIDÊNCIA BÁSICA";"2023";"751";"";"0";"0";"100012604";"FOLHA DE PAGAMENTO";"45780103000150";"";"0";"PROPRIA";"31900301";"PESSOAL CIVIL";"FOLHA DE PAGAMENTO";"2233.07";"2023";"L";"11/01/2023";"0";"01/01/2023";"31/01/2023";"7"
"UNIDADE DE GESTÃO DE ADMINIST. E GESTÃO DE PESSOAS";"9";"PREVIDÊNCIA SOCIAL";"271";"PREVIDÊNCIA BÁSICA";"2023";"752";"";"0";"0";"100012604";"FOLHA DE PAGAMENTO";"45780103000150";"";"0";"PROPRIA";"31900301";"PESSOAL CIVIL";"FOLHA DE PAGAMENTO";"28990.07";"2023";"L";"11/01/2023";"0";"01/01/2023";"31/01/2023";"7"
"UNIDADE DE GESTÃO DE ADMINIST. E GESTÃO DE PESSOAS";"9";"PREVIDÊNCIA SOCIAL";"271";"PREVIDÊNCIA BÁSICA";"2023";"753";"";"0";"0";"100012604";"FOLHA DE PAGAMENTO";"45780103000150";"";"0";"PROPRIA";"31900301";"PESSOAL CIVIL";"FOLHA DE PAGAMENTO";"18794.04";"2023";"L";"11/01/2023";"0";"01/01/2023";"31/01/2023";"7"
"UNIDADE DE GESTÃO DE ADMINIST. E GESTÃO DE PESSOAS";"9";"PREVIDÊNCIA SOCIAL";"271";"PREVIDÊNCIA BÁSICA";"2023";"754";"";"0";"0";"100012604";"FOLHA DE PAGAMENTO";"45780103000150";"";"0";"PROPRIA";"31900351";"ADICIONAIS. VANTAGENS. GRATIFICAÇÕES E OUTROS COMP";"FOLHA DE PAGAMENTO";"57.44";"2023";"L";"11/01/2023";"0";"01/01/2023";"31/01/2023";"7"
"UNIDADE DE GESTÃO DE ADMINIST. E GESTÃO DE PESSOAS";"9";"PREVIDÊNCIA SOCIAL";"271";"PREVIDÊNCIA BÁSICA";"2023";"755";"";"0";"0";"100012604";"FOLHA DE PAGAMENTO";"45780103000150";"";"0";"PROPRIA";"31900351";"ADICIONAIS. VANTAGENS. GRATIFICAÇÕES E OUTROS COMP";"FOLHA DE PAGAMENTO";"64.2";"2023";"L";"11/01/2023";"0";"01/01/2023";"31/01/2023";"7"
"UNIDADE DE GESTÃO DE ADMINIST. E GESTÃO DE PESSOAS";"9";"PREVIDÊNCIA SOCIAL";"271";"PREVIDÊNCIA BÁSICA";"2023";"756";"";"0";"0";"100012604";"FOLHA DE PAGAMENTO";"45780103000150";"";"0";"PROPRIA";"31900351";"ADICIONAIS. VANTAGENS. GRATIFICAÇÕES E OUTROS COMP";"FOLHA DE PAGAMENTO";"11579.65";"2023";"L";"11/01/2023";"0";"01/01/2023";"31/01/2023";"7"
"UNIDADE DE GESTÃO DE ADMINIST. E GESTÃO DE PESSOAS";"9";"PREVIDÊNCIA SOCIAL";"271";"PREVIDÊNCIA BÁSICA";"2023";"757";"";"0";"0";"100012604";"FOLHA DE PAGAMENTO";"45780103000150";"";"0";"PROPRIA";"31900101";"PROVENTOS - PESSOAL CIVIL";"FOLHA DE PAGAMENTO";"175204.37";"2023";"L";"11/01/2023";"0";"01/01/2023";"31/01/2023";"7"
"UNIDADE DE GESTÃO DE ADMINIST. E GESTÃO DE PESSOAS";"9";"PREVIDÊNCIA SOCIAL";"271";"PREVIDÊNCIA BÁSICA";"2023";"758";"";"0";"0";"100012604";"FOLHA DE PAGAMENTO";"45780103000150";"";"0";"PROPRIA";"31900151";"ADICIONAIS. VANTAGENS. GRATIFICAÇÕES E OUTROS COMP";"FOLHA DE PAGAMENTO";"1745.33";"2023";"L";"11/01/2023";"0";"01/01/2023";"31/01/2023";"7"
"UNIDADE DE GESTÃO DE ADMINIST. E GESTÃO DE PESSOAS";"9";"PREVIDÊNCIA SOCIAL";"271";"PREVIDÊNCIA BÁSICA";"2023";"759";"";"0";"0";"100012604";"FOLHA DE PAGAMENTO";"45780103000150";"";"0";"PROPRIA";"31900151";"ADICIONAIS. VANTAGENS. GRATIFICAÇÕES E OUTROS COMP";"FOLHA DE PAGAMENTO";"666.8";"2023";"L";"11/01/2023";"0";"01/01/2023";"31/01/2023";"7"
"UNIDADE DE GESTÃO DE ADMINIST. E GESTÃO DE PESSOAS";"9";"PREVIDÊNCIA SOCIAL";"271";"PREVIDÊNCIA BÁSICA";"2023";"760";"";"0";"0";"100012604";"FOLHA DE PAGAMENTO";"45780103000150";"";"0";"PROPRIA";"31900151";"ADICIONAIS. VANTAGENS. GRATIFICAÇÕES E OUTROS COMP";"FOLHA DE PAGAMENTO";"58029.02";"2023";"L";"11/01/2023";"0";"01/01/2023";"31/01/2023";"7"
"UNIDADE DE GESTÃO DE ADMINIST. E GESTÃO DE PESSOAS";"9";"PREVIDÊNCIA SOCIAL";"271";"PREVIDÊNCIA BÁSICA";"2023";"761";"";"0";"0";"100012604";"FOLHA DE PAGAMENTO";"45780103000150";"";"0";"PROPRIA";"31900301";"PESSOAL CIVIL";"FOLHA DE PAGAMENTO";"63472.53";"2023";"L";"11/01/2023";"0";"01/01/2023";"31/01/2023";"7"
"UNIDADE DE GESTÃO DE ADMINIST. E GESTÃO DE PESSOAS";"9";"PREVIDÊNCIA SOCIAL";"271";"PREVIDÊNCIA BÁSICA";"2023";"762";"";"0";"0";"100012604";"FOLHA DE PAGAMENTO";"45780103000150";"";"0";"PROPRIA";"31900351";"ADICIONAIS. VANTAGENS. GRATIFICAÇÕES E OUTROS COMP";"FOLHA DE PAGAMENTO";"1403.49";"2023";"L";"11/01/2023";"0";"01/01/2023";"31/01/2023";"7"
"UNIDADE DE GESTÃO DE ADMINIST. E GESTÃO DE PESSOAS";"9";"PREVIDÊNCIA SOCIAL";"271";"PREVIDÊNCIA BÁSICA";"2023";"763";"";"0";"0";"100012604";"FOLHA DE PAGAMENTO";"45780103000150";"";"0";"PROPRIA";"31900351";"ADICIONAIS. VANTAGENS. GRATIFICAÇÕES E OUTROS COMP";"FOLHA DE PAGAMENTO";"30446.15";"2023";"L";"11/01/2023";"0";"01/01/2023";"31/01/2023";"7"
"UNIDADE DE GESTÃO DE ADMINIST. E GESTÃO DE PESSOAS";"17";"SANEAMENTO";"122";"ADMINISTRAÇÃO GERAL";"2023";"764";"";"0";"0";"100012604";"FOLHA DE PAGAMENTO";"45780103000150";"";"902";"RESTITUIÇÕES DAE S/A";"31901101";"VENCIMENTO E SALARIOS";"FOLHA DE PAGAMENTO";"225211.85";"2023";"L";"11/01/2023";"0";"01/01/2023";"31/01/2023";"7"
"UNIDADE DE GESTÃO DE ADMINIST. E GESTÃO DE PESSOAS";"17";"SANEAMENTO";"122";"ADMINISTRAÇÃO GERAL";"2023";"765";"";"0";"0";"100012604";"FOLHA DE PAGAMENTO";"45780103000150";"";"902";"RESTITUIÇÕES DAE S/A";"31901101";"VENCIMENTO E SALARIOS";"FOLHA DE PAGAMENTO";"2087.3";"2023";"L";"11/01/2023";"0";"01/01/2023";"31/01/2023";"7"
"UNIDADE DE GESTÃO DE ADMINIST. E GESTÃO DE PESSOAS";"17";"SANEAMENTO";"122";"ADMINISTRAÇÃO GERAL";"2023";"766";"";"0";"0";"100012604";"FOLHA DE PAGAMENTO";"45780103000150";"";"902";"RESTITUIÇÕES DAE S/A";"31901133";"GRATIFICACOES POR EXERCICIO DE  FUNCOES";"FOLHA DE PAGAMENTO";"12309.78";"2023";"L";"11/01/2023";"0";"01/01/2023";"31/01/2023";"7"
"UNIDADE DE GESTÃO DE ADMINIST. E GESTÃO DE PESSOAS";"17";"SANEAMENTO";"122";"ADMINISTRAÇÃO GERAL";"2023";"767";"";"0";"0";"100012604";"FOLHA DE PAGAMENTO";"45780103000150";"";"902";"RESTITUIÇÕES DAE S/A";"31901137";"GRATIFICACOES POR TEMPO DE SERVICO";"FOLHA DE PAGAMENTO";"68510.82";"2023";"L";"11/01/2023";"0";"01/01/2023";"31/01/2023";"7"
"UNIDADE DE GESTÃO DE ADMINIST. E GESTÃO DE PESSOAS";"17";"SANEAMENTO";"122";"ADMINISTRAÇÃO GERAL";"2023";"768";"";"0";"0";"100012604";"FOLHA DE PAGAMENTO";"45780103000150";"";"902";"RESTITUIÇÕES DAE S/A";"31901137";"GRATIFICACOES POR TEMPO DE SERVICO";"FOLHA DE PAGAMENTO";"730.56";"2023";"L";"11/01/2023";"0";"01/01/2023";"31/01/2023";"7"
"UNIDADE DE GESTÃO DE ADMINIST. E GESTÃO DE PESSOAS";"4";"ADMINISTRAÇÃO";"122";"ADMINISTRAÇÃO GERAL";"2023";"769";"";"0";"0";"100012604";"FOLHA DE PAGAMENTO";"45780103000150";"";"0";"PROPRIA";"31901101";"VENCIMENTO E SALARIOS";"FOLHA DE PAGAMENTO";"14855.8";"2023";"L";"11/01/2023";"0";"01/01/2023";"31/01/2023";"7"
"UNIDADE DE GESTÃO DE ADMINIST. E GESTÃO DE PESSOAS";"4";"ADMINISTRAÇÃO";"122";"ADMINISTRAÇÃO GERAL";"2023";"770";"";"0";"0";"100012604";"FOLHA DE PAGAMENTO";"45780103000150";"";"0";"PROPRIA";"31901101";"VENCIMENTO E SALARIOS";"FOLHA DE PAGAMENTO";"133374.93";"2023";"L";"11/01/2023";"0";"01/01/2023";"31/01/2023";"7"
"UNIDADE DE GESTÃO DE ADMINIST. E GESTÃO DE PESSOAS";"4";"ADMINISTRAÇÃO";"122";"ADMINISTRAÇÃO GERAL";"2023";"771";"";"0";"0";"100012604";"FOLHA DE PAGAMENTO";"45780103000150";"";"0";"PROPRIA";"31901133";"GRATIFICACOES POR EXERCICIO DE  FUNCOES";"FOLHA DE PAGAMENTO";"91.14";"2023";"L";"11/01/2023";"0";"01/01/2023";"31/01/2023";"7"
"UNIDADE DE GESTÃO DE ADMINIST. E GESTÃO DE PESSOAS";"4";"ADMINISTRAÇÃO";"122";"ADMINISTRAÇÃO GERAL";"2023";"772";"";"0";"0";"100012604";"FOLHA DE PAGAMENTO";"45780103000150";"";"0";"PROPRIA";"31901133";"GRATIFICACOES POR EXERCICIO DE  FUNCOES";"FOLHA DE PAGAMENTO";"5805.4";"2023";"L";"11/01/2023";"0";"01/01/2023";"31/01/2023";"7"
"UNIDADE DE GESTÃO DE ADMINIST. E GESTÃO DE PESSOAS";"4";"ADMINISTRAÇÃO";"122";"ADMINISTRAÇÃO GERAL";"2023";"773";"";"0";"0";"100012604";"FOLHA DE PAGAMENTO";"45780103000150";"";"0";"PROPRIA";"31901137";"GRATIFICACOES POR TEMPO DE SERVICO";"FOLHA DE PAGAMENTO";"24235.42";"2023";"L";"11/01/2023";"0";"01/01/2023";"31/01/2023";"7"
"UNIDADE DE GESTÃO DE ADMINIST. E GESTÃO DE PESSOAS";"4";"ADMINISTRAÇÃO";"122";"ADMINISTRAÇÃO GERAL";"2023";"774";"";"0";"0";"100012604";"FOLHA DE PAGAMENTO";"45780103000150";"";"0";"PROPRIA";"31901137";"GRATIFICACOES POR TEMPO DE SERVICO";"FOLHA DE PAGAMENTO";"6538.8";"2023";"L";"11/01/2023";"0";"01/01/2023";"31/01/2023";"7"
"UNIDADE DE GESTÃO DE GOVERNO E FINANÇAS";"4";"ADMINISTRAÇÃO";"122";"ADMINISTRAÇÃO GERAL";"2023";"775";"";"0";"0";"100012604";"FOLHA DE PAGAMENTO";"45780103000150";"";"0";"PROPRIA";"31901101";"VENCIMENTO E SALARIOS";"FOLHA DE PAGAMENTO";"26740.69";"2023";"L";"11/01/2023";"0";"01/01/2023";"31/01/2023";"8"
"UNIDADE DE GESTÃO DE GOVERNO E FINANÇAS";"4";"ADMINISTRAÇÃO";"122";"ADMINISTRAÇÃO GERAL";"2023";"776";"";"0";"0";"100012604";"FOLHA DE PAGAMENTO";"45780103000150";"";"0";"PROPRIA";"31901101";"VENCIMENTO E SALARIOS";"FOLHA DE PAGAMENTO";"62173.89";"2023";"L";"11/01/2023";"0";"01/01/2023";"31/01/2023";"8"
"UNIDADE DE GESTÃO DE GOVERNO E FINANÇAS";"4";"ADMINISTRAÇÃO";"122";"ADMINISTRAÇÃO GERAL";"2023";"777";"";"0";"0";"100012604";"FOLHA DE PAGAMENTO";"45780103000150";"";"0";"PROPRIA";"31901101";"VENCIMENTO E SALARIOS";"FOLHA DE PAGAMENTO";"334964.22";"2023";"L";"11/01/2023";"0";"01/01/2023";"31/01/2023";"8"
"UNIDADE DE GESTÃO DE GOVERNO E FINANÇAS";"4";"ADMINISTRAÇÃO";"122";"ADMINISTRAÇÃO GERAL";"2023";"778";"";"0";"0";"100012604";"FOLHA DE PAGAMENTO";"45780103000150";"";"0";"PROPRIA";"31901105";"INCORPORADOS";"FOLHA DE PAGAMENTO";"4679.76";"2023";"L";"11/01/2023";"0";"01/01/2023";"31/01/2023";"8"
"UNIDADE DE GESTÃO DE GOVERNO E FINANÇAS";"4";"ADMINISTRAÇÃO";"122";"ADMINISTRAÇÃO GERAL";"2023";"779";"";"0";"0";"100012604";"FOLHA DE PAGAMENTO";"45780103000150";"";"0";"PROPRIA";"31901105";"INCORPORADOS";"FOLHA DE PAGAMENTO";"5006.2";"2023";"L";"11/01/2023";"0";"01/01/2023";"31/01/2023";"8"
"UNIDADE DE GESTÃO DE GOVERNO E FINANÇAS";"4";"ADMINISTRAÇÃO";"122";"ADMINISTRAÇÃO GERAL";"2023";"780";"";"0";"0";"100012604";"FOLHA DE PAGAMENTO";"45780103000150";"";"0";"PROPRIA";"31901131";"GRATIFICACOES POR EXERCICIO DE  CARGO";"FOLHA DE PAGAMENTO";"5235.99";"2023";"L";"11/01/2023";"0";"01/01/2023";"31/01/2023";"8"
"UNIDADE DE GESTÃO DE GOVERNO E FINANÇAS";"4";"ADMINISTRAÇÃO";"122";"ADMINISTRAÇÃO GERAL";"2023";"781";"";"0";"0";"100012604";"FOLHA DE PAGAMENTO";"45780103000150";"";"0";"PROPRIA";"31901133";"GRATIFICACOES POR EXERCICIO DE  FUNCOES";"FOLHA DE PAGAMENTO";"26448.98";"2023";"L";"11/01/2023";"0";"01/01/2023";"31/01/2023";"8"
"UNIDADE DE GESTÃO DE GOVERNO E FINANÇAS";"4";"ADMINISTRAÇÃO";"122";"ADMINISTRAÇÃO GERAL";"2023";"782";"";"0";"0";"100012604";"FOLHA DE PAGAMENTO";"45780103000150";"";"0";"PROPRIA";"31901137";"GRATIFICACOES POR TEMPO DE SERVICO";"FOLHA DE PAGAMENTO";"14859.99";"2023";"L";"11/01/2023";"0";"01/01/2023";"31/01/2023";"8"
"UNIDADE DE GESTÃO DE GOVERNO E FINANÇAS";"4";"ADMINISTRAÇÃO";"122";"ADMINISTRAÇÃO GERAL";"2023";"783";"";"0";"0";"100012604";"FOLHA DE PAGAMENTO";"45780103000150";"";"0";"PROPRIA";"31901137";"GRATIFICACOES POR TEMPO DE SERVICO";"FOLHA DE PAGAMENTO";"52549.85";"2023";"L";"11/01/2023";"0";"01/01/2023";"31/01/2023";"8"
"UNIDADE DE GESTÃO DE INFRAEST. E SERVIÇOS PÚBLICOS";"15";"URBANISMO";"122";"ADMINISTRAÇÃO GERAL";"2023";"784";"";"0";"0";"100012604";"FOLHA DE PAGAMENTO";"45780103000150";"";"0";"PROPRIA";"31901101";"VENCIMENTO E SALARIOS";"FOLHA DE PAGAMENTO";"95207.07";"2023";"L";"11/01/2023";"0";"01/01/2023";"31/01/2023";"10"
"UNIDADE DE GESTÃO DE INFRAEST. E SERVIÇOS PÚBLICOS";"15";"URBANISMO";"122";"ADMINISTRAÇÃO GERAL";"2023";"785";"";"0";"0";"100012604";"FOLHA DE PAGAMENTO";"45780103000150";"";"0";"PROPRIA";"31901101";"VENCIMENTO E SALARIOS";"FOLHA DE PAGAMENTO";"453216.49";"2023";"L";"11/01/2023";"0";"01/01/2023";"31/01/2023";"10"
"UNIDADE DE GESTÃO DE INFRAEST. E SERVIÇOS PÚBLICOS";"15";"URBANISMO";"122";"ADMINISTRAÇÃO GERAL";"2023";"786";"";"0";"0";"100012604";"FOLHA DE PAGAMENTO";"45780103000150";"";"0";"PROPRIA";"31901101";"VENCIMENTO E SALARIOS";"FOLHA DE PAGAMENTO";"27928.88";"2023";"L";"11/01/2023";"0";"01/01/2023";"31/01/2023";"10"
"UNIDADE DE GESTÃO DE INFRAEST. E SERVIÇOS PÚBLICOS";"15";"URBANISMO";"122";"ADMINISTRAÇÃO GERAL";"2023";"787";"";"0";"0";"100012604";"FOLHA DE PAGAMENTO";"45780103000150";"";"0";"PROPRIA";"31901131";"GRATIFICACOES POR EXERCICIO DE  CARGO";"FOLHA DE PAGAMENTO";"3490.66";"2023";"L";"11/01/2023";"0";"01/01/2023";"31/01/2023";"10"
"UNIDADE DE GESTÃO DE INFRAEST. E SERVIÇOS PÚBLICOS";"15";"URBANISMO";"122";"ADMINISTRAÇÃO GERAL";"2023";"788";"";"0";"0";"100012604";"FOLHA DE PAGAMENTO";"45780103000150";"";"0";"PROPRIA";"31901133";"GRATIFICACOES POR EXERCICIO DE  FUNCOES";"FOLHA DE PAGAMENTO";"32315.51";"2023";"L";"11/01/2023";"0";"01/01/2023";"31/01/2023";"10"
"UNIDADE DE GESTÃO DE INFRAEST. E SERVIÇOS PÚBLICOS";"15";"URBANISMO";"122";"ADMINISTRAÇÃO GERAL";"2023";"789";"";"0";"0";"100012604";"FOLHA DE PAGAMENTO";"45780103000150";"";"0";"PROPRIA";"31901133";"GRATIFICACOES POR EXERCICIO DE  FUNCOES";"FOLHA DE PAGAMENTO";"1495.89";"2023";"L";"11/01/2023";"0";"01/01/2023";"31/01/2023";"10"
"UNIDADE DE GESTÃO DE INFRAEST. E SERVIÇOS PÚBLICOS";"15";"URBANISMO";"122";"ADMINISTRAÇÃO GERAL";"2023";"790";"";"0";"0";"100012604";"FOLHA DE PAGAMENTO";"45780103000150";"";"0";"PROPRIA";"31901137";"GRATIFICACOES POR TEMPO DE SERVICO";"FOLHA DE PAGAMENTO";"99772.49";"2023";"L";"11/01/2023";"0";"01/01/2023";"31/01/2023";"10"
"UNIDADE DE GESTÃO DE INFRAEST. E SERVIÇOS PÚBLICOS";"15";"URBANISMO";"122";"ADMINISTRAÇÃO GERAL";"2023";"791";"";"0";"0";"100012604";"FOLHA DE PAGAMENTO";"45780103000150";"";"0";"PROPRIA";"31901137";"GRATIFICACOES POR TEMPO DE SERVICO";"FOLHA DE PAGAMENTO";"12651.6";"2023";"L";"11/01/2023";"0";"01/01/2023";"31/01/2023";"10"
"UNIDADE DE GESTÃO DE INFRAEST. E SERVIÇOS PÚBLICOS";"15";"URBANISMO";"122";"ADMINISTRAÇÃO GERAL";"2023";"792";"";"0";"0";"100012604";"FOLHA DE PAGAMENTO";"45780103000150";"";"0";"PROPRIA";"31901632";"SUBSTITUIÇÕES  RPPS";"FOLHA DE PAGAMENTO";"2518.09";"2023";"L";"11/01/2023";"0";"01/01/2023";"31/01/2023";"10"
"UNIDADE GESTÃO DE PLANEJ. URBANO E MEIO AMBIENTE";"18";"GESTÃO AMBIENTAL";"122";"ADMINISTRAÇÃO GERAL";"2023";"793";"";"0";"0";"100012604";"FOLHA DE PAGAMENTO";"45780103000150";"";"0";"PROPRIA";"31901101";"VENCIMENTO E SALARIOS";"FOLHA DE PAGAMENTO";"206353.82";"2023";"L";"11/01/2023";"0";"01/01/2023";"31/01/2023";"11"
"UNIDADE GESTÃO DE PLANEJ. URBANO E MEIO AMBIENTE";"18";"GESTÃO AMBIENTAL";"122";"ADMINISTRAÇÃO GERAL";"2023";"794";"";"0";"0";"100012604";"FOLHA DE PAGAMENTO";"45780103000150";"";"0";"PROPRIA";"31901101";"VENCIMENTO E SALARIOS";"FOLHA DE PAGAMENTO";"18128.96";"2023";"L";"11/01/2023";"0";"01/01/2023";"31/01/2023";"11"
"UNIDADE GESTÃO DE PLANEJ. URBANO E MEIO AMBIENTE";"18";"GESTÃO AMBIENTAL";"122";"ADMINISTRAÇÃO GERAL";"2023";"795";"";"0";"0";"100012604";"FOLHA DE PAGAMENTO";"45780103000150";"";"0";"PROPRIA";"31901101";"VENCIMENTO E SALARIOS";"FOLHA DE PAGAMENTO";"33317.94";"2023";"L";"11/01/2023";"0";"01/01/2023";"31/01/2023";"11"
"UNIDADE GESTÃO DE PLANEJ. URBANO E MEIO AMBIENTE";"18";"GESTÃO AMBIENTAL";"122";"ADMINISTRAÇÃO GERAL";"2023";"796";"";"0";"0";"100012604";"FOLHA DE PAGAMENTO";"45780103000150";"";"0";"PROPRIA";"31901131";"GRATIFICACOES POR EXERCICIO DE  CARGO";"FOLHA DE PAGAMENTO";"1745.33";"2023";"L";"11/01/2023";"0";"01/01/2023";"31/01/2023";"11"
"UNIDADE GESTÃO DE PLANEJ. URBANO E MEIO AMBIENTE";"18";"GESTÃO AMBIENTAL";"122";"ADMINISTRAÇÃO GERAL";"2023";"797";"";"0";"0";"100012604";"FOLHA DE PAGAMENTO";"45780103000150";"";"0";"PROPRIA";"31901133";"GRATIFICACOES POR EXERCICIO DE  FUNCOES";"FOLHA DE PAGAMENTO";"3233.58";"2023";"L";"11/01/2023";"0";"01/01/2023";"31/01/2023";"11"
"UNIDADE GESTÃO DE PLANEJ. URBANO E MEIO AMBIENTE";"18";"GESTÃO AMBIENTAL";"122";"ADMINISTRAÇÃO GERAL";"2023";"798";"";"0";"0";"100012604";"FOLHA DE PAGAMENTO";"45780103000150";"";"0";"PROPRIA";"31901133";"GRATIFICACOES POR EXERCICIO DE  FUNCOES";"FOLHA DE PAGAMENTO";"12664.04";"2023";"L";"11/01/2023";"0";"01/01/2023";"31/01/2023";"11"
"UNIDADE GESTÃO DE PLANEJ. URBANO E MEIO AMBIENTE";"18";"GESTÃO AMBIENTAL";"122";"ADMINISTRAÇÃO GERAL";"2023";"799";"";"0";"0";"100012604";"FOLHA DE PAGAMENTO";"45780103000150";"";"0";"PROPRIA";"31901137";"GRATIFICACOES POR TEMPO DE SERVICO";"FOLHA DE PAGAMENTO";"1407.24";"2023";"L";"11/01/2023";"0";"01/01/2023";"31/01/2023";"11"
"UNIDADE GESTÃO DE PLANEJ. URBANO E MEIO AMBIENTE";"18";"GESTÃO AMBIENTAL";"122";"ADMINISTRAÇÃO GERAL";"2023";"800";"";"0";"0";"100012604";"FOLHA DE PAGAMENTO";"45780103000150";"";"0";"PROPRIA";"31901137";"GRATIFICACOES POR TEMPO DE SERVICO";"FOLHA DE PAGAMENTO";"29166.69";"2023";"L";"11/01/2023";"0";"01/01/2023";"31/01/2023";"11"
"UNIDADE GESTÃO DE PLANEJ. URBANO E MEIO AMBIENTE";"18";"GESTÃO AMBIENTAL";"122";"ADMINISTRAÇÃO GERAL";"2023";"801";"";"0";"0";"100012604";"FOLHA DE PAGAMENTO";"45780103000150";"";"0";"PROPRIA";"31901137";"GRATIFICACOES POR TEMPO DE SERVICO";"FOLHA DE PAGAMENTO";"8518.65";"2023";"L";"11/01/2023";"0";"01/01/2023";"31/01/2023";"11"
"UNIDADE GESTÃO DE PLANEJ. URBANO E MEIO AMBIENTE";"18";"GESTÃO AMBIENTAL";"122";"ADMINISTRAÇÃO GERAL";"2023";"802";"";"0";"0";"100012604";"FOLHA DE PAGAMENTO";"45780103000150";"";"0";"PROPRIA";"31901632";"SUBSTITUIÇÕES  RPPS";"FOLHA DE PAGAMENTO";"2616.59";"2023";"L";"11/01/2023";"0";"01/01/2023";"31/01/2023";"11"
"UNIDADE DE GESTÃO DE MOBILIDADE E TRANSPORTE";"15";"URBANISMO";"122";"ADMINISTRAÇÃO GERAL";"2023";"803";"";"0";"0";"100012604";"FOLHA DE PAGAMENTO";"45780103000150";"";"0";"PROPRIA";"31901101";"VENCIMENTO E SALARIOS";"FOLHA DE PAGAMENTO";"10782.07";"2023";"L";"11/01/2023";"0";"01/01/2023";"31/01/2023";"12"
"UNIDADE DE GESTÃO DE MOBILIDADE E TRANSPORTE";"15";"URBANISMO";"122";"ADMINISTRAÇÃO GERAL";"2023";"804";"";"0";"0";"100012604";"FOLHA DE PAGAMENTO";"45780103000150";"";"0";"PROPRIA";"31901101";"VENCIMENTO E SALARIOS";"FOLHA DE PAGAMENTO";"394835.36";"2023";"L";"11/01/2023";"0";"01/01/2023";"31/01/2023";"12"
"UNIDADE DE GESTÃO DE MOBILIDADE E TRANSPORTE";"15";"URBANISMO";"122";"ADMINISTRAÇÃO GERAL";"2023";"805";"";"0";"0";"100012604";"FOLHA DE PAGAMENTO";"45780103000150";"";"0";"PROPRIA";"31901101";"VENCIMENTO E SALARIOS";"FOLHA DE PAGAMENTO";"20186.52";"2023";"L";"11/01/2023";"0";"01/01/2023";"31/01/2023";"12"
"UNIDADE DE GESTÃO DE MOBILIDADE E TRANSPORTE";"15";"URBANISMO";"122";"ADMINISTRAÇÃO GERAL";"2023";"806";"";"0";"0";"100012604";"FOLHA DE PAGAMENTO";"45780103000150";"";"0";"PROPRIA";"31901131";"GRATIFICACOES POR EXERCICIO DE  CARGO";"FOLHA DE PAGAMENTO";"2688.95";"2023";"L";"11/01/2023";"0";"01/01/2023";"31/01/2023";"12"
"UNIDADE DE GESTÃO DE MOBILIDADE E TRANSPORTE";"15";"URBANISMO";"122";"ADMINISTRAÇÃO GERAL";"2023";"807";"";"0";"0";"100012604";"FOLHA DE PAGAMENTO";"45780103000150";"";"0";"PROPRIA";"31901133";"GRATIFICACOES POR EXERCICIO DE  FUNCOES";"FOLHA DE PAGAMENTO";"61082.47";"2023";"L";"11/01/2023";"0";"01/01/2023";"31/01/2023";"12"
"UNIDADE DE GESTÃO DE MOBILIDADE E TRANSPORTE";"15";"URBANISMO";"122";"ADMINISTRAÇÃO GERAL";"2023";"808";"";"0";"0";"100012604";"FOLHA DE PAGAMENTO";"45780103000150";"";"0";"PROPRIA";"31901133";"GRATIFICACOES POR EXERCICIO DE  FUNCOES";"FOLHA DE PAGAMENTO";"1201.07";"2023";"L";"11/01/2023";"0";"01/01/2023";"31/01/2023";"12"
"UNIDADE DE GESTÃO DE MOBILIDADE E TRANSPORTE";"15";"URBANISMO";"122";"ADMINISTRAÇÃO GERAL";"2023";"809";"";"0";"0";"100012604";"FOLHA DE PAGAMENTO";"45780103000150";"";"0";"PROPRIA";"31901137";"GRATIFICACOES POR TEMPO DE SERVICO";"FOLHA DE PAGAMENTO";"84953.38";"2023";"L";"11/01/2023";"0";"01/01/2023";"31/01/2023";"12"
"UNIDADE DE GESTÃO DE MOBILIDADE E TRANSPORTE";"15";"URBANISMO";"122";"ADMINISTRAÇÃO GERAL";"2023";"810";"";"0";"0";"100012604";"FOLHA DE PAGAMENTO";"45780103000150";"";"0";"PROPRIA";"31901137";"GRATIFICACOES POR TEMPO DE SERVICO";"FOLHA DE PAGAMENTO";"9403.43";"2023";"L";"11/01/2023";"0";"01/01/2023";"31/01/2023";"12"
"UNIDADE DE GESTÃO DE MOBILIDADE E TRANSPORTE";"15";"URBANISMO";"122";"ADMINISTRAÇÃO GERAL";"2023";"811";"";"0";"0";"100012604";"FOLHA DE PAGAMENTO";"45780103000150";"";"0";"PROPRIA";"31901632";"SUBSTITUIÇÕES  RPPS";"FOLHA DE PAGAMENTO";"2134";"2023";"L";"11/01/2023";"0";"01/01/2023";"31/01/2023";"12"
"UNIDADE DE GESTÃO DE EDUCAÇÃO";"12";"EDUCAÇÃO";"365";"EDUCAÇÃO INFANTIL";"2023";"812";"";"0";"0";"100012604";"FOLHA DE PAGAMENTO";"45780103000150";"";"0";"PROPRIA";"31901101";"VENCIMENTO E SALARIOS";"FOLHA DE PAGAMENTO";"9859.96";"2023";"L";"11/01/2023";"0";"01/01/2023";"31/01/2023";"13"
"UNIDADE DE GESTÃO DE EDUCAÇÃO";"12";"EDUCAÇÃO";"365";"EDUCAÇÃO INFANTIL";"2023";"813";"";"0";"0";"100012604";"FOLHA DE PAGAMENTO";"45780103000150";"";"0";"PROPRIA";"31901137";"GRATIFICACOES POR TEMPO DE SERVICO";"FOLHA DE PAGAMENTO";"592.02";"2023";"L";"11/01/2023";"0";"01/01/2023";"31/01/2023";"13"
"UNIDADE DE GESTÃO DE EDUCAÇÃO";"12";"EDUCAÇÃO";"365";"EDUCAÇÃO INFANTIL";"2023";"814";"";"0";"0";"100012604";"FOLHA DE PAGAMENTO";"45780103000150";"";"0";"PROPRIA";"31901101";"VENCIMENTO E SALARIOS";"FOLHA DE PAGAMENTO";"8678.63";"2023";"L";"11/01/2023";"0";"01/01/2023";"31/01/2023";"13"
"UNIDADE DE GESTÃO DE EDUCAÇÃO";"12";"EDUCAÇÃO";"365";"EDUCAÇÃO INFANTIL";"2023";"815";"";"0";"0";"100012604";"FOLHA DE PAGAMENTO";"45780103000150";"";"0";"PROPRIA";"31901137";"GRATIFICACOES POR TEMPO DE SERVICO";"FOLHA DE PAGAMENTO";"1241.75";"2023";"L";"11/01/2023";"0";"01/01/2023";"31/01/2023";"13"
"UNIDADE DE GESTÃO DE EDUCAÇÃO";"12";"EDUCAÇÃO";"361";"ENSINO FUNDAMENTAL";"2023";"816";"";"0";"0";"100012604";"FOLHA DE PAGAMENTO";"45780103000150";"";"0";"PROPRIA";"31901101";"VENCIMENTO E SALARIOS";"FOLHA DE PAGAMENTO";"43294.96";"2023";"L";"11/01/2023";"0";"01/01/2023";"31/01/2023";"13"
"UNIDADE DE GESTÃO DE EDUCAÇÃO";"12";"EDUCAÇÃO";"361";"ENSINO FUNDAMENTAL";"2023";"817";"";"0";"0";"100012604";"FOLHA DE PAGAMENTO";"45780103000150";"";"0";"PROPRIA";"31901133";"GRATIFICACOES POR EXERCICIO DE  FUNCOES";"FOLHA DE PAGAMENTO";"420.22";"2023";"L";"11/01/2023";"0";"01/01/2023";"31/01/2023";"13"
"UNIDADE DE GESTÃO DE EDUCAÇÃO";"12";"EDUCAÇÃO";"361";"ENSINO FUNDAMENTAL";"2023";"818";"";"0";"0";"100012604";"FOLHA DE PAGAMENTO";"45780103000150";"";"0";"PROPRIA";"31901137";"GRATIFICACOES POR TEMPO DE SERVICO";"FOLHA DE PAGAMENTO";"6936.83";"2023";"L";"11/01/2023";"0";"01/01/2023";"31/01/2023";"13"
"UNIDADE DE GESTÃO DE EDUCAÇÃO";"12";"EDUCAÇÃO";"361";"ENSINO FUNDAMENTAL";"2023";"819";"";"0";"0";"100012604";"FOLHA DE PAGAMENTO";"45780103000150";"";"0";"PROPRIA";"31901101";"VENCIMENTO E SALARIOS";"FOLHA DE PAGAMENTO";"3809.01";"2023";"L";"11/01/2023";"0";"01/01/2023";"31/01/2023";"13"
"UNIDADE DE GESTÃO DE EDUCAÇÃO";"12";"EDUCAÇÃO";"361";"ENSINO FUNDAMENTAL";"2023";"820";"";"0";"0";"100012604";"FOLHA DE PAGAMENTO";"45780103000150";"";"0";"PROPRIA";"31901137";"GRATIFICACOES POR TEMPO DE SERVICO";"FOLHA DE PAGAMENTO";"208.98";"2023";"L";"11/01/2023";"0";"01/01/2023";"31/01/2023";"13"
"UNIDADE DE GESTÃO DE EDUCAÇÃO";"12";"EDUCAÇÃO";"361";"ENSINO FUNDAMENTAL";"2023";"821";"";"0";"0";"100012604";"FOLHA DE PAGAMENTO";"45780103000150";"";"5203";"FUNDO MANUT.DES.ED.BÁSICA E VALOR.PROF.MAG.-FUNDEB";"31900411";"SALÁRIOS - CONTRATO TEMPORÁRIO";"FOLHA DE PAGAMENTO";"1719.25";"2023";"L";"11/01/2023";"0";"01/01/2023";"31/01/2023";"13"
"UNIDADE DE GESTÃO DE EDUCAÇÃO";"12";"EDUCAÇÃO";"361";"ENSINO FUNDAMENTAL";"2023";"822";"";"0";"0";"100012604";"FOLHA DE PAGAMENTO";"45780103000150";"";"0";"PROPRIA";"31901101";"VENCIMENTO E SALARIOS";"FOLHA DE PAGAMENTO";"63975.22";"2023";"L";"11/01/2023";"0";"01/01/2023";"31/01/2023";"13"
"UNIDADE DE GESTÃO DE EDUCAÇÃO";"12";"EDUCAÇÃO";"361";"ENSINO FUNDAMENTAL";"2023";"823";"";"0";"0";"100012604";"FOLHA DE PAGAMENTO";"45780103000150";"";"0";"PROPRIA";"31901131";"GRATIFICACOES POR EXERCICIO DE  CARGO";"FOLHA DE PAGAMENTO";"3490.66";"2023";"L";"11/01/2023";"0";"01/01/2023";"31/01/2023";"13"
"UNIDADE DE GESTÃO DE EDUCAÇÃO";"12";"EDUCAÇÃO";"361";"ENSINO FUNDAMENTAL";"2023";"824";"";"0";"0";"100012604";"FOLHA DE PAGAMENTO";"45780103000150";"";"0";"PROPRIA";"31901133";"GRATIFICACOES POR EXERCICIO DE  FUNCOES";"FOLHA DE PAGAMENTO";"3776.2";"2023";"L";"11/01/2023";"0";"01/01/2023";"31/01/2023";"13"
"UNIDADE DE GESTÃO DE EDUCAÇÃO";"12";"EDUCAÇÃO";"361";"ENSINO FUNDAMENTAL";"2023";"825";"";"0";"0";"100012604";"FOLHA DE PAGAMENTO";"45780103000150";"";"0";"PROPRIA";"31901137";"GRATIFICACOES POR TEMPO DE SERVICO";"FOLHA DE PAGAMENTO";"4001.89";"2023";"L";"11/01/2023";"0";"01/01/2023";"31/01/2023";"13"
"UNIDADE DE GESTÃO DE EDUCAÇÃO";"12";"EDUCAÇÃO";"361";"ENSINO FUNDAMENTAL";"2023";"826";"";"0";"0";"100012604";"FOLHA DE PAGAMENTO";"45780103000150";"";"5203";"FUNDO MANUT.DES.ED.BÁSICA E VALOR.PROF.MAG.-FUNDEB";"31901101";"VENCIMENTO E SALARIOS";"FOLHA DE PAGAMENTO";"257794.05";"2023";"L";"11/01/2023";"0";"01/01/2023";"31/01/2023";"13"
"UNIDADE DE GESTÃO DE EDUCAÇÃO";"12";"EDUCAÇÃO";"361";"ENSINO FUNDAMENTAL";"2023";"827";"";"0";"0";"100012604";"FOLHA DE PAGAMENTO";"45780103000150";"";"5203";"FUNDO MANUT.DES.ED.BÁSICA E VALOR.PROF.MAG.-FUNDEB";"31901133";"GRATIFICACOES POR EXERCICIO DE  FUNCOES";"FOLHA DE PAGAMENTO";"3224.81";"2023";"L";"11/01/2023";"0";"01/01/2023";"31/01/2023";"13"
"UNIDADE DE GESTÃO DE EDUCAÇÃO";"12";"EDUCAÇÃO";"361";"ENSINO FUNDAMENTAL";"2023";"828";"";"0";"0";"100012604";"FOLHA DE PAGAMENTO";"45780103000150";"";"5203";"FUNDO MANUT.DES.ED.BÁSICA E VALOR.PROF.MAG.-FUNDEB";"31901137";"GRATIFICACOES POR TEMPO DE SERVICO";"FOLHA DE PAGAMENTO";"9698.42";"2023";"L";"11/01/2023";"0";"01/01/2023";"31/01/2023";"13"
"UNIDADE DE GESTÃO DE EDUCAÇÃO";"12";"EDUCAÇÃO";"361";"ENSINO FUNDAMENTAL";"2023";"829";"";"0";"0";"100012604";"FOLHA DE PAGAMENTO";"45780103000150";"";"0";"PROPRIA";"31901632";"SUBSTITUIÇÕES  RPPS";"FOLHA DE PAGAMENTO";"1823.22";"2023";"L";"11/01/2023";"0";"01/01/2023";"31/01/2023";"13"
"UNIDADE DE GESTÃO DE EDUCAÇÃO";"12";"EDUCAÇÃO";"365";"EDUCAÇÃO INFANTIL";"2023";"830";"";"0";"0";"100012604";"FOLHA DE PAGAMENTO";"45780103000150";"";"0";"PROPRIA";"31901101";"VENCIMENTO E SALARIOS";"FOLHA DE PAGAMENTO";"54667.51";"2023";"L";"11/01/2023";"0";"01/01/2023";"31/01/2023";"13"
"UNIDADE DE GESTÃO DE EDUCAÇÃO";"12";"EDUCAÇÃO";"365";"EDUCAÇÃO INFANTIL";"2023";"831";"";"0";"0";"100012604";"FOLHA DE PAGAMENTO";"45780103000150";"";"0";"PROPRIA";"31901131";"GRATIFICACOES POR EXERCICIO DE  CARGO";"FOLHA DE PAGAMENTO";"1745.33";"2023";"L";"11/01/2023";"0";"01/01/2023";"31/01/2023";"13"
"UNIDADE DE GESTÃO DE EDUCAÇÃO";"12";"EDUCAÇÃO";"365";"EDUCAÇÃO INFANTIL";"2023";"832";"";"0";"0";"100012604";"FOLHA DE PAGAMENTO";"45780103000150";"";"0";"PROPRIA";"31901133";"GRATIFICACOES POR EXERCICIO DE  FUNCOES";"FOLHA DE PAGAMENTO";"2843.53";"2023";"L";"11/01/2023";"0";"01/01/2023";"31/01/2023";"13"
"UNIDADE DE GESTÃO DE EDUCAÇÃO";"12";"EDUCAÇÃO";"365";"EDUCAÇÃO INFANTIL";"2023";"833";"";"0";"0";"100012604";"FOLHA DE PAGAMENTO";"45780103000150";"";"0";"PROPRIA";"31901137";"GRATIFICACOES POR TEMPO DE SERVICO";"FOLHA DE PAGAMENTO";"5125.78";"2023";"L";"11/01/2023";"0";"01/01/2023";"31/01/2023";"13"
"UNIDADE DE GESTÃO DE EDUCAÇÃO";"12";"EDUCAÇÃO";"365";"EDUCAÇÃO INFANTIL";"2023";"834";"";"0";"0";"100012604";"FOLHA DE PAGAMENTO";"45780103000150";"";"0";"PROPRIA";"31901101";"VENCIMENTO E SALARIOS";"FOLHA DE PAGAMENTO";"20787.36";"2023";"L";"11/01/2023";"0";"01/01/2023";"31/01/2023";"13"
"UNIDADE DE GESTÃO DE EDUCAÇÃO";"12";"EDUCAÇÃO";"365";"EDUCAÇÃO INFANTIL";"2023";"835";"";"0";"0";"100012604";"FOLHA DE PAGAMENTO";"45780103000150";"";"0";"PROPRIA";"31901131";"GRATIFICACOES POR EXERCICIO DE  CARGO";"FOLHA DE PAGAMENTO";"1745.33";"2023";"L";"11/01/2023";"0";"01/01/2023";"31/01/2023";"13"
"UNIDADE DE GESTÃO DE EDUCAÇÃO";"12";"EDUCAÇÃO";"365";"EDUCAÇÃO INFANTIL";"2023";"836";"";"0";"0";"100012604";"FOLHA DE PAGAMENTO";"45780103000150";"";"0";"PROPRIA";"31901133";"GRATIFICACOES POR EXERCICIO DE  FUNCOES";"FOLHA DE PAGAMENTO";"538.26";"2023";"L";"11/01/2023";"0";"01/01/2023";"31/01/2023";"13"
"UNIDADE DE GESTÃO DE EDUCAÇÃO";"12";"EDUCAÇÃO";"365";"EDUCAÇÃO INFANTIL";"2023";"837";"";"0";"0";"100012604";"FOLHA DE PAGAMENTO";"45780103000150";"";"0";"PROPRIA";"31901137";"GRATIFICACOES POR TEMPO DE SERVICO";"FOLHA DE PAGAMENTO";"1565.44";"2023";"L";"11/01/2023";"0";"01/01/2023";"31/01/2023";"13"
"UNIDADE DE GESTÃO DE EDUCAÇÃO";"12";"EDUCAÇÃO";"365";"EDUCAÇÃO INFANTIL";"2023";"838";"";"0";"0";"100012604";"FOLHA DE PAGAMENTO";"45780103000150";"";"5203";"FUNDO MANUT.DES.ED.BÁSICA E VALOR.PROF.MAG.-FUNDEB";"31901101";"VENCIMENTO E SALARIOS";"FOLHA DE PAGAMENTO";"108223.33";"2023";"L";"11/01/2023";"0";"01/01/2023";"31/01/2023";"13"
"UNIDADE DE GESTÃO DE EDUCAÇÃO";"12";"EDUCAÇÃO";"365";"EDUCAÇÃO INFANTIL";"2023";"839";"";"0";"0";"100012604";"FOLHA DE PAGAMENTO";"45780103000150";"";"5203";"FUNDO MANUT.DES.ED.BÁSICA E VALOR.PROF.MAG.-FUNDEB";"31901133";"GRATIFICACOES POR EXERCICIO DE  FUNCOES";"FOLHA DE PAGAMENTO";"2358.29";"2023";"L";"11/01/2023";"0";"01/01/2023";"31/01/2023";"13"
"UNIDADE DE GESTÃO DE EDUCAÇÃO";"12";"EDUCAÇÃO";"365";"EDUCAÇÃO INFANTIL";"2023";"840";"";"0";"0";"100012604";"FOLHA DE PAGAMENTO";"45780103000150";"";"5203";"FUNDO MANUT.DES.ED.BÁSICA E VALOR.PROF.MAG.-FUNDEB";"31901137";"GRATIFICACOES POR TEMPO DE SERVICO";"FOLHA DE PAGAMENTO";"4456.38";"2023";"L";"11/01/2023";"0";"01/01/2023";"31/01/2023";"13"
"UNIDADE DE GESTÃO DE EDUCAÇÃO";"12";"EDUCAÇÃO";"365";"EDUCAÇÃO INFANTIL";"2023";"841";"";"0";"0";"100012604";"FOLHA DE PAGAMENTO";"45780103000150";"";"5203";"FUNDO MANUT.DES.ED.BÁSICA E VALOR.PROF.MAG.-FUNDEB";"31901632";"SUBSTITUIÇÕES  RPPS";"FOLHA DE PAGAMENTO";"1850.12";"2023";"L";"11/01/2023";"0";"01/01/2023";"31/01/2023";"13"
"UNIDADE DE GESTÃO DE EDUCAÇÃO";"12";"EDUCAÇÃO";"361";"ENSINO FUNDAMENTAL";"2023";"842";"";"0";"0";"100012604";"FOLHA DE PAGAMENTO";"45780103000150";"";"0";"PROPRIA";"31901101";"VENCIMENTO E SALARIOS";"FOLHA DE PAGAMENTO";"5313.1";"2023";"L";"11/01/2023";"0";"01/01/2023";"31/01/2023";"13"
"UNIDADE DE GESTÃO DE EDUCAÇÃO";"12";"EDUCAÇÃO";"361";"ENSINO FUNDAMENTAL";"2023";"843";"";"0";"0";"100012604";"FOLHA DE PAGAMENTO";"45780103000150";"";"0";"PROPRIA";"31901101";"VENCIMENTO E SALARIOS";"FOLHA DE PAGAMENTO";"129558.41";"2023";"L";"11/01/2023";"0";"01/01/2023";"31/01/2023";"13"
"UNIDADE DE GESTÃO DE EDUCAÇÃO";"12";"EDUCAÇÃO";"361";"ENSINO FUNDAMENTAL";"2023";"844";"";"0";"0";"100012604";"FOLHA DE PAGAMENTO";"45780103000150";"";"0";"PROPRIA";"31901101";"VENCIMENTO E SALARIOS";"FOLHA DE PAGAMENTO";"38127.98";"2023";"L";"11/01/2023";"0";"01/01/2023";"31/01/2023";"13"
"UNIDADE DE GESTÃO DE EDUCAÇÃO";"12";"EDUCAÇÃO";"361";"ENSINO FUNDAMENTAL";"2023";"845";"";"0";"0";"100012604";"FOLHA DE PAGAMENTO";"45780103000150";"";"0";"PROPRIA";"31901105";"INCORPORADOS";"FOLHA DE PAGAMENTO";"565.45";"2023";"L";"11/01/2023";"0";"01/01/2023";"31/01/2023";"13"
"UNIDADE DE GESTÃO DE EDUCAÇÃO";"12";"EDUCAÇÃO";"361";"ENSINO FUNDAMENTAL";"2023";"846";"";"0";"0";"100012604";"FOLHA DE PAGAMENTO";"45780103000150";"";"0";"PROPRIA";"31901133";"GRATIFICACOES POR EXERCICIO DE  FUNCOES";"FOLHA DE PAGAMENTO";"8247.25";"2023";"L";"11/01/2023";"0";"01/01/2023";"31/01/2023";"13"
"UNIDADE DE GESTÃO DE EDUCAÇÃO";"12";"EDUCAÇÃO";"361";"ENSINO FUNDAMENTAL";"2023";"847";"";"0";"0";"100012604";"FOLHA DE PAGAMENTO";"45780103000150";"";"0";"PROPRIA";"31901137";"GRATIFICACOES POR TEMPO DE SERVICO";"FOLHA DE PAGAMENTO";"7782.52";"2023";"L";"11/01/2023";"0";"01/01/2023";"31/01/2023";"13"
"UNIDADE DE GESTÃO DE EDUCAÇÃO";"12";"EDUCAÇÃO";"361";"ENSINO FUNDAMENTAL";"2023";"848";"";"0";"0";"100012604";"FOLHA DE PAGAMENTO";"45780103000150";"";"0";"PROPRIA";"31901137";"GRATIFICACOES POR TEMPO DE SERVICO";"FOLHA DE PAGAMENTO";"2338.34";"2023";"L";"11/01/2023";"0";"01/01/2023";"31/01/2023";"13"
"UNIDADE DE GESTÃO DE EDUCAÇÃO";"12";"EDUCAÇÃO";"361";"ENSINO FUNDAMENTAL";"2023";"849";"";"0";"0";"100012604";"FOLHA DE PAGAMENTO";"45780103000150";"";"0";"PROPRIA";"31901632";"SUBSTITUIÇÕES  RPPS";"FOLHA DE PAGAMENTO";"2669.08";"2023";"L";"11/01/2023";"0";"01/01/2023";"31/01/2023";"13"
"UNIDADE DE GESTÃO DE EDUCAÇÃO";"12";"EDUCAÇÃO";"366";"EDUCAÇÃO DE JOVENS E ADULTOS";"2023";"850";"";"0";"0";"100012604";"FOLHA DE PAGAMENTO";"45780103000150";"";"0";"PROPRIA";"31901101";"VENCIMENTO E SALARIOS";"FOLHA DE PAGAMENTO";"5811.96";"2023";"L";"11/01/2023";"0";"01/01/2023";"31/01/2023";"13"
"UNIDADE DE GESTÃO DE EDUCAÇÃO";"12";"EDUCAÇÃO";"366";"EDUCAÇÃO DE JOVENS E ADULTOS";"2023";"851";"";"0";"0";"100012604";"FOLHA DE PAGAMENTO";"45780103000150";"";"0";"PROPRIA";"31901133";"GRATIFICACOES POR EXERCICIO DE  FUNCOES";"FOLHA DE PAGAMENTO";"714.22";"2023";"L";"11/01/2023";"0";"01/01/2023";"31/01/2023";"13"
"UNIDADE DE GESTÃO DE EDUCAÇÃO";"12";"EDUCAÇÃO";"366";"EDUCAÇÃO DE JOVENS E ADULTOS";"2023";"852";"";"0";"0";"100012604";"FOLHA DE PAGAMENTO";"45780103000150";"";"0";"PROPRIA";"31901137";"GRATIFICACOES POR TEMPO DE SERVICO";"FOLHA DE PAGAMENTO";"593.26";"2023";"L";"11/01/2023";"0";"01/01/2023";"31/01/2023";"13"
"UNIDADE DE GESTÃO DE EDUCAÇÃO";"12";"EDUCAÇÃO";"365";"EDUCAÇÃO INFANTIL";"2023";"853";"";"0";"0";"100012604";"FOLHA DE PAGAMENTO";"45780103000150";"";"0";"PROPRIA";"31901101";"VENCIMENTO E SALARIOS";"FOLHA DE PAGAMENTO";"84554.3";"2023";"L";"11/01/2023";"0";"01/01/2023";"31/01/2023";"13"
"UNIDADE DE GESTÃO DE EDUCAÇÃO";"12";"EDUCAÇÃO";"365";"EDUCAÇÃO INFANTIL";"2023";"854";"";"0";"0";"100012604";"FOLHA DE PAGAMENTO";"45780103000150";"";"0";"PROPRIA";"31901133";"GRATIFICACOES POR EXERCICIO DE  FUNCOES";"FOLHA DE PAGAMENTO";"420.22";"2023";"L";"11/01/2023";"0";"01/01/2023";"31/01/2023";"13"
"UNIDADE DE GESTÃO DE EDUCAÇÃO";"12";"EDUCAÇÃO";"365";"EDUCAÇÃO INFANTIL";"2023";"855";"";"0";"0";"100012604";"FOLHA DE PAGAMENTO";"45780103000150";"";"0";"PROPRIA";"31901137";"GRATIFICACOES POR TEMPO DE SERVICO";"FOLHA DE PAGAMENTO";"3184.56";"2023";"L";"11/01/2023";"0";"01/01/2023";"31/01/2023";"13"
"UNIDADE DE GESTÃO DE EDUCAÇÃO";"12";"EDUCAÇÃO";"365";"EDUCAÇÃO INFANTIL";"2023";"856";"";"0";"0";"100012604";"FOLHA DE PAGAMENTO";"45780103000150";"";"0";"PROPRIA";"31901101";"VENCIMENTO E SALARIOS";"FOLHA DE PAGAMENTO";"14116.85";"2023";"L";"11/01/2023";"0";"01/01/2023";"31/01/2023";"13"
"UNIDADE DE GESTÃO DE EDUCAÇÃO";"12";"EDUCAÇÃO";"365";"EDUCAÇÃO INFANTIL";"2023";"857";"";"0";"0";"100012604";"FOLHA DE PAGAMENTO";"45780103000150";"";"0";"PROPRIA";"31901137";"GRATIFICACOES POR TEMPO DE SERVICO";"FOLHA DE PAGAMENTO";"568.56";"2023";"L";"11/01/2023";"0";"01/01/2023";"31/01/2023";"13"
"UNIDADE DE GESTÃO DE EDUCAÇÃO";"12";"EDUCAÇÃO";"361";"ENSINO FUNDAMENTAL";"2023";"858";"";"0";"0";"100012604";"FOLHA DE PAGAMENTO";"45780103000150";"";"0";"PROPRIA";"31901101";"VENCIMENTO E SALARIOS";"FOLHA DE PAGAMENTO";"2411.03";"2023";"L";"11/01/2023";"0";"01/01/2023";"31/01/2023";"13"
"UNIDADE DE GESTÃO DE EDUCAÇÃO";"12";"EDUCAÇÃO";"361";"ENSINO FUNDAMENTAL";"2023";"859";"";"0";"0";"100012604";"FOLHA DE PAGAMENTO";"45780103000150";"";"0";"PROPRIA";"31901137";"GRATIFICACOES POR TEMPO DE SERVICO";"FOLHA DE PAGAMENTO";"120.55";"2023";"L";"11/01/2023";"0";"01/01/2023";"31/01/2023";"13"
"UNIDADE DE GESTÃO DE EDUCAÇÃO";"12";"EDUCAÇÃO";"361";"ENSINO FUNDAMENTAL";"2023";"860";"";"0";"0";"100012604";"FOLHA DE PAGAMENTO";"45780103000150";"";"0";"PROPRIA";"31901101";"VENCIMENTO E SALARIOS";"FOLHA DE PAGAMENTO";"1893.24";"2023";"L";"11/01/2023";"0";"01/01/2023";"31/01/2023";"13"
"UNIDADE DE GESTÃO DE EDUCAÇÃO";"12";"EDUCAÇÃO";"361";"ENSINO FUNDAMENTAL";"2023";"861";"";"0";"0";"100012604";"FOLHA DE PAGAMENTO";"45780103000150";"";"0";"PROPRIA";"31901101";"VENCIMENTO E SALARIOS";"FOLHA DE PAGAMENTO";"29937.36";"2023";"L";"11/01/2023";"0";"01/01/2023";"31/01/2023";"13"
"UNIDADE DE GESTÃO DE EDUCAÇÃO";"12";"EDUCAÇÃO";"361";"ENSINO FUNDAMENTAL";"2023";"862";"";"0";"0";"100012604";"FOLHA DE PAGAMENTO";"45780103000150";"";"0";"PROPRIA";"31901133";"GRATIFICACOES POR EXERCICIO DE  FUNCOES";"FOLHA DE PAGAMENTO";"840.44";"2023";"L";"11/01/2023";"0";"01/01/2023";"31/01/2023";"13"
"UNIDADE DE GESTÃO DE EDUCAÇÃO";"12";"EDUCAÇÃO";"361";"ENSINO FUNDAMENTAL";"2023";"863";"";"0";"0";"100012604";"FOLHA DE PAGAMENTO";"45780103000150";"";"0";"PROPRIA";"31901137";"GRATIFICACOES POR TEMPO DE SERVICO";"FOLHA DE PAGAMENTO";"662.63";"2023";"L";"11/01/2023";"0";"01/01/2023";"31/01/2023";"13"
"UNIDADE DE GESTÃO DE EDUCAÇÃO";"12";"EDUCAÇÃO";"361";"ENSINO FUNDAMENTAL";"2023";"864";"";"0";"0";"100012604";"FOLHA DE PAGAMENTO";"45780103000150";"";"0";"PROPRIA";"31901137";"GRATIFICACOES POR TEMPO DE SERVICO";"FOLHA DE PAGAMENTO";"2914.6";"2023";"L";"11/01/2023";"0";"01/01/2023";"31/01/2023";"13"
"UNIDADE DE GESTÃO DE EDUCAÇÃO";"12";"EDUCAÇÃO";"122";"ADMINISTRAÇÃO GERAL";"2023";"865";"";"0";"0";"100012604";"FOLHA DE PAGAMENTO";"45780103000150";"";"0";"PROPRIA";"31901101";"VENCIMENTO E SALARIOS";"FOLHA DE PAGAMENTO";"9449.25";"2023";"L";"11/01/2023";"0";"01/01/2023";"31/01/2023";"13"
"UNIDADE DE GESTÃO DE EDUCAÇÃO";"12";"EDUCAÇÃO";"122";"ADMINISTRAÇÃO GERAL";"2023";"866";"";"0";"0";"100012604";"FOLHA DE PAGAMENTO";"45780103000150";"";"0";"PROPRIA";"31901133";"GRATIFICACOES POR EXERCICIO DE  FUNCOES";"FOLHA DE PAGAMENTO";"551.56";"2023";"L";"11/01/2023";"0";"01/01/2023";"31/01/2023";"13"
"UNIDADE DE GESTÃO DE EDUCAÇÃO";"12";"EDUCAÇÃO";"122";"ADMINISTRAÇÃO GERAL";"2023";"867";"";"0";"0";"100012604";"FOLHA DE PAGAMENTO";"45780103000150";"";"0";"PROPRIA";"31901137";"GRATIFICACOES POR TEMPO DE SERVICO";"FOLHA DE PAGAMENTO";"885.54";"2023";"L";"11/01/2023";"0";"01/01/2023";"31/01/2023";"13"
"UNIDADE DE GESTÃO DE PROMOÇÃO DA SAÚDE";"10";"SAÚDE";"122";"ADMINISTRAÇÃO GERAL";"2023";"868";"";"0";"0";"100012604";"FOLHA DE PAGAMENTO";"45780103000150";"";"0";"PROPRIA";"31901101";"VENCIMENTO E SALARIOS";"FOLHA DE PAGAMENTO";"7128.29";"2023";"L";"11/01/2023";"0";"01/01/2023";"31/01/2023";"14"
"UNIDADE DE GESTÃO DE PROMOÇÃO DA SAÚDE";"10";"SAÚDE";"122";"ADMINISTRAÇÃO GERAL";"2023";"869";"";"0";"0";"100012604";"FOLHA DE PAGAMENTO";"45780103000150";"";"0";"PROPRIA";"31901101";"VENCIMENTO E SALARIOS";"FOLHA DE PAGAMENTO";"292805.81";"2023";"L";"11/01/2023";"0";"01/01/2023";"31/01/2023";"14"
"UNIDADE DE GESTÃO DE PROMOÇÃO DA SAÚDE";"10";"SAÚDE";"122";"ADMINISTRAÇÃO GERAL";"2023";"870";"";"0";"0";"100012604";"FOLHA DE PAGAMENTO";"45780103000150";"";"0";"PROPRIA";"31901133";"GRATIFICACOES POR EXERCICIO DE  FUNCOES";"FOLHA DE PAGAMENTO";"20648.13";"2023";"L";"11/01/2023";"0";"01/01/2023";"31/01/2023";"14"
"UNIDADE DE GESTÃO DE PROMOÇÃO DA SAÚDE";"10";"SAÚDE";"122";"ADMINISTRAÇÃO GERAL";"2023";"871";"";"0";"0";"100012604";"FOLHA DE PAGAMENTO";"45780103000150";"";"0";"PROPRIA";"31901133";"GRATIFICACOES POR EXERCICIO DE  FUNCOES";"FOLHA DE PAGAMENTO";"182.28";"2023";"L";"11/01/2023";"0";"01/01/2023";"31/01/2023";"14"
"UNIDADE DE GESTÃO DE PROMOÇÃO DA SAÚDE";"10";"SAÚDE";"122";"ADMINISTRAÇÃO GERAL";"2023";"872";"";"0";"0";"100012604";"FOLHA DE PAGAMENTO";"45780103000150";"";"0";"PROPRIA";"31901137";"GRATIFICACOES POR TEMPO DE SERVICO";"FOLHA DE PAGAMENTO";"2371.98";"2023";"L";"11/01/2023";"0";"01/01/2023";"31/01/2023";"14"
"UNIDADE DE GESTÃO DE PROMOÇÃO DA SAÚDE";"10";"SAÚDE";"122";"ADMINISTRAÇÃO GERAL";"2023";"873";"";"0";"0";"100012604";"FOLHA DE PAGAMENTO";"45780103000150";"";"0";"PROPRIA";"31901137";"GRATIFICACOES POR TEMPO DE SERVICO";"FOLHA DE PAGAMENTO";"34403.72";"2023";"L";"11/01/2023";"0";"01/01/2023";"31/01/2023";"14"
"UNIDADE DE GESTÃO DE PROMOÇÃO DA SAÚDE";"10";"SAÚDE";"122";"ADMINISTRAÇÃO GERAL";"2023";"874";"";"0";"0";"100012604";"FOLHA DE PAGAMENTO";"45780103000150";"";"0";"PROPRIA";"31900411";"SALÁRIOS - CONTRATO TEMPORÁRIO";"FOLHA DE PAGAMENTO";"2795.01";"2023";"L";"11/01/2023";"0";"01/01/2023";"31/01/2023";"14"
"UNIDADE DE GESTÃO DE PROMOÇÃO DA SAÚDE";"10";"SAÚDE";"122";"ADMINISTRAÇÃO GERAL";"2023";"875";"";"0";"0";"100012604";"FOLHA DE PAGAMENTO";"45780103000150";"";"0";"PROPRIA";"31901101";"VENCIMENTO E SALARIOS";"FOLHA DE PAGAMENTO";"18495.6";"2023";"L";"11/01/2023";"0";"01/01/2023";"31/01/2023";"14"
"UNIDADE DE GESTÃO DE PROMOÇÃO DA SAÚDE";"10";"SAÚDE";"122";"ADMINISTRAÇÃO GERAL";"2023";"876";"";"0";"0";"100012604";"FOLHA DE PAGAMENTO";"45780103000150";"";"0";"PROPRIA";"31901101";"VENCIMENTO E SALARIOS";"FOLHA DE PAGAMENTO";"2710.53";"2023";"L";"11/01/2023";"0";"01/01/2023";"31/01/2023";"14"
"UNIDADE DE GESTÃO DE PROMOÇÃO DA SAÚDE";"10";"SAÚDE";"122";"ADMINISTRAÇÃO GERAL";"2023";"877";"";"0";"0";"100012604";"FOLHA DE PAGAMENTO";"45780103000150";"";"0";"PROPRIA";"31901101";"VENCIMENTO E SALARIOS";"FOLHA DE PAGAMENTO";"82628.51";"2023";"L";"11/01/2023";"0";"01/01/2023";"31/01/2023";"14"
"UNIDADE DE GESTÃO DE PROMOÇÃO DA SAÚDE";"10";"SAÚDE";"122";"ADMINISTRAÇÃO GERAL";"2023";"878";"";"0";"0";"100012604";"FOLHA DE PAGAMENTO";"45780103000150";"";"0";"PROPRIA";"31901131";"GRATIFICACOES POR EXERCICIO DE  CARGO";"FOLHA DE PAGAMENTO";"1745.33";"2023";"L";"11/01/2023";"0";"01/01/2023";"31/01/2023";"14"
"UNIDADE DE GESTÃO DE PROMOÇÃO DA SAÚDE";"10";"SAÚDE";"122";"ADMINISTRAÇÃO GERAL";"2023";"879";"";"0";"0";"100012604";"FOLHA DE PAGAMENTO";"45780103000150";"";"0";"PROPRIA";"31901133";"GRATIFICACOES POR EXERCICIO DE  FUNCOES";"FOLHA DE PAGAMENTO";"4224.89";"2023";"L";"11/01/2023";"0";"01/01/2023";"31/01/2023";"14"
"UNIDADE DE GESTÃO DE PROMOÇÃO DA SAÚDE";"10";"SAÚDE";"122";"ADMINISTRAÇÃO GERAL";"2023";"880";"";"0";"0";"100012604";"FOLHA DE PAGAMENTO";"45780103000150";"";"0";"PROPRIA";"31901137";"GRATIFICACOES POR TEMPO DE SERVICO";"FOLHA DE PAGAMENTO";"948.69";"2023";"L";"11/01/2023";"0";"01/01/2023";"31/01/2023";"14"
"UNIDADE DE GESTÃO DE PROMOÇÃO DA SAÚDE";"10";"SAÚDE";"122";"ADMINISTRAÇÃO GERAL";"2023";"881";"";"0";"0";"100012604";"FOLHA DE PAGAMENTO";"45780103000150";"";"0";"PROPRIA";"31901137";"GRATIFICACOES POR TEMPO DE SERVICO";"FOLHA DE PAGAMENTO";"10273.96";"2023";"L";"11/01/2023";"0";"01/01/2023";"31/01/2023";"14"
"UNIDADE DE GESTÃO DE PROMOÇÃO DA SAÚDE";"10";"SAÚDE";"122";"ADMINISTRAÇÃO GERAL";"2023";"882";"";"0";"0";"100012604";"FOLHA DE PAGAMENTO";"45780103000150";"";"0";"PROPRIA";"31901632";"SUBSTITUIÇÕES  RPPS";"FOLHA DE PAGAMENTO";"2485.95";"2023";"L";"11/01/2023";"0";"01/01/2023";"31/01/2023";"14"
"UNIDADE DE GESTÃO DE PROMOÇÃO DA SAÚDE";"10";"SAÚDE";"301";"ATENÇÃO BÁSICA";"2023";"883";"";"0";"0";"100012604";"FOLHA DE PAGAMENTO";"45780103000150";"";"0";"PROPRIA";"31900411";"SALÁRIOS - CONTRATO TEMPORÁRIO";"FOLHA DE PAGAMENTO";"36199.18";"2023";"L";"11/01/2023";"0";"01/01/2023";"31/01/2023";"14"
"UNIDADE DE GESTÃO DE PROMOÇÃO DA SAÚDE";"10";"SAÚDE";"301";"ATENÇÃO BÁSICA";"2023";"884";"";"0";"0";"100012604";"FOLHA DE PAGAMENTO";"45780103000150";"";"0";"PROPRIA";"31900451";"ADICIONAIS DE CONTRATO TEMPORÁRIO";"FOLHA DE PAGAMENTO";"1913.94";"2023";"L";"11/01/2023";"0";"01/01/2023";"31/01/2023";"14"
"UNIDADE DE GESTÃO DE PROMOÇÃO DA SAÚDE";"10";"SAÚDE";"301";"ATENÇÃO BÁSICA";"2023";"885";"";"0";"0";"100012604";"FOLHA DE PAGAMENTO";"45780103000150";"";"0";"PROPRIA";"31901101";"VENCIMENTO E SALARIOS";"FOLHA DE PAGAMENTO";"1383710.41";"2023";"L";"11/01/2023";"0";"01/01/2023";"31/01/2023";"14"
"UNIDADE DE GESTÃO DE PROMOÇÃO DA SAÚDE";"10";"SAÚDE";"301";"ATENÇÃO BÁSICA";"2023";"886";"";"0";"0";"100012604";"FOLHA DE PAGAMENTO";"45780103000150";"";"0";"PROPRIA";"31901101";"VENCIMENTO E SALARIOS";"FOLHA DE PAGAMENTO";"21860.05";"2023";"L";"11/01/2023";"0";"01/01/2023";"31/01/2023";"14"
"UNIDADE DE GESTÃO DE PROMOÇÃO DA SAÚDE";"10";"SAÚDE";"301";"ATENÇÃO BÁSICA";"2023";"887";"";"0";"0";"100012604";"FOLHA DE PAGAMENTO";"45780103000150";"";"0";"PROPRIA";"31901131";"GRATIFICACOES POR EXERCICIO DE  CARGO";"FOLHA DE PAGAMENTO";"1745.33";"2023";"L";"11/01/2023";"0";"01/01/2023";"31/01/2023";"14"
"UNIDADE DE GESTÃO DE PROMOÇÃO DA SAÚDE";"10";"SAÚDE";"301";"ATENÇÃO BÁSICA";"2023";"888";"";"0";"0";"100012604";"FOLHA DE PAGAMENTO";"45780103000150";"";"0";"PROPRIA";"31901133";"GRATIFICACOES POR EXERCICIO DE  FUNCOES";"FOLHA DE PAGAMENTO";"84120.48";"2023";"L";"11/01/2023";"0";"01/01/2023";"31/01/2023";"14"
"UNIDADE DE GESTÃO DE PROMOÇÃO DA SAÚDE";"10";"SAÚDE";"301";"ATENÇÃO BÁSICA";"2023";"889";"";"0";"0";"100012604";"FOLHA DE PAGAMENTO";"45780103000150";"";"0";"PROPRIA";"31901133";"GRATIFICACOES POR EXERCICIO DE  FUNCOES";"FOLHA DE PAGAMENTO";"455.7";"2023";"L";"11/01/2023";"0";"01/01/2023";"31/01/2023";"14"
"UNIDADE DE GESTÃO DE PROMOÇÃO DA SAÚDE";"10";"SAÚDE";"301";"ATENÇÃO BÁSICA";"2023";"890";"";"0";"0";"100012604";"FOLHA DE PAGAMENTO";"45780103000150";"";"0";"PROPRIA";"31901137";"GRATIFICACOES POR TEMPO DE SERVICO";"FOLHA DE PAGAMENTO";"9024.37";"2023";"L";"11/01/2023";"0";"01/01/2023";"31/01/2023";"14"
"UNIDADE DE GESTÃO DE PROMOÇÃO DA SAÚDE";"10";"SAÚDE";"301";"ATENÇÃO BÁSICA";"2023";"891";"";"0";"0";"100012604";"FOLHA DE PAGAMENTO";"45780103000150";"";"0";"PROPRIA";"31901137";"GRATIFICACOES POR TEMPO DE SERVICO";"FOLHA DE PAGAMENTO";"142037.1";"2023";"L";"11/01/2023";"0";"01/01/2023";"31/01/2023";"14"
"UNIDADE DE GESTÃO DE PROMOÇÃO DA SAÚDE";"10";"SAÚDE";"302";"ASSISTÊNCIA HOSPITALAR E AMBULATORIAL";"2023";"892";"";"0";"0";"100012604";"FOLHA DE PAGAMENTO";"45780103000150";"";"0";"PROPRIA";"31900411";"SALÁRIOS - CONTRATO TEMPORÁRIO";"FOLHA DE PAGAMENTO";"14300.4";"2023";"L";"11/01/2023";"0";"01/01/2023";"31/01/2023";"14"
"UNIDADE DE GESTÃO DE PROMOÇÃO DA SAÚDE";"10";"SAÚDE";"302";"ASSISTÊNCIA HOSPITALAR E AMBULATORIAL";"2023";"893";"";"0";"0";"100012604";"FOLHA DE PAGAMENTO";"45780103000150";"";"0";"PROPRIA";"31900451";"ADICIONAIS DE CONTRATO TEMPORÁRIO";"FOLHA DE PAGAMENTO";"546.84";"2023";"L";"11/01/2023";"0";"01/01/2023";"31/01/2023";"14"
"UNIDADE DE GESTÃO DE PROMOÇÃO DA SAÚDE";"10";"SAÚDE";"302";"ASSISTÊNCIA HOSPITALAR E AMBULATORIAL";"2023";"894";"";"0";"0";"100012604";"FOLHA DE PAGAMENTO";"45780103000150";"";"0";"PROPRIA";"31901101";"VENCIMENTO E SALARIOS";"FOLHA DE PAGAMENTO";"13875.82";"2023";"L";"11/01/2023";"0";"01/01/2023";"31/01/2023";"14"
"UNIDADE DE GESTÃO DE PROMOÇÃO DA SAÚDE";"10";"SAÚDE";"302";"ASSISTÊNCIA HOSPITALAR E AMBULATORIAL";"2023";"895";"";"0";"0";"100012604";"FOLHA DE PAGAMENTO";"45780103000150";"";"0";"PROPRIA";"31901101";"VENCIMENTO E SALARIOS";"FOLHA DE PAGAMENTO";"471325.81";"2023";"L";"11/01/2023";"0";"01/01/2023";"31/01/2023";"14"
"UNIDADE DE GESTÃO DE PROMOÇÃO DA SAÚDE";"10";"SAÚDE";"302";"ASSISTÊNCIA HOSPITALAR E AMBULATORIAL";"2023";"896";"";"0";"0";"100012604";"FOLHA DE PAGAMENTO";"45780103000150";"";"0";"PROPRIA";"31901133";"GRATIFICACOES POR EXERCICIO DE  FUNCOES";"FOLHA DE PAGAMENTO";"28403.34";"2023";"L";"11/01/2023";"0";"01/01/2023";"31/01/2023";"14"
"UNIDADE DE GESTÃO DE PROMOÇÃO DA SAÚDE";"10";"SAÚDE";"302";"ASSISTÊNCIA HOSPITALAR E AMBULATORIAL";"2023";"897";"";"0";"0";"100012604";"FOLHA DE PAGAMENTO";"45780103000150";"";"0";"PROPRIA";"31901133";"GRATIFICACOES POR EXERCICIO DE  FUNCOES";"FOLHA DE PAGAMENTO";"273.42";"2023";"L";"11/01/2023";"0";"01/01/2023";"31/01/2023";"14"
"UNIDADE DE GESTÃO DE PROMOÇÃO DA SAÚDE";"10";"SAÚDE";"302";"ASSISTÊNCIA HOSPITALAR E AMBULATORIAL";"2023";"898";"";"0";"0";"100012604";"FOLHA DE PAGAMENTO";"45780103000150";"";"0";"PROPRIA";"31901137";"GRATIFICACOES POR TEMPO DE SERVICO";"FOLHA DE PAGAMENTO";"43859.15";"2023";"L";"11/01/2023";"0";"01/01/2023";"31/01/2023";"14"
"UNIDADE DE GESTÃO DE PROMOÇÃO DA SAÚDE";"10";"SAÚDE";"302";"ASSISTÊNCIA HOSPITALAR E AMBULATORIAL";"2023";"899";"";"0";"0";"100012604";"FOLHA DE PAGAMENTO";"45780103000150";"";"0";"PROPRIA";"31901137";"GRATIFICACOES POR TEMPO DE SERVICO";"FOLHA DE PAGAMENTO";"5863.9";"2023";"L";"11/01/2023";"0";"01/01/2023";"31/01/2023";"14"
"UNIDADE DE GESTÃO DE PROMOÇÃO DA SAÚDE";"10";"SAÚDE";"305";"VIGILÂNCIA EPIDEMIOLÓGICA";"2023";"900";"";"0";"0";"100012604";"FOLHA DE PAGAMENTO";"45780103000150";"";"0";"PROPRIA";"31901101";"VENCIMENTO E SALARIOS";"FOLHA DE PAGAMENTO";"4844.66";"2023";"L";"11/01/2023";"0";"01/01/2023";"31/01/2023";"14"
"UNIDADE DE GESTÃO DE PROMOÇÃO DA SAÚDE";"10";"SAÚDE";"305";"VIGILÂNCIA EPIDEMIOLÓGICA";"2023";"901";"";"0";"0";"100012604";"FOLHA DE PAGAMENTO";"45780103000150";"";"0";"PROPRIA";"31901101";"VENCIMENTO E SALARIOS";"FOLHA DE PAGAMENTO";"92010.55";"2023";"L";"11/01/2023";"0";"01/01/2023";"31/01/2023";"14"
"UNIDADE DE GESTÃO DE PROMOÇÃO DA SAÚDE";"10";"SAÚDE";"305";"VIGILÂNCIA EPIDEMIOLÓGICA";"2023";"902";"";"0";"0";"100012604";"FOLHA DE PAGAMENTO";"45780103000150";"";"0";"PROPRIA";"31901133";"GRATIFICACOES POR EXERCICIO DE  FUNCOES";"FOLHA DE PAGAMENTO";"6181.68";"2023";"L";"11/01/2023";"0";"01/01/2023";"31/01/2023";"14"
"UNIDADE DE GESTÃO DE PROMOÇÃO DA SAÚDE";"10";"SAÚDE";"305";"VIGILÂNCIA EPIDEMIOLÓGICA";"2023";"903";"";"0";"0";"100012604";"FOLHA DE PAGAMENTO";"45780103000150";"";"0";"PROPRIA";"31901133";"GRATIFICACOES POR EXERCICIO DE  FUNCOES";"FOLHA DE PAGAMENTO";"91.14";"2023";"L";"11/01/2023";"0";"01/01/2023";"31/01/2023";"14"
"UNIDADE DE GESTÃO DE PROMOÇÃO DA SAÚDE";"10";"SAÚDE";"305";"VIGILÂNCIA EPIDEMIOLÓGICA";"2023";"904";"";"0";"0";"100012604";"FOLHA DE PAGAMENTO";"45780103000150";"";"0";"PROPRIA";"31901137";"GRATIFICACOES POR TEMPO DE SERVICO";"FOLHA DE PAGAMENTO";"1695.63";"2023";"L";"11/01/2023";"0";"01/01/2023";"31/01/2023";"14"
"UNIDADE DE GESTÃO DE PROMOÇÃO DA SAÚDE";"10";"SAÚDE";"305";"VIGILÂNCIA EPIDEMIOLÓGICA";"2023";"905";"";"0";"0";"100012604";"FOLHA DE PAGAMENTO";"45780103000150";"";"0";"PROPRIA";"31901137";"GRATIFICACOES POR TEMPO DE SERVICO";"FOLHA DE PAGAMENTO";"18141.05";"2023";"L";"11/01/2023";"0";"01/01/2023";"31/01/2023";"14"
"UNIDADE DE GESTÃO DE PROMOÇÃO DA SAÚDE";"10";"SAÚDE";"304";"VIGILÂNCIA SANITÁRIA";"2023";"906";"";"0";"0";"100012604";"FOLHA DE PAGAMENTO";"45780103000150";"";"0";"PROPRIA";"31900411";"SALÁRIOS - CONTRATO TEMPORÁRIO";"FOLHA DE PAGAMENTO";"2795.01";"2023";"L";"11/01/2023";"0";"01/01/2023";"31/01/2023";"14"
"UNIDADE DE GESTÃO DE PROMOÇÃO DA SAÚDE";"10";"SAÚDE";"304";"VIGILÂNCIA SANITÁRIA";"2023";"907";"";"0";"0";"100012604";"FOLHA DE PAGAMENTO";"45780103000150";"";"0";"PROPRIA";"31901101";"VENCIMENTO E SALARIOS";"FOLHA DE PAGAMENTO";"4363.33";"2023";"L";"11/01/2023";"0";"01/01/2023";"31/01/2023";"14"
"UNIDADE DE GESTÃO DE PROMOÇÃO DA SAÚDE";"10";"SAÚDE";"304";"VIGILÂNCIA SANITÁRIA";"2023";"908";"";"0";"0";"100012604";"FOLHA DE PAGAMENTO";"45780103000150";"";"0";"PROPRIA";"31901101";"VENCIMENTO E SALARIOS";"FOLHA DE PAGAMENTO";"25687.9";"2023";"L";"11/01/2023";"0";"01/01/2023";"31/01/2023";"14"
"UNIDADE DE GESTÃO DE PROMOÇÃO DA SAÚDE";"10";"SAÚDE";"304";"VIGILÂNCIA SANITÁRIA";"2023";"909";"";"0";"0";"100012604";"FOLHA DE PAGAMENTO";"45780103000150";"";"0";"PROPRIA";"31901133";"GRATIFICACOES POR EXERCICIO DE  FUNCOES";"FOLHA DE PAGAMENTO";"637.98";"2023";"L";"11/01/2023";"0";"01/01/2023";"31/01/2023";"14"
"UNIDADE DE GESTÃO DE PROMOÇÃO DA SAÚDE";"10";"SAÚDE";"304";"VIGILÂNCIA SANITÁRIA";"2023";"910";"";"0";"0";"100012604";"FOLHA DE PAGAMENTO";"45780103000150";"";"0";"PROPRIA";"31901137";"GRATIFICACOES POR TEMPO DE SERVICO";"FOLHA DE PAGAMENTO";"3479.59";"2023";"L";"11/01/2023";"0";"01/01/2023";"31/01/2023";"14"
"UNIDADE DE GESTÃO DE PROMOÇÃO DA SAÚDE";"10";"SAÚDE";"303";"SUPORTE PROFILÁTICO E TERAPÊUTICO";"2023";"911";"";"0";"0";"100012604";"FOLHA DE PAGAMENTO";"45780103000150";"";"0";"PROPRIA";"31900411";"SALÁRIOS - CONTRATO TEMPORÁRIO";"FOLHA DE PAGAMENTO";"2795.01";"2023";"L";"11/01/2023";"0";"01/01/2023";"31/01/2023";"14"
"UNIDADE DE GESTÃO DE PROMOÇÃO DA SAÚDE";"10";"SAÚDE";"303";"SUPORTE PROFILÁTICO E TERAPÊUTICO";"2023";"912";"";"0";"0";"100012604";"FOLHA DE PAGAMENTO";"45780103000150";"";"0";"PROPRIA";"31900451";"ADICIONAIS DE CONTRATO TEMPORÁRIO";"FOLHA DE PAGAMENTO";"91.14";"2023";"L";"11/01/2023";"0";"01/01/2023";"31/01/2023";"14"
"UNIDADE DE GESTÃO DE PROMOÇÃO DA SAÚDE";"10";"SAÚDE";"303";"SUPORTE PROFILÁTICO E TERAPÊUTICO";"2023";"913";"";"0";"0";"100012604";"FOLHA DE PAGAMENTO";"45780103000150";"";"0";"PROPRIA";"31901101";"VENCIMENTO E SALARIOS";"FOLHA DE PAGAMENTO";"47590.93";"2023";"L";"11/01/2023";"0";"01/01/2023";"31/01/2023";"14"
"UNIDADE DE GESTÃO DE PROMOÇÃO DA SAÚDE";"10";"SAÚDE";"303";"SUPORTE PROFILÁTICO E TERAPÊUTICO";"2023";"914";"";"0";"0";"100012604";"FOLHA DE PAGAMENTO";"45780103000150";"";"0";"PROPRIA";"31901133";"GRATIFICACOES POR EXERCICIO DE  FUNCOES";"FOLHA DE PAGAMENTO";"3356.87";"2023";"L";"11/01/2023";"0";"01/01/2023";"31/01/2023";"14"
"UNIDADE DE GESTÃO DE PROMOÇÃO DA SAÚDE";"10";"SAÚDE";"303";"SUPORTE PROFILÁTICO E TERAPÊUTICO";"2023";"915";"";"0";"0";"100012604";"FOLHA DE PAGAMENTO";"45780103000150";"";"0";"PROPRIA";"31901137";"GRATIFICACOES POR TEMPO DE SERVICO";"FOLHA DE PAGAMENTO";"2599.11";"2023";"L";"11/01/2023";"0";"01/01/2023";"31/01/2023";"14"
"UNIDADE GESTÃO DE ASSISTÊNCIA E DESENVOLV. SOCIAL";"8";"ASSISTÊNCIA SOCIAL";"122";"ADMINISTRAÇÃO GERAL";"2023";"916";"";"0";"0";"100012604";"FOLHA DE PAGAMENTO";"45780103000150";"";"5158";"FNAS / MDS / BLOCO DE PROTEÇÃO SOCIAL BÁSICA";"31900411";"SALÁRIOS - CONTRATO TEMPORÁRIO";"FOLHA DE PAGAMENTO";"3802.74";"2023";"L";"11/01/2023";"0";"01/01/2023";"31/01/2023";"15"
"UNIDADE GESTÃO DE ASSISTÊNCIA E DESENVOLV. SOCIAL";"8";"ASSISTÊNCIA SOCIAL";"244";"ASSISTÊNCIA COMUNITÁRIA";"2023";"917";"";"0";"0";"100012604";"FOLHA DE PAGAMENTO";"45780103000150";"";"0";"PROPRIA";"31901101";"VENCIMENTO E SALARIOS";"FOLHA DE PAGAMENTO";"85037.18";"2023";"L";"11/01/2023";"0";"01/01/2023";"31/01/2023";"15"
"UNIDADE GESTÃO DE ASSISTÊNCIA E DESENVOLV. SOCIAL";"8";"ASSISTÊNCIA SOCIAL";"244";"ASSISTÊNCIA COMUNITÁRIA";"2023";"918";"";"0";"0";"100012604";"FOLHA DE PAGAMENTO";"45780103000150";"";"0";"PROPRIA";"31901101";"VENCIMENTO E SALARIOS";"FOLHA DE PAGAMENTO";"2359.04";"2023";"L";"11/01/2023";"0";"01/01/2023";"31/01/2023";"15"
"UNIDADE GESTÃO DE ASSISTÊNCIA E DESENVOLV. SOCIAL";"8";"ASSISTÊNCIA SOCIAL";"244";"ASSISTÊNCIA COMUNITÁRIA";"2023";"919";"";"0";"0";"100012604";"FOLHA DE PAGAMENTO";"45780103000150";"";"0";"PROPRIA";"31901131";"GRATIFICACOES POR EXERCICIO DE  CARGO";"FOLHA DE PAGAMENTO";"1745.33";"2023";"L";"11/01/2023";"0";"01/01/2023";"31/01/2023";"15"
"UNIDADE GESTÃO DE ASSISTÊNCIA E DESENVOLV. SOCIAL";"8";"ASSISTÊNCIA SOCIAL";"244";"ASSISTÊNCIA COMUNITÁRIA";"2023";"920";"";"0";"0";"100012604";"FOLHA DE PAGAMENTO";"45780103000150";"";"0";"PROPRIA";"31901133";"GRATIFICACOES POR EXERCICIO DE  FUNCOES";"FOLHA DE PAGAMENTO";"2962.57";"2023";"L";"11/01/2023";"0";"01/01/2023";"31/01/2023";"15"
"UNIDADE GESTÃO DE ASSISTÊNCIA E DESENVOLV. SOCIAL";"8";"ASSISTÊNCIA SOCIAL";"244";"ASSISTÊNCIA COMUNITÁRIA";"2023";"921";"";"0";"0";"100012604";"FOLHA DE PAGAMENTO";"45780103000150";"";"0";"PROPRIA";"31901137";"GRATIFICACOES POR TEMPO DE SERVICO";"FOLHA DE PAGAMENTO";"6833.98";"2023";"L";"11/01/2023";"0";"01/01/2023";"31/01/2023";"15"
"UNIDADE GESTÃO DE ASSISTÊNCIA E DESENVOLV. SOCIAL";"8";"ASSISTÊNCIA SOCIAL";"244";"ASSISTÊNCIA COMUNITÁRIA";"2023";"922";"";"0";"0";"100012604";"FOLHA DE PAGAMENTO";"45780103000150";"";"0";"PROPRIA";"31901101";"VENCIMENTO E SALARIOS";"FOLHA DE PAGAMENTO";"27461.46";"2023";"L";"11/01/2023";"0";"01/01/2023";"31/01/2023";"15"
"UNIDADE GESTÃO DE ASSISTÊNCIA E DESENVOLV. SOCIAL";"8";"ASSISTÊNCIA SOCIAL";"244";"ASSISTÊNCIA COMUNITÁRIA";"2023";"923";"";"0";"0";"100012604";"FOLHA DE PAGAMENTO";"45780103000150";"";"0";"PROPRIA";"31901101";"VENCIMENTO E SALARIOS";"FOLHA DE PAGAMENTO";"41298.75";"2023";"L";"11/01/2023";"0";"01/01/2023";"31/01/2023";"15"
"UNIDADE GESTÃO DE ASSISTÊNCIA E DESENVOLV. SOCIAL";"8";"ASSISTÊNCIA SOCIAL";"244";"ASSISTÊNCIA COMUNITÁRIA";"2023";"924";"";"0";"0";"100012604";"FOLHA DE PAGAMENTO";"45780103000150";"";"0";"PROPRIA";"31901133";"GRATIFICACOES POR EXERCICIO DE  FUNCOES";"FOLHA DE PAGAMENTO";"1512.8";"2023";"L";"11/01/2023";"0";"01/01/2023";"31/01/2023";"15"
"UNIDADE GESTÃO DE ASSISTÊNCIA E DESENVOLV. SOCIAL";"8";"ASSISTÊNCIA SOCIAL";"244";"ASSISTÊNCIA COMUNITÁRIA";"2023";"925";"";"0";"0";"100012604";"FOLHA DE PAGAMENTO";"45780103000150";"";"0";"PROPRIA";"31901137";"GRATIFICACOES POR TEMPO DE SERVICO";"FOLHA DE PAGAMENTO";"4545.9";"2023";"L";"11/01/2023";"0";"01/01/2023";"31/01/2023";"15"
"UNIDADE GESTÃO DE ASSISTÊNCIA E DESENVOLV. SOCIAL";"8";"ASSISTÊNCIA SOCIAL";"244";"ASSISTÊNCIA COMUNITÁRIA";"2023";"926";"";"0";"0";"100012604";"FOLHA DE PAGAMENTO";"45780103000150";"";"0";"PROPRIA";"31901101";"VENCIMENTO E SALARIOS";"FOLHA DE PAGAMENTO";"2359.04";"2023";"L";"11/01/2023";"0";"01/01/2023";"31/01/2023";"15"
"UNIDADE GESTÃO DE ASSISTÊNCIA E DESENVOLV. SOCIAL";"8";"ASSISTÊNCIA SOCIAL";"244";"ASSISTÊNCIA COMUNITÁRIA";"2023";"927";"";"0";"0";"100012604";"FOLHA DE PAGAMENTO";"45780103000150";"";"0";"PROPRIA";"31901101";"VENCIMENTO E SALARIOS";"FOLHA DE PAGAMENTO";"81083.66";"2023";"L";"11/01/2023";"0";"01/01/2023";"31/01/2023";"15"
"UNIDADE GESTÃO DE ASSISTÊNCIA E DESENVOLV. SOCIAL";"8";"ASSISTÊNCIA SOCIAL";"244";"ASSISTÊNCIA COMUNITÁRIA";"2023";"928";"";"0";"0";"100012604";"FOLHA DE PAGAMENTO";"45780103000150";"";"0";"PROPRIA";"31901131";"GRATIFICACOES POR EXERCICIO DE  CARGO";"FOLHA DE PAGAMENTO";"1745.33";"2023";"L";"11/01/2023";"0";"01/01/2023";"31/01/2023";"15"
"UNIDADE GESTÃO DE ASSISTÊNCIA E DESENVOLV. SOCIAL";"8";"ASSISTÊNCIA SOCIAL";"244";"ASSISTÊNCIA COMUNITÁRIA";"2023";"929";"";"0";"0";"100012604";"FOLHA DE PAGAMENTO";"45780103000150";"";"0";"PROPRIA";"31901133";"GRATIFICACOES POR EXERCICIO DE  FUNCOES";"FOLHA DE PAGAMENTO";"4748.52";"2023";"L";"11/01/2023";"0";"01/01/2023";"31/01/2023";"15"
"UNIDADE GESTÃO DE ASSISTÊNCIA E DESENVOLV. SOCIAL";"8";"ASSISTÊNCIA SOCIAL";"244";"ASSISTÊNCIA COMUNITÁRIA";"2023";"930";"";"0";"0";"100012604";"FOLHA DE PAGAMENTO";"45780103000150";"";"0";"PROPRIA";"31901137";"GRATIFICACOES POR TEMPO DE SERVICO";"FOLHA DE PAGAMENTO";"3569.7";"2023";"L";"11/01/2023";"0";"01/01/2023";"31/01/2023";"15"
"UNIDADE DE GESTÃO DES. ECON. CIÊNCIA E TECNOLOGIA";"11";"TRABALHO";"122";"ADMINISTRAÇÃO GERAL";"2023";"931";"";"0";"0";"100012604";"FOLHA DE PAGAMENTO";"45780103000150";"";"0";"PROPRIA";"31901101";"VENCIMENTO E SALARIOS";"FOLHA DE PAGAMENTO";"39234.69";"2023";"L";"11/01/2023";"0";"01/01/2023";"31/01/2023";"16"
"UNIDADE DE GESTÃO DES. ECON. CIÊNCIA E TECNOLOGIA";"11";"TRABALHO";"122";"ADMINISTRAÇÃO GERAL";"2023";"932";"";"0";"0";"100012604";"FOLHA DE PAGAMENTO";"45780103000150";"";"0";"PROPRIA";"31901101";"VENCIMENTO E SALARIOS";"FOLHA DE PAGAMENTO";"17028.4";"2023";"L";"11/01/2023";"0";"01/01/2023";"31/01/2023";"16"
"UNIDADE DE GESTÃO DES. ECON. CIÊNCIA E TECNOLOGIA";"11";"TRABALHO";"122";"ADMINISTRAÇÃO GERAL";"2023";"933";"";"0";"0";"100012604";"FOLHA DE PAGAMENTO";"45780103000150";"";"0";"PROPRIA";"31901133";"GRATIFICACOES POR EXERCICIO DE  FUNCOES";"FOLHA DE PAGAMENTO";"1680.88";"2023";"L";"11/01/2023";"0";"01/01/2023";"31/01/2023";"16"
"UNIDADE DE GESTÃO DES. ECON. CIÊNCIA E TECNOLOGIA";"11";"TRABALHO";"122";"ADMINISTRAÇÃO GERAL";"2023";"934";"";"0";"0";"100012604";"FOLHA DE PAGAMENTO";"45780103000150";"";"0";"PROPRIA";"31901137";"GRATIFICACOES POR TEMPO DE SERVICO";"FOLHA DE PAGAMENTO";"1577.97";"2023";"L";"11/01/2023";"0";"01/01/2023";"31/01/2023";"16"
"UNIDADE GESTÃO DE AGRONEGÓCIO. ABASTEC. E TURISMO";"20";"AGRICULTURA";"122";"ADMINISTRAÇÃO GERAL";"2023";"935";"";"0";"0";"100012604";"FOLHA DE PAGAMENTO";"45780103000150";"";"0";"PROPRIA";"31901101";"VENCIMENTO E SALARIOS";"FOLHA DE PAGAMENTO";"53937.87";"2023";"L";"11/01/2023";"0";"01/01/2023";"31/01/2023";"17"
"UNIDADE GESTÃO DE AGRONEGÓCIO. ABASTEC. E TURISMO";"20";"AGRICULTURA";"122";"ADMINISTRAÇÃO GERAL";"2023";"936";"";"0";"0";"100012604";"FOLHA DE PAGAMENTO";"45780103000150";"";"0";"PROPRIA";"31901101";"VENCIMENTO E SALARIOS";"FOLHA DE PAGAMENTO";"20499.89";"2023";"L";"11/01/2023";"0";"01/01/2023";"31/01/2023";"17"
"UNIDADE GESTÃO DE AGRONEGÓCIO. ABASTEC. E TURISMO";"20";"AGRICULTURA";"122";"ADMINISTRAÇÃO GERAL";"2023";"937";"";"0";"0";"100012604";"FOLHA DE PAGAMENTO";"45780103000150";"";"0";"PROPRIA";"31901133";"GRATIFICACOES POR EXERCICIO DE  FUNCOES";"FOLHA DE PAGAMENTO";"6640.18";"2023";"L";"11/01/2023";"0";"01/01/2023";"31/01/2023";"17"
"UNIDADE GESTÃO DE AGRONEGÓCIO. ABASTEC. E TURISMO";"20";"AGRICULTURA";"122";"ADMINISTRAÇÃO GERAL";"2023";"938";"";"0";"0";"100012604";"FOLHA DE PAGAMENTO";"45780103000150";"";"0";"PROPRIA";"31901137";"GRATIFICACOES POR TEMPO DE SERVICO";"FOLHA DE PAGAMENTO";"9014.83";"2023";"L";"11/01/2023";"0";"01/01/2023";"31/01/2023";"17"
"UNIDADE GESTÃO DE AGRONEGÓCIO. ABASTEC. E TURISMO";"20";"AGRICULTURA";"122";"ADMINISTRAÇÃO GERAL";"2023";"939";"";"0";"0";"100012604";"FOLHA DE PAGAMENTO";"45780103000150";"";"0";"PROPRIA";"31901632";"SUBSTITUIÇÕES  RPPS";"FOLHA DE PAGAMENTO";"2969.46";"2023";"L";"11/01/2023";"0";"01/01/2023";"31/01/2023";"17"
"UNIDADE DE GESTÃO DE SEGURANÇA MUNICIPAL";"6";"SEGURANÇA PÚBLICA";"122";"ADMINISTRAÇÃO GERAL";"2023";"940";"";"0";"0";"100012604";"FOLHA DE PAGAMENTO";"45780103000150";"";"0";"PROPRIA";"31901101";"VENCIMENTO E SALARIOS";"FOLHA DE PAGAMENTO";"12043.41";"2023";"L";"11/01/2023";"0";"01/01/2023";"31/01/2023";"19"
"UNIDADE DE GESTÃO DE SEGURANÇA MUNICIPAL";"6";"SEGURANÇA PÚBLICA";"122";"ADMINISTRAÇÃO GERAL";"2023";"941";"";"0";"0";"100012604";"FOLHA DE PAGAMENTO";"45780103000150";"";"0";"PROPRIA";"31901101";"VENCIMENTO E SALARIOS";"FOLHA DE PAGAMENTO";"608691.4";"2023";"L";"11/01/2023";"0";"01/01/2023";"31/01/2023";"19"
"UNIDADE DE GESTÃO DE SEGURANÇA MUNICIPAL";"6";"SEGURANÇA PÚBLICA";"122";"ADMINISTRAÇÃO GERAL";"2023";"942";"";"0";"0";"100012604";"FOLHA DE PAGAMENTO";"45780103000150";"";"0";"PROPRIA";"31901101";"VENCIMENTO E SALARIOS";"FOLHA DE PAGAMENTO";"5050.86";"2023";"L";"11/01/2023";"0";"01/01/2023";"31/01/2023";"19"
"UNIDADE DE GESTÃO DE SEGURANÇA MUNICIPAL";"6";"SEGURANÇA PÚBLICA";"122";"ADMINISTRAÇÃO GERAL";"2023";"943";"";"0";"0";"100012604";"FOLHA DE PAGAMENTO";"45780103000150";"";"0";"PROPRIA";"31901131";"GRATIFICACOES POR EXERCICIO DE  CARGO";"FOLHA DE PAGAMENTO";"3490.66";"2023";"L";"11/01/2023";"0";"01/01/2023";"31/01/2023";"19"
"UNIDADE DE GESTÃO DE SEGURANÇA MUNICIPAL";"6";"SEGURANÇA PÚBLICA";"122";"ADMINISTRAÇÃO GERAL";"2023";"944";"";"0";"0";"100012604";"FOLHA DE PAGAMENTO";"45780103000150";"";"0";"PROPRIA";"31901133";"GRATIFICACOES POR EXERCICIO DE  FUNCOES";"FOLHA DE PAGAMENTO";"1037.54";"2023";"L";"11/01/2023";"0";"01/01/2023";"31/01/2023";"19"
"UNIDADE DE GESTÃO DE SEGURANÇA MUNICIPAL";"6";"SEGURANÇA PÚBLICA";"122";"ADMINISTRAÇÃO GERAL";"2023";"945";"";"0";"0";"100012604";"FOLHA DE PAGAMENTO";"45780103000150";"";"0";"PROPRIA";"31901133";"GRATIFICACOES POR EXERCICIO DE  FUNCOES";"FOLHA DE PAGAMENTO";"179557.86";"2023";"L";"11/01/2023";"0";"01/01/2023";"31/01/2023";"19"
"UNIDADE DE GESTÃO DE SEGURANÇA MUNICIPAL";"6";"SEGURANÇA PÚBLICA";"122";"ADMINISTRAÇÃO GERAL";"2023";"946";"";"0";"0";"100012604";"FOLHA DE PAGAMENTO";"45780103000150";"";"0";"PROPRIA";"31901137";"GRATIFICACOES POR TEMPO DE SERVICO";"FOLHA DE PAGAMENTO";"121869.26";"2023";"L";"11/01/2023";"0";"01/01/2023";"31/01/2023";"19"
"UNIDADE DE GESTÃO DE SEGURANÇA MUNICIPAL";"6";"SEGURANÇA PÚBLICA";"122";"ADMINISTRAÇÃO GERAL";"2023";"947";"";"0";"0";"100012604";"FOLHA DE PAGAMENTO";"45780103000150";"";"0";"PROPRIA";"31901137";"GRATIFICACOES POR TEMPO DE SERVICO";"FOLHA DE PAGAMENTO";"4215.2";"2023";"L";"11/01/2023";"0";"01/01/2023";"31/01/2023";"19"
"UNIDADE DE GESTÃO DE SEGURANÇA MUNICIPAL";"6";"SEGURANÇA PÚBLICA";"122";"ADMINISTRAÇÃO GERAL";"2023";"948";"";"0";"0";"100012604";"FOLHA DE PAGAMENTO";"45780103000150";"";"0";"PROPRIA";"31901632";"SUBSTITUIÇÕES  RPPS";"FOLHA DE PAGAMENTO";"3449.5";"2023";"L";"11/01/2023";"0";"01/01/2023";"31/01/2023";"19"
"UNIDADE DE GESTÃO DE CULTURA";"13";"CULTURA";"122";"ADMINISTRAÇÃO GERAL";"2023";"949";"";"0";"0";"100012604";"FOLHA DE PAGAMENTO";"45780103000150";"";"0";"PROPRIA";"31901101";"VENCIMENTO E SALARIOS";"FOLHA DE PAGAMENTO";"35948.92";"2023";"L";"11/01/2023";"0";"01/01/2023";"31/01/2023";"22"
"UNIDADE DE GESTÃO DE CULTURA";"13";"CULTURA";"122";"ADMINISTRAÇÃO GERAL";"2023";"950";"";"0";"0";"100012604";"FOLHA DE PAGAMENTO";"45780103000150";"";"0";"PROPRIA";"31901101";"VENCIMENTO E SALARIOS";"FOLHA DE PAGAMENTO";"80516.25";"2023";"L";"11/01/2023";"0";"01/01/2023";"31/01/2023";"22"
"UNIDADE DE GESTÃO DE CULTURA";"13";"CULTURA";"122";"ADMINISTRAÇÃO GERAL";"2023";"951";"";"0";"0";"100012604";"FOLHA DE PAGAMENTO";"45780103000150";"";"0";"PROPRIA";"31901101";"VENCIMENTO E SALARIOS";"FOLHA DE PAGAMENTO";"7866.41";"2023";"L";"11/01/2023";"0";"01/01/2023";"31/01/2023";"22"
"UNIDADE DE GESTÃO DE CULTURA";"13";"CULTURA";"122";"ADMINISTRAÇÃO GERAL";"2023";"952";"";"0";"0";"100012604";"FOLHA DE PAGAMENTO";"45780103000150";"";"0";"PROPRIA";"31901131";"GRATIFICACOES POR EXERCICIO DE  CARGO";"FOLHA DE PAGAMENTO";"943.62";"2023";"L";"11/01/2023";"0";"01/01/2023";"31/01/2023";"22"
"UNIDADE DE GESTÃO DE CULTURA";"13";"CULTURA";"122";"ADMINISTRAÇÃO GERAL";"2023";"953";"";"0";"0";"100012604";"FOLHA DE PAGAMENTO";"45780103000150";"";"0";"PROPRIA";"31901133";"GRATIFICACOES POR EXERCICIO DE  FUNCOES";"FOLHA DE PAGAMENTO";"4245.79";"2023";"L";"11/01/2023";"0";"01/01/2023";"31/01/2023";"22"
"UNIDADE DE GESTÃO DE CULTURA";"13";"CULTURA";"122";"ADMINISTRAÇÃO GERAL";"2023";"954";"";"0";"0";"100012604";"FOLHA DE PAGAMENTO";"45780103000150";"";"0";"PROPRIA";"31901137";"GRATIFICACOES POR TEMPO DE SERVICO";"FOLHA DE PAGAMENTO";"3809.25";"2023";"L";"11/01/2023";"0";"01/01/2023";"31/01/2023";"22"
"UNIDADE DE GESTÃO DE CULTURA";"13";"CULTURA";"122";"ADMINISTRAÇÃO GERAL";"2023";"955";"";"0";"0";"100012604";"FOLHA DE PAGAMENTO";"45780103000150";"";"0";"PROPRIA";"31901137";"GRATIFICACOES POR TEMPO DE SERVICO";"FOLHA DE PAGAMENTO";"10926.71";"2023";"L";"11/01/2023";"0";"01/01/2023";"31/01/2023";"22"
"UNIDADE DE GESTÃO DE ESPORTE E LAZER";"27";"DESPORTO E LAZER";"812";"DESPORTO COMUNITÁRIO";"2023";"956";"";"0";"0";"100012604";"FOLHA DE PAGAMENTO";"45780103000150";"";"0";"PROPRIA";"31901101";"VENCIMENTO E SALARIOS";"FOLHA DE PAGAMENTO";"16165.71";"2023";"L";"11/01/2023";"0";"01/01/2023";"31/01/2023";"23"
"UNIDADE DE GESTÃO DE ESPORTE E LAZER";"27";"DESPORTO E LAZER";"812";"DESPORTO COMUNITÁRIO";"2023";"957";"";"0";"0";"100012604";"FOLHA DE PAGAMENTO";"45780103000150";"";"0";"PROPRIA";"31901101";"VENCIMENTO E SALARIOS";"FOLHA DE PAGAMENTO";"18719.55";"2023";"L";"11/01/2023";"0";"01/01/2023";"31/01/2023";"23"
"UNIDADE DE GESTÃO DE ESPORTE E LAZER";"27";"DESPORTO E LAZER";"812";"DESPORTO COMUNITÁRIO";"2023";"958";"";"0";"0";"100012604";"FOLHA DE PAGAMENTO";"45780103000150";"";"0";"PROPRIA";"31901101";"VENCIMENTO E SALARIOS";"FOLHA DE PAGAMENTO";"101656.72";"2023";"L";"11/01/2023";"0";"01/01/2023";"31/01/2023";"23"
"UNIDADE DE GESTÃO DE ESPORTE E LAZER";"27";"DESPORTO E LAZER";"812";"DESPORTO COMUNITÁRIO";"2023";"959";"";"0";"0";"100012604";"FOLHA DE PAGAMENTO";"45780103000150";"";"0";"PROPRIA";"31901131";"GRATIFICACOES POR EXERCICIO DE  CARGO";"FOLHA DE PAGAMENTO";"7615.36";"2023";"L";"11/01/2023";"0";"01/01/2023";"31/01/2023";"23"
"UNIDADE DE GESTÃO DE ESPORTE E LAZER";"27";"DESPORTO E LAZER";"812";"DESPORTO COMUNITÁRIO";"2023";"960";"";"0";"0";"100012604";"FOLHA DE PAGAMENTO";"45780103000150";"";"0";"PROPRIA";"31901133";"GRATIFICACOES POR EXERCICIO DE  FUNCOES";"FOLHA DE PAGAMENTO";"8831.71";"2023";"L";"11/01/2023";"0";"01/01/2023";"31/01/2023";"23"
"UNIDADE DE GESTÃO DE ESPORTE E LAZER";"27";"DESPORTO E LAZER";"812";"DESPORTO COMUNITÁRIO";"2023";"961";"";"0";"0";"100012604";"FOLHA DE PAGAMENTO";"45780103000150";"";"0";"PROPRIA";"31901137";"GRATIFICACOES POR TEMPO DE SERVICO";"FOLHA DE PAGAMENTO";"8473.9";"2023";"L";"11/01/2023";"0";"01/01/2023";"31/01/2023";"23"
"UNIDADE DE GESTÃO DE ESPORTE E LAZER";"27";"DESPORTO E LAZER";"812";"DESPORTO COMUNITÁRIO";"2023";"962";"";"0";"0";"100012604";"FOLHA DE PAGAMENTO";"45780103000150";"";"0";"PROPRIA";"31901137";"GRATIFICACOES POR TEMPO DE SERVICO";"FOLHA DE PAGAMENTO";"22485.21";"2023";"L";"11/01/2023";"0";"01/01/2023";"31/01/2023";"23"
"UNIDADE DE GESTÃO DE ESPORTE E LAZER";"27";"DESPORTO E LAZER";"812";"DESPORTO COMUNITÁRIO";"2023";"963";"";"0";"0";"100012604";"FOLHA DE PAGAMENTO";"45780103000150";"";"0";"PROPRIA";"31901632";"SUBSTITUIÇÕES  RPPS";"FOLHA DE PAGAMENTO";"2899.77";"2023";"L";"11/01/2023";"0";"01/01/2023";"31/01/2023";"23"
"UNIDADE DE GESTÃO DE INFRAEST. E SERVIÇOS PÚBLICOS";"15";"URBANISMO";"451";"INFRA-ESTRUTURA URBANA";"2023";"965";"2022";"377";"14";"100044955";"TRAÇADO CONSTRUÇÕES E SERVIÇOS LTDA";"00472805002505";"PREGÃO ELETRÔNICO";"0";"PROPRIA";"33903024";"MATERIAL PARA MANUTENCAO DE BENS IMOVEIS";"EMULSAO ASFALTICA RM 1C";"59800";"2023";"L";"23/01/2023";"0";"01/01/2023";"31/01/2023";"10"
"UNIDADE DE GESTÃO DE INFRAEST. E SERVIÇOS PÚBLICOS";"15";"URBANISMO";"451";"INFRA-ESTRUTURA URBANA";"2023";"966";"2022";"448";"14";"100000709";"GUARANI IND.. COM. E SERV. LTDA";"45817467000167";"PREGÃO ELETRÔNICO";"0";"PROPRIA";"33903024";"MATERIAL PARA MANUTENCAO DE BENS IMOVEIS";"TUBO DE CONCRETO ARMADO. CLASSE PA1. DIAMETRO NOMINAL 1000MM";"52370";"2023";"L";"17/01/2023";"0";"01/01/2023";"31/01/2023";"10"
"UNIDADE DE GESTÃO DE INFRAEST. E SERVIÇOS PÚBLICOS";"15";"URBANISMO";"451";"INFRA-ESTRUTURA URBANA";"2023";"966";"2022";"448";"14";"100000709";"GUARANI IND.. COM. E SERV. LTDA";"45817467000167";"PREGÃO ELETRÔNICO";"0";"PROPRIA";"33903024";"MATERIAL PARA MANUTENCAO DE BENS IMOVEIS";"TUBO DE CONCRETO ARMADO. DIAMETRO NOMINAL 800 MM. CLASSE PA2";"18477.5";"2023";"L";"17/01/2023";"0";"01/01/2023";"31/01/2023";"10"
"UNIDADE DE GESTÃO DE INFRAEST. E SERVIÇOS PÚBLICOS";"15";"URBANISMO";"452";"SERVIÇOS URBANOS";"2023";"969";"2008";"49";"5";"100002650";"COMPANHIA PIRATININGA DE FORCA E LUZ";"04172213000151";"INEXIGIBILIDADE";"5701";"FUNDO MUNICIPAL DE ILUMINAÇÃO PUBLICA/CIP/LC988/14";"33903999";"OUTROS SERVICOS DE TERCEIROS - PESSOA JURIDICA";"ENERGIA ELETRICA(TAXAS E TAR.).";"907471.59";"2023";"L";"27/01/2023";"0";"01/01/2023";"31/01/2023";"10"
"UNIDADE DE GESTÃO DE INFRAEST. E SERVIÇOS PÚBLICOS";"15";"URBANISMO";"452";"SERVIÇOS URBANOS";"2023";"970";"2008";"49";"5";"100002650";"COMPANHIA PIRATININGA DE FORCA E LUZ";"04172213000151";"INEXIGIBILIDADE";"0";"PROPRIA";"33903999";"OUTROS SERVICOS DE TERCEIROS - PESSOA JURIDICA";"ENERGIA ELETRICA(TAXAS E TAR.).";"150676.96";"2023";"L";"27/01/2023";"0";"01/01/2023";"31/01/2023";"10"
"UNIDADE DE GESTÃO DE INFRAEST. E SERVIÇOS PÚBLICOS";"15";"URBANISMO";"452";"SERVIÇOS URBANOS";"2023";"970";"2008";"49";"5";"100002650";"COMPANHIA PIRATININGA DE FORCA E LUZ";"04172213000151";"INEXIGIBILIDADE";"0";"PROPRIA";"33903999";"OUTROS SERVICOS DE TERCEIROS - PESSOA JURIDICA";"ENERGIA ELETRICA(TAXAS E TAR.).";"97904.54";"2023";"L";"27/01/2023";"0";"01/01/2023";"31/01/2023";"10"
"UNIDADE DE GESTÃO DE GOVERNO E FINANÇAS";"28";"ENCARGOS ESPECIAIS";"846";"OUTROS ENCARGOS ESPECIAIS";"2023";"973";"";"0";"0";"100049104";"FLÁVIO MARASSATO";"29820398851";"";"0";"PROPRIA";"33909302";"RESTITUICOES";"INDENIZACOES E/OU RESSARCIMENTOS(P. FISICA).";"111.16";"2023";"L";"13/01/2023";"0";"01/01/2023";"31/01/2023";"8"
"UNIDADE DE GESTÃO DE GOVERNO E FINANÇAS";"28";"ENCARGOS ESPECIAIS";"846";"OUTROS ENCARGOS ESPECIAIS";"2023";"975";"";"0";"0";"100049105";"RENATO LUIS DE FREITAS";"05810533620";"";"0";"PROPRIA";"33909302";"RESTITUICOES";"INDENIZACOES E/OU RESSARCIMENTOS(P. FISICA).";"7056.5";"2023";"L";"26/01/2023";"0";"01/01/2023";"31/01/2023";"8"
"UNIDADE DE GESTÃO DE GOVERNO E FINANÇAS";"28";"ENCARGOS ESPECIAIS";"846";"OUTROS ENCARGOS ESPECIAIS";"2023";"976";"";"0";"0";"100049106";"APPLAUSI EMPREENDIMENTOS IMOBILIARIOS LTDA";"24047775000180";"";"0";"PROPRIA";"33909302";"RESTITUICOES";"INDENIZACOES E/OU RESSARCIMENTOS(P. JURIDICA).";"1290.84";"2023";"L";"23/01/2023";"0";"01/01/2023";"31/01/2023";"8"
"UNIDADE DE GESTÃO DE GOVERNO E FINANÇAS";"28";"ENCARGOS ESPECIAIS";"846";"OUTROS ENCARGOS ESPECIAIS";"2023";"977";"";"0";"0";"100049107";"LUIZ ANTONIO NOGUEIRA";"06861341843";"";"0";"PROPRIA";"33909302";"RESTITUICOES";"INDENIZACOES E/OU RESSARCIMENTOS(P. FISICA).";"170.04";"2023";"L";"25/01/2023";"0";"01/01/2023";"31/01/2023";"8"
"UNIDADE DE GESTÃO DE GOVERNO E FINANÇAS";"28";"ENCARGOS ESPECIAIS";"846";"OUTROS ENCARGOS ESPECIAIS";"2023";"978";"";"0";"0";"100049109";"GUMERCINDO DALCIN FERNANDES";"36061640846";"";"0";"PROPRIA";"33909302";"RESTITUICOES";"INDENIZACOES E/OU RESSARCIMENTOS(P. FISICA).";"819.32";"2023";"L";"25/01/2023";"0";"01/01/2023";"31/01/2023";"8"
"UNIDADE DE GESTÃO DE GOVERNO E FINANÇAS";"28";"ENCARGOS ESPECIAIS";"846";"OUTROS ENCARGOS ESPECIAIS";"2023";"979";"";"0";"0";"100049111";"LOIDE LOPES DA SILVA";"77537238120";"";"0";"PROPRIA";"33909302";"RESTITUICOES";"INDENIZACOES E/OU RESSARCIMENTOS(P. FISICA).";"770";"2023";"L";"25/01/2023";"0";"01/01/2023";"31/01/2023";"8"
"UNIDADE DE GESTÃO DE INFRAEST. E SERVIÇOS PÚBLICOS";"4";"ADMINISTRAÇÃO";"122";"ADMINISTRAÇÃO GERAL";"2023";"980";"2020";"325";"14";"100017215";"HPJ COMERCIO DE HIDROPECAS DE JUNDIAI LTDA EPP";"10654923000110";"PREGÃO ELETRÔNICO";"0";"PROPRIA";"33903917";"MANUTENCAO E CONSERVACAO DE MAQUINAS E EQUIPAMENTO";"MANUTENCAO DE GUINCHO HIDRAULICO";"30400";"2023";"L";"25/01/2023";"0";"01/01/2023";"31/01/2023";"10"
"UNIDADE DE GESTÃO DE GOVERNO E FINANÇAS";"28";"ENCARGOS ESPECIAIS";"846";"OUTROS ENCARGOS ESPECIAIS";"2023";"981";"";"0";"0";"100049087";"JT INSTRUMENTAÇÃO E PROCESSOS INDUSTRIAIS LTDA";"14400275000127";"";"0";"PROPRIA";"33909302";"RESTITUICOES";"INDENIZACOES E/OU RESSARCIMENTOS(P. JURIDICA).";"1212.02";"2023";"L";"12/01/2023";"0";"01/01/2023";"31/01/2023";"8"
"UNIDADE GESTÃO DE ASSISTÊNCIA E DESENVOLV. SOCIAL";"8";"ASSISTÊNCIA SOCIAL";"244";"ASSISTÊNCIA COMUNITÁRIA";"2023";"983";"";"0";"0";"100038510";"ASSOCIACAO PESTALOZZI DE SUMARE";"57501611000130";"";"0";"PROPRIA";"33503901";"TERMO DE COLABORAÇÃO";"CONVENIO MROSC - LEI 13019/2014 - MARCO REGUL.ORG.SOC.CIVIL";"62330.11";"2023";"L";"19/01/2023";"0";"01/01/2023";"31/01/2023";"15"
"UNIDADE GESTÃO DE ASSISTÊNCIA E DESENVOLV. SOCIAL";"8";"ASSISTÊNCIA SOCIAL";"244";"ASSISTÊNCIA COMUNITÁRIA";"2023";"983";"";"0";"0";"100038510";"ASSOCIACAO PESTALOZZI DE SUMARE";"57501611000130";"";"0";"PROPRIA";"33503901";"TERMO DE COLABORAÇÃO";"CONVENIO MROSC - LEI 13019/2014 - MARCO REGUL.ORG.SOC.CIVIL";"62330.11";"2023";"L";"31/01/2023";"0";"01/01/2023";"31/01/2023";"15"
"UNIDADE GESTÃO DE ASSISTÊNCIA E DESENVOLV. SOCIAL";"8";"ASSISTÊNCIA SOCIAL";"244";"ASSISTÊNCIA COMUNITÁRIA";"2023";"985";"";"0";"0";"100033697";"ASSOCIAÇÃO ALMATER";"15670588000168";"";"0";"PROPRIA";"33503901";"TERMO DE COLABORAÇÃO";"CONVENIO MROSC - LEI 13019/2014 - MARCO REGUL.ORG.SOC.CIVIL";"14438.8";"2023";"L";"19/01/2023";"0";"01/01/2023";"31/01/2023";"15"
"UNIDADE GESTÃO DE ASSISTÊNCIA E DESENVOLV. SOCIAL";"8";"ASSISTÊNCIA SOCIAL";"244";"ASSISTÊNCIA COMUNITÁRIA";"2023";"985";"";"0";"0";"100033697";"ASSOCIAÇÃO ALMATER";"15670588000168";"";"0";"PROPRIA";"33503901";"TERMO DE COLABORAÇÃO";"CONVENIO MROSC - LEI 13019/2014 - MARCO REGUL.ORG.SOC.CIVIL";"14438.8";"2023";"L";"31/01/2023";"0";"01/01/2023";"31/01/2023";"15"
"UNIDADE DE GESTÃO DE GOVERNO E FINANÇAS";"28";"ENCARGOS ESPECIAIS";"846";"OUTROS ENCARGOS ESPECIAIS";"2023";"987";"";"0";"0";"100020388";"KARINA BIZZARRO NEVES";"22073634818";"";"0";"PROPRIA";"33909115";"SENTENÇAS JUDICIAIS DE PEQUENO VALOR";"DESPESAS OBRIGATORIAS E/OU JUDICIAIS(P. FISICAS).";"424.09";"2023";"L";"11/01/2023";"0";"01/01/2023";"31/01/2023";"8"
"UNIDADE DE GESTÃO DE ESPORTE E LAZER";"27";"DESPORTO E LAZER";"812";"DESPORTO COMUNITÁRIO";"2023";"989";"";"0";"0";"4000154";"CAIXA ECONOMICA FEDERAL";"00360305031689";"";"0";"PROPRIA";"44903900";"OUTROS SERV TERCEIROS-PESSOA JURÍDICA";"TARIFAS BANCARIAS(TAXAS E TAR.).";"28793.99";"2023";"L";"12/01/2023";"0";"01/01/2023";"31/01/2023";"23"
"UNIDADE GESTÃO DE ASSISTÊNCIA E DESENVOLV. SOCIAL";"8";"ASSISTÊNCIA SOCIAL";"244";"ASSISTÊNCIA COMUNITÁRIA";"2023";"1001";"";"0";"0";"100002054";"CARITAS DIOCESANA DE JUNDIAI";"02073048000155";"";"0";"PROPRIA";"33503901";"TERMO DE COLABORAÇÃO";"CONVENIO MROSC - LEI 13019/2014 - MARCO REGUL.ORG.SOC.CIVIL";"12872.33";"2023";"L";"19/01/2023";"0";"01/01/2023";"31/01/2023";"15"
"UNIDADE GESTÃO DE ASSISTÊNCIA E DESENVOLV. SOCIAL";"8";"ASSISTÊNCIA SOCIAL";"244";"ASSISTÊNCIA COMUNITÁRIA";"2023";"1001";"";"0";"0";"100002054";"CARITAS DIOCESANA DE JUNDIAI";"02073048000155";"";"0";"PROPRIA";"33503901";"TERMO DE COLABORAÇÃO";"CONVENIO MROSC - LEI 13019/2014 - MARCO REGUL.ORG.SOC.CIVIL";"12872.33";"2023";"L";"31/01/2023";"0";"01/01/2023";"31/01/2023";"15"
"UNIDADE GESTÃO DE AGRONEGÓCIO. ABASTEC. E TURISMO";"23";"COMÉRCIO E SERVIÇOS";"695";"TURISMO";"2023";"1002";"2023";"59";"1";"100027805";"VIDRACARIA E DECORACOES LOPES JUNDIAI LTDA ME";"04483961000155";"COMPRA DIRETA";"0";"PROPRIA";"33903099";"OUTROS MATERIAIS DE CONSUMO";"ESPELHO SEM MOLDURA. ESPESSURA 4 MM. COLOCADO";"2800";"2023";"L";"18/01/2023";"0";"01/01/2023";"31/01/2023";"17"
"UNIDADE GESTÃO DE ASSISTÊNCIA E DESENVOLV. SOCIAL";"8";"ASSISTÊNCIA SOCIAL";"244";"ASSISTÊNCIA COMUNITÁRIA";"2023";"1005";"";"0";"0";"100044839";"JULIANA ALVES MARTINS DO NASCIMENTO";"32215696885";"";"0";"PROPRIA";"33904899";"DEMAIS AUXÍLIOS FINANCEIROS A PESSOAS FÍSICAS";"DESPESAS RESULT.DE LEIS. DEC.. CONV.. ACORDOS(P. FISICAS).";"1302";"2023";"L";"16/01/2023";"0";"01/01/2023";"31/01/2023";"15"
"UNIDADE GESTÃO DE ASSISTÊNCIA E DESENVOLV. SOCIAL";"8";"ASSISTÊNCIA SOCIAL";"244";"ASSISTÊNCIA COMUNITÁRIA";"2023";"1006";"";"0";"0";"100049052";"ISABEL CRISTINA DIAS";"26829574803";"";"0";"PROPRIA";"33904899";"DEMAIS AUXÍLIOS FINANCEIROS A PESSOAS FÍSICAS";"DESPESAS RESULT.DE LEIS. DEC.. CONV.. ACORDOS(P. FISICAS).";"1302";"2023";"L";"16/01/2023";"0";"01/01/2023";"31/01/2023";"15"
"UNIDADE GESTÃO DE ASSISTÊNCIA E DESENVOLV. SOCIAL";"8";"ASSISTÊNCIA SOCIAL";"244";"ASSISTÊNCIA COMUNITÁRIA";"2023";"1007";"";"0";"0";"100036231";"ALINE DAIANA DA SILVA REIS COSTA";"35087576842";"";"0";"PROPRIA";"33904899";"DEMAIS AUXÍLIOS FINANCEIROS A PESSOAS FÍSICAS";"DESPESAS RESULT.DE LEIS. DEC.. CONV.. ACORDOS(P. FISICAS).";"1302";"2023";"L";"16/01/2023";"0";"01/01/2023";"31/01/2023";"15"
"UNIDADE GESTÃO DE ASSISTÊNCIA E DESENVOLV. SOCIAL";"8";"ASSISTÊNCIA SOCIAL";"244";"ASSISTÊNCIA COMUNITÁRIA";"2023";"1009";"";"0";"0";"100011787";"ACOLHIMENTO BOM PASTOR";"04115907000157";"";"0";"PROPRIA";"33503901";"TERMO DE COLABORAÇÃO";"CONVENIO MROSC - LEI 13019/2014 - MARCO REGUL.ORG.SOC.CIVIL";"31969.59";"2023";"L";"19/01/2023";"0";"01/01/2023";"31/01/2023";"15"
"UNIDADE GESTÃO DE ASSISTÊNCIA E DESENVOLV. SOCIAL";"8";"ASSISTÊNCIA SOCIAL";"244";"ASSISTÊNCIA COMUNITÁRIA";"2023";"1009";"";"0";"0";"100011787";"ACOLHIMENTO BOM PASTOR";"04115907000157";"";"0";"PROPRIA";"33503901";"TERMO DE COLABORAÇÃO";"CONVENIO MROSC - LEI 13019/2014 - MARCO REGUL.ORG.SOC.CIVIL";"31969.59";"2023";"L";"31/01/2023";"0";"01/01/2023";"31/01/2023";"15"
"UNIDADE GESTÃO DE AGRONEGÓCIO. ABASTEC. E TURISMO";"4";"ADMINISTRAÇÃO";"122";"ADMINISTRAÇÃO GERAL";"2023";"1012";"2023";"8";"1";"1001502";"IRMAOS LUCHINI S/A COMERCIAL AUTO PECAS";"50934777000100";"COMPRA DIRETA";"0";"PROPRIA";"33903919";"MANUTENCAO E CONSERVACAO DE VEICULOS";"MANUTENCAO MECANICA DE VEICULOS LEVES";"299.9";"2023";"L";"27/01/2023";"0";"01/01/2023";"31/01/2023";"17"
"UNIDADE GESTÃO DE AGRONEGÓCIO. ABASTEC. E TURISMO";"4";"ADMINISTRAÇÃO";"122";"ADMINISTRAÇÃO GERAL";"2023";"1013";"2023";"8";"1";"1001502";"IRMAOS LUCHINI S/A COMERCIAL AUTO PECAS";"50934777000100";"COMPRA DIRETA";"0";"PROPRIA";"33903039";"MATERIAL PARA MANUTENCAO DE VEICULOS";"PECAS PARA MANUTENCAO MECANICA DE VEICULOS LEVES";"650.7";"2023";"L";"27/01/2023";"0";"01/01/2023";"31/01/2023";"17"
"UNIDADE DE GESTÃO DA CASA CIVIL";"4";"ADMINISTRAÇÃO";"122";"ADMINISTRAÇÃO GERAL";"2023";"1023";"";"0";"0";"100012604";"FOLHA DE PAGAMENTO";"45780103000150";"";"0";"PROPRIA";"31901133";"GRATIFICACOES POR EXERCICIO DE  FUNCOES";"FOLHA DE PAGAMENTO";"1200.64";"2023";"L";"12/01/2023";"0";"01/01/2023";"31/01/2023";"3"
"UNIDADE DE GESTÃO DA CASA CIVIL";"4";"ADMINISTRAÇÃO";"122";"ADMINISTRAÇÃO GERAL";"2023";"1024";"";"0";"0";"100012604";"FOLHA DE PAGAMENTO";"45780103000150";"";"0";"PROPRIA";"31901137";"GRATIFICACOES POR TEMPO DE SERVICO";"FOLHA DE PAGAMENTO";"418.16";"2023";"L";"12/01/2023";"0";"01/01/2023";"31/01/2023";"3"
"UNIDADE DE GESTÃO DA CASA CIVIL";"4";"ADMINISTRAÇÃO";"122";"ADMINISTRAÇÃO GERAL";"2023";"1025";"";"0";"0";"100012604";"FOLHA DE PAGAMENTO";"45780103000150";"";"0";"PROPRIA";"31901144";"FÉRIAS - ABONO PECUNIARIO";"FOLHA DE PAGAMENTO";"5540.73";"2023";"L";"12/01/2023";"0";"01/01/2023";"31/01/2023";"3"
"UNIDADE DE GESTÃO DA CASA CIVIL";"4";"ADMINISTRAÇÃO";"122";"ADMINISTRAÇÃO GERAL";"2023";"1026";"";"0";"0";"100012604";"FOLHA DE PAGAMENTO";"45780103000150";"";"0";"PROPRIA";"31901145";"FÉRIAS - ABONO CONSTITUICOES";"FOLHA DE PAGAMENTO";"1933.47";"2023";"L";"12/01/2023";"0";"01/01/2023";"31/01/2023";"3"
"UNIDADE DE GESTÃO DA CASA CIVIL";"4";"ADMINISTRAÇÃO";"122";"ADMINISTRAÇÃO GERAL";"2023";"1027";"";"0";"0";"100012604";"FOLHA DE PAGAMENTO";"45780103000150";"";"0";"PROPRIA";"31901145";"FÉRIAS - ABONO CONSTITUICOES";"FOLHA DE PAGAMENTO";"1385.18";"2023";"L";"12/01/2023";"0";"01/01/2023";"31/01/2023";"3"
"UNIDADE DE GESTÃO DA CASA CIVIL";"4";"ADMINISTRAÇÃO";"122";"ADMINISTRAÇÃO GERAL";"2023";"1028";"";"0";"0";"100012604";"FOLHA DE PAGAMENTO";"45780103000150";"";"0";"PROPRIA";"31901146";"FÉRIAS - PAGAMENTO ANTECIPADO - RPPS";"FOLHA DE PAGAMENTO";"3543.68";"2023";"L";"12/01/2023";"0";"01/01/2023";"31/01/2023";"3"
"UNIDADE DE GESTÃO DA CASA CIVIL";"4";"ADMINISTRAÇÃO";"122";"ADMINISTRAÇÃO GERAL";"2023";"1029";"";"0";"0";"100012604";"FOLHA DE PAGAMENTO";"45780103000150";"";"0";"PROPRIA";"31901146";"FÉRIAS - PAGAMENTO ANTECIPADO - RPPS";"FOLHA DE PAGAMENTO";"2847.46";"2023";"L";"12/01/2023";"0";"01/01/2023";"31/01/2023";"3"
"UNIDADE GESTÃO DE INOVAÇÃO E RELAÇÃO COM O CIDADÃO";"4";"ADMINISTRAÇÃO";"122";"ADMINISTRAÇÃO GERAL";"2023";"1030";"";"0";"0";"100012604";"FOLHA DE PAGAMENTO";"45780103000150";"";"0";"PROPRIA";"31901137";"GRATIFICACOES POR TEMPO DE SERVICO";"FOLHA DE PAGAMENTO";"265.5";"2023";"L";"12/01/2023";"0";"01/01/2023";"31/01/2023";"4"
"UNIDADE GESTÃO DE INOVAÇÃO E RELAÇÃO COM O CIDADÃO";"4";"ADMINISTRAÇÃO";"122";"ADMINISTRAÇÃO GERAL";"2023";"1031";"";"0";"0";"100012604";"FOLHA DE PAGAMENTO";"45780103000150";"";"0";"PROPRIA";"31901145";"FÉRIAS - ABONO CONSTITUICOES";"FOLHA DE PAGAMENTO";"1888.39";"2023";"L";"12/01/2023";"0";"01/01/2023";"31/01/2023";"4"
"UNIDADE GESTÃO DE INOVAÇÃO E RELAÇÃO COM O CIDADÃO";"4";"ADMINISTRAÇÃO";"122";"ADMINISTRAÇÃO GERAL";"2023";"1032";"";"0";"0";"100012604";"FOLHA DE PAGAMENTO";"45780103000150";"";"0";"PROPRIA";"31901145";"FÉRIAS - ABONO CONSTITUICOES";"FOLHA DE PAGAMENTO";"977.72";"2023";"L";"12/01/2023";"0";"01/01/2023";"31/01/2023";"4"
"UNIDADE GESTÃO DE INOVAÇÃO E RELAÇÃO COM O CIDADÃO";"4";"ADMINISTRAÇÃO";"122";"ADMINISTRAÇÃO GERAL";"2023";"1033";"";"0";"0";"100012604";"FOLHA DE PAGAMENTO";"45780103000150";"";"0";"PROPRIA";"31901146";"FÉRIAS - PAGAMENTO ANTECIPADO - RPPS";"FOLHA DE PAGAMENTO";"1816.29";"2023";"L";"12/01/2023";"0";"01/01/2023";"31/01/2023";"4"
"UNIDADE GESTÃO DE INOVAÇÃO E RELAÇÃO COM O CIDADÃO";"4";"ADMINISTRAÇÃO";"122";"ADMINISTRAÇÃO GERAL";"2023";"1034";"";"0";"0";"100012604";"FOLHA DE PAGAMENTO";"45780103000150";"";"0";"PROPRIA";"31901146";"FÉRIAS - PAGAMENTO ANTECIPADO - RPPS";"FOLHA DE PAGAMENTO";"4836.8";"2023";"L";"12/01/2023";"0";"01/01/2023";"31/01/2023";"4"
"UNIDADE GESTÃO DE INOVAÇÃO E RELAÇÃO COM O CIDADÃO";"4";"ADMINISTRAÇÃO";"122";"ADMINISTRAÇÃO GERAL";"2023";"1035";"";"0";"0";"100012604";"FOLHA DE PAGAMENTO";"45780103000150";"";"0";"PROPRIA";"31901644";"SERVIÇOS EXTRAORDINÁRIOS";"FOLHA DE PAGAMENTO";"12.66";"2023";"L";"12/01/2023";"0";"01/01/2023";"31/01/2023";"4"
"UNIDADE DE GESTÃO DE NEG. JURÍDICOS E CIDADANIA";"4";"ADMINISTRAÇÃO";"122";"ADMINISTRAÇÃO GERAL";"2023";"1036";"";"0";"0";"100012604";"FOLHA DE PAGAMENTO";"45780103000150";"";"0";"PROPRIA";"31901131";"GRATIFICACOES POR EXERCICIO DE  CARGO";"FOLHA DE PAGAMENTO";"2202.4";"2023";"L";"12/01/2023";"0";"01/01/2023";"31/01/2023";"6"
"UNIDADE DE GESTÃO DE NEG. JURÍDICOS E CIDADANIA";"4";"ADMINISTRAÇÃO";"122";"ADMINISTRAÇÃO GERAL";"2023";"1037";"";"0";"0";"100012604";"FOLHA DE PAGAMENTO";"45780103000150";"";"0";"PROPRIA";"31901137";"GRATIFICACOES POR TEMPO DE SERVICO";"FOLHA DE PAGAMENTO";"689.99";"2023";"L";"12/01/2023";"0";"01/01/2023";"31/01/2023";"6"
"UNIDADE DE GESTÃO DE NEG. JURÍDICOS E CIDADANIA";"4";"ADMINISTRAÇÃO";"122";"ADMINISTRAÇÃO GERAL";"2023";"1038";"";"0";"0";"100012604";"FOLHA DE PAGAMENTO";"45780103000150";"";"0";"PROPRIA";"31901145";"FÉRIAS - ABONO CONSTITUICOES";"FOLHA DE PAGAMENTO";"6283.96";"2023";"L";"12/01/2023";"0";"01/01/2023";"31/01/2023";"6"
"UNIDADE DE GESTÃO DE NEG. JURÍDICOS E CIDADANIA";"4";"ADMINISTRAÇÃO";"122";"ADMINISTRAÇÃO GERAL";"2023";"1039";"";"0";"0";"100012604";"FOLHA DE PAGAMENTO";"45780103000150";"";"0";"PROPRIA";"31901146";"FÉRIAS - PAGAMENTO ANTECIPADO - RPPS";"FOLHA DE PAGAMENTO";"11774.07";"2023";"L";"12/01/2023";"0";"01/01/2023";"31/01/2023";"6"
"UNIDADE DE GESTÃO DE ADMINIST. E GESTÃO DE PESSOAS";"4";"ADMINISTRAÇÃO";"122";"ADMINISTRAÇÃO GERAL";"2023";"1040";"";"0";"0";"100012604";"FOLHA DE PAGAMENTO";"45780103000150";"";"0";"PROPRIA";"31901133";"GRATIFICACOES POR EXERCICIO DE  FUNCOES";"FOLHA DE PAGAMENTO";"800.43";"2023";"L";"12/01/2023";"0";"01/01/2023";"31/01/2023";"7"
"UNIDADE DE GESTÃO DE ADMINIST. E GESTÃO DE PESSOAS";"4";"ADMINISTRAÇÃO";"122";"ADMINISTRAÇÃO GERAL";"2023";"1041";"";"0";"0";"100012604";"FOLHA DE PAGAMENTO";"45780103000150";"";"0";"PROPRIA";"31901137";"GRATIFICACOES POR TEMPO DE SERVICO";"FOLHA DE PAGAMENTO";"1356.07";"2023";"L";"12/01/2023";"0";"01/01/2023";"31/01/2023";"7"
"UNIDADE DE GESTÃO DE ADMINIST. E GESTÃO DE PESSOAS";"4";"ADMINISTRAÇÃO";"122";"ADMINISTRAÇÃO GERAL";"2023";"1042";"";"0";"0";"100012604";"FOLHA DE PAGAMENTO";"45780103000150";"";"0";"PROPRIA";"31901144";"FÉRIAS - ABONO PECUNIARIO";"FOLHA DE PAGAMENTO";"5823.83";"2023";"L";"12/01/2023";"0";"01/01/2023";"31/01/2023";"7"
"UNIDADE DE GESTÃO DE ADMINIST. E GESTÃO DE PESSOAS";"4";"ADMINISTRAÇÃO";"122";"ADMINISTRAÇÃO GERAL";"2023";"1043";"";"0";"0";"100012604";"FOLHA DE PAGAMENTO";"45780103000150";"";"0";"PROPRIA";"31901145";"FÉRIAS - ABONO CONSTITUICOES";"FOLHA DE PAGAMENTO";"7621.75";"2023";"L";"12/01/2023";"0";"01/01/2023";"31/01/2023";"7"
"UNIDADE DE GESTÃO DE ADMINIST. E GESTÃO DE PESSOAS";"4";"ADMINISTRAÇÃO";"122";"ADMINISTRAÇÃO GERAL";"2023";"1044";"";"0";"0";"100012604";"FOLHA DE PAGAMENTO";"45780103000150";"";"0";"PROPRIA";"31901146";"FÉRIAS - PAGAMENTO ANTECIPADO - RPPS";"FOLHA DE PAGAMENTO";"12724";"2023";"L";"12/01/2023";"0";"01/01/2023";"31/01/2023";"7"
"UNIDADE DE GESTÃO DE ADMINIST. E GESTÃO DE PESSOAS";"4";"ADMINISTRAÇÃO";"122";"ADMINISTRAÇÃO GERAL";"2023";"1045";"";"0";"0";"100012604";"FOLHA DE PAGAMENTO";"45780103000150";"";"0";"PROPRIA";"31901632";"SUBSTITUIÇÕES  RPPS";"FOLHA DE PAGAMENTO";"4064.77";"2023";"L";"12/01/2023";"0";"01/01/2023";"31/01/2023";"7"
"UNIDADE DE GESTÃO DE ADMINIST. E GESTÃO DE PESSOAS";"4";"ADMINISTRAÇÃO";"122";"ADMINISTRAÇÃO GERAL";"2023";"1046";"";"0";"0";"100012604";"FOLHA DE PAGAMENTO";"45780103000150";"";"0";"PROPRIA";"31901644";"SERVIÇOS EXTRAORDINÁRIOS";"FOLHA DE PAGAMENTO";"12.88";"2023";"L";"12/01/2023";"0";"01/01/2023";"31/01/2023";"7"
"UNIDADE DE GESTÃO DE ADMINIST. E GESTÃO DE PESSOAS";"17";"SANEAMENTO";"122";"ADMINISTRAÇÃO GERAL";"2023";"1047";"";"0";"0";"100012604";"FOLHA DE PAGAMENTO";"45780103000150";"";"902";"RESTITUIÇÕES DAE S/A";"31901137";"GRATIFICACOES POR TEMPO DE SERVICO";"FOLHA DE PAGAMENTO";"4119.95";"2023";"L";"12/01/2023";"0";"01/01/2023";"31/01/2023";"7"
"UNIDADE DE GESTÃO DE ADMINIST. E GESTÃO DE PESSOAS";"17";"SANEAMENTO";"122";"ADMINISTRAÇÃO GERAL";"2023";"1048";"";"0";"0";"100012604";"FOLHA DE PAGAMENTO";"45780103000150";"";"902";"RESTITUIÇÕES DAE S/A";"31901145";"FÉRIAS - ABONO CONSTITUICOES";"FOLHA DE PAGAMENTO";"4370.96";"2023";"L";"12/01/2023";"0";"01/01/2023";"31/01/2023";"7"
"UNIDADE DE GESTÃO DE ADMINIST. E GESTÃO DE PESSOAS";"17";"SANEAMENTO";"122";"ADMINISTRAÇÃO GERAL";"2023";"1049";"";"0";"0";"100012604";"FOLHA DE PAGAMENTO";"45780103000150";"";"902";"RESTITUIÇÕES DAE S/A";"31901146";"FÉRIAS - PAGAMENTO ANTECIPADO - RPPS";"FOLHA DE PAGAMENTO";"6466.49";"2023";"L";"12/01/2023";"0";"01/01/2023";"31/01/2023";"7"
"UNIDADE DE GESTÃO DE ADMINIST. E GESTÃO DE PESSOAS";"17";"SANEAMENTO";"122";"ADMINISTRAÇÃO GERAL";"2023";"1050";"";"0";"0";"100012604";"FOLHA DE PAGAMENTO";"45780103000150";"";"902";"RESTITUIÇÕES DAE S/A";"31901644";"SERVIÇOS EXTRAORDINÁRIOS";"FOLHA DE PAGAMENTO";"165.08";"2023";"L";"12/01/2023";"0";"01/01/2023";"31/01/2023";"7"
"UNIDADE DE GESTÃO DE ADMINIST. E GESTÃO DE PESSOAS";"4";"ADMINISTRAÇÃO";"122";"ADMINISTRAÇÃO GERAL";"2023";"1051";"";"0";"0";"100012604";"FOLHA DE PAGAMENTO";"45780103000150";"";"0";"PROPRIA";"31901145";"FÉRIAS - ABONO CONSTITUICOES";"FOLHA DE PAGAMENTO";"728.09";"2023";"L";"12/01/2023";"0";"01/01/2023";"31/01/2023";"7"
"UNIDADE DE GESTÃO DE ADMINIST. E GESTÃO DE PESSOAS";"4";"ADMINISTRAÇÃO";"122";"ADMINISTRAÇÃO GERAL";"2023";"1052";"";"0";"0";"100012604";"FOLHA DE PAGAMENTO";"45780103000150";"";"0";"PROPRIA";"31901146";"FÉRIAS - PAGAMENTO ANTECIPADO - RPPS";"FOLHA DE PAGAMENTO";"1878.48";"2023";"L";"12/01/2023";"0";"01/01/2023";"31/01/2023";"7"
"UNIDADE DE GESTÃO DE GOVERNO E FINANÇAS";"4";"ADMINISTRAÇÃO";"122";"ADMINISTRAÇÃO GERAL";"2023";"1053";"";"0";"0";"100012604";"FOLHA DE PAGAMENTO";"45780103000150";"";"0";"PROPRIA";"31901104";"ADICIONAL NOTURNO";"FOLHA DE PAGAMENTO";"6.2";"2023";"L";"12/01/2023";"0";"01/01/2023";"31/01/2023";"8"
"UNIDADE DE GESTÃO DE GOVERNO E FINANÇAS";"4";"ADMINISTRAÇÃO";"122";"ADMINISTRAÇÃO GERAL";"2023";"1054";"";"0";"0";"100012604";"FOLHA DE PAGAMENTO";"45780103000150";"";"0";"PROPRIA";"31901133";"GRATIFICACOES POR EXERCICIO DE  FUNCOES";"FOLHA DE PAGAMENTO";"1853.58";"2023";"L";"12/01/2023";"0";"01/01/2023";"31/01/2023";"8"
"UNIDADE DE GESTÃO DE GOVERNO E FINANÇAS";"4";"ADMINISTRAÇÃO";"122";"ADMINISTRAÇÃO GERAL";"2023";"1055";"";"0";"0";"100012604";"FOLHA DE PAGAMENTO";"45780103000150";"";"0";"PROPRIA";"31901137";"GRATIFICACOES POR TEMPO DE SERVICO";"FOLHA DE PAGAMENTO";"5288.42";"2023";"L";"12/01/2023";"0";"01/01/2023";"31/01/2023";"8"
"UNIDADE DE GESTÃO DE GOVERNO E FINANÇAS";"4";"ADMINISTRAÇÃO";"122";"ADMINISTRAÇÃO GERAL";"2023";"1056";"";"0";"0";"100012604";"FOLHA DE PAGAMENTO";"45780103000150";"";"0";"PROPRIA";"31901144";"FÉRIAS - ABONO PECUNIARIO";"FOLHA DE PAGAMENTO";"6741.06";"2023";"L";"12/01/2023";"0";"01/01/2023";"31/01/2023";"8"
"UNIDADE DE GESTÃO DE GOVERNO E FINANÇAS";"4";"ADMINISTRAÇÃO";"122";"ADMINISTRAÇÃO GERAL";"2023";"1057";"";"0";"0";"100012604";"FOLHA DE PAGAMENTO";"45780103000150";"";"0";"PROPRIA";"31901145";"FÉRIAS - ABONO CONSTITUICOES";"FOLHA DE PAGAMENTO";"18531.07";"2023";"L";"12/01/2023";"0";"01/01/2023";"31/01/2023";"8"
"UNIDADE DE GESTÃO DE GOVERNO E FINANÇAS";"4";"ADMINISTRAÇÃO";"122";"ADMINISTRAÇÃO GERAL";"2023";"1058";"";"0";"0";"100012604";"FOLHA DE PAGAMENTO";"45780103000150";"";"0";"PROPRIA";"31901145";"FÉRIAS - ABONO CONSTITUICOES";"FOLHA DE PAGAMENTO";"3631.88";"2023";"L";"12/01/2023";"0";"01/01/2023";"31/01/2023";"8"
"UNIDADE DE GESTÃO DE GOVERNO E FINANÇAS";"4";"ADMINISTRAÇÃO";"122";"ADMINISTRAÇÃO GERAL";"2023";"1059";"";"0";"0";"100012604";"FOLHA DE PAGAMENTO";"45780103000150";"";"0";"PROPRIA";"31901146";"FÉRIAS - PAGAMENTO ANTECIPADO - RPPS";"FOLHA DE PAGAMENTO";"39075.45";"2023";"L";"12/01/2023";"0";"01/01/2023";"31/01/2023";"8"
"UNIDADE DE GESTÃO DE GOVERNO E FINANÇAS";"4";"ADMINISTRAÇÃO";"122";"ADMINISTRAÇÃO GERAL";"2023";"1060";"";"0";"0";"100012604";"FOLHA DE PAGAMENTO";"45780103000150";"";"0";"PROPRIA";"31901146";"FÉRIAS - PAGAMENTO ANTECIPADO - RPPS";"FOLHA DE PAGAMENTO";"8724.16";"2023";"L";"12/01/2023";"0";"01/01/2023";"31/01/2023";"8"
"UNIDADE DE GESTÃO DE GOVERNO E FINANÇAS";"4";"ADMINISTRAÇÃO";"122";"ADMINISTRAÇÃO GERAL";"2023";"1061";"";"0";"0";"100012604";"FOLHA DE PAGAMENTO";"45780103000150";"";"0";"PROPRIA";"31901644";"SERVIÇOS EXTRAORDINÁRIOS";"FOLHA DE PAGAMENTO";"184.66";"2023";"L";"12/01/2023";"0";"01/01/2023";"31/01/2023";"8"
"UNIDADE DE GESTÃO DE INFRAEST. E SERVIÇOS PÚBLICOS";"15";"URBANISMO";"122";"ADMINISTRAÇÃO GERAL";"2023";"1062";"";"0";"0";"100012604";"FOLHA DE PAGAMENTO";"45780103000150";"";"0";"PROPRIA";"31901133";"GRATIFICACOES POR EXERCICIO DE  FUNCOES";"FOLHA DE PAGAMENTO";"2074.35";"2023";"L";"12/01/2023";"0";"01/01/2023";"31/01/2023";"10"
"UNIDADE DE GESTÃO DE INFRAEST. E SERVIÇOS PÚBLICOS";"15";"URBANISMO";"122";"ADMINISTRAÇÃO GERAL";"2023";"1063";"";"0";"0";"100012604";"FOLHA DE PAGAMENTO";"45780103000150";"";"0";"PROPRIA";"31901137";"GRATIFICACOES POR TEMPO DE SERVICO";"FOLHA DE PAGAMENTO";"8303.21";"2023";"L";"12/01/2023";"0";"01/01/2023";"31/01/2023";"10"
"UNIDADE DE GESTÃO DE INFRAEST. E SERVIÇOS PÚBLICOS";"15";"URBANISMO";"122";"ADMINISTRAÇÃO GERAL";"2023";"1064";"";"0";"0";"100012604";"FOLHA DE PAGAMENTO";"45780103000150";"";"0";"PROPRIA";"31901137";"GRATIFICACOES POR TEMPO DE SERVICO";"FOLHA DE PAGAMENTO";"2882.8";"2023";"L";"12/01/2023";"0";"01/01/2023";"31/01/2023";"10"
"UNIDADE DE GESTÃO DE INFRAEST. E SERVIÇOS PÚBLICOS";"15";"URBANISMO";"122";"ADMINISTRAÇÃO GERAL";"2023";"1065";"";"0";"0";"100012604";"FOLHA DE PAGAMENTO";"45780103000150";"";"0";"PROPRIA";"31901144";"FÉRIAS - ABONO PECUNIARIO";"FOLHA DE PAGAMENTO";"21519.74";"2023";"L";"12/01/2023";"0";"01/01/2023";"31/01/2023";"10"
"UNIDADE DE GESTÃO DE INFRAEST. E SERVIÇOS PÚBLICOS";"15";"URBANISMO";"122";"ADMINISTRAÇÃO GERAL";"2023";"1066";"";"0";"0";"100012604";"FOLHA DE PAGAMENTO";"45780103000150";"";"0";"PROPRIA";"31901145";"FÉRIAS - ABONO CONSTITUICOES";"FOLHA DE PAGAMENTO";"20831.19";"2023";"L";"12/01/2023";"0";"01/01/2023";"31/01/2023";"10"
"UNIDADE DE GESTÃO DE INFRAEST. E SERVIÇOS PÚBLICOS";"15";"URBANISMO";"122";"ADMINISTRAÇÃO GERAL";"2023";"1067";"";"0";"0";"100012604";"FOLHA DE PAGAMENTO";"45780103000150";"";"0";"PROPRIA";"31901145";"FÉRIAS - ABONO CONSTITUICOES";"FOLHA DE PAGAMENTO";"3990.99";"2023";"L";"12/01/2023";"0";"01/01/2023";"31/01/2023";"10"
"UNIDADE DE GESTÃO DE INFRAEST. E SERVIÇOS PÚBLICOS";"15";"URBANISMO";"122";"ADMINISTRAÇÃO GERAL";"2023";"1068";"";"0";"0";"100012604";"FOLHA DE PAGAMENTO";"45780103000150";"";"0";"PROPRIA";"31901146";"FÉRIAS - PAGAMENTO ANTECIPADO - RPPS";"FOLHA DE PAGAMENTO";"37348.84";"2023";"L";"12/01/2023";"0";"01/01/2023";"31/01/2023";"10"
"UNIDADE DE GESTÃO DE INFRAEST. E SERVIÇOS PÚBLICOS";"15";"URBANISMO";"122";"ADMINISTRAÇÃO GERAL";"2023";"1069";"";"0";"0";"100012604";"FOLHA DE PAGAMENTO";"45780103000150";"";"0";"PROPRIA";"31901146";"FÉRIAS - PAGAMENTO ANTECIPADO - RPPS";"FOLHA DE PAGAMENTO";"5134.3";"2023";"L";"12/01/2023";"0";"01/01/2023";"31/01/2023";"10"
"UNIDADE DE GESTÃO DE INFRAEST. E SERVIÇOS PÚBLICOS";"15";"URBANISMO";"122";"ADMINISTRAÇÃO GERAL";"2023";"1070";"";"0";"0";"100012604";"FOLHA DE PAGAMENTO";"45780103000150";"";"0";"PROPRIA";"31901644";"SERVIÇOS EXTRAORDINÁRIOS";"FOLHA DE PAGAMENTO";"2900.84";"2023";"L";"12/01/2023";"0";"01/01/2023";"31/01/2023";"10"
"UNIDADE DE GESTÃO DE INFRAEST. E SERVIÇOS PÚBLICOS";"15";"URBANISMO";"122";"ADMINISTRAÇÃO GERAL";"2023";"1071";"";"0";"0";"100012604";"FOLHA DE PAGAMENTO";"45780103000150";"";"0";"PROPRIA";"31901644";"SERVIÇOS EXTRAORDINÁRIOS";"FOLHA DE PAGAMENTO";"811.99";"2023";"L";"12/01/2023";"0";"01/01/2023";"31/01/2023";"10"
"UNIDADE GESTÃO DE PLANEJ. URBANO E MEIO AMBIENTE";"18";"GESTÃO AMBIENTAL";"122";"ADMINISTRAÇÃO GERAL";"2023";"1072";"";"0";"0";"100012604";"FOLHA DE PAGAMENTO";"45780103000150";"";"0";"PROPRIA";"31901110";"ADICIONAL DE INSALUBRIDADE";"FOLHA DE PAGAMENTO";"173.6";"2023";"L";"12/01/2023";"0";"01/01/2023";"31/01/2023";"11"
"UNIDADE GESTÃO DE PLANEJ. URBANO E MEIO AMBIENTE";"18";"GESTÃO AMBIENTAL";"122";"ADMINISTRAÇÃO GERAL";"2023";"1073";"";"0";"0";"100012604";"FOLHA DE PAGAMENTO";"45780103000150";"";"0";"PROPRIA";"31901137";"GRATIFICACOES POR TEMPO DE SERVICO";"FOLHA DE PAGAMENTO";"1908.97";"2023";"L";"12/01/2023";"0";"01/01/2023";"31/01/2023";"11"
"UNIDADE GESTÃO DE PLANEJ. URBANO E MEIO AMBIENTE";"18";"GESTÃO AMBIENTAL";"122";"ADMINISTRAÇÃO GERAL";"2023";"1074";"";"0";"0";"100012604";"FOLHA DE PAGAMENTO";"45780103000150";"";"0";"PROPRIA";"31901145";"FÉRIAS - ABONO CONSTITUICOES";"FOLHA DE PAGAMENTO";"10060.22";"2023";"L";"12/01/2023";"0";"01/01/2023";"31/01/2023";"11"
"UNIDADE GESTÃO DE PLANEJ. URBANO E MEIO AMBIENTE";"18";"GESTÃO AMBIENTAL";"122";"ADMINISTRAÇÃO GERAL";"2023";"1075";"";"0";"0";"100012604";"FOLHA DE PAGAMENTO";"45780103000150";"";"0";"PROPRIA";"31901146";"FÉRIAS - PAGAMENTO ANTECIPADO - RPPS";"FOLHA DE PAGAMENTO";"23328.72";"2023";"L";"12/01/2023";"0";"01/01/2023";"31/01/2023";"11"
"UNIDADE GESTÃO DE PLANEJ. URBANO E MEIO AMBIENTE";"18";"GESTÃO AMBIENTAL";"122";"ADMINISTRAÇÃO GERAL";"2023";"1076";"";"0";"0";"100012604";"FOLHA DE PAGAMENTO";"45780103000150";"";"0";"PROPRIA";"31901644";"SERVIÇOS EXTRAORDINÁRIOS";"FOLHA DE PAGAMENTO";"406.14";"2023";"L";"12/01/2023";"0";"01/01/2023";"31/01/2023";"11"
"UNIDADE DE GESTÃO DE MOBILIDADE E TRANSPORTE";"15";"URBANISMO";"122";"ADMINISTRAÇÃO GERAL";"2023";"1077";"";"0";"0";"100012604";"FOLHA DE PAGAMENTO";"45780103000150";"";"0";"PROPRIA";"31901104";"ADICIONAL NOTURNO";"FOLHA DE PAGAMENTO";"199.51";"2023";"L";"12/01/2023";"0";"01/01/2023";"31/01/2023";"12"
"UNIDADE DE GESTÃO DE MOBILIDADE E TRANSPORTE";"15";"URBANISMO";"122";"ADMINISTRAÇÃO GERAL";"2023";"1078";"";"0";"0";"100012604";"FOLHA DE PAGAMENTO";"45780103000150";"";"0";"PROPRIA";"31901109";"ADICIONAL DE PERICULOSIDADE";"FOLHA DE PAGAMENTO";"5736.93";"2023";"L";"12/01/2023";"0";"01/01/2023";"31/01/2023";"12"
"UNIDADE DE GESTÃO DE MOBILIDADE E TRANSPORTE";"15";"URBANISMO";"122";"ADMINISTRAÇÃO GERAL";"2023";"1079";"";"0";"0";"100012604";"FOLHA DE PAGAMENTO";"45780103000150";"";"0";"PROPRIA";"31901133";"GRATIFICACOES POR EXERCICIO DE  FUNCOES";"FOLHA DE PAGAMENTO";"6546.82";"2023";"L";"12/01/2023";"0";"01/01/2023";"31/01/2023";"12"
"UNIDADE DE GESTÃO DE MOBILIDADE E TRANSPORTE";"15";"URBANISMO";"122";"ADMINISTRAÇÃO GERAL";"2023";"1080";"";"0";"0";"100012604";"FOLHA DE PAGAMENTO";"45780103000150";"";"0";"PROPRIA";"31901137";"GRATIFICACOES POR TEMPO DE SERVICO";"FOLHA DE PAGAMENTO";"8620.92";"2023";"L";"12/01/2023";"0";"01/01/2023";"31/01/2023";"12"
"UNIDADE DE GESTÃO DE MOBILIDADE E TRANSPORTE";"15";"URBANISMO";"122";"ADMINISTRAÇÃO GERAL";"2023";"1081";"";"0";"0";"100012604";"FOLHA DE PAGAMENTO";"45780103000150";"";"0";"PROPRIA";"31901144";"FÉRIAS - ABONO PECUNIARIO";"FOLHA DE PAGAMENTO";"12214.93";"2023";"L";"12/01/2023";"0";"01/01/2023";"31/01/2023";"12"
"UNIDADE DE GESTÃO DE MOBILIDADE E TRANSPORTE";"15";"URBANISMO";"122";"ADMINISTRAÇÃO GERAL";"2023";"1082";"";"0";"0";"100012604";"FOLHA DE PAGAMENTO";"45780103000150";"";"0";"PROPRIA";"31901145";"FÉRIAS - ABONO CONSTITUICOES";"FOLHA DE PAGAMENTO";"26859.84";"2023";"L";"12/01/2023";"0";"01/01/2023";"31/01/2023";"12"
"UNIDADE DE GESTÃO DE MOBILIDADE E TRANSPORTE";"15";"URBANISMO";"122";"ADMINISTRAÇÃO GERAL";"2023";"1083";"";"0";"0";"100012604";"FOLHA DE PAGAMENTO";"45780103000150";"";"0";"PROPRIA";"31901146";"FÉRIAS - PAGAMENTO ANTECIPADO - RPPS";"FOLHA DE PAGAMENTO";"35571.86";"2023";"L";"12/01/2023";"0";"01/01/2023";"31/01/2023";"12"
"UNIDADE DE GESTÃO DE MOBILIDADE E TRANSPORTE";"15";"URBANISMO";"122";"ADMINISTRAÇÃO GERAL";"2023";"1084";"";"0";"0";"100012604";"FOLHA DE PAGAMENTO";"45780103000150";"";"0";"PROPRIA";"31901644";"SERVIÇOS EXTRAORDINÁRIOS";"FOLHA DE PAGAMENTO";"10068.15";"2023";"L";"12/01/2023";"0";"01/01/2023";"31/01/2023";"12"
"UNIDADE DE GESTÃO DE EDUCAÇÃO";"12";"EDUCAÇÃO";"361";"ENSINO FUNDAMENTAL";"2023";"1085";"";"0";"0";"100012604";"FOLHA DE PAGAMENTO";"45780103000150";"";"0";"PROPRIA";"31901107";"ABONO DE PERMANENCIA";"FOLHA DE PAGAMENTO";"474.69";"2023";"L";"12/01/2023";"0";"01/01/2023";"31/01/2023";"13"
"UNIDADE DE GESTÃO DE EDUCAÇÃO";"12";"EDUCAÇÃO";"361";"ENSINO FUNDAMENTAL";"2023";"1086";"";"0";"0";"100012604";"FOLHA DE PAGAMENTO";"45780103000150";"";"0";"PROPRIA";"31901137";"GRATIFICACOES POR TEMPO DE SERVICO";"FOLHA DE PAGAMENTO";"665.51";"2023";"L";"12/01/2023";"0";"01/01/2023";"31/01/2023";"13"
"UNIDADE DE GESTÃO DE EDUCAÇÃO";"12";"EDUCAÇÃO";"361";"ENSINO FUNDAMENTAL";"2023";"1087";"";"0";"0";"100012604";"FOLHA DE PAGAMENTO";"45780103000150";"";"0";"PROPRIA";"31901145";"FÉRIAS - ABONO CONSTITUICOES";"FOLHA DE PAGAMENTO";"1498.36";"2023";"L";"12/01/2023";"0";"01/01/2023";"31/01/2023";"13"
"UNIDADE DE GESTÃO DE EDUCAÇÃO";"12";"EDUCAÇÃO";"361";"ENSINO FUNDAMENTAL";"2023";"1088";"";"0";"0";"100012604";"FOLHA DE PAGAMENTO";"45780103000150";"";"0";"PROPRIA";"31901146";"FÉRIAS - PAGAMENTO ANTECIPADO - RPPS";"FOLHA DE PAGAMENTO";"2898.13";"2023";"L";"12/01/2023";"0";"01/01/2023";"31/01/2023";"13"
"UNIDADE DE GESTÃO DE EDUCAÇÃO";"12";"EDUCAÇÃO";"361";"ENSINO FUNDAMENTAL";"2023";"1089";"";"0";"0";"100012604";"FOLHA DE PAGAMENTO";"45780103000150";"";"0";"PROPRIA";"31901107";"ABONO DE PERMANENCIA";"FOLHA DE PAGAMENTO";"529.29";"2023";"L";"12/01/2023";"0";"01/01/2023";"31/01/2023";"13"
"UNIDADE DE GESTÃO DE EDUCAÇÃO";"12";"EDUCAÇÃO";"361";"ENSINO FUNDAMENTAL";"2023";"1090";"";"0";"0";"100012604";"FOLHA DE PAGAMENTO";"45780103000150";"";"0";"PROPRIA";"31901131";"GRATIFICACOES POR EXERCICIO DE  CARGO";"FOLHA DE PAGAMENTO";"3324.44";"2023";"L";"12/01/2023";"0";"01/01/2023";"31/01/2023";"13"
"UNIDADE DE GESTÃO DE EDUCAÇÃO";"12";"EDUCAÇÃO";"361";"ENSINO FUNDAMENTAL";"2023";"1091";"";"0";"0";"100012604";"FOLHA DE PAGAMENTO";"45780103000150";"";"0";"PROPRIA";"31901133";"GRATIFICACOES POR EXERCICIO DE  FUNCOES";"FOLHA DE PAGAMENTO";"967.73";"2023";"L";"12/01/2023";"0";"01/01/2023";"31/01/2023";"13"
"UNIDADE DE GESTÃO DE EDUCAÇÃO";"12";"EDUCAÇÃO";"361";"ENSINO FUNDAMENTAL";"2023";"1092";"";"0";"0";"100012604";"FOLHA DE PAGAMENTO";"45780103000150";"";"0";"PROPRIA";"31901137";"GRATIFICACOES POR TEMPO DE SERVICO";"FOLHA DE PAGAMENTO";"1785.13";"2023";"L";"12/01/2023";"0";"01/01/2023";"31/01/2023";"13"
"UNIDADE DE GESTÃO DE EDUCAÇÃO";"12";"EDUCAÇÃO";"361";"ENSINO FUNDAMENTAL";"2023";"1093";"";"0";"0";"100012604";"FOLHA DE PAGAMENTO";"45780103000150";"";"0";"PROPRIA";"31901144";"FÉRIAS - ABONO PECUNIARIO";"FOLHA DE PAGAMENTO";"4086.85";"2023";"L";"12/01/2023";"0";"01/01/2023";"31/01/2023";"13"
"UNIDADE DE GESTÃO DE EDUCAÇÃO";"12";"EDUCAÇÃO";"361";"ENSINO FUNDAMENTAL";"2023";"1094";"";"0";"0";"100012604";"FOLHA DE PAGAMENTO";"45780103000150";"";"0";"PROPRIA";"31901145";"FÉRIAS - ABONO CONSTITUICOES";"FOLHA DE PAGAMENTO";"7541.39";"2023";"L";"12/01/2023";"0";"01/01/2023";"31/01/2023";"13"
"UNIDADE DE GESTÃO DE EDUCAÇÃO";"12";"EDUCAÇÃO";"361";"ENSINO FUNDAMENTAL";"2023";"1095";"";"0";"0";"100012604";"FOLHA DE PAGAMENTO";"45780103000150";"";"0";"PROPRIA";"31901146";"FÉRIAS - PAGAMENTO ANTECIPADO - RPPS";"FOLHA DE PAGAMENTO";"13427.93";"2023";"L";"12/01/2023";"0";"01/01/2023";"31/01/2023";"13"
"UNIDADE DE GESTÃO DE EDUCAÇÃO";"12";"EDUCAÇÃO";"361";"ENSINO FUNDAMENTAL";"2023";"1096";"";"0";"0";"100012604";"FOLHA DE PAGAMENTO";"45780103000150";"";"5203";"FUNDO MANUT.DES.ED.BÁSICA E VALOR.PROF.MAG.-FUNDEB";"31901137";"GRATIFICACOES POR TEMPO DE SERVICO";"FOLHA DE PAGAMENTO";"361.04";"2023";"L";"12/01/2023";"0";"01/01/2023";"31/01/2023";"13"
"UNIDADE DE GESTÃO DE EDUCAÇÃO";"12";"EDUCAÇÃO";"361";"ENSINO FUNDAMENTAL";"2023";"1097";"";"0";"0";"100012604";"FOLHA DE PAGAMENTO";"45780103000150";"";"5203";"FUNDO MANUT.DES.ED.BÁSICA E VALOR.PROF.MAG.-FUNDEB";"31901144";"FÉRIAS - ABONO PECUNIARIO";"FOLHA DE PAGAMENTO";"2199.9";"2023";"L";"12/01/2023";"0";"01/01/2023";"31/01/2023";"13"
"UNIDADE DE GESTÃO DE EDUCAÇÃO";"12";"EDUCAÇÃO";"361";"ENSINO FUNDAMENTAL";"2023";"1098";"";"0";"0";"100012604";"FOLHA DE PAGAMENTO";"45780103000150";"";"5203";"FUNDO MANUT.DES.ED.BÁSICA E VALOR.PROF.MAG.-FUNDEB";"31901145";"FÉRIAS - ABONO CONSTITUICOES";"FOLHA DE PAGAMENTO";"1873.79";"2023";"L";"12/01/2023";"0";"01/01/2023";"31/01/2023";"13"
"UNIDADE DE GESTÃO DE EDUCAÇÃO";"12";"EDUCAÇÃO";"361";"ENSINO FUNDAMENTAL";"2023";"1099";"";"0";"0";"100012604";"FOLHA DE PAGAMENTO";"45780103000150";"";"5203";"FUNDO MANUT.DES.ED.BÁSICA E VALOR.PROF.MAG.-FUNDEB";"31901146";"FÉRIAS - PAGAMENTO ANTECIPADO - RPPS";"FOLHA DE PAGAMENTO";"3086.08";"2023";"L";"12/01/2023";"0";"01/01/2023";"31/01/2023";"13"
"UNIDADE DE GESTÃO DE EDUCAÇÃO";"12";"EDUCAÇÃO";"361";"ENSINO FUNDAMENTAL";"2023";"1100";"";"0";"0";"100012604";"FOLHA DE PAGAMENTO";"45780103000150";"";"5203";"FUNDO MANUT.DES.ED.BÁSICA E VALOR.PROF.MAG.-FUNDEB";"31901644";"SERVIÇOS EXTRAORDINÁRIOS";"FOLHA DE PAGAMENTO";"12.55";"2023";"L";"12/01/2023";"0";"01/01/2023";"31/01/2023";"13"
"UNIDADE DE GESTÃO DE EDUCAÇÃO";"12";"EDUCAÇÃO";"365";"EDUCAÇÃO INFANTIL";"2023";"1101";"";"0";"0";"100012604";"FOLHA DE PAGAMENTO";"45780103000150";"";"0";"PROPRIA";"31901107";"ABONO DE PERMANENCIA";"FOLHA DE PAGAMENTO";"812.84";"2023";"L";"12/01/2023";"0";"01/01/2023";"31/01/2023";"13"
"UNIDADE DE GESTÃO DE EDUCAÇÃO";"12";"EDUCAÇÃO";"365";"EDUCAÇÃO INFANTIL";"2023";"1102";"";"0";"0";"100012604";"FOLHA DE PAGAMENTO";"45780103000150";"";"0";"PROPRIA";"31901133";"GRATIFICACOES POR EXERCICIO DE  FUNCOES";"FOLHA DE PAGAMENTO";"685.09";"2023";"L";"12/01/2023";"0";"01/01/2023";"31/01/2023";"13"
"UNIDADE DE GESTÃO DE EDUCAÇÃO";"12";"EDUCAÇÃO";"365";"EDUCAÇÃO INFANTIL";"2023";"1103";"";"0";"0";"100012604";"FOLHA DE PAGAMENTO";"45780103000150";"";"0";"PROPRIA";"31901137";"GRATIFICACOES POR TEMPO DE SERVICO";"FOLHA DE PAGAMENTO";"1651.73";"2023";"L";"12/01/2023";"0";"01/01/2023";"31/01/2023";"13"
"UNIDADE DE GESTÃO DE EDUCAÇÃO";"12";"EDUCAÇÃO";"365";"EDUCAÇÃO INFANTIL";"2023";"1104";"";"0";"0";"100012604";"FOLHA DE PAGAMENTO";"45780103000150";"";"0";"PROPRIA";"31901144";"FÉRIAS - ABONO PECUNIARIO";"FOLHA DE PAGAMENTO";"15078.45";"2023";"L";"12/01/2023";"0";"01/01/2023";"31/01/2023";"13"
"UNIDADE DE GESTÃO DE EDUCAÇÃO";"12";"EDUCAÇÃO";"365";"EDUCAÇÃO INFANTIL";"2023";"1105";"";"0";"0";"100012604";"FOLHA DE PAGAMENTO";"45780103000150";"";"0";"PROPRIA";"31901145";"FÉRIAS - ABONO CONSTITUICOES";"FOLHA DE PAGAMENTO";"6081.6";"2023";"L";"12/01/2023";"0";"01/01/2023";"31/01/2023";"13"
"UNIDADE DE GESTÃO DE EDUCAÇÃO";"12";"EDUCAÇÃO";"365";"EDUCAÇÃO INFANTIL";"2023";"1106";"";"0";"0";"100012604";"FOLHA DE PAGAMENTO";"45780103000150";"";"0";"PROPRIA";"31901146";"FÉRIAS - PAGAMENTO ANTECIPADO - RPPS";"FOLHA DE PAGAMENTO";"11452.32";"2023";"L";"12/01/2023";"0";"01/01/2023";"31/01/2023";"13"
"UNIDADE DE GESTÃO DE EDUCAÇÃO";"12";"EDUCAÇÃO";"365";"EDUCAÇÃO INFANTIL";"2023";"1107";"";"0";"0";"100012604";"FOLHA DE PAGAMENTO";"45780103000150";"";"5203";"FUNDO MANUT.DES.ED.BÁSICA E VALOR.PROF.MAG.-FUNDEB";"31901133";"GRATIFICACOES POR EXERCICIO DE  FUNCOES";"FOLHA DE PAGAMENTO";"257.89";"2023";"L";"12/01/2023";"0";"01/01/2023";"31/01/2023";"13"
"UNIDADE DE GESTÃO DE EDUCAÇÃO";"12";"EDUCAÇÃO";"365";"EDUCAÇÃO INFANTIL";"2023";"1108";"";"0";"0";"100012604";"FOLHA DE PAGAMENTO";"45780103000150";"";"5203";"FUNDO MANUT.DES.ED.BÁSICA E VALOR.PROF.MAG.-FUNDEB";"31901145";"FÉRIAS - ABONO CONSTITUICOES";"FOLHA DE PAGAMENTO";"1805.21";"2023";"L";"12/01/2023";"0";"01/01/2023";"31/01/2023";"13"
"UNIDADE DE GESTÃO DE EDUCAÇÃO";"12";"EDUCAÇÃO";"365";"EDUCAÇÃO INFANTIL";"2023";"1109";"";"0";"0";"100012604";"FOLHA DE PAGAMENTO";"45780103000150";"";"5203";"FUNDO MANUT.DES.ED.BÁSICA E VALOR.PROF.MAG.-FUNDEB";"31901146";"FÉRIAS - PAGAMENTO ANTECIPADO - RPPS";"FOLHA DE PAGAMENTO";"4399.54";"2023";"L";"12/01/2023";"0";"01/01/2023";"31/01/2023";"13"
"UNIDADE DE GESTÃO DE EDUCAÇÃO";"12";"EDUCAÇÃO";"361";"ENSINO FUNDAMENTAL";"2023";"1110";"";"0";"0";"100012604";"FOLHA DE PAGAMENTO";"45780103000150";"";"0";"PROPRIA";"31901109";"ADICIONAL DE PERICULOSIDADE";"FOLHA DE PAGAMENTO";"1524.75";"2023";"L";"12/01/2023";"0";"01/01/2023";"31/01/2023";"13"
"UNIDADE DE GESTÃO DE EDUCAÇÃO";"12";"EDUCAÇÃO";"361";"ENSINO FUNDAMENTAL";"2023";"1111";"";"0";"0";"100012604";"FOLHA DE PAGAMENTO";"45780103000150";"";"0";"PROPRIA";"31901133";"GRATIFICACOES POR EXERCICIO DE  FUNCOES";"FOLHA DE PAGAMENTO";"1520.81";"2023";"L";"12/01/2023";"0";"01/01/2023";"31/01/2023";"13"
"UNIDADE DE GESTÃO DE EDUCAÇÃO";"12";"EDUCAÇÃO";"361";"ENSINO FUNDAMENTAL";"2023";"1112";"";"0";"0";"100012604";"FOLHA DE PAGAMENTO";"45780103000150";"";"0";"PROPRIA";"31901137";"GRATIFICACOES POR TEMPO DE SERVICO";"FOLHA DE PAGAMENTO";"2161.81";"2023";"L";"12/01/2023";"0";"01/01/2023";"31/01/2023";"13"
"UNIDADE DE GESTÃO DE EDUCAÇÃO";"12";"EDUCAÇÃO";"361";"ENSINO FUNDAMENTAL";"2023";"1113";"";"0";"0";"100012604";"FOLHA DE PAGAMENTO";"45780103000150";"";"0";"PROPRIA";"31901145";"FÉRIAS - ABONO CONSTITUICOES";"FOLHA DE PAGAMENTO";"7337.66";"2023";"L";"12/01/2023";"0";"01/01/2023";"31/01/2023";"13"
"UNIDADE DE GESTÃO DE EDUCAÇÃO";"12";"EDUCAÇÃO";"361";"ENSINO FUNDAMENTAL";"2023";"1114";"";"0";"0";"100012604";"FOLHA DE PAGAMENTO";"45780103000150";"";"0";"PROPRIA";"31901146";"FÉRIAS - PAGAMENTO ANTECIPADO - RPPS";"FOLHA DE PAGAMENTO";"11211.66";"2023";"L";"12/01/2023";"0";"01/01/2023";"31/01/2023";"13"
"UNIDADE DE GESTÃO DE EDUCAÇÃO";"12";"EDUCAÇÃO";"361";"ENSINO FUNDAMENTAL";"2023";"1115";"";"0";"0";"100012604";"FOLHA DE PAGAMENTO";"45780103000150";"";"0";"PROPRIA";"31901644";"SERVIÇOS EXTRAORDINÁRIOS";"FOLHA DE PAGAMENTO";"9.72";"2023";"L";"12/01/2023";"0";"01/01/2023";"31/01/2023";"13"
"UNIDADE DE GESTÃO DE EDUCAÇÃO";"12";"EDUCAÇÃO";"365";"EDUCAÇÃO INFANTIL";"2023";"1116";"";"0";"0";"100012604";"FOLHA DE PAGAMENTO";"45780103000150";"";"0";"PROPRIA";"31901133";"GRATIFICACOES POR EXERCICIO DE  FUNCOES";"FOLHA DE PAGAMENTO";"400.21";"2023";"L";"12/01/2023";"0";"01/01/2023";"31/01/2023";"13"
"UNIDADE DE GESTÃO DE EDUCAÇÃO";"12";"EDUCAÇÃO";"365";"EDUCAÇÃO INFANTIL";"2023";"1117";"";"0";"0";"100012604";"FOLHA DE PAGAMENTO";"45780103000150";"";"0";"PROPRIA";"31901144";"FÉRIAS - ABONO PECUNIARIO";"FOLHA DE PAGAMENTO";"1989.8";"2023";"L";"12/01/2023";"0";"01/01/2023";"31/01/2023";"13"
"UNIDADE DE GESTÃO DE EDUCAÇÃO";"12";"EDUCAÇÃO";"365";"EDUCAÇÃO INFANTIL";"2023";"1118";"";"0";"0";"100012604";"FOLHA DE PAGAMENTO";"45780103000150";"";"0";"PROPRIA";"31901145";"FÉRIAS - ABONO CONSTITUICOES";"FOLHA DE PAGAMENTO";"497.45";"2023";"L";"12/01/2023";"0";"01/01/2023";"31/01/2023";"13"
"UNIDADE DE GESTÃO DE EDUCAÇÃO";"12";"EDUCAÇÃO";"365";"EDUCAÇÃO INFANTIL";"2023";"1119";"";"0";"0";"100012604";"FOLHA DE PAGAMENTO";"45780103000150";"";"0";"PROPRIA";"31901146";"FÉRIAS - PAGAMENTO ANTECIPADO - RPPS";"FOLHA DE PAGAMENTO";"607.56";"2023";"L";"12/01/2023";"0";"01/01/2023";"31/01/2023";"13"
"UNIDADE DE GESTÃO DE EDUCAÇÃO";"12";"EDUCAÇÃO";"361";"ENSINO FUNDAMENTAL";"2023";"1120";"";"0";"0";"100012604";"FOLHA DE PAGAMENTO";"45780103000150";"";"0";"PROPRIA";"31901137";"GRATIFICACOES POR TEMPO DE SERVICO";"FOLHA DE PAGAMENTO";"54.61";"2023";"L";"12/01/2023";"0";"01/01/2023";"31/01/2023";"13"
"UNIDADE DE GESTÃO DE EDUCAÇÃO";"12";"EDUCAÇÃO";"361";"ENSINO FUNDAMENTAL";"2023";"1121";"";"0";"0";"100012604";"FOLHA DE PAGAMENTO";"45780103000150";"";"0";"PROPRIA";"31901145";"FÉRIAS - ABONO CONSTITUICOES";"FOLHA DE PAGAMENTO";"382.25";"2023";"L";"12/01/2023";"0";"01/01/2023";"31/01/2023";"13"
"UNIDADE DE GESTÃO DE EDUCAÇÃO";"12";"EDUCAÇÃO";"361";"ENSINO FUNDAMENTAL";"2023";"1122";"";"0";"0";"100012604";"FOLHA DE PAGAMENTO";"45780103000150";"";"0";"PROPRIA";"31901146";"FÉRIAS - PAGAMENTO ANTECIPADO - RPPS";"FOLHA DE PAGAMENTO";"931.59";"2023";"L";"12/01/2023";"0";"01/01/2023";"31/01/2023";"13"
"UNIDADE DE GESTÃO DE EDUCAÇÃO";"12";"EDUCAÇÃO";"122";"ADMINISTRAÇÃO GERAL";"2023";"1123";"";"0";"0";"100012604";"FOLHA DE PAGAMENTO";"45780103000150";"";"0";"PROPRIA";"31901133";"GRATIFICACOES POR EXERCICIO DE  FUNCOES";"FOLHA DE PAGAMENTO";"115.2";"2023";"L";"12/01/2023";"0";"01/01/2023";"31/01/2023";"13"
"UNIDADE DE GESTÃO DE EDUCAÇÃO";"12";"EDUCAÇÃO";"122";"ADMINISTRAÇÃO GERAL";"2023";"1124";"";"0";"0";"100012604";"FOLHA DE PAGAMENTO";"45780103000150";"";"0";"PROPRIA";"31901137";"GRATIFICACOES POR TEMPO DE SERVICO";"FOLHA DE PAGAMENTO";"230.4";"2023";"L";"12/01/2023";"0";"01/01/2023";"31/01/2023";"13"
"UNIDADE DE GESTÃO DE EDUCAÇÃO";"12";"EDUCAÇÃO";"122";"ADMINISTRAÇÃO GERAL";"2023";"1125";"";"0";"0";"100012604";"FOLHA DE PAGAMENTO";"45780103000150";"";"0";"PROPRIA";"31901145";"FÉRIAS - ABONO CONSTITUICOES";"FOLHA DE PAGAMENTO";"1177.64";"2023";"L";"12/01/2023";"0";"01/01/2023";"31/01/2023";"13"
"UNIDADE DE GESTÃO DE EDUCAÇÃO";"12";"EDUCAÇÃO";"122";"ADMINISTRAÇÃO GERAL";"2023";"1126";"";"0";"0";"100012604";"FOLHA DE PAGAMENTO";"45780103000150";"";"0";"PROPRIA";"31901146";"FÉRIAS - PAGAMENTO ANTECIPADO - RPPS";"FOLHA DE PAGAMENTO";"2486.3";"2023";"L";"12/01/2023";"0";"01/01/2023";"31/01/2023";"13"
"UNIDADE DE GESTÃO DE PROMOÇÃO DA SAÚDE";"10";"SAÚDE";"122";"ADMINISTRAÇÃO GERAL";"2023";"1127";"";"0";"0";"100012604";"FOLHA DE PAGAMENTO";"45780103000150";"";"0";"PROPRIA";"31901110";"ADICIONAL DE INSALUBRIDADE";"FOLHA DE PAGAMENTO";"260.4";"2023";"L";"12/01/2023";"0";"01/01/2023";"31/01/2023";"14"
"UNIDADE DE GESTÃO DE PROMOÇÃO DA SAÚDE";"10";"SAÚDE";"122";"ADMINISTRAÇÃO GERAL";"2023";"1128";"";"0";"0";"100012604";"FOLHA DE PAGAMENTO";"45780103000150";"";"0";"PROPRIA";"31901137";"GRATIFICACOES POR TEMPO DE SERVICO";"FOLHA DE PAGAMENTO";"2866.08";"2023";"L";"12/01/2023";"0";"01/01/2023";"31/01/2023";"14"
"UNIDADE DE GESTÃO DE PROMOÇÃO DA SAÚDE";"10";"SAÚDE";"122";"ADMINISTRAÇÃO GERAL";"2023";"1129";"";"0";"0";"100012604";"FOLHA DE PAGAMENTO";"45780103000150";"";"0";"PROPRIA";"31901145";"FÉRIAS - ABONO CONSTITUICOES";"FOLHA DE PAGAMENTO";"6877.1";"2023";"L";"12/01/2023";"0";"01/01/2023";"31/01/2023";"14"
"UNIDADE DE GESTÃO DE PROMOÇÃO DA SAÚDE";"10";"SAÚDE";"122";"ADMINISTRAÇÃO GERAL";"2023";"1130";"";"0";"0";"100012604";"FOLHA DE PAGAMENTO";"45780103000150";"";"0";"PROPRIA";"31901146";"FÉRIAS - PAGAMENTO ANTECIPADO - RPPS";"FOLHA DE PAGAMENTO";"14223.65";"2023";"L";"12/01/2023";"0";"01/01/2023";"31/01/2023";"14"
"UNIDADE DE GESTÃO DE PROMOÇÃO DA SAÚDE";"10";"SAÚDE";"122";"ADMINISTRAÇÃO GERAL";"2023";"1131";"";"0";"0";"100012604";"FOLHA DE PAGAMENTO";"45780103000150";"";"0";"PROPRIA";"31901644";"SERVIÇOS EXTRAORDINÁRIOS";"FOLHA DE PAGAMENTO";"465.28";"2023";"L";"12/01/2023";"0";"01/01/2023";"31/01/2023";"14"
"UNIDADE DE GESTÃO DE PROMOÇÃO DA SAÚDE";"10";"SAÚDE";"122";"ADMINISTRAÇÃO GERAL";"2023";"1132";"";"0";"0";"100012604";"FOLHA DE PAGAMENTO";"45780103000150";"";"0";"PROPRIA";"31901137";"GRATIFICACOES POR TEMPO DE SERVICO";"FOLHA DE PAGAMENTO";"63.21";"2023";"L";"12/01/2023";"0";"01/01/2023";"31/01/2023";"14"
"UNIDADE DE GESTÃO DE PROMOÇÃO DA SAÚDE";"10";"SAÚDE";"122";"ADMINISTRAÇÃO GERAL";"2023";"1133";"";"0";"0";"100012604";"FOLHA DE PAGAMENTO";"45780103000150";"";"0";"PROPRIA";"31901144";"FÉRIAS - ABONO PECUNIARIO";"FOLHA DE PAGAMENTO";"5540.73";"2023";"L";"12/01/2023";"0";"01/01/2023";"31/01/2023";"14"
"UNIDADE DE GESTÃO DE PROMOÇÃO DA SAÚDE";"10";"SAÚDE";"122";"ADMINISTRAÇÃO GERAL";"2023";"1134";"";"0";"0";"100012604";"FOLHA DE PAGAMENTO";"45780103000150";"";"0";"PROPRIA";"31901144";"FÉRIAS - ABONO PECUNIARIO";"FOLHA DE PAGAMENTO";"1822.95";"2023";"L";"12/01/2023";"0";"01/01/2023";"31/01/2023";"14"
"UNIDADE DE GESTÃO DE PROMOÇÃO DA SAÚDE";"10";"SAÚDE";"122";"ADMINISTRAÇÃO GERAL";"2023";"1135";"";"0";"0";"100012604";"FOLHA DE PAGAMENTO";"45780103000150";"";"0";"PROPRIA";"31901145";"FÉRIAS - ABONO CONSTITUICOES";"FOLHA DE PAGAMENTO";"1385.18";"2023";"L";"12/01/2023";"0";"01/01/2023";"31/01/2023";"14"
"UNIDADE DE GESTÃO DE PROMOÇÃO DA SAÚDE";"10";"SAÚDE";"122";"ADMINISTRAÇÃO GERAL";"2023";"1136";"";"0";"0";"100012604";"FOLHA DE PAGAMENTO";"45780103000150";"";"0";"PROPRIA";"31901145";"FÉRIAS - ABONO CONSTITUICOES";"FOLHA DE PAGAMENTO";"455.74";"2023";"L";"12/01/2023";"0";"01/01/2023";"31/01/2023";"14"
"UNIDADE DE GESTÃO DE PROMOÇÃO DA SAÚDE";"10";"SAÚDE";"122";"ADMINISTRAÇÃO GERAL";"2023";"1137";"";"0";"0";"100012604";"FOLHA DE PAGAMENTO";"45780103000150";"";"0";"PROPRIA";"31901146";"FÉRIAS - PAGAMENTO ANTECIPADO - RPPS";"FOLHA DE PAGAMENTO";"3543.68";"2023";"L";"12/01/2023";"0";"01/01/2023";"31/01/2023";"14"
"UNIDADE DE GESTÃO DE PROMOÇÃO DA SAÚDE";"10";"SAÚDE";"122";"ADMINISTRAÇÃO GERAL";"2023";"1138";"";"0";"0";"100012604";"FOLHA DE PAGAMENTO";"45780103000150";"";"0";"PROPRIA";"31901146";"FÉRIAS - PAGAMENTO ANTECIPADO - RPPS";"FOLHA DE PAGAMENTO";"986.17";"2023";"L";"12/01/2023";"0";"01/01/2023";"31/01/2023";"14"
"UNIDADE DE GESTÃO DE PROMOÇÃO DA SAÚDE";"10";"SAÚDE";"122";"ADMINISTRAÇÃO GERAL";"2023";"1139";"";"0";"0";"100012604";"FOLHA DE PAGAMENTO";"45780103000150";"";"0";"PROPRIA";"31901644";"SERVIÇOS EXTRAORDINÁRIOS";"FOLHA DE PAGAMENTO";"39.71";"2023";"L";"12/01/2023";"0";"01/01/2023";"31/01/2023";"14"
"UNIDADE DE GESTÃO DE PROMOÇÃO DA SAÚDE";"10";"SAÚDE";"301";"ATENÇÃO BÁSICA";"2023";"1140";"";"0";"0";"100012604";"FOLHA DE PAGAMENTO";"45780103000150";"";"0";"PROPRIA";"31901110";"ADICIONAL DE INSALUBRIDADE";"FOLHA DE PAGAMENTO";"2386.57";"2023";"L";"12/01/2023";"0";"01/01/2023";"31/01/2023";"14"
"UNIDADE DE GESTÃO DE PROMOÇÃO DA SAÚDE";"10";"SAÚDE";"301";"ATENÇÃO BÁSICA";"2023";"1141";"";"0";"0";"100012604";"FOLHA DE PAGAMENTO";"45780103000150";"";"0";"PROPRIA";"31901110";"ADICIONAL DE INSALUBRIDADE";"FOLHA DE PAGAMENTO";"173.6";"2023";"L";"12/01/2023";"0";"01/01/2023";"31/01/2023";"14"
"UNIDADE DE GESTÃO DE PROMOÇÃO DA SAÚDE";"10";"SAÚDE";"301";"ATENÇÃO BÁSICA";"2023";"1142";"";"0";"0";"100012604";"FOLHA DE PAGAMENTO";"45780103000150";"";"0";"PROPRIA";"31901137";"GRATIFICACOES POR TEMPO DE SERVICO";"FOLHA DE PAGAMENTO";"5977.01";"2023";"L";"12/01/2023";"0";"01/01/2023";"31/01/2023";"14"
"UNIDADE DE GESTÃO DE PROMOÇÃO DA SAÚDE";"10";"SAÚDE";"301";"ATENÇÃO BÁSICA";"2023";"1143";"";"0";"0";"100012604";"FOLHA DE PAGAMENTO";"45780103000150";"";"0";"PROPRIA";"31901137";"GRATIFICACOES POR TEMPO DE SERVICO";"FOLHA DE PAGAMENTO";"1778.96";"2023";"L";"12/01/2023";"0";"01/01/2023";"31/01/2023";"14"
"UNIDADE DE GESTÃO DE PROMOÇÃO DA SAÚDE";"10";"SAÚDE";"301";"ATENÇÃO BÁSICA";"2023";"1144";"";"0";"0";"100012604";"FOLHA DE PAGAMENTO";"45780103000150";"";"0";"PROPRIA";"31901144";"FÉRIAS - ABONO PECUNIARIO";"FOLHA DE PAGAMENTO";"11509.98";"2023";"L";"12/01/2023";"0";"01/01/2023";"31/01/2023";"14"
"UNIDADE DE GESTÃO DE PROMOÇÃO DA SAÚDE";"10";"SAÚDE";"301";"ATENÇÃO BÁSICA";"2023";"1145";"";"0";"0";"100012604";"FOLHA DE PAGAMENTO";"45780103000150";"";"0";"PROPRIA";"31901145";"FÉRIAS - ABONO CONSTITUICOES";"FOLHA DE PAGAMENTO";"2345.1";"2023";"L";"12/01/2023";"0";"01/01/2023";"31/01/2023";"14"
"UNIDADE DE GESTÃO DE PROMOÇÃO DA SAÚDE";"10";"SAÚDE";"301";"ATENÇÃO BÁSICA";"2023";"1146";"";"0";"0";"100012604";"FOLHA DE PAGAMENTO";"45780103000150";"";"0";"PROPRIA";"31901145";"FÉRIAS - ABONO CONSTITUICOES";"FOLHA DE PAGAMENTO";"26681.47";"2023";"L";"12/01/2023";"0";"01/01/2023";"31/01/2023";"14"
"UNIDADE DE GESTÃO DE PROMOÇÃO DA SAÚDE";"10";"SAÚDE";"301";"ATENÇÃO BÁSICA";"2023";"1147";"";"0";"0";"100012604";"FOLHA DE PAGAMENTO";"45780103000150";"";"0";"PROPRIA";"31901146";"FÉRIAS - PAGAMENTO ANTECIPADO - RPPS";"FOLHA DE PAGAMENTO";"50760.09";"2023";"L";"12/01/2023";"0";"01/01/2023";"31/01/2023";"14"
"UNIDADE DE GESTÃO DE PROMOÇÃO DA SAÚDE";"10";"SAÚDE";"301";"ATENÇÃO BÁSICA";"2023";"1148";"";"0";"0";"100012604";"FOLHA DE PAGAMENTO";"45780103000150";"";"0";"PROPRIA";"31901146";"FÉRIAS - PAGAMENTO ANTECIPADO - RPPS";"FOLHA DE PAGAMENTO";"4254.35";"2023";"L";"12/01/2023";"0";"01/01/2023";"31/01/2023";"14"
"UNIDADE DE GESTÃO DE PROMOÇÃO DA SAÚDE";"10";"SAÚDE";"301";"ATENÇÃO BÁSICA";"2023";"1149";"";"0";"0";"100012604";"FOLHA DE PAGAMENTO";"45780103000150";"";"0";"PROPRIA";"31901644";"SERVIÇOS EXTRAORDINÁRIOS";"FOLHA DE PAGAMENTO";"4099.56";"2023";"L";"12/01/2023";"0";"01/01/2023";"31/01/2023";"14"
"UNIDADE DE GESTÃO DE PROMOÇÃO DA SAÚDE";"10";"SAÚDE";"302";"ASSISTÊNCIA HOSPITALAR E AMBULATORIAL";"2023";"1150";"";"0";"0";"100012604";"FOLHA DE PAGAMENTO";"45780103000150";"";"0";"PROPRIA";"31901110";"ADICIONAL DE INSALUBRIDADE";"FOLHA DE PAGAMENTO";"1649.2";"2023";"L";"12/01/2023";"0";"01/01/2023";"31/01/2023";"14"
"UNIDADE DE GESTÃO DE PROMOÇÃO DA SAÚDE";"10";"SAÚDE";"302";"ASSISTÊNCIA HOSPITALAR E AMBULATORIAL";"2023";"1151";"";"0";"0";"100012604";"FOLHA DE PAGAMENTO";"45780103000150";"";"0";"PROPRIA";"31901133";"GRATIFICACOES POR EXERCICIO DE  FUNCOES";"FOLHA DE PAGAMENTO";"720.38";"2023";"L";"12/01/2023";"0";"01/01/2023";"31/01/2023";"14"
"UNIDADE DE GESTÃO DE PROMOÇÃO DA SAÚDE";"10";"SAÚDE";"302";"ASSISTÊNCIA HOSPITALAR E AMBULATORIAL";"2023";"1152";"";"0";"0";"100012604";"FOLHA DE PAGAMENTO";"45780103000150";"";"0";"PROPRIA";"31901137";"GRATIFICACOES POR TEMPO DE SERVICO";"FOLHA DE PAGAMENTO";"10481.15";"2023";"L";"12/01/2023";"0";"01/01/2023";"31/01/2023";"14"
"UNIDADE DE GESTÃO DE PROMOÇÃO DA SAÚDE";"10";"SAÚDE";"302";"ASSISTÊNCIA HOSPITALAR E AMBULATORIAL";"2023";"1153";"";"0";"0";"100012604";"FOLHA DE PAGAMENTO";"45780103000150";"";"0";"PROPRIA";"31901144";"FÉRIAS - ABONO PECUNIARIO";"FOLHA DE PAGAMENTO";"6295.61";"2023";"L";"12/01/2023";"0";"01/01/2023";"31/01/2023";"14"
"UNIDADE DE GESTÃO DE PROMOÇÃO DA SAÚDE";"10";"SAÚDE";"302";"ASSISTÊNCIA HOSPITALAR E AMBULATORIAL";"2023";"1154";"";"0";"0";"100012604";"FOLHA DE PAGAMENTO";"45780103000150";"";"0";"PROPRIA";"31901145";"FÉRIAS - ABONO CONSTITUICOES";"FOLHA DE PAGAMENTO";"24354.34";"2023";"L";"12/01/2023";"0";"01/01/2023";"31/01/2023";"14"
"UNIDADE DE GESTÃO DE PROMOÇÃO DA SAÚDE";"10";"SAÚDE";"302";"ASSISTÊNCIA HOSPITALAR E AMBULATORIAL";"2023";"1155";"";"0";"0";"100012604";"FOLHA DE PAGAMENTO";"45780103000150";"";"0";"PROPRIA";"31901146";"FÉRIAS - PAGAMENTO ANTECIPADO - RPPS";"FOLHA DE PAGAMENTO";"46640.27";"2023";"L";"12/01/2023";"0";"01/01/2023";"31/01/2023";"14"
"UNIDADE DE GESTÃO DE PROMOÇÃO DA SAÚDE";"10";"SAÚDE";"302";"ASSISTÊNCIA HOSPITALAR E AMBULATORIAL";"2023";"1156";"";"0";"0";"100012604";"FOLHA DE PAGAMENTO";"45780103000150";"";"0";"PROPRIA";"31901644";"SERVIÇOS EXTRAORDINÁRIOS";"FOLHA DE PAGAMENTO";"2191.79";"2023";"L";"12/01/2023";"0";"01/01/2023";"31/01/2023";"14"
"UNIDADE DE GESTÃO DE PROMOÇÃO DA SAÚDE";"10";"SAÚDE";"305";"VIGILÂNCIA EPIDEMIOLÓGICA";"2023";"1157";"";"0";"0";"100012604";"FOLHA DE PAGAMENTO";"45780103000150";"";"0";"PROPRIA";"31901110";"ADICIONAL DE INSALUBRIDADE";"FOLHA DE PAGAMENTO";"260.4";"2023";"L";"12/01/2023";"0";"01/01/2023";"31/01/2023";"14"
"UNIDADE DE GESTÃO DE PROMOÇÃO DA SAÚDE";"10";"SAÚDE";"305";"VIGILÂNCIA EPIDEMIOLÓGICA";"2023";"1158";"";"0";"0";"100012604";"FOLHA DE PAGAMENTO";"45780103000150";"";"0";"PROPRIA";"31901137";"GRATIFICACOES POR TEMPO DE SERVICO";"FOLHA DE PAGAMENTO";"1365.7";"2023";"L";"12/01/2023";"0";"01/01/2023";"31/01/2023";"14"
"UNIDADE DE GESTÃO DE PROMOÇÃO DA SAÚDE";"10";"SAÚDE";"305";"VIGILÂNCIA EPIDEMIOLÓGICA";"2023";"1159";"";"0";"0";"100012604";"FOLHA DE PAGAMENTO";"45780103000150";"";"0";"PROPRIA";"31901145";"FÉRIAS - ABONO CONSTITUICOES";"FOLHA DE PAGAMENTO";"2818.19";"2023";"L";"12/01/2023";"0";"01/01/2023";"31/01/2023";"14"
"UNIDADE DE GESTÃO DE PROMOÇÃO DA SAÚDE";"10";"SAÚDE";"305";"VIGILÂNCIA EPIDEMIOLÓGICA";"2023";"1160";"";"0";"0";"100012604";"FOLHA DE PAGAMENTO";"45780103000150";"";"0";"PROPRIA";"31901146";"FÉRIAS - PAGAMENTO ANTECIPADO - RPPS";"FOLHA DE PAGAMENTO";"4499.48";"2023";"L";"12/01/2023";"0";"01/01/2023";"31/01/2023";"14"
"UNIDADE DE GESTÃO DE PROMOÇÃO DA SAÚDE";"10";"SAÚDE";"304";"VIGILÂNCIA SANITÁRIA";"2023";"1161";"";"0";"0";"100012604";"FOLHA DE PAGAMENTO";"45780103000150";"";"0";"PROPRIA";"31901137";"GRATIFICACOES POR TEMPO DE SERVICO";"FOLHA DE PAGAMENTO";"355.8";"2023";"L";"12/01/2023";"0";"01/01/2023";"31/01/2023";"14"
"UNIDADE DE GESTÃO DE PROMOÇÃO DA SAÚDE";"10";"SAÚDE";"304";"VIGILÂNCIA SANITÁRIA";"2023";"1162";"";"0";"0";"100012604";"FOLHA DE PAGAMENTO";"45780103000150";"";"0";"PROPRIA";"31901144";"FÉRIAS - ABONO PECUNIARIO";"FOLHA DE PAGAMENTO";"3554.17";"2023";"L";"12/01/2023";"0";"01/01/2023";"31/01/2023";"14"
"UNIDADE DE GESTÃO DE PROMOÇÃO DA SAÚDE";"10";"SAÚDE";"304";"VIGILÂNCIA SANITÁRIA";"2023";"1163";"";"0";"0";"100012604";"FOLHA DE PAGAMENTO";"45780103000150";"";"0";"PROPRIA";"31901145";"FÉRIAS - ABONO CONSTITUICOES";"FOLHA DE PAGAMENTO";"888.54";"2023";"L";"12/01/2023";"0";"01/01/2023";"31/01/2023";"14"
"UNIDADE DE GESTÃO DE PROMOÇÃO DA SAÚDE";"10";"SAÚDE";"304";"VIGILÂNCIA SANITÁRIA";"2023";"1164";"";"0";"0";"100012604";"FOLHA DE PAGAMENTO";"45780103000150";"";"0";"PROPRIA";"31901146";"FÉRIAS - PAGAMENTO ANTECIPADO - RPPS";"FOLHA DE PAGAMENTO";"1278.38";"2023";"L";"12/01/2023";"0";"01/01/2023";"31/01/2023";"14"
"UNIDADE DE GESTÃO DE PROMOÇÃO DA SAÚDE";"10";"SAÚDE";"304";"VIGILÂNCIA SANITÁRIA";"2023";"1165";"";"0";"0";"100012604";"FOLHA DE PAGAMENTO";"45780103000150";"";"0";"PROPRIA";"31901644";"SERVIÇOS EXTRAORDINÁRIOS";"FOLHA DE PAGAMENTO";"530.85";"2023";"L";"12/01/2023";"0";"01/01/2023";"31/01/2023";"14"
"UNIDADE GESTÃO DE ASSISTÊNCIA E DESENVOLV. SOCIAL";"8";"ASSISTÊNCIA SOCIAL";"244";"ASSISTÊNCIA COMUNITÁRIA";"2023";"1166";"";"0";"0";"100012604";"FOLHA DE PAGAMENTO";"45780103000150";"";"0";"PROPRIA";"31901131";"GRATIFICACOES POR EXERCICIO DE  CARGO";"FOLHA DE PAGAMENTO";"1662.22";"2023";"L";"12/01/2023";"0";"01/01/2023";"31/01/2023";"15"
"UNIDADE GESTÃO DE ASSISTÊNCIA E DESENVOLV. SOCIAL";"8";"ASSISTÊNCIA SOCIAL";"244";"ASSISTÊNCIA COMUNITÁRIA";"2023";"1167";"";"0";"0";"100012604";"FOLHA DE PAGAMENTO";"45780103000150";"";"0";"PROPRIA";"31901137";"GRATIFICACOES POR TEMPO DE SERVICO";"FOLHA DE PAGAMENTO";"7281.3";"2023";"L";"12/01/2023";"0";"01/01/2023";"31/01/2023";"15"
"UNIDADE GESTÃO DE ASSISTÊNCIA E DESENVOLV. SOCIAL";"8";"ASSISTÊNCIA SOCIAL";"244";"ASSISTÊNCIA COMUNITÁRIA";"2023";"1168";"";"0";"0";"100012604";"FOLHA DE PAGAMENTO";"45780103000150";"";"0";"PROPRIA";"31901144";"FÉRIAS - ABONO PECUNIARIO";"FOLHA DE PAGAMENTO";"9701.95";"2023";"L";"12/01/2023";"0";"01/01/2023";"31/01/2023";"15"
"UNIDADE GESTÃO DE ASSISTÊNCIA E DESENVOLV. SOCIAL";"8";"ASSISTÊNCIA SOCIAL";"244";"ASSISTÊNCIA COMUNITÁRIA";"2023";"1169";"";"0";"0";"100012604";"FOLHA DE PAGAMENTO";"45780103000150";"";"0";"PROPRIA";"31901145";"FÉRIAS - ABONO CONSTITUICOES";"FOLHA DE PAGAMENTO";"10998.99";"2023";"L";"12/01/2023";"0";"01/01/2023";"31/01/2023";"15"
"UNIDADE GESTÃO DE ASSISTÊNCIA E DESENVOLV. SOCIAL";"8";"ASSISTÊNCIA SOCIAL";"244";"ASSISTÊNCIA COMUNITÁRIA";"2023";"1170";"";"0";"0";"100012604";"FOLHA DE PAGAMENTO";"45780103000150";"";"0";"PROPRIA";"31901146";"FÉRIAS - PAGAMENTO ANTECIPADO - RPPS";"FOLHA DE PAGAMENTO";"18472.77";"2023";"L";"12/01/2023";"0";"01/01/2023";"31/01/2023";"15"
"UNIDADE GESTÃO DE ASSISTÊNCIA E DESENVOLV. SOCIAL";"8";"ASSISTÊNCIA SOCIAL";"244";"ASSISTÊNCIA COMUNITÁRIA";"2023";"1171";"";"0";"0";"100012604";"FOLHA DE PAGAMENTO";"45780103000150";"";"0";"PROPRIA";"31901644";"SERVIÇOS EXTRAORDINÁRIOS";"FOLHA DE PAGAMENTO";"185.14";"2023";"L";"12/01/2023";"0";"01/01/2023";"31/01/2023";"15"
"UNIDADE GESTÃO DE ASSISTÊNCIA E DESENVOLV. SOCIAL";"8";"ASSISTÊNCIA SOCIAL";"244";"ASSISTÊNCIA COMUNITÁRIA";"2023";"1172";"";"0";"0";"100012604";"FOLHA DE PAGAMENTO";"45780103000150";"";"0";"PROPRIA";"31901144";"FÉRIAS - ABONO PECUNIARIO";"FOLHA DE PAGAMENTO";"3948.82";"2023";"L";"12/01/2023";"0";"01/01/2023";"31/01/2023";"15"
"UNIDADE GESTÃO DE ASSISTÊNCIA E DESENVOLV. SOCIAL";"8";"ASSISTÊNCIA SOCIAL";"244";"ASSISTÊNCIA COMUNITÁRIA";"2023";"1173";"";"0";"0";"100012604";"FOLHA DE PAGAMENTO";"45780103000150";"";"0";"PROPRIA";"31901145";"FÉRIAS - ABONO CONSTITUICOES";"FOLHA DE PAGAMENTO";"987.21";"2023";"L";"12/01/2023";"0";"01/01/2023";"31/01/2023";"15"
"UNIDADE GESTÃO DE ASSISTÊNCIA E DESENVOLV. SOCIAL";"8";"ASSISTÊNCIA SOCIAL";"244";"ASSISTÊNCIA COMUNITÁRIA";"2023";"1174";"";"0";"0";"100012604";"FOLHA DE PAGAMENTO";"45780103000150";"";"0";"PROPRIA";"31901146";"FÉRIAS - PAGAMENTO ANTECIPADO - RPPS";"FOLHA DE PAGAMENTO";"1933.29";"2023";"L";"12/01/2023";"0";"01/01/2023";"31/01/2023";"15"
"UNIDADE GESTÃO DE ASSISTÊNCIA E DESENVOLV. SOCIAL";"8";"ASSISTÊNCIA SOCIAL";"244";"ASSISTÊNCIA COMUNITÁRIA";"2023";"1175";"";"0";"0";"100012604";"FOLHA DE PAGAMENTO";"45780103000150";"";"0";"PROPRIA";"31901644";"SERVIÇOS EXTRAORDINÁRIOS";"FOLHA DE PAGAMENTO";"299.69";"2023";"L";"12/01/2023";"0";"01/01/2023";"31/01/2023";"15"
"UNIDADE GESTÃO DE ASSISTÊNCIA E DESENVOLV. SOCIAL";"8";"ASSISTÊNCIA SOCIAL";"244";"ASSISTÊNCIA COMUNITÁRIA";"2023";"1176";"";"0";"0";"100012604";"FOLHA DE PAGAMENTO";"45780103000150";"";"0";"PROPRIA";"31901137";"GRATIFICACOES POR TEMPO DE SERVICO";"FOLHA DE PAGAMENTO";"379.28";"2023";"L";"12/01/2023";"0";"01/01/2023";"31/01/2023";"15"
"UNIDADE GESTÃO DE ASSISTÊNCIA E DESENVOLV. SOCIAL";"8";"ASSISTÊNCIA SOCIAL";"244";"ASSISTÊNCIA COMUNITÁRIA";"2023";"1177";"";"0";"0";"100012604";"FOLHA DE PAGAMENTO";"45780103000150";"";"0";"PROPRIA";"31901145";"FÉRIAS - ABONO CONSTITUICOES";"FOLHA DE PAGAMENTO";"1812.14";"2023";"L";"12/01/2023";"0";"01/01/2023";"31/01/2023";"15"
"UNIDADE GESTÃO DE ASSISTÊNCIA E DESENVOLV. SOCIAL";"8";"ASSISTÊNCIA SOCIAL";"244";"ASSISTÊNCIA COMUNITÁRIA";"2023";"1178";"";"0";"0";"100012604";"FOLHA DE PAGAMENTO";"45780103000150";"";"0";"PROPRIA";"31901146";"FÉRIAS - PAGAMENTO ANTECIPADO - RPPS";"FOLHA DE PAGAMENTO";"3365.44";"2023";"L";"12/01/2023";"0";"01/01/2023";"31/01/2023";"15"
"UNIDADE DE GESTÃO DES. ECON. CIÊNCIA E TECNOLOGIA";"11";"TRABALHO";"122";"ADMINISTRAÇÃO GERAL";"2023";"1179";"";"0";"0";"100012604";"FOLHA DE PAGAMENTO";"45780103000150";"";"0";"PROPRIA";"31901145";"FÉRIAS - ABONO CONSTITUICOES";"FOLHA DE PAGAMENTO";"4155.55";"2023";"L";"12/01/2023";"0";"01/01/2023";"31/01/2023";"16"
"UNIDADE DE GESTÃO DES. ECON. CIÊNCIA E TECNOLOGIA";"11";"TRABALHO";"122";"ADMINISTRAÇÃO GERAL";"2023";"1180";"";"0";"0";"100012604";"FOLHA DE PAGAMENTO";"45780103000150";"";"0";"PROPRIA";"31901146";"FÉRIAS - PAGAMENTO ANTECIPADO - RPPS";"FOLHA DE PAGAMENTO";"11638.28";"2023";"L";"12/01/2023";"0";"01/01/2023";"31/01/2023";"16"
"UNIDADE GESTÃO DE AGRONEGÓCIO. ABASTEC. E TURISMO";"20";"AGRICULTURA";"122";"ADMINISTRAÇÃO GERAL";"2023";"1181";"";"0";"0";"100012604";"FOLHA DE PAGAMENTO";"45780103000150";"";"0";"PROPRIA";"31901133";"GRATIFICACOES POR EXERCICIO DE  FUNCOES";"FOLHA DE PAGAMENTO";"1497.21";"2023";"L";"12/01/2023";"0";"01/01/2023";"31/01/2023";"17"
"UNIDADE GESTÃO DE AGRONEGÓCIO. ABASTEC. E TURISMO";"20";"AGRICULTURA";"122";"ADMINISTRAÇÃO GERAL";"2023";"1182";"";"0";"0";"100012604";"FOLHA DE PAGAMENTO";"45780103000150";"";"0";"PROPRIA";"31901137";"GRATIFICACOES POR TEMPO DE SERVICO";"FOLHA DE PAGAMENTO";"499.07";"2023";"L";"12/01/2023";"0";"01/01/2023";"31/01/2023";"17"
"UNIDADE GESTÃO DE AGRONEGÓCIO. ABASTEC. E TURISMO";"20";"AGRICULTURA";"122";"ADMINISTRAÇÃO GERAL";"2023";"1183";"";"0";"0";"100012604";"FOLHA DE PAGAMENTO";"45780103000150";"";"0";"PROPRIA";"31901145";"FÉRIAS - ABONO CONSTITUICOES";"FOLHA DE PAGAMENTO";"2328.99";"2023";"L";"12/01/2023";"0";"01/01/2023";"31/01/2023";"17"
"UNIDADE GESTÃO DE AGRONEGÓCIO. ABASTEC. E TURISMO";"20";"AGRICULTURA";"122";"ADMINISTRAÇÃO GERAL";"2023";"1184";"";"0";"0";"100012604";"FOLHA DE PAGAMENTO";"45780103000150";"";"0";"PROPRIA";"31901146";"FÉRIAS - PAGAMENTO ANTECIPADO - RPPS";"FOLHA DE PAGAMENTO";"4193";"2023";"L";"12/01/2023";"0";"01/01/2023";"31/01/2023";"17"
"UNIDADE DE GESTÃO DE SEGURANÇA MUNICIPAL";"6";"SEGURANÇA PÚBLICA";"122";"ADMINISTRAÇÃO GERAL";"2023";"1185";"";"0";"0";"100012604";"FOLHA DE PAGAMENTO";"45780103000150";"";"0";"PROPRIA";"31901104";"ADICIONAL NOTURNO";"FOLHA DE PAGAMENTO";"2030.2";"2023";"L";"12/01/2023";"0";"01/01/2023";"31/01/2023";"19"
"UNIDADE DE GESTÃO DE SEGURANÇA MUNICIPAL";"6";"SEGURANÇA PÚBLICA";"122";"ADMINISTRAÇÃO GERAL";"2023";"1186";"";"0";"0";"100012604";"FOLHA DE PAGAMENTO";"45780103000150";"";"0";"PROPRIA";"31901133";"GRATIFICACOES POR EXERCICIO DE  FUNCOES";"FOLHA DE PAGAMENTO";"19257.32";"2023";"L";"12/01/2023";"0";"01/01/2023";"31/01/2023";"19"
"UNIDADE DE GESTÃO DE SEGURANÇA MUNICIPAL";"6";"SEGURANÇA PÚBLICA";"122";"ADMINISTRAÇÃO GERAL";"2023";"1187";"";"0";"0";"100012604";"FOLHA DE PAGAMENTO";"45780103000150";"";"0";"PROPRIA";"31901137";"GRATIFICACOES POR TEMPO DE SERVICO";"FOLHA DE PAGAMENTO";"14544.29";"2023";"L";"12/01/2023";"0";"01/01/2023";"31/01/2023";"19"
"UNIDADE DE GESTÃO DE SEGURANÇA MUNICIPAL";"6";"SEGURANÇA PÚBLICA";"122";"ADMINISTRAÇÃO GERAL";"2023";"1188";"";"0";"0";"100012604";"FOLHA DE PAGAMENTO";"45780103000150";"";"0";"PROPRIA";"31901144";"FÉRIAS - ABONO PECUNIARIO";"FOLHA DE PAGAMENTO";"35204.92";"2023";"L";"12/01/2023";"0";"01/01/2023";"31/01/2023";"19"
"UNIDADE DE GESTÃO DE SEGURANÇA MUNICIPAL";"6";"SEGURANÇA PÚBLICA";"122";"ADMINISTRAÇÃO GERAL";"2023";"1189";"";"0";"0";"100012604";"FOLHA DE PAGAMENTO";"45780103000150";"";"0";"PROPRIA";"31901145";"FÉRIAS - ABONO CONSTITUICOES";"FOLHA DE PAGAMENTO";"36088.04";"2023";"L";"12/01/2023";"0";"01/01/2023";"31/01/2023";"19"
"UNIDADE DE GESTÃO DE SEGURANÇA MUNICIPAL";"6";"SEGURANÇA PÚBLICA";"122";"ADMINISTRAÇÃO GERAL";"2023";"1190";"";"0";"0";"100012604";"FOLHA DE PAGAMENTO";"45780103000150";"";"0";"PROPRIA";"31901146";"FÉRIAS - PAGAMENTO ANTECIPADO - RPPS";"FOLHA DE PAGAMENTO";"41502.69";"2023";"L";"12/01/2023";"0";"01/01/2023";"31/01/2023";"19"
"UNIDADE DE GESTÃO DE SEGURANÇA MUNICIPAL";"6";"SEGURANÇA PÚBLICA";"122";"ADMINISTRAÇÃO GERAL";"2023";"1191";"";"0";"0";"100012604";"FOLHA DE PAGAMENTO";"45780103000150";"";"0";"PROPRIA";"31901644";"SERVIÇOS EXTRAORDINÁRIOS";"FOLHA DE PAGAMENTO";"8241.28";"2023";"L";"12/01/2023";"0";"01/01/2023";"31/01/2023";"19"
"UNIDADE DE GESTÃO DE CULTURA";"13";"CULTURA";"122";"ADMINISTRAÇÃO GERAL";"2023";"1192";"";"0";"0";"100012604";"FOLHA DE PAGAMENTO";"45780103000150";"";"0";"PROPRIA";"31901145";"FÉRIAS - ABONO CONSTITUICOES";"FOLHA DE PAGAMENTO";"1128";"2023";"L";"12/01/2023";"0";"01/01/2023";"31/01/2023";"22"
"UNIDADE DE GESTÃO DE CULTURA";"13";"CULTURA";"122";"ADMINISTRAÇÃO GERAL";"2023";"1193";"";"0";"0";"100012604";"FOLHA DE PAGAMENTO";"45780103000150";"";"0";"PROPRIA";"31901146";"FÉRIAS - PAGAMENTO ANTECIPADO - RPPS";"FOLHA DE PAGAMENTO";"1721.89";"2023";"L";"12/01/2023";"0";"01/01/2023";"31/01/2023";"22"
"UNIDADE DE GESTÃO DE CULTURA";"13";"CULTURA";"122";"ADMINISTRAÇÃO GERAL";"2023";"1194";"";"0";"0";"100012604";"FOLHA DE PAGAMENTO";"45780103000150";"";"0";"PROPRIA";"31901644";"SERVIÇOS EXTRAORDINÁRIOS";"FOLHA DE PAGAMENTO";"107.58";"2023";"L";"12/01/2023";"0";"01/01/2023";"31/01/2023";"22"
"UNIDADE DE GESTÃO DE ESPORTE E LAZER";"27";"DESPORTO E LAZER";"812";"DESPORTO COMUNITÁRIO";"2023";"1195";"";"0";"0";"100012604";"FOLHA DE PAGAMENTO";"45780103000150";"";"0";"PROPRIA";"31901104";"ADICIONAL NOTURNO";"FOLHA DE PAGAMENTO";"32.34";"2023";"L";"12/01/2023";"0";"01/01/2023";"31/01/2023";"23"
"UNIDADE DE GESTÃO DE ESPORTE E LAZER";"27";"DESPORTO E LAZER";"812";"DESPORTO COMUNITÁRIO";"2023";"1196";"";"0";"0";"100012604";"FOLHA DE PAGAMENTO";"45780103000150";"";"0";"PROPRIA";"31901131";"GRATIFICACOES POR EXERCICIO DE  CARGO";"FOLHA DE PAGAMENTO";"3324.44";"2023";"L";"12/01/2023";"0";"01/01/2023";"31/01/2023";"23"
"UNIDADE DE GESTÃO DE ESPORTE E LAZER";"27";"DESPORTO E LAZER";"812";"DESPORTO COMUNITÁRIO";"2023";"1197";"";"0";"0";"100012604";"FOLHA DE PAGAMENTO";"45780103000150";"";"0";"PROPRIA";"31901133";"GRATIFICACOES POR EXERCICIO DE  FUNCOES";"FOLHA DE PAGAMENTO";"1520.81";"2023";"L";"12/01/2023";"0";"01/01/2023";"31/01/2023";"23"
"UNIDADE DE GESTÃO DE ESPORTE E LAZER";"27";"DESPORTO E LAZER";"812";"DESPORTO COMUNITÁRIO";"2023";"1198";"";"0";"0";"100012604";"FOLHA DE PAGAMENTO";"45780103000150";"";"0";"PROPRIA";"31901137";"GRATIFICACOES POR TEMPO DE SERVICO";"FOLHA DE PAGAMENTO";"11188.7";"2023";"L";"12/01/2023";"0";"01/01/2023";"31/01/2023";"23"
"UNIDADE DE GESTÃO DE ESPORTE E LAZER";"27";"DESPORTO E LAZER";"812";"DESPORTO COMUNITÁRIO";"2023";"1199";"";"0";"0";"100012604";"FOLHA DE PAGAMENTO";"45780103000150";"";"0";"PROPRIA";"31901144";"FÉRIAS - ABONO PECUNIARIO";"FOLHA DE PAGAMENTO";"38329.93";"2023";"L";"12/01/2023";"0";"01/01/2023";"31/01/2023";"23"
"UNIDADE DE GESTÃO DE ESPORTE E LAZER";"27";"DESPORTO E LAZER";"812";"DESPORTO COMUNITÁRIO";"2023";"1200";"";"0";"0";"100012604";"FOLHA DE PAGAMENTO";"45780103000150";"";"0";"PROPRIA";"31901145";"FÉRIAS - ABONO CONSTITUICOES";"FOLHA DE PAGAMENTO";"748.9";"2023";"L";"12/01/2023";"0";"01/01/2023";"31/01/2023";"23"
"UNIDADE DE GESTÃO DE ESPORTE E LAZER";"27";"DESPORTO E LAZER";"812";"DESPORTO COMUNITÁRIO";"2023";"1201";"";"0";"0";"100012604";"FOLHA DE PAGAMENTO";"45780103000150";"";"0";"PROPRIA";"31901145";"FÉRIAS - ABONO CONSTITUICOES";"FOLHA DE PAGAMENTO";"18650.85";"2023";"L";"12/01/2023";"0";"01/01/2023";"31/01/2023";"23"
"UNIDADE DE GESTÃO DE ESPORTE E LAZER";"27";"DESPORTO E LAZER";"812";"DESPORTO COMUNITÁRIO";"2023";"1202";"";"0";"0";"100012604";"FOLHA DE PAGAMENTO";"45780103000150";"";"0";"PROPRIA";"31901146";"FÉRIAS - PAGAMENTO ANTECIPADO - RPPS";"FOLHA DE PAGAMENTO";"1328.28";"2023";"L";"12/01/2023";"0";"01/01/2023";"31/01/2023";"23"
"UNIDADE DE GESTÃO DE ESPORTE E LAZER";"27";"DESPORTO E LAZER";"812";"DESPORTO COMUNITÁRIO";"2023";"1203";"";"0";"0";"100012604";"FOLHA DE PAGAMENTO";"45780103000150";"";"0";"PROPRIA";"31901146";"FÉRIAS - PAGAMENTO ANTECIPADO - RPPS";"FOLHA DE PAGAMENTO";"21786.53";"2023";"L";"12/01/2023";"0";"01/01/2023";"31/01/2023";"23"
"UNIDADE DE GESTÃO DE ESPORTE E LAZER";"27";"DESPORTO E LAZER";"812";"DESPORTO COMUNITÁRIO";"2023";"1204";"";"0";"0";"100012604";"FOLHA DE PAGAMENTO";"45780103000150";"";"0";"PROPRIA";"31901632";"SUBSTITUIÇÕES  RPPS";"FOLHA DE PAGAMENTO";"2761.68";"2023";"L";"12/01/2023";"0";"01/01/2023";"31/01/2023";"23"
"UNIDADE DE GESTÃO DE ESPORTE E LAZER";"27";"DESPORTO E LAZER";"812";"DESPORTO COMUNITÁRIO";"2023";"1205";"";"0";"0";"100012604";"FOLHA DE PAGAMENTO";"45780103000150";"";"0";"PROPRIA";"31901644";"SERVIÇOS EXTRAORDINÁRIOS";"FOLHA DE PAGAMENTO";"537.73";"2023";"L";"12/01/2023";"0";"01/01/2023";"31/01/2023";"23"
"UNIDADE DE GESTÃO DE MOBILIDADE E TRANSPORTE";"15";"URBANISMO";"451";"INFRA-ESTRUTURA URBANA";"2023";"1222";"2021";"253";"14";"100001377";"J.V.ARTTI COM. E RECUPERAD.PNEUS LTDA-ME";"02784513000166";"PREGÃO ELETRÔNICO";"0";"PROPRIA";"33903919";"MANUTENCAO E CONSERVACAO DE VEICULOS";"BALANCEAMENTO DE RODAS EM VEICULOS LEVES";"200";"2023";"L";"23/01/2023";"0";"01/01/2023";"31/01/2023";"12"
"UNIDADE DE GESTÃO DE MOBILIDADE E TRANSPORTE";"15";"URBANISMO";"451";"INFRA-ESTRUTURA URBANA";"2023";"1222";"2021";"253";"14";"100001377";"J.V.ARTTI COM. E RECUPERAD.PNEUS LTDA-ME";"02784513000166";"PREGÃO ELETRÔNICO";"0";"PROPRIA";"33903919";"MANUTENCAO E CONSERVACAO DE VEICULOS";"CAMBAGEM EM VEICULOS LEVES";"452";"2023";"L";"23/01/2023";"0";"01/01/2023";"31/01/2023";"12"
"UNIDADE DE GESTÃO DE MOBILIDADE E TRANSPORTE";"15";"URBANISMO";"451";"INFRA-ESTRUTURA URBANA";"2023";"1222";"2021";"253";"14";"100001377";"J.V.ARTTI COM. E RECUPERAD.PNEUS LTDA-ME";"02784513000166";"PREGÃO ELETRÔNICO";"0";"PROPRIA";"33903919";"MANUTENCAO E CONSERVACAO DE VEICULOS";"ALINHAMENTO DE DIRECAO EM VEICULOS PESADOS";"270";"2023";"L";"23/01/2023";"0";"01/01/2023";"31/01/2023";"12"
"UNIDADE DE GESTÃO DE MOBILIDADE E TRANSPORTE";"15";"URBANISMO";"451";"INFRA-ESTRUTURA URBANA";"2023";"1222";"2021";"253";"14";"100001377";"J.V.ARTTI COM. E RECUPERAD.PNEUS LTDA-ME";"02784513000166";"PREGÃO ELETRÔNICO";"0";"PROPRIA";"33903919";"MANUTENCAO E CONSERVACAO DE VEICULOS";"BALANCEAMENTO DE RODAS EM VEICULOS PESADOS";"204";"2023";"L";"23/01/2023";"0";"01/01/2023";"31/01/2023";"12"
"UNIDADE DE GESTÃO DE MOBILIDADE E TRANSPORTE";"15";"URBANISMO";"451";"INFRA-ESTRUTURA URBANA";"2023";"1222";"2021";"253";"14";"100001377";"J.V.ARTTI COM. E RECUPERAD.PNEUS LTDA-ME";"02784513000166";"PREGÃO ELETRÔNICO";"0";"PROPRIA";"33903919";"MANUTENCAO E CONSERVACAO DE VEICULOS";"MONTAGEM DE PNEUS-VEICULO PESADO";"82";"2023";"L";"23/01/2023";"0";"01/01/2023";"31/01/2023";"12"
"UNIDADE DE GESTÃO DE MOBILIDADE E TRANSPORTE";"15";"URBANISMO";"451";"INFRA-ESTRUTURA URBANA";"2023";"1222";"2021";"253";"14";"100001377";"J.V.ARTTI COM. E RECUPERAD.PNEUS LTDA-ME";"02784513000166";"PREGÃO ELETRÔNICO";"0";"PROPRIA";"33903919";"MANUTENCAO E CONSERVACAO DE VEICULOS";"MONTAGEM DE PNEUS-VEICULO LEVE";"72";"2023";"L";"23/01/2023";"0";"01/01/2023";"31/01/2023";"12"
"UNIDADE DE GESTÃO DE MOBILIDADE E TRANSPORTE";"15";"URBANISMO";"451";"INFRA-ESTRUTURA URBANA";"2023";"1222";"2021";"253";"14";"100001377";"J.V.ARTTI COM. E RECUPERAD.PNEUS LTDA-ME";"02784513000166";"PREGÃO ELETRÔNICO";"0";"PROPRIA";"33903919";"MANUTENCAO E CONSERVACAO DE VEICULOS";"MONTAGEM DE PNEUS-VEICULO PESADO";"164";"2023";"L";"23/01/2023";"0";"01/01/2023";"31/01/2023";"12"
"UNIDADE DE GESTÃO DE MOBILIDADE E TRANSPORTE";"15";"URBANISMO";"451";"INFRA-ESTRUTURA URBANA";"2023";"1222";"2021";"253";"14";"100001377";"J.V.ARTTI COM. E RECUPERAD.PNEUS LTDA-ME";"02784513000166";"PREGÃO ELETRÔNICO";"0";"PROPRIA";"33903919";"MANUTENCAO E CONSERVACAO DE VEICULOS";"ALINHAMENTO DE DIRECAO EM VEICULOS LEVES";"172";"2023";"L";"23/01/2023";"0";"01/01/2023";"31/01/2023";"12"
"UNIDADE DE GESTÃO DE MOBILIDADE E TRANSPORTE";"15";"URBANISMO";"451";"INFRA-ESTRUTURA URBANA";"2023";"1222";"2021";"253";"14";"100001377";"J.V.ARTTI COM. E RECUPERAD.PNEUS LTDA-ME";"02784513000166";"PREGÃO ELETRÔNICO";"0";"PROPRIA";"33903919";"MANUTENCAO E CONSERVACAO DE VEICULOS";"CAMBAGEM EM VEICULOS PESADOS";"680";"2023";"L";"23/01/2023";"0";"01/01/2023";"31/01/2023";"12"
"UNIDADE DE GESTÃO DE MOBILIDADE E TRANSPORTE";"15";"URBANISMO";"451";"INFRA-ESTRUTURA URBANA";"2023";"1222";"2021";"253";"14";"100001377";"J.V.ARTTI COM. E RECUPERAD.PNEUS LTDA-ME";"02784513000166";"PREGÃO ELETRÔNICO";"0";"PROPRIA";"33903919";"MANUTENCAO E CONSERVACAO DE VEICULOS";"ALINHAMENTO DE DIRECAO EM VEICULOS PESADOS";"135";"2023";"L";"23/01/2023";"0";"01/01/2023";"31/01/2023";"12"
"UNIDADE DE GESTÃO DE MOBILIDADE E TRANSPORTE";"15";"URBANISMO";"451";"INFRA-ESTRUTURA URBANA";"2023";"1222";"2021";"253";"14";"100001377";"J.V.ARTTI COM. E RECUPERAD.PNEUS LTDA-ME";"02784513000166";"PREGÃO ELETRÔNICO";"0";"PROPRIA";"33903919";"MANUTENCAO E CONSERVACAO DE VEICULOS";"MONTAGEM DE PNEUS-VEICULO LEVE";"144";"2023";"L";"23/01/2023";"0";"01/01/2023";"31/01/2023";"12"
"UNIDADE DE GESTÃO DE MOBILIDADE E TRANSPORTE";"15";"URBANISMO";"451";"INFRA-ESTRUTURA URBANA";"2023";"1222";"2021";"253";"14";"100001377";"J.V.ARTTI COM. E RECUPERAD.PNEUS LTDA-ME";"02784513000166";"PREGÃO ELETRÔNICO";"0";"PROPRIA";"33903919";"MANUTENCAO E CONSERVACAO DE VEICULOS";"BALANCEAMENTO DE RODAS EM VEICULOS LEVES";"100";"2023";"L";"23/01/2023";"0";"01/01/2023";"31/01/2023";"12"
"UNIDADE DE GESTÃO DE MOBILIDADE E TRANSPORTE";"15";"URBANISMO";"451";"INFRA-ESTRUTURA URBANA";"2023";"1222";"2021";"253";"14";"100001377";"J.V.ARTTI COM. E RECUPERAD.PNEUS LTDA-ME";"02784513000166";"PREGÃO ELETRÔNICO";"0";"PROPRIA";"33903919";"MANUTENCAO E CONSERVACAO DE VEICULOS";"BALANCEAMENTO DE RODAS EM VEICULOS LEVES";"100";"2023";"L";"23/01/2023";"0";"01/01/2023";"31/01/2023";"12"
"UNIDADE DE GESTÃO DE MOBILIDADE E TRANSPORTE";"15";"URBANISMO";"451";"INFRA-ESTRUTURA URBANA";"2023";"1222";"2021";"253";"14";"100001377";"J.V.ARTTI COM. E RECUPERAD.PNEUS LTDA-ME";"02784513000166";"PREGÃO ELETRÔNICO";"0";"PROPRIA";"33903919";"MANUTENCAO E CONSERVACAO DE VEICULOS";"ALINHAMENTO DE DIRECAO EM VEICULOS LEVES";"86";"2023";"L";"23/01/2023";"0";"01/01/2023";"31/01/2023";"12"
"UNIDADE DE GESTÃO DE MOBILIDADE E TRANSPORTE";"15";"URBANISMO";"451";"INFRA-ESTRUTURA URBANA";"2023";"1222";"2021";"253";"14";"100001377";"J.V.ARTTI COM. E RECUPERAD.PNEUS LTDA-ME";"02784513000166";"PREGÃO ELETRÔNICO";"0";"PROPRIA";"33903919";"MANUTENCAO E CONSERVACAO DE VEICULOS";"ALINHAMENTO DE DIRECAO EM VEICULOS LEVES";"86";"2023";"L";"23/01/2023";"0";"01/01/2023";"31/01/2023";"12"
"UNIDADE DE GESTÃO DE MOBILIDADE E TRANSPORTE";"15";"URBANISMO";"451";"INFRA-ESTRUTURA URBANA";"2023";"1222";"2021";"253";"14";"100001377";"J.V.ARTTI COM. E RECUPERAD.PNEUS LTDA-ME";"02784513000166";"PREGÃO ELETRÔNICO";"0";"PROPRIA";"33903919";"MANUTENCAO E CONSERVACAO DE VEICULOS";"BALANCEAMENTO DE RODAS EM VEICULOS PESADOS";"102";"2023";"L";"23/01/2023";"0";"01/01/2023";"31/01/2023";"12"
"UNIDADE DE GESTÃO DE MOBILIDADE E TRANSPORTE";"15";"URBANISMO";"451";"INFRA-ESTRUTURA URBANA";"2023";"1222";"2021";"253";"14";"100001377";"J.V.ARTTI COM. E RECUPERAD.PNEUS LTDA-ME";"02784513000166";"PREGÃO ELETRÔNICO";"0";"PROPRIA";"33903919";"MANUTENCAO E CONSERVACAO DE VEICULOS";"CAMBAGEM EM VEICULOS LEVES";"226";"2023";"L";"23/01/2023";"0";"01/01/2023";"31/01/2023";"12"
"UNIDADE DE GESTÃO DE MOBILIDADE E TRANSPORTE";"15";"URBANISMO";"451";"INFRA-ESTRUTURA URBANA";"2023";"1222";"2021";"253";"14";"100001377";"J.V.ARTTI COM. E RECUPERAD.PNEUS LTDA-ME";"02784513000166";"PREGÃO ELETRÔNICO";"0";"PROPRIA";"33903919";"MANUTENCAO E CONSERVACAO DE VEICULOS";"CAMBAGEM EM VEICULOS PESADOS";"340";"2023";"L";"23/01/2023";"0";"01/01/2023";"31/01/2023";"12"
"UNIDADE DE GESTÃO DE MOBILIDADE E TRANSPORTE";"15";"URBANISMO";"451";"INFRA-ESTRUTURA URBANA";"2023";"1222";"2021";"253";"14";"100001377";"J.V.ARTTI COM. E RECUPERAD.PNEUS LTDA-ME";"02784513000166";"PREGÃO ELETRÔNICO";"0";"PROPRIA";"33903919";"MANUTENCAO E CONSERVACAO DE VEICULOS";"MONTAGEM DE PNEUS-VEICULO LEVE";"36";"2023";"L";"23/01/2023";"0";"01/01/2023";"31/01/2023";"12"
"UNIDADE DE GESTÃO DE MOBILIDADE E TRANSPORTE";"15";"URBANISMO";"451";"INFRA-ESTRUTURA URBANA";"2023";"1222";"2021";"253";"14";"100001377";"J.V.ARTTI COM. E RECUPERAD.PNEUS LTDA-ME";"02784513000166";"PREGÃO ELETRÔNICO";"0";"PROPRIA";"33903919";"MANUTENCAO E CONSERVACAO DE VEICULOS";"CAMBAGEM EM VEICULOS LEVES";"226";"2023";"L";"23/01/2023";"0";"01/01/2023";"31/01/2023";"12"
"UNIDADE DE GESTÃO DE MOBILIDADE E TRANSPORTE";"15";"URBANISMO";"451";"INFRA-ESTRUTURA URBANA";"2023";"1222";"2021";"253";"14";"100001377";"J.V.ARTTI COM. E RECUPERAD.PNEUS LTDA-ME";"02784513000166";"PREGÃO ELETRÔNICO";"0";"PROPRIA";"33903919";"MANUTENCAO E CONSERVACAO DE VEICULOS";"MONTAGEM DE PNEUS-VEICULO PESADO";"82";"2023";"L";"25/01/2023";"0";"01/01/2023";"31/01/2023";"12"
"UNIDADE DE GESTÃO DE MOBILIDADE E TRANSPORTE";"15";"URBANISMO";"451";"INFRA-ESTRUTURA URBANA";"2023";"1222";"2021";"253";"14";"100001377";"J.V.ARTTI COM. E RECUPERAD.PNEUS LTDA-ME";"02784513000166";"PREGÃO ELETRÔNICO";"0";"PROPRIA";"33903919";"MANUTENCAO E CONSERVACAO DE VEICULOS";"BALANCEAMENTO DE RODAS EM VEICULOS LEVES";"200";"2023";"L";"25/01/2023";"0";"01/01/2023";"31/01/2023";"12"
"UNIDADE DE GESTÃO DE MOBILIDADE E TRANSPORTE";"15";"URBANISMO";"451";"INFRA-ESTRUTURA URBANA";"2023";"1222";"2021";"253";"14";"100001377";"J.V.ARTTI COM. E RECUPERAD.PNEUS LTDA-ME";"02784513000166";"PREGÃO ELETRÔNICO";"0";"PROPRIA";"33903919";"MANUTENCAO E CONSERVACAO DE VEICULOS";"BALANCEAMENTO DE RODAS EM VEICULOS PESADOS";"102";"2023";"L";"25/01/2023";"0";"01/01/2023";"31/01/2023";"12"
"UNIDADE DE GESTÃO DE MOBILIDADE E TRANSPORTE";"15";"URBANISMO";"451";"INFRA-ESTRUTURA URBANA";"2023";"1222";"2021";"253";"14";"100001377";"J.V.ARTTI COM. E RECUPERAD.PNEUS LTDA-ME";"02784513000166";"PREGÃO ELETRÔNICO";"0";"PROPRIA";"33903919";"MANUTENCAO E CONSERVACAO DE VEICULOS";"CAMBAGEM EM VEICULOS LEVES";"452";"2023";"L";"25/01/2023";"0";"01/01/2023";"31/01/2023";"12"
"UNIDADE DE GESTÃO DE MOBILIDADE E TRANSPORTE";"15";"URBANISMO";"451";"INFRA-ESTRUTURA URBANA";"2023";"1222";"2021";"253";"14";"100001377";"J.V.ARTTI COM. E RECUPERAD.PNEUS LTDA-ME";"02784513000166";"PREGÃO ELETRÔNICO";"0";"PROPRIA";"33903919";"MANUTENCAO E CONSERVACAO DE VEICULOS";"ALINHAMENTO DE DIRECAO EM VEICULOS PESADOS";"135";"2023";"L";"25/01/2023";"0";"01/01/2023";"31/01/2023";"12"
"UNIDADE DE GESTÃO DE MOBILIDADE E TRANSPORTE";"15";"URBANISMO";"451";"INFRA-ESTRUTURA URBANA";"2023";"1222";"2021";"253";"14";"100001377";"J.V.ARTTI COM. E RECUPERAD.PNEUS LTDA-ME";"02784513000166";"PREGÃO ELETRÔNICO";"0";"PROPRIA";"33903919";"MANUTENCAO E CONSERVACAO DE VEICULOS";"MONTAGEM DE PNEUS-VEICULO LEVE";"144";"2023";"L";"25/01/2023";"0";"01/01/2023";"31/01/2023";"12"
"UNIDADE DE GESTÃO DE MOBILIDADE E TRANSPORTE";"15";"URBANISMO";"451";"INFRA-ESTRUTURA URBANA";"2023";"1222";"2021";"253";"14";"100001377";"J.V.ARTTI COM. E RECUPERAD.PNEUS LTDA-ME";"02784513000166";"PREGÃO ELETRÔNICO";"0";"PROPRIA";"33903919";"MANUTENCAO E CONSERVACAO DE VEICULOS";"ALINHAMENTO DE DIRECAO EM VEICULOS LEVES";"172";"2023";"L";"25/01/2023";"0";"01/01/2023";"31/01/2023";"12"
"UNIDADE DE GESTÃO DE MOBILIDADE E TRANSPORTE";"15";"URBANISMO";"451";"INFRA-ESTRUTURA URBANA";"2023";"1222";"2021";"253";"14";"100001377";"J.V.ARTTI COM. E RECUPERAD.PNEUS LTDA-ME";"02784513000166";"PREGÃO ELETRÔNICO";"0";"PROPRIA";"33903919";"MANUTENCAO E CONSERVACAO DE VEICULOS";"CAMBAGEM EM VEICULOS PESADOS";"340";"2023";"L";"25/01/2023";"0";"01/01/2023";"31/01/2023";"12"
"UNIDADE DE GESTÃO DE INFRAEST. E SERVIÇOS PÚBLICOS";"15";"URBANISMO";"452";"SERVIÇOS URBANOS";"2023";"1226";"2021";"201";"14";"100029269";"AVANTY TRANSPORTES E LOCACOES LTDA EPP";"17927338000196";"PREGÃO ELETRÔNICO";"0";"PROPRIA";"33903914";"LOCACAO BENS MOVEIS DE OUTRAS NATUREZAS E INTANGIV";"LOCACAO DE VEICULOS LEVES MODELO HATCH";"75834";"2023";"L";"25/01/2023";"0";"01/01/2023";"31/01/2023";"10"
"UNIDADE DE GESTÃO DES. ECON. CIÊNCIA E TECNOLOGIA";"4";"ADMINISTRAÇÃO";"122";"ADMINISTRAÇÃO GERAL";"2023";"1230";"";"0";"0";"100046987";"PMJ-GABRIELA DE SOUZA GACHET";"38918278810";"";"0";"PROPRIA";"33903099";"OUTROS MATERIAIS DE CONSUMO";"ADIANTAMENTOS(SERVIDORES).";"300";"2023";"L";"12/01/2023";"0";"01/01/2023";"31/01/2023";"16"
"UNIDADE DE GESTÃO DES. ECON. CIÊNCIA E TECNOLOGIA";"4";"ADMINISTRAÇÃO";"122";"ADMINISTRAÇÃO GERAL";"2023";"1231";"";"0";"0";"100046987";"PMJ-GABRIELA DE SOUZA GACHET";"38918278810";"";"0";"PROPRIA";"33903999";"OUTROS SERVICOS DE TERCEIROS - PESSOA JURIDICA";"ADIANTAMENTOS(SERVIDORES).";"800";"2023";"L";"12/01/2023";"0";"01/01/2023";"31/01/2023";"16"
"UNIDADE DE GESTÃO DE MOBILIDADE E TRANSPORTE";"15";"URBANISMO";"451";"INFRA-ESTRUTURA URBANA";"2023";"1233";"2018";"14";"7";"100000206";"ARCO IRIS SINALIZACAO VIARIA EIRELI";"74434911000163";"CONCORRENCIA(LEI 8666-93)";"5403";"FUNDO MUNICIPAL DE TRANSITO - MULTAS";"33903905";"SERVICOS TECNICOS PROFISSIONAIS";"SERVICO DE ENGENHARIA DE TRAFEGO MONITORAMENTO DE VELOCIDADE";"492533.33";"2023";"L";"26/01/2023";"0";"01/01/2023";"31/01/2023";"12"
"UNIDADE DE GESTÃO DE CULTURA";"4";"ADMINISTRAÇÃO";"122";"ADMINISTRAÇÃO GERAL";"2023";"1243";"2019";"48";"2";"100019433";"A.TELECAMP COM. DE EQUIPS. DE TELEFONIA LTDA EPP";"58672171000147";"CONVITE";"0";"PROPRIA";"33903912";"LOCACAO DE MAQUINAS E EQUIPAMENTOS";"LOCACAO DE SISTEMA DE TELEFONIA";"358";"2023";"L";"24/01/2023";"0";"01/01/2023";"31/01/2023";"22"
"UNIDADE DE GESTÃO DE PROMOÇÃO DA SAÚDE";"10";"SAÚDE";"302";"ASSISTÊNCIA HOSPITALAR E AMBULATORIAL";"2023";"1261";"";"0";"0";"100032328";"EDILAINE CRISTINA MENDES";"09496867863";"";"0";"PROPRIA";"33909302";"RESTITUICOES";"INDENIZACOES E/OU RESSARCIMENTOS(P. FISICA).";"25";"2023";"L";"13/01/2023";"0";"01/01/2023";"31/01/2023";"14"
"UNIDADE GESTÃO DE ASSISTÊNCIA E DESENVOLV. SOCIAL";"8";"ASSISTÊNCIA SOCIAL";"244";"ASSISTÊNCIA COMUNITÁRIA";"2023";"1262";"";"0";"0";"100001021";"CASA SANTA MARTA";"02818105000188";"";"0";"PROPRIA";"33503901";"TERMO DE COLABORAÇÃO";"CONVENIO MROSC - LEI 13019/2014 - MARCO REGUL.ORG.SOC.CIVIL";"175000";"2023";"L";"19/01/2023";"0";"01/01/2023";"31/01/2023";"15"
"UNIDADE GESTÃO DE ASSISTÊNCIA E DESENVOLV. SOCIAL";"8";"ASSISTÊNCIA SOCIAL";"244";"ASSISTÊNCIA COMUNITÁRIA";"2023";"1262";"";"0";"0";"100001021";"CASA SANTA MARTA";"02818105000188";"";"0";"PROPRIA";"33503901";"TERMO DE COLABORAÇÃO";"CONVENIO MROSC - LEI 13019/2014 - MARCO REGUL.ORG.SOC.CIVIL";"175000";"2023";"L";"31/01/2023";"0";"01/01/2023";"31/01/2023";"15"
"UNIDADE DE GESTÃO DE PROMOÇÃO DA SAÚDE";"10";"SAÚDE";"301";"ATENÇÃO BÁSICA";"2023";"1264";"";"0";"0";"4000055";"FUNDO DE GARANTIA POR TEMPO DE SERVICO";"00360305000104";"";"0";"PROPRIA";"31901301";"FGTS";"FOLHA DE PAGAMENTO";"13.14";"2023";"L";"12/01/2023";"0";"01/01/2023";"31/01/2023";"14"
"UNIDADE DE GESTÃO DE INFRAEST. E SERVIÇOS PÚBLICOS";"15";"URBANISMO";"452";"SERVIÇOS URBANOS";"2023";"1268";"2022";"475";"14";"100041791";"ATENAS COMERCIO ATACADISTA LTDA EPP";"30455305000159";"PREGÃO ELETRÔNICO";"0";"PROPRIA";"33903024";"MATERIAL PARA MANUTENCAO DE BENS IMOVEIS";"CIMENTO PORTLAND CP II F 32 SACO 50 KG";"9520";"2023";"L";"23/01/2023";"0";"01/01/2023";"31/01/2023";"10"
"UNIDADE DE GESTÃO DE INFRAEST. E SERVIÇOS PÚBLICOS";"15";"URBANISMO";"122";"ADMINISTRAÇÃO GERAL";"2023";"1270";"";"0";"0";"100012604";"FOLHA DE PAGAMENTO";"45780103000150";"";"0";"PROPRIA";"31901101";"VENCIMENTO E SALARIOS";"FOLHA DE PAGAMENTO";"124.92";"2023";"L";"12/01/2023";"0";"01/01/2023";"31/01/2023";"10"
"UNIDADE DE GESTÃO DE INFRAEST. E SERVIÇOS PÚBLICOS";"15";"URBANISMO";"122";"ADMINISTRAÇÃO GERAL";"2023";"1271";"";"0";"0";"100012604";"FOLHA DE PAGAMENTO";"45780103000150";"";"0";"PROPRIA";"31901142";"FÉRIAS INDENIZADAS";"FOLHA DE PAGAMENTO";"8986.83";"2023";"L";"12/01/2023";"0";"01/01/2023";"31/01/2023";"10"
"UNIDADE DE GESTÃO DE INFRAEST. E SERVIÇOS PÚBLICOS";"15";"URBANISMO";"122";"ADMINISTRAÇÃO GERAL";"2023";"1272";"";"0";"0";"4016168";"I.N.S.S -INST.NACIONAL DE SEGURO SOCIAL";"29979036000140";"";"0";"PROPRIA";"31901302";"CONTRIBUICOES PREVIDENCIARIAS - INSS";"FOLHA DE PAGAMENTO";"251.63";"2023";"L";"12/01/2023";"0";"01/01/2023";"31/01/2023";"10"
"UNIDADE DE GESTÃO DE CULTURA";"13";"CULTURA";"392";"DIFUSÃO CULTURAL";"2023";"1273";"2022";"6";"11";"100044802";"BRUNA DOMINICCI BRITO OLIVEIRA";"42333235000145";"CONCURSO";"0";"PROPRIA";"33903923";"FESTIVIDADES E HOMENAGENS";"SHOW MUSICAL";"2000";"2023";"L";"24/01/2023";"0";"01/01/2023";"31/01/2023";"22"
"UNIDADE DE GESTÃO DE CULTURA";"13";"CULTURA";"392";"DIFUSÃO CULTURAL";"2023";"1275";"2022";"6";"11";"100046306";"MELISSA FERNANDA DE OLIVEIRA SOUZA";"26611234000169";"CONCURSO";"0";"PROPRIA";"33903999";"OUTROS SERVICOS DE TERCEIROS - PESSOA JURIDICA";"SHOW ARTISTICO";"400";"2023";"L";"19/01/2023";"0";"01/01/2023";"31/01/2023";"22"
"UNIDADE DE GESTÃO DE CULTURA";"13";"CULTURA";"392";"DIFUSÃO CULTURAL";"2023";"1276";"2022";"6";"11";"100034371";"ACADEMIA DE DANCA DANCE COMPANY LTDA ME";"10710167000108";"CONCURSO";"0";"PROPRIA";"33903999";"OUTROS SERVICOS DE TERCEIROS - PESSOA JURIDICA";"SHOW ARTISTICO";"1200";"2023";"L";"26/01/2023";"0";"01/01/2023";"31/01/2023";"22"
"UNIDADE DE GESTÃO DE CULTURA";"13";"CULTURA";"392";"DIFUSÃO CULTURAL";"2023";"1277";"2022";"6";"11";"100034371";"ACADEMIA DE DANCA DANCE COMPANY LTDA ME";"10710167000108";"CONCURSO";"0";"PROPRIA";"33903999";"OUTROS SERVICOS DE TERCEIROS - PESSOA JURIDICA";"SHOW ARTISTICO";"1200";"2023";"L";"26/01/2023";"0";"01/01/2023";"31/01/2023";"22"
"UNIDADE DE GESTÃO DE CULTURA";"13";"CULTURA";"392";"DIFUSÃO CULTURAL";"2023";"1281";"2023";"60";"1";"100041379";"35.732.264 MATHEUS FERREIRA DE LIMA ME";"35732264000114";"COMPRA DIRETA";"0";"PROPRIA";"33903999";"OUTROS SERVICOS DE TERCEIROS - PESSOA JURIDICA";"SHOW ARTISTICO";"1600";"2023";"L";"20/01/2023";"0";"01/01/2023";"31/01/2023";"22"
"UNIDADE DE GESTÃO DE PROMOÇÃO DA SAÚDE";"10";"SAÚDE";"302";"ASSISTÊNCIA HOSPITALAR E AMBULATORIAL";"2023";"1282";"";"0";"0";"100049125";"DIEGO THOMAS BERNARDES";"01368487610";"";"0";"PROPRIA";"33909302";"RESTITUICOES";"INDENIZACOES E/OU RESSARCIMENTOS(P. FISICA).";"400";"2023";"L";"13/01/2023";"0";"01/01/2023";"31/01/2023";"14"
"UNIDADE DE GESTÃO DE GOVERNO E FINANÇAS";"28";"ENCARGOS ESPECIAIS";"846";"OUTROS ENCARGOS ESPECIAIS";"2023";"1283";"";"0";"0";"100049126";"JOSE CALIL NASSUR";"01667757890";"";"0";"PROPRIA";"33909302";"RESTITUICOES";"INDENIZACOES E/OU RESSARCIMENTOS(P. FISICA).";"572.45";"2023";"L";"27/01/2023";"0";"01/01/2023";"31/01/2023";"8"
"UNIDADE DE GESTÃO DE GOVERNO E FINANÇAS";"28";"ENCARGOS ESPECIAIS";"846";"OUTROS ENCARGOS ESPECIAIS";"2023";"1284";"";"0";"0";"100049129";"AGNALDO DE MORAES";"04049057816";"";"0";"PROPRIA";"33909302";"RESTITUICOES";"INDENIZACOES E/OU RESSARCIMENTOS(P. FISICA).";"744.67";"2023";"L";"26/01/2023";"0";"01/01/2023";"31/01/2023";"8"
"UNIDADE GESTÃO DE ASSISTÊNCIA E DESENVOLV. SOCIAL";"8";"ASSISTÊNCIA SOCIAL";"244";"ASSISTÊNCIA COMUNITÁRIA";"2023";"1291";"";"0";"0";"100033697";"ASSOCIAÇÃO ALMATER";"15670588000168";"";"0";"PROPRIA";"33503901";"TERMO DE COLABORAÇÃO";"CONVENIO MROSC - LEI 13019/2014 - MARCO REGUL.ORG.SOC.CIVIL";"2165.6";"2023";"L";"19/01/2023";"0";"01/01/2023";"31/01/2023";"15"
"UNIDADE GESTÃO DE ASSISTÊNCIA E DESENVOLV. SOCIAL";"8";"ASSISTÊNCIA SOCIAL";"244";"ASSISTÊNCIA COMUNITÁRIA";"2023";"1291";"";"0";"0";"100033697";"ASSOCIAÇÃO ALMATER";"15670588000168";"";"0";"PROPRIA";"33503901";"TERMO DE COLABORAÇÃO";"CONVENIO MROSC - LEI 13019/2014 - MARCO REGUL.ORG.SOC.CIVIL";"2165.6";"2023";"L";"31/01/2023";"0";"01/01/2023";"31/01/2023";"15"
"UNIDADE GESTÃO DE ASSISTÊNCIA E DESENVOLV. SOCIAL";"8";"ASSISTÊNCIA SOCIAL";"244";"ASSISTÊNCIA COMUNITÁRIA";"2023";"1292";"";"0";"0";"100011787";"ACOLHIMENTO BOM PASTOR";"04115907000157";"";"0";"PROPRIA";"33503901";"TERMO DE COLABORAÇÃO";"CONVENIO MROSC - LEI 13019/2014 - MARCO REGUL.ORG.SOC.CIVIL";"13587.51";"2023";"L";"19/01/2023";"0";"01/01/2023";"31/01/2023";"15"
"UNIDADE GESTÃO DE ASSISTÊNCIA E DESENVOLV. SOCIAL";"8";"ASSISTÊNCIA SOCIAL";"244";"ASSISTÊNCIA COMUNITÁRIA";"2023";"1292";"";"0";"0";"100011787";"ACOLHIMENTO BOM PASTOR";"04115907000157";"";"0";"PROPRIA";"33503901";"TERMO DE COLABORAÇÃO";"CONVENIO MROSC - LEI 13019/2014 - MARCO REGUL.ORG.SOC.CIVIL";"13587.45";"2023";"L";"31/01/2023";"0";"01/01/2023";"31/01/2023";"15"
"UNIDADE DE GESTÃO DE GOVERNO E FINANÇAS";"28";"ENCARGOS ESPECIAIS";"846";"OUTROS ENCARGOS ESPECIAIS";"2023";"1294";"";"0";"0";"100043065";"FELIPE MARTINS PEREIRA";"31933258802";"";"0";"PROPRIA";"33909115";"SENTENÇAS JUDICIAIS DE PEQUENO VALOR";"DESPESAS OBRIGATORIAS E/OU JUDICIAIS(P. FISICAS).";"1088.42";"2023";"L";"16/01/2023";"0";"01/01/2023";"31/01/2023";"8"
"UNIDADE DE GESTÃO DE GOVERNO E FINANÇAS";"28";"ENCARGOS ESPECIAIS";"846";"OUTROS ENCARGOS ESPECIAIS";"2023";"1295";"";"0";"0";"100049130";"ARTHUR LUAN VERZA";"59264015850";"";"0";"PROPRIA";"33909115";"SENTENÇAS JUDICIAIS DE PEQUENO VALOR";"DESPESAS OBRIGATORIAS E/OU JUDICIAIS(P. FISICAS).";"1338.79";"2023";"L";"16/01/2023";"0";"01/01/2023";"31/01/2023";"8"
"UNIDADE DE GESTÃO DE GOVERNO E FINANÇAS";"28";"ENCARGOS ESPECIAIS";"846";"OUTROS ENCARGOS ESPECIAIS";"2023";"1296";"";"0";"0";"100034023";"PAULECIR BLANCO";"36146584819";"";"0";"PROPRIA";"33909115";"SENTENÇAS JUDICIAIS DE PEQUENO VALOR";"DESPESAS OBRIGATORIAS E/OU JUDICIAIS(P. FISICAS).";"1276.61";"2023";"L";"16/01/2023";"0";"01/01/2023";"31/01/2023";"8"
"UNIDADE DE GESTÃO DE GOVERNO E FINANÇAS";"28";"ENCARGOS ESPECIAIS";"846";"OUTROS ENCARGOS ESPECIAIS";"2023";"1297";"";"0";"0";"100034023";"PAULECIR BLANCO";"36146584819";"";"0";"PROPRIA";"33909115";"SENTENÇAS JUDICIAIS DE PEQUENO VALOR";"DESPESAS OBRIGATORIAS E/OU JUDICIAIS(P. FISICAS).";"1295.68";"2023";"L";"16/01/2023";"0";"01/01/2023";"31/01/2023";"8"
"UNIDADE DE GESTÃO DE GOVERNO E FINANÇAS";"28";"ENCARGOS ESPECIAIS";"846";"OUTROS ENCARGOS ESPECIAIS";"2023";"1298";"";"0";"0";"100034023";"PAULECIR BLANCO";"36146584819";"";"0";"PROPRIA";"33909115";"SENTENÇAS JUDICIAIS DE PEQUENO VALOR";"DESPESAS OBRIGATORIAS E/OU JUDICIAIS(P. FISICAS).";"1070";"2023";"L";"16/01/2023";"0";"01/01/2023";"31/01/2023";"8"
"UNIDADE DE GESTÃO DE GOVERNO E FINANÇAS";"28";"ENCARGOS ESPECIAIS";"846";"OUTROS ENCARGOS ESPECIAIS";"2023";"1299";"";"0";"0";"100035879";"VANIA DE ALMEIDA ROSA";"08316174898";"";"0";"PROPRIA";"33909115";"SENTENÇAS JUDICIAIS DE PEQUENO VALOR";"DESPESAS OBRIGATORIAS E/OU JUDICIAIS(P. FISICAS).";"1295.68";"2023";"L";"16/01/2023";"0";"01/01/2023";"31/01/2023";"8"
"UNIDADE DE GESTÃO DE GOVERNO E FINANÇAS";"28";"ENCARGOS ESPECIAIS";"846";"OUTROS ENCARGOS ESPECIAIS";"2023";"1300";"";"0";"0";"100035879";"VANIA DE ALMEIDA ROSA";"08316174898";"";"0";"PROPRIA";"33909115";"SENTENÇAS JUDICIAIS DE PEQUENO VALOR";"DESPESAS OBRIGATORIAS E/OU JUDICIAIS(P. FISICAS).";"191.85";"2023";"L";"16/01/2023";"0";"01/01/2023";"31/01/2023";"8"
"UNIDADE DE GESTÃO DE GOVERNO E FINANÇAS";"28";"ENCARGOS ESPECIAIS";"846";"OUTROS ENCARGOS ESPECIAIS";"2023";"1301";"";"0";"0";"100049133";"FELICIANO JARRA FILHO";"22496601824";"";"0";"PROPRIA";"33909115";"SENTENÇAS JUDICIAIS DE PEQUENO VALOR";"DESPESAS OBRIGATORIAS E/OU JUDICIAIS(P. FISICAS).";"1200.83";"2023";"L";"16/01/2023";"0";"01/01/2023";"31/01/2023";"8"
"UNIDADE DE GESTÃO DE PROMOÇÃO DA SAÚDE";"10";"SAÚDE";"301";"ATENÇÃO BÁSICA";"2023";"1305";"";"0";"0";"100012604";"FOLHA DE PAGAMENTO";"45780103000150";"";"0";"PROPRIA";"31900411";"SALÁRIOS - CONTRATO TEMPORÁRIO";"FOLHA DE PAGAMENTO";"2395.73";"2023";"L";"13/01/2023";"0";"01/01/2023";"31/01/2023";"14"
"UNIDADE DE GESTÃO DE PROMOÇÃO DA SAÚDE";"10";"SAÚDE";"301";"ATENÇÃO BÁSICA";"2023";"1306";"";"0";"0";"100012604";"FOLHA DE PAGAMENTO";"45780103000150";"";"0";"PROPRIA";"31900411";"SALÁRIOS - CONTRATO TEMPORÁRIO";"FOLHA DE PAGAMENTO";"78.12";"2023";"L";"13/01/2023";"0";"01/01/2023";"31/01/2023";"14"
"UNIDADE DE GESTÃO DE PROMOÇÃO DA SAÚDE";"10";"SAÚDE";"301";"ATENÇÃO BÁSICA";"2023";"1307";"";"0";"0";"100012604";"FOLHA DE PAGAMENTO";"45780103000150";"";"0";"PROPRIA";"31900414";"FERIAS - ABONO CONSTITUCIONAL - CONTRATO TEMPORÁRI";"FOLHA DE PAGAMENTO";"11553.76";"2023";"L";"13/01/2023";"0";"01/01/2023";"31/01/2023";"14"
"UNIDADE DE GESTÃO DE PROMOÇÃO DA SAÚDE";"10";"SAÚDE";"301";"ATENÇÃO BÁSICA";"2023";"1308";"";"0";"0";"4016168";"I.N.S.S -INST.NACIONAL DE SEGURO SOCIAL";"29979036000140";"";"0";"PROPRIA";"31900416";"OBRIGAÇÕES PATRONAIS - INSS - CONTRATO TEMPORÁRIO";"FOLHA DE PAGAMENTO";"1200.06";"2023";"L";"13/01/2023";"0";"01/01/2023";"31/01/2023";"14"
"UNIDADE DE GESTÃO DE PROMOÇÃO DA SAÚDE";"10";"SAÚDE";"301";"ATENÇÃO BÁSICA";"2023";"1309";"";"0";"0";"4000055";"FUNDO DE GARANTIA POR TEMPO DE SERVICO";"00360305000104";"";"0";"PROPRIA";"31900417";"OBRIGAÇÕES PATRONAIS - FGTS - CONTRATO TEMPORÁRIO";"FOLHA DE PAGAMENTO";"355.57";"2023";"L";"13/01/2023";"0";"01/01/2023";"31/01/2023";"14"
"UNIDADE DE GESTÃO DE PROMOÇÃO DA SAÚDE";"10";"SAÚDE";"301";"ATENÇÃO BÁSICA";"2023";"1310";"";"0";"0";"100012604";"FOLHA DE PAGAMENTO";"45780103000150";"";"0";"PROPRIA";"31900499";"OUTRAS CONTRATACOES POR TEMPO DETERMINADO";"FOLHA DE PAGAMENTO";"1970.82";"2023";"L";"13/01/2023";"0";"01/01/2023";"31/01/2023";"14"
"UNIDADE DE GESTÃO DE PROMOÇÃO DA SAÚDE";"10";"SAÚDE";"301";"ATENÇÃO BÁSICA";"2023";"1311";"";"0";"0";"100012604";"FOLHA DE PAGAMENTO";"45780103000150";"";"0";"PROPRIA";"33904901";"INDENIZACAO AUXILIO TRANSPORTE";"FOLHA DE PAGAMENTO";"132";"2023";"L";"13/01/2023";"0";"01/01/2023";"31/01/2023";"14"
"UNIDADE DE GESTÃO DE PROMOÇÃO DA SAÚDE";"10";"SAÚDE";"302";"ASSISTÊNCIA HOSPITALAR E AMBULATORIAL";"2023";"1312";"";"0";"0";"100012604";"FOLHA DE PAGAMENTO";"45780103000150";"";"0";"PROPRIA";"31900411";"SALÁRIOS - CONTRATO TEMPORÁRIO";"FOLHA DE PAGAMENTO";"1629.75";"2023";"L";"13/01/2023";"0";"01/01/2023";"31/01/2023";"14"
"UNIDADE DE GESTÃO DE PROMOÇÃO DA SAÚDE";"10";"SAÚDE";"302";"ASSISTÊNCIA HOSPITALAR E AMBULATORIAL";"2023";"1313";"";"0";"0";"100012604";"FOLHA DE PAGAMENTO";"45780103000150";"";"0";"PROPRIA";"31900411";"SALÁRIOS - CONTRATO TEMPORÁRIO";"FOLHA DE PAGAMENTO";"78.12";"2023";"L";"13/01/2023";"0";"01/01/2023";"31/01/2023";"14"
"UNIDADE DE GESTÃO DE PROMOÇÃO DA SAÚDE";"10";"SAÚDE";"302";"ASSISTÊNCIA HOSPITALAR E AMBULATORIAL";"2023";"1314";"";"0";"0";"100012604";"FOLHA DE PAGAMENTO";"45780103000150";"";"0";"PROPRIA";"31900414";"FERIAS - ABONO CONSTITUCIONAL - CONTRATO TEMPORÁRI";"FOLHA DE PAGAMENTO";"7820.75";"2023";"L";"13/01/2023";"0";"01/01/2023";"31/01/2023";"14"
"UNIDADE DE GESTÃO DE PROMOÇÃO DA SAÚDE";"10";"SAÚDE";"302";"ASSISTÊNCIA HOSPITALAR E AMBULATORIAL";"2023";"1315";"";"0";"0";"4016168";"I.N.S.S -INST.NACIONAL DE SEGURO SOCIAL";"29979036000140";"";"0";"PROPRIA";"31900416";"OBRIGAÇÕES PATRONAIS - INSS - CONTRATO TEMPORÁRIO";"FOLHA DE PAGAMENTO";"797.48";"2023";"L";"13/01/2023";"0";"01/01/2023";"31/01/2023";"14"
"UNIDADE DE GESTÃO DE PROMOÇÃO DA SAÚDE";"10";"SAÚDE";"302";"ASSISTÊNCIA HOSPITALAR E AMBULATORIAL";"2023";"1316";"";"0";"0";"4000055";"FUNDO DE GARANTIA POR TEMPO DE SERVICO";"00360305000104";"";"0";"PROPRIA";"31900417";"OBRIGAÇÕES PATRONAIS - FGTS - CONTRATO TEMPORÁRIO";"FOLHA DE PAGAMENTO";"236.29";"2023";"L";"13/01/2023";"0";"01/01/2023";"31/01/2023";"14"
"UNIDADE DE GESTÃO DE PROMOÇÃO DA SAÚDE";"10";"SAÚDE";"302";"ASSISTÊNCIA HOSPITALAR E AMBULATORIAL";"2023";"1317";"";"0";"0";"100012604";"FOLHA DE PAGAMENTO";"45780103000150";"";"0";"PROPRIA";"31900499";"OUTRAS CONTRATACOES POR TEMPO DETERMINADO";"FOLHA DE PAGAMENTO";"1245.77";"2023";"L";"13/01/2023";"0";"01/01/2023";"31/01/2023";"14"
"UNIDADE DE GESTÃO DE PROMOÇÃO DA SAÚDE";"10";"SAÚDE";"302";"ASSISTÊNCIA HOSPITALAR E AMBULATORIAL";"2023";"1318";"";"0";"0";"100012604";"FOLHA DE PAGAMENTO";"45780103000150";"";"0";"PROPRIA";"33904901";"INDENIZACAO AUXILIO TRANSPORTE";"FOLHA DE PAGAMENTO";"66";"2023";"L";"13/01/2023";"0";"01/01/2023";"31/01/2023";"14"
"UNIDADE GESTÃO DE ASSISTÊNCIA E DESENVOLV. SOCIAL";"8";"ASSISTÊNCIA SOCIAL";"122";"ADMINISTRAÇÃO GERAL";"2023";"1319";"";"0";"0";"100012604";"FOLHA DE PAGAMENTO";"45780103000150";"";"0";"PROPRIA";"31900411";"SALÁRIOS - CONTRATO TEMPORÁRIO";"FOLHA DE PAGAMENTO";"2661.92";"2023";"L";"13/01/2023";"0";"01/01/2023";"31/01/2023";"15"
"UNIDADE GESTÃO DE ASSISTÊNCIA E DESENVOLV. SOCIAL";"8";"ASSISTÊNCIA SOCIAL";"122";"ADMINISTRAÇÃO GERAL";"2023";"1320";"";"0";"0";"100012604";"FOLHA DE PAGAMENTO";"45780103000150";"";"0";"PROPRIA";"31900414";"FERIAS - ABONO CONSTITUCIONAL - CONTRATO TEMPORÁRI";"FOLHA DE PAGAMENTO";"5365.11";"2023";"L";"13/01/2023";"0";"01/01/2023";"31/01/2023";"15"
"UNIDADE GESTÃO DE ASSISTÊNCIA E DESENVOLV. SOCIAL";"8";"ASSISTÊNCIA SOCIAL";"122";"ADMINISTRAÇÃO GERAL";"2023";"1321";"";"0";"0";"4016168";"I.N.S.S -INST.NACIONAL DE SEGURO SOCIAL";"29979036000140";"";"0";"PROPRIA";"31900416";"OBRIGAÇÕES PATRONAIS - INSS - CONTRATO TEMPORÁRIO";"FOLHA DE PAGAMENTO";"766.81";"2023";"L";"13/01/2023";"0";"01/01/2023";"31/01/2023";"15"
"UNIDADE GESTÃO DE ASSISTÊNCIA E DESENVOLV. SOCIAL";"8";"ASSISTÊNCIA SOCIAL";"122";"ADMINISTRAÇÃO GERAL";"2023";"1322";"";"0";"0";"4000055";"FUNDO DE GARANTIA POR TEMPO DE SERVICO";"00360305000104";"";"0";"PROPRIA";"31900417";"OBRIGAÇÕES PATRONAIS - FGTS - CONTRATO TEMPORÁRIO";"FOLHA DE PAGAMENTO";"292.11";"2023";"L";"13/01/2023";"0";"01/01/2023";"31/01/2023";"15"
"UNIDADE GESTÃO DE ASSISTÊNCIA E DESENVOLV. SOCIAL";"8";"ASSISTÊNCIA SOCIAL";"122";"ADMINISTRAÇÃO GERAL";"2023";"1323";"";"0";"0";"100012604";"FOLHA DE PAGAMENTO";"45780103000150";"";"0";"PROPRIA";"31900499";"OUTRAS CONTRATACOES POR TEMPO DETERMINADO";"FOLHA DE PAGAMENTO";"989.57";"2023";"L";"13/01/2023";"0";"01/01/2023";"31/01/2023";"15"
"UNIDADE GESTÃO DE ASSISTÊNCIA E DESENVOLV. SOCIAL";"8";"ASSISTÊNCIA SOCIAL";"122";"ADMINISTRAÇÃO GERAL";"2023";"1324";"";"0";"0";"100012604";"FOLHA DE PAGAMENTO";"45780103000150";"";"0";"PROPRIA";"33904901";"INDENIZACAO AUXILIO TRANSPORTE";"FOLHA DE PAGAMENTO";"154";"2023";"L";"13/01/2023";"0";"01/01/2023";"31/01/2023";"15"
"UNIDADE DE GESTÃO DE CULTURA";"13";"CULTURA";"392";"DIFUSÃO CULTURAL";"2023";"1325";"2023";"63";"1";"100040861";"SILVIA DONIZETE MARCELINO 08782933880";"28541281000109";"COMPRA DIRETA";"0";"PROPRIA";"33903999";"OUTROS SERVICOS DE TERCEIROS - PESSOA JURIDICA";"SHOW ARTISTICO";"2400";"2023";"L";"20/01/2023";"0";"01/01/2023";"31/01/2023";"22"
"UNIDADE DE GESTÃO DE CULTURA";"13";"CULTURA";"392";"DIFUSÃO CULTURAL";"2023";"1326";"2023";"64";"1";"100024327";"MARCELA SALINAS DERPICH";"15168747000120";"COMPRA DIRETA";"0";"PROPRIA";"33903999";"OUTROS SERVICOS DE TERCEIROS - PESSOA JURIDICA";"SHOW ARTISTICO";"2400";"2023";"L";"26/01/2023";"0";"01/01/2023";"31/01/2023";"22"
"UNIDADE DE GESTÃO DE CULTURA";"13";"CULTURA";"392";"DIFUSÃO CULTURAL";"2023";"1327";"2023";"65";"1";"100045500";"SANDER ANTONELLI JUNIOR";"42389033000115";"COMPRA DIRETA";"0";"PROPRIA";"33903999";"OUTROS SERVICOS DE TERCEIROS - PESSOA JURIDICA";"SHOW ARTISTICO";"2800";"2023";"L";"20/01/2023";"0";"01/01/2023";"31/01/2023";"22"
"UNIDADE DE GESTÃO DE CULTURA";"13";"CULTURA";"392";"DIFUSÃO CULTURAL";"2023";"1329";"2023";"67";"1";"100031576";"BARBARA GUILHERME MACIEL 32940676828 ME";"14240433000129";"COMPRA DIRETA";"0";"PROPRIA";"33903999";"OUTROS SERVICOS DE TERCEIROS - PESSOA JURIDICA";"SHOW ARTISTICO";"2400";"2023";"L";"24/01/2023";"0";"01/01/2023";"31/01/2023";"22"
"UNIDADE GESTÃO DE PLANEJ. URBANO E MEIO AMBIENTE";"4";"ADMINISTRAÇÃO";"122";"ADMINISTRAÇÃO GERAL";"2023";"1336";"2023";"104";"1";"100000496";"VALEC DISTRIBUIDORA DE VEICULOS LTDA.";"02449871000112";"COMPRA DIRETA";"0";"PROPRIA";"33903039";"MATERIAL PARA MANUTENCAO DE VEICULOS";"PECAS PARA MANUTENCAO MECANICA DE VEICULOS LEVES";"151.76";"2023";"L";"30/01/2023";"0";"01/01/2023";"31/01/2023";"11"
"UNIDADE GESTÃO DE PLANEJ. URBANO E MEIO AMBIENTE";"4";"ADMINISTRAÇÃO";"122";"ADMINISTRAÇÃO GERAL";"2023";"1337";"2023";"104";"1";"100000496";"VALEC DISTRIBUIDORA DE VEICULOS LTDA.";"02449871000112";"COMPRA DIRETA";"0";"PROPRIA";"33903919";"MANUTENCAO E CONSERVACAO DE VEICULOS";"MANUTENCAO MECANICA DE VEICULOS LEVES";"900";"2023";"L";"30/01/2023";"0";"01/01/2023";"31/01/2023";"11"
"UNIDADE DE GESTÃO DE PROMOÇÃO DA SAÚDE";"10";"SAÚDE";"304";"VIGILÂNCIA SANITÁRIA";"2023";"1339";"2023";"106";"1";"100040924";"OESTE PANIFICADORA E CONFEITARIA LTDA ME";"29924862000192";"COMPRA DIRETA";"901";"TAXA DE EXPEDIENTE DA SAÚDE";"33903941";"FORNECIMENTO DE ALIMENTACAO";"FORNECIMENTO DE COFFEE BREAK 1. KIT PARA 10 PESSOAS";"3504";"2023";"L";"31/01/2023";"0";"01/01/2023";"31/01/2023";"14"
"UNIDADE DE GESTÃO DE CULTURA";"13";"CULTURA";"392";"DIFUSÃO CULTURAL";"2023";"1342";"2023";"77";"1";"100034742";"LUAN HENRIQUE DA SILVA";"24697513000161";"COMPRA DIRETA";"0";"PROPRIA";"33903999";"OUTROS SERVICOS DE TERCEIROS - PESSOA JURIDICA";"SHOW ARTISTICO";"1600";"2023";"L";"23/01/2023";"0";"01/01/2023";"31/01/2023";"22"
"UNIDADE DE GESTÃO DE CULTURA";"13";"CULTURA";"392";"DIFUSÃO CULTURAL";"2023";"1348";"2023";"79";"1";"100045768";"EUNICE DE LIMA CAYRES";"40810193000160";"COMPRA DIRETA";"0";"PROPRIA";"33903999";"OUTROS SERVICOS DE TERCEIROS - PESSOA JURIDICA";"SHOW ARTISTICO";"2400";"2023";"L";"26/01/2023";"0";"01/01/2023";"31/01/2023";"22"
"UNIDADE DE GESTÃO DE CULTURA";"13";"CULTURA";"392";"DIFUSÃO CULTURAL";"2023";"1355";"2023";"84";"1";"100047017";"PRISCILA FREIRE PAIXAO ME";"26444303000197";"COMPRA DIRETA";"0";"PROPRIA";"33903999";"OUTROS SERVICOS DE TERCEIROS - PESSOA JURIDICA";"SHOW ARTISTICO";"1600";"2023";"L";"20/01/2023";"0";"01/01/2023";"31/01/2023";"22"
"UNIDADE DE GESTÃO DE ADMINIST. E GESTÃO DE PESSOAS";"4";"ADMINISTRAÇÃO";"122";"ADMINISTRAÇÃO GERAL";"2023";"1358";"2019";"8";"6";"100002650";"COMPANHIA PIRATININGA DE FORCA E LUZ";"04172213000151";"DISPENSA DE LICITACAO";"0";"PROPRIA";"33903943";"SERVICOS DE ENERGIA ELETRICA";"ENERGIA ELETRICA(TAXAS E TAR.).";"290.28";"2023";"L";"17/01/2023";"0";"01/01/2023";"31/01/2023";"7"
"UNIDADE DE GESTÃO DE ADMINIST. E GESTÃO DE PESSOAS";"4";"ADMINISTRAÇÃO";"122";"ADMINISTRAÇÃO GERAL";"2023";"1358";"2019";"8";"6";"100002650";"COMPANHIA PIRATININGA DE FORCA E LUZ";"04172213000151";"DISPENSA DE LICITACAO";"0";"PROPRIA";"33903943";"SERVICOS DE ENERGIA ELETRICA";"ENERGIA ELETRICA(TAXAS E TAR.).";"22212.97";"2023";"L";"17/01/2023";"0";"01/01/2023";"31/01/2023";"7"
"UNIDADE DE GESTÃO DE CULTURA";"13";"CULTURA";"392";"DIFUSÃO CULTURAL";"2023";"1364";"2023";"88";"1";"100034382";"DANIEL FERNANDO MATEUS";"24235893000112";"COMPRA DIRETA";"0";"PROPRIA";"33903999";"OUTROS SERVICOS DE TERCEIROS - PESSOA JURIDICA";"SHOW ARTISTICO";"1200";"2023";"L";"31/01/2023";"0";"01/01/2023";"31/01/2023";"22"
"UNIDADE DE GESTÃO DE CULTURA";"13";"CULTURA";"392";"DIFUSÃO CULTURAL";"2023";"1366";"2022";"6";"11";"100048899";"GIULIA ROBERTA GONCALVES RIBEIRO";"47654227000114";"CONCURSO";"0";"PROPRIA";"33903999";"OUTROS SERVICOS DE TERCEIROS - PESSOA JURIDICA";"SHOW ARTISTICO";"1600";"2023";"L";"24/01/2023";"0";"01/01/2023";"31/01/2023";"22"
"UNIDADE DE GESTÃO DE CULTURA";"13";"CULTURA";"392";"DIFUSÃO CULTURAL";"2023";"1368";"2022";"6";"11";"100041379";"35.732.264 MATHEUS FERREIRA DE LIMA ME";"35732264000114";"CONCURSO";"0";"PROPRIA";"33903999";"OUTROS SERVICOS DE TERCEIROS - PESSOA JURIDICA";"SHOW ARTISTICO";"1600";"2023";"L";"20/01/2023";"0";"01/01/2023";"31/01/2023";"22"
"UNIDADE DE GESTÃO DE CULTURA";"13";"CULTURA";"392";"DIFUSÃO CULTURAL";"2023";"1369";"2022";"6";"11";"100034371";"ACADEMIA DE DANCA DANCE COMPANY LTDA ME";"10710167000108";"CONCURSO";"0";"PROPRIA";"33903999";"OUTROS SERVICOS DE TERCEIROS - PESSOA JURIDICA";"SHOW ARTISTICO";"1200";"2023";"L";"26/01/2023";"0";"01/01/2023";"31/01/2023";"22"
"UNIDADE DE GESTÃO DE CULTURA";"13";"CULTURA";"392";"DIFUSÃO CULTURAL";"2023";"1370";"2022";"6";"11";"100028132";"RAFAEL AMBROSIN DE OLIVEIRA";"19289415000155";"CONCURSO";"0";"PROPRIA";"33903999";"OUTROS SERVICOS DE TERCEIROS - PESSOA JURIDICA";"SHOW ARTISTICO";"800";"2023";"L";"26/01/2023";"0";"01/01/2023";"31/01/2023";"22"
"UNIDADE DE GESTÃO DE CULTURA";"13";"CULTURA";"392";"DIFUSÃO CULTURAL";"2023";"1371";"2023";"90";"1";"100041337";"ROSELI ELISABETH A.SCHNELL PIZARRO 06869660824";"34112785000106";"COMPRA DIRETA";"0";"PROPRIA";"33903999";"OUTROS SERVICOS DE TERCEIROS - PESSOA JURIDICA";"SHOW ARTISTICO";"1600";"2023";"L";"24/01/2023";"0";"01/01/2023";"31/01/2023";"22"
"UNIDADE DE GESTÃO DE CULTURA";"13";"CULTURA";"392";"DIFUSÃO CULTURAL";"2023";"1372";"2023";"91";"1";"100029412";"JOAO JOSE FERNANDES SILVA";"20471083000104";"COMPRA DIRETA";"0";"PROPRIA";"33903999";"OUTROS SERVICOS DE TERCEIROS - PESSOA JURIDICA";"SHOW ARTISTICO";"2400";"2023";"L";"26/01/2023";"0";"01/01/2023";"31/01/2023";"22"
"UNIDADE DE GESTÃO DE CULTURA";"13";"CULTURA";"392";"DIFUSÃO CULTURAL";"2023";"1373";"2023";"92";"1";"100031576";"BARBARA GUILHERME MACIEL 32940676828 ME";"14240433000129";"COMPRA DIRETA";"0";"PROPRIA";"33903999";"OUTROS SERVICOS DE TERCEIROS - PESSOA JURIDICA";"SHOW ARTISTICO";"1200";"2023";"L";"24/01/2023";"0";"01/01/2023";"31/01/2023";"22"
"UNIDADE DE GESTÃO DE CULTURA";"13";"CULTURA";"392";"DIFUSÃO CULTURAL";"2023";"1374";"2023";"93";"1";"100041164";"MARIA APARECIDA CLINI DREZZA 02436950806";"19030129000170";"COMPRA DIRETA";"0";"PROPRIA";"33903999";"OUTROS SERVICOS DE TERCEIROS - PESSOA JURIDICA";"SHOW ARTISTICO";"1200";"2023";"L";"20/01/2023";"0";"01/01/2023";"31/01/2023";"22"
"UNIDADE DE GESTÃO DE CULTURA";"13";"CULTURA";"392";"DIFUSÃO CULTURAL";"2023";"1375";"2023";"94";"1";"100049114";"49038518ANTONIO FERNANDO NICIOLI";"49038518000103";"COMPRA DIRETA";"0";"PROPRIA";"33903999";"OUTROS SERVICOS DE TERCEIROS - PESSOA JURIDICA";"SHOW ARTISTICO";"1200";"2023";"L";"26/01/2023";"0";"01/01/2023";"31/01/2023";"22"
"UNIDADE DE GESTÃO DE CULTURA";"13";"CULTURA";"392";"DIFUSÃO CULTURAL";"2023";"1383";"2023";"72";"1";"100049132";"TASSIA DA SILVA COSTA";"45295981000180";"COMPRA DIRETA";"0";"PROPRIA";"33903999";"OUTROS SERVICOS DE TERCEIROS - PESSOA JURIDICA";"SHOW ARTISTICO";"1500";"2023";"L";"26/01/2023";"0";"01/01/2023";"31/01/2023";"22"
"UNIDADE DE GESTÃO DE CULTURA";"13";"CULTURA";"392";"DIFUSÃO CULTURAL";"2023";"1384";"2023";"73";"1";"100034371";"ACADEMIA DE DANCA DANCE COMPANY LTDA ME";"10710167000108";"COMPRA DIRETA";"0";"PROPRIA";"33903999";"OUTROS SERVICOS DE TERCEIROS - PESSOA JURIDICA";"SHOW ARTISTICO";"1200";"2023";"L";"26/01/2023";"0";"01/01/2023";"31/01/2023";"22"
"UNIDADE DE GESTÃO DE CULTURA";"13";"CULTURA";"392";"DIFUSÃO CULTURAL";"2023";"1388";"2023";"109";"1";"100049132";"TASSIA DA SILVA COSTA";"45295981000180";"COMPRA DIRETA";"0";"PROPRIA";"33903999";"OUTROS SERVICOS DE TERCEIROS - PESSOA JURIDICA";"SHOW ARTISTICO";"1680";"2023";"L";"26/01/2023";"0";"01/01/2023";"31/01/2023";"22"
"UNIDADE DE GESTÃO DE CULTURA";"13";"CULTURA";"392";"DIFUSÃO CULTURAL";"2023";"1388";"2023";"109";"1";"100049132";"TASSIA DA SILVA COSTA";"45295981000180";"COMPRA DIRETA";"0";"PROPRIA";"33903999";"OUTROS SERVICOS DE TERCEIROS - PESSOA JURIDICA";"SHOW ARTISTICO";"1624";"2023";"L";"31/01/2023";"0";"01/01/2023";"31/01/2023";"22"
"UNIDADE DE GESTÃO DE CULTURA";"13";"CULTURA";"392";"DIFUSÃO CULTURAL";"2023";"1393";"2023";"114";"1";"100027262";"ROGERIO SILVESTRONI 14995508805";"17914705000117";"COMPRA DIRETA";"0";"PROPRIA";"33903923";"FESTIVIDADES E HOMENAGENS";"SHOW MUSICAL";"1600";"2023";"L";"24/01/2023";"0";"01/01/2023";"31/01/2023";"22"
"UNIDADE DE GESTÃO DE CULTURA";"13";"CULTURA";"392";"DIFUSÃO CULTURAL";"2023";"1394";"2023";"115";"1";"100040963";"DANILO LUANGO DE ALMEIDA 36820313837";"35220249000197";"COMPRA DIRETA";"0";"PROPRIA";"33903923";"FESTIVIDADES E HOMENAGENS";"SHOW MUSICAL";"2400";"2023";"L";"20/01/2023";"0";"01/01/2023";"31/01/2023";"22"
"UNIDADE DE GESTÃO DE CULTURA";"13";"CULTURA";"392";"DIFUSÃO CULTURAL";"2023";"1396";"2023";"116";"1";"100035745";"LUIZA NOGUEIRA MIANA 32550303822";"20943325000115";"COMPRA DIRETA";"0";"PROPRIA";"33903923";"FESTIVIDADES E HOMENAGENS";"SHOW MUSICAL";"2400";"2023";"L";"24/01/2023";"0";"01/01/2023";"31/01/2023";"22"
"UNIDADE DE GESTÃO DE CULTURA";"13";"CULTURA";"392";"DIFUSÃO CULTURAL";"2023";"1399";"2023";"119";"1";"100029412";"JOAO JOSE FERNANDES SILVA";"20471083000104";"COMPRA DIRETA";"0";"PROPRIA";"33903923";"FESTIVIDADES E HOMENAGENS";"SHOW MUSICAL";"2400";"2023";"L";"31/01/2023";"0";"01/01/2023";"31/01/2023";"22"
"UNIDADE DE GESTÃO DE CULTURA";"13";"CULTURA";"392";"DIFUSÃO CULTURAL";"2023";"1405";"2023";"123";"1";"100038642";"WILLIAM PEREIRA REGIS 34592177827";"24643004000156";"COMPRA DIRETA";"0";"PROPRIA";"33903923";"FESTIVIDADES E HOMENAGENS";"SHOW MUSICAL";"1600";"2023";"L";"26/01/2023";"0";"01/01/2023";"31/01/2023";"22"
"UNIDADE DE GESTÃO DE CULTURA";"13";"CULTURA";"392";"DIFUSÃO CULTURAL";"2023";"1406";"2023";"124";"1";"100033767";"RODOLFO GRAGNANI ME";"22528591000107";"COMPRA DIRETA";"0";"PROPRIA";"33903923";"FESTIVIDADES E HOMENAGENS";"SHOW MUSICAL";"4800";"2023";"L";"20/01/2023";"0";"01/01/2023";"31/01/2023";"22"
"UNIDADE DE GESTÃO DE CULTURA";"13";"CULTURA";"392";"DIFUSÃO CULTURAL";"2023";"1413";"2023";"131";"1";"100029412";"JOAO JOSE FERNANDES SILVA";"20471083000104";"COMPRA DIRETA";"0";"PROPRIA";"33903923";"FESTIVIDADES E HOMENAGENS";"SHOW MUSICAL";"2400";"2023";"L";"31/01/2023";"0";"01/01/2023";"31/01/2023";"22"
"UNIDADE DE GESTÃO DE CULTURA";"13";"CULTURA";"392";"DIFUSÃO CULTURAL";"2023";"1414";"2023";"132";"1";"100027262";"ROGERIO SILVESTRONI 14995508805";"17914705000117";"COMPRA DIRETA";"0";"PROPRIA";"33903923";"FESTIVIDADES E HOMENAGENS";"SHOW MUSICAL";"1200";"2023";"L";"24/01/2023";"0";"01/01/2023";"31/01/2023";"22"
"UNIDADE DE GESTÃO DE CULTURA";"13";"CULTURA";"392";"DIFUSÃO CULTURAL";"2023";"1415";"2023";"133";"1";"100034358";"GROOVE - SOM LUZ E IMGEM LTDA ME";"26452822000105";"COMPRA DIRETA";"0";"PROPRIA";"33903923";"FESTIVIDADES E HOMENAGENS";"SHOW MUSICAL";"2400";"2023";"L";"20/01/2023";"0";"01/01/2023";"31/01/2023";"22"
"UNIDADE DE GESTÃO DE CULTURA";"13";"CULTURA";"392";"DIFUSÃO CULTURAL";"2023";"1419";"2023";"137";"1";"100032585";"CARLA CRISTINA MANTOVANI";"23435245000147";"COMPRA DIRETA";"0";"PROPRIA";"33903923";"FESTIVIDADES E HOMENAGENS";"SHOW MUSICAL";"2400";"2023";"L";"26/01/2023";"0";"01/01/2023";"31/01/2023";"22"
"UNIDADE DE GESTÃO DE CULTURA";"13";"CULTURA";"392";"DIFUSÃO CULTURAL";"2023";"1420";"2023";"138";"1";"100004121";"ASSOCIACAO JUNDIAIENSE DE MUSICA SERTANEJA";"51887354000130";"COMPRA DIRETA";"0";"PROPRIA";"33903923";"FESTIVIDADES E HOMENAGENS";"SHOW MUSICAL";"2400";"2023";"L";"31/01/2023";"0";"01/01/2023";"31/01/2023";"22"
"UNIDADE DE GESTÃO DE CULTURA";"13";"CULTURA";"392";"DIFUSÃO CULTURAL";"2023";"1422";"2023";"140";"1";"100043441";"EMILY PESSOTO FINATI";"35237902000120";"COMPRA DIRETA";"0";"PROPRIA";"33903923";"FESTIVIDADES E HOMENAGENS";"SHOW MUSICAL";"2400";"2023";"L";"31/01/2023";"0";"01/01/2023";"31/01/2023";"22"
"UNIDADE DE GESTÃO DE INFRAEST. E SERVIÇOS PÚBLICOS";"18";"GESTÃO AMBIENTAL";"541";"PRESERVAÇÃO E CONSERVAÇÃO AMBIENTAL";"2023";"1428";"2022";"186";"14";"100043790";"MULTICOM COMERCIO DE MAT DE CONSTRUÇÃO LTDA EPP";"19345178000100";"PREGÃO ELETRÔNICO";"0";"PROPRIA";"33903024";"MATERIAL PARA MANUTENCAO DE BENS IMOVEIS";"PEDRISCO LAVADO LIMPO";"7200";"2023";"L";"19/01/2023";"0";"01/01/2023";"31/01/2023";"10"
"UNIDADE GESTÃO DE ASSISTÊNCIA E DESENVOLV. SOCIAL";"8";"ASSISTÊNCIA SOCIAL";"244";"ASSISTÊNCIA COMUNITÁRIA";"2023";"1430";"";"0";"0";"100033697";"ASSOCIAÇÃO ALMATER";"15670588000168";"";"0";"PROPRIA";"33503901";"TERMO DE COLABORAÇÃO";"CONVENIO MROSC - LEI 13019/2014 - MARCO REGUL.ORG.SOC.CIVIL";"41179.16";"2023";"L";"19/01/2023";"0";"01/01/2023";"31/01/2023";"15"
"UNIDADE GESTÃO DE ASSISTÊNCIA E DESENVOLV. SOCIAL";"8";"ASSISTÊNCIA SOCIAL";"244";"ASSISTÊNCIA COMUNITÁRIA";"2023";"1430";"";"0";"0";"100033697";"ASSOCIAÇÃO ALMATER";"15670588000168";"";"0";"PROPRIA";"33503901";"TERMO DE COLABORAÇÃO";"CONVENIO MROSC - LEI 13019/2014 - MARCO REGUL.ORG.SOC.CIVIL";"41179.16";"2023";"L";"31/01/2023";"0";"01/01/2023";"31/01/2023";"15"
"UNIDADE DE GESTÃO DE INFRAEST. E SERVIÇOS PÚBLICOS";"18";"GESTÃO AMBIENTAL";"541";"PRESERVAÇÃO E CONSERVAÇÃO AMBIENTAL";"2023";"1431";"2022";"3170";"1";"100022217";"APARECIDO JOSE CASONATO";"13856599000101";"COMPRA DIRETA";"0";"PROPRIA";"33903019";"MATERIAL DE ACONDICIONAMENTO E EMBALAGEM";"SACOLA OXIBIODEGRADAVEL";"9250";"2023";"L";"25/01/2023";"0";"01/01/2023";"31/01/2023";"10"
"UNIDADE DE GESTÃO DE ESPORTE E LAZER";"27";"DESPORTO E LAZER";"812";"DESPORTO COMUNITÁRIO";"2023";"1436";"2022";"268";"14";"100041823";"33.283.360 GIOVANNA VASCONC. GOZZO FRACASCIO ME";"33283360000105";"PREGÃO ELETRÔNICO";"0";"PROPRIA";"33903905";"SERVICOS TECNICOS PROFISSIONAIS";"SERVICO DE GRAFITAGEM";"380.66";"2023";"L";"19/01/2023";"0";"01/01/2023";"31/01/2023";"23"
"UNIDADE DE GESTÃO DE ESPORTE E LAZER";"27";"DESPORTO E LAZER";"812";"DESPORTO COMUNITÁRIO";"2023";"1436";"2022";"268";"14";"100041823";"33.283.360 GIOVANNA VASCONC. GOZZO FRACASCIO ME";"33283360000105";"PREGÃO ELETRÔNICO";"0";"PROPRIA";"33903905";"SERVICOS TECNICOS PROFISSIONAIS";"SERVICO DE GRAFITAGEM";"579.41";"2023";"L";"23/01/2023";"0";"01/01/2023";"31/01/2023";"23"
"UNIDADE DE GESTÃO DE ESPORTE E LAZER";"27";"DESPORTO E LAZER";"812";"DESPORTO COMUNITÁRIO";"2023";"1436";"2022";"268";"14";"100041823";"33.283.360 GIOVANNA VASCONC. GOZZO FRACASCIO ME";"33283360000105";"PREGÃO ELETRÔNICO";"0";"PROPRIA";"33903905";"SERVICOS TECNICOS PROFISSIONAIS";"SERVICO DE GRAFITAGEM";"81.57";"2023";"L";"31/01/2023";"0";"01/01/2023";"31/01/2023";"23"
"UNIDADE DE GESTÃO DE ESPORTE E LAZER";"27";"DESPORTO E LAZER";"812";"DESPORTO COMUNITÁRIO";"2023";"1436";"2022";"268";"14";"100041823";"33.283.360 GIOVANNA VASCONC. GOZZO FRACASCIO ME";"33283360000105";"PREGÃO ELETRÔNICO";"0";"PROPRIA";"33903905";"SERVICOS TECNICOS PROFISSIONAIS";"SERVICO DE GRAFITAGEM";"234.92";"2023";"L";"31/01/2023";"0";"01/01/2023";"31/01/2023";"23"
"UNIDADE DE GESTÃO DE GOVERNO E FINANÇAS";"28";"ENCARGOS ESPECIAIS";"846";"OUTROS ENCARGOS ESPECIAIS";"2023";"1438";"";"0";"0";"100035879";"VANIA DE ALMEIDA ROSA";"08316174898";"";"0";"PROPRIA";"33909115";"SENTENÇAS JUDICIAIS DE PEQUENO VALOR";"DESPESAS OBRIGATORIAS E/OU JUDICIAIS(P. FISICAS).";"1276.61";"2023";"L";"16/01/2023";"0";"01/01/2023";"31/01/2023";"8"
"UNIDADE DE GESTÃO DE GOVERNO E FINANÇAS";"28";"ENCARGOS ESPECIAIS";"846";"OUTROS ENCARGOS ESPECIAIS";"2023";"1439";"";"0";"0";"100035879";"VANIA DE ALMEIDA ROSA";"08316174898";"";"0";"PROPRIA";"33909115";"SENTENÇAS JUDICIAIS DE PEQUENO VALOR";"DESPESAS OBRIGATORIAS E/OU JUDICIAIS(P. FISICAS).";"2140.23";"2023";"L";"16/01/2023";"0";"01/01/2023";"31/01/2023";"8"
"UNIDADE DE GESTÃO DE GOVERNO E FINANÇAS";"28";"ENCARGOS ESPECIAIS";"846";"OUTROS ENCARGOS ESPECIAIS";"2023";"1440";"";"0";"0";"100049138";"RICARDO RIBEIRO DE REZENDE";"26993846829";"";"0";"PROPRIA";"33909115";"SENTENÇAS JUDICIAIS DE PEQUENO VALOR";"DESPESAS OBRIGATORIAS E/OU JUDICIAIS(P. FISICAS).";"1091.07";"2023";"L";"16/01/2023";"0";"01/01/2023";"31/01/2023";"8"
"UNIDADE GESTÃO DE AGRONEGÓCIO. ABASTEC. E TURISMO";"23";"COMÉRCIO E SERVIÇOS";"695";"TURISMO";"2023";"1442";"2022";"145";"14";"100041510";"DINAMICA SHOP LTDA EPP";"30651162000150";"PREGÃO ELETRÔNICO";"0";"PROPRIA";"33903026";"MATERIAL ELETRICO E ELETRONICO";"LAMPADA LED BULBO 9W BRANCA BASE E-27";"1238";"2023";"L";"23/01/2023";"0";"01/01/2023";"31/01/2023";"17"
"UNIDADE GESTÃO DE AGRONEGÓCIO. ABASTEC. E TURISMO";"4";"ADMINISTRAÇÃO";"122";"ADMINISTRAÇÃO GERAL";"2023";"1444";"2023";"7";"1";"100034191";"FERNANDA GRAZIELA VIEIRA 21901092801";"26542246000189";"COMPRA DIRETA";"0";"PROPRIA";"33903963";"SERVICOS GRAFICOS";"CONFECCAO E INSTALACAO DE ADESIVOS - VEICULOS LEVES";"289.89";"2023";"L";"19/01/2023";"0";"01/01/2023";"31/01/2023";"17"
"UNIDADE DE GESTÃO DE CULTURA";"13";"CULTURA";"392";"DIFUSÃO CULTURAL";"2023";"1447";"2023";"149";"1";"100027262";"ROGERIO SILVESTRONI 14995508805";"17914705000117";"COMPRA DIRETA";"0";"PROPRIA";"33903999";"OUTROS SERVICOS DE TERCEIROS - PESSOA JURIDICA";"SHOW ARTISTICO";"2000";"2023";"L";"24/01/2023";"0";"01/01/2023";"31/01/2023";"22"
"UNIDADE DE GESTÃO DE CULTURA";"13";"CULTURA";"392";"DIFUSÃO CULTURAL";"2023";"1448";"2023";"150";"1";"100045768";"EUNICE DE LIMA CAYRES";"40810193000160";"COMPRA DIRETA";"0";"PROPRIA";"33903923";"FESTIVIDADES E HOMENAGENS";"SHOW MUSICAL";"2400";"2023";"L";"31/01/2023";"0";"01/01/2023";"31/01/2023";"22"
"UNIDADE DE GESTÃO DE CULTURA";"13";"CULTURA";"392";"DIFUSÃO CULTURAL";"2023";"1452";"2023";"154";"1";"100026134";"KG CAVALCANTE ASSESSORIA ARTISTICA E PROMOCOES ME";"17897396000114";"COMPRA DIRETA";"0";"PROPRIA";"33903923";"FESTIVIDADES E HOMENAGENS";"SHOW MUSICAL";"2000";"2023";"L";"31/01/2023";"0";"01/01/2023";"31/01/2023";"22"
"UNIDADE DE GESTÃO DE ADMINIST. E GESTÃO DE PESSOAS";"4";"ADMINISTRAÇÃO";"122";"ADMINISTRAÇÃO GERAL";"2023";"1455";"2023";"156";"1";"100034191";"FERNANDA GRAZIELA VIEIRA 21901092801";"26542246000189";"COMPRA DIRETA";"0";"PROPRIA";"33903963";"SERVICOS GRAFICOS";"CONFECCAO E INSTALACAO DE ADESIVOS - VEICULOS LEVES";"3500";"2023";"L";"20/01/2023";"0";"01/01/2023";"31/01/2023";"7"
"UNIDADE GESTÃO DE AGRONEGÓCIO. ABASTEC. E TURISMO";"4";"ADMINISTRAÇÃO";"122";"ADMINISTRAÇÃO GERAL";"2023";"1461";"2023";"9";"1";"100005989";"PORTO SEGURO CIA DE SEGUROS GERAIS";"61198164000160";"COMPRA DIRETA";"0";"PROPRIA";"33903969";"SEGUROS EM GERAL";"SEGURO DE VEICULO";"1200";"2023";"L";"31/01/2023";"0";"01/01/2023";"31/01/2023";"17"
"UNIDADE DE GESTÃO DE CULTURA";"13";"CULTURA";"392";"DIFUSÃO CULTURAL";"2023";"1468";"2023";"170";"1";"100025062";"ALLEGRO CURSOS DE DANCA LTDA ME";"10971512000159";"COMPRA DIRETA";"0";"PROPRIA";"33903999";"OUTROS SERVICOS DE TERCEIROS - PESSOA JURIDICA";"SHOW ARTISTICO";"1200";"2023";"L";"31/01/2023";"0";"01/01/2023";"31/01/2023";"22"
"UNIDADE DE GESTÃO DE CULTURA";"13";"CULTURA";"392";"DIFUSÃO CULTURAL";"2023";"1470";"2023";"172";"1";"100049140";"ALEX DA SILVA";"24451796000167";"COMPRA DIRETA";"0";"PROPRIA";"33903923";"FESTIVIDADES E HOMENAGENS";"SHOW MUSICAL";"3000";"2023";"L";"26/01/2023";"0";"01/01/2023";"31/01/2023";"22"
"UNIDADE DE GESTÃO DE CULTURA";"13";"CULTURA";"392";"DIFUSÃO CULTURAL";"2023";"1471";"2023";"173";"1";"100049140";"ALEX DA SILVA";"24451796000167";"COMPRA DIRETA";"0";"PROPRIA";"33903923";"FESTIVIDADES E HOMENAGENS";"SHOW MUSICAL";"3000";"2023";"L";"31/01/2023";"0";"01/01/2023";"31/01/2023";"22"
"UNIDADE DE GESTÃO DE PROMOÇÃO DA SAÚDE";"10";"SAÚDE";"302";"ASSISTÊNCIA HOSPITALAR E AMBULATORIAL";"2023";"1472";"";"0";"0";"100006254";"CONSELHO DE SECRETÁRIOS MUNIC. SAUDE EST.SAO PAULO";"59995241000160";"";"5001";"FUNDO NACIONAL DE SAUDE - MS/SAS";"33903999";"OUTROS SERVICOS DE TERCEIROS - PESSOA JURIDICA";"CONTRIBUICOES(TAXAS E TAR.).";"3855";"2023";"L";"16/01/2023";"0";"01/01/2023";"31/01/2023";"14"
"UNIDADE DE GESTÃO DE NEG. JURÍDICOS E CIDADANIA";"4";"ADMINISTRAÇÃO";"122";"ADMINISTRAÇÃO GERAL";"2023";"1478";"2023";"175";"1";"100012267";"CERTISIGN CERTIFICADORA DIGITAL";"01554285000175";"COMPRA DIRETA";"0";"PROPRIA";"33903901";"ASSINATURAS DE PERIODICOS E ANUIDADES";"CERTIFICADO DIGITAL - RENOVACAO";"130";"2023";"L";"18/01/2023";"0";"01/01/2023";"31/01/2023";"6"
"UNIDADE DE GESTÃO DE ADMINIST. E GESTÃO DE PESSOAS";"4";"ADMINISTRAÇÃO";"122";"ADMINISTRAÇÃO GERAL";"2023";"1479";"2023";"176";"1";"100038724";"SGP SOLUÇÕES EM GESTÃO PÚBLICA LTDA EPP";"29759932000102";"COMPRA DIRETA";"0";"PROPRIA";"33903901";"ASSINATURAS DE PERIODICOS E ANUIDADES";"ASSINATURA ANUAL - REVISTA ELETRONICA";"4990";"2023";"L";"31/01/2023";"0";"01/01/2023";"31/01/2023";"7"
"UNIDADE DE GESTÃO DE ADMINIST. E GESTÃO DE PESSOAS";"4";"ADMINISTRAÇÃO";"122";"ADMINISTRAÇÃO GERAL";"2023";"1480";"2023";"177";"1";"100036430";"GOVERNET EDITORA LTDA EPP";"07316919000138";"COMPRA DIRETA";"0";"PROPRIA";"33903901";"ASSINATURAS DE PERIODICOS E ANUIDADES";"ASSINATURA ANUAL - REVISTA ELETRONICA";"6980";"2023";"L";"31/01/2023";"0";"01/01/2023";"31/01/2023";"7"
"UNIDADE DE GESTÃO DE ADMINIST. E GESTÃO DE PESSOAS";"4";"ADMINISTRAÇÃO";"122";"ADMINISTRAÇÃO GERAL";"2023";"1481";"2023";"178";"1";"100036430";"GOVERNET EDITORA LTDA EPP";"07316919000138";"COMPRA DIRETA";"0";"PROPRIA";"33903901";"ASSINATURAS DE PERIODICOS E ANUIDADES";"ASSINATURA ANUAL - REVISTA ELETRONICA";"6980";"2023";"L";"31/01/2023";"0";"01/01/2023";"31/01/2023";"7"
"UNIDADE DE GESTÃO DE EDUCAÇÃO";"12";"EDUCAÇÃO";"122";"ADMINISTRAÇÃO GERAL";"2023";"1486";"2022";"299";"14";"100020690";"RISEL COMBUSTIVEIS LTDA";"46677860000165";"PREGÃO ELETRÔNICO";"0";"PROPRIA";"33903001";"COMBUSTIVEIS E LUBRIFICANTES AUTOMOTIVOS";"BIODIESEL S-10 (A GRANEL)";"29385.41";"2023";"L";"27/01/2023";"0";"01/01/2023";"31/01/2023";"13"
"UNIDADE DE GESTÃO DE EDUCAÇÃO";"12";"EDUCAÇÃO";"122";"ADMINISTRAÇÃO GERAL";"2023";"1489";"2022";"299";"14";"100020690";"RISEL COMBUSTIVEIS LTDA";"46677860000165";"PREGÃO ELETRÔNICO";"0";"PROPRIA";"33903001";"COMBUSTIVEIS E LUBRIFICANTES AUTOMOTIVOS";"BIODIESEL S-10 (A GRANEL)";"58912.09";"2023";"L";"27/01/2023";"0";"01/01/2023";"31/01/2023";"13"
"UNIDADE DE GESTÃO DE INFRAEST. E SERVIÇOS PÚBLICOS";"18";"GESTÃO AMBIENTAL";"541";"PRESERVAÇÃO E CONSERVAÇÃO AMBIENTAL";"2023";"1490";"2022";"117";"14";"100000682";"BETA CLEAN & SERVICE LTDA.";"61704052000133";"PREGÃO ELETRÔNICO";"0";"PROPRIA";"33903917";"MANUTENCAO E CONSERVACAO DE MAQUINAS E EQUIPAMENTO";"FORNECIMENTO E IMPLANTACAO DE SISTEMA DE CONTROLE DE ACESSO";"631416.55";"2023";"L";"24/01/2023";"0";"01/01/2023";"31/01/2023";"10"
"UNIDADE DE GESTÃO DE PROMOÇÃO DA SAÚDE";"10";"SAÚDE";"302";"ASSISTÊNCIA HOSPITALAR E AMBULATORIAL";"2023";"1491";"";"0";"0";"100038418";"ANTONIO FERNANDES DE MATOS";"06906252860";"";"0";"PROPRIA";"33909302";"RESTITUICOES";"INDENIZACOES E/OU RESSARCIMENTOS(P. FISICA).";"210";"2023";"L";"19/01/2023";"0";"01/01/2023";"31/01/2023";"14"
"UNIDADE DE GESTÃO DE MOBILIDADE E TRANSPORTE";"15";"URBANISMO";"451";"INFRA-ESTRUTURA URBANA";"2023";"1492";"2022";"415";"14";"100038024";"ARAGON COM.DE PEÇAS E SERV. P/ VEICULOS AUTO. LTDA";"14329622000172";"PREGÃO ELETRÔNICO";"5403";"FUNDO MUNICIPAL DE TRANSITO - MULTAS";"33903039";"MATERIAL PARA MANUTENCAO DE VEICULOS";"PECAS PARA MANUTENCAO MECANICA DE VEICULOS PESADOS";"4920";"2023";"L";"24/01/2023";"0";"01/01/2023";"31/01/2023";"12"
"UNIDADE DE GESTÃO DE MOBILIDADE E TRANSPORTE";"15";"URBANISMO";"451";"INFRA-ESTRUTURA URBANA";"2023";"1492";"2022";"415";"14";"100038024";"ARAGON COM.DE PEÇAS E SERV. P/ VEICULOS AUTO. LTDA";"14329622000172";"PREGÃO ELETRÔNICO";"5403";"FUNDO MUNICIPAL DE TRANSITO - MULTAS";"33903039";"MATERIAL PARA MANUTENCAO DE VEICULOS";"PECAS PARA MANUTENCAO MECANICA DE VEICULOS MEDIOS";"594.5";"2023";"L";"24/01/2023";"0";"01/01/2023";"31/01/2023";"12"
"UNIDADE DE GESTÃO DE MOBILIDADE E TRANSPORTE";"15";"URBANISMO";"451";"INFRA-ESTRUTURA URBANA";"2023";"1492";"2022";"415";"14";"100038024";"ARAGON COM.DE PEÇAS E SERV. P/ VEICULOS AUTO. LTDA";"14329622000172";"PREGÃO ELETRÔNICO";"5403";"FUNDO MUNICIPAL DE TRANSITO - MULTAS";"33903039";"MATERIAL PARA MANUTENCAO DE VEICULOS";"PECAS PARA MANUTENCAO MECANICA DE VEICULOS LEVES";"11379.11";"2023";"L";"24/01/2023";"0";"01/01/2023";"31/01/2023";"12"
"UNIDADE DE GESTÃO DE MOBILIDADE E TRANSPORTE";"15";"URBANISMO";"451";"INFRA-ESTRUTURA URBANA";"2023";"1492";"2022";"415";"14";"100038024";"ARAGON COM.DE PEÇAS E SERV. P/ VEICULOS AUTO. LTDA";"14329622000172";"PREGÃO ELETRÔNICO";"5403";"FUNDO MUNICIPAL DE TRANSITO - MULTAS";"33903039";"MATERIAL PARA MANUTENCAO DE VEICULOS";"PECAS PARA MANUTENCAO MECANICA DE VEICULOS PESADOS";"5740";"2023";"L";"25/01/2023";"0";"01/01/2023";"31/01/2023";"12"
"UNIDADE DE GESTÃO DE MOBILIDADE E TRANSPORTE";"15";"URBANISMO";"451";"INFRA-ESTRUTURA URBANA";"2023";"1492";"2022";"415";"14";"100038024";"ARAGON COM.DE PEÇAS E SERV. P/ VEICULOS AUTO. LTDA";"14329622000172";"PREGÃO ELETRÔNICO";"5403";"FUNDO MUNICIPAL DE TRANSITO - MULTAS";"33903039";"MATERIAL PARA MANUTENCAO DE VEICULOS";"PECAS PARA MANUTENCAO MECANICA DE VEICULOS LEVES";"3102.85";"2023";"L";"26/01/2023";"0";"01/01/2023";"31/01/2023";"12"
"UNIDADE DE GESTÃO DE MOBILIDADE E TRANSPORTE";"15";"URBANISMO";"451";"INFRA-ESTRUTURA URBANA";"2023";"1492";"2022";"415";"14";"100038024";"ARAGON COM.DE PEÇAS E SERV. P/ VEICULOS AUTO. LTDA";"14329622000172";"PREGÃO ELETRÔNICO";"5403";"FUNDO MUNICIPAL DE TRANSITO - MULTAS";"33903039";"MATERIAL PARA MANUTENCAO DE VEICULOS";"PECAS PARA MANUTENCAO MECANICA DE VEICULOS PESADOS";"9798.46";"2023";"L";"26/01/2023";"0";"01/01/2023";"31/01/2023";"12"
"UNIDADE DE GESTÃO DE MOBILIDADE E TRANSPORTE";"15";"URBANISMO";"451";"INFRA-ESTRUTURA URBANA";"2023";"1492";"2022";"415";"14";"100038024";"ARAGON COM.DE PEÇAS E SERV. P/ VEICULOS AUTO. LTDA";"14329622000172";"PREGÃO ELETRÔNICO";"5403";"FUNDO MUNICIPAL DE TRANSITO - MULTAS";"33903039";"MATERIAL PARA MANUTENCAO DE VEICULOS";"PECAS PARA MANUTENCAO MECANICA DE VEICULOS PESADOS";"3690";"2023";"L";"31/01/2023";"0";"01/01/2023";"31/01/2023";"12"
"UNIDADE DE GESTÃO DE MOBILIDADE E TRANSPORTE";"15";"URBANISMO";"451";"INFRA-ESTRUTURA URBANA";"2023";"1492";"2022";"415";"14";"100038024";"ARAGON COM.DE PEÇAS E SERV. P/ VEICULOS AUTO. LTDA";"14329622000172";"PREGÃO ELETRÔNICO";"5403";"FUNDO MUNICIPAL DE TRANSITO - MULTAS";"33903039";"MATERIAL PARA MANUTENCAO DE VEICULOS";"PECAS PARA MANUTENCAO MECANICA DE VEICULOS PESADOS";"4100";"2023";"L";"31/01/2023";"0";"01/01/2023";"31/01/2023";"12"
"UNIDADE DE GESTÃO DE MOBILIDADE E TRANSPORTE";"15";"URBANISMO";"451";"INFRA-ESTRUTURA URBANA";"2023";"1493";"2022";"415";"14";"100038024";"ARAGON COM.DE PEÇAS E SERV. P/ VEICULOS AUTO. LTDA";"14329622000172";"PREGÃO ELETRÔNICO";"5403";"FUNDO MUNICIPAL DE TRANSITO - MULTAS";"33903919";"MANUTENCAO E CONSERVACAO DE VEICULOS";"MANUTENCAO MECANICA DE VEICULOS LEVES";"1658";"2023";"L";"24/01/2023";"0";"01/01/2023";"31/01/2023";"12"
"UNIDADE DE GESTÃO DE MOBILIDADE E TRANSPORTE";"15";"URBANISMO";"451";"INFRA-ESTRUTURA URBANA";"2023";"1493";"2022";"415";"14";"100038024";"ARAGON COM.DE PEÇAS E SERV. P/ VEICULOS AUTO. LTDA";"14329622000172";"PREGÃO ELETRÔNICO";"5403";"FUNDO MUNICIPAL DE TRANSITO - MULTAS";"33903919";"MANUTENCAO E CONSERVACAO DE VEICULOS";"MANUTENCAO MECANICA DE VEICULOS PESADOS";"960";"2023";"L";"25/01/2023";"0";"01/01/2023";"31/01/2023";"12"
"UNIDADE DE GESTÃO DE MOBILIDADE E TRANSPORTE";"15";"URBANISMO";"451";"INFRA-ESTRUTURA URBANA";"2023";"1493";"2022";"415";"14";"100038024";"ARAGON COM.DE PEÇAS E SERV. P/ VEICULOS AUTO. LTDA";"14329622000172";"PREGÃO ELETRÔNICO";"5403";"FUNDO MUNICIPAL DE TRANSITO - MULTAS";"33903919";"MANUTENCAO E CONSERVACAO DE VEICULOS";"MANUTENCAO MECANICA DE VEICULOS PESADOS";"600";"2023";"L";"26/01/2023";"0";"01/01/2023";"31/01/2023";"12"
"UNIDADE DE GESTÃO DE MOBILIDADE E TRANSPORTE";"15";"URBANISMO";"451";"INFRA-ESTRUTURA URBANA";"2023";"1493";"2022";"415";"14";"100038024";"ARAGON COM.DE PEÇAS E SERV. P/ VEICULOS AUTO. LTDA";"14329622000172";"PREGÃO ELETRÔNICO";"5403";"FUNDO MUNICIPAL DE TRANSITO - MULTAS";"33903919";"MANUTENCAO E CONSERVACAO DE VEICULOS";"MANUTENCAO MECANICA DE VEICULOS LEVES";"560";"2023";"L";"26/01/2023";"0";"01/01/2023";"31/01/2023";"12"
"UNIDADE DE GESTÃO DE MOBILIDADE E TRANSPORTE";"15";"URBANISMO";"451";"INFRA-ESTRUTURA URBANA";"2023";"1493";"2022";"415";"14";"100038024";"ARAGON COM.DE PEÇAS E SERV. P/ VEICULOS AUTO. LTDA";"14329622000172";"PREGÃO ELETRÔNICO";"5403";"FUNDO MUNICIPAL DE TRANSITO - MULTAS";"33903919";"MANUTENCAO E CONSERVACAO DE VEICULOS";"MANUTENCAO MECANICA DE VEICULOS PESADOS";"300";"2023";"L";"31/01/2023";"0";"01/01/2023";"31/01/2023";"12"
"UNIDADE DE GESTÃO DE CULTURA";"13";"CULTURA";"392";"DIFUSÃO CULTURAL";"2023";"1494";"2022";"503";"14";"100025362";"JGN LTDA EPP";"03302934000176";"PREGÃO ELETRÔNICO";"0";"PROPRIA";"33903912";"LOCACAO DE MAQUINAS E EQUIPAMENTOS";"LOCACAO DE GERADOR DE ENERGIA. 80 KVA";"10000";"2023";"L";"30/01/2023";"0";"01/01/2023";"31/01/2023";"22"
"UNIDADE DE GESTÃO DE CULTURA";"13";"CULTURA";"392";"DIFUSÃO CULTURAL";"2023";"1494";"2022";"503";"14";"100025362";"JGN LTDA EPP";"03302934000176";"PREGÃO ELETRÔNICO";"0";"PROPRIA";"33903912";"LOCACAO DE MAQUINAS E EQUIPAMENTOS";"LOCACAO DE GERADOR DE ENERGIA. 150 KVA";"12800";"2023";"L";"30/01/2023";"0";"01/01/2023";"31/01/2023";"22"
"UNIDADE DE GESTÃO DE CULTURA";"13";"CULTURA";"392";"DIFUSÃO CULTURAL";"2023";"1494";"2022";"503";"14";"100025362";"JGN LTDA EPP";"03302934000176";"PREGÃO ELETRÔNICO";"0";"PROPRIA";"33903912";"LOCACAO DE MAQUINAS E EQUIPAMENTOS";"LOCACAO DE GERADOR DE ENERGIA. 250 KVA";"44160";"2023";"L";"30/01/2023";"0";"01/01/2023";"31/01/2023";"22"
"UNIDADE DE GESTÃO DE GOVERNO E FINANÇAS";"4";"ADMINISTRAÇÃO";"122";"ADMINISTRAÇÃO GERAL";"2023";"1496";"";"0";"0";"100042532";"IRTDPJ-SP";"06035619000118";"";"0";"PROPRIA";"33903966";"SERVICOS JUDICIARIOS";"SERVICOS DE CARTORIOS(P. JURIDICAS).";"114.05";"2023";"L";"16/01/2023";"0";"01/01/2023";"31/01/2023";"8"
"UNIDADE DE GESTÃO DE EDUCAÇÃO";"12";"EDUCAÇÃO";"361";"ENSINO FUNDAMENTAL";"2023";"1497";"2021";"333";"14";"100045854";"CALRIZ SISTEMAS LTDA-ME";"22034087000150";"PREGÃO ELETRÔNICO";"0";"PROPRIA";"33904099";"OUTROS SERVIÇOS DE TECNOLOGIA DA INFORMAÇÃO E COMU";"FORNECIMENTO DE APLICATIVO PARA INTERNET PATROCINADA";"3278.85";"2023";"L";"24/01/2023";"0";"01/01/2023";"31/01/2023";"13"
"UNIDADE DE GESTÃO DE GOVERNO E FINANÇAS";"28";"ENCARGOS ESPECIAIS";"846";"OUTROS ENCARGOS ESPECIAIS";"2023";"1506";"";"0";"0";"100012130";"TRIBUNAL DE JUSTIÇA DO ESTADO DE SAO PAULO-EPM";"51174001000193";"";"0";"PROPRIA";"44909100";"SENTENÇAS JUDICIAIS";"DESPESAS OBRIGATORIAS E/OU JUDICIAIS(ORG. PUBL.).";"22536022.67";"2023";"L";"18/01/2023";"0";"01/01/2023";"31/01/2023";"8"
"UNIDADE DE GESTÃO DE GOVERNO E FINANÇAS";"28";"ENCARGOS ESPECIAIS";"846";"OUTROS ENCARGOS ESPECIAIS";"2023";"1507";"";"0";"0";"100012130";"TRIBUNAL DE JUSTIÇA DO ESTADO DE SAO PAULO-EPM";"51174001000193";"";"0";"PROPRIA";"33909113";"PRECATÓRIOS JUDICIAS";"DESPESAS OBRIGATORIAS E/OU JUDICIAIS(ORG. PUBL.).";"1247388.99";"2023";"L";"18/01/2023";"0";"01/01/2023";"31/01/2023";"8"
"UNIDADE DE GESTÃO DE PROMOÇÃO DA SAÚDE";"10";"SAÚDE";"302";"ASSISTÊNCIA HOSPITALAR E AMBULATORIAL";"2023";"1509";"2018";"287";"14";"100030009";"VIP7IT COMERCIO E SERVICOS EM INFORMATICA LTDA EPP";"20827027000160";"PREGÃO ELETRÔNICO";"0";"PROPRIA";"33904099";"OUTROS SERVIÇOS DE TECNOLOGIA DA INFORMAÇÃO E COMU";"SERVICO EM TECNOLOGIA DA INFORMACAO";"7500";"2023";"L";"25/01/2023";"0";"01/01/2023";"31/01/2023";"14"
"UNIDADE DE GESTÃO DE GOVERNO E FINANÇAS";"28";"ENCARGOS ESPECIAIS";"846";"OUTROS ENCARGOS ESPECIAIS";"2023";"1511";"";"0";"0";"100005703";"JOICE FERNANDA OLIVEIRA";"35479830880";"";"0";"PROPRIA";"33909199";"DIVERSAS SENTENCAS";"DESPESAS OBRIGATORIAS E/OU JUDICIAIS(P. FISICAS).";"3906";"2023";"L";"17/01/2023";"0";"01/01/2023";"31/01/2023";"8"
"UNIDADE DE GESTÃO DE GOVERNO E FINANÇAS";"28";"ENCARGOS ESPECIAIS";"846";"OUTROS ENCARGOS ESPECIAIS";"2023";"1511";"";"0";"0";"100005703";"JOICE FERNANDA OLIVEIRA";"35479830880";"";"0";"PROPRIA";"33909199";"DIVERSAS SENTENCAS";"DESPESAS OBRIGATORIAS E/OU JUDICIAIS(P. FISICAS).";"3906";"2023";"L";"17/01/2023";"0";"01/01/2023";"31/01/2023";"8"
"UNIDADE DE GESTÃO DE GOVERNO E FINANÇAS";"28";"ENCARGOS ESPECIAIS";"846";"OUTROS ENCARGOS ESPECIAIS";"2023";"1511";"";"0";"0";"100005703";"JOICE FERNANDA OLIVEIRA";"35479830880";"";"0";"PROPRIA";"33909199";"DIVERSAS SENTENCAS";"DESPESAS OBRIGATORIAS E/OU JUDICIAIS(P. FISICAS).";"3906";"2023";"L";"17/01/2023";"0";"01/01/2023";"31/01/2023";"8"
"UNIDADE DE GESTÃO DE GOVERNO E FINANÇAS";"28";"ENCARGOS ESPECIAIS";"846";"OUTROS ENCARGOS ESPECIAIS";"2023";"1511";"";"0";"0";"100005703";"JOICE FERNANDA OLIVEIRA";"35479830880";"";"0";"PROPRIA";"33909199";"DIVERSAS SENTENCAS";"DESPESAS OBRIGATORIAS E/OU JUDICIAIS(P. FISICAS).";"3906";"2023";"L";"17/01/2023";"0";"01/01/2023";"31/01/2023";"8"
"UNIDADE DE GESTÃO DE GOVERNO E FINANÇAS";"28";"ENCARGOS ESPECIAIS";"846";"OUTROS ENCARGOS ESPECIAIS";"2023";"1511";"";"0";"0";"100005703";"JOICE FERNANDA OLIVEIRA";"35479830880";"";"0";"PROPRIA";"33909199";"DIVERSAS SENTENCAS";"DESPESAS OBRIGATORIAS E/OU JUDICIAIS(P. FISICAS).";"3906";"2023";"L";"17/01/2023";"0";"01/01/2023";"31/01/2023";"8"
"UNIDADE DE GESTÃO DE GOVERNO E FINANÇAS";"28";"ENCARGOS ESPECIAIS";"846";"OUTROS ENCARGOS ESPECIAIS";"2023";"1511";"";"0";"0";"100005703";"JOICE FERNANDA OLIVEIRA";"35479830880";"";"0";"PROPRIA";"33909199";"DIVERSAS SENTENCAS";"DESPESAS OBRIGATORIAS E/OU JUDICIAIS(P. FISICAS).";"3906";"2023";"L";"17/01/2023";"0";"01/01/2023";"31/01/2023";"8"
"UNIDADE DE GESTÃO DE GOVERNO E FINANÇAS";"28";"ENCARGOS ESPECIAIS";"846";"OUTROS ENCARGOS ESPECIAIS";"2023";"1511";"";"0";"0";"100005703";"JOICE FERNANDA OLIVEIRA";"35479830880";"";"0";"PROPRIA";"33909199";"DIVERSAS SENTENCAS";"DESPESAS OBRIGATORIAS E/OU JUDICIAIS(P. FISICAS).";"3906";"2023";"L";"17/01/2023";"0";"01/01/2023";"31/01/2023";"8"
"UNIDADE DE GESTÃO DE GOVERNO E FINANÇAS";"28";"ENCARGOS ESPECIAIS";"846";"OUTROS ENCARGOS ESPECIAIS";"2023";"1511";"";"0";"0";"100005703";"JOICE FERNANDA OLIVEIRA";"35479830880";"";"0";"PROPRIA";"33909199";"DIVERSAS SENTENCAS";"DESPESAS OBRIGATORIAS E/OU JUDICIAIS(P. FISICAS).";"3906";"2023";"L";"17/01/2023";"0";"01/01/2023";"31/01/2023";"8"
"UNIDADE DE GESTÃO DE GOVERNO E FINANÇAS";"28";"ENCARGOS ESPECIAIS";"846";"OUTROS ENCARGOS ESPECIAIS";"2023";"1511";"";"0";"0";"100005703";"JOICE FERNANDA OLIVEIRA";"35479830880";"";"0";"PROPRIA";"33909199";"DIVERSAS SENTENCAS";"DESPESAS OBRIGATORIAS E/OU JUDICIAIS(P. FISICAS).";"3906";"2023";"L";"17/01/2023";"0";"01/01/2023";"31/01/2023";"8"
"UNIDADE DE GESTÃO DE GOVERNO E FINANÇAS";"28";"ENCARGOS ESPECIAIS";"846";"OUTROS ENCARGOS ESPECIAIS";"2023";"1511";"";"0";"0";"100005703";"JOICE FERNANDA OLIVEIRA";"35479830880";"";"0";"PROPRIA";"33909199";"DIVERSAS SENTENCAS";"DESPESAS OBRIGATORIAS E/OU JUDICIAIS(P. FISICAS).";"3906";"2023";"L";"17/01/2023";"0";"01/01/2023";"31/01/2023";"8"
"UNIDADE DE GESTÃO DE GOVERNO E FINANÇAS";"28";"ENCARGOS ESPECIAIS";"846";"OUTROS ENCARGOS ESPECIAIS";"2023";"1511";"";"0";"0";"100005703";"JOICE FERNANDA OLIVEIRA";"35479830880";"";"0";"PROPRIA";"33909199";"DIVERSAS SENTENCAS";"DESPESAS OBRIGATORIAS E/OU JUDICIAIS(P. FISICAS).";"3906";"2023";"L";"17/01/2023";"0";"01/01/2023";"31/01/2023";"8"
"UNIDADE DE GESTÃO DE GOVERNO E FINANÇAS";"28";"ENCARGOS ESPECIAIS";"846";"OUTROS ENCARGOS ESPECIAIS";"2023";"1511";"";"0";"0";"100005703";"JOICE FERNANDA OLIVEIRA";"35479830880";"";"0";"PROPRIA";"33909199";"DIVERSAS SENTENCAS";"DESPESAS OBRIGATORIAS E/OU JUDICIAIS(P. FISICAS).";"3906";"2023";"L";"17/01/2023";"0";"01/01/2023";"31/01/2023";"8"
"UNIDADE DE GESTÃO DE GOVERNO E FINANÇAS";"28";"ENCARGOS ESPECIAIS";"846";"OUTROS ENCARGOS ESPECIAIS";"2023";"1512";"";"0";"0";"100039128";"MARIA DO SOCORRO DA SILVA PLÁCIDO";"40453286453";"";"0";"PROPRIA";"33909199";"DIVERSAS SENTENCAS";"DESPESAS OBRIGATORIAS E/OU JUDICIAIS(P. FISICAS).";"868";"2023";"L";"18/01/2023";"0";"01/01/2023";"31/01/2023";"8"
"UNIDADE DE GESTÃO DE GOVERNO E FINANÇAS";"28";"ENCARGOS ESPECIAIS";"846";"OUTROS ENCARGOS ESPECIAIS";"2023";"1512";"";"0";"0";"100039128";"MARIA DO SOCORRO DA SILVA PLÁCIDO";"40453286453";"";"0";"PROPRIA";"33909199";"DIVERSAS SENTENCAS";"DESPESAS OBRIGATORIAS E/OU JUDICIAIS(P. FISICAS).";"868";"2023";"L";"18/01/2023";"0";"01/01/2023";"31/01/2023";"8"
"UNIDADE DE GESTÃO DE GOVERNO E FINANÇAS";"28";"ENCARGOS ESPECIAIS";"846";"OUTROS ENCARGOS ESPECIAIS";"2023";"1512";"";"0";"0";"100039128";"MARIA DO SOCORRO DA SILVA PLÁCIDO";"40453286453";"";"0";"PROPRIA";"33909199";"DIVERSAS SENTENCAS";"DESPESAS OBRIGATORIAS E/OU JUDICIAIS(P. FISICAS).";"868";"2023";"L";"18/01/2023";"0";"01/01/2023";"31/01/2023";"8"
"UNIDADE DE GESTÃO DE GOVERNO E FINANÇAS";"28";"ENCARGOS ESPECIAIS";"846";"OUTROS ENCARGOS ESPECIAIS";"2023";"1512";"";"0";"0";"100039128";"MARIA DO SOCORRO DA SILVA PLÁCIDO";"40453286453";"";"0";"PROPRIA";"33909199";"DIVERSAS SENTENCAS";"DESPESAS OBRIGATORIAS E/OU JUDICIAIS(P. FISICAS).";"868";"2023";"L";"18/01/2023";"0";"01/01/2023";"31/01/2023";"8"
"UNIDADE DE GESTÃO DE GOVERNO E FINANÇAS";"28";"ENCARGOS ESPECIAIS";"846";"OUTROS ENCARGOS ESPECIAIS";"2023";"1512";"";"0";"0";"100039128";"MARIA DO SOCORRO DA SILVA PLÁCIDO";"40453286453";"";"0";"PROPRIA";"33909199";"DIVERSAS SENTENCAS";"DESPESAS OBRIGATORIAS E/OU JUDICIAIS(P. FISICAS).";"868";"2023";"L";"18/01/2023";"0";"01/01/2023";"31/01/2023";"8"
"UNIDADE DE GESTÃO DE GOVERNO E FINANÇAS";"28";"ENCARGOS ESPECIAIS";"846";"OUTROS ENCARGOS ESPECIAIS";"2023";"1512";"";"0";"0";"100039128";"MARIA DO SOCORRO DA SILVA PLÁCIDO";"40453286453";"";"0";"PROPRIA";"33909199";"DIVERSAS SENTENCAS";"DESPESAS OBRIGATORIAS E/OU JUDICIAIS(P. FISICAS).";"868";"2023";"L";"18/01/2023";"0";"01/01/2023";"31/01/2023";"8"
"UNIDADE DE GESTÃO DE GOVERNO E FINANÇAS";"28";"ENCARGOS ESPECIAIS";"846";"OUTROS ENCARGOS ESPECIAIS";"2023";"1512";"";"0";"0";"100039128";"MARIA DO SOCORRO DA SILVA PLÁCIDO";"40453286453";"";"0";"PROPRIA";"33909199";"DIVERSAS SENTENCAS";"DESPESAS OBRIGATORIAS E/OU JUDICIAIS(P. FISICAS).";"868";"2023";"L";"18/01/2023";"0";"01/01/2023";"31/01/2023";"8"
"UNIDADE DE GESTÃO DE GOVERNO E FINANÇAS";"28";"ENCARGOS ESPECIAIS";"846";"OUTROS ENCARGOS ESPECIAIS";"2023";"1512";"";"0";"0";"100039128";"MARIA DO SOCORRO DA SILVA PLÁCIDO";"40453286453";"";"0";"PROPRIA";"33909199";"DIVERSAS SENTENCAS";"DESPESAS OBRIGATORIAS E/OU JUDICIAIS(P. FISICAS).";"868";"2023";"L";"18/01/2023";"0";"01/01/2023";"31/01/2023";"8"
"UNIDADE DE GESTÃO DE GOVERNO E FINANÇAS";"28";"ENCARGOS ESPECIAIS";"846";"OUTROS ENCARGOS ESPECIAIS";"2023";"1512";"";"0";"0";"100039128";"MARIA DO SOCORRO DA SILVA PLÁCIDO";"40453286453";"";"0";"PROPRIA";"33909199";"DIVERSAS SENTENCAS";"DESPESAS OBRIGATORIAS E/OU JUDICIAIS(P. FISICAS).";"868";"2023";"L";"18/01/2023";"0";"01/01/2023";"31/01/2023";"8"
"UNIDADE DE GESTÃO DE GOVERNO E FINANÇAS";"28";"ENCARGOS ESPECIAIS";"846";"OUTROS ENCARGOS ESPECIAIS";"2023";"1512";"";"0";"0";"100039128";"MARIA DO SOCORRO DA SILVA PLÁCIDO";"40453286453";"";"0";"PROPRIA";"33909199";"DIVERSAS SENTENCAS";"DESPESAS OBRIGATORIAS E/OU JUDICIAIS(P. FISICAS).";"868";"2023";"L";"18/01/2023";"0";"01/01/2023";"31/01/2023";"8"
"UNIDADE DE GESTÃO DE GOVERNO E FINANÇAS";"28";"ENCARGOS ESPECIAIS";"846";"OUTROS ENCARGOS ESPECIAIS";"2023";"1512";"";"0";"0";"100039128";"MARIA DO SOCORRO DA SILVA PLÁCIDO";"40453286453";"";"0";"PROPRIA";"33909199";"DIVERSAS SENTENCAS";"DESPESAS OBRIGATORIAS E/OU JUDICIAIS(P. FISICAS).";"868";"2023";"L";"18/01/2023";"0";"01/01/2023";"31/01/2023";"8"
"UNIDADE DE GESTÃO DE GOVERNO E FINANÇAS";"28";"ENCARGOS ESPECIAIS";"846";"OUTROS ENCARGOS ESPECIAIS";"2023";"1512";"";"0";"0";"100039128";"MARIA DO SOCORRO DA SILVA PLÁCIDO";"40453286453";"";"0";"PROPRIA";"33909199";"DIVERSAS SENTENCAS";"DESPESAS OBRIGATORIAS E/OU JUDICIAIS(P. FISICAS).";"868";"2023";"L";"18/01/2023";"0";"01/01/2023";"31/01/2023";"8"
"UNIDADE DE GESTÃO DE GOVERNO E FINANÇAS";"28";"ENCARGOS ESPECIAIS";"846";"OUTROS ENCARGOS ESPECIAIS";"2023";"1513";"";"0";"0";"100043052";"HELIO FELIX DE SOUZA";"41610431391";"";"0";"PROPRIA";"33909199";"DIVERSAS SENTENCAS";"DESPESAS OBRIGATORIAS E/OU JUDICIAIS(P. FISICAS).";"1894.44";"2023";"L";"18/01/2023";"0";"01/01/2023";"31/01/2023";"8"
"UNIDADE DE GESTÃO DE GOVERNO E FINANÇAS";"28";"ENCARGOS ESPECIAIS";"846";"OUTROS ENCARGOS ESPECIAIS";"2023";"1513";"";"0";"0";"100043052";"HELIO FELIX DE SOUZA";"41610431391";"";"0";"PROPRIA";"33909199";"DIVERSAS SENTENCAS";"DESPESAS OBRIGATORIAS E/OU JUDICIAIS(P. FISICAS).";"1894.44";"2023";"L";"18/01/2023";"0";"01/01/2023";"31/01/2023";"8"
"UNIDADE DE GESTÃO DE GOVERNO E FINANÇAS";"28";"ENCARGOS ESPECIAIS";"846";"OUTROS ENCARGOS ESPECIAIS";"2023";"1513";"";"0";"0";"100043052";"HELIO FELIX DE SOUZA";"41610431391";"";"0";"PROPRIA";"33909199";"DIVERSAS SENTENCAS";"DESPESAS OBRIGATORIAS E/OU JUDICIAIS(P. FISICAS).";"1894.44";"2023";"L";"18/01/2023";"0";"01/01/2023";"31/01/2023";"8"
"UNIDADE DE GESTÃO DE GOVERNO E FINANÇAS";"28";"ENCARGOS ESPECIAIS";"846";"OUTROS ENCARGOS ESPECIAIS";"2023";"1513";"";"0";"0";"100043052";"HELIO FELIX DE SOUZA";"41610431391";"";"0";"PROPRIA";"33909199";"DIVERSAS SENTENCAS";"DESPESAS OBRIGATORIAS E/OU JUDICIAIS(P. FISICAS).";"1894.44";"2023";"L";"18/01/2023";"0";"01/01/2023";"31/01/2023";"8"
"UNIDADE DE GESTÃO DE GOVERNO E FINANÇAS";"28";"ENCARGOS ESPECIAIS";"846";"OUTROS ENCARGOS ESPECIAIS";"2023";"1513";"";"0";"0";"100043052";"HELIO FELIX DE SOUZA";"41610431391";"";"0";"PROPRIA";"33909199";"DIVERSAS SENTENCAS";"DESPESAS OBRIGATORIAS E/OU JUDICIAIS(P. FISICAS).";"1894.44";"2023";"L";"18/01/2023";"0";"01/01/2023";"31/01/2023";"8"
"UNIDADE DE GESTÃO DE GOVERNO E FINANÇAS";"28";"ENCARGOS ESPECIAIS";"846";"OUTROS ENCARGOS ESPECIAIS";"2023";"1513";"";"0";"0";"100043052";"HELIO FELIX DE SOUZA";"41610431391";"";"0";"PROPRIA";"33909199";"DIVERSAS SENTENCAS";"DESPESAS OBRIGATORIAS E/OU JUDICIAIS(P. FISICAS).";"1894.44";"2023";"L";"18/01/2023";"0";"01/01/2023";"31/01/2023";"8"
"UNIDADE DE GESTÃO DE GOVERNO E FINANÇAS";"28";"ENCARGOS ESPECIAIS";"846";"OUTROS ENCARGOS ESPECIAIS";"2023";"1513";"";"0";"0";"100043052";"HELIO FELIX DE SOUZA";"41610431391";"";"0";"PROPRIA";"33909199";"DIVERSAS SENTENCAS";"DESPESAS OBRIGATORIAS E/OU JUDICIAIS(P. FISICAS).";"1894.44";"2023";"L";"18/01/2023";"0";"01/01/2023";"31/01/2023";"8"
"UNIDADE DE GESTÃO DE GOVERNO E FINANÇAS";"28";"ENCARGOS ESPECIAIS";"846";"OUTROS ENCARGOS ESPECIAIS";"2023";"1513";"";"0";"0";"100043052";"HELIO FELIX DE SOUZA";"41610431391";"";"0";"PROPRIA";"33909199";"DIVERSAS SENTENCAS";"DESPESAS OBRIGATORIAS E/OU JUDICIAIS(P. FISICAS).";"1894.44";"2023";"L";"18/01/2023";"0";"01/01/2023";"31/01/2023";"8"
"UNIDADE DE GESTÃO DE GOVERNO E FINANÇAS";"28";"ENCARGOS ESPECIAIS";"846";"OUTROS ENCARGOS ESPECIAIS";"2023";"1513";"";"0";"0";"100043052";"HELIO FELIX DE SOUZA";"41610431391";"";"0";"PROPRIA";"33909199";"DIVERSAS SENTENCAS";"DESPESAS OBRIGATORIAS E/OU JUDICIAIS(P. FISICAS).";"1894.44";"2023";"L";"18/01/2023";"0";"01/01/2023";"31/01/2023";"8"
"UNIDADE DE GESTÃO DE GOVERNO E FINANÇAS";"28";"ENCARGOS ESPECIAIS";"846";"OUTROS ENCARGOS ESPECIAIS";"2023";"1515";"";"0";"0";"100003863";"LUIZ CORAINI";"01678870846";"";"0";"PROPRIA";"33909199";"DIVERSAS SENTENCAS";"DESPESAS OBRIGATORIAS E/OU JUDICIAIS(P. FISICAS).";"1022.66";"2023";"L";"17/01/2023";"0";"01/01/2023";"31/01/2023";"8"
"UNIDADE DE GESTÃO DE GOVERNO E FINANÇAS";"28";"ENCARGOS ESPECIAIS";"846";"OUTROS ENCARGOS ESPECIAIS";"2023";"1515";"";"0";"0";"100003863";"LUIZ CORAINI";"01678870846";"";"0";"PROPRIA";"33909199";"DIVERSAS SENTENCAS";"DESPESAS OBRIGATORIAS E/OU JUDICIAIS(P. FISICAS).";"1022.66";"2023";"L";"17/01/2023";"0";"01/01/2023";"31/01/2023";"8"
"UNIDADE DE GESTÃO DE GOVERNO E FINANÇAS";"28";"ENCARGOS ESPECIAIS";"846";"OUTROS ENCARGOS ESPECIAIS";"2023";"1515";"";"0";"0";"100003863";"LUIZ CORAINI";"01678870846";"";"0";"PROPRIA";"33909199";"DIVERSAS SENTENCAS";"DESPESAS OBRIGATORIAS E/OU JUDICIAIS(P. FISICAS).";"1022.66";"2023";"L";"17/01/2023";"0";"01/01/2023";"31/01/2023";"8"
"UNIDADE DE GESTÃO DE GOVERNO E FINANÇAS";"28";"ENCARGOS ESPECIAIS";"846";"OUTROS ENCARGOS ESPECIAIS";"2023";"1515";"";"0";"0";"100003863";"LUIZ CORAINI";"01678870846";"";"0";"PROPRIA";"33909199";"DIVERSAS SENTENCAS";"DESPESAS OBRIGATORIAS E/OU JUDICIAIS(P. FISICAS).";"1022.66";"2023";"L";"17/01/2023";"0";"01/01/2023";"31/01/2023";"8"
"UNIDADE DE GESTÃO DE GOVERNO E FINANÇAS";"28";"ENCARGOS ESPECIAIS";"846";"OUTROS ENCARGOS ESPECIAIS";"2023";"1515";"";"0";"0";"100003863";"LUIZ CORAINI";"01678870846";"";"0";"PROPRIA";"33909199";"DIVERSAS SENTENCAS";"DESPESAS OBRIGATORIAS E/OU JUDICIAIS(P. FISICAS).";"1022.66";"2023";"L";"17/01/2023";"0";"01/01/2023";"31/01/2023";"8"
"UNIDADE DE GESTÃO DE GOVERNO E FINANÇAS";"28";"ENCARGOS ESPECIAIS";"846";"OUTROS ENCARGOS ESPECIAIS";"2023";"1515";"";"0";"0";"100003863";"LUIZ CORAINI";"01678870846";"";"0";"PROPRIA";"33909199";"DIVERSAS SENTENCAS";"DESPESAS OBRIGATORIAS E/OU JUDICIAIS(P. FISICAS).";"1022.66";"2023";"L";"17/01/2023";"0";"01/01/2023";"31/01/2023";"8"
"UNIDADE DE GESTÃO DE GOVERNO E FINANÇAS";"28";"ENCARGOS ESPECIAIS";"846";"OUTROS ENCARGOS ESPECIAIS";"2023";"1515";"";"0";"0";"100003863";"LUIZ CORAINI";"01678870846";"";"0";"PROPRIA";"33909199";"DIVERSAS SENTENCAS";"DESPESAS OBRIGATORIAS E/OU JUDICIAIS(P. FISICAS).";"1022.66";"2023";"L";"17/01/2023";"0";"01/01/2023";"31/01/2023";"8"
"UNIDADE DE GESTÃO DE GOVERNO E FINANÇAS";"28";"ENCARGOS ESPECIAIS";"846";"OUTROS ENCARGOS ESPECIAIS";"2023";"1515";"";"0";"0";"100003863";"LUIZ CORAINI";"01678870846";"";"0";"PROPRIA";"33909199";"DIVERSAS SENTENCAS";"DESPESAS OBRIGATORIAS E/OU JUDICIAIS(P. FISICAS).";"1022.66";"2023";"L";"17/01/2023";"0";"01/01/2023";"31/01/2023";"8"
"UNIDADE DE GESTÃO DE GOVERNO E FINANÇAS";"28";"ENCARGOS ESPECIAIS";"846";"OUTROS ENCARGOS ESPECIAIS";"2023";"1515";"";"0";"0";"100003863";"LUIZ CORAINI";"01678870846";"";"0";"PROPRIA";"33909199";"DIVERSAS SENTENCAS";"DESPESAS OBRIGATORIAS E/OU JUDICIAIS(P. FISICAS).";"1022.66";"2023";"L";"17/01/2023";"0";"01/01/2023";"31/01/2023";"8"
"UNIDADE DE GESTÃO DE GOVERNO E FINANÇAS";"28";"ENCARGOS ESPECIAIS";"846";"OUTROS ENCARGOS ESPECIAIS";"2023";"1515";"";"0";"0";"100003863";"LUIZ CORAINI";"01678870846";"";"0";"PROPRIA";"33909199";"DIVERSAS SENTENCAS";"DESPESAS OBRIGATORIAS E/OU JUDICIAIS(P. FISICAS).";"1022.66";"2023";"L";"17/01/2023";"0";"01/01/2023";"31/01/2023";"8"
"UNIDADE DE GESTÃO DE GOVERNO E FINANÇAS";"28";"ENCARGOS ESPECIAIS";"846";"OUTROS ENCARGOS ESPECIAIS";"2023";"1515";"";"0";"0";"100003863";"LUIZ CORAINI";"01678870846";"";"0";"PROPRIA";"33909199";"DIVERSAS SENTENCAS";"DESPESAS OBRIGATORIAS E/OU JUDICIAIS(P. FISICAS).";"1022.66";"2023";"L";"17/01/2023";"0";"01/01/2023";"31/01/2023";"8"
"UNIDADE DE GESTÃO DE GOVERNO E FINANÇAS";"28";"ENCARGOS ESPECIAIS";"846";"OUTROS ENCARGOS ESPECIAIS";"2023";"1515";"";"0";"0";"100003863";"LUIZ CORAINI";"01678870846";"";"0";"PROPRIA";"33909199";"DIVERSAS SENTENCAS";"DESPESAS OBRIGATORIAS E/OU JUDICIAIS(P. FISICAS).";"1022.66";"2023";"L";"17/01/2023";"0";"01/01/2023";"31/01/2023";"8"
"UNIDADE DE GESTÃO DE GOVERNO E FINANÇAS";"28";"ENCARGOS ESPECIAIS";"846";"OUTROS ENCARGOS ESPECIAIS";"2023";"1525";"";"0";"0";"100049116";"ALAN RODRIGUES FRANCISCO";"31203565810";"";"5403";"FUNDO MUNICIPAL DE TRANSITO - MULTAS";"33909302";"RESTITUICOES";"INDENIZACOES E/OU RESSARCIMENTOS(P. FISICA).";"139.7";"2023";"L";"26/01/2023";"0";"01/01/2023";"31/01/2023";"8"
"UNIDADE GESTÃO DE ASSISTÊNCIA E DESENVOLV. SOCIAL";"8";"ASSISTÊNCIA SOCIAL";"244";"ASSISTÊNCIA COMUNITÁRIA";"2023";"1537";"";"0";"0";"100049144";"LAIZE SILVA DE SOUZA";"13699825426";"";"0";"PROPRIA";"33904899";"DEMAIS AUXÍLIOS FINANCEIROS A PESSOAS FÍSICAS";"AUXILIO VULNERABILIDADE";"350";"2023";"L";"23/01/2023";"0";"01/01/2023";"31/01/2023";"15"
"UNIDADE GESTÃO DE ASSISTÊNCIA E DESENVOLV. SOCIAL";"8";"ASSISTÊNCIA SOCIAL";"244";"ASSISTÊNCIA COMUNITÁRIA";"2023";"1538";"";"0";"0";"100049145";"ISABELLE CRISTINA AMANCIO PEDRO";"50641973810";"";"0";"PROPRIA";"33904899";"DEMAIS AUXÍLIOS FINANCEIROS A PESSOAS FÍSICAS";"AUXILIO VULNERABILIDADE";"350";"2023";"L";"23/01/2023";"0";"01/01/2023";"31/01/2023";"15"
"UNIDADE GESTÃO DE ASSISTÊNCIA E DESENVOLV. SOCIAL";"8";"ASSISTÊNCIA SOCIAL";"244";"ASSISTÊNCIA COMUNITÁRIA";"2023";"1539";"";"0";"0";"100049146";"VITORIA ANDRESA CAMPOS DOS SANTOS";"44190949825";"";"0";"PROPRIA";"33904899";"DEMAIS AUXÍLIOS FINANCEIROS A PESSOAS FÍSICAS";"AUXILIO VULNERABILIDADE";"350";"2023";"L";"23/01/2023";"0";"01/01/2023";"31/01/2023";"15"
"UNIDADE GESTÃO DE ASSISTÊNCIA E DESENVOLV. SOCIAL";"8";"ASSISTÊNCIA SOCIAL";"244";"ASSISTÊNCIA COMUNITÁRIA";"2023";"1541";"";"0";"0";"100043121";"EDLAINE APARECIDA DA SILVA";"36713717810";"";"0";"PROPRIA";"33904899";"DEMAIS AUXÍLIOS FINANCEIROS A PESSOAS FÍSICAS";"AUXILIO VULNERABILIDADE";"350";"2023";"L";"23/01/2023";"0";"01/01/2023";"31/01/2023";"15"
"UNIDADE GESTÃO DE ASSISTÊNCIA E DESENVOLV. SOCIAL";"8";"ASSISTÊNCIA SOCIAL";"244";"ASSISTÊNCIA COMUNITÁRIA";"2023";"1542";"";"0";"0";"100049147";"DIOGO VENTURA DA SILVA";"46226173823";"";"0";"PROPRIA";"33904899";"DEMAIS AUXÍLIOS FINANCEIROS A PESSOAS FÍSICAS";"AUXILIO VULNERABILIDADE";"350";"2023";"L";"23/01/2023";"0";"01/01/2023";"31/01/2023";"15"
"UNIDADE DE GESTÃO DE INFRAEST. E SERVIÇOS PÚBLICOS";"18";"GESTÃO AMBIENTAL";"541";"PRESERVAÇÃO E CONSERVAÇÃO AMBIENTAL";"2023";"1547";"2022";"35";"14";"100045801";"SZ EMPREEND. E SERV. DE URBANIZACAO EIRELI EPP";"29765790000188";"PREGÃO ELETRÔNICO";"0";"PROPRIA";"33903031";"SEMENTES. MUDAS DE PLANTAS E INSUMOS";"GRAMA ESMERALDA";"9618.44";"2023";"L";"27/01/2023";"0";"01/01/2023";"31/01/2023";"10"
"UNIDADE DE GESTÃO DE INFRAEST. E SERVIÇOS PÚBLICOS";"18";"GESTÃO AMBIENTAL";"541";"PRESERVAÇÃO E CONSERVAÇÃO AMBIENTAL";"2023";"1548";"2022";"186";"14";"100043790";"MULTICOM COMERCIO DE MAT DE CONSTRUÇÃO LTDA EPP";"19345178000100";"PREGÃO ELETRÔNICO";"0";"PROPRIA";"33903024";"MATERIAL PARA MANUTENCAO DE BENS IMOVEIS";"PEDRISCO LAVADO LIMPO";"3300";"2023";"L";"20/01/2023";"0";"01/01/2023";"31/01/2023";"10"
"UNIDADE DE GESTÃO DE EDUCAÇÃO";"12";"EDUCAÇÃO";"361";"ENSINO FUNDAMENTAL";"2023";"1550";"2022";"342";"14";"100037183";"TECHPEL SOLUÇÕES CORPORATIVAS LTDA EPP";"30172981000115";"PREGÃO ELETRÔNICO";"0";"PROPRIA";"33903022";"MATERIAL DE LIMPEZA E PRODUTOS DE HIGIENIZACAO";"LIXEIRA HOSPITALAR EM PLASTICO QUADRADA. 30LITROS";"286.35";"2023";"L";"27/01/2023";"0";"01/01/2023";"31/01/2023";"13"
"UNIDADE DE GESTÃO DE EDUCAÇÃO";"12";"EDUCAÇÃO";"365";"EDUCAÇÃO INFANTIL";"2023";"1553";"2022";"342";"14";"100037183";"TECHPEL SOLUÇÕES CORPORATIVAS LTDA EPP";"30172981000115";"PREGÃO ELETRÔNICO";"0";"PROPRIA";"33903022";"MATERIAL DE LIMPEZA E PRODUTOS DE HIGIENIZACAO";"LIXEIRA HOSPITALAR EM PLASTICO QUADRADA. 30LITROS";"1431.75";"2023";"L";"27/01/2023";"0";"01/01/2023";"31/01/2023";"13"
"UNIDADE DE GESTÃO DE GOVERNO E FINANÇAS";"4";"ADMINISTRAÇÃO";"129";"ADMINISTRAÇÃO DE RECEITAS";"2023";"1555";"2022";"65";"2";"1087899";"SMARAPD INFORMATICA LTDA.";"50735505000172";"CONVITE";"0";"PROPRIA";"33903963";"SERVICOS GRAFICOS";"CARNE DE IPTU - SERVICOS DE IMPRESSAO";"127062.42";"2023";"L";"25/01/2023";"0";"01/01/2023";"31/01/2023";"8"
"UNIDADE DE GESTÃO DE PROMOÇÃO DA SAÚDE";"10";"SAÚDE";"302";"ASSISTÊNCIA HOSPITALAR E AMBULATORIAL";"2023";"1556";"2005";"19";"6";"100038392";"FREIS ADMINISTRACAO DE BENS LTDA";"08673441000166";"DISPENSA DE LICITACAO";"0";"PROPRIA";"33903910";"LOCACAO DE IMOVEIS";"LOCACAO-IMOVEL - NIS";"12932.98";"2023";"L";"30/01/2023";"0";"01/01/2023";"31/01/2023";"14"
"UNIDADE DE GESTÃO DE PROMOÇÃO DA SAÚDE";"10";"SAÚDE";"302";"ASSISTÊNCIA HOSPITALAR E AMBULATORIAL";"2023";"1557";"2005";"19";"6";"100038391";"MGB NEGOCIOS E PARTICIPACOES LTDA";"08278413000144";"DISPENSA DE LICITACAO";"0";"PROPRIA";"33903910";"LOCACAO DE IMOVEIS";"LOCACAO-IMOVEL - NIS";"12932.98";"2023";"L";"30/01/2023";"0";"01/01/2023";"31/01/2023";"14"
"UNIDADE GESTÃO DE PLANEJ. URBANO E MEIO AMBIENTE";"18";"GESTÃO AMBIENTAL";"542";"CONTROLE AMBIENTAL";"2023";"1562";"2022";"1048";"1";"100040400";"H.M CONSULTORIA EM GESTAO EMPRESARIAL LTDA EPP";"34518702000183";"COMPRA DIRETA";"0";"PROPRIA";"33903917";"MANUTENCAO E CONSERVACAO DE MAQUINAS E EQUIPAMENTO";"MANUTENCAO PREVENTIVA E CORRETIVA APARELHOS AR CONDICIONADO";"666.68";"2023";"L";"24/01/2023";"0";"01/01/2023";"31/01/2023";"11"
"UNIDADE DE GESTÃO DE GOVERNO E FINANÇAS";"28";"ENCARGOS ESPECIAIS";"846";"OUTROS ENCARGOS ESPECIAIS";"2023";"1566";"";"0";"0";"100049171";"MARIA SOCORRO ALVES DE ARAUJO";"07855453873";"";"0";"PROPRIA";"33909302";"RESTITUICOES";"INDENIZACOES E/OU RESSARCIMENTOS(P. FISICA).";"578.53";"2023";"L";"26/01/2023";"0";"01/01/2023";"31/01/2023";"8"
"UNIDADE DE GESTÃO DE GOVERNO E FINANÇAS";"28";"ENCARGOS ESPECIAIS";"846";"OUTROS ENCARGOS ESPECIAIS";"2023";"1567";"";"0";"0";"100049171";"MARIA SOCORRO ALVES DE ARAUJO";"07855453873";"";"0";"PROPRIA";"33909302";"RESTITUICOES";"INDENIZACOES E/OU RESSARCIMENTOS(P. FISICA).";"600.86";"2023";"L";"26/01/2023";"0";"01/01/2023";"31/01/2023";"8"
"UNIDADE DE GESTÃO DE GOVERNO E FINANÇAS";"28";"ENCARGOS ESPECIAIS";"846";"OUTROS ENCARGOS ESPECIAIS";"2023";"1568";"";"0";"0";"100049171";"MARIA SOCORRO ALVES DE ARAUJO";"07855453873";"";"0";"PROPRIA";"33909302";"RESTITUICOES";"INDENIZACOES E/OU RESSARCIMENTOS(P. FISICA).";"736.49";"2023";"L";"26/01/2023";"0";"01/01/2023";"31/01/2023";"8"
"UNIDADE DE GESTÃO DE ESPORTE E LAZER";"27";"DESPORTO E LAZER";"812";"DESPORTO COMUNITÁRIO";"2023";"1570";"2020";"10";"3";"100008151";"ROMME CONSTRUTORA LTDA";"06229343000109";"TOMADA DE PRECO";"6141";"ME/IMPL. E MOD. DE INFRAESTRUTURA PARA ESPORTE";"44905199";"OUTRAS OBRAS E INSTALACOES";"OBRA DE REFORMA E AMPLIACAO EM COMPLEXOS EDUCAC/CULT/ESP.";"87070.32";"2023";"L";"31/01/2023";"0";"01/01/2023";"31/01/2023";"23"
"UNIDADE DE GESTÃO DE EDUCAÇÃO";"12";"EDUCAÇÃO";"361";"ENSINO FUNDAMENTAL";"2023";"1595";"2021";"6";"6";"100002650";"COMPANHIA PIRATININGA DE FORCA E LUZ";"04172213000151";"DISPENSA DE LICITACAO";"0";"PROPRIA";"33903943";"SERVICOS DE ENERGIA ELETRICA";"ENERGIA ELETRICA(TAXAS E TAR.).";"38777.03";"2023";"L";"23/01/2023";"0";"01/01/2023";"31/01/2023";"13"
"UNIDADE DE GESTÃO DE EDUCAÇÃO";"12";"EDUCAÇÃO";"361";"ENSINO FUNDAMENTAL";"2023";"1595";"2021";"6";"6";"100002650";"COMPANHIA PIRATININGA DE FORCA E LUZ";"04172213000151";"DISPENSA DE LICITACAO";"0";"PROPRIA";"33903943";"SERVICOS DE ENERGIA ELETRICA";"ENERGIA ELETRICA(TAXAS E TAR.).";"689.43";"2023";"L";"24/01/2023";"0";"01/01/2023";"31/01/2023";"13"
"UNIDADE DE GESTÃO DE EDUCAÇÃO";"12";"EDUCAÇÃO";"361";"ENSINO FUNDAMENTAL";"2023";"1595";"2021";"6";"6";"100002650";"COMPANHIA PIRATININGA DE FORCA E LUZ";"04172213000151";"DISPENSA DE LICITACAO";"0";"PROPRIA";"33903943";"SERVICOS DE ENERGIA ELETRICA";"ENERGIA ELETRICA(TAXAS E TAR.).";"1992.04";"2023";"L";"27/01/2023";"0";"01/01/2023";"31/01/2023";"13"
"UNIDADE DE GESTÃO DE EDUCAÇÃO";"12";"EDUCAÇÃO";"361";"ENSINO FUNDAMENTAL";"2023";"1595";"2021";"6";"6";"100002650";"COMPANHIA PIRATININGA DE FORCA E LUZ";"04172213000151";"DISPENSA DE LICITACAO";"0";"PROPRIA";"33903943";"SERVICOS DE ENERGIA ELETRICA";"ENERGIA ELETRICA(TAXAS E TAR.).";"1478.82";"2023";"L";"27/01/2023";"0";"01/01/2023";"31/01/2023";"13"
"UNIDADE DE GESTÃO DE EDUCAÇÃO";"12";"EDUCAÇÃO";"365";"EDUCAÇÃO INFANTIL";"2023";"1597";"2021";"6";"6";"100002650";"COMPANHIA PIRATININGA DE FORCA E LUZ";"04172213000151";"DISPENSA DE LICITACAO";"0";"PROPRIA";"33903943";"SERVICOS DE ENERGIA ELETRICA";"ENERGIA ELETRICA(TAXAS E TAR.).";"1809.36";"2023";"L";"23/01/2023";"0";"01/01/2023";"31/01/2023";"13"
"UNIDADE DE GESTÃO DE ESPORTE E LAZER";"27";"DESPORTO E LAZER";"812";"DESPORTO COMUNITÁRIO";"2023";"1599";"2020";"10";"3";"100008151";"ROMME CONSTRUTORA LTDA";"06229343000109";"TOMADA DE PRECO";"0";"PROPRIA";"44905199";"OUTRAS OBRAS E INSTALACOES";"OBRA DE REFORMA E AMPLIACAO EM COMPLEXOS EDUCAC/CULT/ESP.";"29108.73";"2023";"L";"31/01/2023";"0";"01/01/2023";"31/01/2023";"23"
"UNIDADE DE GESTÃO DE INFRAEST. E SERVIÇOS PÚBLICOS";"18";"GESTÃO AMBIENTAL";"452";"SERVIÇOS URBANOS";"2023";"1600";"";"0";"0";"4003315";"CONSORCIO INTERM P/ACOES SUSTENTAVEIS CIAS";"54689302000148";"";"0";"PROPRIA";"33717000";"RATEIO PELA PARTICIPACAO EM CONSORCIO PUBLICO";"CONTRATOS(P. JURIDICAS).";"174432.61";"2023";"L";"23/01/2023";"0";"01/01/2023";"31/01/2023";"10"
"UNIDADE DE GESTÃO DE MOBILIDADE E TRANSPORTE";"15";"URBANISMO";"451";"INFRA-ESTRUTURA URBANA";"2023";"1603";"";"0";"0";"100006459";"INST.BRAS.MEIO AMBIENTE E REC.NATURAIS RENOVÁVEIS";"03659166002407";"";"5403";"FUNDO MUNICIPAL DE TRANSITO - MULTAS";"33903999";"OUTROS SERVICOS DE TERCEIROS - PESSOA JURIDICA";"LICENCA PARA PORTE E USO DE MOTOSERRA";"81.4";"2023";"L";"18/01/2023";"0";"01/01/2023";"31/01/2023";"12"
"UNIDADE DE GESTÃO DE PROMOÇÃO DA SAÚDE";"10";"SAÚDE";"303";"SUPORTE PROFILÁTICO E TERAPÊUTICO";"2023";"1609";"2023";"165";"1";"100002469";"M L MEDICAMENTOS LTDA EPP";"50960574000180";"COMPRA DIRETA";"0";"PROPRIA";"33903037";"MEDICAMENTOS FORNECIDOS POR DECISÃO JUDICIAL";"LAMOTRIGINA 100 MG CP PARA SUSPENSAO";"669.6";"2023";"L";"25/01/2023";"0";"01/01/2023";"31/01/2023";"14"
"UNIDADE DE GESTÃO DE CULTURA";"13";"CULTURA";"392";"DIFUSÃO CULTURAL";"2023";"1624";"2023";"190";"1";"100047017";"PRISCILA FREIRE PAIXAO ME";"26444303000197";"COMPRA DIRETA";"0";"PROPRIA";"33903999";"OUTROS SERVICOS DE TERCEIROS - PESSOA JURIDICA";"SHOW ARTISTICO";"1600";"2023";"L";"31/01/2023";"0";"01/01/2023";"31/01/2023";"22"
"UNIDADE DE GESTÃO DE CULTURA";"13";"CULTURA";"392";"DIFUSÃO CULTURAL";"2023";"1625";"2023";"191";"1";"100047017";"PRISCILA FREIRE PAIXAO ME";"26444303000197";"COMPRA DIRETA";"0";"PROPRIA";"33903999";"OUTROS SERVICOS DE TERCEIROS - PESSOA JURIDICA";"SHOW ARTISTICO";"1600";"2023";"L";"31/01/2023";"0";"01/01/2023";"31/01/2023";"22"
"UNIDADE DE GESTÃO DE PROMOÇÃO DA SAÚDE";"10";"SAÚDE";"303";"SUPORTE PROFILÁTICO E TERAPÊUTICO";"2023";"1632";"2023";"198";"1";"1091586";"SILPHION PHARMACIA DE MANIPULACAO LTDA ME";"72717911000145";"COMPRA DIRETA";"0";"PROPRIA";"33903037";"MEDICAMENTOS FORNECIDOS POR DECISÃO JUDICIAL";"FORMULA MANIPULADA POLIVITAMINICO. SACHE COM 5 G";"37.8";"2023";"L";"25/01/2023";"0";"01/01/2023";"31/01/2023";"14"
"UNIDADE DE GESTÃO DE PROMOÇÃO DA SAÚDE";"10";"SAÚDE";"303";"SUPORTE PROFILÁTICO E TERAPÊUTICO";"2023";"1632";"2023";"198";"1";"1091586";"SILPHION PHARMACIA DE MANIPULACAO LTDA ME";"72717911000145";"COMPRA DIRETA";"0";"PROPRIA";"33903037";"MEDICAMENTOS FORNECIDOS POR DECISÃO JUDICIAL";"FORMULA MANIPULADA-OMEPRAZOL 20MG/5ML SUSP.ORAL FRASCO 150ML";"29.3";"2023";"L";"25/01/2023";"0";"01/01/2023";"31/01/2023";"14"
"UNIDADE DE GESTÃO DE PROMOÇÃO DA SAÚDE";"10";"SAÚDE";"303";"SUPORTE PROFILÁTICO E TERAPÊUTICO";"2023";"1632";"2023";"198";"1";"1091586";"SILPHION PHARMACIA DE MANIPULACAO LTDA ME";"72717911000145";"COMPRA DIRETA";"0";"PROPRIA";"33903037";"MEDICAMENTOS FORNECIDOS POR DECISÃO JUDICIAL";"FORMULA MANIPULADA-CRAMBERRY 500MG";"76.8";"2023";"L";"25/01/2023";"0";"01/01/2023";"31/01/2023";"14"
"UNIDADE DE GESTÃO DE PROMOÇÃO DA SAÚDE";"10";"SAÚDE";"303";"SUPORTE PROFILÁTICO E TERAPÊUTICO";"2023";"1632";"2023";"198";"1";"1091586";"SILPHION PHARMACIA DE MANIPULACAO LTDA ME";"72717911000145";"COMPRA DIRETA";"0";"PROPRIA";"33903037";"MEDICAMENTOS FORNECIDOS POR DECISÃO JUDICIAL";"FORMULA MANIPULADA-VITIS VINIFERA 150MG + CASTANHA DA INDI";"39.6";"2023";"L";"25/01/2023";"0";"01/01/2023";"31/01/2023";"14"
"UNIDADE DE GESTÃO DE PROMOÇÃO DA SAÚDE";"10";"SAÚDE";"303";"SUPORTE PROFILÁTICO E TERAPÊUTICO";"2023";"1632";"2023";"198";"1";"1091586";"SILPHION PHARMACIA DE MANIPULACAO LTDA ME";"72717911000145";"COMPRA DIRETA";"0";"PROPRIA";"33903037";"MEDICAMENTOS FORNECIDOS POR DECISÃO JUDICIAL";"L-CARNITINA 100MG/ML FRASCO 480ML";"88.8";"2023";"L";"25/01/2023";"0";"01/01/2023";"31/01/2023";"14"
"UNIDADE DE GESTÃO DE PROMOÇÃO DA SAÚDE";"10";"SAÚDE";"303";"SUPORTE PROFILÁTICO E TERAPÊUTICO";"2023";"1632";"2023";"198";"1";"1091586";"SILPHION PHARMACIA DE MANIPULACAO LTDA ME";"72717911000145";"COMPRA DIRETA";"0";"PROPRIA";"33903037";"MEDICAMENTOS FORNECIDOS POR DECISÃO JUDICIAL";"FORMULA MANIPULADA-COENZIMA Q10 100MG";"70.8";"2023";"L";"25/01/2023";"0";"01/01/2023";"31/01/2023";"14"
"UNIDADE DE GESTÃO DE PROMOÇÃO DA SAÚDE";"10";"SAÚDE";"303";"SUPORTE PROFILÁTICO E TERAPÊUTICO";"2023";"1634";"2023";"198";"1";"100041021";"FARMACIA DE MANIPULAÇÃO IDEAL FORMULAS LTDA-ME";"04522343000177";"COMPRA DIRETA";"0";"PROPRIA";"33903037";"MEDICAMENTOS FORNECIDOS POR DECISÃO JUDICIAL";"FORMULA MANIPULADA-GABAPENTINA 700MG";"156";"2023";"L";"25/01/2023";"0";"01/01/2023";"31/01/2023";"14"
"UNIDADE DE GESTÃO DE PROMOÇÃO DA SAÚDE";"10";"SAÚDE";"303";"SUPORTE PROFILÁTICO E TERAPÊUTICO";"2023";"1634";"2023";"198";"1";"100041021";"FARMACIA DE MANIPULAÇÃO IDEAL FORMULAS LTDA-ME";"04522343000177";"COMPRA DIRETA";"0";"PROPRIA";"33903037";"MEDICAMENTOS FORNECIDOS POR DECISÃO JUDICIAL";"FORMULA MANIPULADA-CITICOLINA 500MG";"330";"2023";"L";"25/01/2023";"0";"01/01/2023";"31/01/2023";"14"
"UNIDADE DE GESTÃO DE PROMOÇÃO DA SAÚDE";"10";"SAÚDE";"302";"ASSISTÊNCIA HOSPITALAR E AMBULATORIAL";"2023";"1649";"";"0";"0";"100022427";"ASSOCIACAO FUNDO DE INCENTIVO A PESQUISA";"47673793000416";"";"5085";"MS/FNS/INCREM. TEMPORARIO CUSTEIO ASSIST. HOSP.AMB";"33503955";"SERVIÇOS LABORATORIAIS";"SERVICOS DE SAUDE(P. JURIDICAS).";"91000";"2023";"L";"19/01/2023";"0";"01/01/2023";"31/01/2023";"14"
"UNIDADE DE GESTÃO DE GOVERNO E FINANÇAS";"28";"ENCARGOS ESPECIAIS";"846";"OUTROS ENCARGOS ESPECIAIS";"2023";"1660";"";"0";"0";"100034023";"PAULECIR BLANCO";"36146584819";"";"0";"PROPRIA";"33909115";"SENTENÇAS JUDICIAIS DE PEQUENO VALOR";"DESPESAS OBRIGATORIAS E/OU JUDICIAIS(P. FISICAS).";"1276.61";"2023";"L";"19/01/2023";"0";"01/01/2023";"31/01/2023";"8"
"UNIDADE DE GESTÃO DE GOVERNO E FINANÇAS";"28";"ENCARGOS ESPECIAIS";"846";"OUTROS ENCARGOS ESPECIAIS";"2023";"1661";"";"0";"0";"100034023";"PAULECIR BLANCO";"36146584819";"";"0";"PROPRIA";"33909115";"SENTENÇAS JUDICIAIS DE PEQUENO VALOR";"DESPESAS OBRIGATORIAS E/OU JUDICIAIS(P. FISICAS).";"1276.61";"2023";"L";"19/01/2023";"0";"01/01/2023";"31/01/2023";"8"
"UNIDADE DE GESTÃO DE GOVERNO E FINANÇAS";"28";"ENCARGOS ESPECIAIS";"846";"OUTROS ENCARGOS ESPECIAIS";"2023";"1662";"";"0";"0";"100034023";"PAULECIR BLANCO";"36146584819";"";"0";"PROPRIA";"33909115";"SENTENÇAS JUDICIAIS DE PEQUENO VALOR";"DESPESAS OBRIGATORIAS E/OU JUDICIAIS(P. FISICAS).";"534.37";"2023";"L";"19/01/2023";"0";"01/01/2023";"31/01/2023";"8"
"UNIDADE DE GESTÃO DE GOVERNO E FINANÇAS";"28";"ENCARGOS ESPECIAIS";"846";"OUTROS ENCARGOS ESPECIAIS";"2023";"1663";"";"0";"0";"100034023";"PAULECIR BLANCO";"36146584819";"";"0";"PROPRIA";"33909115";"SENTENÇAS JUDICIAIS DE PEQUENO VALOR";"DESPESAS OBRIGATORIAS E/OU JUDICIAIS(P. FISICAS).";"1266.21";"2023";"L";"19/01/2023";"0";"01/01/2023";"31/01/2023";"8"
"UNIDADE DE GESTÃO DE GOVERNO E FINANÇAS";"28";"ENCARGOS ESPECIAIS";"846";"OUTROS ENCARGOS ESPECIAIS";"2023";"1664";"";"0";"0";"100035879";"VANIA DE ALMEIDA ROSA";"08316174898";"";"0";"PROPRIA";"33909115";"SENTENÇAS JUDICIAIS DE PEQUENO VALOR";"DESPESAS OBRIGATORIAS E/OU JUDICIAIS(P. FISICAS).";"1238.32";"2023";"L";"19/01/2023";"0";"01/01/2023";"31/01/2023";"8"
"UNIDADE DE GESTÃO DE GOVERNO E FINANÇAS";"28";"ENCARGOS ESPECIAIS";"846";"OUTROS ENCARGOS ESPECIAIS";"2023";"1665";"";"0";"0";"100035879";"VANIA DE ALMEIDA ROSA";"08316174898";"";"0";"PROPRIA";"33909115";"SENTENÇAS JUDICIAIS DE PEQUENO VALOR";"DESPESAS OBRIGATORIAS E/OU JUDICIAIS(P. FISICAS).";"1284.14";"2023";"L";"19/01/2023";"0";"01/01/2023";"31/01/2023";"8"
"UNIDADE DE GESTÃO DE GOVERNO E FINANÇAS";"28";"ENCARGOS ESPECIAIS";"846";"OUTROS ENCARGOS ESPECIAIS";"2023";"1666";"";"0";"0";"100034023";"PAULECIR BLANCO";"36146584819";"";"0";"PROPRIA";"33909115";"SENTENÇAS JUDICIAIS DE PEQUENO VALOR";"DESPESAS OBRIGATORIAS E/OU JUDICIAIS(P. FISICAS).";"1070";"2023";"L";"19/01/2023";"0";"01/01/2023";"31/01/2023";"8"
"UNIDADE DE GESTÃO DE PROMOÇÃO DA SAÚDE";"10";"SAÚDE";"301";"ATENÇÃO BÁSICA";"2023";"1670";"2013";"83";"6";"100047206";"ARFRANGI ADMINISTRACAO DE BENS PROPRIOS LTDA";"43103236000166";"DISPENSA DE LICITACAO";"5002";"FUNDO NACIONAL DE SAUDE - PAB";"33903910";"LOCACAO DE IMOVEIS";"LOCACAO-IMOVEL - UNIDADE DE SAUDE";"6720";"2023";"L";"30/01/2023";"0";"01/01/2023";"31/01/2023";"14"
"UNIDADE DE GESTÃO DE PROMOÇÃO DA SAÚDE";"10";"SAÚDE";"301";"ATENÇÃO BÁSICA";"2023";"1672";"2013";"83";"6";"100047205";"ACPM NEGOCIOS E PARTIC SOCIETARIAS LTDA E OUTRA";"18814089000195";"DISPENSA DE LICITACAO";"5002";"FUNDO NACIONAL DE SAUDE - PAB";"33903910";"LOCACAO DE IMOVEIS";"LOCACAO-IMOVEL - UNIDADE DE SAUDE";"6720";"2023";"L";"30/01/2023";"0";"01/01/2023";"31/01/2023";"14"
"UNIDADE DE GESTÃO DE EDUCAÇÃO";"12";"EDUCAÇÃO";"361";"ENSINO FUNDAMENTAL";"2023";"1681";"";"0";"0";"100009098";"UNDIME-UNIAO DOS DIRIGENTES MUNIC.EDUC.EST.S.PAULO";"59480558000164";"";"6108";"QUOTA DO SALARIO EDUCACAO";"33903999";"OUTROS SERVICOS DE TERCEIROS - PESSOA JURIDICA";"CONTRIBUICOES(P. JURIDICAS).";"6383";"2023";"L";"23/01/2023";"0";"01/01/2023";"31/01/2023";"13"
"UNIDADE DE GESTÃO DE PROMOÇÃO DA SAÚDE";"10";"SAÚDE";"302";"ASSISTÊNCIA HOSPITALAR E AMBULATORIAL";"2023";"1697";"2018";"2";"17";"100038618";"FENIX DO BRASIL SAÚDE-GESTÃO DESENV.POL.PUBL.SAÚDE";"64029101000410";"CHAMADA PÚBLICA";"5001";"FUNDO NACIONAL DE SAUDE - MS/SAS";"33508500";"CONTRATO DE GESTAO";"GESTAO DE UNIDADE DE SAUDE";"175000";"2023";"L";"25/01/2023";"0";"01/01/2023";"31/01/2023";"14"
"UNIDADE DE GESTÃO DE PROMOÇÃO DA SAÚDE";"10";"SAÚDE";"302";"ASSISTÊNCIA HOSPITALAR E AMBULATORIAL";"2023";"1698";"2018";"2";"17";"100038618";"FENIX DO BRASIL SAÚDE-GESTÃO DESENV.POL.PUBL.SAÚDE";"64029101000410";"CHAMADA PÚBLICA";"0";"PROPRIA";"33508500";"CONTRATO DE GESTAO";"GESTAO DE UNIDADE DE SAUDE";"1598080.87";"2023";"L";"25/01/2023";"0";"01/01/2023";"31/01/2023";"14"
"UNIDADE DE GESTÃO DA CASA CIVIL";"4";"ADMINISTRAÇÃO";"122";"ADMINISTRAÇÃO GERAL";"2023";"1713";"";"0";"0";"100012604";"FOLHA DE PAGAMENTO";"45780103000150";"";"0";"PROPRIA";"31901133";"GRATIFICACOES POR EXERCICIO DE  FUNCOES";"FOLHA DE PAGAMENTO";"400.21";"2023";"L";"19/01/2023";"0";"01/01/2023";"31/01/2023";"3"
"UNIDADE DE GESTÃO DA CASA CIVIL";"4";"ADMINISTRAÇÃO";"122";"ADMINISTRAÇÃO GERAL";"2023";"1714";"";"0";"0";"100012604";"FOLHA DE PAGAMENTO";"45780103000150";"";"0";"PROPRIA";"31901137";"GRATIFICACOES POR TEMPO DE SERVICO";"FOLHA DE PAGAMENTO";"908.46";"2023";"L";"19/01/2023";"0";"01/01/2023";"31/01/2023";"3"
"UNIDADE DE GESTÃO DA CASA CIVIL";"4";"ADMINISTRAÇÃO";"122";"ADMINISTRAÇÃO GERAL";"2023";"1715";"";"0";"0";"100012604";"FOLHA DE PAGAMENTO";"45780103000150";"";"0";"PROPRIA";"31901145";"FÉRIAS - ABONO CONSTITUICOES";"FOLHA DE PAGAMENTO";"1950.09";"2023";"L";"19/01/2023";"0";"01/01/2023";"31/01/2023";"3"
"UNIDADE DE GESTÃO DA CASA CIVIL";"4";"ADMINISTRAÇÃO";"122";"ADMINISTRAÇÃO GERAL";"2023";"1716";"";"0";"0";"100012604";"FOLHA DE PAGAMENTO";"45780103000150";"";"0";"PROPRIA";"31901146";"FÉRIAS - PAGAMENTO ANTECIPADO - RPPS";"FOLHA DE PAGAMENTO";"2585.36";"2023";"L";"19/01/2023";"0";"01/01/2023";"31/01/2023";"3"
"UNIDADE DE GESTÃO DA CASA CIVIL";"4";"ADMINISTRAÇÃO";"122";"ADMINISTRAÇÃO GERAL";"2023";"1717";"";"0";"0";"100012604";"FOLHA DE PAGAMENTO";"45780103000150";"";"0";"PROPRIA";"31901644";"SERVIÇOS EXTRAORDINÁRIOS";"FOLHA DE PAGAMENTO";"71.72";"2023";"L";"19/01/2023";"0";"01/01/2023";"31/01/2023";"3"
"UNIDADE DE GESTÃO DE NEG. JURÍDICOS E CIDADANIA";"4";"ADMINISTRAÇÃO";"122";"ADMINISTRAÇÃO GERAL";"2023";"1718";"";"0";"0";"100012604";"FOLHA DE PAGAMENTO";"45780103000150";"";"0";"PROPRIA";"31901131";"GRATIFICACOES POR EXERCICIO DE  CARGO";"FOLHA DE PAGAMENTO";"2202.4";"2023";"L";"19/01/2023";"0";"01/01/2023";"31/01/2023";"6"
"UNIDADE DE GESTÃO DE NEG. JURÍDICOS E CIDADANIA";"4";"ADMINISTRAÇÃO";"122";"ADMINISTRAÇÃO GERAL";"2023";"1719";"";"0";"0";"100012604";"FOLHA DE PAGAMENTO";"45780103000150";"";"0";"PROPRIA";"31901137";"GRATIFICACOES POR TEMPO DE SERVICO";"FOLHA DE PAGAMENTO";"689.99";"2023";"L";"19/01/2023";"0";"01/01/2023";"31/01/2023";"6"
"UNIDADE DE GESTÃO DE NEG. JURÍDICOS E CIDADANIA";"4";"ADMINISTRAÇÃO";"122";"ADMINISTRAÇÃO GERAL";"2023";"1720";"";"0";"0";"100012604";"FOLHA DE PAGAMENTO";"45780103000150";"";"0";"PROPRIA";"31901144";"FÉRIAS - ABONO PECUNIARIO";"FOLHA DE PAGAMENTO";"11012";"2023";"L";"19/01/2023";"0";"01/01/2023";"31/01/2023";"6"
"UNIDADE DE GESTÃO DE NEG. JURÍDICOS E CIDADANIA";"4";"ADMINISTRAÇÃO";"122";"ADMINISTRAÇÃO GERAL";"2023";"1721";"";"0";"0";"100012604";"FOLHA DE PAGAMENTO";"45780103000150";"";"0";"PROPRIA";"31901145";"FÉRIAS - ABONO CONSTITUICOES";"FOLHA DE PAGAMENTO";"4774.02";"2023";"L";"19/01/2023";"0";"01/01/2023";"31/01/2023";"6"
"UNIDADE DE GESTÃO DE NEG. JURÍDICOS E CIDADANIA";"4";"ADMINISTRAÇÃO";"122";"ADMINISTRAÇÃO GERAL";"2023";"1722";"";"0";"0";"100012604";"FOLHA DE PAGAMENTO";"45780103000150";"";"0";"PROPRIA";"31901146";"FÉRIAS - PAGAMENTO ANTECIPADO - RPPS";"FOLHA DE PAGAMENTO";"7878.44";"2023";"L";"19/01/2023";"0";"01/01/2023";"31/01/2023";"6"
"UNIDADE DE GESTÃO DE ADMINIST. E GESTÃO DE PESSOAS";"4";"ADMINISTRAÇÃO";"122";"ADMINISTRAÇÃO GERAL";"2023";"1723";"";"0";"0";"100012604";"FOLHA DE PAGAMENTO";"45780103000150";"";"0";"PROPRIA";"31901107";"ABONO DE PERMANENCIA";"FOLHA DE PAGAMENTO";"374.53";"2023";"L";"19/01/2023";"0";"01/01/2023";"31/01/2023";"7"
"UNIDADE DE GESTÃO DE ADMINIST. E GESTÃO DE PESSOAS";"4";"ADMINISTRAÇÃO";"122";"ADMINISTRAÇÃO GERAL";"2023";"1724";"";"0";"0";"100012604";"FOLHA DE PAGAMENTO";"45780103000150";"";"0";"PROPRIA";"31901133";"GRATIFICACOES POR EXERCICIO DE  FUNCOES";"FOLHA DE PAGAMENTO";"640.34";"2023";"L";"19/01/2023";"0";"01/01/2023";"31/01/2023";"7"
"UNIDADE DE GESTÃO DE ADMINIST. E GESTÃO DE PESSOAS";"4";"ADMINISTRAÇÃO";"122";"ADMINISTRAÇÃO GERAL";"2023";"1725";"";"0";"0";"100012604";"FOLHA DE PAGAMENTO";"45780103000150";"";"0";"PROPRIA";"31901137";"GRATIFICACOES POR TEMPO DE SERVICO";"FOLHA DE PAGAMENTO";"1492.27";"2023";"L";"19/01/2023";"0";"01/01/2023";"31/01/2023";"7"
"UNIDADE DE GESTÃO DE ADMINIST. E GESTÃO DE PESSOAS";"4";"ADMINISTRAÇÃO";"122";"ADMINISTRAÇÃO GERAL";"2023";"1726";"";"0";"0";"100012604";"FOLHA DE PAGAMENTO";"45780103000150";"";"0";"PROPRIA";"31901145";"FÉRIAS - ABONO CONSTITUICOES";"FOLHA DE PAGAMENTO";"2882.98";"2023";"L";"19/01/2023";"0";"01/01/2023";"31/01/2023";"7"
"UNIDADE DE GESTÃO DE ADMINIST. E GESTÃO DE PESSOAS";"4";"ADMINISTRAÇÃO";"122";"ADMINISTRAÇÃO GERAL";"2023";"1727";"";"0";"0";"100012604";"FOLHA DE PAGAMENTO";"45780103000150";"";"0";"PROPRIA";"31901145";"FÉRIAS - ABONO CONSTITUICOES";"FOLHA DE PAGAMENTO";"6388.26";"2023";"L";"19/01/2023";"0";"01/01/2023";"31/01/2023";"7"
"UNIDADE DE GESTÃO DE ADMINIST. E GESTÃO DE PESSOAS";"4";"ADMINISTRAÇÃO";"122";"ADMINISTRAÇÃO GERAL";"2023";"1728";"";"0";"0";"100012604";"FOLHA DE PAGAMENTO";"45780103000150";"";"0";"PROPRIA";"31901146";"FÉRIAS - PAGAMENTO ANTECIPADO - RPPS";"FOLHA DE PAGAMENTO";"6462.72";"2023";"L";"19/01/2023";"0";"01/01/2023";"31/01/2023";"7"
"UNIDADE DE GESTÃO DE ADMINIST. E GESTÃO DE PESSOAS";"4";"ADMINISTRAÇÃO";"122";"ADMINISTRAÇÃO GERAL";"2023";"1729";"";"0";"0";"100012604";"FOLHA DE PAGAMENTO";"45780103000150";"";"0";"PROPRIA";"31901146";"FÉRIAS - PAGAMENTO ANTECIPADO - RPPS";"FOLHA DE PAGAMENTO";"10426.51";"2023";"L";"19/01/2023";"0";"01/01/2023";"31/01/2023";"7"
"UNIDADE DE GESTÃO DE ADMINIST. E GESTÃO DE PESSOAS";"4";"ADMINISTRAÇÃO";"122";"ADMINISTRAÇÃO GERAL";"2023";"1730";"";"0";"0";"100012604";"FOLHA DE PAGAMENTO";"45780103000150";"";"0";"PROPRIA";"31901632";"SUBSTITUIÇÕES  RPPS";"FOLHA DE PAGAMENTO";"3435.85";"2023";"L";"19/01/2023";"0";"01/01/2023";"31/01/2023";"7"
"UNIDADE DE GESTÃO DE ADMINIST. E GESTÃO DE PESSOAS";"17";"SANEAMENTO";"122";"ADMINISTRAÇÃO GERAL";"2023";"1731";"";"0";"0";"100012604";"FOLHA DE PAGAMENTO";"45780103000150";"";"902";"RESTITUIÇÕES DAE S/A";"31901137";"GRATIFICACOES POR TEMPO DE SERVICO";"FOLHA DE PAGAMENTO";"775";"2023";"L";"19/01/2023";"0";"01/01/2023";"31/01/2023";"7"
"UNIDADE DE GESTÃO DE ADMINIST. E GESTÃO DE PESSOAS";"17";"SANEAMENTO";"122";"ADMINISTRAÇÃO GERAL";"2023";"1732";"";"0";"0";"100012604";"FOLHA DE PAGAMENTO";"45780103000150";"";"902";"RESTITUIÇÕES DAE S/A";"31901145";"FÉRIAS - ABONO CONSTITUICOES";"FOLHA DE PAGAMENTO";"1553.75";"2023";"L";"19/01/2023";"0";"01/01/2023";"31/01/2023";"7"
"UNIDADE DE GESTÃO DE ADMINIST. E GESTÃO DE PESSOAS";"17";"SANEAMENTO";"122";"ADMINISTRAÇÃO GERAL";"2023";"1733";"";"0";"0";"100012604";"FOLHA DE PAGAMENTO";"45780103000150";"";"902";"RESTITUIÇÕES DAE S/A";"31901146";"FÉRIAS - PAGAMENTO ANTECIPADO - RPPS";"FOLHA DE PAGAMENTO";"3174.19";"2023";"L";"19/01/2023";"0";"01/01/2023";"31/01/2023";"7"
"UNIDADE DE GESTÃO DE ADMINIST. E GESTÃO DE PESSOAS";"17";"SANEAMENTO";"122";"ADMINISTRAÇÃO GERAL";"2023";"1734";"";"0";"0";"100012604";"FOLHA DE PAGAMENTO";"45780103000150";"";"902";"RESTITUIÇÕES DAE S/A";"31901644";"SERVIÇOS EXTRAORDINÁRIOS";"FOLHA DE PAGAMENTO";"11.24";"2023";"L";"19/01/2023";"0";"01/01/2023";"31/01/2023";"7"
"UNIDADE DE GESTÃO DE ADMINIST. E GESTÃO DE PESSOAS";"4";"ADMINISTRAÇÃO";"122";"ADMINISTRAÇÃO GERAL";"2023";"1735";"";"0";"0";"100012604";"FOLHA DE PAGAMENTO";"45780103000150";"";"0";"PROPRIA";"31901137";"GRATIFICACOES POR TEMPO DE SERVICO";"FOLHA DE PAGAMENTO";"461.02";"2023";"L";"19/01/2023";"0";"01/01/2023";"31/01/2023";"7"
"UNIDADE DE GESTÃO DE ADMINIST. E GESTÃO DE PESSOAS";"4";"ADMINISTRAÇÃO";"122";"ADMINISTRAÇÃO GERAL";"2023";"1736";"";"0";"0";"100012604";"FOLHA DE PAGAMENTO";"45780103000150";"";"0";"PROPRIA";"31901145";"FÉRIAS - ABONO CONSTITUICOES";"FOLHA DE PAGAMENTO";"1178.16";"2023";"L";"19/01/2023";"0";"01/01/2023";"31/01/2023";"7"
"UNIDADE DE GESTÃO DE ADMINIST. E GESTÃO DE PESSOAS";"4";"ADMINISTRAÇÃO";"122";"ADMINISTRAÇÃO GERAL";"2023";"1737";"";"0";"0";"100012604";"FOLHA DE PAGAMENTO";"45780103000150";"";"0";"PROPRIA";"31901146";"FÉRIAS - PAGAMENTO ANTECIPADO - RPPS";"FOLHA DE PAGAMENTO";"2578.64";"2023";"L";"19/01/2023";"0";"01/01/2023";"31/01/2023";"7"
"UNIDADE DE GESTÃO DE GOVERNO E FINANÇAS";"4";"ADMINISTRAÇÃO";"122";"ADMINISTRAÇÃO GERAL";"2023";"1738";"";"0";"0";"100012604";"FOLHA DE PAGAMENTO";"45780103000150";"";"0";"PROPRIA";"31901145";"FÉRIAS - ABONO CONSTITUICOES";"FOLHA DE PAGAMENTO";"2569.88";"2023";"L";"19/01/2023";"0";"01/01/2023";"31/01/2023";"8"
"UNIDADE DE GESTÃO DE GOVERNO E FINANÇAS";"4";"ADMINISTRAÇÃO";"122";"ADMINISTRAÇÃO GERAL";"2023";"1739";"";"0";"0";"100012604";"FOLHA DE PAGAMENTO";"45780103000150";"";"0";"PROPRIA";"31901146";"FÉRIAS - PAGAMENTO ANTECIPADO - RPPS";"FOLHA DE PAGAMENTO";"6442.4";"2023";"L";"19/01/2023";"0";"01/01/2023";"31/01/2023";"8"
"UNIDADE DE GESTÃO DE GOVERNO E FINANÇAS";"4";"ADMINISTRAÇÃO";"122";"ADMINISTRAÇÃO GERAL";"2023";"1740";"";"0";"0";"100012604";"FOLHA DE PAGAMENTO";"45780103000150";"";"0";"PROPRIA";"31901644";"SERVIÇOS EXTRAORDINÁRIOS";"FOLHA DE PAGAMENTO";"218.49";"2023";"L";"19/01/2023";"0";"01/01/2023";"31/01/2023";"8"
"UNIDADE DE GESTÃO DE INFRAEST. E SERVIÇOS PÚBLICOS";"15";"URBANISMO";"122";"ADMINISTRAÇÃO GERAL";"2023";"1741";"";"0";"0";"100012604";"FOLHA DE PAGAMENTO";"45780103000150";"";"0";"PROPRIA";"31901107";"ABONO DE PERMANENCIA";"FOLHA DE PAGAMENTO";"806.99";"2023";"L";"19/01/2023";"0";"01/01/2023";"31/01/2023";"10"
"UNIDADE DE GESTÃO DE INFRAEST. E SERVIÇOS PÚBLICOS";"15";"URBANISMO";"122";"ADMINISTRAÇÃO GERAL";"2023";"1742";"";"0";"0";"100012604";"FOLHA DE PAGAMENTO";"45780103000150";"";"0";"PROPRIA";"31901133";"GRATIFICACOES POR EXERCICIO DE  FUNCOES";"FOLHA DE PAGAMENTO";"675.49";"2023";"L";"19/01/2023";"0";"01/01/2023";"31/01/2023";"10"
"UNIDADE DE GESTÃO DE INFRAEST. E SERVIÇOS PÚBLICOS";"15";"URBANISMO";"122";"ADMINISTRAÇÃO GERAL";"2023";"1743";"";"0";"0";"100012604";"FOLHA DE PAGAMENTO";"45780103000150";"";"0";"PROPRIA";"31901137";"GRATIFICACOES POR TEMPO DE SERVICO";"FOLHA DE PAGAMENTO";"3255.07";"2023";"L";"19/01/2023";"0";"01/01/2023";"31/01/2023";"10"
"UNIDADE DE GESTÃO DE INFRAEST. E SERVIÇOS PÚBLICOS";"15";"URBANISMO";"122";"ADMINISTRAÇÃO GERAL";"2023";"1744";"";"0";"0";"100012604";"FOLHA DE PAGAMENTO";"45780103000150";"";"0";"PROPRIA";"31901144";"FÉRIAS - ABONO PECUNIARIO";"FOLHA DE PAGAMENTO";"2995.61";"2023";"L";"19/01/2023";"0";"01/01/2023";"31/01/2023";"10"
"UNIDADE DE GESTÃO DE INFRAEST. E SERVIÇOS PÚBLICOS";"15";"URBANISMO";"122";"ADMINISTRAÇÃO GERAL";"2023";"1745";"";"0";"0";"100012604";"FOLHA DE PAGAMENTO";"45780103000150";"";"0";"PROPRIA";"31901144";"FÉRIAS - ABONO PECUNIARIO";"FOLHA DE PAGAMENTO";"15430.97";"2023";"L";"19/01/2023";"0";"01/01/2023";"31/01/2023";"10"
"UNIDADE DE GESTÃO DE INFRAEST. E SERVIÇOS PÚBLICOS";"15";"URBANISMO";"122";"ADMINISTRAÇÃO GERAL";"2023";"1746";"";"0";"0";"100012604";"FOLHA DE PAGAMENTO";"45780103000150";"";"0";"PROPRIA";"31901145";"FÉRIAS - ABONO CONSTITUICOES";"FOLHA DE PAGAMENTO";"5870.17";"2023";"L";"19/01/2023";"0";"01/01/2023";"31/01/2023";"10"
"UNIDADE DE GESTÃO DE INFRAEST. E SERVIÇOS PÚBLICOS";"15";"URBANISMO";"122";"ADMINISTRAÇÃO GERAL";"2023";"1747";"";"0";"0";"100012604";"FOLHA DE PAGAMENTO";"45780103000150";"";"0";"PROPRIA";"31901145";"FÉRIAS - ABONO CONSTITUICOES";"FOLHA DE PAGAMENTO";"2246.7";"2023";"L";"19/01/2023";"0";"01/01/2023";"31/01/2023";"10"
"UNIDADE DE GESTÃO DE INFRAEST. E SERVIÇOS PÚBLICOS";"15";"URBANISMO";"122";"ADMINISTRAÇÃO GERAL";"2023";"1748";"";"0";"0";"100012604";"FOLHA DE PAGAMENTO";"45780103000150";"";"0";"PROPRIA";"31901146";"FÉRIAS - PAGAMENTO ANTECIPADO - RPPS";"FOLHA DE PAGAMENTO";"6568.66";"2023";"L";"19/01/2023";"0";"01/01/2023";"31/01/2023";"10"
"UNIDADE DE GESTÃO DE INFRAEST. E SERVIÇOS PÚBLICOS";"15";"URBANISMO";"122";"ADMINISTRAÇÃO GERAL";"2023";"1749";"";"0";"0";"100012604";"FOLHA DE PAGAMENTO";"45780103000150";"";"0";"PROPRIA";"31901146";"FÉRIAS - PAGAMENTO ANTECIPADO - RPPS";"FOLHA DE PAGAMENTO";"5457.75";"2023";"L";"19/01/2023";"0";"01/01/2023";"31/01/2023";"10"
"UNIDADE DE GESTÃO DE INFRAEST. E SERVIÇOS PÚBLICOS";"15";"URBANISMO";"122";"ADMINISTRAÇÃO GERAL";"2023";"1750";"";"0";"0";"100012604";"FOLHA DE PAGAMENTO";"45780103000150";"";"0";"PROPRIA";"31901644";"SERVIÇOS EXTRAORDINÁRIOS";"FOLHA DE PAGAMENTO";"2963.61";"2023";"L";"19/01/2023";"0";"01/01/2023";"31/01/2023";"10"
"UNIDADE GESTÃO DE PLANEJ. URBANO E MEIO AMBIENTE";"18";"GESTÃO AMBIENTAL";"122";"ADMINISTRAÇÃO GERAL";"2023";"1751";"";"0";"0";"100012604";"FOLHA DE PAGAMENTO";"45780103000150";"";"0";"PROPRIA";"31901133";"GRATIFICACOES POR EXERCICIO DE  FUNCOES";"FOLHA DE PAGAMENTO";"606.62";"2023";"L";"19/01/2023";"0";"01/01/2023";"31/01/2023";"11"
"UNIDADE GESTÃO DE PLANEJ. URBANO E MEIO AMBIENTE";"18";"GESTÃO AMBIENTAL";"122";"ADMINISTRAÇÃO GERAL";"2023";"1752";"";"0";"0";"100012604";"FOLHA DE PAGAMENTO";"45780103000150";"";"0";"PROPRIA";"31901137";"GRATIFICACOES POR TEMPO DE SERVICO";"FOLHA DE PAGAMENTO";"1916.02";"2023";"L";"19/01/2023";"0";"01/01/2023";"31/01/2023";"11"
"UNIDADE GESTÃO DE PLANEJ. URBANO E MEIO AMBIENTE";"18";"GESTÃO AMBIENTAL";"122";"ADMINISTRAÇÃO GERAL";"2023";"1753";"";"0";"0";"100012604";"FOLHA DE PAGAMENTO";"45780103000150";"";"0";"PROPRIA";"31901144";"FÉRIAS - ABONO PECUNIARIO";"FOLHA DE PAGAMENTO";"10643.19";"2023";"L";"19/01/2023";"0";"01/01/2023";"31/01/2023";"11"
"UNIDADE GESTÃO DE PLANEJ. URBANO E MEIO AMBIENTE";"18";"GESTÃO AMBIENTAL";"122";"ADMINISTRAÇÃO GERAL";"2023";"1754";"";"0";"0";"100012604";"FOLHA DE PAGAMENTO";"45780103000150";"";"0";"PROPRIA";"31901145";"FÉRIAS - ABONO CONSTITUICOES";"FOLHA DE PAGAMENTO";"4080.63";"2023";"L";"19/01/2023";"0";"01/01/2023";"31/01/2023";"11"
"UNIDADE GESTÃO DE PLANEJ. URBANO E MEIO AMBIENTE";"18";"GESTÃO AMBIENTAL";"122";"ADMINISTRAÇÃO GERAL";"2023";"1755";"";"0";"0";"100012604";"FOLHA DE PAGAMENTO";"45780103000150";"";"0";"PROPRIA";"31901146";"FÉRIAS - PAGAMENTO ANTECIPADO - RPPS";"FOLHA DE PAGAMENTO";"7317.02";"2023";"L";"19/01/2023";"0";"01/01/2023";"31/01/2023";"11"
"UNIDADE DE GESTÃO DE MOBILIDADE E TRANSPORTE";"15";"URBANISMO";"122";"ADMINISTRAÇÃO GERAL";"2023";"1756";"";"0";"0";"100012604";"FOLHA DE PAGAMENTO";"45780103000150";"";"0";"PROPRIA";"31901133";"GRATIFICACOES POR EXERCICIO DE  FUNCOES";"FOLHA DE PAGAMENTO";"480.26";"2023";"L";"19/01/2023";"0";"01/01/2023";"31/01/2023";"12"
"UNIDADE DE GESTÃO DE MOBILIDADE E TRANSPORTE";"15";"URBANISMO";"122";"ADMINISTRAÇÃO GERAL";"2023";"1757";"";"0";"0";"100012604";"FOLHA DE PAGAMENTO";"45780103000150";"";"0";"PROPRIA";"31901137";"GRATIFICACOES POR TEMPO DE SERVICO";"FOLHA DE PAGAMENTO";"1100.15";"2023";"L";"19/01/2023";"0";"01/01/2023";"31/01/2023";"12"
"UNIDADE DE GESTÃO DE MOBILIDADE E TRANSPORTE";"15";"URBANISMO";"122";"ADMINISTRAÇÃO GERAL";"2023";"1758";"";"0";"0";"100012604";"FOLHA DE PAGAMENTO";"45780103000150";"";"0";"PROPRIA";"31901144";"FÉRIAS - ABONO PECUNIARIO";"FOLHA DE PAGAMENTO";"9889.52";"2023";"L";"19/01/2023";"0";"01/01/2023";"31/01/2023";"12"
"UNIDADE DE GESTÃO DE MOBILIDADE E TRANSPORTE";"15";"URBANISMO";"122";"ADMINISTRAÇÃO GERAL";"2023";"1759";"";"0";"0";"100012604";"FOLHA DE PAGAMENTO";"45780103000150";"";"0";"PROPRIA";"31901145";"FÉRIAS - ABONO CONSTITUICOES";"FOLHA DE PAGAMENTO";"2472.38";"2023";"L";"19/01/2023";"0";"01/01/2023";"31/01/2023";"12"
"UNIDADE DE GESTÃO DE MOBILIDADE E TRANSPORTE";"15";"URBANISMO";"122";"ADMINISTRAÇÃO GERAL";"2023";"1760";"";"0";"0";"100012604";"FOLHA DE PAGAMENTO";"45780103000150";"";"0";"PROPRIA";"31901146";"FÉRIAS - PAGAMENTO ANTECIPADO - RPPS";"FOLHA DE PAGAMENTO";"3621.52";"2023";"L";"19/01/2023";"0";"01/01/2023";"31/01/2023";"12"
"UNIDADE DE GESTÃO DE MOBILIDADE E TRANSPORTE";"15";"URBANISMO";"122";"ADMINISTRAÇÃO GERAL";"2023";"1761";"";"0";"0";"100012604";"FOLHA DE PAGAMENTO";"45780103000150";"";"0";"PROPRIA";"31901644";"SERVIÇOS EXTRAORDINÁRIOS";"FOLHA DE PAGAMENTO";"971.38";"2023";"L";"19/01/2023";"0";"01/01/2023";"31/01/2023";"12"
"UNIDADE DE GESTÃO DE EDUCAÇÃO";"12";"EDUCAÇÃO";"361";"ENSINO FUNDAMENTAL";"2023";"1762";"";"0";"0";"100012604";"FOLHA DE PAGAMENTO";"45780103000150";"";"0";"PROPRIA";"31901137";"GRATIFICACOES POR TEMPO DE SERVICO";"FOLHA DE PAGAMENTO";"7118.58";"2023";"L";"19/01/2023";"0";"01/01/2023";"31/01/2023";"13"
"UNIDADE DE GESTÃO DE EDUCAÇÃO";"12";"EDUCAÇÃO";"361";"ENSINO FUNDAMENTAL";"2023";"1763";"";"0";"0";"100012604";"FOLHA DE PAGAMENTO";"45780103000150";"";"0";"PROPRIA";"31901145";"FÉRIAS - ABONO CONSTITUICOES";"FOLHA DE PAGAMENTO";"5321.2";"2023";"L";"19/01/2023";"0";"01/01/2023";"31/01/2023";"13"
"UNIDADE DE GESTÃO DE EDUCAÇÃO";"12";"EDUCAÇÃO";"361";"ENSINO FUNDAMENTAL";"2023";"1764";"";"0";"0";"100012604";"FOLHA DE PAGAMENTO";"45780103000150";"";"0";"PROPRIA";"31901146";"FÉRIAS - PAGAMENTO ANTECIPADO - RPPS";"FOLHA DE PAGAMENTO";"6610.11";"2023";"L";"19/01/2023";"0";"01/01/2023";"31/01/2023";"13"
"UNIDADE DE GESTÃO DE EDUCAÇÃO";"12";"EDUCAÇÃO";"361";"ENSINO FUNDAMENTAL";"2023";"1765";"";"0";"0";"100012604";"FOLHA DE PAGAMENTO";"45780103000150";"";"5203";"FUNDO MANUT.DES.ED.BÁSICA E VALOR.PROF.MAG.-FUNDEB";"31901137";"GRATIFICACOES POR TEMPO DE SERVICO";"FOLHA DE PAGAMENTO";"691.19";"2023";"L";"19/01/2023";"0";"01/01/2023";"31/01/2023";"13"
"UNIDADE DE GESTÃO DE EDUCAÇÃO";"12";"EDUCAÇÃO";"361";"ENSINO FUNDAMENTAL";"2023";"1766";"";"0";"0";"100012604";"FOLHA DE PAGAMENTO";"45780103000150";"";"5203";"FUNDO MANUT.DES.ED.BÁSICA E VALOR.PROF.MAG.-FUNDEB";"31901145";"FÉRIAS - ABONO CONSTITUICOES";"FOLHA DE PAGAMENTO";"2534.36";"2023";"L";"19/01/2023";"0";"01/01/2023";"31/01/2023";"13"
"UNIDADE DE GESTÃO DE EDUCAÇÃO";"12";"EDUCAÇÃO";"361";"ENSINO FUNDAMENTAL";"2023";"1767";"";"0";"0";"100012604";"FOLHA DE PAGAMENTO";"45780103000150";"";"5203";"FUNDO MANUT.DES.ED.BÁSICA E VALOR.PROF.MAG.-FUNDEB";"31901146";"FÉRIAS - PAGAMENTO ANTECIPADO - RPPS";"FOLHA DE PAGAMENTO";"3665.08";"2023";"L";"19/01/2023";"0";"01/01/2023";"31/01/2023";"13"
"UNIDADE DE GESTÃO DE EDUCAÇÃO";"12";"EDUCAÇÃO";"361";"ENSINO FUNDAMENTAL";"2023";"1768";"";"0";"0";"100012604";"FOLHA DE PAGAMENTO";"45780103000150";"";"0";"PROPRIA";"31901137";"GRATIFICACOES POR TEMPO DE SERVICO";"FOLHA DE PAGAMENTO";"63.21";"2023";"L";"19/01/2023";"0";"01/01/2023";"31/01/2023";"13"
"UNIDADE DE GESTÃO DE EDUCAÇÃO";"12";"EDUCAÇÃO";"361";"ENSINO FUNDAMENTAL";"2023";"1769";"";"0";"0";"100012604";"FOLHA DE PAGAMENTO";"45780103000150";"";"0";"PROPRIA";"31901145";"FÉRIAS - ABONO CONSTITUICOES";"FOLHA DE PAGAMENTO";"442.5";"2023";"L";"19/01/2023";"0";"01/01/2023";"31/01/2023";"13"
"UNIDADE DE GESTÃO DE EDUCAÇÃO";"12";"EDUCAÇÃO";"361";"ENSINO FUNDAMENTAL";"2023";"1770";"";"0";"0";"100012604";"FOLHA DE PAGAMENTO";"45780103000150";"";"0";"PROPRIA";"31901146";"FÉRIAS - PAGAMENTO ANTECIPADO - RPPS";"FOLHA DE PAGAMENTO";"1078.44";"2023";"L";"19/01/2023";"0";"01/01/2023";"31/01/2023";"13"
"UNIDADE DE GESTÃO DE EDUCAÇÃO";"12";"EDUCAÇÃO";"365";"EDUCAÇÃO INFANTIL";"2023";"1771";"";"0";"0";"100012604";"FOLHA DE PAGAMENTO";"45780103000150";"";"0";"PROPRIA";"31901137";"GRATIFICACOES POR TEMPO DE SERVICO";"FOLHA DE PAGAMENTO";"132.75";"2023";"L";"19/01/2023";"0";"01/01/2023";"31/01/2023";"13"
"UNIDADE DE GESTÃO DE EDUCAÇÃO";"12";"EDUCAÇÃO";"365";"EDUCAÇÃO INFANTIL";"2023";"1772";"";"0";"0";"100012604";"FOLHA DE PAGAMENTO";"45780103000150";"";"0";"PROPRIA";"31901144";"FÉRIAS - ABONO PECUNIARIO";"FOLHA DE PAGAMENTO";"1947";"2023";"L";"19/01/2023";"0";"01/01/2023";"31/01/2023";"13"
"UNIDADE DE GESTÃO DE EDUCAÇÃO";"12";"EDUCAÇÃO";"365";"EDUCAÇÃO INFANTIL";"2023";"1773";"";"0";"0";"100012604";"FOLHA DE PAGAMENTO";"45780103000150";"";"0";"PROPRIA";"31901145";"FÉRIAS - ABONO CONSTITUICOES";"FOLHA DE PAGAMENTO";"486.75";"2023";"L";"19/01/2023";"0";"01/01/2023";"31/01/2023";"13"
"UNIDADE DE GESTÃO DE EDUCAÇÃO";"12";"EDUCAÇÃO";"365";"EDUCAÇÃO INFANTIL";"2023";"1774";"";"0";"0";"100012604";"FOLHA DE PAGAMENTO";"45780103000150";"";"0";"PROPRIA";"31901146";"FÉRIAS - PAGAMENTO ANTECIPADO - RPPS";"FOLHA DE PAGAMENTO";"956.36";"2023";"L";"19/01/2023";"0";"01/01/2023";"31/01/2023";"13"
"UNIDADE DE GESTÃO DE PROMOÇÃO DA SAÚDE";"10";"SAÚDE";"122";"ADMINISTRAÇÃO GERAL";"2023";"1775";"";"0";"0";"100012604";"FOLHA DE PAGAMENTO";"45780103000150";"";"0";"PROPRIA";"31901110";"ADICIONAL DE INSALUBRIDADE";"FOLHA DE PAGAMENTO";"434";"2023";"L";"19/01/2023";"0";"01/01/2023";"31/01/2023";"14"
"UNIDADE DE GESTÃO DE PROMOÇÃO DA SAÚDE";"10";"SAÚDE";"122";"ADMINISTRAÇÃO GERAL";"2023";"1776";"";"0";"0";"100012604";"FOLHA DE PAGAMENTO";"45780103000150";"";"0";"PROPRIA";"31901133";"GRATIFICACOES POR EXERCICIO DE  FUNCOES";"FOLHA DE PAGAMENTO";"2301.22";"2023";"L";"19/01/2023";"0";"01/01/2023";"31/01/2023";"14"
"UNIDADE DE GESTÃO DE PROMOÇÃO DA SAÚDE";"10";"SAÚDE";"122";"ADMINISTRAÇÃO GERAL";"2023";"1777";"";"0";"0";"100012604";"FOLHA DE PAGAMENTO";"45780103000150";"";"0";"PROPRIA";"31901137";"GRATIFICACOES POR TEMPO DE SERVICO";"FOLHA DE PAGAMENTO";"2565.53";"2023";"L";"19/01/2023";"0";"01/01/2023";"31/01/2023";"14"
"UNIDADE DE GESTÃO DE PROMOÇÃO DA SAÚDE";"10";"SAÚDE";"122";"ADMINISTRAÇÃO GERAL";"2023";"1778";"";"0";"0";"100012604";"FOLHA DE PAGAMENTO";"45780103000150";"";"0";"PROPRIA";"31901144";"FÉRIAS - ABONO PECUNIARIO";"FOLHA DE PAGAMENTO";"2332.84";"2023";"L";"19/01/2023";"0";"01/01/2023";"31/01/2023";"14"
"UNIDADE DE GESTÃO DE PROMOÇÃO DA SAÚDE";"10";"SAÚDE";"122";"ADMINISTRAÇÃO GERAL";"2023";"1779";"";"0";"0";"100012604";"FOLHA DE PAGAMENTO";"45780103000150";"";"0";"PROPRIA";"31901145";"FÉRIAS - ABONO CONSTITUICOES";"FOLHA DE PAGAMENTO";"9159.84";"2023";"L";"19/01/2023";"0";"01/01/2023";"31/01/2023";"14"
"UNIDADE DE GESTÃO DE PROMOÇÃO DA SAÚDE";"10";"SAÚDE";"122";"ADMINISTRAÇÃO GERAL";"2023";"1780";"";"0";"0";"100012604";"FOLHA DE PAGAMENTO";"45780103000150";"";"0";"PROPRIA";"31901146";"FÉRIAS - PAGAMENTO ANTECIPADO - RPPS";"FOLHA DE PAGAMENTO";"16430.01";"2023";"L";"19/01/2023";"0";"01/01/2023";"31/01/2023";"14"
"UNIDADE DE GESTÃO DE PROMOÇÃO DA SAÚDE";"10";"SAÚDE";"122";"ADMINISTRAÇÃO GERAL";"2023";"1781";"";"0";"0";"100012604";"FOLHA DE PAGAMENTO";"45780103000150";"";"0";"PROPRIA";"31901644";"SERVIÇOS EXTRAORDINÁRIOS";"FOLHA DE PAGAMENTO";"1977.05";"2023";"L";"19/01/2023";"0";"01/01/2023";"31/01/2023";"14"
"UNIDADE DE GESTÃO DE PROMOÇÃO DA SAÚDE";"10";"SAÚDE";"301";"ATENÇÃO BÁSICA";"2023";"1782";"";"0";"0";"100012604";"FOLHA DE PAGAMENTO";"45780103000150";"";"0";"PROPRIA";"31901110";"ADICIONAL DE INSALUBRIDADE";"FOLHA DE PAGAMENTO";"607.6";"2023";"L";"19/01/2023";"0";"01/01/2023";"31/01/2023";"14"
"UNIDADE DE GESTÃO DE PROMOÇÃO DA SAÚDE";"10";"SAÚDE";"301";"ATENÇÃO BÁSICA";"2023";"1783";"";"0";"0";"100012604";"FOLHA DE PAGAMENTO";"45780103000150";"";"0";"PROPRIA";"31901137";"GRATIFICACOES POR TEMPO DE SERVICO";"FOLHA DE PAGAMENTO";"5008.68";"2023";"L";"19/01/2023";"0";"01/01/2023";"31/01/2023";"14"
"UNIDADE DE GESTÃO DE PROMOÇÃO DA SAÚDE";"10";"SAÚDE";"301";"ATENÇÃO BÁSICA";"2023";"1784";"";"0";"0";"100012604";"FOLHA DE PAGAMENTO";"45780103000150";"";"0";"PROPRIA";"31901145";"FÉRIAS - ABONO CONSTITUICOES";"FOLHA DE PAGAMENTO";"15693.86";"2023";"L";"19/01/2023";"0";"01/01/2023";"31/01/2023";"14"
"UNIDADE DE GESTÃO DE PROMOÇÃO DA SAÚDE";"10";"SAÚDE";"301";"ATENÇÃO BÁSICA";"2023";"1785";"";"0";"0";"100012604";"FOLHA DE PAGAMENTO";"45780103000150";"";"0";"PROPRIA";"31901146";"FÉRIAS - PAGAMENTO ANTECIPADO - RPPS";"FOLHA DE PAGAMENTO";"28911.27";"2023";"L";"19/01/2023";"0";"01/01/2023";"31/01/2023";"14"
"UNIDADE DE GESTÃO DE PROMOÇÃO DA SAÚDE";"10";"SAÚDE";"301";"ATENÇÃO BÁSICA";"2023";"1786";"";"0";"0";"100012604";"FOLHA DE PAGAMENTO";"45780103000150";"";"0";"PROPRIA";"31901644";"SERVIÇOS EXTRAORDINÁRIOS";"FOLHA DE PAGAMENTO";"3476.71";"2023";"L";"19/01/2023";"0";"01/01/2023";"31/01/2023";"14"
"UNIDADE DE GESTÃO DE PROMOÇÃO DA SAÚDE";"10";"SAÚDE";"302";"ASSISTÊNCIA HOSPITALAR E AMBULATORIAL";"2023";"1787";"";"0";"0";"100012604";"FOLHA DE PAGAMENTO";"45780103000150";"";"0";"PROPRIA";"31901110";"ADICIONAL DE INSALUBRIDADE";"FOLHA DE PAGAMENTO";"868";"2023";"L";"19/01/2023";"0";"01/01/2023";"31/01/2023";"14"
"UNIDADE DE GESTÃO DE PROMOÇÃO DA SAÚDE";"10";"SAÚDE";"302";"ASSISTÊNCIA HOSPITALAR E AMBULATORIAL";"2023";"1788";"";"0";"0";"100012604";"FOLHA DE PAGAMENTO";"45780103000150";"";"0";"PROPRIA";"31901137";"GRATIFICACOES POR TEMPO DE SERVICO";"FOLHA DE PAGAMENTO";"2470.99";"2023";"L";"19/01/2023";"0";"01/01/2023";"31/01/2023";"14"
"UNIDADE DE GESTÃO DE PROMOÇÃO DA SAÚDE";"10";"SAÚDE";"302";"ASSISTÊNCIA HOSPITALAR E AMBULATORIAL";"2023";"1789";"";"0";"0";"100012604";"FOLHA DE PAGAMENTO";"45780103000150";"";"0";"PROPRIA";"31901144";"FÉRIAS - ABONO PECUNIARIO";"FOLHA DE PAGAMENTO";"4656.61";"2023";"L";"19/01/2023";"0";"01/01/2023";"31/01/2023";"14"
"UNIDADE DE GESTÃO DE PROMOÇÃO DA SAÚDE";"10";"SAÚDE";"302";"ASSISTÊNCIA HOSPITALAR E AMBULATORIAL";"2023";"1790";"";"0";"0";"100012604";"FOLHA DE PAGAMENTO";"45780103000150";"";"0";"PROPRIA";"31901145";"FÉRIAS - ABONO CONSTITUICOES";"FOLHA DE PAGAMENTO";"10717.47";"2023";"L";"19/01/2023";"0";"01/01/2023";"31/01/2023";"14"
"UNIDADE DE GESTÃO DE PROMOÇÃO DA SAÚDE";"10";"SAÚDE";"302";"ASSISTÊNCIA HOSPITALAR E AMBULATORIAL";"2023";"1791";"";"0";"0";"100012604";"FOLHA DE PAGAMENTO";"45780103000150";"";"0";"PROPRIA";"31901146";"FÉRIAS - PAGAMENTO ANTECIPADO - RPPS";"FOLHA DE PAGAMENTO";"19004.99";"2023";"L";"19/01/2023";"0";"01/01/2023";"31/01/2023";"14"
"UNIDADE DE GESTÃO DE PROMOÇÃO DA SAÚDE";"10";"SAÚDE";"302";"ASSISTÊNCIA HOSPITALAR E AMBULATORIAL";"2023";"1792";"";"0";"0";"100012604";"FOLHA DE PAGAMENTO";"45780103000150";"";"0";"PROPRIA";"31901644";"SERVIÇOS EXTRAORDINÁRIOS";"FOLHA DE PAGAMENTO";"2417.43";"2023";"L";"19/01/2023";"0";"01/01/2023";"31/01/2023";"14"
"UNIDADE DE GESTÃO DE PROMOÇÃO DA SAÚDE";"10";"SAÚDE";"305";"VIGILÂNCIA EPIDEMIOLÓGICA";"2023";"1793";"";"0";"0";"100012604";"FOLHA DE PAGAMENTO";"45780103000150";"";"0";"PROPRIA";"31901110";"ADICIONAL DE INSALUBRIDADE";"FOLHA DE PAGAMENTO";"347.2";"2023";"L";"19/01/2023";"0";"01/01/2023";"31/01/2023";"14"
"UNIDADE DE GESTÃO DE PROMOÇÃO DA SAÚDE";"10";"SAÚDE";"305";"VIGILÂNCIA EPIDEMIOLÓGICA";"2023";"1794";"";"0";"0";"100012604";"FOLHA DE PAGAMENTO";"45780103000150";"";"0";"PROPRIA";"31901137";"GRATIFICACOES POR TEMPO DE SERVICO";"FOLHA DE PAGAMENTO";"1318.68";"2023";"L";"19/01/2023";"0";"01/01/2023";"31/01/2023";"14"
"UNIDADE DE GESTÃO DE PROMOÇÃO DA SAÚDE";"10";"SAÚDE";"305";"VIGILÂNCIA EPIDEMIOLÓGICA";"2023";"1795";"";"0";"0";"100012604";"FOLHA DE PAGAMENTO";"45780103000150";"";"0";"PROPRIA";"31901145";"FÉRIAS - ABONO CONSTITUICOES";"FOLHA DE PAGAMENTO";"1497.14";"2023";"L";"19/01/2023";"0";"01/01/2023";"31/01/2023";"14"
"UNIDADE DE GESTÃO DE PROMOÇÃO DA SAÚDE";"10";"SAÚDE";"305";"VIGILÂNCIA EPIDEMIOLÓGICA";"2023";"1796";"";"0";"0";"100012604";"FOLHA DE PAGAMENTO";"45780103000150";"";"0";"PROPRIA";"31901146";"FÉRIAS - PAGAMENTO ANTECIPADO - RPPS";"FOLHA DE PAGAMENTO";"1423.37";"2023";"L";"19/01/2023";"0";"01/01/2023";"31/01/2023";"14"
"UNIDADE GESTÃO DE ASSISTÊNCIA E DESENVOLV. SOCIAL";"8";"ASSISTÊNCIA SOCIAL";"244";"ASSISTÊNCIA COMUNITÁRIA";"2023";"1797";"";"0";"0";"100012604";"FOLHA DE PAGAMENTO";"45780103000150";"";"0";"PROPRIA";"31901107";"ABONO DE PERMANENCIA";"FOLHA DE PAGAMENTO";"816.91";"2023";"L";"19/01/2023";"0";"01/01/2023";"31/01/2023";"15"
"UNIDADE GESTÃO DE ASSISTÊNCIA E DESENVOLV. SOCIAL";"8";"ASSISTÊNCIA SOCIAL";"244";"ASSISTÊNCIA COMUNITÁRIA";"2023";"1798";"";"0";"0";"100012604";"FOLHA DE PAGAMENTO";"45780103000150";"";"0";"PROPRIA";"31901137";"GRATIFICACOES POR TEMPO DE SERVICO";"FOLHA DE PAGAMENTO";"1716.29";"2023";"L";"19/01/2023";"0";"01/01/2023";"31/01/2023";"15"
"UNIDADE GESTÃO DE ASSISTÊNCIA E DESENVOLV. SOCIAL";"8";"ASSISTÊNCIA SOCIAL";"244";"ASSISTÊNCIA COMUNITÁRIA";"2023";"1799";"";"0";"0";"100012604";"FOLHA DE PAGAMENTO";"45780103000150";"";"0";"PROPRIA";"31901144";"FÉRIAS - ABONO PECUNIARIO";"FOLHA DE PAGAMENTO";"3967.52";"2023";"L";"19/01/2023";"0";"01/01/2023";"31/01/2023";"15"
"UNIDADE GESTÃO DE ASSISTÊNCIA E DESENVOLV. SOCIAL";"8";"ASSISTÊNCIA SOCIAL";"244";"ASSISTÊNCIA COMUNITÁRIA";"2023";"1800";"";"0";"0";"100012604";"FOLHA DE PAGAMENTO";"45780103000150";"";"0";"PROPRIA";"31901145";"FÉRIAS - ABONO CONSTITUICOES";"FOLHA DE PAGAMENTO";"1983.76";"2023";"L";"19/01/2023";"0";"01/01/2023";"31/01/2023";"15"
"UNIDADE GESTÃO DE ASSISTÊNCIA E DESENVOLV. SOCIAL";"8";"ASSISTÊNCIA SOCIAL";"244";"ASSISTÊNCIA COMUNITÁRIA";"2023";"1801";"";"0";"0";"100012604";"FOLHA DE PAGAMENTO";"45780103000150";"";"0";"PROPRIA";"31901146";"FÉRIAS - PAGAMENTO ANTECIPADO - RPPS";"FOLHA DE PAGAMENTO";"2351.1";"2023";"L";"19/01/2023";"0";"01/01/2023";"31/01/2023";"15"
"UNIDADE GESTÃO DE ASSISTÊNCIA E DESENVOLV. SOCIAL";"8";"ASSISTÊNCIA SOCIAL";"244";"ASSISTÊNCIA COMUNITÁRIA";"2023";"1802";"";"0";"0";"100012604";"FOLHA DE PAGAMENTO";"45780103000150";"";"0";"PROPRIA";"31901644";"SERVIÇOS EXTRAORDINÁRIOS";"FOLHA DE PAGAMENTO";"116.21";"2023";"L";"19/01/2023";"0";"01/01/2023";"31/01/2023";"15"
"UNIDADE GESTÃO DE ASSISTÊNCIA E DESENVOLV. SOCIAL";"8";"ASSISTÊNCIA SOCIAL";"244";"ASSISTÊNCIA COMUNITÁRIA";"2023";"1803";"";"0";"0";"100012604";"FOLHA DE PAGAMENTO";"45780103000150";"";"0";"PROPRIA";"31901137";"GRATIFICACOES POR TEMPO DE SERVICO";"FOLHA DE PAGAMENTO";"557.55";"2023";"L";"19/01/2023";"0";"01/01/2023";"31/01/2023";"15"
"UNIDADE GESTÃO DE ASSISTÊNCIA E DESENVOLV. SOCIAL";"8";"ASSISTÊNCIA SOCIAL";"244";"ASSISTÊNCIA COMUNITÁRIA";"2023";"1804";"";"0";"0";"100012604";"FOLHA DE PAGAMENTO";"45780103000150";"";"0";"PROPRIA";"31901145";"FÉRIAS - ABONO CONSTITUICOES";"FOLHA DE PAGAMENTO";"1115.1";"2023";"L";"19/01/2023";"0";"01/01/2023";"31/01/2023";"15"
"UNIDADE GESTÃO DE ASSISTÊNCIA E DESENVOLV. SOCIAL";"8";"ASSISTÊNCIA SOCIAL";"244";"ASSISTÊNCIA COMUNITÁRIA";"2023";"1805";"";"0";"0";"100012604";"FOLHA DE PAGAMENTO";"45780103000150";"";"0";"PROPRIA";"31901146";"FÉRIAS - PAGAMENTO ANTECIPADO - RPPS";"FOLHA DE PAGAMENTO";"1759.83";"2023";"L";"19/01/2023";"0";"01/01/2023";"31/01/2023";"15"
"UNIDADE GESTÃO DE ASSISTÊNCIA E DESENVOLV. SOCIAL";"8";"ASSISTÊNCIA SOCIAL";"244";"ASSISTÊNCIA COMUNITÁRIA";"2023";"1806";"";"0";"0";"100012604";"FOLHA DE PAGAMENTO";"45780103000150";"";"0";"PROPRIA";"31901137";"GRATIFICACOES POR TEMPO DE SERVICO";"FOLHA DE PAGAMENTO";"815.07";"2023";"L";"19/01/2023";"0";"01/01/2023";"31/01/2023";"15"
"UNIDADE GESTÃO DE ASSISTÊNCIA E DESENVOLV. SOCIAL";"8";"ASSISTÊNCIA SOCIAL";"244";"ASSISTÊNCIA COMUNITÁRIA";"2023";"1807";"";"0";"0";"100012604";"FOLHA DE PAGAMENTO";"45780103000150";"";"0";"PROPRIA";"31901145";"FÉRIAS - ABONO CONSTITUICOES";"FOLHA DE PAGAMENTO";"4927.82";"2023";"L";"19/01/2023";"0";"01/01/2023";"31/01/2023";"15"
"UNIDADE GESTÃO DE ASSISTÊNCIA E DESENVOLV. SOCIAL";"8";"ASSISTÊNCIA SOCIAL";"244";"ASSISTÊNCIA COMUNITÁRIA";"2023";"1808";"";"0";"0";"100012604";"FOLHA DE PAGAMENTO";"45780103000150";"";"0";"PROPRIA";"31901146";"FÉRIAS - PAGAMENTO ANTECIPADO - RPPS";"FOLHA DE PAGAMENTO";"10374.8";"2023";"L";"19/01/2023";"0";"01/01/2023";"31/01/2023";"15"
"UNIDADE GESTÃO DE ASSISTÊNCIA E DESENVOLV. SOCIAL";"8";"ASSISTÊNCIA SOCIAL";"244";"ASSISTÊNCIA COMUNITÁRIA";"2023";"1809";"";"0";"0";"100012604";"FOLHA DE PAGAMENTO";"45780103000150";"";"0";"PROPRIA";"31901644";"SERVIÇOS EXTRAORDINÁRIOS";"FOLHA DE PAGAMENTO";"913.45";"2023";"L";"19/01/2023";"0";"01/01/2023";"31/01/2023";"15"
"UNIDADE DE GESTÃO DE SEGURANÇA MUNICIPAL";"6";"SEGURANÇA PÚBLICA";"122";"ADMINISTRAÇÃO GERAL";"2023";"1810";"";"0";"0";"100012604";"FOLHA DE PAGAMENTO";"45780103000150";"";"0";"PROPRIA";"31901107";"ABONO DE PERMANENCIA";"FOLHA DE PAGAMENTO";"1477.88";"2023";"L";"19/01/2023";"0";"01/01/2023";"31/01/2023";"19"
"UNIDADE DE GESTÃO DE SEGURANÇA MUNICIPAL";"6";"SEGURANÇA PÚBLICA";"122";"ADMINISTRAÇÃO GERAL";"2023";"1811";"";"0";"0";"100012604";"FOLHA DE PAGAMENTO";"45780103000150";"";"0";"PROPRIA";"31901133";"GRATIFICACOES POR EXERCICIO DE  FUNCOES";"FOLHA DE PAGAMENTO";"2697.91";"2023";"L";"19/01/2023";"0";"01/01/2023";"31/01/2023";"19"
"UNIDADE DE GESTÃO DE SEGURANÇA MUNICIPAL";"6";"SEGURANÇA PÚBLICA";"122";"ADMINISTRAÇÃO GERAL";"2023";"1812";"";"0";"0";"100012604";"FOLHA DE PAGAMENTO";"45780103000150";"";"0";"PROPRIA";"31901137";"GRATIFICACOES POR TEMPO DE SERVICO";"FOLHA DE PAGAMENTO";"2939.5";"2023";"L";"19/01/2023";"0";"01/01/2023";"31/01/2023";"19"
"UNIDADE DE GESTÃO DE SEGURANÇA MUNICIPAL";"6";"SEGURANÇA PÚBLICA";"122";"ADMINISTRAÇÃO GERAL";"2023";"1813";"";"0";"0";"100012604";"FOLHA DE PAGAMENTO";"45780103000150";"";"0";"PROPRIA";"31901144";"FÉRIAS - ABONO PECUNIARIO";"FOLHA DE PAGAMENTO";"7129.05";"2023";"L";"19/01/2023";"0";"01/01/2023";"31/01/2023";"19"
"UNIDADE DE GESTÃO DE SEGURANÇA MUNICIPAL";"6";"SEGURANÇA PÚBLICA";"122";"ADMINISTRAÇÃO GERAL";"2023";"1814";"";"0";"0";"100012604";"FOLHA DE PAGAMENTO";"45780103000150";"";"0";"PROPRIA";"31901145";"FÉRIAS - ABONO CONSTITUICOES";"FOLHA DE PAGAMENTO";"5057.45";"2023";"L";"19/01/2023";"0";"01/01/2023";"31/01/2023";"19"
"UNIDADE DE GESTÃO DE SEGURANÇA MUNICIPAL";"6";"SEGURANÇA PÚBLICA";"122";"ADMINISTRAÇÃO GERAL";"2023";"1815";"";"0";"0";"100012604";"FOLHA DE PAGAMENTO";"45780103000150";"";"0";"PROPRIA";"31901146";"FÉRIAS - PAGAMENTO ANTECIPADO - RPPS";"FOLHA DE PAGAMENTO";"3821.97";"2023";"L";"19/01/2023";"0";"01/01/2023";"31/01/2023";"19"
"UNIDADE DE GESTÃO DE SEGURANÇA MUNICIPAL";"6";"SEGURANÇA PÚBLICA";"122";"ADMINISTRAÇÃO GERAL";"2023";"1816";"";"0";"0";"100012604";"FOLHA DE PAGAMENTO";"45780103000150";"";"0";"PROPRIA";"31901644";"SERVIÇOS EXTRAORDINÁRIOS";"FOLHA DE PAGAMENTO";"541.9";"2023";"L";"19/01/2023";"0";"01/01/2023";"31/01/2023";"19"
"UNIDADE DE GESTÃO DE CULTURA";"13";"CULTURA";"122";"ADMINISTRAÇÃO GERAL";"2023";"1817";"";"0";"0";"100012604";"FOLHA DE PAGAMENTO";"45780103000150";"";"0";"PROPRIA";"31901137";"GRATIFICACOES POR TEMPO DE SERVICO";"FOLHA DE PAGAMENTO";"418.82";"2023";"L";"19/01/2023";"0";"01/01/2023";"31/01/2023";"22"
"UNIDADE DE GESTÃO DE CULTURA";"13";"CULTURA";"122";"ADMINISTRAÇÃO GERAL";"2023";"1818";"";"0";"0";"100012604";"FOLHA DE PAGAMENTO";"45780103000150";"";"0";"PROPRIA";"31901145";"FÉRIAS - ABONO CONSTITUICOES";"FOLHA DE PAGAMENTO";"1468.92";"2023";"L";"19/01/2023";"0";"01/01/2023";"31/01/2023";"22"
"UNIDADE DE GESTÃO DE CULTURA";"13";"CULTURA";"122";"ADMINISTRAÇÃO GERAL";"2023";"1819";"";"0";"0";"100012604";"FOLHA DE PAGAMENTO";"45780103000150";"";"0";"PROPRIA";"31901146";"FÉRIAS - PAGAMENTO ANTECIPADO - RPPS";"FOLHA DE PAGAMENTO";"3103.77";"2023";"L";"19/01/2023";"0";"01/01/2023";"31/01/2023";"22"
"UNIDADE DE GESTÃO DE CULTURA";"13";"CULTURA";"122";"ADMINISTRAÇÃO GERAL";"2023";"1820";"";"0";"0";"100012604";"FOLHA DE PAGAMENTO";"45780103000150";"";"0";"PROPRIA";"31901644";"SERVIÇOS EXTRAORDINÁRIOS";"FOLHA DE PAGAMENTO";"39.43";"2023";"L";"19/01/2023";"0";"01/01/2023";"31/01/2023";"22"
"UNIDADE DE GESTÃO DE ESPORTE E LAZER";"27";"DESPORTO E LAZER";"812";"DESPORTO COMUNITÁRIO";"2023";"1821";"";"0";"0";"100012604";"FOLHA DE PAGAMENTO";"45780103000150";"";"0";"PROPRIA";"31901104";"ADICIONAL NOTURNO";"FOLHA DE PAGAMENTO";"0.25";"2023";"L";"19/01/2023";"0";"01/01/2023";"31/01/2023";"23"
"UNIDADE DE GESTÃO DE ESPORTE E LAZER";"27";"DESPORTO E LAZER";"812";"DESPORTO COMUNITÁRIO";"2023";"1822";"";"0";"0";"100012604";"FOLHA DE PAGAMENTO";"45780103000150";"";"0";"PROPRIA";"31901131";"GRATIFICACOES POR EXERCICIO DE  CARGO";"FOLHA DE PAGAMENTO";"1662.22";"2023";"L";"19/01/2023";"0";"01/01/2023";"31/01/2023";"23"
"UNIDADE DE GESTÃO DE ESPORTE E LAZER";"27";"DESPORTO E LAZER";"812";"DESPORTO COMUNITÁRIO";"2023";"1823";"";"0";"0";"100012604";"FOLHA DE PAGAMENTO";"45780103000150";"";"0";"PROPRIA";"31901133";"GRATIFICACOES POR EXERCICIO DE  FUNCOES";"FOLHA DE PAGAMENTO";"880.46";"2023";"L";"19/01/2023";"0";"01/01/2023";"31/01/2023";"23"
"UNIDADE DE GESTÃO DE ESPORTE E LAZER";"27";"DESPORTO E LAZER";"812";"DESPORTO COMUNITÁRIO";"2023";"1824";"";"0";"0";"100012604";"FOLHA DE PAGAMENTO";"45780103000150";"";"0";"PROPRIA";"31901137";"GRATIFICACOES POR TEMPO DE SERVICO";"FOLHA DE PAGAMENTO";"1484.08";"2023";"L";"19/01/2023";"0";"01/01/2023";"31/01/2023";"23"
"UNIDADE DE GESTÃO DE ESPORTE E LAZER";"27";"DESPORTO E LAZER";"812";"DESPORTO COMUNITÁRIO";"2023";"1825";"";"0";"0";"100012604";"FOLHA DE PAGAMENTO";"45780103000150";"";"0";"PROPRIA";"31901144";"FÉRIAS - ABONO PECUNIARIO";"FOLHA DE PAGAMENTO";"1743.89";"2023";"L";"19/01/2023";"0";"01/01/2023";"31/01/2023";"23"
"UNIDADE DE GESTÃO DE ESPORTE E LAZER";"27";"DESPORTO E LAZER";"812";"DESPORTO COMUNITÁRIO";"2023";"1826";"";"0";"0";"100012604";"FOLHA DE PAGAMENTO";"45780103000150";"";"0";"PROPRIA";"31901145";"FÉRIAS - ABONO CONSTITUICOES";"FOLHA DE PAGAMENTO";"6765.49";"2023";"L";"19/01/2023";"0";"01/01/2023";"31/01/2023";"23"
"UNIDADE DE GESTÃO DE ESPORTE E LAZER";"27";"DESPORTO E LAZER";"812";"DESPORTO COMUNITÁRIO";"2023";"1827";"";"0";"0";"100012604";"FOLHA DE PAGAMENTO";"45780103000150";"";"0";"PROPRIA";"31901146";"FÉRIAS - PAGAMENTO ANTECIPADO - RPPS";"FOLHA DE PAGAMENTO";"10397.27";"2023";"L";"19/01/2023";"0";"01/01/2023";"31/01/2023";"23"
"UNIDADE DE GESTÃO DE ESPORTE E LAZER";"27";"DESPORTO E LAZER";"812";"DESPORTO COMUNITÁRIO";"2023";"1828";"";"0";"0";"100012604";"FOLHA DE PAGAMENTO";"45780103000150";"";"0";"PROPRIA";"31901644";"SERVIÇOS EXTRAORDINÁRIOS";"FOLHA DE PAGAMENTO";"472.4";"2023";"L";"19/01/2023";"0";"01/01/2023";"31/01/2023";"23"
"UNIDADE DE GESTÃO DE PROMOÇÃO DA SAÚDE";"10";"SAÚDE";"302";"ASSISTÊNCIA HOSPITALAR E AMBULATORIAL";"2023";"1839";"2022";"254";"14";"100024505";"NOSSA CASA JUNDIAI RESTAURANTE LTDA ME";"15264611000114";"PREGÃO ELETRÔNICO";"0";"PROPRIA";"33903941";"FORNECIMENTO DE ALIMENTACAO";"FORNECIMENTO DE CAFE DA MANHA E CAFE DA TARDE";"2577.73";"2023";"L";"25/01/2023";"0";"01/01/2023";"31/01/2023";"14"
"UNIDADE DE GESTÃO DE PROMOÇÃO DA SAÚDE";"10";"SAÚDE";"302";"ASSISTÊNCIA HOSPITALAR E AMBULATORIAL";"2023";"1839";"2022";"254";"14";"100024505";"NOSSA CASA JUNDIAI RESTAURANTE LTDA ME";"15264611000114";"PREGÃO ELETRÔNICO";"0";"PROPRIA";"33903941";"FORNECIMENTO DE ALIMENTACAO";"FORNECIMENTO DE CAFE DA MANHA E CAFE DA TARDE";"5375.73";"2023";"L";"25/01/2023";"0";"01/01/2023";"31/01/2023";"14"
"UNIDADE DE GESTÃO DE ESPORTE E LAZER";"4";"ADMINISTRAÇÃO";"122";"ADMINISTRAÇÃO GERAL";"2023";"1859";"2022";"364";"14";"100010655";"CRISTIANE BISSOLI - ME";"05416296000140";"PREGÃO ELETRÔNICO";"0";"PROPRIA";"33903919";"MANUTENCAO E CONSERVACAO DE VEICULOS";"MANUTENCAO MECANICA DE VEICULOS PESADOS";"936";"2023";"L";"27/01/2023";"0";"01/01/2023";"31/01/2023";"23"
"UNIDADE DE GESTÃO DE ESPORTE E LAZER";"4";"ADMINISTRAÇÃO";"122";"ADMINISTRAÇÃO GERAL";"2023";"1860";"2022";"364";"14";"100010655";"CRISTIANE BISSOLI - ME";"05416296000140";"PREGÃO ELETRÔNICO";"0";"PROPRIA";"33903039";"MATERIAL PARA MANUTENCAO DE VEICULOS";"PECAS PARA MANUTENCAO MECANICA DE VEICULOS PESADOS";"3724.5";"2023";"L";"27/01/2023";"0";"01/01/2023";"31/01/2023";"23"
"UNIDADE GESTÃO DE ASSISTÊNCIA E DESENVOLV. SOCIAL";"8";"ASSISTÊNCIA SOCIAL";"244";"ASSISTÊNCIA COMUNITÁRIA";"2023";"1869";"2021";"54";"6";"100044868";"ANA CRISTINA GASPARI NIVOLONI";"05396307803";"DISPENSA DE LICITACAO";"0";"PROPRIA";"33903615";"LOCACAO DE IMOVEIS";"LOCACAO-IMOVEL";"12000";"2023";"L";"23/01/2023";"0";"01/01/2023";"31/01/2023";"15"
"UNIDADE DE GESTÃO DE GOVERNO E FINANÇAS";"28";"ENCARGOS ESPECIAIS";"846";"OUTROS ENCARGOS ESPECIAIS";"2023";"1870";"";"0";"0";"100035481";"MARCELA MARIA DOS SANTOS SILVA";"16753381830";"";"0";"PROPRIA";"33909199";"DIVERSAS SENTENCAS";"DESPESAS OBRIGATORIAS E/OU JUDICIAIS(P. FISICAS).";"1509.25";"2023";"L";"24/01/2023";"0";"01/01/2023";"31/01/2023";"8"
"UNIDADE DE GESTÃO DE GOVERNO E FINANÇAS";"28";"ENCARGOS ESPECIAIS";"846";"OUTROS ENCARGOS ESPECIAIS";"2023";"1870";"";"0";"0";"100035481";"MARCELA MARIA DOS SANTOS SILVA";"16753381830";"";"0";"PROPRIA";"33909199";"DIVERSAS SENTENCAS";"DESPESAS OBRIGATORIAS E/OU JUDICIAIS(P. FISICAS).";"1509.25";"2023";"L";"24/01/2023";"0";"01/01/2023";"31/01/2023";"8"
"UNIDADE DE GESTÃO DE GOVERNO E FINANÇAS";"28";"ENCARGOS ESPECIAIS";"846";"OUTROS ENCARGOS ESPECIAIS";"2023";"1870";"";"0";"0";"100035481";"MARCELA MARIA DOS SANTOS SILVA";"16753381830";"";"0";"PROPRIA";"33909199";"DIVERSAS SENTENCAS";"DESPESAS OBRIGATORIAS E/OU JUDICIAIS(P. FISICAS).";"1509.25";"2023";"L";"24/01/2023";"0";"01/01/2023";"31/01/2023";"8"
"UNIDADE DE GESTÃO DE GOVERNO E FINANÇAS";"28";"ENCARGOS ESPECIAIS";"846";"OUTROS ENCARGOS ESPECIAIS";"2023";"1870";"";"0";"0";"100035481";"MARCELA MARIA DOS SANTOS SILVA";"16753381830";"";"0";"PROPRIA";"33909199";"DIVERSAS SENTENCAS";"DESPESAS OBRIGATORIAS E/OU JUDICIAIS(P. FISICAS).";"1509.25";"2023";"L";"24/01/2023";"0";"01/01/2023";"31/01/2023";"8"
"UNIDADE DE GESTÃO DE PROMOÇÃO DA SAÚDE";"10";"SAÚDE";"302";"ASSISTÊNCIA HOSPITALAR E AMBULATORIAL";"2023";"1871";"";"0";"0";"100032327";"EVELYN MORASSUTTI";"37089645860";"";"0";"PROPRIA";"33909302";"RESTITUICOES";"INDENIZACOES E/OU RESSARCIMENTOS(P. FISICA).";"733.22";"2023";"L";"23/01/2023";"0";"01/01/2023";"31/01/2023";"14"
"UNIDADE DE GESTÃO DE PROMOÇÃO DA SAÚDE";"10";"SAÚDE";"302";"ASSISTÊNCIA HOSPITALAR E AMBULATORIAL";"2023";"1872";"";"0";"0";"100045542";"MATHEUS HENRIQUE CRUZ DIAS";"43312463882";"";"0";"PROPRIA";"33909302";"RESTITUICOES";"INDENIZACOES E/OU RESSARCIMENTOS(P. FISICA).";"180";"2023";"L";"23/01/2023";"0";"01/01/2023";"31/01/2023";"14"
"UNIDADE DE GESTÃO DE GOVERNO E FINANÇAS";"28";"ENCARGOS ESPECIAIS";"846";"OUTROS ENCARGOS ESPECIAIS";"2023";"1874";"";"0";"0";"100003995";"MILTON DE CAMPOS";"23583274768";"";"0";"PROPRIA";"33909115";"SENTENÇAS JUDICIAIS DE PEQUENO VALOR";"DESPESAS OBRIGATORIAS E/OU JUDICIAIS(P. FISICAS).";"3082.14";"2023";"L";"20/01/2023";"0";"01/01/2023";"31/01/2023";"8"
"UNIDADE DE GESTÃO DE MOBILIDADE E TRANSPORTE";"15";"URBANISMO";"451";"INFRA-ESTRUTURA URBANA";"2023";"1896";"2022";"24";"14";"100001377";"J.V.ARTTI COM. E RECUPERAD.PNEUS LTDA-ME";"02784513000166";"PREGÃO ELETRÔNICO";"5403";"FUNDO MUNICIPAL DE TRANSITO - MULTAS";"33903039";"MATERIAL PARA MANUTENCAO DE VEICULOS";"PNEU CAMINHONETE/SUV RADIAL. 235/70 X R16.";"3596";"2023";"L";"27/01/2023";"0";"01/01/2023";"31/01/2023";"12"
"UNIDADE DE GESTÃO DE PROMOÇÃO DA SAÚDE";"10";"SAÚDE";"302";"ASSISTÊNCIA HOSPITALAR E AMBULATORIAL";"2023";"1903";"2020";"331";"14";"100043201";"NEX SAUDE DIGITAL LTDA";"26193419000109";"PREGÃO ELETRÔNICO";"0";"PROPRIA";"33903950";"SERVIÇO MÉDICO-HOSPITALAR. ODONTOLÓGICO E LABORATO";"TELEMEDICINA - TELEINTERCONSULTA COM TELEDIAGNOSTICO";"26";"2023";"L";"24/01/2023";"0";"01/01/2023";"31/01/2023";"14"
"UNIDADE DE GESTÃO DE PROMOÇÃO DA SAÚDE";"10";"SAÚDE";"302";"ASSISTÊNCIA HOSPITALAR E AMBULATORIAL";"2023";"1919";"2022";"302";"14";"100032648";"PROMAN MANUTENCAO SERVICOS E COMERCIO LTDA - ME";"01689734000192";"PREGÃO ELETRÔNICO";"0";"PROPRIA";"33903025";"MATERIAL PARA MANUTENCAO DE BENS MOVEIS";"PECAS-MANUTENCAO EQUIPAMENTOS MEDICOS E HOSPITALARES";"434.19";"2023";"L";"27/01/2023";"0";"01/01/2023";"31/01/2023";"14"
"UNIDADE DE GESTÃO DE PROMOÇÃO DA SAÚDE";"10";"SAÚDE";"122";"ADMINISTRAÇÃO GERAL";"2023";"1922";"";"0";"0";"100044904";"CONSÓR. NAC.DE VACINA DAS CID.BRASILEIRAS-CONECTAR";"41774599000106";"";"0";"PROPRIA";"33717000";"RATEIO PELA PARTICIPACAO EM CONSORCIO PUBLICO";"ANUIDADE CONSORCIO CONECTAR";"14499.96";"2023";"L";"25/01/2023";"0";"01/01/2023";"31/01/2023";"14"
"UNIDADE GESTÃO DE ASSISTÊNCIA E DESENVOLV. SOCIAL";"8";"ASSISTÊNCIA SOCIAL";"243";"ASSISTÊNCIA À CRIANÇA E AO ADOLESCENTE";"2023";"1923";"";"0";"0";"100041257";"GLAUCIA DO AMARAL BRUNELLI";"02078515817";"";"0";"PROPRIA";"31901101";"VENCIMENTO E SALARIOS";"REMUNERACAO DE CONSELHEIROS TUTELARES";"7243.33";"2023";"L";"24/01/2023";"0";"01/01/2023";"31/01/2023";"15"
"UNIDADE GESTÃO DE ASSISTÊNCIA E DESENVOLV. SOCIAL";"8";"ASSISTÊNCIA SOCIAL";"243";"ASSISTÊNCIA À CRIANÇA E AO ADOLESCENTE";"2023";"1924";"";"0";"0";"100041261";"MARIO MARTINI";"03611900850";"";"0";"PROPRIA";"31901101";"VENCIMENTO E SALARIOS";"REMUNERACAO DE CONSELHEIROS TUTELARES";"7243.33";"2023";"L";"24/01/2023";"0";"01/01/2023";"31/01/2023";"15"
"UNIDADE GESTÃO DE ASSISTÊNCIA E DESENVOLV. SOCIAL";"8";"ASSISTÊNCIA SOCIAL";"243";"ASSISTÊNCIA À CRIANÇA E AO ADOLESCENTE";"2023";"1927";"";"0";"0";"100041262";"SEBASTIAO NEREU DA VEIGA";"02496094876";"";"0";"PROPRIA";"31901101";"VENCIMENTO E SALARIOS";"REMUNERACAO DE CONSELHEIROS TUTELARES";"8048.14";"2023";"L";"24/01/2023";"0";"01/01/2023";"31/01/2023";"15"
"UNIDADE GESTÃO DE ASSISTÊNCIA E DESENVOLV. SOCIAL";"8";"ASSISTÊNCIA SOCIAL";"243";"ASSISTÊNCIA À CRIANÇA E AO ADOLESCENTE";"2023";"1929";"";"0";"0";"100041263";"THALITA ROSADO VENTORINI";"31235829812";"";"0";"PROPRIA";"31901101";"VENCIMENTO E SALARIOS";"REMUNERACAO DE CONSELHEIROS TUTELARES";"8048.14";"2023";"L";"24/01/2023";"0";"01/01/2023";"31/01/2023";"15"
"UNIDADE GESTÃO DE ASSISTÊNCIA E DESENVOLV. SOCIAL";"8";"ASSISTÊNCIA SOCIAL";"243";"ASSISTÊNCIA À CRIANÇA E AO ADOLESCENTE";"2023";"1930";"";"0";"0";"100041264";"THIAGO CALHEIRO COSTA";"32421809843";"";"0";"PROPRIA";"31901101";"VENCIMENTO E SALARIOS";"REMUNERACAO DE CONSELHEIROS TUTELARES";"8531.03";"2023";"L";"24/01/2023";"0";"01/01/2023";"31/01/2023";"15"
"UNIDADE GESTÃO DE ASSISTÊNCIA E DESENVOLV. SOCIAL";"8";"ASSISTÊNCIA SOCIAL";"243";"ASSISTÊNCIA À CRIANÇA E AO ADOLESCENTE";"2023";"1931";"";"0";"0";"100041259";"JACQUELINE BELTRAMI DA COSTA";"21484936809";"";"0";"PROPRIA";"31901101";"VENCIMENTO E SALARIOS";"REMUNERACAO DE CONSELHEIROS TUTELARES";"7243.33";"2023";"L";"24/01/2023";"0";"01/01/2023";"31/01/2023";"15"
"UNIDADE GESTÃO DE ASSISTÊNCIA E DESENVOLV. SOCIAL";"8";"ASSISTÊNCIA SOCIAL";"243";"ASSISTÊNCIA À CRIANÇA E AO ADOLESCENTE";"2023";"1932";"";"0";"0";"100032283";"ADILSON SANTO DE AZEVEDO";"13772410847";"";"0";"PROPRIA";"31901101";"VENCIMENTO E SALARIOS";"REMUNERACAO DE CONSELHEIROS TUTELARES";"8048.14";"2023";"L";"24/01/2023";"0";"01/01/2023";"31/01/2023";"15"
"UNIDADE GESTÃO DE ASSISTÊNCIA E DESENVOLV. SOCIAL";"8";"ASSISTÊNCIA SOCIAL";"243";"ASSISTÊNCIA À CRIANÇA E AO ADOLESCENTE";"2023";"1933";"";"0";"0";"100041258";"HELENA SILVA SANTOS";"10220249814";"";"0";"PROPRIA";"31901101";"VENCIMENTO E SALARIOS";"REMUNERACAO DE CONSELHEIROS TUTELARES";"7243.33";"2023";"L";"24/01/2023";"0";"01/01/2023";"31/01/2023";"15"
"UNIDADE GESTÃO DE ASSISTÊNCIA E DESENVOLV. SOCIAL";"8";"ASSISTÊNCIA SOCIAL";"243";"ASSISTÊNCIA À CRIANÇA E AO ADOLESCENTE";"2023";"1934";"";"0";"0";"7039339";"NELI DOLORES MIAM";"10213786826";"";"0";"PROPRIA";"31901101";"VENCIMENTO E SALARIOS";"REMUNERACAO DE CONSELHEIROS TUTELARES";"7243.33";"2023";"L";"24/01/2023";"0";"01/01/2023";"31/01/2023";"15"
"UNIDADE GESTÃO DE ASSISTÊNCIA E DESENVOLV. SOCIAL";"8";"ASSISTÊNCIA SOCIAL";"243";"ASSISTÊNCIA À CRIANÇA E AO ADOLESCENTE";"2023";"1935";"";"0";"0";"100041260";"JULIANA BORTOLASI MACHADO";"25608849841";"";"0";"PROPRIA";"31901101";"VENCIMENTO E SALARIOS";"REMUNERACAO DE CONSELHEIROS TUTELARES";"7484.77";"2023";"L";"24/01/2023";"0";"01/01/2023";"31/01/2023";"15"
"UNIDADE GESTÃO DE ASSISTÊNCIA E DESENVOLV. SOCIAL";"8";"ASSISTÊNCIA SOCIAL";"243";"ASSISTÊNCIA À CRIANÇA E AO ADOLESCENTE";"2023";"1936";"";"0";"0";"100041254";"BRUNO BARBOSA";"33155731826";"";"0";"PROPRIA";"31901101";"VENCIMENTO E SALARIOS";"REMUNERACAO DE CONSELHEIROS TUTELARES";"8048.14";"2023";"L";"24/01/2023";"0";"01/01/2023";"31/01/2023";"15"
"UNIDADE GESTÃO DE ASSISTÊNCIA E DESENVOLV. SOCIAL";"8";"ASSISTÊNCIA SOCIAL";"243";"ASSISTÊNCIA À CRIANÇA E AO ADOLESCENTE";"2023";"1937";"";"0";"0";"100032289";"CLAUDIA TOFOLI HONORIO";"34218456895";"";"0";"PROPRIA";"31901101";"VENCIMENTO E SALARIOS";"REMUNERACAO DE CONSELHEIROS TUTELARES";"7243.33";"2023";"L";"24/01/2023";"0";"01/01/2023";"31/01/2023";"15"
"UNIDADE GESTÃO DE ASSISTÊNCIA E DESENVOLV. SOCIAL";"8";"ASSISTÊNCIA SOCIAL";"243";"ASSISTÊNCIA À CRIANÇA E AO ADOLESCENTE";"2023";"1939";"";"0";"0";"100041255";"CLEUNICE SANTOS GUEDES";"19451846808";"";"0";"PROPRIA";"31901101";"VENCIMENTO E SALARIOS";"REMUNERACAO DE CONSELHEIROS TUTELARES";"7404.29";"2023";"L";"24/01/2023";"0";"01/01/2023";"31/01/2023";"15"
"UNIDADE GESTÃO DE ASSISTÊNCIA E DESENVOLV. SOCIAL";"8";"ASSISTÊNCIA SOCIAL";"243";"ASSISTÊNCIA À CRIANÇA E AO ADOLESCENTE";"2023";"1940";"";"0";"0";"100041256";"DANIELA MADALENA DOS ANJOS CAMARGO";"28609238881";"";"0";"PROPRIA";"31901101";"VENCIMENTO E SALARIOS";"REMUNERACAO DE CONSELHEIROS TUTELARES";"7243.33";"2023";"L";"24/01/2023";"0";"01/01/2023";"31/01/2023";"15"
"UNIDADE GESTÃO DE ASSISTÊNCIA E DESENVOLV. SOCIAL";"8";"ASSISTÊNCIA SOCIAL";"243";"ASSISTÊNCIA À CRIANÇA E AO ADOLESCENTE";"2023";"1941";"";"0";"0";"100041013";"MARCOS ROBERTO HERNANDES";"18708559813";"";"0";"PROPRIA";"31901101";"VENCIMENTO E SALARIOS";"REMUNERACAO DE CONSELHEIROS TUTELARES";"7243.33";"2023";"L";"24/01/2023";"0";"01/01/2023";"31/01/2023";"15"
"UNIDADE GESTÃO DE ASSISTÊNCIA E DESENVOLV. SOCIAL";"8";"ASSISTÊNCIA SOCIAL";"243";"ASSISTÊNCIA À CRIANÇA E AO ADOLESCENTE";"2023";"1942";"";"0";"0";"100043574";"ROSELI ALVES DE PONTES";"04216351859";"";"0";"PROPRIA";"31901101";"VENCIMENTO E SALARIOS";"REMUNERACAO DE CONSELHEIROS TUTELARES";"7243.33";"2023";"L";"24/01/2023";"0";"01/01/2023";"31/01/2023";"15"
"UNIDADE GESTÃO DE ASSISTÊNCIA E DESENVOLV. SOCIAL";"8";"ASSISTÊNCIA SOCIAL";"243";"ASSISTÊNCIA À CRIANÇA E AO ADOLESCENTE";"2023";"1943";"";"0";"0";"100025255";"DONIZETH APARECIDO DE ANDRADE";"15511129810";"";"0";"PROPRIA";"31901101";"VENCIMENTO E SALARIOS";"REMUNERACAO DE CONSELHEIROS TUTELARES";"7243.33";"2023";"L";"24/01/2023";"0";"01/01/2023";"31/01/2023";"15"
"UNIDADE GESTÃO DE ASSISTÊNCIA E DESENVOLV. SOCIAL";"8";"ASSISTÊNCIA SOCIAL";"243";"ASSISTÊNCIA À CRIANÇA E AO ADOLESCENTE";"2023";"1944";"";"0";"0";"4036624";"I.N.S.S.-SERVICOS DE TERCEIROS";"29979036000140";"";"0";"PROPRIA";"31901302";"CONTRIBUICOES PREVIDENCIARIAS - INSS";"RECOLHIMENTO OBRIGACOES PREVID. E FISCAIS(P. FISICAS).";"24160.53";"2023";"L";"24/01/2023";"0";"01/01/2023";"31/01/2023";"15"
"UNIDADE GESTÃO DE ASSISTÊNCIA E DESENVOLV. SOCIAL";"8";"ASSISTÊNCIA SOCIAL";"243";"ASSISTÊNCIA À CRIANÇA E AO ADOLESCENTE";"2023";"1945";"";"0";"0";"100004453";"IPREJUN-INST.PREVIDENCIA DO MUN.JUNDIAI";"05507216000161";"";"0";"PROPRIA";"31911308";"CONTRIBUIÇÕES PREVIDENCIÁRIAS - RPPS - PESSOAL ATI";"FOLHA DE PAGAMENTO";"1083.34";"2023";"L";"24/01/2023";"0";"01/01/2023";"31/01/2023";"15"
"UNIDADE DE GESTÃO DE GOVERNO E FINANÇAS";"28";"ENCARGOS ESPECIAIS";"846";"OUTROS ENCARGOS ESPECIAIS";"2023";"1947";"";"0";"0";"100034188";"RAFAEL PIVI COLLUCCI";"31799726886";"";"0";"PROPRIA";"33909115";"SENTENÇAS JUDICIAIS DE PEQUENO VALOR";"DESPESAS OBRIGATORIAS E/OU JUDICIAIS(P. FISICAS).";"9795.75";"2023";"L";"20/01/2023";"0";"01/01/2023";"31/01/2023";"8"
"UNIDADE DE GESTÃO DE PROMOÇÃO DA SAÚDE";"10";"SAÚDE";"301";"ATENÇÃO BÁSICA";"2023";"1948";"2021";"97";"6";"100046033";"JOSÉ EDUARDO MARTINELLI E OUTRA";"72212861834";"DISPENSA DE LICITACAO";"5002";"FUNDO NACIONAL DE SAUDE - PAB";"33903615";"LOCACAO DE IMOVEIS";"LOCACAO-IMOVEL";"6800";"2023";"L";"30/01/2023";"0";"01/01/2023";"31/01/2023";"14"
"UNIDADE DE GESTÃO DE CULTURA";"13";"CULTURA";"392";"DIFUSÃO CULTURAL";"2023";"1954";"2023";"210";"1";"100029412";"JOAO JOSE FERNANDES SILVA";"20471083000104";"COMPRA DIRETA";"0";"PROPRIA";"33903999";"OUTROS SERVICOS DE TERCEIROS - PESSOA JURIDICA";"SHOW ARTISTICO";"1200";"2023";"L";"31/01/2023";"0";"01/01/2023";"31/01/2023";"22"
"UNIDADE DE GESTÃO DE GOVERNO E FINANÇAS";"28";"ENCARGOS ESPECIAIS";"846";"OUTROS ENCARGOS ESPECIAIS";"2023";"1967";"";"0";"0";"100049151";"JONAS DE OLIVEIRA";"12036873898";"";"0";"PROPRIA";"33909293";"INDENIZACOES E RESTITUICOES";"INDENIZACOES E/OU RESSARCIMENTOS(P. FISICA).";"226";"2023";"L";"26/01/2023";"0";"01/01/2023";"31/01/2023";"8"
"UNIDADE DE GESTÃO DE GOVERNO E FINANÇAS";"28";"ENCARGOS ESPECIAIS";"846";"OUTROS ENCARGOS ESPECIAIS";"2023";"1968";"";"0";"0";"100049151";"JONAS DE OLIVEIRA";"12036873898";"";"0";"PROPRIA";"33909293";"INDENIZACOES E RESTITUICOES";"INDENIZACOES E/OU RESSARCIMENTOS(P. FISICA).";"201.85";"2023";"L";"26/01/2023";"0";"01/01/2023";"31/01/2023";"8"
"UNIDADE DE GESTÃO DE GOVERNO E FINANÇAS";"28";"ENCARGOS ESPECIAIS";"846";"OUTROS ENCARGOS ESPECIAIS";"2023";"1969";"";"0";"0";"100049151";"JONAS DE OLIVEIRA";"12036873898";"";"0";"PROPRIA";"33909293";"INDENIZACOES E RESTITUICOES";"INDENIZACOES E/OU RESSARCIMENTOS(P. FISICA).";"197.76";"2023";"L";"26/01/2023";"0";"01/01/2023";"31/01/2023";"8"
"UNIDADE DE GESTÃO DE GOVERNO E FINANÇAS";"28";"ENCARGOS ESPECIAIS";"846";"OUTROS ENCARGOS ESPECIAIS";"2023";"1970";"";"0";"0";"100049151";"JONAS DE OLIVEIRA";"12036873898";"";"0";"PROPRIA";"33909293";"INDENIZACOES E RESTITUICOES";"INDENIZACOES E/OU RESSARCIMENTOS(P. FISICA).";"208.11";"2023";"L";"26/01/2023";"0";"01/01/2023";"31/01/2023";"8"
"UNIDADE DE GESTÃO DE GOVERNO E FINANÇAS";"28";"ENCARGOS ESPECIAIS";"846";"OUTROS ENCARGOS ESPECIAIS";"2023";"1971";"";"0";"0";"100049151";"JONAS DE OLIVEIRA";"12036873898";"";"0";"PROPRIA";"33909293";"INDENIZACOES E RESTITUICOES";"INDENIZACOES E/OU RESSARCIMENTOS(P. FISICA).";"201.97";"2023";"L";"26/01/2023";"0";"01/01/2023";"31/01/2023";"8"
"UNIDADE DE GESTÃO DE CULTURA";"13";"CULTURA";"392";"DIFUSÃO CULTURAL";"2023";"1973";"2022";"6";"11";"100046642";"BRUNO DAVI KRETZMANN";"23595389000160";"CONCURSO";"0";"PROPRIA";"33903999";"OUTROS SERVICOS DE TERCEIROS - PESSOA JURIDICA";"SHOW ARTISTICO";"800";"2023";"L";"26/01/2023";"0";"01/01/2023";"31/01/2023";"22"
"UNIDADE DE GESTÃO DE ADMINIST. E GESTÃO DE PESSOAS";"4";"ADMINISTRAÇÃO";"122";"ADMINISTRAÇÃO GERAL";"2023";"1985";"2023";"221";"1";"1001890";"FEIRA DA BORRACHA LTDA.";"44652568000162";"COMPRA DIRETA";"0";"PROPRIA";"33903025";"MATERIAL PARA MANUTENCAO DE BENS MOVEIS";"RODA PNEUMATICA PARA CARRINHO DE CARGA. MED. 2.50-4.";"108";"2023";"L";"25/01/2023";"0";"01/01/2023";"31/01/2023";"7"
"UNIDADE DE GESTÃO DE CULTURA";"13";"CULTURA";"392";"DIFUSÃO CULTURAL";"2023";"1996";"2023";"227";"1";"100041329";"CLARINA ANA FASANARO 05718482810 ME";"35211727000100";"COMPRA DIRETA";"0";"PROPRIA";"33903923";"FESTIVIDADES E HOMENAGENS";"SHOW MUSICAL";"500";"2023";"L";"31/01/2023";"0";"01/01/2023";"31/01/2023";"22"
"UNIDADE DE GESTÃO DE CULTURA";"13";"CULTURA";"392";"DIFUSÃO CULTURAL";"2023";"2005";"2023";"232";"1";"100043378";"VINICIUS FACCINA";"38195359000134";"COMPRA DIRETA";"0";"PROPRIA";"33903923";"FESTIVIDADES E HOMENAGENS";"SHOW MUSICAL";"2400";"2023";"L";"31/01/2023";"0";"01/01/2023";"31/01/2023";"22"
"UNIDADE DE GESTÃO DE PROMOÇÃO DA SAÚDE";"10";"SAÚDE";"305";"VIGILÂNCIA EPIDEMIOLÓGICA";"2023";"2049";"2020";"37";"6";"100028456";"MAM ADMINISTRACAO E PARTICIPACAO LTDA";"19133646000175";"DISPENSA DE LICITACAO";"5004";"FUNDO NACIONAL SAUDE-TETO FIN.EPID.E CONTR.DOENCAS";"33903910";"LOCACAO DE IMOVEIS";"LOCACAO-IMOVEL";"28824";"2023";"L";"30/01/2023";"0";"01/01/2023";"31/01/2023";"14"
"UNIDADE GESTÃO DE AGRONEGÓCIO. ABASTEC. E TURISMO";"4";"ADMINISTRAÇÃO";"122";"ADMINISTRAÇÃO GERAL";"2023";"2055";"2023";"10";"1";"100005989";"PORTO SEGURO CIA DE SEGUROS GERAIS";"61198164000160";"COMPRA DIRETA";"0";"PROPRIA";"33903969";"SEGUROS EM GERAL";"SEGURO DE VEICULO";"1300";"2023";"L";"26/01/2023";"0";"01/01/2023";"31/01/2023";"17"
"UNIDADE DE GESTÃO DE PROMOÇÃO DA SAÚDE";"10";"SAÚDE";"304";"VIGILÂNCIA SANITÁRIA";"2023";"2067";"";"0";"0";"100012604";"FOLHA DE PAGAMENTO";"45780103000150";"";"0";"PROPRIA";"31900411";"SALÁRIOS - CONTRATO TEMPORÁRIO";"FOLHA DE PAGAMENTO";"5190.74";"2023";"L";"30/01/2023";"0";"01/01/2023";"31/01/2023";"14"
"UNIDADE DE GESTÃO DE PROMOÇÃO DA SAÚDE";"10";"SAÚDE";"304";"VIGILÂNCIA SANITÁRIA";"2023";"2068";"";"0";"0";"100012604";"FOLHA DE PAGAMENTO";"45780103000150";"";"0";"PROPRIA";"31900413";"13º SALÁRIO - CONTRATO TEMPORÁRIO";"FOLHA DE PAGAMENTO";"665.48";"2023";"L";"30/01/2023";"0";"01/01/2023";"31/01/2023";"14"
"UNIDADE DE GESTÃO DE PROMOÇÃO DA SAÚDE";"10";"SAÚDE";"304";"VIGILÂNCIA SANITÁRIA";"2023";"2069";"";"0";"0";"100012604";"FOLHA DE PAGAMENTO";"45780103000150";"";"0";"PROPRIA";"31900414";"FERIAS - ABONO CONSTITUCIONAL - CONTRATO TEMPORÁRI";"FOLHA DE PAGAMENTO";"10660.1";"2023";"L";"30/01/2023";"0";"01/01/2023";"31/01/2023";"14"
"UNIDADE DE GESTÃO DE PROMOÇÃO DA SAÚDE";"10";"SAÚDE";"304";"VIGILÂNCIA SANITÁRIA";"2023";"2070";"";"0";"0";"4016168";"I.N.S.S -INST.NACIONAL DE SEGURO SOCIAL";"29979036000140";"";"0";"PROPRIA";"31900416";"OBRIGAÇÕES PATRONAIS - INSS - CONTRATO TEMPORÁRIO";"FOLHA DE PAGAMENTO";"1847.32";"2023";"L";"30/01/2023";"0";"01/01/2023";"31/01/2023";"14"
"UNIDADE DE GESTÃO DE PROMOÇÃO DA SAÚDE";"10";"SAÚDE";"304";"VIGILÂNCIA SANITÁRIA";"2023";"2071";"";"0";"0";"4000055";"FUNDO DE GARANTIA POR TEMPO DE SERVICO";"00360305000104";"";"0";"PROPRIA";"31900417";"OBRIGAÇÕES PATRONAIS - FGTS - CONTRATO TEMPORÁRIO";"FOLHA DE PAGAMENTO";"703.74";"2023";"L";"30/01/2023";"0";"01/01/2023";"31/01/2023";"14"
"UNIDADE DE GESTÃO DE PROMOÇÃO DA SAÚDE";"10";"SAÚDE";"304";"VIGILÂNCIA SANITÁRIA";"2023";"2072";"";"0";"0";"100012604";"FOLHA DE PAGAMENTO";"45780103000150";"";"0";"PROPRIA";"31900499";"OUTRAS CONTRATACOES POR TEMPO DETERMINADO";"FOLHA DE PAGAMENTO";"145.53";"2023";"L";"30/01/2023";"0";"01/01/2023";"31/01/2023";"14"
"UNIDADE DE GESTÃO DE PROMOÇÃO DA SAÚDE";"10";"SAÚDE";"304";"VIGILÂNCIA SANITÁRIA";"2023";"2073";"";"0";"0";"100012604";"FOLHA DE PAGAMENTO";"45780103000150";"";"0";"PROPRIA";"33904901";"INDENIZACAO AUXILIO TRANSPORTE";"FOLHA DE PAGAMENTO";"440";"2023";"L";"30/01/2023";"0";"01/01/2023";"31/01/2023";"14"
"UNIDADE GESTÃO DE ASSISTÊNCIA E DESENVOLV. SOCIAL";"8";"ASSISTÊNCIA SOCIAL";"122";"ADMINISTRAÇÃO GERAL";"2023";"2074";"";"0";"0";"100012604";"FOLHA DE PAGAMENTO";"45780103000150";"";"5158";"FNAS / MDS / BLOCO DE PROTEÇÃO SOCIAL BÁSICA";"31900411";"SALÁRIOS - CONTRATO TEMPORÁRIO";"FOLHA DE PAGAMENTO";"3531.12";"2023";"L";"30/01/2023";"0";"01/01/2023";"31/01/2023";"15"
"UNIDADE GESTÃO DE ASSISTÊNCIA E DESENVOLV. SOCIAL";"8";"ASSISTÊNCIA SOCIAL";"122";"ADMINISTRAÇÃO GERAL";"2023";"2075";"";"0";"0";"100012604";"FOLHA DE PAGAMENTO";"45780103000150";"";"5158";"FNAS / MDS / BLOCO DE PROTEÇÃO SOCIAL BÁSICA";"31900413";"13º SALÁRIO - CONTRATO TEMPORÁRIO";"FOLHA DE PAGAMENTO";"452.71";"2023";"L";"30/01/2023";"0";"01/01/2023";"31/01/2023";"15"
"UNIDADE GESTÃO DE ASSISTÊNCIA E DESENVOLV. SOCIAL";"8";"ASSISTÊNCIA SOCIAL";"122";"ADMINISTRAÇÃO GERAL";"2023";"2076";"";"0";"0";"100012604";"FOLHA DE PAGAMENTO";"45780103000150";"";"5158";"FNAS / MDS / BLOCO DE PROTEÇÃO SOCIAL BÁSICA";"31900414";"FERIAS - ABONO CONSTITUCIONAL - CONTRATO TEMPORÁRI";"FOLHA DE PAGAMENTO";"3621.67";"2023";"L";"30/01/2023";"0";"01/01/2023";"31/01/2023";"15"
"UNIDADE GESTÃO DE ASSISTÊNCIA E DESENVOLV. SOCIAL";"8";"ASSISTÊNCIA SOCIAL";"122";"ADMINISTRAÇÃO GERAL";"2023";"2077";"";"0";"0";"4016168";"I.N.S.S -INST.NACIONAL DE SEGURO SOCIAL";"29979036000140";"";"5158";"FNAS / MDS / BLOCO DE PROTEÇÃO SOCIAL BÁSICA";"31900416";"OBRIGAÇÕES PATRONAIS - INSS - CONTRATO TEMPORÁRIO";"FOLHA DE PAGAMENTO";"1235.89";"2023";"L";"30/01/2023";"0";"01/01/2023";"31/01/2023";"15"
"UNIDADE GESTÃO DE ASSISTÊNCIA E DESENVOLV. SOCIAL";"8";"ASSISTÊNCIA SOCIAL";"122";"ADMINISTRAÇÃO GERAL";"2023";"2078";"";"0";"0";"4000055";"FUNDO DE GARANTIA POR TEMPO DE SERVICO";"00360305000104";"";"5158";"FNAS / MDS / BLOCO DE PROTEÇÃO SOCIAL BÁSICA";"31900417";"OBRIGAÇÕES PATRONAIS - FGTS - CONTRATO TEMPORÁRIO";"FOLHA DE PAGAMENTO";"470.81";"2023";"L";"30/01/2023";"0";"01/01/2023";"31/01/2023";"15"
"UNIDADE GESTÃO DE ASSISTÊNCIA E DESENVOLV. SOCIAL";"8";"ASSISTÊNCIA SOCIAL";"122";"ADMINISTRAÇÃO GERAL";"2023";"2079";"";"0";"0";"100012604";"FOLHA DE PAGAMENTO";"45780103000150";"";"5158";"FNAS / MDS / BLOCO DE PROTEÇÃO SOCIAL BÁSICA";"33904901";"INDENIZACAO AUXILIO TRANSPORTE";"FOLHA DE PAGAMENTO";"396";"2023";"L";"30/01/2023";"0";"01/01/2023";"31/01/2023";"15"
"UNIDADE DE GESTÃO DE PROMOÇÃO DA SAÚDE";"10";"SAÚDE";"302";"ASSISTÊNCIA HOSPITALAR E AMBULATORIAL";"2023";"2085";"";"0";"0";"100036530";"JOSÉ EDUARDO DOMINGUES";"04130665847";"";"0";"PROPRIA";"33909302";"RESTITUICOES";"INDENIZACOES E/OU RESSARCIMENTOS(P. FISICA).";"80";"2023";"L";"25/01/2023";"0";"01/01/2023";"31/01/2023";"14"
"UNIDADE DE GESTÃO DE PROMOÇÃO DA SAÚDE";"10";"SAÚDE";"302";"ASSISTÊNCIA HOSPITALAR E AMBULATORIAL";"2023";"2086";"";"0";"0";"100046162";"WESLEY ANTONIO MARTONETO";"36785918847";"";"0";"PROPRIA";"33909302";"RESTITUICOES";"INDENIZACOES E/OU RESSARCIMENTOS(P. FISICA).";"80";"2023";"L";"25/01/2023";"0";"01/01/2023";"31/01/2023";"14"
"UNIDADE DE GESTÃO DE PROMOÇÃO DA SAÚDE";"10";"SAÚDE";"302";"ASSISTÊNCIA HOSPITALAR E AMBULATORIAL";"2023";"2172";"";"0";"0";"100049217";"LADISLAINE CRISTINA CRUZ";"38884553830";"";"0";"PROPRIA";"33909302";"RESTITUICOES";"INDENIZACOES E/OU RESSARCIMENTOS(P. FISICA).";"80";"2023";"L";"25/01/2023";"0";"01/01/2023";"31/01/2023";"14"
"UNIDADE DE GESTÃO DE PROMOÇÃO DA SAÚDE";"10";"SAÚDE";"302";"ASSISTÊNCIA HOSPITALAR E AMBULATORIAL";"2023";"2173";"";"0";"0";"100049219";"FABIANA DA SILVA FISNACK RONQUE";"29355138865";"";"0";"PROPRIA";"33909302";"RESTITUICOES";"INDENIZACOES E/OU RESSARCIMENTOS(P. FISICA).";"80";"2023";"L";"25/01/2023";"0";"01/01/2023";"31/01/2023";"14"
"UNIDADE DE GESTÃO DE PROMOÇÃO DA SAÚDE";"10";"SAÚDE";"302";"ASSISTÊNCIA HOSPITALAR E AMBULATORIAL";"2023";"2174";"";"0";"0";"100049218";"GIOVANNA DE CARVALHO OLIVEIRA";"45331983847";"";"0";"PROPRIA";"33909302";"RESTITUICOES";"INDENIZACOES E/OU RESSARCIMENTOS(P. FISICA).";"80";"2023";"L";"25/01/2023";"0";"01/01/2023";"31/01/2023";"14"
"UNIDADE GESTÃO DE AGRONEGÓCIO. ABASTEC. E TURISMO";"23";"COMÉRCIO E SERVIÇOS";"695";"TURISMO";"2023";"2176";"2022";"29";"6";"100000682";"BETA CLEAN & SERVICE LTDA.";"61704052000133";"DISPENSA DE LICITACAO";"0";"PROPRIA";"33903916";"MANUTENCAO E CONSERVACAO DE BENS IMOVEIS";"LIMPEZA. CONSERVACAO. MANUTENCAO DE AREAS E EQUIPAMENTOS";"141.04";"2023";"L";"31/01/2023";"0";"01/01/2023";"31/01/2023";"17"
"UNIDADE DE GESTÃO DE MOBILIDADE E TRANSPORTE";"15";"URBANISMO";"451";"INFRA-ESTRUTURA URBANA";"2023";"2198";"2023";"247";"1";"100004907";"S.J.T. COMERCIO E MANUT. DE EQUIP. HIDR. LTDA EPP";"02509473000144";"COMPRA DIRETA";"5403";"FUNDO MUNICIPAL DE TRANSITO - MULTAS";"33903919";"MANUTENCAO E CONSERVACAO DE VEICULOS";"MANUTENCAO MECANICA DE VEICULOS PESADOS";"7880";"2023";"L";"31/01/2023";"0";"01/01/2023";"31/01/2023";"12"
"UNIDADE DE GESTÃO DE MOBILIDADE E TRANSPORTE";"15";"URBANISMO";"451";"INFRA-ESTRUTURA URBANA";"2023";"2205";"2023";"247";"1";"100004907";"S.J.T. COMERCIO E MANUT. DE EQUIP. HIDR. LTDA EPP";"02509473000144";"COMPRA DIRETA";"5403";"FUNDO MUNICIPAL DE TRANSITO - MULTAS";"33903039";"MATERIAL PARA MANUTENCAO DE VEICULOS";"PECAS PARA MANUTENCAO MECANICA DE VEICULOS PESADOS";"6292.3";"2023";"L";"31/01/2023";"0";"01/01/2023";"31/01/2023";"12"
"UNIDADE DE GESTÃO DE PROMOÇÃO DA SAÚDE";"10";"SAÚDE";"302";"ASSISTÊNCIA HOSPITALAR E AMBULATORIAL";"2023";"2302";"";"0";"0";"100046610";"NILVA INACIO DE PAULA";"10924413875";"";"0";"PROPRIA";"33909302";"RESTITUICOES";"INDENIZACOES E/OU RESSARCIMENTOS(P. FISICA).";"575";"2023";"L";"25/01/2023";"0";"01/01/2023";"31/01/2023";"14"
"UNIDADE DE GESTÃO DA CASA CIVIL";"4";"ADMINISTRAÇÃO";"122";"ADMINISTRAÇÃO GERAL";"2023";"2323";"";"0";"0";"100012604";"FOLHA DE PAGAMENTO";"45780103000150";"";"0";"PROPRIA";"31901137";"GRATIFICACOES POR TEMPO DE SERVICO";"FOLHA DE PAGAMENTO";"986.32";"2023";"L";"26/01/2023";"0";"01/01/2023";"31/01/2023";"3"
"UNIDADE DE GESTÃO DA CASA CIVIL";"4";"ADMINISTRAÇÃO";"122";"ADMINISTRAÇÃO GERAL";"2023";"2324";"";"0";"0";"100012604";"FOLHA DE PAGAMENTO";"45780103000150";"";"0";"PROPRIA";"31901145";"FÉRIAS - ABONO CONSTITUICOES";"FOLHA DE PAGAMENTO";"4645.23";"2023";"L";"26/01/2023";"0";"01/01/2023";"31/01/2023";"3"
"UNIDADE DE GESTÃO DA CASA CIVIL";"4";"ADMINISTRAÇÃO";"122";"ADMINISTRAÇÃO GERAL";"2023";"2325";"";"0";"0";"100012604";"FOLHA DE PAGAMENTO";"45780103000150";"";"0";"PROPRIA";"31901145";"FÉRIAS - ABONO CONSTITUICOES";"FOLHA DE PAGAMENTO";"1385.18";"2023";"L";"26/01/2023";"0";"01/01/2023";"31/01/2023";"3"
"UNIDADE DE GESTÃO DA CASA CIVIL";"4";"ADMINISTRAÇÃO";"122";"ADMINISTRAÇÃO GERAL";"2023";"2326";"";"0";"0";"100012604";"FOLHA DE PAGAMENTO";"45780103000150";"";"0";"PROPRIA";"31901146";"FÉRIAS - PAGAMENTO ANTECIPADO - RPPS";"FOLHA DE PAGAMENTO";"9969.54";"2023";"L";"26/01/2023";"0";"01/01/2023";"31/01/2023";"3"
"UNIDADE DE GESTÃO DA CASA CIVIL";"4";"ADMINISTRAÇÃO";"122";"ADMINISTRAÇÃO GERAL";"2023";"2327";"";"0";"0";"100012604";"FOLHA DE PAGAMENTO";"45780103000150";"";"0";"PROPRIA";"31901146";"FÉRIAS - PAGAMENTO ANTECIPADO - RPPS";"FOLHA DE PAGAMENTO";"3543.68";"2023";"L";"26/01/2023";"0";"01/01/2023";"31/01/2023";"3"
"UNIDADE DE GESTÃO DE NEG. JURÍDICOS E CIDADANIA";"4";"ADMINISTRAÇÃO";"122";"ADMINISTRAÇÃO GERAL";"2023";"2328";"";"0";"0";"100012604";"FOLHA DE PAGAMENTO";"45780103000150";"";"0";"PROPRIA";"31901137";"GRATIFICACOES POR TEMPO DE SERVICO";"FOLHA DE PAGAMENTO";"1101.2";"2023";"L";"26/01/2023";"0";"01/01/2023";"31/01/2023";"6"
"UNIDADE DE GESTÃO DE NEG. JURÍDICOS E CIDADANIA";"4";"ADMINISTRAÇÃO";"122";"ADMINISTRAÇÃO GERAL";"2023";"2329";"";"0";"0";"100012604";"FOLHA DE PAGAMENTO";"45780103000150";"";"0";"PROPRIA";"31901145";"FÉRIAS - ABONO CONSTITUICOES";"FOLHA DE PAGAMENTO";"4037.74";"2023";"L";"26/01/2023";"0";"01/01/2023";"31/01/2023";"6"
"UNIDADE DE GESTÃO DE NEG. JURÍDICOS E CIDADANIA";"4";"ADMINISTRAÇÃO";"122";"ADMINISTRAÇÃO GERAL";"2023";"2330";"";"0";"0";"100012604";"FOLHA DE PAGAMENTO";"45780103000150";"";"0";"PROPRIA";"31901146";"FÉRIAS - PAGAMENTO ANTECIPADO - RPPS";"FOLHA DE PAGAMENTO";"9316.16";"2023";"L";"26/01/2023";"0";"01/01/2023";"31/01/2023";"6"
"UNIDADE DE GESTÃO DE ADMINIST. E GESTÃO DE PESSOAS";"4";"ADMINISTRAÇÃO";"122";"ADMINISTRAÇÃO GERAL";"2023";"2331";"";"0";"0";"100012604";"FOLHA DE PAGAMENTO";"45780103000150";"";"0";"PROPRIA";"31901110";"ADICIONAL DE INSALUBRIDADE";"FOLHA DE PAGAMENTO";"173.6";"2023";"L";"26/01/2023";"0";"01/01/2023";"31/01/2023";"7"
"UNIDADE DE GESTÃO DE ADMINIST. E GESTÃO DE PESSOAS";"4";"ADMINISTRAÇÃO";"122";"ADMINISTRAÇÃO GERAL";"2023";"2332";"";"0";"0";"100012604";"FOLHA DE PAGAMENTO";"45780103000150";"";"0";"PROPRIA";"31901137";"GRATIFICACOES POR TEMPO DE SERVICO";"FOLHA DE PAGAMENTO";"2851.95";"2023";"L";"26/01/2023";"0";"01/01/2023";"31/01/2023";"7"
"UNIDADE DE GESTÃO DE ADMINIST. E GESTÃO DE PESSOAS";"4";"ADMINISTRAÇÃO";"122";"ADMINISTRAÇÃO GERAL";"2023";"2333";"";"0";"0";"100012604";"FOLHA DE PAGAMENTO";"45780103000150";"";"0";"PROPRIA";"31901137";"GRATIFICACOES POR TEMPO DE SERVICO";"FOLHA DE PAGAMENTO";"114.67";"2023";"L";"26/01/2023";"0";"01/01/2023";"31/01/2023";"7"
"UNIDADE DE GESTÃO DE ADMINIST. E GESTÃO DE PESSOAS";"4";"ADMINISTRAÇÃO";"122";"ADMINISTRAÇÃO GERAL";"2023";"2334";"";"0";"0";"100012604";"FOLHA DE PAGAMENTO";"45780103000150";"";"0";"PROPRIA";"31901145";"FÉRIAS - ABONO CONSTITUICOES";"FOLHA DE PAGAMENTO";"2981.17";"2023";"L";"26/01/2023";"0";"01/01/2023";"31/01/2023";"7"
"UNIDADE DE GESTÃO DE ADMINIST. E GESTÃO DE PESSOAS";"4";"ADMINISTRAÇÃO";"122";"ADMINISTRAÇÃO GERAL";"2023";"2335";"";"0";"0";"100012604";"FOLHA DE PAGAMENTO";"45780103000150";"";"0";"PROPRIA";"31901145";"FÉRIAS - ABONO CONSTITUICOES";"FOLHA DE PAGAMENTO";"860.58";"2023";"L";"26/01/2023";"0";"01/01/2023";"31/01/2023";"7"
"UNIDADE DE GESTÃO DE ADMINIST. E GESTÃO DE PESSOAS";"4";"ADMINISTRAÇÃO";"122";"ADMINISTRAÇÃO GERAL";"2023";"2336";"";"0";"0";"100012604";"FOLHA DE PAGAMENTO";"45780103000150";"";"0";"PROPRIA";"31901146";"FÉRIAS - PAGAMENTO ANTECIPADO - RPPS";"FOLHA DE PAGAMENTO";"4671.74";"2023";"L";"26/01/2023";"0";"01/01/2023";"31/01/2023";"7"
"UNIDADE DE GESTÃO DE ADMINIST. E GESTÃO DE PESSOAS";"4";"ADMINISTRAÇÃO";"122";"ADMINISTRAÇÃO GERAL";"2023";"2337";"";"0";"0";"100012604";"FOLHA DE PAGAMENTO";"45780103000150";"";"0";"PROPRIA";"31901146";"FÉRIAS - PAGAMENTO ANTECIPADO - RPPS";"FOLHA DE PAGAMENTO";"1956.34";"2023";"L";"26/01/2023";"0";"01/01/2023";"31/01/2023";"7"
"UNIDADE DE GESTÃO DE ADMINIST. E GESTÃO DE PESSOAS";"4";"ADMINISTRAÇÃO";"122";"ADMINISTRAÇÃO GERAL";"2023";"2338";"";"0";"0";"100012604";"FOLHA DE PAGAMENTO";"45780103000150";"";"0";"PROPRIA";"31901644";"SERVIÇOS EXTRAORDINÁRIOS";"FOLHA DE PAGAMENTO";"572.05";"2023";"L";"26/01/2023";"0";"01/01/2023";"31/01/2023";"7"
"UNIDADE DE GESTÃO DE ADMINIST. E GESTÃO DE PESSOAS";"17";"SANEAMENTO";"122";"ADMINISTRAÇÃO GERAL";"2023";"2339";"";"0";"0";"100012604";"FOLHA DE PAGAMENTO";"45780103000150";"";"902";"RESTITUIÇÕES DAE S/A";"31901110";"ADICIONAL DE INSALUBRIDADE";"FOLHA DE PAGAMENTO";"347.2";"2023";"L";"26/01/2023";"0";"01/01/2023";"31/01/2023";"7"
"UNIDADE DE GESTÃO DE ADMINIST. E GESTÃO DE PESSOAS";"17";"SANEAMENTO";"122";"ADMINISTRAÇÃO GERAL";"2023";"2340";"";"0";"0";"100012604";"FOLHA DE PAGAMENTO";"45780103000150";"";"902";"RESTITUIÇÕES DAE S/A";"31901137";"GRATIFICACOES POR TEMPO DE SERVICO";"FOLHA DE PAGAMENTO";"5267.97";"2023";"L";"26/01/2023";"0";"01/01/2023";"31/01/2023";"7"
"UNIDADE DE GESTÃO DE ADMINIST. E GESTÃO DE PESSOAS";"17";"SANEAMENTO";"122";"ADMINISTRAÇÃO GERAL";"2023";"2341";"";"0";"0";"100012604";"FOLHA DE PAGAMENTO";"45780103000150";"";"902";"RESTITUIÇÕES DAE S/A";"31901145";"FÉRIAS - ABONO CONSTITUICOES";"FOLHA DE PAGAMENTO";"6654.49";"2023";"L";"26/01/2023";"0";"01/01/2023";"31/01/2023";"7"
"UNIDADE DE GESTÃO DE ADMINIST. E GESTÃO DE PESSOAS";"17";"SANEAMENTO";"122";"ADMINISTRAÇÃO GERAL";"2023";"2342";"";"0";"0";"100012604";"FOLHA DE PAGAMENTO";"45780103000150";"";"902";"RESTITUIÇÕES DAE S/A";"31901146";"FÉRIAS - PAGAMENTO ANTECIPADO - RPPS";"FOLHA DE PAGAMENTO";"11193.65";"2023";"L";"26/01/2023";"0";"01/01/2023";"31/01/2023";"7"
"UNIDADE DE GESTÃO DE ADMINIST. E GESTÃO DE PESSOAS";"17";"SANEAMENTO";"122";"ADMINISTRAÇÃO GERAL";"2023";"2343";"";"0";"0";"100012604";"FOLHA DE PAGAMENTO";"45780103000150";"";"902";"RESTITUIÇÕES DAE S/A";"31901644";"SERVIÇOS EXTRAORDINÁRIOS";"FOLHA DE PAGAMENTO";"368.96";"2023";"L";"26/01/2023";"0";"01/01/2023";"31/01/2023";"7"
"UNIDADE DE GESTÃO DE ADMINIST. E GESTÃO DE PESSOAS";"4";"ADMINISTRAÇÃO";"122";"ADMINISTRAÇÃO GERAL";"2023";"2344";"";"0";"0";"100012604";"FOLHA DE PAGAMENTO";"45780103000150";"";"0";"PROPRIA";"31901137";"GRATIFICACOES POR TEMPO DE SERVICO";"FOLHA DE PAGAMENTO";"461.02";"2023";"L";"26/01/2023";"0";"01/01/2023";"31/01/2023";"7"
"UNIDADE DE GESTÃO DE ADMINIST. E GESTÃO DE PESSOAS";"4";"ADMINISTRAÇÃO";"122";"ADMINISTRAÇÃO GERAL";"2023";"2345";"";"0";"0";"100012604";"FOLHA DE PAGAMENTO";"45780103000150";"";"0";"PROPRIA";"31901145";"FÉRIAS - ABONO CONSTITUICOES";"FOLHA DE PAGAMENTO";"1178.16";"2023";"L";"26/01/2023";"0";"01/01/2023";"31/01/2023";"7"
"UNIDADE DE GESTÃO DE ADMINIST. E GESTÃO DE PESSOAS";"4";"ADMINISTRAÇÃO";"122";"ADMINISTRAÇÃO GERAL";"2023";"2346";"";"0";"0";"100012604";"FOLHA DE PAGAMENTO";"45780103000150";"";"0";"PROPRIA";"31901146";"FÉRIAS - PAGAMENTO ANTECIPADO - RPPS";"FOLHA DE PAGAMENTO";"2530.81";"2023";"L";"26/01/2023";"0";"01/01/2023";"31/01/2023";"7"
"UNIDADE DE GESTÃO DE GOVERNO E FINANÇAS";"4";"ADMINISTRAÇÃO";"122";"ADMINISTRAÇÃO GERAL";"2023";"2347";"";"0";"0";"100012604";"FOLHA DE PAGAMENTO";"45780103000150";"";"0";"PROPRIA";"31901104";"ADICIONAL NOTURNO";"FOLHA DE PAGAMENTO";"1.82";"2023";"L";"26/01/2023";"0";"01/01/2023";"31/01/2023";"8"
"UNIDADE DE GESTÃO DE GOVERNO E FINANÇAS";"4";"ADMINISTRAÇÃO";"122";"ADMINISTRAÇÃO GERAL";"2023";"2348";"";"0";"0";"100012604";"FOLHA DE PAGAMENTO";"45780103000150";"";"0";"PROPRIA";"31901133";"GRATIFICACOES POR EXERCICIO DE  FUNCOES";"FOLHA DE PAGAMENTO";"2391.38";"2023";"L";"26/01/2023";"0";"01/01/2023";"31/01/2023";"8"
"UNIDADE DE GESTÃO DE GOVERNO E FINANÇAS";"4";"ADMINISTRAÇÃO";"122";"ADMINISTRAÇÃO GERAL";"2023";"2349";"";"0";"0";"100012604";"FOLHA DE PAGAMENTO";"45780103000150";"";"0";"PROPRIA";"31901137";"GRATIFICACOES POR TEMPO DE SERVICO";"FOLHA DE PAGAMENTO";"987.65";"2023";"L";"26/01/2023";"0";"01/01/2023";"31/01/2023";"8"
"UNIDADE DE GESTÃO DE GOVERNO E FINANÇAS";"4";"ADMINISTRAÇÃO";"122";"ADMINISTRAÇÃO GERAL";"2023";"2350";"";"0";"0";"100012604";"FOLHA DE PAGAMENTO";"45780103000150";"";"0";"PROPRIA";"31901144";"FÉRIAS - ABONO PECUNIARIO";"FOLHA DE PAGAMENTO";"1858.51";"2023";"L";"26/01/2023";"0";"01/01/2023";"31/01/2023";"8"
"UNIDADE DE GESTÃO DE GOVERNO E FINANÇAS";"4";"ADMINISTRAÇÃO";"122";"ADMINISTRAÇÃO GERAL";"2023";"2351";"";"0";"0";"100012604";"FOLHA DE PAGAMENTO";"45780103000150";"";"0";"PROPRIA";"31901145";"FÉRIAS - ABONO CONSTITUICOES";"FOLHA DE PAGAMENTO";"5598.75";"2023";"L";"26/01/2023";"0";"01/01/2023";"31/01/2023";"8"
"UNIDADE DE GESTÃO DE GOVERNO E FINANÇAS";"4";"ADMINISTRAÇÃO";"122";"ADMINISTRAÇÃO GERAL";"2023";"2352";"";"0";"0";"100012604";"FOLHA DE PAGAMENTO";"45780103000150";"";"0";"PROPRIA";"31901146";"FÉRIAS - PAGAMENTO ANTECIPADO - RPPS";"FOLHA DE PAGAMENTO";"11001.15";"2023";"L";"26/01/2023";"0";"01/01/2023";"31/01/2023";"8"
"UNIDADE DE GESTÃO DE INFRAEST. E SERVIÇOS PÚBLICOS";"15";"URBANISMO";"122";"ADMINISTRAÇÃO GERAL";"2023";"2353";"";"0";"0";"100012604";"FOLHA DE PAGAMENTO";"45780103000150";"";"0";"PROPRIA";"31901110";"ADICIONAL DE INSALUBRIDADE";"FOLHA DE PAGAMENTO";"868";"2023";"L";"26/01/2023";"0";"01/01/2023";"31/01/2023";"10"
"UNIDADE DE GESTÃO DE INFRAEST. E SERVIÇOS PÚBLICOS";"15";"URBANISMO";"122";"ADMINISTRAÇÃO GERAL";"2023";"2354";"";"0";"0";"100012604";"FOLHA DE PAGAMENTO";"45780103000150";"";"0";"PROPRIA";"31901133";"GRATIFICACOES POR EXERCICIO DE  FUNCOES";"FOLHA DE PAGAMENTO";"640.34";"2023";"L";"26/01/2023";"0";"01/01/2023";"31/01/2023";"10"
"UNIDADE DE GESTÃO DE INFRAEST. E SERVIÇOS PÚBLICOS";"15";"URBANISMO";"122";"ADMINISTRAÇÃO GERAL";"2023";"2355";"";"0";"0";"100012604";"FOLHA DE PAGAMENTO";"45780103000150";"";"0";"PROPRIA";"31901137";"GRATIFICACOES POR TEMPO DE SERVICO";"FOLHA DE PAGAMENTO";"1882.94";"2023";"L";"26/01/2023";"0";"01/01/2023";"31/01/2023";"10"
"UNIDADE DE GESTÃO DE INFRAEST. E SERVIÇOS PÚBLICOS";"15";"URBANISMO";"122";"ADMINISTRAÇÃO GERAL";"2023";"2356";"";"0";"0";"100012604";"FOLHA DE PAGAMENTO";"45780103000150";"";"0";"PROPRIA";"31901144";"FÉRIAS - ABONO PECUNIARIO";"FOLHA DE PAGAMENTO";"6792.56";"2023";"L";"26/01/2023";"0";"01/01/2023";"31/01/2023";"10"
"UNIDADE DE GESTÃO DE INFRAEST. E SERVIÇOS PÚBLICOS";"15";"URBANISMO";"122";"ADMINISTRAÇÃO GERAL";"2023";"2357";"";"0";"0";"100012604";"FOLHA DE PAGAMENTO";"45780103000150";"";"0";"PROPRIA";"31901145";"FÉRIAS - ABONO CONSTITUICOES";"FOLHA DE PAGAMENTO";"5161.05";"2023";"L";"26/01/2023";"0";"01/01/2023";"31/01/2023";"10"
"UNIDADE DE GESTÃO DE INFRAEST. E SERVIÇOS PÚBLICOS";"15";"URBANISMO";"122";"ADMINISTRAÇÃO GERAL";"2023";"2358";"";"0";"0";"100012604";"FOLHA DE PAGAMENTO";"45780103000150";"";"0";"PROPRIA";"31901145";"FÉRIAS - ABONO CONSTITUICOES";"FOLHA DE PAGAMENTO";"1281.82";"2023";"L";"26/01/2023";"0";"01/01/2023";"31/01/2023";"10"
"UNIDADE DE GESTÃO DE INFRAEST. E SERVIÇOS PÚBLICOS";"15";"URBANISMO";"122";"ADMINISTRAÇÃO GERAL";"2023";"2359";"";"0";"0";"100012604";"FOLHA DE PAGAMENTO";"45780103000150";"";"0";"PROPRIA";"31901146";"FÉRIAS - PAGAMENTO ANTECIPADO - RPPS";"FOLHA DE PAGAMENTO";"2218.75";"2023";"L";"26/01/2023";"0";"01/01/2023";"31/01/2023";"10"
"UNIDADE DE GESTÃO DE INFRAEST. E SERVIÇOS PÚBLICOS";"15";"URBANISMO";"122";"ADMINISTRAÇÃO GERAL";"2023";"2360";"";"0";"0";"100012604";"FOLHA DE PAGAMENTO";"45780103000150";"";"0";"PROPRIA";"31901146";"FÉRIAS - PAGAMENTO ANTECIPADO - RPPS";"FOLHA DE PAGAMENTO";"7646.25";"2023";"L";"26/01/2023";"0";"01/01/2023";"31/01/2023";"10"
"UNIDADE DE GESTÃO DE INFRAEST. E SERVIÇOS PÚBLICOS";"15";"URBANISMO";"122";"ADMINISTRAÇÃO GERAL";"2023";"2361";"";"0";"0";"100012604";"FOLHA DE PAGAMENTO";"45780103000150";"";"0";"PROPRIA";"31901644";"SERVIÇOS EXTRAORDINÁRIOS";"FOLHA DE PAGAMENTO";"1619.34";"2023";"L";"26/01/2023";"0";"01/01/2023";"31/01/2023";"10"
"UNIDADE DE GESTÃO DE MOBILIDADE E TRANSPORTE";"15";"URBANISMO";"122";"ADMINISTRAÇÃO GERAL";"2023";"2362";"";"0";"0";"100012604";"FOLHA DE PAGAMENTO";"45780103000150";"";"0";"PROPRIA";"31901104";"ADICIONAL NOTURNO";"FOLHA DE PAGAMENTO";"715.57";"2023";"L";"26/01/2023";"0";"01/01/2023";"31/01/2023";"12"
"UNIDADE DE GESTÃO DE MOBILIDADE E TRANSPORTE";"15";"URBANISMO";"122";"ADMINISTRAÇÃO GERAL";"2023";"2363";"";"0";"0";"100012604";"FOLHA DE PAGAMENTO";"45780103000150";"";"0";"PROPRIA";"31901133";"GRATIFICACOES POR EXERCICIO DE  FUNCOES";"FOLHA DE PAGAMENTO";"2615.34";"2023";"L";"26/01/2023";"0";"01/01/2023";"31/01/2023";"12"
"UNIDADE DE GESTÃO DE MOBILIDADE E TRANSPORTE";"15";"URBANISMO";"122";"ADMINISTRAÇÃO GERAL";"2023";"2364";"";"0";"0";"100012604";"FOLHA DE PAGAMENTO";"45780103000150";"";"0";"PROPRIA";"31901137";"GRATIFICACOES POR TEMPO DE SERVICO";"FOLHA DE PAGAMENTO";"1362.28";"2023";"L";"26/01/2023";"0";"01/01/2023";"31/01/2023";"12"
"UNIDADE DE GESTÃO DE MOBILIDADE E TRANSPORTE";"15";"URBANISMO";"122";"ADMINISTRAÇÃO GERAL";"2023";"2365";"";"0";"0";"100012604";"FOLHA DE PAGAMENTO";"45780103000150";"";"0";"PROPRIA";"31901137";"GRATIFICACOES POR TEMPO DE SERVICO";"FOLHA DE PAGAMENTO";"1647.07";"2023";"L";"26/01/2023";"0";"01/01/2023";"31/01/2023";"12"
"UNIDADE DE GESTÃO DE MOBILIDADE E TRANSPORTE";"15";"URBANISMO";"122";"ADMINISTRAÇÃO GERAL";"2023";"2366";"";"0";"0";"100012604";"FOLHA DE PAGAMENTO";"45780103000150";"";"0";"PROPRIA";"31901144";"FÉRIAS - ABONO PECUNIARIO";"FOLHA DE PAGAMENTO";"6137.83";"2023";"L";"26/01/2023";"0";"01/01/2023";"31/01/2023";"12"
"UNIDADE DE GESTÃO DE MOBILIDADE E TRANSPORTE";"15";"URBANISMO";"122";"ADMINISTRAÇÃO GERAL";"2023";"2367";"";"0";"0";"100012604";"FOLHA DE PAGAMENTO";"45780103000150";"";"0";"PROPRIA";"31901145";"FÉRIAS - ABONO CONSTITUICOES";"FOLHA DE PAGAMENTO";"5578.75";"2023";"L";"26/01/2023";"0";"01/01/2023";"31/01/2023";"12"
"UNIDADE DE GESTÃO DE MOBILIDADE E TRANSPORTE";"15";"URBANISMO";"122";"ADMINISTRAÇÃO GERAL";"2023";"2368";"";"0";"0";"100012604";"FOLHA DE PAGAMENTO";"45780103000150";"";"0";"PROPRIA";"31901145";"FÉRIAS - ABONO CONSTITUICOES";"FOLHA DE PAGAMENTO";"1967.74";"2023";"L";"26/01/2023";"0";"01/01/2023";"31/01/2023";"12"
"UNIDADE DE GESTÃO DE MOBILIDADE E TRANSPORTE";"15";"URBANISMO";"122";"ADMINISTRAÇÃO GERAL";"2023";"2369";"";"0";"0";"100012604";"FOLHA DE PAGAMENTO";"45780103000150";"";"0";"PROPRIA";"31901146";"FÉRIAS - PAGAMENTO ANTECIPADO - RPPS";"FOLHA DE PAGAMENTO";"8293.46";"2023";"L";"26/01/2023";"0";"01/01/2023";"31/01/2023";"12"
"UNIDADE DE GESTÃO DE MOBILIDADE E TRANSPORTE";"15";"URBANISMO";"122";"ADMINISTRAÇÃO GERAL";"2023";"2370";"";"0";"0";"100012604";"FOLHA DE PAGAMENTO";"45780103000150";"";"0";"PROPRIA";"31901146";"FÉRIAS - PAGAMENTO ANTECIPADO - RPPS";"FOLHA DE PAGAMENTO";"3693.15";"2023";"L";"26/01/2023";"0";"01/01/2023";"31/01/2023";"12"
"UNIDADE DE GESTÃO DE MOBILIDADE E TRANSPORTE";"15";"URBANISMO";"122";"ADMINISTRAÇÃO GERAL";"2023";"2371";"";"0";"0";"100012604";"FOLHA DE PAGAMENTO";"45780103000150";"";"0";"PROPRIA";"31901644";"SERVIÇOS EXTRAORDINÁRIOS";"FOLHA DE PAGAMENTO";"1353.8";"2023";"L";"26/01/2023";"0";"01/01/2023";"31/01/2023";"12"
"UNIDADE DE GESTÃO DE EDUCAÇÃO";"12";"EDUCAÇÃO";"361";"ENSINO FUNDAMENTAL";"2023";"2372";"";"0";"0";"100012604";"FOLHA DE PAGAMENTO";"45780103000150";"";"0";"PROPRIA";"31901133";"GRATIFICACOES POR EXERCICIO DE  FUNCOES";"FOLHA DE PAGAMENTO";"800.43";"2023";"L";"26/01/2023";"0";"01/01/2023";"31/01/2023";"13"
"UNIDADE DE GESTÃO DE EDUCAÇÃO";"12";"EDUCAÇÃO";"361";"ENSINO FUNDAMENTAL";"2023";"2373";"";"0";"0";"100012604";"FOLHA DE PAGAMENTO";"45780103000150";"";"0";"PROPRIA";"31901137";"GRATIFICACOES POR TEMPO DE SERVICO";"FOLHA DE PAGAMENTO";"293.48";"2023";"L";"26/01/2023";"0";"01/01/2023";"31/01/2023";"13"
"UNIDADE DE GESTÃO DE EDUCAÇÃO";"12";"EDUCAÇÃO";"361";"ENSINO FUNDAMENTAL";"2023";"2374";"";"0";"0";"100012604";"FOLHA DE PAGAMENTO";"45780103000150";"";"0";"PROPRIA";"31901145";"FÉRIAS - ABONO CONSTITUICOES";"FOLHA DE PAGAMENTO";"2321.14";"2023";"L";"26/01/2023";"0";"01/01/2023";"31/01/2023";"13"
"UNIDADE DE GESTÃO DE EDUCAÇÃO";"12";"EDUCAÇÃO";"361";"ENSINO FUNDAMENTAL";"2023";"2375";"";"0";"0";"100012604";"FOLHA DE PAGAMENTO";"45780103000150";"";"0";"PROPRIA";"31901146";"FÉRIAS - PAGAMENTO ANTECIPADO - RPPS";"FOLHA DE PAGAMENTO";"5006.7";"2023";"L";"26/01/2023";"0";"01/01/2023";"31/01/2023";"13"
"UNIDADE DE GESTÃO DE EDUCAÇÃO";"12";"EDUCAÇÃO";"361";"ENSINO FUNDAMENTAL";"2023";"2376";"";"0";"0";"100012604";"FOLHA DE PAGAMENTO";"45780103000150";"";"0";"PROPRIA";"31901137";"GRATIFICACOES POR TEMPO DE SERVICO";"FOLHA DE PAGAMENTO";"678.61";"2023";"L";"26/01/2023";"0";"01/01/2023";"31/01/2023";"13"
"UNIDADE DE GESTÃO DE EDUCAÇÃO";"12";"EDUCAÇÃO";"361";"ENSINO FUNDAMENTAL";"2023";"2377";"";"0";"0";"100012604";"FOLHA DE PAGAMENTO";"45780103000150";"";"0";"PROPRIA";"31901144";"FÉRIAS - ABONO PECUNIARIO";"FOLHA DE PAGAMENTO";"8517.31";"2023";"L";"26/01/2023";"0";"01/01/2023";"31/01/2023";"13"
"UNIDADE DE GESTÃO DE EDUCAÇÃO";"12";"EDUCAÇÃO";"361";"ENSINO FUNDAMENTAL";"2023";"2378";"";"0";"0";"100012604";"FOLHA DE PAGAMENTO";"45780103000150";"";"0";"PROPRIA";"31901145";"FÉRIAS - ABONO CONSTITUICOES";"FOLHA DE PAGAMENTO";"748.9";"2023";"L";"26/01/2023";"0";"01/01/2023";"31/01/2023";"13"
"UNIDADE DE GESTÃO DE EDUCAÇÃO";"12";"EDUCAÇÃO";"361";"ENSINO FUNDAMENTAL";"2023";"2379";"";"0";"0";"100012604";"FOLHA DE PAGAMENTO";"45780103000150";"";"0";"PROPRIA";"31901145";"FÉRIAS - ABONO CONSTITUICOES";"FOLHA DE PAGAMENTO";"4750.24";"2023";"L";"26/01/2023";"0";"01/01/2023";"31/01/2023";"13"
"UNIDADE DE GESTÃO DE EDUCAÇÃO";"12";"EDUCAÇÃO";"361";"ENSINO FUNDAMENTAL";"2023";"2380";"";"0";"0";"100012604";"FOLHA DE PAGAMENTO";"45780103000150";"";"0";"PROPRIA";"31901146";"FÉRIAS - PAGAMENTO ANTECIPADO - RPPS";"FOLHA DE PAGAMENTO";"1978.24";"2023";"L";"26/01/2023";"0";"01/01/2023";"31/01/2023";"13"
"UNIDADE DE GESTÃO DE EDUCAÇÃO";"12";"EDUCAÇÃO";"361";"ENSINO FUNDAMENTAL";"2023";"2381";"";"0";"0";"100012604";"FOLHA DE PAGAMENTO";"45780103000150";"";"0";"PROPRIA";"31901146";"FÉRIAS - PAGAMENTO ANTECIPADO - RPPS";"FOLHA DE PAGAMENTO";"9092.06";"2023";"L";"26/01/2023";"0";"01/01/2023";"31/01/2023";"13"
"UNIDADE DE GESTÃO DE PROMOÇÃO DA SAÚDE";"10";"SAÚDE";"122";"ADMINISTRAÇÃO GERAL";"2023";"2382";"";"0";"0";"100012604";"FOLHA DE PAGAMENTO";"45780103000150";"";"0";"PROPRIA";"31901110";"ADICIONAL DE INSALUBRIDADE";"FOLHA DE PAGAMENTO";"694.4";"2023";"L";"26/01/2023";"0";"01/01/2023";"31/01/2023";"14"
"UNIDADE DE GESTÃO DE PROMOÇÃO DA SAÚDE";"10";"SAÚDE";"122";"ADMINISTRAÇÃO GERAL";"2023";"2383";"";"0";"0";"100012604";"FOLHA DE PAGAMENTO";"45780103000150";"";"0";"PROPRIA";"31901133";"GRATIFICACOES POR EXERCICIO DE  FUNCOES";"FOLHA DE PAGAMENTO";"2101.11";"2023";"L";"26/01/2023";"0";"01/01/2023";"31/01/2023";"14"
"UNIDADE DE GESTÃO DE PROMOÇÃO DA SAÚDE";"10";"SAÚDE";"122";"ADMINISTRAÇÃO GERAL";"2023";"2384";"";"0";"0";"100012604";"FOLHA DE PAGAMENTO";"45780103000150";"";"0";"PROPRIA";"31901137";"GRATIFICACOES POR TEMPO DE SERVICO";"FOLHA DE PAGAMENTO";"2128.59";"2023";"L";"26/01/2023";"0";"01/01/2023";"31/01/2023";"14"
"UNIDADE DE GESTÃO DE PROMOÇÃO DA SAÚDE";"10";"SAÚDE";"122";"ADMINISTRAÇÃO GERAL";"2023";"2385";"";"0";"0";"100012604";"FOLHA DE PAGAMENTO";"45780103000150";"";"0";"PROPRIA";"31901145";"FÉRIAS - ABONO CONSTITUICOES";"FOLHA DE PAGAMENTO";"11964.63";"2023";"L";"26/01/2023";"0";"01/01/2023";"31/01/2023";"14"
"UNIDADE DE GESTÃO DE PROMOÇÃO DA SAÚDE";"10";"SAÚDE";"122";"ADMINISTRAÇÃO GERAL";"2023";"2386";"";"0";"0";"100012604";"FOLHA DE PAGAMENTO";"45780103000150";"";"0";"PROPRIA";"31901146";"FÉRIAS - PAGAMENTO ANTECIPADO - RPPS";"FOLHA DE PAGAMENTO";"21313.51";"2023";"L";"26/01/2023";"0";"01/01/2023";"31/01/2023";"14"
"UNIDADE DE GESTÃO DE PROMOÇÃO DA SAÚDE";"10";"SAÚDE";"122";"ADMINISTRAÇÃO GERAL";"2023";"2387";"";"0";"0";"100012604";"FOLHA DE PAGAMENTO";"45780103000150";"";"0";"PROPRIA";"31901644";"SERVIÇOS EXTRAORDINÁRIOS";"FOLHA DE PAGAMENTO";"4265.51";"2023";"L";"26/01/2023";"0";"01/01/2023";"31/01/2023";"14"
"UNIDADE DE GESTÃO DE PROMOÇÃO DA SAÚDE";"10";"SAÚDE";"122";"ADMINISTRAÇÃO GERAL";"2023";"2388";"";"0";"0";"100012604";"FOLHA DE PAGAMENTO";"45780103000150";"";"0";"PROPRIA";"31901145";"FÉRIAS - ABONO CONSTITUICOES";"FOLHA DE PAGAMENTO";"2971.77";"2023";"L";"26/01/2023";"0";"01/01/2023";"31/01/2023";"14"
"UNIDADE DE GESTÃO DE PROMOÇÃO DA SAÚDE";"10";"SAÚDE";"122";"ADMINISTRAÇÃO GERAL";"2023";"2389";"";"0";"0";"100012604";"FOLHA DE PAGAMENTO";"45780103000150";"";"0";"PROPRIA";"31901146";"FÉRIAS - PAGAMENTO ANTECIPADO - RPPS";"FOLHA DE PAGAMENTO";"7667.17";"2023";"L";"26/01/2023";"0";"01/01/2023";"31/01/2023";"14"
"UNIDADE DE GESTÃO DE PROMOÇÃO DA SAÚDE";"10";"SAÚDE";"301";"ATENÇÃO BÁSICA";"2023";"2390";"";"0";"0";"100012604";"FOLHA DE PAGAMENTO";"45780103000150";"";"0";"PROPRIA";"31901104";"ADICIONAL NOTURNO";"FOLHA DE PAGAMENTO";"70.69";"2023";"L";"26/01/2023";"0";"01/01/2023";"31/01/2023";"14"
"UNIDADE DE GESTÃO DE PROMOÇÃO DA SAÚDE";"10";"SAÚDE";"301";"ATENÇÃO BÁSICA";"2023";"2391";"";"0";"0";"100012604";"FOLHA DE PAGAMENTO";"45780103000150";"";"0";"PROPRIA";"31901107";"ABONO DE PERMANENCIA";"FOLHA DE PAGAMENTO";"247.42";"2023";"L";"26/01/2023";"0";"01/01/2023";"31/01/2023";"14"
"UNIDADE DE GESTÃO DE PROMOÇÃO DA SAÚDE";"10";"SAÚDE";"301";"ATENÇÃO BÁSICA";"2023";"2392";"";"0";"0";"100012604";"FOLHA DE PAGAMENTO";"45780103000150";"";"0";"PROPRIA";"31901110";"ADICIONAL DE INSALUBRIDADE";"FOLHA DE PAGAMENTO";"2430.4";"2023";"L";"26/01/2023";"0";"01/01/2023";"31/01/2023";"14"
"UNIDADE DE GESTÃO DE PROMOÇÃO DA SAÚDE";"10";"SAÚDE";"301";"ATENÇÃO BÁSICA";"2023";"2393";"";"0";"0";"100012604";"FOLHA DE PAGAMENTO";"45780103000150";"";"0";"PROPRIA";"31901133";"GRATIFICACOES POR EXERCICIO DE  FUNCOES";"FOLHA DE PAGAMENTO";"400.21";"2023";"L";"26/01/2023";"0";"01/01/2023";"31/01/2023";"14"
"UNIDADE DE GESTÃO DE PROMOÇÃO DA SAÚDE";"10";"SAÚDE";"301";"ATENÇÃO BÁSICA";"2023";"2394";"";"0";"0";"100012604";"FOLHA DE PAGAMENTO";"45780103000150";"";"0";"PROPRIA";"31901137";"GRATIFICACOES POR TEMPO DE SERVICO";"FOLHA DE PAGAMENTO";"9859.11";"2023";"L";"26/01/2023";"0";"01/01/2023";"31/01/2023";"14"
"UNIDADE DE GESTÃO DE PROMOÇÃO DA SAÚDE";"10";"SAÚDE";"301";"ATENÇÃO BÁSICA";"2023";"2395";"";"0";"0";"100012604";"FOLHA DE PAGAMENTO";"45780103000150";"";"0";"PROPRIA";"31901145";"FÉRIAS - ABONO CONSTITUICOES";"FOLHA DE PAGAMENTO";"26938.48";"2023";"L";"26/01/2023";"0";"01/01/2023";"31/01/2023";"14"
"UNIDADE DE GESTÃO DE PROMOÇÃO DA SAÚDE";"10";"SAÚDE";"301";"ATENÇÃO BÁSICA";"2023";"2396";"";"0";"0";"100012604";"FOLHA DE PAGAMENTO";"45780103000150";"";"0";"PROPRIA";"31901146";"FÉRIAS - PAGAMENTO ANTECIPADO - RPPS";"FOLHA DE PAGAMENTO";"48591.43";"2023";"L";"26/01/2023";"0";"01/01/2023";"31/01/2023";"14"
"UNIDADE DE GESTÃO DE PROMOÇÃO DA SAÚDE";"10";"SAÚDE";"301";"ATENÇÃO BÁSICA";"2023";"2397";"";"0";"0";"100012604";"FOLHA DE PAGAMENTO";"45780103000150";"";"0";"PROPRIA";"31901644";"SERVIÇOS EXTRAORDINÁRIOS";"FOLHA DE PAGAMENTO";"2318.88";"2023";"L";"26/01/2023";"0";"01/01/2023";"31/01/2023";"14"
"UNIDADE DE GESTÃO DE PROMOÇÃO DA SAÚDE";"10";"SAÚDE";"302";"ASSISTÊNCIA HOSPITALAR E AMBULATORIAL";"2023";"2398";"";"0";"0";"100012604";"FOLHA DE PAGAMENTO";"45780103000150";"";"0";"PROPRIA";"31901110";"ADICIONAL DE INSALUBRIDADE";"FOLHA DE PAGAMENTO";"434";"2023";"L";"26/01/2023";"0";"01/01/2023";"31/01/2023";"14"
"UNIDADE DE GESTÃO DE PROMOÇÃO DA SAÚDE";"10";"SAÚDE";"302";"ASSISTÊNCIA HOSPITALAR E AMBULATORIAL";"2023";"2399";"";"0";"0";"100012604";"FOLHA DE PAGAMENTO";"45780103000150";"";"0";"PROPRIA";"31901137";"GRATIFICACOES POR TEMPO DE SERVICO";"FOLHA DE PAGAMENTO";"998.67";"2023";"L";"26/01/2023";"0";"01/01/2023";"31/01/2023";"14"
"UNIDADE DE GESTÃO DE PROMOÇÃO DA SAÚDE";"10";"SAÚDE";"302";"ASSISTÊNCIA HOSPITALAR E AMBULATORIAL";"2023";"2400";"";"0";"0";"100012604";"FOLHA DE PAGAMENTO";"45780103000150";"";"0";"PROPRIA";"31901144";"FÉRIAS - ABONO PECUNIARIO";"FOLHA DE PAGAMENTO";"5678.52";"2023";"L";"26/01/2023";"0";"01/01/2023";"31/01/2023";"14"
"UNIDADE DE GESTÃO DE PROMOÇÃO DA SAÚDE";"10";"SAÚDE";"302";"ASSISTÊNCIA HOSPITALAR E AMBULATORIAL";"2023";"2401";"";"0";"0";"100012604";"FOLHA DE PAGAMENTO";"45780103000150";"";"0";"PROPRIA";"31901145";"FÉRIAS - ABONO CONSTITUICOES";"FOLHA DE PAGAMENTO";"4876.87";"2023";"L";"26/01/2023";"0";"01/01/2023";"31/01/2023";"14"
"UNIDADE DE GESTÃO DE PROMOÇÃO DA SAÚDE";"10";"SAÚDE";"302";"ASSISTÊNCIA HOSPITALAR E AMBULATORIAL";"2023";"2402";"";"0";"0";"100012604";"FOLHA DE PAGAMENTO";"45780103000150";"";"0";"PROPRIA";"31901146";"FÉRIAS - PAGAMENTO ANTECIPADO - RPPS";"FOLHA DE PAGAMENTO";"10894.86";"2023";"L";"26/01/2023";"0";"01/01/2023";"31/01/2023";"14"
"UNIDADE DE GESTÃO DE PROMOÇÃO DA SAÚDE";"10";"SAÚDE";"302";"ASSISTÊNCIA HOSPITALAR E AMBULATORIAL";"2023";"2403";"";"0";"0";"100012604";"FOLHA DE PAGAMENTO";"45780103000150";"";"0";"PROPRIA";"31901644";"SERVIÇOS EXTRAORDINÁRIOS";"FOLHA DE PAGAMENTO";"344.37";"2023";"L";"26/01/2023";"0";"01/01/2023";"31/01/2023";"14"
"UNIDADE GESTÃO DE ASSISTÊNCIA E DESENVOLV. SOCIAL";"8";"ASSISTÊNCIA SOCIAL";"244";"ASSISTÊNCIA COMUNITÁRIA";"2023";"2404";"";"0";"0";"100012604";"FOLHA DE PAGAMENTO";"45780103000150";"";"0";"PROPRIA";"31901137";"GRATIFICACOES POR TEMPO DE SERVICO";"FOLHA DE PAGAMENTO";"140.46";"2023";"L";"26/01/2023";"0";"01/01/2023";"31/01/2023";"15"
"UNIDADE GESTÃO DE ASSISTÊNCIA E DESENVOLV. SOCIAL";"8";"ASSISTÊNCIA SOCIAL";"244";"ASSISTÊNCIA COMUNITÁRIA";"2023";"2405";"";"0";"0";"100012604";"FOLHA DE PAGAMENTO";"45780103000150";"";"0";"PROPRIA";"31901145";"FÉRIAS - ABONO CONSTITUICOES";"FOLHA DE PAGAMENTO";"999.28";"2023";"L";"26/01/2023";"0";"01/01/2023";"31/01/2023";"15"
"UNIDADE GESTÃO DE ASSISTÊNCIA E DESENVOLV. SOCIAL";"8";"ASSISTÊNCIA SOCIAL";"244";"ASSISTÊNCIA COMUNITÁRIA";"2023";"2406";"";"0";"0";"100012604";"FOLHA DE PAGAMENTO";"45780103000150";"";"0";"PROPRIA";"31901146";"FÉRIAS - PAGAMENTO ANTECIPADO - RPPS";"FOLHA DE PAGAMENTO";"2071.09";"2023";"L";"26/01/2023";"0";"01/01/2023";"31/01/2023";"15"
"UNIDADE GESTÃO DE ASSISTÊNCIA E DESENVOLV. SOCIAL";"8";"ASSISTÊNCIA SOCIAL";"244";"ASSISTÊNCIA COMUNITÁRIA";"2023";"2407";"";"0";"0";"100012604";"FOLHA DE PAGAMENTO";"45780103000150";"";"0";"PROPRIA";"31901644";"SERVIÇOS EXTRAORDINÁRIOS";"FOLHA DE PAGAMENTO";"48.18";"2023";"L";"26/01/2023";"0";"01/01/2023";"31/01/2023";"15"
"UNIDADE GESTÃO DE ASSISTÊNCIA E DESENVOLV. SOCIAL";"8";"ASSISTÊNCIA SOCIAL";"244";"ASSISTÊNCIA COMUNITÁRIA";"2023";"2408";"";"0";"0";"100012604";"FOLHA DE PAGAMENTO";"45780103000150";"";"0";"PROPRIA";"31901104";"ADICIONAL NOTURNO";"FOLHA DE PAGAMENTO";"0.21";"2023";"L";"26/01/2023";"0";"01/01/2023";"31/01/2023";"15"
"UNIDADE GESTÃO DE ASSISTÊNCIA E DESENVOLV. SOCIAL";"8";"ASSISTÊNCIA SOCIAL";"244";"ASSISTÊNCIA COMUNITÁRIA";"2023";"2409";"";"0";"0";"100012604";"FOLHA DE PAGAMENTO";"45780103000150";"";"0";"PROPRIA";"31901137";"GRATIFICACOES POR TEMPO DE SERVICO";"FOLHA DE PAGAMENTO";"120.41";"2023";"L";"26/01/2023";"0";"01/01/2023";"31/01/2023";"15"
"UNIDADE GESTÃO DE ASSISTÊNCIA E DESENVOLV. SOCIAL";"8";"ASSISTÊNCIA SOCIAL";"244";"ASSISTÊNCIA COMUNITÁRIA";"2023";"2410";"";"0";"0";"100012604";"FOLHA DE PAGAMENTO";"45780103000150";"";"0";"PROPRIA";"31901145";"FÉRIAS - ABONO CONSTITUICOES";"FOLHA DE PAGAMENTO";"861.88";"2023";"L";"26/01/2023";"0";"01/01/2023";"31/01/2023";"15"
"UNIDADE GESTÃO DE ASSISTÊNCIA E DESENVOLV. SOCIAL";"8";"ASSISTÊNCIA SOCIAL";"244";"ASSISTÊNCIA COMUNITÁRIA";"2023";"2411";"";"0";"0";"100012604";"FOLHA DE PAGAMENTO";"45780103000150";"";"0";"PROPRIA";"31901146";"FÉRIAS - PAGAMENTO ANTECIPADO - RPPS";"FOLHA DE PAGAMENTO";"2054.15";"2023";"L";"26/01/2023";"0";"01/01/2023";"31/01/2023";"15"
"UNIDADE GESTÃO DE ASSISTÊNCIA E DESENVOLV. SOCIAL";"8";"ASSISTÊNCIA SOCIAL";"244";"ASSISTÊNCIA COMUNITÁRIA";"2023";"2412";"";"0";"0";"100012604";"FOLHA DE PAGAMENTO";"45780103000150";"";"0";"PROPRIA";"31901644";"SERVIÇOS EXTRAORDINÁRIOS";"FOLHA DE PAGAMENTO";"56.89";"2023";"L";"26/01/2023";"0";"01/01/2023";"31/01/2023";"15"
"UNIDADE GESTÃO DE ASSISTÊNCIA E DESENVOLV. SOCIAL";"8";"ASSISTÊNCIA SOCIAL";"244";"ASSISTÊNCIA COMUNITÁRIA";"2023";"2413";"";"0";"0";"100012604";"FOLHA DE PAGAMENTO";"45780103000150";"";"0";"PROPRIA";"31901145";"FÉRIAS - ABONO CONSTITUICOES";"FOLHA DE PAGAMENTO";"1863.34";"2023";"L";"26/01/2023";"0";"01/01/2023";"31/01/2023";"15"
"UNIDADE GESTÃO DE ASSISTÊNCIA E DESENVOLV. SOCIAL";"8";"ASSISTÊNCIA SOCIAL";"244";"ASSISTÊNCIA COMUNITÁRIA";"2023";"2414";"";"0";"0";"100012604";"FOLHA DE PAGAMENTO";"45780103000150";"";"0";"PROPRIA";"31901146";"FÉRIAS - PAGAMENTO ANTECIPADO - RPPS";"FOLHA DE PAGAMENTO";"4807.42";"2023";"L";"26/01/2023";"0";"01/01/2023";"31/01/2023";"15"
"UNIDADE DE GESTÃO DES. ECON. CIÊNCIA E TECNOLOGIA";"11";"TRABALHO";"122";"ADMINISTRAÇÃO GERAL";"2023";"2415";"";"0";"0";"100012604";"FOLHA DE PAGAMENTO";"45780103000150";"";"0";"PROPRIA";"31901145";"FÉRIAS - ABONO CONSTITUICOES";"FOLHA DE PAGAMENTO";"427.27";"2023";"L";"26/01/2023";"0";"01/01/2023";"31/01/2023";"16"
"UNIDADE DE GESTÃO DES. ECON. CIÊNCIA E TECNOLOGIA";"11";"TRABALHO";"122";"ADMINISTRAÇÃO GERAL";"2023";"2416";"";"0";"0";"100012604";"FOLHA DE PAGAMENTO";"45780103000150";"";"0";"PROPRIA";"31901146";"FÉRIAS - PAGAMENTO ANTECIPADO - RPPS";"FOLHA DE PAGAMENTO";"814.64";"2023";"L";"26/01/2023";"0";"01/01/2023";"31/01/2023";"16"
"UNIDADE DE GESTÃO DE SEGURANÇA MUNICIPAL";"6";"SEGURANÇA PÚBLICA";"122";"ADMINISTRAÇÃO GERAL";"2023";"2417";"";"0";"0";"100012604";"FOLHA DE PAGAMENTO";"45780103000150";"";"0";"PROPRIA";"31901133";"GRATIFICACOES POR EXERCICIO DE  FUNCOES";"FOLHA DE PAGAMENTO";"1882.17";"2023";"L";"26/01/2023";"0";"01/01/2023";"31/01/2023";"19"
"UNIDADE DE GESTÃO DE SEGURANÇA MUNICIPAL";"6";"SEGURANÇA PÚBLICA";"122";"ADMINISTRAÇÃO GERAL";"2023";"2418";"";"0";"0";"100012604";"FOLHA DE PAGAMENTO";"45780103000150";"";"0";"PROPRIA";"31901137";"GRATIFICACOES POR TEMPO DE SERVICO";"FOLHA DE PAGAMENTO";"2928.03";"2023";"L";"26/01/2023";"0";"01/01/2023";"31/01/2023";"19"
"UNIDADE DE GESTÃO DE SEGURANÇA MUNICIPAL";"6";"SEGURANÇA PÚBLICA";"122";"ADMINISTRAÇÃO GERAL";"2023";"2419";"";"0";"0";"100012604";"FOLHA DE PAGAMENTO";"45780103000150";"";"0";"PROPRIA";"31901144";"FÉRIAS - ABONO PECUNIARIO";"FOLHA DE PAGAMENTO";"8256.94";"2023";"L";"26/01/2023";"0";"01/01/2023";"31/01/2023";"19"
"UNIDADE DE GESTÃO DE SEGURANÇA MUNICIPAL";"6";"SEGURANÇA PÚBLICA";"122";"ADMINISTRAÇÃO GERAL";"2023";"2420";"";"0";"0";"100012604";"FOLHA DE PAGAMENTO";"45780103000150";"";"0";"PROPRIA";"31901145";"FÉRIAS - ABONO CONSTITUICOES";"FOLHA DE PAGAMENTO";"4128.47";"2023";"L";"26/01/2023";"0";"01/01/2023";"31/01/2023";"19"
"UNIDADE DE GESTÃO DE SEGURANÇA MUNICIPAL";"6";"SEGURANÇA PÚBLICA";"122";"ADMINISTRAÇÃO GERAL";"2023";"2421";"";"0";"0";"100012604";"FOLHA DE PAGAMENTO";"45780103000150";"";"0";"PROPRIA";"31901146";"FÉRIAS - PAGAMENTO ANTECIPADO - RPPS";"FOLHA DE PAGAMENTO";"3935.91";"2023";"L";"26/01/2023";"0";"01/01/2023";"31/01/2023";"19"
"UNIDADE DE GESTÃO DE SEGURANÇA MUNICIPAL";"6";"SEGURANÇA PÚBLICA";"122";"ADMINISTRAÇÃO GERAL";"2023";"2422";"";"0";"0";"100012604";"FOLHA DE PAGAMENTO";"45780103000150";"";"0";"PROPRIA";"31901644";"SERVIÇOS EXTRAORDINÁRIOS";"FOLHA DE PAGAMENTO";"1301.31";"2023";"L";"26/01/2023";"0";"01/01/2023";"31/01/2023";"19"
"UNIDADE DE GESTÃO DE CULTURA";"13";"CULTURA";"122";"ADMINISTRAÇÃO GERAL";"2023";"2423";"";"0";"0";"100012604";"FOLHA DE PAGAMENTO";"45780103000150";"";"0";"PROPRIA";"31901137";"GRATIFICACOES POR TEMPO DE SERVICO";"FOLHA DE PAGAMENTO";"120.41";"2023";"L";"26/01/2023";"0";"01/01/2023";"31/01/2023";"22"
"UNIDADE DE GESTÃO DE CULTURA";"13";"CULTURA";"122";"ADMINISTRAÇÃO GERAL";"2023";"2424";"";"0";"0";"100012604";"FOLHA DE PAGAMENTO";"45780103000150";"";"0";"PROPRIA";"31901145";"FÉRIAS - ABONO CONSTITUICOES";"FOLHA DE PAGAMENTO";"842.85";"2023";"L";"26/01/2023";"0";"01/01/2023";"31/01/2023";"22"
"UNIDADE DE GESTÃO DE CULTURA";"13";"CULTURA";"122";"ADMINISTRAÇÃO GERAL";"2023";"2425";"";"0";"0";"100012604";"FOLHA DE PAGAMENTO";"45780103000150";"";"0";"PROPRIA";"31901146";"FÉRIAS - PAGAMENTO ANTECIPADO - RPPS";"FOLHA DE PAGAMENTO";"2006.32";"2023";"L";"26/01/2023";"0";"01/01/2023";"31/01/2023";"22"
"UNIDADE DE GESTÃO DE INFRAEST. E SERVIÇOS PÚBLICOS";"18";"GESTÃO AMBIENTAL";"541";"PRESERVAÇÃO E CONSERVAÇÃO AMBIENTAL";"2023";"2440";"2022";"521";"14";"100045219";"STR ENGENHARIA E COMERCIO LTDA ME";"42950398000177";"PREGÃO ELETRÔNICO";"0";"PROPRIA";"33903024";"MATERIAL PARA MANUTENCAO DE BENS IMOVEIS";"PONTALETE DE EUCALIPTO CITRIODORA TRATADO DIAMETRO DE 16 CM";"15308.8";"2023";"L";"25/01/2023";"0";"01/01/2023";"31/01/2023";"10"
"UNIDADE DE GESTÃO DE INFRAEST. E SERVIÇOS PÚBLICOS";"18";"GESTÃO AMBIENTAL";"541";"PRESERVAÇÃO E CONSERVAÇÃO AMBIENTAL";"2023";"2440";"2022";"521";"14";"100045219";"STR ENGENHARIA E COMERCIO LTDA ME";"42950398000177";"PREGÃO ELETRÔNICO";"0";"PROPRIA";"33903024";"MATERIAL PARA MANUTENCAO DE BENS IMOVEIS";"PONTALETE DE EUCALIPTO CITRIODORA TRATADO DIAMETRO DE 14 CM";"7962.5";"2023";"L";"25/01/2023";"0";"01/01/2023";"31/01/2023";"10"
"UNIDADE DE GESTÃO DE INFRAEST. E SERVIÇOS PÚBLICOS";"18";"GESTÃO AMBIENTAL";"541";"PRESERVAÇÃO E CONSERVAÇÃO AMBIENTAL";"2023";"2441";"2022";"521";"14";"100045219";"STR ENGENHARIA E COMERCIO LTDA ME";"42950398000177";"PREGÃO ELETRÔNICO";"0";"PROPRIA";"33903024";"MATERIAL PARA MANUTENCAO DE BENS IMOVEIS";"PONTALETE DE EUCALIPTO CITRIODORA TRATADO DIAMETRO DE 20 CM";"9332.8";"2023";"L";"25/01/2023";"0";"01/01/2023";"31/01/2023";"10"
"UNIDADE DE GESTÃO DE INFRAEST. E SERVIÇOS PÚBLICOS";"18";"GESTÃO AMBIENTAL";"541";"PRESERVAÇÃO E CONSERVAÇÃO AMBIENTAL";"2023";"2441";"2022";"521";"14";"100045219";"STR ENGENHARIA E COMERCIO LTDA ME";"42950398000177";"PREGÃO ELETRÔNICO";"0";"PROPRIA";"33903024";"MATERIAL PARA MANUTENCAO DE BENS IMOVEIS";"PONTALETE DE EUCALIPTO CITRIODORA TRATADO DIAMETRO DE 16 CM";"13993.2";"2023";"L";"25/01/2023";"0";"01/01/2023";"31/01/2023";"10"
"UNIDADE DE GESTÃO DE INFRAEST. E SERVIÇOS PÚBLICOS";"18";"GESTÃO AMBIENTAL";"541";"PRESERVAÇÃO E CONSERVAÇÃO AMBIENTAL";"2023";"2441";"2022";"521";"14";"100045219";"STR ENGENHARIA E COMERCIO LTDA ME";"42950398000177";"PREGÃO ELETRÔNICO";"0";"PROPRIA";"33903024";"MATERIAL PARA MANUTENCAO DE BENS IMOVEIS";"PONTALETE DE EUCALIPTO CITRIODORA TRATADO DIAMETRO DE 08 CM";"1862";"2023";"L";"25/01/2023";"0";"01/01/2023";"31/01/2023";"10"
"UNIDADE DE GESTÃO DE INFRAEST. E SERVIÇOS PÚBLICOS";"18";"GESTÃO AMBIENTAL";"541";"PRESERVAÇÃO E CONSERVAÇÃO AMBIENTAL";"2023";"2441";"2022";"521";"14";"100045219";"STR ENGENHARIA E COMERCIO LTDA ME";"42950398000177";"PREGÃO ELETRÔNICO";"0";"PROPRIA";"33903024";"MATERIAL PARA MANUTENCAO DE BENS IMOVEIS";"PONTALETE DE EUCALIPTO CITRIODORA TRATADO DIAMETRO DE 18 CM";"4252.8";"2023";"L";"25/01/2023";"0";"01/01/2023";"31/01/2023";"10"
"UNIDADE DE GESTÃO DE INFRAEST. E SERVIÇOS PÚBLICOS";"18";"GESTÃO AMBIENTAL";"541";"PRESERVAÇÃO E CONSERVAÇÃO AMBIENTAL";"2023";"2441";"2022";"521";"14";"100045219";"STR ENGENHARIA E COMERCIO LTDA ME";"42950398000177";"PREGÃO ELETRÔNICO";"0";"PROPRIA";"33903024";"MATERIAL PARA MANUTENCAO DE BENS IMOVEIS";"PONTALETE DE EUCALIPTO CITRIODORA TRATADO DIAMETRO DE 10 CM";"8305.4";"2023";"L";"25/01/2023";"0";"01/01/2023";"31/01/2023";"10"
"UNIDADE DE GESTÃO DE INFRAEST. E SERVIÇOS PÚBLICOS";"18";"GESTÃO AMBIENTAL";"541";"PRESERVAÇÃO E CONSERVAÇÃO AMBIENTAL";"2023";"2441";"2022";"521";"14";"100045219";"STR ENGENHARIA E COMERCIO LTDA ME";"42950398000177";"PREGÃO ELETRÔNICO";"0";"PROPRIA";"33903024";"MATERIAL PARA MANUTENCAO DE BENS IMOVEIS";"PONTALETE DE EUCALIPTO CITRIODORA TRATADO DIAMETRO DE 14 CM";"15312.5";"2023";"L";"25/01/2023";"0";"01/01/2023";"31/01/2023";"10"
"UNIDADE DE GESTÃO DE INFRAEST. E SERVIÇOS PÚBLICOS";"18";"GESTÃO AMBIENTAL";"541";"PRESERVAÇÃO E CONSERVAÇÃO AMBIENTAL";"2023";"2441";"2022";"521";"14";"100045219";"STR ENGENHARIA E COMERCIO LTDA ME";"42950398000177";"PREGÃO ELETRÔNICO";"0";"PROPRIA";"33903024";"MATERIAL PARA MANUTENCAO DE BENS IMOVEIS";"PONTALETE DE EUCALIPTO CITRIODORA TRATADO DIAMETRO DE 12 CM";"1620";"2023";"L";"25/01/2023";"0";"01/01/2023";"31/01/2023";"10"
"UNIDADE DE GESTÃO DE ADMINIST. E GESTÃO DE PESSOAS";"4";"ADMINISTRAÇÃO";"122";"ADMINISTRAÇÃO GERAL";"2023";"2455";"2023";"259";"1";"100033281";"SACI COMERCIO DE TINTAS LTDA";"71961049000400";"COMPRA DIRETA";"0";"PROPRIA";"33903024";"MATERIAL PARA MANUTENCAO DE BENS IMOVEIS";"TINTA ACRILICA ACRILICA FOSCO 18 L BRANCO NEVE";"860";"2023";"L";"27/01/2023";"0";"01/01/2023";"31/01/2023";"7"
"UNIDADE DE GESTÃO DE PROMOÇÃO DA SAÚDE";"10";"SAÚDE";"305";"VIGILÂNCIA EPIDEMIOLÓGICA";"2023";"2456";"2023";"260";"1";"1097484";"CAFE CAICARA LTDA.";"50929884000131";"COMPRA DIRETA";"0";"PROPRIA";"33903007";"GENEROS DE ALIMENTACAO";"CAFE TORRADO E MOIDO. COM 500G. QUAL. GLOBAL MIN. 4.8 PONTOS";"14950";"2023";"L";"25/01/2023";"0";"01/01/2023";"31/01/2023";"14"
"UNIDADE GESTÃO DE ASSISTÊNCIA E DESENVOLV. SOCIAL";"8";"ASSISTÊNCIA SOCIAL";"241";"ASSISTENCIA À PESSOA IDOSA";"2023";"2462";"2022";"799";"1";"100041164";"MARIA APARECIDA CLINI DREZZA 02436950806";"19030129000170";"COMPRA DIRETA";"5156";"FUMDIPI - FUNDO MUN. DOS DIREITOS DA PESSOA IDOSA";"33903999";"OUTROS SERVICOS DE TERCEIROS - PESSOA JURIDICA";"MINISTRAR-OFICINA ARTISTICA";"105";"2023";"L";"24/01/2023";"0";"01/01/2023";"31/01/2023";"15"
"UNIDADE DE GESTÃO DE INFRAEST. E SERVIÇOS PÚBLICOS";"4";"ADMINISTRAÇÃO";"122";"ADMINISTRAÇÃO GERAL";"2023";"2467";"2023";"201";"1";"100040876";"AGUA BOA DUGRI LTDA";"23282454000106";"COMPRA DIRETA";"0";"PROPRIA";"33903007";"GENEROS DE ALIMENTACAO";"AGUA MINERAL SEM GAS. EMBALAGEM DESCARTAVEL COM 200 ML.";"93.6";"2023";"L";"31/01/2023";"0";"01/01/2023";"31/01/2023";"10"
"UNIDADE DE GESTÃO DE CULTURA";"13";"CULTURA";"391";"PATRIMÔNIO HISTÓRICO. ARTÍSTICO E ARQUEOLÓGICO";"2023";"2497";"2022";"72";"6";"100000682";"BETA CLEAN & SERVICE LTDA.";"61704052000133";"DISPENSA DE LICITACAO";"0";"PROPRIA";"33903978";"LIMPEZA E CONSERVACAO";"LIMPEZA. CONSERVACAO. MANUTENCAO DE AREAS E EQUIPAMENTOS";"14517.47";"2023";"L";"31/01/2023";"0";"01/01/2023";"31/01/2023";"22"
"UNIDADE DE GESTÃO DE EDUCAÇÃO";"12";"EDUCAÇÃO";"361";"ENSINO FUNDAMENTAL";"2023";"2521";"";"0";"0";"100000736";"SECRETARIA DE ESTADO DA EDUCACAO";"46384111000140";"";"5203";"FUNDO MANUT.DES.ED.BÁSICA E VALOR.PROF.MAG.-FUNDEB";"33909302";"RESTITUICOES";"DESPESAS RESULT.DE LEIS. DEC.. CONV.. ACORDOS(PESSOAL CONV.)";"27227.16";"2023";"L";"26/01/2023";"0";"01/01/2023";"31/01/2023";"13"
"UNIDADE DE GESTÃO DE GOVERNO E FINANÇAS";"28";"ENCARGOS ESPECIAIS";"846";"OUTROS ENCARGOS ESPECIAIS";"2023";"2560";"";"0";"0";"100034572";"DEFENSORIA PÚBLICA DO ESTADO DE SÃO PAULO";"08036157000189";"";"0";"PROPRIA";"33909115";"SENTENÇAS JUDICIAIS DE PEQUENO VALOR";"DESPESAS OBRIGATORIAS E/OU JUDICIAIS(P. JURIDICAS).";"2627.6";"2023";"L";"25/01/2023";"0";"01/01/2023";"31/01/2023";"8"
"UNIDADE DE GESTÃO DE EDUCAÇÃO";"12";"EDUCAÇÃO";"306";"ALIMENTAÇÃO E NUTRIÇÃO";"2023";"2567";"2022";"12";"14";"100029899";"JC ALIMENTOS VINHEDO LTDA EPP";"09664268000100";"PREGÃO ELETRÔNICO";"6108";"QUOTA DO SALARIO EDUCACAO";"33903007";"GENEROS DE ALIMENTACAO";"PAO TIPO TORTILHA. PACOTE COM 270 G.";"159.8";"2023";"L";"26/01/2023";"0";"01/01/2023";"31/01/2023";"13"
"UNIDADE DE GESTÃO DE GOVERNO E FINANÇAS";"28";"ENCARGOS ESPECIAIS";"846";"OUTROS ENCARGOS ESPECIAIS";"2023";"2571";"";"0";"0";"100049211";"ANTONIO CARLOS FELIPPE";"03531034898";"";"5403";"FUNDO MUNICIPAL DE TRANSITO - MULTAS";"33909302";"RESTITUICOES";"INDENIZACOES E/OU RESSARCIMENTOS(P. FISICA).";"104.12";"2023";"L";"26/01/2023";"0";"01/01/2023";"31/01/2023";"8"
"UNIDADE DE GESTÃO DE GOVERNO E FINANÇAS";"28";"ENCARGOS ESPECIAIS";"846";"OUTROS ENCARGOS ESPECIAIS";"2023";"2572";"";"0";"0";"100049211";"ANTONIO CARLOS FELIPPE";"03531034898";"";"5403";"FUNDO MUNICIPAL DE TRANSITO - MULTAS";"33909302";"RESTITUICOES";"INDENIZACOES E/OU RESSARCIMENTOS(P. FISICA).";"104.12";"2023";"L";"26/01/2023";"0";"01/01/2023";"31/01/2023";"8"
"UNIDADE DE GESTÃO DE GOVERNO E FINANÇAS";"28";"ENCARGOS ESPECIAIS";"846";"OUTROS ENCARGOS ESPECIAIS";"2023";"2573";"";"0";"0";"100049211";"ANTONIO CARLOS FELIPPE";"03531034898";"";"5403";"FUNDO MUNICIPAL DE TRANSITO - MULTAS";"33909302";"RESTITUICOES";"INDENIZACOES E/OU RESSARCIMENTOS(P. FISICA).";"104.12";"2023";"L";"26/01/2023";"0";"01/01/2023";"31/01/2023";"8"
"UNIDADE DE GESTÃO DE GOVERNO E FINANÇAS";"28";"ENCARGOS ESPECIAIS";"846";"OUTROS ENCARGOS ESPECIAIS";"2023";"2574";"";"0";"0";"100049211";"ANTONIO CARLOS FELIPPE";"03531034898";"";"5403";"FUNDO MUNICIPAL DE TRANSITO - MULTAS";"33909302";"RESTITUICOES";"INDENIZACOES E/OU RESSARCIMENTOS(P. FISICA).";"104.12";"2023";"L";"26/01/2023";"0";"01/01/2023";"31/01/2023";"8"
"UNIDADE DE GESTÃO DE GOVERNO E FINANÇAS";"28";"ENCARGOS ESPECIAIS";"846";"OUTROS ENCARGOS ESPECIAIS";"2023";"2575";"";"0";"0";"100049211";"ANTONIO CARLOS FELIPPE";"03531034898";"";"5403";"FUNDO MUNICIPAL DE TRANSITO - MULTAS";"33909302";"RESTITUICOES";"INDENIZACOES E/OU RESSARCIMENTOS(P. FISICA).";"104.12";"2023";"L";"26/01/2023";"0";"01/01/2023";"31/01/2023";"8"
"UNIDADE DE GESTÃO DE GOVERNO E FINANÇAS";"28";"ENCARGOS ESPECIAIS";"846";"OUTROS ENCARGOS ESPECIAIS";"2023";"2576";"";"0";"0";"100049211";"ANTONIO CARLOS FELIPPE";"03531034898";"";"5403";"FUNDO MUNICIPAL DE TRANSITO - MULTAS";"33909302";"RESTITUICOES";"INDENIZACOES E/OU RESSARCIMENTOS(P. FISICA).";"104.12";"2023";"L";"26/01/2023";"0";"01/01/2023";"31/01/2023";"8"
"UNIDADE DE GESTÃO DE GOVERNO E FINANÇAS";"28";"ENCARGOS ESPECIAIS";"846";"OUTROS ENCARGOS ESPECIAIS";"2023";"2577";"";"0";"0";"100049119";"FOCCARE SISTEMAS DE SEGURANCA ELETRONICA";"14693183000182";"";"5403";"FUNDO MUNICIPAL DE TRANSITO - MULTAS";"33909302";"RESTITUICOES";"INDENIZACOES E/OU RESSARCIMENTOS(P. JURIDICA).";"104.13";"2023";"L";"26/01/2023";"0";"01/01/2023";"31/01/2023";"8"
"UNIDADE GESTÃO DE ASSISTÊNCIA E DESENVOLV. SOCIAL";"8";"ASSISTÊNCIA SOCIAL";"244";"ASSISTÊNCIA COMUNITÁRIA";"2023";"2586";"";"0";"0";"100038510";"ASSOCIACAO PESTALOZZI DE SUMARE";"57501611000130";"";"0";"PROPRIA";"33509200";"DESPESAS DE EXERCICIOS ANTERIORES";"CONVENIO MROSC - LEI 13019/2014 - MARCO REGUL.ORG.SOC.CIVIL";"37864.74";"2023";"L";"31/01/2023";"0";"01/01/2023";"31/01/2023";"15"
"UNIDADE GESTÃO DE ASSISTÊNCIA E DESENVOLV. SOCIAL";"8";"ASSISTÊNCIA SOCIAL";"243";"ASSISTÊNCIA À CRIANÇA E AO ADOLESCENTE";"2023";"2587";"";"0";"0";"4010781";"CASA DA CRIANCA N.SENHORA DO DESTERRO";"50981687000161";"";"5104";"FUNDO MUNIC.DIREITOS DA CRIANCA E ADOLESC.-DOACOES";"33503902";"TERMO DE FOMENTO";"CONVENIO MROSC - LEI 13019/2014 - MARCO REGUL.ORG.SOC.CIVIL";"26666.66";"2023";"L";"31/01/2023";"0";"01/01/2023";"31/01/2023";"15"
"UNIDADE GESTÃO DE ASSISTÊNCIA E DESENVOLV. SOCIAL";"8";"ASSISTÊNCIA SOCIAL";"243";"ASSISTÊNCIA À CRIANÇA E AO ADOLESCENTE";"2023";"2588";"";"0";"0";"4040598";"ASSOCIAÇÃO EDUCADORA BENEFICENTE";"50951805000199";"";"5104";"FUNDO MUNIC.DIREITOS DA CRIANCA E ADOLESC.-DOACOES";"33503902";"TERMO DE FOMENTO";"CONVENIO MROSC - LEI 13019/2014 - MARCO REGUL.ORG.SOC.CIVIL";"20349.06";"2023";"L";"31/01/2023";"0";"01/01/2023";"31/01/2023";"15"
"UNIDADE GESTÃO DE ASSISTÊNCIA E DESENVOLV. SOCIAL";"8";"ASSISTÊNCIA SOCIAL";"241";"ASSISTENCIA À PESSOA IDOSA";"2023";"2589";"";"0";"0";"4010880";"LAR NOSSA SENHORA DAS GRAÇAS";"61000683001062";"";"5156";"FUMDIPI - FUNDO MUN. DOS DIREITOS DA PESSOA IDOSA";"33503902";"TERMO DE FOMENTO";"CONVENIO MROSC - LEI 13019/2014 - MARCO REGUL.ORG.SOC.CIVIL";"12175";"2023";"L";"31/01/2023";"0";"01/01/2023";"31/01/2023";"15"
"UNIDADE GESTÃO DE ASSISTÊNCIA E DESENVOLV. SOCIAL";"8";"ASSISTÊNCIA SOCIAL";"243";"ASSISTÊNCIA À CRIANÇA E AO ADOLESCENTE";"2023";"2590";"";"0";"0";"100033697";"ASSOCIAÇÃO ALMATER";"15670588000168";"";"5104";"FUNDO MUNIC.DIREITOS DA CRIANCA E ADOLESC.-DOACOES";"33503902";"TERMO DE FOMENTO";"CONVENIO MROSC - LEI 13019/2014 - MARCO REGUL.ORG.SOC.CIVIL";"27200";"2023";"L";"31/01/2023";"0";"01/01/2023";"31/01/2023";"15"
"UNIDADE GESTÃO DE ASSISTÊNCIA E DESENVOLV. SOCIAL";"8";"ASSISTÊNCIA SOCIAL";"241";"ASSISTENCIA À PESSOA IDOSA";"2023";"2591";"";"0";"0";"100011787";"ACOLHIMENTO BOM PASTOR";"04115907000157";"";"5156";"FUMDIPI - FUNDO MUN. DOS DIREITOS DA PESSOA IDOSA";"33503902";"TERMO DE FOMENTO";"CONVENIO MROSC - LEI 13019/2014 - MARCO REGUL.ORG.SOC.CIVIL";"16666.66";"2023";"L";"31/01/2023";"0";"01/01/2023";"31/01/2023";"15"
"UNIDADE GESTÃO DE ASSISTÊNCIA E DESENVOLV. SOCIAL";"8";"ASSISTÊNCIA SOCIAL";"243";"ASSISTÊNCIA À CRIANÇA E AO ADOLESCENTE";"2023";"2592";"";"0";"0";"100011787";"ACOLHIMENTO BOM PASTOR";"04115907000157";"";"5104";"FUNDO MUNIC.DIREITOS DA CRIANCA E ADOLESC.-DOACOES";"33503902";"TERMO DE FOMENTO";"CONVENIO MROSC - LEI 13019/2014 - MARCO REGUL.ORG.SOC.CIVIL";"26666.66";"2023";"L";"31/01/2023";"0";"01/01/2023";"31/01/2023";"15"
"UNIDADE GESTÃO DE ASSISTÊNCIA E DESENVOLV. SOCIAL";"8";"ASSISTÊNCIA SOCIAL";"241";"ASSISTENCIA À PESSOA IDOSA";"2023";"2593";"";"0";"0";"100003205";"REDE DE ASSIST VICENTINA DE JUNDIAI";"50971720000172";"";"5156";"FUMDIPI - FUNDO MUN. DOS DIREITOS DA PESSOA IDOSA";"33503902";"TERMO DE FOMENTO";"CONVENIO MROSC - LEI 13019/2014 - MARCO REGUL.ORG.SOC.CIVIL";"16666.66";"2023";"L";"31/01/2023";"0";"01/01/2023";"31/01/2023";"15"
"UNIDADE GESTÃO DE ASSISTÊNCIA E DESENVOLV. SOCIAL";"8";"ASSISTÊNCIA SOCIAL";"241";"ASSISTENCIA À PESSOA IDOSA";"2023";"2594";"";"0";"0";"4010807";"CENTRO COMUNITARIO DE VILA HORTOLANDIA";"44644557000130";"";"5156";"FUMDIPI - FUNDO MUN. DOS DIREITOS DA PESSOA IDOSA";"33503902";"TERMO DE FOMENTO";"CONVENIO MROSC - LEI 13019/2014 - MARCO REGUL.ORG.SOC.CIVIL";"15500";"2023";"L";"31/01/2023";"0";"01/01/2023";"31/01/2023";"15"
"UNIDADE GESTÃO DE ASSISTÊNCIA E DESENVOLV. SOCIAL";"8";"ASSISTÊNCIA SOCIAL";"241";"ASSISTENCIA À PESSOA IDOSA";"2023";"2595";"";"0";"0";"100003205";"REDE DE ASSIST VICENTINA DE JUNDIAI";"50971720000172";"";"5156";"FUMDIPI - FUNDO MUN. DOS DIREITOS DA PESSOA IDOSA";"33503902";"TERMO DE FOMENTO";"CONVENIO MROSC - LEI 13019/2014 - MARCO REGUL.ORG.SOC.CIVIL";"11458.32";"2023";"L";"31/01/2023";"0";"01/01/2023";"31/01/2023";"15"
"UNIDADE DE GESTÃO DE ADMINIST. E GESTÃO DE PESSOAS";"4";"ADMINISTRAÇÃO";"122";"ADMINISTRAÇÃO GERAL";"2023";"2596";"";"0";"0";"100012604";"FOLHA DE PAGAMENTO";"45780103000150";"";"0";"PROPRIA";"31901101";"VENCIMENTO E SALARIOS";"FOLHA DE PAGAMENTO";"103.49";"2023";"L";"25/01/2023";"0";"01/01/2023";"31/01/2023";"7"
"UNIDADE DE GESTÃO DE ADMINIST. E GESTÃO DE PESSOAS";"4";"ADMINISTRAÇÃO";"122";"ADMINISTRAÇÃO GERAL";"2023";"2597";"";"0";"0";"100012604";"FOLHA DE PAGAMENTO";"45780103000150";"";"0";"PROPRIA";"31901142";"FÉRIAS INDENIZADAS";"FOLHA DE PAGAMENTO";"17302.93";"2023";"L";"25/01/2023";"0";"01/01/2023";"31/01/2023";"7"
"UNIDADE DE GESTÃO DE ADMINIST. E GESTÃO DE PESSOAS";"4";"ADMINISTRAÇÃO";"122";"ADMINISTRAÇÃO GERAL";"2023";"2598";"";"0";"0";"100012604";"FOLHA DE PAGAMENTO";"45780103000150";"";"0";"PROPRIA";"31901644";"SERVIÇOS EXTRAORDINÁRIOS";"FOLHA DE PAGAMENTO";"191.24";"2023";"L";"25/01/2023";"0";"01/01/2023";"31/01/2023";"7"
"UNIDADE DE GESTÃO DE ADMINIST. E GESTÃO DE PESSOAS";"4";"ADMINISTRAÇÃO";"122";"ADMINISTRAÇÃO GERAL";"2023";"2599";"";"0";"0";"100004453";"IPREJUN-INST.PREVIDENCIA DO MUN.JUNDIAI";"05507216000161";"";"0";"PROPRIA";"31911308";"CONTRIBUIÇÕES PREVIDENCIÁRIAS - RPPS - PESSOAL ATI";"FOLHA DE PAGAMENTO";"14.9";"2023";"L";"25/01/2023";"0";"01/01/2023";"31/01/2023";"7"
"UNIDADE DE GESTÃO DE ADMINIST. E GESTÃO DE PESSOAS";"4";"ADMINISTRAÇÃO";"122";"ADMINISTRAÇÃO GERAL";"2023";"2600";"";"0";"0";"100004453";"IPREJUN-INST.PREVIDENCIA DO MUN.JUNDIAI";"05507216000161";"";"0";"PROPRIA";"31911320";"ALÍQUOTA SUPLEMENTAR DE CONTRIBUIÇÃO PREVIDENCIÁRI";"FOLHA DE PAGAMENTO";"19.78";"2023";"L";"25/01/2023";"0";"01/01/2023";"31/01/2023";"7"
"UNIDADE DE GESTÃO DE ADMINIST. E GESTÃO DE PESSOAS";"9";"PREVIDÊNCIA SOCIAL";"271";"PREVIDÊNCIA BÁSICA";"2023";"2601";"";"0";"0";"100012604";"FOLHA DE PAGAMENTO";"45780103000150";"";"0";"PROPRIA";"31900301";"PESSOAL CIVIL";"FOLHA DE PAGAMENTO";"101.27";"2023";"L";"25/01/2023";"0";"01/01/2023";"31/01/2023";"7"
"UNIDADE DE GESTÃO DE ADMINIST. E GESTÃO DE PESSOAS";"17";"SANEAMENTO";"122";"ADMINISTRAÇÃO GERAL";"2023";"2602";"";"0";"0";"100012604";"FOLHA DE PAGAMENTO";"45780103000150";"";"902";"RESTITUIÇÕES DAE S/A";"31901142";"FÉRIAS INDENIZADAS";"FOLHA DE PAGAMENTO";"36253.86";"2023";"L";"25/01/2023";"0";"01/01/2023";"31/01/2023";"7"
"UNIDADE DE GESTÃO DE INFRAEST. E SERVIÇOS PÚBLICOS";"15";"URBANISMO";"122";"ADMINISTRAÇÃO GERAL";"2023";"2603";"";"0";"0";"100012604";"FOLHA DE PAGAMENTO";"45780103000150";"";"0";"PROPRIA";"31901142";"FÉRIAS INDENIZADAS";"FOLHA DE PAGAMENTO";"80736.95";"2023";"L";"25/01/2023";"0";"01/01/2023";"31/01/2023";"10"
"UNIDADE DE GESTÃO DE INFRAEST. E SERVIÇOS PÚBLICOS";"15";"URBANISMO";"122";"ADMINISTRAÇÃO GERAL";"2023";"2604";"";"0";"0";"100012604";"FOLHA DE PAGAMENTO";"45780103000150";"";"0";"PROPRIA";"31901644";"SERVIÇOS EXTRAORDINÁRIOS";"FOLHA DE PAGAMENTO";"467.27";"2023";"L";"25/01/2023";"0";"01/01/2023";"31/01/2023";"10"
"UNIDADE DE GESTÃO DE MOBILIDADE E TRANSPORTE";"15";"URBANISMO";"122";"ADMINISTRAÇÃO GERAL";"2023";"2605";"";"0";"0";"100012604";"FOLHA DE PAGAMENTO";"45780103000150";"";"0";"PROPRIA";"31901101";"VENCIMENTO E SALARIOS";"FOLHA DE PAGAMENTO";"3265.94";"2023";"L";"25/01/2023";"0";"01/01/2023";"31/01/2023";"12"
"UNIDADE DE GESTÃO DE MOBILIDADE E TRANSPORTE";"15";"URBANISMO";"122";"ADMINISTRAÇÃO GERAL";"2023";"2606";"";"0";"0";"100012604";"FOLHA DE PAGAMENTO";"45780103000150";"";"0";"PROPRIA";"31901137";"GRATIFICACOES POR TEMPO DE SERVICO";"FOLHA DE PAGAMENTO";"1361.03";"2023";"L";"25/01/2023";"0";"01/01/2023";"31/01/2023";"12"
"UNIDADE DE GESTÃO DE MOBILIDADE E TRANSPORTE";"15";"URBANISMO";"122";"ADMINISTRAÇÃO GERAL";"2023";"2607";"";"0";"0";"100012604";"FOLHA DE PAGAMENTO";"45780103000150";"";"0";"PROPRIA";"31901142";"FÉRIAS INDENIZADAS";"FOLHA DE PAGAMENTO";"58863.33";"2023";"L";"25/01/2023";"0";"01/01/2023";"31/01/2023";"12"
"UNIDADE DE GESTÃO DE MOBILIDADE E TRANSPORTE";"15";"URBANISMO";"122";"ADMINISTRAÇÃO GERAL";"2023";"2608";"";"0";"0";"100012604";"FOLHA DE PAGAMENTO";"45780103000150";"";"0";"PROPRIA";"31901143";"13 SALARIO";"FOLHA DE PAGAMENTO";"959.73";"2023";"L";"25/01/2023";"0";"01/01/2023";"31/01/2023";"12"
"UNIDADE DE GESTÃO DE MOBILIDADE E TRANSPORTE";"15";"URBANISMO";"122";"ADMINISTRAÇÃO GERAL";"2023";"2609";"";"0";"0";"100004453";"IPREJUN-INST.PREVIDENCIA DO MUN.JUNDIAI";"05507216000161";"";"0";"PROPRIA";"31911308";"CONTRIBUIÇÕES PREVIDENCIÁRIAS - RPPS - PESSOAL ATI";"FOLHA DE PAGAMENTO";"1402.81";"2023";"L";"25/01/2023";"0";"01/01/2023";"31/01/2023";"12"
"UNIDADE DE GESTÃO DE MOBILIDADE E TRANSPORTE";"15";"URBANISMO";"122";"ADMINISTRAÇÃO GERAL";"2023";"2610";"";"0";"0";"100004453";"IPREJUN-INST.PREVIDENCIA DO MUN.JUNDIAI";"05507216000161";"";"0";"PROPRIA";"31911320";"ALÍQUOTA SUPLEMENTAR DE CONTRIBUIÇÃO PREVIDENCIÁRI";"FOLHA DE PAGAMENTO";"1861.94";"2023";"L";"25/01/2023";"0";"01/01/2023";"31/01/2023";"12"
"UNIDADE DE GESTÃO DE EDUCAÇÃO";"12";"EDUCAÇÃO";"361";"ENSINO FUNDAMENTAL";"2023";"2611";"";"0";"0";"100012604";"FOLHA DE PAGAMENTO";"45780103000150";"";"0";"PROPRIA";"31901101";"VENCIMENTO E SALARIOS";"FOLHA DE PAGAMENTO";"818.69";"2023";"L";"25/01/2023";"0";"01/01/2023";"31/01/2023";"13"
"UNIDADE DE GESTÃO DE EDUCAÇÃO";"12";"EDUCAÇÃO";"361";"ENSINO FUNDAMENTAL";"2023";"2612";"";"0";"0";"100012604";"FOLHA DE PAGAMENTO";"45780103000150";"";"0";"PROPRIA";"31901142";"FÉRIAS INDENIZADAS";"FOLHA DE PAGAMENTO";"3828.63";"2023";"L";"25/01/2023";"0";"01/01/2023";"31/01/2023";"13"
"UNIDADE DE GESTÃO DE EDUCAÇÃO";"12";"EDUCAÇÃO";"361";"ENSINO FUNDAMENTAL";"2023";"2613";"";"0";"0";"100012604";"FOLHA DE PAGAMENTO";"45780103000150";"";"5203";"FUNDO MANUT.DES.ED.BÁSICA E VALOR.PROF.MAG.-FUNDEB";"31901101";"VENCIMENTO E SALARIOS";"FOLHA DE PAGAMENTO";"1592.56";"2023";"L";"25/01/2023";"0";"01/01/2023";"31/01/2023";"13"
"UNIDADE DE GESTÃO DE EDUCAÇÃO";"12";"EDUCAÇÃO";"361";"ENSINO FUNDAMENTAL";"2023";"2614";"";"0";"0";"100012604";"FOLHA DE PAGAMENTO";"45780103000150";"";"5203";"FUNDO MANUT.DES.ED.BÁSICA E VALOR.PROF.MAG.-FUNDEB";"31901142";"FÉRIAS INDENIZADAS";"FOLHA DE PAGAMENTO";"176935.15";"2023";"L";"25/01/2023";"0";"01/01/2023";"31/01/2023";"13"
"UNIDADE DE GESTÃO DE EDUCAÇÃO";"12";"EDUCAÇÃO";"361";"ENSINO FUNDAMENTAL";"2023";"2615";"";"0";"0";"100012604";"FOLHA DE PAGAMENTO";"45780103000150";"";"0";"PROPRIA";"31901644";"SERVIÇOS EXTRAORDINÁRIOS";"FOLHA DE PAGAMENTO";"165.11";"2023";"L";"25/01/2023";"0";"01/01/2023";"31/01/2023";"13"
"UNIDADE DE GESTÃO DE EDUCAÇÃO";"12";"EDUCAÇÃO";"361";"ENSINO FUNDAMENTAL";"2023";"2616";"";"0";"0";"100012604";"FOLHA DE PAGAMENTO";"45780103000150";"";"5203";"FUNDO MANUT.DES.ED.BÁSICA E VALOR.PROF.MAG.-FUNDEB";"31901644";"SERVIÇOS EXTRAORDINÁRIOS";"FOLHA DE PAGAMENTO";"9220.11";"2023";"L";"25/01/2023";"0";"01/01/2023";"31/01/2023";"13"
"UNIDADE DE GESTÃO DE EDUCAÇÃO";"12";"EDUCAÇÃO";"361";"ENSINO FUNDAMENTAL";"2023";"2617";"";"0";"0";"100004453";"IPREJUN-INST.PREVIDENCIA DO MUN.JUNDIAI";"05507216000161";"";"0";"PROPRIA";"31911308";"CONTRIBUIÇÕES PREVIDENCIÁRIAS - RPPS - PESSOAL ATI";"FOLHA DE PAGAMENTO";"117.32";"2023";"L";"25/01/2023";"0";"01/01/2023";"31/01/2023";"13"
"UNIDADE DE GESTÃO DE EDUCAÇÃO";"12";"EDUCAÇÃO";"361";"ENSINO FUNDAMENTAL";"2023";"2618";"";"0";"0";"100004453";"IPREJUN-INST.PREVIDENCIA DO MUN.JUNDIAI";"05507216000161";"";"0";"PROPRIA";"31911320";"ALÍQUOTA SUPLEMENTAR DE CONTRIBUIÇÃO PREVIDENCIÁRI";"FOLHA DE PAGAMENTO";"155.72";"2023";"L";"25/01/2023";"0";"01/01/2023";"31/01/2023";"13"
"UNIDADE DE GESTÃO DE EDUCAÇÃO";"12";"EDUCAÇÃO";"361";"ENSINO FUNDAMENTAL";"2023";"2619";"";"0";"0";"100004453";"IPREJUN-INST.PREVIDENCIA DO MUN.JUNDIAI";"05507216000161";"";"5203";"FUNDO MANUT.DES.ED.BÁSICA E VALOR.PROF.MAG.-FUNDEB";"31911308";"CONTRIBUIÇÕES PREVIDENCIÁRIAS - RPPS - PESSOAL ATI";"FOLHA DE PAGAMENTO";"1102.75";"2023";"L";"25/01/2023";"0";"01/01/2023";"31/01/2023";"13"
"UNIDADE DE GESTÃO DE EDUCAÇÃO";"12";"EDUCAÇÃO";"361";"ENSINO FUNDAMENTAL";"2023";"2620";"";"0";"0";"100004453";"IPREJUN-INST.PREVIDENCIA DO MUN.JUNDIAI";"05507216000161";"";"5203";"FUNDO MANUT.DES.ED.BÁSICA E VALOR.PROF.MAG.-FUNDEB";"31911320";"ALÍQUOTA SUPLEMENTAR DE CONTRIBUIÇÃO PREVIDENCIÁRI";"FOLHA DE PAGAMENTO";"1463.67";"2023";"L";"25/01/2023";"0";"01/01/2023";"31/01/2023";"13"
"UNIDADE DE GESTÃO DE EDUCAÇÃO";"12";"EDUCAÇÃO";"361";"ENSINO FUNDAMENTAL";"2023";"2621";"";"0";"0";"100012604";"FOLHA DE PAGAMENTO";"45780103000150";"";"0";"PROPRIA";"33904901";"INDENIZACAO AUXILIO TRANSPORTE";"FOLHA DE PAGAMENTO";"88";"2023";"L";"25/01/2023";"0";"01/01/2023";"31/01/2023";"13"
"UNIDADE DE GESTÃO DE EDUCAÇÃO";"12";"EDUCAÇÃO";"361";"ENSINO FUNDAMENTAL";"2023";"2622";"";"0";"0";"100012604";"FOLHA DE PAGAMENTO";"45780103000150";"";"5203";"FUNDO MANUT.DES.ED.BÁSICA E VALOR.PROF.MAG.-FUNDEB";"33904901";"INDENIZACAO AUXILIO TRANSPORTE";"FOLHA DE PAGAMENTO";"66";"2023";"L";"25/01/2023";"0";"01/01/2023";"31/01/2023";"13"
"UNIDADE DE GESTÃO DE EDUCAÇÃO";"12";"EDUCAÇÃO";"365";"EDUCAÇÃO INFANTIL";"2023";"2623";"";"0";"0";"100012604";"FOLHA DE PAGAMENTO";"45780103000150";"";"5203";"FUNDO MANUT.DES.ED.BÁSICA E VALOR.PROF.MAG.-FUNDEB";"31901644";"SERVIÇOS EXTRAORDINÁRIOS";"FOLHA DE PAGAMENTO";"102.25";"2023";"L";"25/01/2023";"0";"01/01/2023";"31/01/2023";"13"
"UNIDADE DE GESTÃO DE EDUCAÇÃO";"12";"EDUCAÇÃO";"361";"ENSINO FUNDAMENTAL";"2023";"2624";"";"0";"0";"100012604";"FOLHA DE PAGAMENTO";"45780103000150";"";"0";"PROPRIA";"31901101";"VENCIMENTO E SALARIOS";"FOLHA DE PAGAMENTO";"613.4";"2023";"L";"25/01/2023";"0";"01/01/2023";"31/01/2023";"13"
"UNIDADE DE GESTÃO DE EDUCAÇÃO";"12";"EDUCAÇÃO";"361";"ENSINO FUNDAMENTAL";"2023";"2625";"";"0";"0";"100012604";"FOLHA DE PAGAMENTO";"45780103000150";"";"0";"PROPRIA";"31901104";"ADICIONAL NOTURNO";"FOLHA DE PAGAMENTO";"49.56";"2023";"L";"25/01/2023";"0";"01/01/2023";"31/01/2023";"13"
"UNIDADE DE GESTÃO DE EDUCAÇÃO";"12";"EDUCAÇÃO";"361";"ENSINO FUNDAMENTAL";"2023";"2626";"";"0";"0";"100012604";"FOLHA DE PAGAMENTO";"45780103000150";"";"0";"PROPRIA";"31901142";"FÉRIAS INDENIZADAS";"FOLHA DE PAGAMENTO";"4326.91";"2023";"L";"25/01/2023";"0";"01/01/2023";"31/01/2023";"13"
"UNIDADE DE GESTÃO DE EDUCAÇÃO";"12";"EDUCAÇÃO";"361";"ENSINO FUNDAMENTAL";"2023";"2627";"";"0";"0";"100012604";"FOLHA DE PAGAMENTO";"45780103000150";"";"0";"PROPRIA";"31901143";"13 SALARIO";"FOLHA DE PAGAMENTO";"196.98";"2023";"L";"25/01/2023";"0";"01/01/2023";"31/01/2023";"13"
"UNIDADE DE GESTÃO DE EDUCAÇÃO";"12";"EDUCAÇÃO";"361";"ENSINO FUNDAMENTAL";"2023";"2628";"";"0";"0";"100012604";"FOLHA DE PAGAMENTO";"45780103000150";"";"0";"PROPRIA";"31901644";"SERVIÇOS EXTRAORDINÁRIOS";"FOLHA DE PAGAMENTO";"921.84";"2023";"L";"25/01/2023";"0";"01/01/2023";"31/01/2023";"13"
"UNIDADE DE GESTÃO DE EDUCAÇÃO";"12";"EDUCAÇÃO";"361";"ENSINO FUNDAMENTAL";"2023";"2629";"";"0";"0";"100004453";"IPREJUN-INST.PREVIDENCIA DO MUN.JUNDIAI";"05507216000161";"";"0";"PROPRIA";"31911308";"CONTRIBUIÇÕES PREVIDENCIÁRIAS - RPPS - PESSOAL ATI";"FOLHA DE PAGAMENTO";"402.3";"2023";"L";"25/01/2023";"0";"01/01/2023";"31/01/2023";"13"
"UNIDADE DE GESTÃO DE EDUCAÇÃO";"12";"EDUCAÇÃO";"361";"ENSINO FUNDAMENTAL";"2023";"2630";"";"0";"0";"100004453";"IPREJUN-INST.PREVIDENCIA DO MUN.JUNDIAI";"05507216000161";"";"0";"PROPRIA";"31911320";"ALÍQUOTA SUPLEMENTAR DE CONTRIBUIÇÃO PREVIDENCIÁRI";"FOLHA DE PAGAMENTO";"533.98";"2023";"L";"25/01/2023";"0";"01/01/2023";"31/01/2023";"13"
"UNIDADE DE GESTÃO DE EDUCAÇÃO";"12";"EDUCAÇÃO";"361";"ENSINO FUNDAMENTAL";"2023";"2631";"";"0";"0";"100012604";"FOLHA DE PAGAMENTO";"45780103000150";"";"0";"PROPRIA";"33904901";"INDENIZACAO AUXILIO TRANSPORTE";"FOLHA DE PAGAMENTO";"336";"2023";"L";"25/01/2023";"0";"01/01/2023";"31/01/2023";"13"
"UNIDADE DE GESTÃO DE EDUCAÇÃO";"12";"EDUCAÇÃO";"365";"EDUCAÇÃO INFANTIL";"2023";"2632";"";"0";"0";"100012604";"FOLHA DE PAGAMENTO";"45780103000150";"";"0";"PROPRIA";"31901101";"VENCIMENTO E SALARIOS";"FOLHA DE PAGAMENTO";"1001.18";"2023";"L";"25/01/2023";"0";"01/01/2023";"31/01/2023";"13"
"UNIDADE DE GESTÃO DE EDUCAÇÃO";"12";"EDUCAÇÃO";"365";"EDUCAÇÃO INFANTIL";"2023";"2633";"";"0";"0";"100012604";"FOLHA DE PAGAMENTO";"45780103000150";"";"0";"PROPRIA";"31901142";"FÉRIAS INDENIZADAS";"FOLHA DE PAGAMENTO";"40177.95";"2023";"L";"25/01/2023";"0";"01/01/2023";"31/01/2023";"13"
"UNIDADE DE GESTÃO DE EDUCAÇÃO";"12";"EDUCAÇÃO";"365";"EDUCAÇÃO INFANTIL";"2023";"2634";"";"0";"0";"100012604";"FOLHA DE PAGAMENTO";"45780103000150";"";"0";"PROPRIA";"31901143";"13 SALARIO";"FOLHA DE PAGAMENTO";"203.88";"2023";"L";"25/01/2023";"0";"01/01/2023";"31/01/2023";"13"
"UNIDADE DE GESTÃO DE EDUCAÇÃO";"12";"EDUCAÇÃO";"365";"EDUCAÇÃO INFANTIL";"2023";"2635";"";"0";"0";"100012604";"FOLHA DE PAGAMENTO";"45780103000150";"";"0";"PROPRIA";"31901644";"SERVIÇOS EXTRAORDINÁRIOS";"FOLHA DE PAGAMENTO";"102.26";"2023";"L";"25/01/2023";"0";"01/01/2023";"31/01/2023";"13"
"UNIDADE DE GESTÃO DE EDUCAÇÃO";"12";"EDUCAÇÃO";"365";"EDUCAÇÃO INFANTIL";"2023";"2636";"";"0";"0";"100004453";"IPREJUN-INST.PREVIDENCIA DO MUN.JUNDIAI";"05507216000161";"";"0";"PROPRIA";"31911308";"CONTRIBUIÇÕES PREVIDENCIÁRIAS - RPPS - PESSOAL ATI";"FOLHA DE PAGAMENTO";"636.88";"2023";"L";"25/01/2023";"0";"01/01/2023";"31/01/2023";"13"
"UNIDADE DE GESTÃO DE EDUCAÇÃO";"12";"EDUCAÇÃO";"365";"EDUCAÇÃO INFANTIL";"2023";"2637";"";"0";"0";"100004453";"IPREJUN-INST.PREVIDENCIA DO MUN.JUNDIAI";"05507216000161";"";"0";"PROPRIA";"31911320";"ALÍQUOTA SUPLEMENTAR DE CONTRIBUIÇÃO PREVIDENCIÁRI";"FOLHA DE PAGAMENTO";"845.33";"2023";"L";"25/01/2023";"0";"01/01/2023";"31/01/2023";"13"
"UNIDADE DE GESTÃO DE EDUCAÇÃO";"12";"EDUCAÇÃO";"365";"EDUCAÇÃO INFANTIL";"2023";"2638";"";"0";"0";"100012604";"FOLHA DE PAGAMENTO";"45780103000150";"";"0";"PROPRIA";"31901142";"FÉRIAS INDENIZADAS";"FOLHA DE PAGAMENTO";"10837.08";"2023";"L";"25/01/2023";"0";"01/01/2023";"31/01/2023";"13"
"UNIDADE DE GESTÃO DE EDUCAÇÃO";"12";"EDUCAÇÃO";"361";"ENSINO FUNDAMENTAL";"2023";"2639";"";"0";"0";"100012604";"FOLHA DE PAGAMENTO";"45780103000150";"";"0";"PROPRIA";"31901101";"VENCIMENTO E SALARIOS";"FOLHA DE PAGAMENTO";"78.69";"2023";"L";"25/01/2023";"0";"01/01/2023";"31/01/2023";"13"
"UNIDADE DE GESTÃO DE EDUCAÇÃO";"12";"EDUCAÇÃO";"361";"ENSINO FUNDAMENTAL";"2023";"2640";"";"0";"0";"100012604";"FOLHA DE PAGAMENTO";"45780103000150";"";"0";"PROPRIA";"31901137";"GRATIFICACOES POR TEMPO DE SERVICO";"FOLHA DE PAGAMENTO";"3.22";"2023";"L";"25/01/2023";"0";"01/01/2023";"31/01/2023";"13"
"UNIDADE DE GESTÃO DE EDUCAÇÃO";"12";"EDUCAÇÃO";"361";"ENSINO FUNDAMENTAL";"2023";"2641";"";"0";"0";"100012604";"FOLHA DE PAGAMENTO";"45780103000150";"";"0";"PROPRIA";"31901142";"FÉRIAS INDENIZADAS";"FOLHA DE PAGAMENTO";"34525.73";"2023";"L";"25/01/2023";"0";"01/01/2023";"31/01/2023";"13"
"UNIDADE DE GESTÃO DE EDUCAÇÃO";"12";"EDUCAÇÃO";"361";"ENSINO FUNDAMENTAL";"2023";"2642";"";"0";"0";"100012604";"FOLHA DE PAGAMENTO";"45780103000150";"";"0";"PROPRIA";"31901644";"SERVIÇOS EXTRAORDINÁRIOS";"FOLHA DE PAGAMENTO";"94.55";"2023";"L";"25/01/2023";"0";"01/01/2023";"31/01/2023";"13"
"UNIDADE DE GESTÃO DE EDUCAÇÃO";"12";"EDUCAÇÃO";"361";"ENSINO FUNDAMENTAL";"2023";"2643";"";"0";"0";"100004453";"IPREJUN-INST.PREVIDENCIA DO MUN.JUNDIAI";"05507216000161";"";"0";"PROPRIA";"31911308";"CONTRIBUIÇÕES PREVIDENCIÁRIAS - RPPS - PESSOAL ATI";"FOLHA DE PAGAMENTO";"13.05";"2023";"L";"25/01/2023";"0";"01/01/2023";"31/01/2023";"13"
"UNIDADE DE GESTÃO DE EDUCAÇÃO";"12";"EDUCAÇÃO";"361";"ENSINO FUNDAMENTAL";"2023";"2644";"";"0";"0";"100004453";"IPREJUN-INST.PREVIDENCIA DO MUN.JUNDIAI";"05507216000161";"";"0";"PROPRIA";"31911320";"ALÍQUOTA SUPLEMENTAR DE CONTRIBUIÇÃO PREVIDENCIÁRI";"FOLHA DE PAGAMENTO";"17.32";"2023";"L";"25/01/2023";"0";"01/01/2023";"31/01/2023";"13"
"UNIDADE DE GESTÃO DE PROMOÇÃO DA SAÚDE";"10";"SAÚDE";"122";"ADMINISTRAÇÃO GERAL";"2023";"2645";"";"0";"0";"100012604";"FOLHA DE PAGAMENTO";"45780103000150";"";"0";"PROPRIA";"31901142";"FÉRIAS INDENIZADAS";"FOLHA DE PAGAMENTO";"136225.48";"2023";"L";"25/01/2023";"0";"01/01/2023";"31/01/2023";"14"
"UNIDADE DE GESTÃO DE PROMOÇÃO DA SAÚDE";"10";"SAÚDE";"122";"ADMINISTRAÇÃO GERAL";"2023";"2646";"";"0";"0";"100012604";"FOLHA DE PAGAMENTO";"45780103000150";"";"0";"PROPRIA";"31901644";"SERVIÇOS EXTRAORDINÁRIOS";"FOLHA DE PAGAMENTO";"5405.16";"2023";"L";"25/01/2023";"0";"01/01/2023";"31/01/2023";"14"
"UNIDADE DE GESTÃO DE PROMOÇÃO DA SAÚDE";"10";"SAÚDE";"122";"ADMINISTRAÇÃO GERAL";"2023";"2647";"";"0";"0";"100004453";"IPREJUN-INST.PREVIDENCIA DO MUN.JUNDIAI";"05507216000161";"";"0";"PROPRIA";"31911308";"CONTRIBUIÇÕES PREVIDENCIÁRIAS - RPPS - PESSOAL ATI";"FOLHA DE PAGAMENTO";"14.9";"2023";"L";"25/01/2023";"0";"01/01/2023";"31/01/2023";"14"
"UNIDADE DE GESTÃO DE PROMOÇÃO DA SAÚDE";"10";"SAÚDE";"122";"ADMINISTRAÇÃO GERAL";"2023";"2648";"";"0";"0";"100004453";"IPREJUN-INST.PREVIDENCIA DO MUN.JUNDIAI";"05507216000161";"";"0";"PROPRIA";"31911320";"ALÍQUOTA SUPLEMENTAR DE CONTRIBUIÇÃO PREVIDENCIÁRI";"FOLHA DE PAGAMENTO";"19.78";"2023";"L";"25/01/2023";"0";"01/01/2023";"31/01/2023";"14"
"UNIDADE DE GESTÃO DE PROMOÇÃO DA SAÚDE";"10";"SAÚDE";"301";"ATENÇÃO BÁSICA";"2023";"2649";"";"0";"0";"100012604";"FOLHA DE PAGAMENTO";"45780103000150";"";"0";"PROPRIA";"31901110";"ADICIONAL DE INSALUBRIDADE";"FOLHA DE PAGAMENTO";"34.72";"2023";"L";"25/01/2023";"0";"01/01/2023";"31/01/2023";"14"
"UNIDADE DE GESTÃO DE PROMOÇÃO DA SAÚDE";"10";"SAÚDE";"301";"ATENÇÃO BÁSICA";"2023";"2650";"";"0";"0";"100012604";"FOLHA DE PAGAMENTO";"45780103000150";"";"0";"PROPRIA";"31901142";"FÉRIAS INDENIZADAS";"FOLHA DE PAGAMENTO";"181447.01";"2023";"L";"25/01/2023";"0";"01/01/2023";"31/01/2023";"14"
"UNIDADE DE GESTÃO DE PROMOÇÃO DA SAÚDE";"10";"SAÚDE";"301";"ATENÇÃO BÁSICA";"2023";"2651";"";"0";"0";"100012604";"FOLHA DE PAGAMENTO";"45780103000150";"";"0";"PROPRIA";"31901644";"SERVIÇOS EXTRAORDINÁRIOS";"FOLHA DE PAGAMENTO";"929.29";"2023";"L";"25/01/2023";"0";"01/01/2023";"31/01/2023";"14"
"UNIDADE DE GESTÃO DE PROMOÇÃO DA SAÚDE";"10";"SAÚDE";"301";"ATENÇÃO BÁSICA";"2023";"2652";"";"0";"0";"100004453";"IPREJUN-INST.PREVIDENCIA DO MUN.JUNDIAI";"05507216000161";"";"0";"PROPRIA";"31911308";"CONTRIBUIÇÕES PREVIDENCIÁRIAS - RPPS - PESSOAL ATI";"FOLHA DE PAGAMENTO";"89.43";"2023";"L";"25/01/2023";"0";"01/01/2023";"31/01/2023";"14"
"UNIDADE DE GESTÃO DE PROMOÇÃO DA SAÚDE";"10";"SAÚDE";"301";"ATENÇÃO BÁSICA";"2023";"2653";"";"0";"0";"100004453";"IPREJUN-INST.PREVIDENCIA DO MUN.JUNDIAI";"05507216000161";"";"0";"PROPRIA";"31911320";"ALÍQUOTA SUPLEMENTAR DE CONTRIBUIÇÃO PREVIDENCIÁRI";"FOLHA DE PAGAMENTO";"118.7";"2023";"L";"25/01/2023";"0";"01/01/2023";"31/01/2023";"14"
"UNIDADE DE GESTÃO DE PROMOÇÃO DA SAÚDE";"10";"SAÚDE";"302";"ASSISTÊNCIA HOSPITALAR E AMBULATORIAL";"2023";"2654";"";"0";"0";"100012604";"FOLHA DE PAGAMENTO";"45780103000150";"";"0";"PROPRIA";"31901104";"ADICIONAL NOTURNO";"FOLHA DE PAGAMENTO";"83.4";"2023";"L";"25/01/2023";"0";"01/01/2023";"31/01/2023";"14"
"UNIDADE DE GESTÃO DE PROMOÇÃO DA SAÚDE";"10";"SAÚDE";"302";"ASSISTÊNCIA HOSPITALAR E AMBULATORIAL";"2023";"2655";"";"0";"0";"100012604";"FOLHA DE PAGAMENTO";"45780103000150";"";"0";"PROPRIA";"31901142";"FÉRIAS INDENIZADAS";"FOLHA DE PAGAMENTO";"19905.57";"2023";"L";"25/01/2023";"0";"01/01/2023";"31/01/2023";"14"
"UNIDADE DE GESTÃO DE PROMOÇÃO DA SAÚDE";"10";"SAÚDE";"303";"SUPORTE PROFILÁTICO E TERAPÊUTICO";"2023";"2656";"";"0";"0";"100012604";"FOLHA DE PAGAMENTO";"45780103000150";"";"0";"PROPRIA";"31901101";"VENCIMENTO E SALARIOS";"FOLHA DE PAGAMENTO";"50.6";"2023";"L";"25/01/2023";"0";"01/01/2023";"31/01/2023";"14"
"UNIDADE DE GESTÃO DE PROMOÇÃO DA SAÚDE";"10";"SAÚDE";"303";"SUPORTE PROFILÁTICO E TERAPÊUTICO";"2023";"2657";"";"0";"0";"100012604";"FOLHA DE PAGAMENTO";"45780103000150";"";"0";"PROPRIA";"31901142";"FÉRIAS INDENIZADAS";"FOLHA DE PAGAMENTO";"1721.05";"2023";"L";"25/01/2023";"0";"01/01/2023";"31/01/2023";"14"
"UNIDADE DE GESTÃO DE PROMOÇÃO DA SAÚDE";"10";"SAÚDE";"303";"SUPORTE PROFILÁTICO E TERAPÊUTICO";"2023";"2658";"";"0";"0";"100012604";"FOLHA DE PAGAMENTO";"45780103000150";"";"0";"PROPRIA";"31901644";"SERVIÇOS EXTRAORDINÁRIOS";"FOLHA DE PAGAMENTO";"239.27";"2023";"L";"25/01/2023";"0";"01/01/2023";"31/01/2023";"14"
"UNIDADE DE GESTÃO DE PROMOÇÃO DA SAÚDE";"10";"SAÚDE";"303";"SUPORTE PROFILÁTICO E TERAPÊUTICO";"2023";"2659";"";"0";"0";"100004453";"IPREJUN-INST.PREVIDENCIA DO MUN.JUNDIAI";"05507216000161";"";"0";"PROPRIA";"31911308";"CONTRIBUIÇÕES PREVIDENCIÁRIAS - RPPS - PESSOAL ATI";"FOLHA DE PAGAMENTO";"14.73";"2023";"L";"25/01/2023";"0";"01/01/2023";"31/01/2023";"14"
"UNIDADE DE GESTÃO DE PROMOÇÃO DA SAÚDE";"10";"SAÚDE";"303";"SUPORTE PROFILÁTICO E TERAPÊUTICO";"2023";"2660";"";"0";"0";"100004453";"IPREJUN-INST.PREVIDENCIA DO MUN.JUNDIAI";"05507216000161";"";"0";"PROPRIA";"31911320";"ALÍQUOTA SUPLEMENTAR DE CONTRIBUIÇÃO PREVIDENCIÁRI";"FOLHA DE PAGAMENTO";"19.55";"2023";"L";"25/01/2023";"0";"01/01/2023";"31/01/2023";"14"
"UNIDADE DE GESTÃO DE SEGURANÇA MUNICIPAL";"6";"SEGURANÇA PÚBLICA";"122";"ADMINISTRAÇÃO GERAL";"2023";"2661";"";"0";"0";"100012604";"FOLHA DE PAGAMENTO";"45780103000150";"";"0";"PROPRIA";"31901142";"FÉRIAS INDENIZADAS";"FOLHA DE PAGAMENTO";"107811.62";"2023";"L";"25/01/2023";"0";"01/01/2023";"31/01/2023";"19"
"UNIDADE DE GESTÃO DE SEGURANÇA MUNICIPAL";"6";"SEGURANÇA PÚBLICA";"122";"ADMINISTRAÇÃO GERAL";"2023";"2662";"";"0";"0";"100012604";"FOLHA DE PAGAMENTO";"45780103000150";"";"0";"PROPRIA";"31901644";"SERVIÇOS EXTRAORDINÁRIOS";"FOLHA DE PAGAMENTO";"626.19";"2023";"L";"25/01/2023";"0";"01/01/2023";"31/01/2023";"19"
"UNIDADE DE GESTÃO DE ESPORTE E LAZER";"27";"DESPORTO E LAZER";"812";"DESPORTO COMUNITÁRIO";"2023";"2663";"";"0";"0";"100012604";"FOLHA DE PAGAMENTO";"45780103000150";"";"0";"PROPRIA";"31901142";"FÉRIAS INDENIZADAS";"FOLHA DE PAGAMENTO";"72086.8";"2023";"L";"25/01/2023";"0";"01/01/2023";"31/01/2023";"23"
"UNIDADE DE GESTÃO DE ESPORTE E LAZER";"27";"DESPORTO E LAZER";"812";"DESPORTO COMUNITÁRIO";"2023";"2664";"";"0";"0";"100012604";"FOLHA DE PAGAMENTO";"45780103000150";"";"0";"PROPRIA";"31901644";"SERVIÇOS EXTRAORDINÁRIOS";"FOLHA DE PAGAMENTO";"1114.77";"2023";"L";"25/01/2023";"0";"01/01/2023";"31/01/2023";"23"
"UNIDADE DE GESTÃO DE EDUCAÇÃO";"12";"EDUCAÇÃO";"122";"ADMINISTRAÇÃO GERAL";"2023";"2673";"";"0";"0";"100024176";"PMJ-ADRIANA FACCIONI";"16854236800";"";"0";"PROPRIA";"33903099";"OUTROS MATERIAIS DE CONSUMO";"ADIANTAMENTOS(SERVIDORES).";"700";"2023";"L";"25/01/2023";"0";"01/01/2023";"31/01/2023";"13"
"UNIDADE DE GESTÃO DE EDUCAÇÃO";"12";"EDUCAÇÃO";"122";"ADMINISTRAÇÃO GERAL";"2023";"2674";"";"0";"0";"100024176";"PMJ-ADRIANA FACCIONI";"16854236800";"";"0";"PROPRIA";"33903999";"OUTROS SERVICOS DE TERCEIROS - PESSOA JURIDICA";"ADIANTAMENTOS(SERVIDORES).";"1000";"2023";"L";"25/01/2023";"0";"01/01/2023";"31/01/2023";"13"
"UNIDADE DE GESTÃO DE GOVERNO E FINANÇAS";"28";"ENCARGOS ESPECIAIS";"846";"OUTROS ENCARGOS ESPECIAIS";"2023";"2678";"";"0";"0";"100049243";"CARLOS EDUARDO DE LIMA";"13214521870";"";"5403";"FUNDO MUNICIPAL DE TRANSITO - MULTAS";"33909302";"RESTITUICOES";"INDENIZACOES E/OU RESSARCIMENTOS(P. FISICA).";"130.16";"2023";"L";"26/01/2023";"0";"01/01/2023";"31/01/2023";"8"
"UNIDADE DE GESTÃO DE GOVERNO E FINANÇAS";"28";"ENCARGOS ESPECIAIS";"846";"OUTROS ENCARGOS ESPECIAIS";"2023";"2679";"";"0";"0";"100049208";"CASSIANO SCARABELIN";"13733754859";"";"5403";"FUNDO MUNICIPAL DE TRANSITO - MULTAS";"33909302";"RESTITUICOES";"INDENIZACOES E/OU RESSARCIMENTOS(P. FISICA).";"131.46";"2023";"L";"26/01/2023";"0";"01/01/2023";"31/01/2023";"8"
"UNIDADE DE GESTÃO DE GOVERNO E FINANÇAS";"28";"ENCARGOS ESPECIAIS";"846";"OUTROS ENCARGOS ESPECIAIS";"2023";"2680";"";"0";"0";"100049209";"ALEX SANDRO NOVAIS DE ALMEIDA";"32006087819";"";"5403";"FUNDO MUNICIPAL DE TRANSITO - MULTAS";"33909302";"RESTITUICOES";"INDENIZACOES E/OU RESSARCIMENTOS(P. FISICA).";"197.18";"2023";"L";"26/01/2023";"0";"01/01/2023";"31/01/2023";"8"
"UNIDADE DE GESTÃO DE GOVERNO E FINANÇAS";"28";"ENCARGOS ESPECIAIS";"846";"OUTROS ENCARGOS ESPECIAIS";"2023";"2681";"";"0";"0";"100049210";"TANIA MARA MENDONCA";"85029467815";"";"5403";"FUNDO MUNICIPAL DE TRANSITO - MULTAS";"33909302";"RESTITUICOES";"INDENIZACOES E/OU RESSARCIMENTOS(P. FISICA).";"104.13";"2023";"L";"26/01/2023";"0";"01/01/2023";"31/01/2023";"8"
"UNIDADE DE GESTÃO DE GOVERNO E FINANÇAS";"28";"ENCARGOS ESPECIAIS";"846";"OUTROS ENCARGOS ESPECIAIS";"2023";"2682";"";"0";"0";"100049210";"TANIA MARA MENDONCA";"85029467815";"";"5403";"FUNDO MUNICIPAL DE TRANSITO - MULTAS";"33909302";"RESTITUICOES";"INDENIZACOES E/OU RESSARCIMENTOS(P. FISICA).";"130.16";"2023";"L";"26/01/2023";"0";"01/01/2023";"31/01/2023";"8"
"UNIDADE DE GESTÃO DE GOVERNO E FINANÇAS";"28";"ENCARGOS ESPECIAIS";"846";"OUTROS ENCARGOS ESPECIAIS";"2023";"2683";"";"0";"0";"100049210";"TANIA MARA MENDONCA";"85029467815";"";"5403";"FUNDO MUNICIPAL DE TRANSITO - MULTAS";"33909302";"RESTITUICOES";"INDENIZACOES E/OU RESSARCIMENTOS(P. FISICA).";"130.16";"2023";"L";"26/01/2023";"0";"01/01/2023";"31/01/2023";"8"
"UNIDADE GESTÃO DE ASSISTÊNCIA E DESENVOLV. SOCIAL";"8";"ASSISTÊNCIA SOCIAL";"244";"ASSISTÊNCIA COMUNITÁRIA";"2023";"2684";"";"0";"0";"1008036";"ASSOC DE EDUCACAO TERAPEUTICA  AMARATI";"51910578000116";"";"0";"PROPRIA";"33503901";"TERMO DE COLABORAÇÃO";"CONVENIO MROSC - LEI 13019/2014 - MARCO REGUL.ORG.SOC.CIVIL";"16650";"2023";"L";"31/01/2023";"0";"01/01/2023";"31/01/2023";"15"
"UNIDADE GESTÃO DE ASSISTÊNCIA E DESENVOLV. SOCIAL";"8";"ASSISTÊNCIA SOCIAL";"244";"ASSISTÊNCIA COMUNITÁRIA";"2023";"2685";"";"0";"0";"1000587";"ASSOC. DE PAIS E AMIGOS DO EXCEP. APAE DE JUNDIAÍ";"50956440000195";"";"0";"PROPRIA";"33503901";"TERMO DE COLABORAÇÃO";"CONVENIO MROSC - LEI 13019/2014 - MARCO REGUL.ORG.SOC.CIVIL";"12294.92";"2023";"L";"31/01/2023";"0";"01/01/2023";"31/01/2023";"15"
"UNIDADE GESTÃO DE ASSISTÊNCIA E DESENVOLV. SOCIAL";"8";"ASSISTÊNCIA SOCIAL";"241";"ASSISTENCIA À PESSOA IDOSA";"2023";"2686";"";"0";"0";"4010880";"LAR NOSSA SENHORA DAS GRAÇAS";"61000683001062";"";"5156";"FUMDIPI - FUNDO MUN. DOS DIREITOS DA PESSOA IDOSA";"33503902";"TERMO DE FOMENTO";"CONVENIO MROSC - LEI 13019/2014 - MARCO REGUL.ORG.SOC.CIVIL";"22033.44";"2023";"L";"31/01/2023";"0";"01/01/2023";"31/01/2023";"15"
"UNIDADE GESTÃO DE ASSISTÊNCIA E DESENVOLV. SOCIAL";"8";"ASSISTÊNCIA SOCIAL";"243";"ASSISTÊNCIA À CRIANÇA E AO ADOLESCENTE";"2023";"2687";"";"0";"0";"100033823";"ASSOCIAÇÃO AQUATICA JUNDIAI";"10557670000167";"";"5104";"FUNDO MUNIC.DIREITOS DA CRIANCA E ADOLESC.-DOACOES";"33503902";"TERMO DE FOMENTO";"CONVENIO MROSC - LEI 13019/2014 - MARCO REGUL.ORG.SOC.CIVIL";"22673.16";"2023";"L";"31/01/2023";"0";"01/01/2023";"31/01/2023";"15"
"UNIDADE DE GESTÃO DE PROMOÇÃO DA SAÚDE";"10";"SAÚDE";"302";"ASSISTÊNCIA HOSPITALAR E AMBULATORIAL";"2023";"2705";"";"0";"0";"100048548";"ROQUE PEPINO";"14756838804";"";"0";"PROPRIA";"33909302";"RESTITUICOES";"INDENIZACOES E/OU RESSARCIMENTOS(P. FISICA).";"400";"2023";"L";"30/01/2023";"0";"01/01/2023";"31/01/2023";"14"
"UNIDADE DE GESTÃO DE PROMOÇÃO DA SAÚDE";"10";"SAÚDE";"302";"ASSISTÊNCIA HOSPITALAR E AMBULATORIAL";"2023";"2726";"2023";"276";"1";"100049280";"DANIELA PEDROSO PSICOLOGIA";"26083339000192";"COMPRA DIRETA";"0";"PROPRIA";"33903948";"SERVICOS DE SELECAO E TREINAMENTO";"INSCRICAO-PARTICIPACAO EM CURSO";"363";"2023";"L";"27/01/2023";"0";"01/01/2023";"31/01/2023";"14"
"UNIDADE DE GESTÃO DE GOVERNO E FINANÇAS";"28";"ENCARGOS ESPECIAIS";"846";"OUTROS ENCARGOS ESPECIAIS";"2023";"2795";"";"0";"0";"100033045";"JOSE D'ARC SCHMIED LINTZ";"06041337820";"";"0";"PROPRIA";"33909115";"SENTENÇAS JUDICIAIS DE PEQUENO VALOR";"DESPESAS OBRIGATORIAS E/OU JUDICIAIS(P. FISICAS).";"2700";"2023";"L";"27/01/2023";"0";"01/01/2023";"31/01/2023";"8"
"UNIDADE DE GESTÃO DA CASA CIVIL";"4";"ADMINISTRAÇÃO";"122";"ADMINISTRAÇÃO GERAL";"2023";"2800";"";"0";"0";"100012604";"FOLHA DE PAGAMENTO";"45780103000150";"";"0";"PROPRIA";"31901101";"VENCIMENTO E SALARIOS";"FOLHA DE PAGAMENTO";"243189.24";"2023";"L";"27/01/2023";"0";"01/01/2023";"31/01/2023";"3"
"UNIDADE DE GESTÃO DA CASA CIVIL";"4";"ADMINISTRAÇÃO";"122";"ADMINISTRAÇÃO GERAL";"2023";"2801";"";"0";"0";"100012604";"FOLHA DE PAGAMENTO";"45780103000150";"";"0";"PROPRIA";"31901101";"VENCIMENTO E SALARIOS";"FOLHA DE PAGAMENTO";"95654.88";"2023";"L";"27/01/2023";"0";"01/01/2023";"31/01/2023";"3"
"UNIDADE DE GESTÃO DA CASA CIVIL";"4";"ADMINISTRAÇÃO";"122";"ADMINISTRAÇÃO GERAL";"2023";"2802";"";"0";"0";"100012604";"FOLHA DE PAGAMENTO";"45780103000150";"";"0";"PROPRIA";"31901101";"VENCIMENTO E SALARIOS";"FOLHA DE PAGAMENTO";"10299.38";"2023";"L";"27/01/2023";"0";"01/01/2023";"31/01/2023";"3"
"UNIDADE DE GESTÃO DA CASA CIVIL";"4";"ADMINISTRAÇÃO";"122";"ADMINISTRAÇÃO GERAL";"2023";"2803";"";"0";"0";"100012604";"FOLHA DE PAGAMENTO";"45780103000150";"";"0";"PROPRIA";"31901104";"ADICIONAL NOTURNO";"FOLHA DE PAGAMENTO";"523.96";"2023";"L";"27/01/2023";"0";"01/01/2023";"31/01/2023";"3"
"UNIDADE DE GESTÃO DA CASA CIVIL";"4";"ADMINISTRAÇÃO";"122";"ADMINISTRAÇÃO GERAL";"2023";"2804";"";"0";"0";"100012604";"FOLHA DE PAGAMENTO";"45780103000150";"";"0";"PROPRIA";"31901104";"ADICIONAL NOTURNO";"FOLHA DE PAGAMENTO";"96.07";"2023";"L";"27/01/2023";"0";"01/01/2023";"31/01/2023";"3"
"UNIDADE DE GESTÃO DA CASA CIVIL";"4";"ADMINISTRAÇÃO";"122";"ADMINISTRAÇÃO GERAL";"2023";"2805";"";"0";"0";"100012604";"FOLHA DE PAGAMENTO";"45780103000150";"";"0";"PROPRIA";"31901105";"INCORPORADOS";"FOLHA DE PAGAMENTO";"1579.11";"2023";"L";"27/01/2023";"0";"01/01/2023";"31/01/2023";"3"
"UNIDADE DE GESTÃO DA CASA CIVIL";"4";"ADMINISTRAÇÃO";"122";"ADMINISTRAÇÃO GERAL";"2023";"2806";"";"0";"0";"100012604";"FOLHA DE PAGAMENTO";"45780103000150";"";"0";"PROPRIA";"31901107";"ABONO DE PERMANENCIA";"FOLHA DE PAGAMENTO";"673.24";"2023";"L";"27/01/2023";"0";"01/01/2023";"31/01/2023";"3"
"UNIDADE DE GESTÃO DA CASA CIVIL";"4";"ADMINISTRAÇÃO";"122";"ADMINISTRAÇÃO GERAL";"2023";"2807";"";"0";"0";"100012604";"FOLHA DE PAGAMENTO";"45780103000150";"";"0";"PROPRIA";"31901131";"GRATIFICACOES POR EXERCICIO DE  CARGO";"FOLHA DE PAGAMENTO";"1662.3";"2023";"L";"27/01/2023";"0";"01/01/2023";"31/01/2023";"3"
"UNIDADE DE GESTÃO DA CASA CIVIL";"4";"ADMINISTRAÇÃO";"122";"ADMINISTRAÇÃO GERAL";"2023";"2808";"";"0";"0";"100012604";"FOLHA DE PAGAMENTO";"45780103000150";"";"0";"PROPRIA";"31901133";"GRATIFICACOES POR EXERCICIO DE  FUNCOES";"FOLHA DE PAGAMENTO";"13060.27";"2023";"L";"27/01/2023";"0";"01/01/2023";"31/01/2023";"3"
"UNIDADE DE GESTÃO DA CASA CIVIL";"4";"ADMINISTRAÇÃO";"122";"ADMINISTRAÇÃO GERAL";"2023";"2809";"";"0";"0";"100012604";"FOLHA DE PAGAMENTO";"45780103000150";"";"0";"PROPRIA";"31901137";"GRATIFICACOES POR TEMPO DE SERVICO";"FOLHA DE PAGAMENTO";"5321.68";"2023";"L";"27/01/2023";"0";"01/01/2023";"31/01/2023";"3"
"UNIDADE DE GESTÃO DA CASA CIVIL";"4";"ADMINISTRAÇÃO";"122";"ADMINISTRAÇÃO GERAL";"2023";"2810";"";"0";"0";"100012604";"FOLHA DE PAGAMENTO";"45780103000150";"";"0";"PROPRIA";"31901137";"GRATIFICACOES POR TEMPO DE SERVICO";"FOLHA DE PAGAMENTO";"15363.59";"2023";"L";"27/01/2023";"0";"01/01/2023";"31/01/2023";"3"
"UNIDADE DE GESTÃO DA CASA CIVIL";"4";"ADMINISTRAÇÃO";"122";"ADMINISTRAÇÃO GERAL";"2023";"2811";"";"0";"0";"100012604";"FOLHA DE PAGAMENTO";"45780103000150";"";"0";"PROPRIA";"31901147";"LICENÇA PRÊMIO";"FOLHA DE PAGAMENTO";"8232.08";"2023";"L";"27/01/2023";"0";"01/01/2023";"31/01/2023";"3"
"UNIDADE DE GESTÃO DA CASA CIVIL";"4";"ADMINISTRAÇÃO";"122";"ADMINISTRAÇÃO GERAL";"2023";"2812";"";"0";"0";"100012604";"FOLHA DE PAGAMENTO";"45780103000150";"";"0";"PROPRIA";"31901175";"SUBSÍDIOS - AGENTES POLÍTICOS";"FOLHA DE PAGAMENTO";"60636.03";"2023";"L";"27/01/2023";"0";"01/01/2023";"31/01/2023";"3"
"UNIDADE DE GESTÃO DA CASA CIVIL";"4";"ADMINISTRAÇÃO";"122";"ADMINISTRAÇÃO GERAL";"2023";"2813";"";"0";"0";"4000055";"FUNDO DE GARANTIA POR TEMPO DE SERVICO";"00360305000104";"";"0";"PROPRIA";"31901301";"FGTS";"FOLHA DE PAGAMENTO";"2342.89";"2023";"L";"27/01/2023";"0";"01/01/2023";"31/01/2023";"3"
"UNIDADE DE GESTÃO DA CASA CIVIL";"4";"ADMINISTRAÇÃO";"122";"ADMINISTRAÇÃO GERAL";"2023";"2814";"";"0";"0";"4016168";"I.N.S.S -INST.NACIONAL DE SEGURO SOCIAL";"29979036000140";"";"0";"PROPRIA";"31901302";"CONTRIBUICOES PREVIDENCIARIAS - INSS";"FOLHA DE PAGAMENTO";"12733.57";"2023";"L";"27/01/2023";"0";"01/01/2023";"31/01/2023";"3"
"UNIDADE DE GESTÃO DA CASA CIVIL";"4";"ADMINISTRAÇÃO";"122";"ADMINISTRAÇÃO GERAL";"2023";"2815";"";"0";"0";"4016168";"I.N.S.S -INST.NACIONAL DE SEGURO SOCIAL";"29979036000140";"";"0";"PROPRIA";"31901302";"CONTRIBUICOES PREVIDENCIARIAS - INSS";"FOLHA DE PAGAMENTO";"88745.3";"2023";"L";"27/01/2023";"0";"01/01/2023";"31/01/2023";"3"
"UNIDADE DE GESTÃO DA CASA CIVIL";"4";"ADMINISTRAÇÃO";"122";"ADMINISTRAÇÃO GERAL";"2023";"2816";"";"0";"0";"4016168";"I.N.S.S -INST.NACIONAL DE SEGURO SOCIAL";"29979036000140";"";"0";"PROPRIA";"31901302";"CONTRIBUICOES PREVIDENCIARIAS - INSS";"FOLHA DE PAGAMENTO";"6150.11";"2023";"L";"27/01/2023";"0";"01/01/2023";"31/01/2023";"3"
"UNIDADE DE GESTÃO DA CASA CIVIL";"4";"ADMINISTRAÇÃO";"122";"ADMINISTRAÇÃO GERAL";"2023";"2817";"";"0";"0";"100012604";"FOLHA DE PAGAMENTO";"45780103000150";"";"0";"PROPRIA";"31901632";"SUBSTITUIÇÕES  RPPS";"FOLHA DE PAGAMENTO";"5973.66";"2023";"L";"27/01/2023";"0";"01/01/2023";"31/01/2023";"3"
"UNIDADE DE GESTÃO DA CASA CIVIL";"4";"ADMINISTRAÇÃO";"122";"ADMINISTRAÇÃO GERAL";"2023";"2818";"";"0";"0";"100012604";"FOLHA DE PAGAMENTO";"45780103000150";"";"0";"PROPRIA";"31901644";"SERVIÇOS EXTRAORDINÁRIOS";"FOLHA DE PAGAMENTO";"5253.82";"2023";"L";"27/01/2023";"0";"01/01/2023";"31/01/2023";"3"
"UNIDADE DE GESTÃO DA CASA CIVIL";"4";"ADMINISTRAÇÃO";"122";"ADMINISTRAÇÃO GERAL";"2023";"2819";"";"0";"0";"100012604";"FOLHA DE PAGAMENTO";"45780103000150";"";"0";"PROPRIA";"31901644";"SERVIÇOS EXTRAORDINÁRIOS";"FOLHA DE PAGAMENTO";"5970.28";"2023";"L";"27/01/2023";"0";"01/01/2023";"31/01/2023";"3"
"UNIDADE DE GESTÃO DA CASA CIVIL";"4";"ADMINISTRAÇÃO";"122";"ADMINISTRAÇÃO GERAL";"2023";"2820";"";"0";"0";"100004453";"IPREJUN-INST.PREVIDENCIA DO MUN.JUNDIAI";"05507216000161";"";"0";"PROPRIA";"31911308";"CONTRIBUIÇÕES PREVIDENCIÁRIAS - RPPS - PESSOAL ATI";"FOLHA DE PAGAMENTO";"30313.51";"2023";"L";"27/01/2023";"0";"01/01/2023";"31/01/2023";"3"
"UNIDADE DE GESTÃO DA CASA CIVIL";"4";"ADMINISTRAÇÃO";"122";"ADMINISTRAÇÃO GERAL";"2023";"2821";"";"0";"0";"100004453";"IPREJUN-INST.PREVIDENCIA DO MUN.JUNDIAI";"05507216000161";"";"0";"PROPRIA";"31911320";"ALÍQUOTA SUPLEMENTAR DE CONTRIBUIÇÃO PREVIDENCIÁRI";"FOLHA DE PAGAMENTO";"40234.7";"2023";"L";"27/01/2023";"0";"01/01/2023";"31/01/2023";"3"
"UNIDADE DE GESTÃO DA CASA CIVIL";"4";"ADMINISTRAÇÃO";"122";"ADMINISTRAÇÃO GERAL";"2023";"2822";"";"0";"0";"100012604";"FOLHA DE PAGAMENTO";"45780103000150";"";"0";"PROPRIA";"33904901";"INDENIZACAO AUXILIO TRANSPORTE";"FOLHA DE PAGAMENTO";"880";"2023";"L";"27/01/2023";"0";"01/01/2023";"31/01/2023";"3"
"UNIDADE DE GESTÃO DA CASA CIVIL";"4";"ADMINISTRAÇÃO";"122";"ADMINISTRAÇÃO GERAL";"2023";"2823";"";"0";"0";"100012604";"FOLHA DE PAGAMENTO";"45780103000150";"";"0";"PROPRIA";"33904901";"INDENIZACAO AUXILIO TRANSPORTE";"FOLHA DE PAGAMENTO";"10978";"2023";"L";"27/01/2023";"0";"01/01/2023";"31/01/2023";"3"
"UNIDADE DE GESTÃO DA CASA CIVIL";"4";"ADMINISTRAÇÃO";"122";"ADMINISTRAÇÃO GERAL";"2023";"2824";"";"0";"0";"100012604";"FOLHA DE PAGAMENTO";"45780103000150";"";"0";"PROPRIA";"33904901";"INDENIZACAO AUXILIO TRANSPORTE";"FOLHA DE PAGAMENTO";"14762";"2023";"L";"27/01/2023";"0";"01/01/2023";"31/01/2023";"3"
"UNIDADE GESTÃO DE INOVAÇÃO E RELAÇÃO COM O CIDADÃO";"4";"ADMINISTRAÇÃO";"122";"ADMINISTRAÇÃO GERAL";"2023";"2825";"";"0";"0";"100012604";"FOLHA DE PAGAMENTO";"45780103000150";"";"0";"PROPRIA";"31901101";"VENCIMENTO E SALARIOS";"FOLHA DE PAGAMENTO";"13836.54";"2023";"L";"27/01/2023";"0";"01/01/2023";"31/01/2023";"4"
"UNIDADE GESTÃO DE INOVAÇÃO E RELAÇÃO COM O CIDADÃO";"4";"ADMINISTRAÇÃO";"122";"ADMINISTRAÇÃO GERAL";"2023";"2826";"";"0";"0";"100012604";"FOLHA DE PAGAMENTO";"45780103000150";"";"0";"PROPRIA";"31901101";"VENCIMENTO E SALARIOS";"FOLHA DE PAGAMENTO";"75699.45";"2023";"L";"27/01/2023";"0";"01/01/2023";"31/01/2023";"4"
"UNIDADE GESTÃO DE INOVAÇÃO E RELAÇÃO COM O CIDADÃO";"4";"ADMINISTRAÇÃO";"122";"ADMINISTRAÇÃO GERAL";"2023";"2827";"";"0";"0";"100012604";"FOLHA DE PAGAMENTO";"45780103000150";"";"0";"PROPRIA";"31901131";"GRATIFICACOES POR EXERCICIO DE  CARGO";"FOLHA DE PAGAMENTO";"3241.33";"2023";"L";"27/01/2023";"0";"01/01/2023";"31/01/2023";"4"
"UNIDADE GESTÃO DE INOVAÇÃO E RELAÇÃO COM O CIDADÃO";"4";"ADMINISTRAÇÃO";"122";"ADMINISTRAÇÃO GERAL";"2023";"2828";"";"0";"0";"100012604";"FOLHA DE PAGAMENTO";"45780103000150";"";"0";"PROPRIA";"31901133";"GRATIFICACOES POR EXERCICIO DE  FUNCOES";"FOLHA DE PAGAMENTO";"1780.92";"2023";"L";"27/01/2023";"0";"01/01/2023";"31/01/2023";"4"
"UNIDADE GESTÃO DE INOVAÇÃO E RELAÇÃO COM O CIDADÃO";"4";"ADMINISTRAÇÃO";"122";"ADMINISTRAÇÃO GERAL";"2023";"2829";"";"0";"0";"100012604";"FOLHA DE PAGAMENTO";"45780103000150";"";"0";"PROPRIA";"31901137";"GRATIFICACOES POR TEMPO DE SERVICO";"FOLHA DE PAGAMENTO";"858.86";"2023";"L";"27/01/2023";"0";"01/01/2023";"31/01/2023";"4"
"UNIDADE GESTÃO DE INOVAÇÃO E RELAÇÃO COM O CIDADÃO";"4";"ADMINISTRAÇÃO";"122";"ADMINISTRAÇÃO GERAL";"2023";"2830";"";"0";"0";"100012604";"FOLHA DE PAGAMENTO";"45780103000150";"";"0";"PROPRIA";"31901147";"LICENÇA PRÊMIO";"FOLHA DE PAGAMENTO";"6502.38";"2023";"L";"27/01/2023";"0";"01/01/2023";"31/01/2023";"4"
"UNIDADE GESTÃO DE INOVAÇÃO E RELAÇÃO COM O CIDADÃO";"4";"ADMINISTRAÇÃO";"122";"ADMINISTRAÇÃO GERAL";"2023";"2831";"";"0";"0";"100012604";"FOLHA DE PAGAMENTO";"45780103000150";"";"0";"PROPRIA";"31901175";"SUBSÍDIOS - AGENTES POLÍTICOS";"FOLHA DE PAGAMENTO";"20277.63";"2023";"L";"27/01/2023";"0";"01/01/2023";"31/01/2023";"4"
"UNIDADE GESTÃO DE INOVAÇÃO E RELAÇÃO COM O CIDADÃO";"4";"ADMINISTRAÇÃO";"122";"ADMINISTRAÇÃO GERAL";"2023";"2832";"";"0";"0";"4016168";"I.N.S.S -INST.NACIONAL DE SEGURO SOCIAL";"29979036000140";"";"0";"PROPRIA";"31901302";"CONTRIBUICOES PREVIDENCIARIAS - INSS";"FOLHA DE PAGAMENTO";"26133.11";"2023";"L";"27/01/2023";"0";"01/01/2023";"31/01/2023";"4"
"UNIDADE GESTÃO DE INOVAÇÃO E RELAÇÃO COM O CIDADÃO";"4";"ADMINISTRAÇÃO";"122";"ADMINISTRAÇÃO GERAL";"2023";"2833";"";"0";"0";"4016168";"I.N.S.S -INST.NACIONAL DE SEGURO SOCIAL";"29979036000140";"";"0";"PROPRIA";"31901302";"CONTRIBUICOES PREVIDENCIARIAS - INSS";"FOLHA DE PAGAMENTO";"4258.3";"2023";"L";"27/01/2023";"0";"01/01/2023";"31/01/2023";"4"
"UNIDADE GESTÃO DE INOVAÇÃO E RELAÇÃO COM O CIDADÃO";"4";"ADMINISTRAÇÃO";"122";"ADMINISTRAÇÃO GERAL";"2023";"2834";"";"0";"0";"100012604";"FOLHA DE PAGAMENTO";"45780103000150";"";"0";"PROPRIA";"31901644";"SERVIÇOS EXTRAORDINÁRIOS";"FOLHA DE PAGAMENTO";"2440.63";"2023";"L";"27/01/2023";"0";"01/01/2023";"31/01/2023";"4"
"UNIDADE GESTÃO DE INOVAÇÃO E RELAÇÃO COM O CIDADÃO";"4";"ADMINISTRAÇÃO";"122";"ADMINISTRAÇÃO GERAL";"2023";"2835";"";"0";"0";"100004453";"IPREJUN-INST.PREVIDENCIA DO MUN.JUNDIAI";"05507216000161";"";"0";"PROPRIA";"31911308";"CONTRIBUIÇÕES PREVIDENCIÁRIAS - RPPS - PESSOAL ATI";"FOLHA DE PAGAMENTO";"3603.81";"2023";"L";"27/01/2023";"0";"01/01/2023";"31/01/2023";"4"
"UNIDADE GESTÃO DE INOVAÇÃO E RELAÇÃO COM O CIDADÃO";"4";"ADMINISTRAÇÃO";"122";"ADMINISTRAÇÃO GERAL";"2023";"2836";"";"0";"0";"100004453";"IPREJUN-INST.PREVIDENCIA DO MUN.JUNDIAI";"05507216000161";"";"0";"PROPRIA";"31911308";"CONTRIBUIÇÕES PREVIDENCIÁRIAS - RPPS - PESSOAL ATI";"FOLHA DE PAGAMENTO";"492.98";"2023";"L";"27/01/2023";"0";"01/01/2023";"31/01/2023";"4"
"UNIDADE GESTÃO DE INOVAÇÃO E RELAÇÃO COM O CIDADÃO";"4";"ADMINISTRAÇÃO";"122";"ADMINISTRAÇÃO GERAL";"2023";"2837";"";"0";"0";"100004453";"IPREJUN-INST.PREVIDENCIA DO MUN.JUNDIAI";"05507216000161";"";"0";"PROPRIA";"31911320";"ALÍQUOTA SUPLEMENTAR DE CONTRIBUIÇÃO PREVIDENCIÁRI";"FOLHA DE PAGAMENTO";"4783.27";"2023";"L";"27/01/2023";"0";"01/01/2023";"31/01/2023";"4"
"UNIDADE GESTÃO DE INOVAÇÃO E RELAÇÃO COM O CIDADÃO";"4";"ADMINISTRAÇÃO";"122";"ADMINISTRAÇÃO GERAL";"2023";"2838";"";"0";"0";"100004453";"IPREJUN-INST.PREVIDENCIA DO MUN.JUNDIAI";"05507216000161";"";"0";"PROPRIA";"31911320";"ALÍQUOTA SUPLEMENTAR DE CONTRIBUIÇÃO PREVIDENCIÁRI";"FOLHA DE PAGAMENTO";"654.33";"2023";"L";"27/01/2023";"0";"01/01/2023";"31/01/2023";"4"
"UNIDADE GESTÃO DE INOVAÇÃO E RELAÇÃO COM O CIDADÃO";"4";"ADMINISTRAÇÃO";"122";"ADMINISTRAÇÃO GERAL";"2023";"2839";"";"0";"0";"100012604";"FOLHA DE PAGAMENTO";"45780103000150";"";"0";"PROPRIA";"33904901";"INDENIZACAO AUXILIO TRANSPORTE";"FOLHA DE PAGAMENTO";"7260";"2023";"L";"27/01/2023";"0";"01/01/2023";"31/01/2023";"4"
"UNIDADE GESTÃO DE INOVAÇÃO E RELAÇÃO COM O CIDADÃO";"4";"ADMINISTRAÇÃO";"122";"ADMINISTRAÇÃO GERAL";"2023";"2840";"";"0";"0";"100012604";"FOLHA DE PAGAMENTO";"45780103000150";"";"0";"PROPRIA";"33904901";"INDENIZACAO AUXILIO TRANSPORTE";"FOLHA DE PAGAMENTO";"2134";"2023";"L";"27/01/2023";"0";"01/01/2023";"31/01/2023";"4"
"UNIDADE DE GESTÃO DE NEG. JURÍDICOS E CIDADANIA";"4";"ADMINISTRAÇÃO";"122";"ADMINISTRAÇÃO GERAL";"2023";"2841";"";"0";"0";"100012604";"FOLHA DE PAGAMENTO";"45780103000150";"";"0";"PROPRIA";"31901101";"VENCIMENTO E SALARIOS";"FOLHA DE PAGAMENTO";"329276.81";"2023";"L";"27/01/2023";"0";"01/01/2023";"31/01/2023";"6"
"UNIDADE DE GESTÃO DE NEG. JURÍDICOS E CIDADANIA";"4";"ADMINISTRAÇÃO";"122";"ADMINISTRAÇÃO GERAL";"2023";"2842";"";"0";"0";"100012604";"FOLHA DE PAGAMENTO";"45780103000150";"";"0";"PROPRIA";"31901101";"VENCIMENTO E SALARIOS";"FOLHA DE PAGAMENTO";"68247.8";"2023";"L";"27/01/2023";"0";"01/01/2023";"31/01/2023";"6"
"UNIDADE DE GESTÃO DE NEG. JURÍDICOS E CIDADANIA";"4";"ADMINISTRAÇÃO";"122";"ADMINISTRAÇÃO GERAL";"2023";"2843";"";"0";"0";"100012604";"FOLHA DE PAGAMENTO";"45780103000150";"";"0";"PROPRIA";"31901101";"VENCIMENTO E SALARIOS";"FOLHA DE PAGAMENTO";"24883.72";"2023";"L";"27/01/2023";"0";"01/01/2023";"31/01/2023";"6"
"UNIDADE DE GESTÃO DE NEG. JURÍDICOS E CIDADANIA";"4";"ADMINISTRAÇÃO";"122";"ADMINISTRAÇÃO GERAL";"2023";"2844";"";"0";"0";"100012604";"FOLHA DE PAGAMENTO";"45780103000150";"";"0";"PROPRIA";"31901105";"INCORPORADOS";"FOLHA DE PAGAMENTO";"3067.62";"2023";"L";"27/01/2023";"0";"01/01/2023";"31/01/2023";"6"
"UNIDADE DE GESTÃO DE NEG. JURÍDICOS E CIDADANIA";"4";"ADMINISTRAÇÃO";"122";"ADMINISTRAÇÃO GERAL";"2023";"2845";"";"0";"0";"100012604";"FOLHA DE PAGAMENTO";"45780103000150";"";"0";"PROPRIA";"31901105";"INCORPORADOS";"FOLHA DE PAGAMENTO";"7088.76";"2023";"L";"27/01/2023";"0";"01/01/2023";"31/01/2023";"6"
"UNIDADE DE GESTÃO DE NEG. JURÍDICOS E CIDADANIA";"4";"ADMINISTRAÇÃO";"122";"ADMINISTRAÇÃO GERAL";"2023";"2846";"";"0";"0";"100012604";"FOLHA DE PAGAMENTO";"45780103000150";"";"0";"PROPRIA";"31901107";"ABONO DE PERMANENCIA";"FOLHA DE PAGAMENTO";"6254.45";"2023";"L";"27/01/2023";"0";"01/01/2023";"31/01/2023";"6"
"UNIDADE DE GESTÃO DE NEG. JURÍDICOS E CIDADANIA";"4";"ADMINISTRAÇÃO";"122";"ADMINISTRAÇÃO GERAL";"2023";"2847";"";"0";"0";"100012604";"FOLHA DE PAGAMENTO";"45780103000150";"";"0";"PROPRIA";"31901131";"GRATIFICACOES POR EXERCICIO DE  CARGO";"FOLHA DE PAGAMENTO";"34545.64";"2023";"L";"27/01/2023";"0";"01/01/2023";"31/01/2023";"6"
"UNIDADE DE GESTÃO DE NEG. JURÍDICOS E CIDADANIA";"4";"ADMINISTRAÇÃO";"122";"ADMINISTRAÇÃO GERAL";"2023";"2848";"";"0";"0";"100012604";"FOLHA DE PAGAMENTO";"45780103000150";"";"0";"PROPRIA";"31901133";"GRATIFICACOES POR EXERCICIO DE  FUNCOES";"FOLHA DE PAGAMENTO";"7299.25";"2023";"L";"27/01/2023";"0";"01/01/2023";"31/01/2023";"6"
"UNIDADE DE GESTÃO DE NEG. JURÍDICOS E CIDADANIA";"4";"ADMINISTRAÇÃO";"122";"ADMINISTRAÇÃO GERAL";"2023";"2849";"";"0";"0";"100012604";"FOLHA DE PAGAMENTO";"45780103000150";"";"0";"PROPRIA";"31901137";"GRATIFICACOES POR TEMPO DE SERVICO";"FOLHA DE PAGAMENTO";"48516.58";"2023";"L";"27/01/2023";"0";"01/01/2023";"31/01/2023";"6"
"UNIDADE DE GESTÃO DE NEG. JURÍDICOS E CIDADANIA";"4";"ADMINISTRAÇÃO";"122";"ADMINISTRAÇÃO GERAL";"2023";"2850";"";"0";"0";"100012604";"FOLHA DE PAGAMENTO";"45780103000150";"";"0";"PROPRIA";"31901137";"GRATIFICACOES POR TEMPO DE SERVICO";"FOLHA DE PAGAMENTO";"18149.54";"2023";"L";"27/01/2023";"0";"01/01/2023";"31/01/2023";"6"
"UNIDADE DE GESTÃO DE NEG. JURÍDICOS E CIDADANIA";"4";"ADMINISTRAÇÃO";"122";"ADMINISTRAÇÃO GERAL";"2023";"2851";"";"0";"0";"100012604";"FOLHA DE PAGAMENTO";"45780103000150";"";"0";"PROPRIA";"31901147";"LICENÇA PRÊMIO";"FOLHA DE PAGAMENTO";"26639.38";"2023";"L";"27/01/2023";"0";"01/01/2023";"31/01/2023";"6"
"UNIDADE DE GESTÃO DE NEG. JURÍDICOS E CIDADANIA";"4";"ADMINISTRAÇÃO";"122";"ADMINISTRAÇÃO GERAL";"2023";"2852";"";"0";"0";"100012604";"FOLHA DE PAGAMENTO";"45780103000150";"";"0";"PROPRIA";"31901175";"SUBSÍDIOS - AGENTES POLÍTICOS";"FOLHA DE PAGAMENTO";"20277.63";"2023";"L";"27/01/2023";"0";"01/01/2023";"31/01/2023";"6"
"UNIDADE DE GESTÃO DE NEG. JURÍDICOS E CIDADANIA";"4";"ADMINISTRAÇÃO";"122";"ADMINISTRAÇÃO GERAL";"2023";"2853";"";"0";"0";"4000055";"FUNDO DE GARANTIA POR TEMPO DE SERVICO";"00360305000104";"";"0";"PROPRIA";"31901301";"FGTS";"FOLHA DE PAGAMENTO";"5673.94";"2023";"L";"27/01/2023";"0";"01/01/2023";"31/01/2023";"6"
"UNIDADE DE GESTÃO DE NEG. JURÍDICOS E CIDADANIA";"4";"ADMINISTRAÇÃO";"122";"ADMINISTRAÇÃO GERAL";"2023";"2854";"";"0";"0";"4016168";"I.N.S.S -INST.NACIONAL DE SEGURO SOCIAL";"29979036000140";"";"0";"PROPRIA";"31901302";"CONTRIBUICOES PREVIDENCIARIAS - INSS";"FOLHA DE PAGAMENTO";"14894.14";"2023";"L";"27/01/2023";"0";"01/01/2023";"31/01/2023";"6"
"UNIDADE DE GESTÃO DE NEG. JURÍDICOS E CIDADANIA";"4";"ADMINISTRAÇÃO";"122";"ADMINISTRAÇÃO GERAL";"2023";"2855";"";"0";"0";"4016168";"I.N.S.S -INST.NACIONAL DE SEGURO SOCIAL";"29979036000140";"";"0";"PROPRIA";"31901302";"CONTRIBUICOES PREVIDENCIARIAS - INSS";"FOLHA DE PAGAMENTO";"22745.98";"2023";"L";"27/01/2023";"0";"01/01/2023";"31/01/2023";"6"
"UNIDADE DE GESTÃO DE NEG. JURÍDICOS E CIDADANIA";"4";"ADMINISTRAÇÃO";"122";"ADMINISTRAÇÃO GERAL";"2023";"2856";"";"0";"0";"4016168";"I.N.S.S -INST.NACIONAL DE SEGURO SOCIAL";"29979036000140";"";"0";"PROPRIA";"31901302";"CONTRIBUICOES PREVIDENCIARIAS - INSS";"FOLHA DE PAGAMENTO";"4258.3";"2023";"L";"27/01/2023";"0";"01/01/2023";"31/01/2023";"6"
"UNIDADE DE GESTÃO DE NEG. JURÍDICOS E CIDADANIA";"4";"ADMINISTRAÇÃO";"122";"ADMINISTRAÇÃO GERAL";"2023";"2857";"";"0";"0";"100004453";"IPREJUN-INST.PREVIDENCIA DO MUN.JUNDIAI";"05507216000161";"";"0";"PROPRIA";"31911308";"CONTRIBUIÇÕES PREVIDENCIÁRIAS - RPPS - PESSOAL ATI";"FOLHA DE PAGAMENTO";"93693.82";"2023";"L";"27/01/2023";"0";"01/01/2023";"31/01/2023";"6"
"UNIDADE DE GESTÃO DE NEG. JURÍDICOS E CIDADANIA";"4";"ADMINISTRAÇÃO";"122";"ADMINISTRAÇÃO GERAL";"2023";"2858";"";"0";"0";"100004453";"IPREJUN-INST.PREVIDENCIA DO MUN.JUNDIAI";"05507216000161";"";"0";"PROPRIA";"31911320";"ALÍQUOTA SUPLEMENTAR DE CONTRIBUIÇÃO PREVIDENCIÁRI";"FOLHA DE PAGAMENTO";"124358.41";"2023";"L";"27/01/2023";"0";"01/01/2023";"31/01/2023";"6"
"UNIDADE DE GESTÃO DE NEG. JURÍDICOS E CIDADANIA";"4";"ADMINISTRAÇÃO";"122";"ADMINISTRAÇÃO GERAL";"2023";"2859";"";"0";"0";"100012604";"FOLHA DE PAGAMENTO";"45780103000150";"";"0";"PROPRIA";"33904901";"INDENIZACAO AUXILIO TRANSPORTE";"FOLHA DE PAGAMENTO";"880";"2023";"L";"27/01/2023";"0";"01/01/2023";"31/01/2023";"6"
"UNIDADE DE GESTÃO DE NEG. JURÍDICOS E CIDADANIA";"4";"ADMINISTRAÇÃO";"122";"ADMINISTRAÇÃO GERAL";"2023";"2860";"";"0";"0";"100012604";"FOLHA DE PAGAMENTO";"45780103000150";"";"0";"PROPRIA";"33904901";"INDENIZACAO AUXILIO TRANSPORTE";"FOLHA DE PAGAMENTO";"14828";"2023";"L";"27/01/2023";"0";"01/01/2023";"31/01/2023";"6"
"UNIDADE DE GESTÃO DE NEG. JURÍDICOS E CIDADANIA";"4";"ADMINISTRAÇÃO";"122";"ADMINISTRAÇÃO GERAL";"2023";"2861";"";"0";"0";"100012604";"FOLHA DE PAGAMENTO";"45780103000150";"";"0";"PROPRIA";"33904901";"INDENIZACAO AUXILIO TRANSPORTE";"FOLHA DE PAGAMENTO";"5500";"2023";"L";"27/01/2023";"0";"01/01/2023";"31/01/2023";"6"
"UNIDADE DE GESTÃO DE NEG. JURÍDICOS E CIDADANIA";"4";"ADMINISTRAÇÃO";"422";"DIREITOS INDIVIDUAIS. COLETIVOS E DIFUSOS";"2023";"2862";"";"0";"0";"100012604";"FOLHA DE PAGAMENTO";"45780103000150";"";"0";"PROPRIA";"31901101";"VENCIMENTO E SALARIOS";"FOLHA DE PAGAMENTO";"19807.57";"2023";"L";"27/01/2023";"0";"01/01/2023";"31/01/2023";"6"
"UNIDADE DE GESTÃO DE NEG. JURÍDICOS E CIDADANIA";"4";"ADMINISTRAÇÃO";"422";"DIREITOS INDIVIDUAIS. COLETIVOS E DIFUSOS";"2023";"2863";"";"0";"0";"100012604";"FOLHA DE PAGAMENTO";"45780103000150";"";"0";"PROPRIA";"31901101";"VENCIMENTO E SALARIOS";"FOLHA DE PAGAMENTO";"25356.93";"2023";"L";"27/01/2023";"0";"01/01/2023";"31/01/2023";"6"
"UNIDADE DE GESTÃO DE NEG. JURÍDICOS E CIDADANIA";"4";"ADMINISTRAÇÃO";"422";"DIREITOS INDIVIDUAIS. COLETIVOS E DIFUSOS";"2023";"2864";"";"0";"0";"100012604";"FOLHA DE PAGAMENTO";"45780103000150";"";"0";"PROPRIA";"31901137";"GRATIFICACOES POR TEMPO DE SERVICO";"FOLHA DE PAGAMENTO";"1262.31";"2023";"L";"27/01/2023";"0";"01/01/2023";"31/01/2023";"6"
"UNIDADE DE GESTÃO DE NEG. JURÍDICOS E CIDADANIA";"4";"ADMINISTRAÇÃO";"422";"DIREITOS INDIVIDUAIS. COLETIVOS E DIFUSOS";"2023";"2865";"";"0";"0";"4016168";"I.N.S.S -INST.NACIONAL DE SEGURO SOCIAL";"29979036000140";"";"0";"PROPRIA";"31901302";"CONTRIBUICOES PREVIDENCIARIAS - INSS";"FOLHA DE PAGAMENTO";"6399.56";"2023";"L";"27/01/2023";"0";"01/01/2023";"31/01/2023";"6"
"UNIDADE DE GESTÃO DE NEG. JURÍDICOS E CIDADANIA";"4";"ADMINISTRAÇÃO";"422";"DIREITOS INDIVIDUAIS. COLETIVOS E DIFUSOS";"2023";"2866";"";"0";"0";"100004453";"IPREJUN-INST.PREVIDENCIA DO MUN.JUNDIAI";"05507216000161";"";"0";"PROPRIA";"31911308";"CONTRIBUIÇÕES PREVIDENCIÁRIAS - RPPS - PESSOAL ATI";"FOLHA DE PAGAMENTO";"6373.1";"2023";"L";"27/01/2023";"0";"01/01/2023";"31/01/2023";"6"
"UNIDADE DE GESTÃO DE NEG. JURÍDICOS E CIDADANIA";"4";"ADMINISTRAÇÃO";"422";"DIREITOS INDIVIDUAIS. COLETIVOS E DIFUSOS";"2023";"2867";"";"0";"0";"100004453";"IPREJUN-INST.PREVIDENCIA DO MUN.JUNDIAI";"05507216000161";"";"0";"PROPRIA";"31911320";"ALÍQUOTA SUPLEMENTAR DE CONTRIBUIÇÃO PREVIDENCIÁRI";"FOLHA DE PAGAMENTO";"8458.92";"2023";"L";"27/01/2023";"0";"01/01/2023";"31/01/2023";"6"
"UNIDADE DE GESTÃO DE NEG. JURÍDICOS E CIDADANIA";"4";"ADMINISTRAÇÃO";"422";"DIREITOS INDIVIDUAIS. COLETIVOS E DIFUSOS";"2023";"2868";"";"0";"0";"100012604";"FOLHA DE PAGAMENTO";"45780103000150";"";"0";"PROPRIA";"33904901";"INDENIZACAO AUXILIO TRANSPORTE";"FOLHA DE PAGAMENTO";"1320";"2023";"L";"27/01/2023";"0";"01/01/2023";"31/01/2023";"6"
"UNIDADE DE GESTÃO DE NEG. JURÍDICOS E CIDADANIA";"4";"ADMINISTRAÇÃO";"422";"DIREITOS INDIVIDUAIS. COLETIVOS E DIFUSOS";"2023";"2869";"";"0";"0";"100012604";"FOLHA DE PAGAMENTO";"45780103000150";"";"0";"PROPRIA";"33904901";"INDENIZACAO AUXILIO TRANSPORTE";"FOLHA DE PAGAMENTO";"4664";"2023";"L";"27/01/2023";"0";"01/01/2023";"31/01/2023";"6"
"UNIDADE DE GESTÃO DE ADMINIST. E GESTÃO DE PESSOAS";"4";"ADMINISTRAÇÃO";"122";"ADMINISTRAÇÃO GERAL";"2023";"2870";"";"0";"0";"100012604";"FOLHA DE PAGAMENTO";"45780103000150";"";"0";"PROPRIA";"31901101";"VENCIMENTO E SALARIOS";"FOLHA DE PAGAMENTO";"66169.78";"2023";"L";"27/01/2023";"0";"01/01/2023";"31/01/2023";"7"
"UNIDADE DE GESTÃO DE ADMINIST. E GESTÃO DE PESSOAS";"4";"ADMINISTRAÇÃO";"122";"ADMINISTRAÇÃO GERAL";"2023";"2871";"";"0";"0";"100012604";"FOLHA DE PAGAMENTO";"45780103000150";"";"0";"PROPRIA";"31901101";"VENCIMENTO E SALARIOS";"FOLHA DE PAGAMENTO";"39566.38";"2023";"L";"27/01/2023";"0";"01/01/2023";"31/01/2023";"7"
"UNIDADE DE GESTÃO DE ADMINIST. E GESTÃO DE PESSOAS";"4";"ADMINISTRAÇÃO";"122";"ADMINISTRAÇÃO GERAL";"2023";"2872";"";"0";"0";"100012604";"FOLHA DE PAGAMENTO";"45780103000150";"";"0";"PROPRIA";"31901101";"VENCIMENTO E SALARIOS";"FOLHA DE PAGAMENTO";"453682.65";"2023";"L";"27/01/2023";"0";"01/01/2023";"31/01/2023";"7"
"UNIDADE DE GESTÃO DE ADMINIST. E GESTÃO DE PESSOAS";"4";"ADMINISTRAÇÃO";"122";"ADMINISTRAÇÃO GERAL";"2023";"2873";"";"0";"0";"100012604";"FOLHA DE PAGAMENTO";"45780103000150";"";"0";"PROPRIA";"31901105";"INCORPORADOS";"FOLHA DE PAGAMENTO";"1620.66";"2023";"L";"27/01/2023";"0";"01/01/2023";"31/01/2023";"7"
"UNIDADE DE GESTÃO DE ADMINIST. E GESTÃO DE PESSOAS";"4";"ADMINISTRAÇÃO";"122";"ADMINISTRAÇÃO GERAL";"2023";"2874";"";"0";"0";"100012604";"FOLHA DE PAGAMENTO";"45780103000150";"";"0";"PROPRIA";"31901107";"ABONO DE PERMANENCIA";"FOLHA DE PAGAMENTO";"10467.07";"2023";"L";"27/01/2023";"0";"01/01/2023";"31/01/2023";"7"
"UNIDADE DE GESTÃO DE ADMINIST. E GESTÃO DE PESSOAS";"4";"ADMINISTRAÇÃO";"122";"ADMINISTRAÇÃO GERAL";"2023";"2875";"";"0";"0";"100012604";"FOLHA DE PAGAMENTO";"45780103000150";"";"0";"PROPRIA";"31901109";"ADICIONAL DE PERICULOSIDADE";"FOLHA DE PAGAMENTO";"11954.95";"2023";"L";"27/01/2023";"0";"01/01/2023";"31/01/2023";"7"
"UNIDADE DE GESTÃO DE ADMINIST. E GESTÃO DE PESSOAS";"4";"ADMINISTRAÇÃO";"122";"ADMINISTRAÇÃO GERAL";"2023";"2876";"";"0";"0";"100012604";"FOLHA DE PAGAMENTO";"45780103000150";"";"0";"PROPRIA";"31901110";"ADICIONAL DE INSALUBRIDADE";"FOLHA DE PAGAMENTO";"4149.04";"2023";"L";"27/01/2023";"0";"01/01/2023";"31/01/2023";"7"
"UNIDADE DE GESTÃO DE ADMINIST. E GESTÃO DE PESSOAS";"4";"ADMINISTRAÇÃO";"122";"ADMINISTRAÇÃO GERAL";"2023";"2877";"";"0";"0";"100012604";"FOLHA DE PAGAMENTO";"45780103000150";"";"0";"PROPRIA";"31901131";"GRATIFICACOES POR EXERCICIO DE  CARGO";"FOLHA DE PAGAMENTO";"26736.02";"2023";"L";"27/01/2023";"0";"01/01/2023";"31/01/2023";"7"
"UNIDADE DE GESTÃO DE ADMINIST. E GESTÃO DE PESSOAS";"4";"ADMINISTRAÇÃO";"122";"ADMINISTRAÇÃO GERAL";"2023";"2878";"";"0";"0";"100012604";"FOLHA DE PAGAMENTO";"45780103000150";"";"0";"PROPRIA";"31901133";"GRATIFICACOES POR EXERCICIO DE  FUNCOES";"FOLHA DE PAGAMENTO";"43947.73";"2023";"L";"27/01/2023";"0";"01/01/2023";"31/01/2023";"7"
"UNIDADE DE GESTÃO DE ADMINIST. E GESTÃO DE PESSOAS";"4";"ADMINISTRAÇÃO";"122";"ADMINISTRAÇÃO GERAL";"2023";"2879";"";"0";"0";"100012604";"FOLHA DE PAGAMENTO";"45780103000150";"";"0";"PROPRIA";"31901137";"GRATIFICACOES POR TEMPO DE SERVICO";"FOLHA DE PAGAMENTO";"21054.97";"2023";"L";"27/01/2023";"0";"01/01/2023";"31/01/2023";"7"
"UNIDADE DE GESTÃO DE ADMINIST. E GESTÃO DE PESSOAS";"4";"ADMINISTRAÇÃO";"122";"ADMINISTRAÇÃO GERAL";"2023";"2880";"";"0";"0";"100012604";"FOLHA DE PAGAMENTO";"45780103000150";"";"0";"PROPRIA";"31901137";"GRATIFICACOES POR TEMPO DE SERVICO";"FOLHA DE PAGAMENTO";"61526.5";"2023";"L";"27/01/2023";"0";"01/01/2023";"31/01/2023";"7"
"UNIDADE DE GESTÃO DE ADMINIST. E GESTÃO DE PESSOAS";"4";"ADMINISTRAÇÃO";"122";"ADMINISTRAÇÃO GERAL";"2023";"2881";"";"0";"0";"100012604";"FOLHA DE PAGAMENTO";"45780103000150";"";"0";"PROPRIA";"31901147";"LICENÇA PRÊMIO";"FOLHA DE PAGAMENTO";"22597.34";"2023";"L";"27/01/2023";"0";"01/01/2023";"31/01/2023";"7"
"UNIDADE DE GESTÃO DE ADMINIST. E GESTÃO DE PESSOAS";"4";"ADMINISTRAÇÃO";"122";"ADMINISTRAÇÃO GERAL";"2023";"2882";"";"0";"0";"4000055";"FUNDO DE GARANTIA POR TEMPO DE SERVICO";"00360305000104";"";"0";"PROPRIA";"31901301";"FGTS";"FOLHA DE PAGAMENTO";"9114.95";"2023";"L";"27/01/2023";"0";"01/01/2023";"31/01/2023";"7"
"UNIDADE DE GESTÃO DE ADMINIST. E GESTÃO DE PESSOAS";"4";"ADMINISTRAÇÃO";"122";"ADMINISTRAÇÃO GERAL";"2023";"2883";"";"0";"0";"4016168";"I.N.S.S -INST.NACIONAL DE SEGURO SOCIAL";"29979036000140";"";"0";"PROPRIA";"31901302";"CONTRIBUICOES PREVIDENCIARIAS - INSS";"FOLHA DE PAGAMENTO";"23926.82";"2023";"L";"27/01/2023";"0";"01/01/2023";"31/01/2023";"7"
"UNIDADE DE GESTÃO DE ADMINIST. E GESTÃO DE PESSOAS";"4";"ADMINISTRAÇÃO";"122";"ADMINISTRAÇÃO GERAL";"2023";"2884";"";"0";"0";"4016168";"I.N.S.S -INST.NACIONAL DE SEGURO SOCIAL";"29979036000140";"";"0";"PROPRIA";"31901302";"CONTRIBUICOES PREVIDENCIARIAS - INSS";"FOLHA DE PAGAMENTO";"24114.53";"2023";"L";"27/01/2023";"0";"01/01/2023";"31/01/2023";"7"
"UNIDADE DE GESTÃO DE ADMINIST. E GESTÃO DE PESSOAS";"4";"ADMINISTRAÇÃO";"122";"ADMINISTRAÇÃO GERAL";"2023";"2885";"";"0";"0";"100012604";"FOLHA DE PAGAMENTO";"45780103000150";"";"0";"PROPRIA";"31901632";"SUBSTITUIÇÕES  RPPS";"FOLHA DE PAGAMENTO";"20943.63";"2023";"L";"27/01/2023";"0";"01/01/2023";"31/01/2023";"7"
"UNIDADE DE GESTÃO DE ADMINIST. E GESTÃO DE PESSOAS";"4";"ADMINISTRAÇÃO";"122";"ADMINISTRAÇÃO GERAL";"2023";"2886";"";"0";"0";"100012604";"FOLHA DE PAGAMENTO";"45780103000150";"";"0";"PROPRIA";"31901644";"SERVIÇOS EXTRAORDINÁRIOS";"FOLHA DE PAGAMENTO";"6287.09";"2023";"L";"27/01/2023";"0";"01/01/2023";"31/01/2023";"7"
"UNIDADE DE GESTÃO DE ADMINIST. E GESTÃO DE PESSOAS";"4";"ADMINISTRAÇÃO";"122";"ADMINISTRAÇÃO GERAL";"2023";"2887";"";"0";"0";"100004453";"IPREJUN-INST.PREVIDENCIA DO MUN.JUNDIAI";"05507216000161";"";"0";"PROPRIA";"31911308";"CONTRIBUIÇÕES PREVIDENCIÁRIAS - RPPS - PESSOAL ATI";"FOLHA DE PAGAMENTO";"122704.99";"2023";"L";"27/01/2023";"0";"01/01/2023";"31/01/2023";"7"
"UNIDADE DE GESTÃO DE ADMINIST. E GESTÃO DE PESSOAS";"4";"ADMINISTRAÇÃO";"122";"ADMINISTRAÇÃO GERAL";"2023";"2888";"";"0";"0";"100004453";"IPREJUN-INST.PREVIDENCIA DO MUN.JUNDIAI";"05507216000161";"";"0";"PROPRIA";"31911320";"ALÍQUOTA SUPLEMENTAR DE CONTRIBUIÇÃO PREVIDENCIÁRI";"FOLHA DE PAGAMENTO";"162864.6";"2023";"L";"27/01/2023";"0";"01/01/2023";"31/01/2023";"7"
"UNIDADE DE GESTÃO DE ADMINIST. E GESTÃO DE PESSOAS";"4";"ADMINISTRAÇÃO";"122";"ADMINISTRAÇÃO GERAL";"2023";"2889";"";"0";"0";"100012604";"FOLHA DE PAGAMENTO";"45780103000150";"";"0";"PROPRIA";"33904901";"INDENIZACAO AUXILIO TRANSPORTE";"FOLHA DE PAGAMENTO";"5170";"2023";"L";"27/01/2023";"0";"01/01/2023";"31/01/2023";"7"
"UNIDADE DE GESTÃO DE ADMINIST. E GESTÃO DE PESSOAS";"4";"ADMINISTRAÇÃO";"122";"ADMINISTRAÇÃO GERAL";"2023";"2890";"";"0";"0";"100012604";"FOLHA DE PAGAMENTO";"45780103000150";"";"0";"PROPRIA";"33904901";"INDENIZACAO AUXILIO TRANSPORTE";"FOLHA DE PAGAMENTO";"2156";"2023";"L";"27/01/2023";"0";"01/01/2023";"31/01/2023";"7"
"UNIDADE DE GESTÃO DE ADMINIST. E GESTÃO DE PESSOAS";"4";"ADMINISTRAÇÃO";"122";"ADMINISTRAÇÃO GERAL";"2023";"2891";"";"0";"0";"100012604";"FOLHA DE PAGAMENTO";"45780103000150";"";"0";"PROPRIA";"33904901";"INDENIZACAO AUXILIO TRANSPORTE";"FOLHA DE PAGAMENTO";"53988";"2023";"L";"27/01/2023";"0";"01/01/2023";"31/01/2023";"7"
"UNIDADE DE GESTÃO DE ADMINIST. E GESTÃO DE PESSOAS";"9";"PREVIDÊNCIA SOCIAL";"271";"PREVIDÊNCIA BÁSICA";"2023";"2892";"";"0";"0";"100012604";"FOLHA DE PAGAMENTO";"45780103000150";"";"0";"PROPRIA";"31900101";"PROVENTOS - PESSOAL CIVIL";"FOLHA DE PAGAMENTO";"82128.32";"2023";"L";"27/01/2023";"0";"01/01/2023";"31/01/2023";"7"
"UNIDADE DE GESTÃO DE ADMINIST. E GESTÃO DE PESSOAS";"9";"PREVIDÊNCIA SOCIAL";"271";"PREVIDÊNCIA BÁSICA";"2023";"2893";"";"0";"0";"100012604";"FOLHA DE PAGAMENTO";"45780103000150";"";"0";"PROPRIA";"31900101";"PROVENTOS - PESSOAL CIVIL";"FOLHA DE PAGAMENTO";"230475.07";"2023";"L";"27/01/2023";"0";"01/01/2023";"31/01/2023";"7"
"UNIDADE DE GESTÃO DE ADMINIST. E GESTÃO DE PESSOAS";"9";"PREVIDÊNCIA SOCIAL";"271";"PREVIDÊNCIA BÁSICA";"2023";"2894";"";"0";"0";"100012604";"FOLHA DE PAGAMENTO";"45780103000150";"";"0";"PROPRIA";"31900101";"PROVENTOS - PESSOAL CIVIL";"FOLHA DE PAGAMENTO";"3209.29";"2023";"L";"27/01/2023";"0";"01/01/2023";"31/01/2023";"7"
"UNIDADE DE GESTÃO DE ADMINIST. E GESTÃO DE PESSOAS";"9";"PREVIDÊNCIA SOCIAL";"271";"PREVIDÊNCIA BÁSICA";"2023";"2895";"";"0";"0";"100012604";"FOLHA DE PAGAMENTO";"45780103000150";"";"0";"PROPRIA";"31900101";"PROVENTOS - PESSOAL CIVIL";"FOLHA DE PAGAMENTO";"47302.72";"2023";"L";"27/01/2023";"0";"01/01/2023";"31/01/2023";"7"
"UNIDADE DE GESTÃO DE ADMINIST. E GESTÃO DE PESSOAS";"9";"PREVIDÊNCIA SOCIAL";"271";"PREVIDÊNCIA BÁSICA";"2023";"2896";"";"0";"0";"100012604";"FOLHA DE PAGAMENTO";"45780103000150";"";"0";"PROPRIA";"31900151";"ADICIONAIS. VANTAGENS. GRATIFICAÇÕES E OUTROS COMP";"FOLHA DE PAGAMENTO";"54399.63";"2023";"L";"27/01/2023";"0";"01/01/2023";"31/01/2023";"7"
"UNIDADE DE GESTÃO DE ADMINIST. E GESTÃO DE PESSOAS";"9";"PREVIDÊNCIA SOCIAL";"271";"PREVIDÊNCIA BÁSICA";"2023";"2897";"";"0";"0";"100012604";"FOLHA DE PAGAMENTO";"45780103000150";"";"0";"PROPRIA";"31900151";"ADICIONAIS. VANTAGENS. GRATIFICAÇÕES E OUTROS COMP";"FOLHA DE PAGAMENTO";"5987.45";"2023";"L";"27/01/2023";"0";"01/01/2023";"31/01/2023";"7"
"UNIDADE DE GESTÃO DE ADMINIST. E GESTÃO DE PESSOAS";"9";"PREVIDÊNCIA SOCIAL";"271";"PREVIDÊNCIA BÁSICA";"2023";"2898";"";"0";"0";"100012604";"FOLHA DE PAGAMENTO";"45780103000150";"";"0";"PROPRIA";"31900151";"ADICIONAIS. VANTAGENS. GRATIFICAÇÕES E OUTROS COMP";"FOLHA DE PAGAMENTO";"80544.95";"2023";"L";"27/01/2023";"0";"01/01/2023";"31/01/2023";"7"
"UNIDADE DE GESTÃO DE ADMINIST. E GESTÃO DE PESSOAS";"9";"PREVIDÊNCIA SOCIAL";"271";"PREVIDÊNCIA BÁSICA";"2023";"2899";"";"0";"0";"100012604";"FOLHA DE PAGAMENTO";"45780103000150";"";"0";"PROPRIA";"31900151";"ADICIONAIS. VANTAGENS. GRATIFICAÇÕES E OUTROS COMP";"FOLHA DE PAGAMENTO";"107.51";"2023";"L";"27/01/2023";"0";"01/01/2023";"31/01/2023";"7"
"UNIDADE DE GESTÃO DE ADMINIST. E GESTÃO DE PESSOAS";"9";"PREVIDÊNCIA SOCIAL";"271";"PREVIDÊNCIA BÁSICA";"2023";"2900";"";"0";"0";"100012604";"FOLHA DE PAGAMENTO";"45780103000150";"";"0";"PROPRIA";"31900151";"ADICIONAIS. VANTAGENS. GRATIFICAÇÕES E OUTROS COMP";"FOLHA DE PAGAMENTO";"1590.89";"2023";"L";"27/01/2023";"0";"01/01/2023";"31/01/2023";"7"
"UNIDADE DE GESTÃO DE ADMINIST. E GESTÃO DE PESSOAS";"9";"PREVIDÊNCIA SOCIAL";"271";"PREVIDÊNCIA BÁSICA";"2023";"2901";"";"0";"0";"100012604";"FOLHA DE PAGAMENTO";"45780103000150";"";"0";"PROPRIA";"31900301";"PESSOAL CIVIL";"FOLHA DE PAGAMENTO";"69343.49";"2023";"L";"27/01/2023";"0";"01/01/2023";"31/01/2023";"7"
"UNIDADE DE GESTÃO DE ADMINIST. E GESTÃO DE PESSOAS";"9";"PREVIDÊNCIA SOCIAL";"271";"PREVIDÊNCIA BÁSICA";"2023";"2902";"";"0";"0";"100012604";"FOLHA DE PAGAMENTO";"45780103000150";"";"0";"PROPRIA";"31900301";"PESSOAL CIVIL";"FOLHA DE PAGAMENTO";"4147.13";"2023";"L";"27/01/2023";"0";"01/01/2023";"31/01/2023";"7"
"UNIDADE DE GESTÃO DE ADMINIST. E GESTÃO DE PESSOAS";"9";"PREVIDÊNCIA SOCIAL";"271";"PREVIDÊNCIA BÁSICA";"2023";"2903";"";"0";"0";"100012604";"FOLHA DE PAGAMENTO";"45780103000150";"";"0";"PROPRIA";"31900301";"PESSOAL CIVIL";"FOLHA DE PAGAMENTO";"29594.46";"2023";"L";"27/01/2023";"0";"01/01/2023";"31/01/2023";"7"
"UNIDADE DE GESTÃO DE ADMINIST. E GESTÃO DE PESSOAS";"9";"PREVIDÊNCIA SOCIAL";"271";"PREVIDÊNCIA BÁSICA";"2023";"2904";"";"0";"0";"100012604";"FOLHA DE PAGAMENTO";"45780103000150";"";"0";"PROPRIA";"31900351";"ADICIONAIS. VANTAGENS. GRATIFICAÇÕES E OUTROS COMP";"FOLHA DE PAGAMENTO";"22529.36";"2023";"L";"27/01/2023";"0";"01/01/2023";"31/01/2023";"7"
"UNIDADE DE GESTÃO DE ADMINIST. E GESTÃO DE PESSOAS";"9";"PREVIDÊNCIA SOCIAL";"271";"PREVIDÊNCIA BÁSICA";"2023";"2905";"";"0";"0";"100012604";"FOLHA DE PAGAMENTO";"45780103000150";"";"0";"PROPRIA";"31900351";"ADICIONAIS. VANTAGENS. GRATIFICAÇÕES E OUTROS COMP";"FOLHA DE PAGAMENTO";"116.41";"2023";"L";"27/01/2023";"0";"01/01/2023";"31/01/2023";"7"
"UNIDADE DE GESTÃO DE ADMINIST. E GESTÃO DE PESSOAS";"9";"PREVIDÊNCIA SOCIAL";"271";"PREVIDÊNCIA BÁSICA";"2023";"2906";"";"0";"0";"100012604";"FOLHA DE PAGAMENTO";"45780103000150";"";"0";"PROPRIA";"31900351";"ADICIONAIS. VANTAGENS. GRATIFICAÇÕES E OUTROS COMP";"FOLHA DE PAGAMENTO";"119.24";"2023";"L";"27/01/2023";"0";"01/01/2023";"31/01/2023";"7"
"UNIDADE DE GESTÃO DE ADMINIST. E GESTÃO DE PESSOAS";"9";"PREVIDÊNCIA SOCIAL";"271";"PREVIDÊNCIA BÁSICA";"2023";"2907";"";"0";"0";"100012604";"FOLHA DE PAGAMENTO";"45780103000150";"";"0";"PROPRIA";"31900101";"PROVENTOS - PESSOAL CIVIL";"FOLHA DE PAGAMENTO";"321620.09";"2023";"L";"27/01/2023";"0";"01/01/2023";"31/01/2023";"7"
"UNIDADE DE GESTÃO DE ADMINIST. E GESTÃO DE PESSOAS";"9";"PREVIDÊNCIA SOCIAL";"271";"PREVIDÊNCIA BÁSICA";"2023";"2908";"";"0";"0";"100012604";"FOLHA DE PAGAMENTO";"45780103000150";"";"0";"PROPRIA";"31900151";"ADICIONAIS. VANTAGENS. GRATIFICAÇÕES E OUTROS COMP";"FOLHA DE PAGAMENTO";"2341.23";"2023";"L";"27/01/2023";"0";"01/01/2023";"31/01/2023";"7"
"UNIDADE DE GESTÃO DE ADMINIST. E GESTÃO DE PESSOAS";"9";"PREVIDÊNCIA SOCIAL";"271";"PREVIDÊNCIA BÁSICA";"2023";"2909";"";"0";"0";"100012604";"FOLHA DE PAGAMENTO";"45780103000150";"";"0";"PROPRIA";"31900151";"ADICIONAIS. VANTAGENS. GRATIFICAÇÕES E OUTROS COMP";"FOLHA DE PAGAMENTO";"13214.65";"2023";"L";"27/01/2023";"0";"01/01/2023";"31/01/2023";"7"
"UNIDADE DE GESTÃO DE ADMINIST. E GESTÃO DE PESSOAS";"9";"PREVIDÊNCIA SOCIAL";"271";"PREVIDÊNCIA BÁSICA";"2023";"2910";"";"0";"0";"100012604";"FOLHA DE PAGAMENTO";"45780103000150";"";"0";"PROPRIA";"31900151";"ADICIONAIS. VANTAGENS. GRATIFICAÇÕES E OUTROS COMP";"FOLHA DE PAGAMENTO";"122582.37";"2023";"L";"27/01/2023";"0";"01/01/2023";"31/01/2023";"7"
"UNIDADE DE GESTÃO DE ADMINIST. E GESTÃO DE PESSOAS";"9";"PREVIDÊNCIA SOCIAL";"271";"PREVIDÊNCIA BÁSICA";"2023";"2911";"";"0";"0";"100012604";"FOLHA DE PAGAMENTO";"45780103000150";"";"0";"PROPRIA";"31900301";"PESSOAL CIVIL";"FOLHA DE PAGAMENTO";"130079.97";"2023";"L";"27/01/2023";"0";"01/01/2023";"31/01/2023";"7"
"UNIDADE DE GESTÃO DE ADMINIST. E GESTÃO DE PESSOAS";"9";"PREVIDÊNCIA SOCIAL";"271";"PREVIDÊNCIA BÁSICA";"2023";"2912";"";"0";"0";"100012604";"FOLHA DE PAGAMENTO";"45780103000150";"";"0";"PROPRIA";"31900351";"ADICIONAIS. VANTAGENS. GRATIFICAÇÕES E OUTROS COMP";"FOLHA DE PAGAMENTO";"66906.84";"2023";"L";"27/01/2023";"0";"01/01/2023";"31/01/2023";"7"
"UNIDADE DE GESTÃO DE ADMINIST. E GESTÃO DE PESSOAS";"9";"PREVIDÊNCIA SOCIAL";"271";"PREVIDÊNCIA BÁSICA";"2023";"2913";"";"0";"0";"100012604";"FOLHA DE PAGAMENTO";"45780103000150";"";"0";"PROPRIA";"31900351";"ADICIONAIS. VANTAGENS. GRATIFICAÇÕES E OUTROS COMP";"FOLHA DE PAGAMENTO";"3639.06";"2023";"L";"27/01/2023";"0";"01/01/2023";"31/01/2023";"7"
"UNIDADE DE GESTÃO DE ADMINIST. E GESTÃO DE PESSOAS";"17";"SANEAMENTO";"122";"ADMINISTRAÇÃO GERAL";"2023";"2914";"";"0";"0";"100012604";"FOLHA DE PAGAMENTO";"45780103000150";"";"902";"RESTITUIÇÕES DAE S/A";"31901101";"VENCIMENTO E SALARIOS";"FOLHA DE PAGAMENTO";"5056.66";"2023";"L";"27/01/2023";"0";"01/01/2023";"31/01/2023";"7"
"UNIDADE DE GESTÃO DE ADMINIST. E GESTÃO DE PESSOAS";"17";"SANEAMENTO";"122";"ADMINISTRAÇÃO GERAL";"2023";"2915";"";"0";"0";"100012604";"FOLHA DE PAGAMENTO";"45780103000150";"";"902";"RESTITUIÇÕES DAE S/A";"31901101";"VENCIMENTO E SALARIOS";"FOLHA DE PAGAMENTO";"451730.21";"2023";"L";"27/01/2023";"0";"01/01/2023";"31/01/2023";"7"
"UNIDADE DE GESTÃO DE ADMINIST. E GESTÃO DE PESSOAS";"17";"SANEAMENTO";"122";"ADMINISTRAÇÃO GERAL";"2023";"2916";"";"0";"0";"100012604";"FOLHA DE PAGAMENTO";"45780103000150";"";"902";"RESTITUIÇÕES DAE S/A";"31901107";"ABONO DE PERMANENCIA";"FOLHA DE PAGAMENTO";"30266.6";"2023";"L";"27/01/2023";"0";"01/01/2023";"31/01/2023";"7"
"UNIDADE DE GESTÃO DE ADMINIST. E GESTÃO DE PESSOAS";"17";"SANEAMENTO";"122";"ADMINISTRAÇÃO GERAL";"2023";"2917";"";"0";"0";"100012604";"FOLHA DE PAGAMENTO";"45780103000150";"";"902";"RESTITUIÇÕES DAE S/A";"31901109";"ADICIONAL DE PERICULOSIDADE";"FOLHA DE PAGAMENTO";"19896.05";"2023";"L";"27/01/2023";"0";"01/01/2023";"31/01/2023";"7"
"UNIDADE DE GESTÃO DE ADMINIST. E GESTÃO DE PESSOAS";"17";"SANEAMENTO";"122";"ADMINISTRAÇÃO GERAL";"2023";"2918";"";"0";"0";"100012604";"FOLHA DE PAGAMENTO";"45780103000150";"";"902";"RESTITUIÇÕES DAE S/A";"31901110";"ADICIONAL DE INSALUBRIDADE";"FOLHA DE PAGAMENTO";"16396.52";"2023";"L";"27/01/2023";"0";"01/01/2023";"31/01/2023";"7"
"UNIDADE DE GESTÃO DE ADMINIST. E GESTÃO DE PESSOAS";"17";"SANEAMENTO";"122";"ADMINISTRAÇÃO GERAL";"2023";"2919";"";"0";"0";"100012604";"FOLHA DE PAGAMENTO";"45780103000150";"";"902";"RESTITUIÇÕES DAE S/A";"31901137";"GRATIFICACOES POR TEMPO DE SERVICO";"FOLHA DE PAGAMENTO";"1356.74";"2023";"L";"27/01/2023";"0";"01/01/2023";"31/01/2023";"7"
"UNIDADE DE GESTÃO DE ADMINIST. E GESTÃO DE PESSOAS";"17";"SANEAMENTO";"122";"ADMINISTRAÇÃO GERAL";"2023";"2920";"";"0";"0";"100012604";"FOLHA DE PAGAMENTO";"45780103000150";"";"902";"RESTITUIÇÕES DAE S/A";"31901137";"GRATIFICACOES POR TEMPO DE SERVICO";"FOLHA DE PAGAMENTO";"131949.26";"2023";"L";"27/01/2023";"0";"01/01/2023";"31/01/2023";"7"
"UNIDADE DE GESTÃO DE ADMINIST. E GESTÃO DE PESSOAS";"17";"SANEAMENTO";"122";"ADMINISTRAÇÃO GERAL";"2023";"2921";"";"0";"0";"100012604";"FOLHA DE PAGAMENTO";"45780103000150";"";"902";"RESTITUIÇÕES DAE S/A";"31901145";"FÉRIAS - ABONO CONSTITUICOES";"FOLHA DE PAGAMENTO";"13.2";"2023";"L";"27/01/2023";"0";"01/01/2023";"31/01/2023";"7"
"UNIDADE DE GESTÃO DE ADMINIST. E GESTÃO DE PESSOAS";"17";"SANEAMENTO";"122";"ADMINISTRAÇÃO GERAL";"2023";"2922";"";"0";"0";"100012604";"FOLHA DE PAGAMENTO";"45780103000150";"";"902";"RESTITUIÇÕES DAE S/A";"31901147";"LICENÇA PRÊMIO";"FOLHA DE PAGAMENTO";"23668.24";"2023";"L";"27/01/2023";"0";"01/01/2023";"31/01/2023";"7"
"UNIDADE DE GESTÃO DE ADMINIST. E GESTÃO DE PESSOAS";"17";"SANEAMENTO";"122";"ADMINISTRAÇÃO GERAL";"2023";"2923";"";"0";"0";"4000055";"FUNDO DE GARANTIA POR TEMPO DE SERVICO";"00360305000104";"";"902";"RESTITUIÇÕES DAE S/A";"31901301";"FGTS";"FOLHA DE PAGAMENTO";"739.5";"2023";"L";"27/01/2023";"0";"01/01/2023";"31/01/2023";"7"
"UNIDADE DE GESTÃO DE ADMINIST. E GESTÃO DE PESSOAS";"17";"SANEAMENTO";"122";"ADMINISTRAÇÃO GERAL";"2023";"2924";"";"0";"0";"4016168";"I.N.S.S -INST.NACIONAL DE SEGURO SOCIAL";"29979036000140";"";"902";"RESTITUIÇÕES DAE S/A";"31901302";"CONTRIBUICOES PREVIDENCIARIAS - INSS";"FOLHA DE PAGAMENTO";"1941.19";"2023";"L";"27/01/2023";"0";"01/01/2023";"31/01/2023";"7"
"UNIDADE DE GESTÃO DE ADMINIST. E GESTÃO DE PESSOAS";"17";"SANEAMENTO";"122";"ADMINISTRAÇÃO GERAL";"2023";"2925";"";"0";"0";"100012604";"FOLHA DE PAGAMENTO";"45780103000150";"";"902";"RESTITUIÇÕES DAE S/A";"31901644";"SERVIÇOS EXTRAORDINÁRIOS";"FOLHA DE PAGAMENTO";"0.6";"2023";"L";"27/01/2023";"0";"01/01/2023";"31/01/2023";"7"
"UNIDADE DE GESTÃO DE ADMINIST. E GESTÃO DE PESSOAS";"17";"SANEAMENTO";"122";"ADMINISTRAÇÃO GERAL";"2023";"2926";"";"0";"0";"100004453";"IPREJUN-INST.PREVIDENCIA DO MUN.JUNDIAI";"05507216000161";"";"902";"RESTITUIÇÕES DAE S/A";"31911308";"CONTRIBUIÇÕES PREVIDENCIÁRIAS - RPPS - PESSOAL ATI";"FOLHA DE PAGAMENTO";"139281.2";"2023";"L";"27/01/2023";"0";"01/01/2023";"31/01/2023";"7"
"UNIDADE DE GESTÃO DE ADMINIST. E GESTÃO DE PESSOAS";"17";"SANEAMENTO";"122";"ADMINISTRAÇÃO GERAL";"2023";"2927";"";"0";"0";"100004453";"IPREJUN-INST.PREVIDENCIA DO MUN.JUNDIAI";"05507216000161";"";"902";"RESTITUIÇÕES DAE S/A";"31911320";"ALÍQUOTA SUPLEMENTAR DE CONTRIBUIÇÃO PREVIDENCIÁRI";"FOLHA DE PAGAMENTO";"184865.95";"2023";"L";"27/01/2023";"0";"01/01/2023";"31/01/2023";"7"
"UNIDADE DE GESTÃO DE ADMINIST. E GESTÃO DE PESSOAS";"17";"SANEAMENTO";"122";"ADMINISTRAÇÃO GERAL";"2023";"2928";"";"0";"0";"100012604";"FOLHA DE PAGAMENTO";"45780103000150";"";"902";"RESTITUIÇÕES DAE S/A";"33904901";"INDENIZACAO AUXILIO TRANSPORTE";"FOLHA DE PAGAMENTO";"42086";"2023";"L";"27/01/2023";"0";"01/01/2023";"31/01/2023";"7"
"UNIDADE DE GESTÃO DE ADMINIST. E GESTÃO DE PESSOAS";"17";"SANEAMENTO";"122";"ADMINISTRAÇÃO GERAL";"2023";"2929";"";"0";"0";"100012604";"FOLHA DE PAGAMENTO";"45780103000150";"";"902";"RESTITUIÇÕES DAE S/A";"33904901";"INDENIZACAO AUXILIO TRANSPORTE";"FOLHA DE PAGAMENTO";"440";"2023";"L";"27/01/2023";"0";"01/01/2023";"31/01/2023";"7"
"UNIDADE DE GESTÃO DE ADMINIST. E GESTÃO DE PESSOAS";"4";"ADMINISTRAÇÃO";"122";"ADMINISTRAÇÃO GERAL";"2023";"2930";"";"0";"0";"100012604";"FOLHA DE PAGAMENTO";"45780103000150";"";"0";"PROPRIA";"31901101";"VENCIMENTO E SALARIOS";"FOLHA DE PAGAMENTO";"31508.43";"2023";"L";"27/01/2023";"0";"01/01/2023";"31/01/2023";"7"
"UNIDADE DE GESTÃO DE ADMINIST. E GESTÃO DE PESSOAS";"4";"ADMINISTRAÇÃO";"122";"ADMINISTRAÇÃO GERAL";"2023";"2931";"";"0";"0";"100012604";"FOLHA DE PAGAMENTO";"45780103000150";"";"0";"PROPRIA";"31901101";"VENCIMENTO E SALARIOS";"FOLHA DE PAGAMENTO";"263572.77";"2023";"L";"27/01/2023";"0";"01/01/2023";"31/01/2023";"7"
"UNIDADE DE GESTÃO DE ADMINIST. E GESTÃO DE PESSOAS";"4";"ADMINISTRAÇÃO";"122";"ADMINISTRAÇÃO GERAL";"2023";"2932";"";"0";"0";"100012604";"FOLHA DE PAGAMENTO";"45780103000150";"";"0";"PROPRIA";"31901104";"ADICIONAL NOTURNO";"FOLHA DE PAGAMENTO";"3427.4";"2023";"L";"27/01/2023";"0";"01/01/2023";"31/01/2023";"7"
"UNIDADE DE GESTÃO DE ADMINIST. E GESTÃO DE PESSOAS";"4";"ADMINISTRAÇÃO";"122";"ADMINISTRAÇÃO GERAL";"2023";"2933";"";"0";"0";"100012604";"FOLHA DE PAGAMENTO";"45780103000150";"";"0";"PROPRIA";"31901105";"INCORPORADOS";"FOLHA DE PAGAMENTO";"310.37";"2023";"L";"27/01/2023";"0";"01/01/2023";"31/01/2023";"7"
"UNIDADE DE GESTÃO DE ADMINIST. E GESTÃO DE PESSOAS";"4";"ADMINISTRAÇÃO";"122";"ADMINISTRAÇÃO GERAL";"2023";"2934";"";"0";"0";"100012604";"FOLHA DE PAGAMENTO";"45780103000150";"";"0";"PROPRIA";"31901107";"ABONO DE PERMANENCIA";"FOLHA DE PAGAMENTO";"6656.52";"2023";"L";"27/01/2023";"0";"01/01/2023";"31/01/2023";"7"
"UNIDADE DE GESTÃO DE ADMINIST. E GESTÃO DE PESSOAS";"4";"ADMINISTRAÇÃO";"122";"ADMINISTRAÇÃO GERAL";"2023";"2935";"";"0";"0";"100012604";"FOLHA DE PAGAMENTO";"45780103000150";"";"0";"PROPRIA";"31901110";"ADICIONAL DE INSALUBRIDADE";"FOLHA DE PAGAMENTO";"260.4";"2023";"L";"27/01/2023";"0";"01/01/2023";"31/01/2023";"7"
"UNIDADE DE GESTÃO DE ADMINIST. E GESTÃO DE PESSOAS";"4";"ADMINISTRAÇÃO";"122";"ADMINISTRAÇÃO GERAL";"2023";"2936";"";"0";"0";"100012604";"FOLHA DE PAGAMENTO";"45780103000150";"";"0";"PROPRIA";"31901110";"ADICIONAL DE INSALUBRIDADE";"FOLHA DE PAGAMENTO";"260.4";"2023";"L";"27/01/2023";"0";"01/01/2023";"31/01/2023";"7"
"UNIDADE DE GESTÃO DE ADMINIST. E GESTÃO DE PESSOAS";"4";"ADMINISTRAÇÃO";"122";"ADMINISTRAÇÃO GERAL";"2023";"2937";"";"0";"0";"100012604";"FOLHA DE PAGAMENTO";"45780103000150";"";"0";"PROPRIA";"31901133";"GRATIFICACOES POR EXERCICIO DE  FUNCOES";"FOLHA DE PAGAMENTO";"10635.12";"2023";"L";"27/01/2023";"0";"01/01/2023";"31/01/2023";"7"
"UNIDADE DE GESTÃO DE ADMINIST. E GESTÃO DE PESSOAS";"4";"ADMINISTRAÇÃO";"122";"ADMINISTRAÇÃO GERAL";"2023";"2938";"";"0";"0";"100012604";"FOLHA DE PAGAMENTO";"45780103000150";"";"0";"PROPRIA";"31901137";"GRATIFICACOES POR TEMPO DE SERVICO";"FOLHA DE PAGAMENTO";"13050.53";"2023";"L";"27/01/2023";"0";"01/01/2023";"31/01/2023";"7"
"UNIDADE DE GESTÃO DE ADMINIST. E GESTÃO DE PESSOAS";"4";"ADMINISTRAÇÃO";"122";"ADMINISTRAÇÃO GERAL";"2023";"2939";"";"0";"0";"100012604";"FOLHA DE PAGAMENTO";"45780103000150";"";"0";"PROPRIA";"31901137";"GRATIFICACOES POR TEMPO DE SERVICO";"FOLHA DE PAGAMENTO";"44254.31";"2023";"L";"27/01/2023";"0";"01/01/2023";"31/01/2023";"7"
"UNIDADE DE GESTÃO DE ADMINIST. E GESTÃO DE PESSOAS";"4";"ADMINISTRAÇÃO";"122";"ADMINISTRAÇÃO GERAL";"2023";"2940";"";"0";"0";"100012604";"FOLHA DE PAGAMENTO";"45780103000150";"";"0";"PROPRIA";"31901145";"FÉRIAS - ABONO CONSTITUICOES";"FOLHA DE PAGAMENTO";"5.1";"2023";"L";"27/01/2023";"0";"01/01/2023";"31/01/2023";"7"
"UNIDADE DE GESTÃO DE ADMINIST. E GESTÃO DE PESSOAS";"4";"ADMINISTRAÇÃO";"122";"ADMINISTRAÇÃO GERAL";"2023";"2941";"";"0";"0";"4000055";"FUNDO DE GARANTIA POR TEMPO DE SERVICO";"00360305000104";"";"0";"PROPRIA";"31901301";"FGTS";"FOLHA DE PAGAMENTO";"5888.05";"2023";"L";"27/01/2023";"0";"01/01/2023";"31/01/2023";"7"
"UNIDADE DE GESTÃO DE ADMINIST. E GESTÃO DE PESSOAS";"4";"ADMINISTRAÇÃO";"122";"ADMINISTRAÇÃO GERAL";"2023";"2942";"";"0";"0";"4016168";"I.N.S.S -INST.NACIONAL DE SEGURO SOCIAL";"29979036000140";"";"0";"PROPRIA";"31901302";"CONTRIBUICOES PREVIDENCIARIAS - INSS";"FOLHA DE PAGAMENTO";"15456.21";"2023";"L";"27/01/2023";"0";"01/01/2023";"31/01/2023";"7"
"UNIDADE DE GESTÃO DE ADMINIST. E GESTÃO DE PESSOAS";"4";"ADMINISTRAÇÃO";"122";"ADMINISTRAÇÃO GERAL";"2023";"2943";"";"0";"0";"100012604";"FOLHA DE PAGAMENTO";"45780103000150";"";"0";"PROPRIA";"31901644";"SERVIÇOS EXTRAORDINÁRIOS";"FOLHA DE PAGAMENTO";"3473.8";"2023";"L";"27/01/2023";"0";"01/01/2023";"31/01/2023";"7"
"UNIDADE DE GESTÃO DE ADMINIST. E GESTÃO DE PESSOAS";"4";"ADMINISTRAÇÃO";"122";"ADMINISTRAÇÃO GERAL";"2023";"2944";"";"0";"0";"100004453";"IPREJUN-INST.PREVIDENCIA DO MUN.JUNDIAI";"05507216000161";"";"0";"PROPRIA";"31911308";"CONTRIBUIÇÕES PREVIDENCIÁRIAS - RPPS - PESSOAL ATI";"FOLHA DE PAGAMENTO";"73814.11";"2023";"L";"27/01/2023";"0";"01/01/2023";"31/01/2023";"7"
"UNIDADE DE GESTÃO DE ADMINIST. E GESTÃO DE PESSOAS";"4";"ADMINISTRAÇÃO";"122";"ADMINISTRAÇÃO GERAL";"2023";"2945";"";"0";"0";"100004453";"IPREJUN-INST.PREVIDENCIA DO MUN.JUNDIAI";"05507216000161";"";"0";"PROPRIA";"31911320";"ALÍQUOTA SUPLEMENTAR DE CONTRIBUIÇÃO PREVIDENCIÁRI";"FOLHA DE PAGAMENTO";"97972.37";"2023";"L";"27/01/2023";"0";"01/01/2023";"31/01/2023";"7"
"UNIDADE DE GESTÃO DE ADMINIST. E GESTÃO DE PESSOAS";"4";"ADMINISTRAÇÃO";"122";"ADMINISTRAÇÃO GERAL";"2023";"2946";"";"0";"0";"100012604";"FOLHA DE PAGAMENTO";"45780103000150";"";"0";"PROPRIA";"33904901";"INDENIZACAO AUXILIO TRANSPORTE";"FOLHA DE PAGAMENTO";"2310";"2023";"L";"27/01/2023";"0";"01/01/2023";"31/01/2023";"7"
"UNIDADE DE GESTÃO DE ADMINIST. E GESTÃO DE PESSOAS";"4";"ADMINISTRAÇÃO";"122";"ADMINISTRAÇÃO GERAL";"2023";"2947";"";"0";"0";"100012604";"FOLHA DE PAGAMENTO";"45780103000150";"";"0";"PROPRIA";"33904901";"INDENIZACAO AUXILIO TRANSPORTE";"FOLHA DE PAGAMENTO";"26884";"2023";"L";"27/01/2023";"0";"01/01/2023";"31/01/2023";"7"
"UNIDADE DE GESTÃO DE GOVERNO E FINANÇAS";"4";"ADMINISTRAÇÃO";"122";"ADMINISTRAÇÃO GERAL";"2023";"2948";"";"0";"0";"100012604";"FOLHA DE PAGAMENTO";"45780103000150";"";"0";"PROPRIA";"31901101";"VENCIMENTO E SALARIOS";"FOLHA DE PAGAMENTO";"52496.91";"2023";"L";"27/01/2023";"0";"01/01/2023";"31/01/2023";"8"
"UNIDADE DE GESTÃO DE GOVERNO E FINANÇAS";"4";"ADMINISTRAÇÃO";"122";"ADMINISTRAÇÃO GERAL";"2023";"2949";"";"0";"0";"100012604";"FOLHA DE PAGAMENTO";"45780103000150";"";"0";"PROPRIA";"31901101";"VENCIMENTO E SALARIOS";"FOLHA DE PAGAMENTO";"124250.8";"2023";"L";"27/01/2023";"0";"01/01/2023";"31/01/2023";"8"
"UNIDADE DE GESTÃO DE GOVERNO E FINANÇAS";"4";"ADMINISTRAÇÃO";"122";"ADMINISTRAÇÃO GERAL";"2023";"2950";"";"0";"0";"100012604";"FOLHA DE PAGAMENTO";"45780103000150";"";"0";"PROPRIA";"31901101";"VENCIMENTO E SALARIOS";"FOLHA DE PAGAMENTO";"706234.05";"2023";"L";"27/01/2023";"0";"01/01/2023";"31/01/2023";"8"
"UNIDADE DE GESTÃO DE GOVERNO E FINANÇAS";"4";"ADMINISTRAÇÃO";"122";"ADMINISTRAÇÃO GERAL";"2023";"2951";"";"0";"0";"100012604";"FOLHA DE PAGAMENTO";"45780103000150";"";"0";"PROPRIA";"31901104";"ADICIONAL NOTURNO";"FOLHA DE PAGAMENTO";"168.06";"2023";"L";"27/01/2023";"0";"01/01/2023";"31/01/2023";"8"
"UNIDADE DE GESTÃO DE GOVERNO E FINANÇAS";"4";"ADMINISTRAÇÃO";"122";"ADMINISTRAÇÃO GERAL";"2023";"2952";"";"0";"0";"100012604";"FOLHA DE PAGAMENTO";"45780103000150";"";"0";"PROPRIA";"31901105";"INCORPORADOS";"FOLHA DE PAGAMENTO";"7818.93";"2023";"L";"27/01/2023";"0";"01/01/2023";"31/01/2023";"8"
"UNIDADE DE GESTÃO DE GOVERNO E FINANÇAS";"4";"ADMINISTRAÇÃO";"122";"ADMINISTRAÇÃO GERAL";"2023";"2953";"";"0";"0";"100012604";"FOLHA DE PAGAMENTO";"45780103000150";"";"0";"PROPRIA";"31901105";"INCORPORADOS";"FOLHA DE PAGAMENTO";"8406.76";"2023";"L";"27/01/2023";"0";"01/01/2023";"31/01/2023";"8"
"UNIDADE DE GESTÃO DE GOVERNO E FINANÇAS";"4";"ADMINISTRAÇÃO";"122";"ADMINISTRAÇÃO GERAL";"2023";"2954";"";"0";"0";"100012604";"FOLHA DE PAGAMENTO";"45780103000150";"";"0";"PROPRIA";"31901107";"ABONO DE PERMANENCIA";"FOLHA DE PAGAMENTO";"19274.26";"2023";"L";"27/01/2023";"0";"01/01/2023";"31/01/2023";"8"
"UNIDADE DE GESTÃO DE GOVERNO E FINANÇAS";"4";"ADMINISTRAÇÃO";"122";"ADMINISTRAÇÃO GERAL";"2023";"2955";"";"0";"0";"100012604";"FOLHA DE PAGAMENTO";"45780103000150";"";"0";"PROPRIA";"31901109";"ADICIONAL DE PERICULOSIDADE";"FOLHA DE PAGAMENTO";"1425.92";"2023";"L";"27/01/2023";"0";"01/01/2023";"31/01/2023";"8"
"UNIDADE DE GESTÃO DE GOVERNO E FINANÇAS";"4";"ADMINISTRAÇÃO";"122";"ADMINISTRAÇÃO GERAL";"2023";"2956";"";"0";"0";"100012604";"FOLHA DE PAGAMENTO";"45780103000150";"";"0";"PROPRIA";"31901131";"GRATIFICACOES POR EXERCICIO DE  CARGO";"FOLHA DE PAGAMENTO";"9723.99";"2023";"L";"27/01/2023";"0";"01/01/2023";"31/01/2023";"8"
"UNIDADE DE GESTÃO DE GOVERNO E FINANÇAS";"4";"ADMINISTRAÇÃO";"122";"ADMINISTRAÇÃO GERAL";"2023";"2957";"";"0";"0";"100012604";"FOLHA DE PAGAMENTO";"45780103000150";"";"0";"PROPRIA";"31901133";"GRATIFICACOES POR EXERCICIO DE  FUNCOES";"FOLHA DE PAGAMENTO";"63222.07";"2023";"L";"27/01/2023";"0";"01/01/2023";"31/01/2023";"8"
"UNIDADE DE GESTÃO DE GOVERNO E FINANÇAS";"4";"ADMINISTRAÇÃO";"122";"ADMINISTRAÇÃO GERAL";"2023";"2958";"";"0";"0";"100012604";"FOLHA DE PAGAMENTO";"45780103000150";"";"0";"PROPRIA";"31901137";"GRATIFICACOES POR TEMPO DE SERVICO";"FOLHA DE PAGAMENTO";"107925.78";"2023";"L";"27/01/2023";"0";"01/01/2023";"31/01/2023";"8"
"UNIDADE DE GESTÃO DE GOVERNO E FINANÇAS";"4";"ADMINISTRAÇÃO";"122";"ADMINISTRAÇÃO GERAL";"2023";"2959";"";"0";"0";"100012604";"FOLHA DE PAGAMENTO";"45780103000150";"";"0";"PROPRIA";"31901137";"GRATIFICACOES POR TEMPO DE SERVICO";"FOLHA DE PAGAMENTO";"27979.53";"2023";"L";"27/01/2023";"0";"01/01/2023";"31/01/2023";"8"
"UNIDADE DE GESTÃO DE GOVERNO E FINANÇAS";"4";"ADMINISTRAÇÃO";"122";"ADMINISTRAÇÃO GERAL";"2023";"2960";"";"0";"0";"100012604";"FOLHA DE PAGAMENTO";"45780103000150";"";"0";"PROPRIA";"31901145";"FÉRIAS - ABONO CONSTITUICOES";"FOLHA DE PAGAMENTO";"415.67";"2023";"L";"27/01/2023";"0";"01/01/2023";"31/01/2023";"8"
"UNIDADE DE GESTÃO DE GOVERNO E FINANÇAS";"4";"ADMINISTRAÇÃO";"122";"ADMINISTRAÇÃO GERAL";"2023";"2961";"";"0";"0";"100012604";"FOLHA DE PAGAMENTO";"45780103000150";"";"0";"PROPRIA";"31901147";"LICENÇA PRÊMIO";"FOLHA DE PAGAMENTO";"26076.48";"2023";"L";"27/01/2023";"0";"01/01/2023";"31/01/2023";"8"
"UNIDADE DE GESTÃO DE GOVERNO E FINANÇAS";"4";"ADMINISTRAÇÃO";"122";"ADMINISTRAÇÃO GERAL";"2023";"2962";"";"0";"0";"100012604";"FOLHA DE PAGAMENTO";"45780103000150";"";"0";"PROPRIA";"31901175";"SUBSÍDIOS - AGENTES POLÍTICOS";"FOLHA DE PAGAMENTO";"20277.63";"2023";"L";"27/01/2023";"0";"01/01/2023";"31/01/2023";"8"
"UNIDADE DE GESTÃO DE GOVERNO E FINANÇAS";"4";"ADMINISTRAÇÃO";"122";"ADMINISTRAÇÃO GERAL";"2023";"2963";"";"0";"0";"4000055";"FUNDO DE GARANTIA POR TEMPO DE SERVICO";"00360305000104";"";"0";"PROPRIA";"31901301";"FGTS";"FOLHA DE PAGAMENTO";"12892.09";"2023";"L";"27/01/2023";"0";"01/01/2023";"31/01/2023";"8"
"UNIDADE DE GESTÃO DE GOVERNO E FINANÇAS";"4";"ADMINISTRAÇÃO";"122";"ADMINISTRAÇÃO GERAL";"2023";"2964";"";"0";"0";"4016168";"I.N.S.S -INST.NACIONAL DE SEGURO SOCIAL";"29979036000140";"";"0";"PROPRIA";"31901302";"CONTRIBUICOES PREVIDENCIARIAS - INSS";"FOLHA DE PAGAMENTO";"4258.3";"2023";"L";"27/01/2023";"0";"01/01/2023";"31/01/2023";"8"
"UNIDADE DE GESTÃO DE GOVERNO E FINANÇAS";"4";"ADMINISTRAÇÃO";"122";"ADMINISTRAÇÃO GERAL";"2023";"2965";"";"0";"0";"4016168";"I.N.S.S -INST.NACIONAL DE SEGURO SOCIAL";"29979036000140";"";"0";"PROPRIA";"31901302";"CONTRIBUICOES PREVIDENCIARIAS - INSS";"FOLHA DE PAGAMENTO";"47456.88";"2023";"L";"27/01/2023";"0";"01/01/2023";"31/01/2023";"8"
"UNIDADE DE GESTÃO DE GOVERNO E FINANÇAS";"4";"ADMINISTRAÇÃO";"122";"ADMINISTRAÇÃO GERAL";"2023";"2966";"";"0";"0";"4016168";"I.N.S.S -INST.NACIONAL DE SEGURO SOCIAL";"29979036000140";"";"0";"PROPRIA";"31901302";"CONTRIBUICOES PREVIDENCIARIAS - INSS";"FOLHA DE PAGAMENTO";"33841.89";"2023";"L";"27/01/2023";"0";"01/01/2023";"31/01/2023";"8"
"UNIDADE DE GESTÃO DE GOVERNO E FINANÇAS";"4";"ADMINISTRAÇÃO";"122";"ADMINISTRAÇÃO GERAL";"2023";"2967";"";"0";"0";"100012604";"FOLHA DE PAGAMENTO";"45780103000150";"";"0";"PROPRIA";"31901632";"SUBSTITUIÇÕES  RPPS";"FOLHA DE PAGAMENTO";"13490.02";"2023";"L";"27/01/2023";"0";"01/01/2023";"31/01/2023";"8"
"UNIDADE DE GESTÃO DE GOVERNO E FINANÇAS";"4";"ADMINISTRAÇÃO";"122";"ADMINISTRAÇÃO GERAL";"2023";"2968";"";"0";"0";"100012604";"FOLHA DE PAGAMENTO";"45780103000150";"";"0";"PROPRIA";"31901644";"SERVIÇOS EXTRAORDINÁRIOS";"FOLHA DE PAGAMENTO";"56815.2";"2023";"L";"27/01/2023";"0";"01/01/2023";"31/01/2023";"8"
"UNIDADE DE GESTÃO DE GOVERNO E FINANÇAS";"4";"ADMINISTRAÇÃO";"122";"ADMINISTRAÇÃO GERAL";"2023";"2969";"";"0";"0";"100012604";"FOLHA DE PAGAMENTO";"45780103000150";"";"0";"PROPRIA";"31901644";"SERVIÇOS EXTRAORDINÁRIOS";"FOLHA DE PAGAMENTO";"3831.28";"2023";"L";"27/01/2023";"0";"01/01/2023";"31/01/2023";"8"
"UNIDADE DE GESTÃO DE GOVERNO E FINANÇAS";"4";"ADMINISTRAÇÃO";"122";"ADMINISTRAÇÃO GERAL";"2023";"2970";"";"0";"0";"100004453";"IPREJUN-INST.PREVIDENCIA DO MUN.JUNDIAI";"05507216000161";"";"0";"PROPRIA";"31911308";"CONTRIBUIÇÕES PREVIDENCIÁRIAS - RPPS - PESSOAL ATI";"FOLHA DE PAGAMENTO";"199906.45";"2023";"L";"27/01/2023";"0";"01/01/2023";"31/01/2023";"8"
"UNIDADE DE GESTÃO DE GOVERNO E FINANÇAS";"4";"ADMINISTRAÇÃO";"122";"ADMINISTRAÇÃO GERAL";"2023";"2971";"";"0";"0";"100004453";"IPREJUN-INST.PREVIDENCIA DO MUN.JUNDIAI";"05507216000161";"";"0";"PROPRIA";"31911320";"ALÍQUOTA SUPLEMENTAR DE CONTRIBUIÇÃO PREVIDENCIÁRI";"FOLHA DE PAGAMENTO";"265333.1";"2023";"L";"27/01/2023";"0";"01/01/2023";"31/01/2023";"8"
"UNIDADE DE GESTÃO DE GOVERNO E FINANÇAS";"4";"ADMINISTRAÇÃO";"122";"ADMINISTRAÇÃO GERAL";"2023";"2972";"";"0";"0";"100012604";"FOLHA DE PAGAMENTO";"45780103000150";"";"0";"PROPRIA";"33904899";"DEMAIS AUXÍLIOS FINANCEIROS A PESSOAS FÍSICAS";"FOLHA DE PAGAMENTO";"7923.88";"2023";"L";"27/01/2023";"0";"01/01/2023";"31/01/2023";"8"
"UNIDADE DE GESTÃO DE GOVERNO E FINANÇAS";"4";"ADMINISTRAÇÃO";"122";"ADMINISTRAÇÃO GERAL";"2023";"2973";"";"0";"0";"100012604";"FOLHA DE PAGAMENTO";"45780103000150";"";"0";"PROPRIA";"33904901";"INDENIZACAO AUXILIO TRANSPORTE";"FOLHA DE PAGAMENTO";"10912";"2023";"L";"27/01/2023";"0";"01/01/2023";"31/01/2023";"8"
"UNIDADE DE GESTÃO DE GOVERNO E FINANÇAS";"4";"ADMINISTRAÇÃO";"122";"ADMINISTRAÇÃO GERAL";"2023";"2974";"";"0";"0";"100012604";"FOLHA DE PAGAMENTO";"45780103000150";"";"0";"PROPRIA";"33904901";"INDENIZACAO AUXILIO TRANSPORTE";"FOLHA DE PAGAMENTO";"53966";"2023";"L";"27/01/2023";"0";"01/01/2023";"31/01/2023";"8"
"UNIDADE DE GESTÃO DE GOVERNO E FINANÇAS";"4";"ADMINISTRAÇÃO";"122";"ADMINISTRAÇÃO GERAL";"2023";"2975";"";"0";"0";"100012604";"FOLHA DE PAGAMENTO";"45780103000150";"";"0";"PROPRIA";"33904901";"INDENIZACAO AUXILIO TRANSPORTE";"FOLHA DE PAGAMENTO";"3916";"2023";"L";"27/01/2023";"0";"01/01/2023";"31/01/2023";"8"
"UNIDADE DE GESTÃO DE INFRAEST. E SERVIÇOS PÚBLICOS";"15";"URBANISMO";"122";"ADMINISTRAÇÃO GERAL";"2023";"2976";"";"0";"0";"100012604";"FOLHA DE PAGAMENTO";"45780103000150";"";"0";"PROPRIA";"31901101";"VENCIMENTO E SALARIOS";"FOLHA DE PAGAMENTO";"172143.39";"2023";"L";"27/01/2023";"0";"01/01/2023";"31/01/2023";"10"
"UNIDADE DE GESTÃO DE INFRAEST. E SERVIÇOS PÚBLICOS";"15";"URBANISMO";"122";"ADMINISTRAÇÃO GERAL";"2023";"2977";"";"0";"0";"100012604";"FOLHA DE PAGAMENTO";"45780103000150";"";"0";"PROPRIA";"31901101";"VENCIMENTO E SALARIOS";"FOLHA DE PAGAMENTO";"70656.7";"2023";"L";"27/01/2023";"0";"01/01/2023";"31/01/2023";"10"
"UNIDADE DE GESTÃO DE INFRAEST. E SERVIÇOS PÚBLICOS";"15";"URBANISMO";"122";"ADMINISTRAÇÃO GERAL";"2023";"2978";"";"0";"0";"100012604";"FOLHA DE PAGAMENTO";"45780103000150";"";"0";"PROPRIA";"31901101";"VENCIMENTO E SALARIOS";"FOLHA DE PAGAMENTO";"950291.87";"2023";"L";"27/01/2023";"0";"01/01/2023";"31/01/2023";"10"
"UNIDADE DE GESTÃO DE INFRAEST. E SERVIÇOS PÚBLICOS";"15";"URBANISMO";"122";"ADMINISTRAÇÃO GERAL";"2023";"2979";"";"0";"0";"100012604";"FOLHA DE PAGAMENTO";"45780103000150";"";"0";"PROPRIA";"31901107";"ABONO DE PERMANENCIA";"FOLHA DE PAGAMENTO";"18506";"2023";"L";"27/01/2023";"0";"01/01/2023";"31/01/2023";"10"
"UNIDADE DE GESTÃO DE INFRAEST. E SERVIÇOS PÚBLICOS";"15";"URBANISMO";"122";"ADMINISTRAÇÃO GERAL";"2023";"2980";"";"0";"0";"100012604";"FOLHA DE PAGAMENTO";"45780103000150";"";"0";"PROPRIA";"31901109";"ADICIONAL DE PERICULOSIDADE";"FOLHA DE PAGAMENTO";"2124.34";"2023";"L";"27/01/2023";"0";"01/01/2023";"31/01/2023";"10"
"UNIDADE DE GESTÃO DE INFRAEST. E SERVIÇOS PÚBLICOS";"15";"URBANISMO";"122";"ADMINISTRAÇÃO GERAL";"2023";"2981";"";"0";"0";"100012604";"FOLHA DE PAGAMENTO";"45780103000150";"";"0";"PROPRIA";"31901109";"ADICIONAL DE PERICULOSIDADE";"FOLHA DE PAGAMENTO";"10414.83";"2023";"L";"27/01/2023";"0";"01/01/2023";"31/01/2023";"10"
"UNIDADE DE GESTÃO DE INFRAEST. E SERVIÇOS PÚBLICOS";"15";"URBANISMO";"122";"ADMINISTRAÇÃO GERAL";"2023";"2982";"";"0";"0";"100012604";"FOLHA DE PAGAMENTO";"45780103000150";"";"0";"PROPRIA";"31901110";"ADICIONAL DE INSALUBRIDADE";"FOLHA DE PAGAMENTO";"2343.6";"2023";"L";"27/01/2023";"0";"01/01/2023";"31/01/2023";"10"
"UNIDADE DE GESTÃO DE INFRAEST. E SERVIÇOS PÚBLICOS";"15";"URBANISMO";"122";"ADMINISTRAÇÃO GERAL";"2023";"2983";"";"0";"0";"100012604";"FOLHA DE PAGAMENTO";"45780103000150";"";"0";"PROPRIA";"31901110";"ADICIONAL DE INSALUBRIDADE";"FOLHA DE PAGAMENTO";"24790.08";"2023";"L";"27/01/2023";"0";"01/01/2023";"31/01/2023";"10"
"UNIDADE DE GESTÃO DE INFRAEST. E SERVIÇOS PÚBLICOS";"15";"URBANISMO";"122";"ADMINISTRAÇÃO GERAL";"2023";"2984";"";"0";"0";"100012604";"FOLHA DE PAGAMENTO";"45780103000150";"";"0";"PROPRIA";"31901131";"GRATIFICACOES POR EXERCICIO DE  CARGO";"FOLHA DE PAGAMENTO";"6482.66";"2023";"L";"27/01/2023";"0";"01/01/2023";"31/01/2023";"10"
"UNIDADE DE GESTÃO DE INFRAEST. E SERVIÇOS PÚBLICOS";"15";"URBANISMO";"122";"ADMINISTRAÇÃO GERAL";"2023";"2985";"";"0";"0";"100012604";"FOLHA DE PAGAMENTO";"45780103000150";"";"0";"PROPRIA";"31901133";"GRATIFICACOES POR EXERCICIO DE  FUNCOES";"FOLHA DE PAGAMENTO";"30458.44";"2023";"L";"27/01/2023";"0";"01/01/2023";"31/01/2023";"10"
"UNIDADE DE GESTÃO DE INFRAEST. E SERVIÇOS PÚBLICOS";"15";"URBANISMO";"122";"ADMINISTRAÇÃO GERAL";"2023";"2986";"";"0";"0";"100012604";"FOLHA DE PAGAMENTO";"45780103000150";"";"0";"PROPRIA";"31901137";"GRATIFICACOES POR TEMPO DE SERVICO";"FOLHA DE PAGAMENTO";"182260.61";"2023";"L";"27/01/2023";"0";"01/01/2023";"31/01/2023";"10"
"UNIDADE DE GESTÃO DE INFRAEST. E SERVIÇOS PÚBLICOS";"15";"URBANISMO";"122";"ADMINISTRAÇÃO GERAL";"2023";"2987";"";"0";"0";"100012604";"FOLHA DE PAGAMENTO";"45780103000150";"";"0";"PROPRIA";"31901137";"GRATIFICACOES POR TEMPO DE SERVICO";"FOLHA DE PAGAMENTO";"28950";"2023";"L";"27/01/2023";"0";"01/01/2023";"31/01/2023";"10"
"UNIDADE DE GESTÃO DE INFRAEST. E SERVIÇOS PÚBLICOS";"15";"URBANISMO";"122";"ADMINISTRAÇÃO GERAL";"2023";"2988";"";"0";"0";"100012604";"FOLHA DE PAGAMENTO";"45780103000150";"";"0";"PROPRIA";"31901145";"FÉRIAS - ABONO CONSTITUICOES";"FOLHA DE PAGAMENTO";"51";"2023";"L";"27/01/2023";"0";"01/01/2023";"31/01/2023";"10"
"UNIDADE DE GESTÃO DE INFRAEST. E SERVIÇOS PÚBLICOS";"15";"URBANISMO";"122";"ADMINISTRAÇÃO GERAL";"2023";"2989";"";"0";"0";"100012604";"FOLHA DE PAGAMENTO";"45780103000150";"";"0";"PROPRIA";"31901147";"LICENÇA PRÊMIO";"FOLHA DE PAGAMENTO";"34635";"2023";"L";"27/01/2023";"0";"01/01/2023";"31/01/2023";"10"
"UNIDADE DE GESTÃO DE INFRAEST. E SERVIÇOS PÚBLICOS";"15";"URBANISMO";"122";"ADMINISTRAÇÃO GERAL";"2023";"2990";"";"0";"0";"100012604";"FOLHA DE PAGAMENTO";"45780103000150";"";"0";"PROPRIA";"31901175";"SUBSÍDIOS - AGENTES POLÍTICOS";"FOLHA DE PAGAMENTO";"20277.63";"2023";"L";"27/01/2023";"0";"01/01/2023";"31/01/2023";"10"
"UNIDADE DE GESTÃO DE INFRAEST. E SERVIÇOS PÚBLICOS";"15";"URBANISMO";"122";"ADMINISTRAÇÃO GERAL";"2023";"2991";"";"0";"0";"4000055";"FUNDO DE GARANTIA POR TEMPO DE SERVICO";"00360305000104";"";"0";"PROPRIA";"31901301";"FGTS";"FOLHA DE PAGAMENTO";"14443.5";"2023";"L";"27/01/2023";"0";"01/01/2023";"31/01/2023";"10"
"UNIDADE DE GESTÃO DE INFRAEST. E SERVIÇOS PÚBLICOS";"15";"URBANISMO";"122";"ADMINISTRAÇÃO GERAL";"2023";"2992";"";"0";"0";"4016168";"I.N.S.S -INST.NACIONAL DE SEGURO SOCIAL";"29979036000140";"";"0";"PROPRIA";"31901302";"CONTRIBUICOES PREVIDENCIARIAS - INSS";"FOLHA DE PAGAMENTO";"40315.48";"2023";"L";"27/01/2023";"0";"01/01/2023";"31/01/2023";"10"
"UNIDADE DE GESTÃO DE INFRAEST. E SERVIÇOS PÚBLICOS";"15";"URBANISMO";"122";"ADMINISTRAÇÃO GERAL";"2023";"2993";"";"0";"0";"4016168";"I.N.S.S -INST.NACIONAL DE SEGURO SOCIAL";"29979036000140";"";"0";"PROPRIA";"31901302";"CONTRIBUICOES PREVIDENCIARIAS - INSS";"FOLHA DE PAGAMENTO";"60005.86";"2023";"L";"27/01/2023";"0";"01/01/2023";"31/01/2023";"10"
"UNIDADE DE GESTÃO DE INFRAEST. E SERVIÇOS PÚBLICOS";"15";"URBANISMO";"122";"ADMINISTRAÇÃO GERAL";"2023";"2994";"";"0";"0";"4016168";"I.N.S.S -INST.NACIONAL DE SEGURO SOCIAL";"29979036000140";"";"0";"PROPRIA";"31901302";"CONTRIBUICOES PREVIDENCIARIAS - INSS";"FOLHA DE PAGAMENTO";"4258.3";"2023";"L";"27/01/2023";"0";"01/01/2023";"31/01/2023";"10"
"UNIDADE DE GESTÃO DE INFRAEST. E SERVIÇOS PÚBLICOS";"15";"URBANISMO";"122";"ADMINISTRAÇÃO GERAL";"2023";"2995";"";"0";"0";"100012604";"FOLHA DE PAGAMENTO";"45780103000150";"";"0";"PROPRIA";"31901632";"SUBSTITUIÇÕES  RPPS";"FOLHA DE PAGAMENTO";"2603.79";"2023";"L";"27/01/2023";"0";"01/01/2023";"31/01/2023";"10"
"UNIDADE DE GESTÃO DE INFRAEST. E SERVIÇOS PÚBLICOS";"15";"URBANISMO";"122";"ADMINISTRAÇÃO GERAL";"2023";"2996";"";"0";"0";"100012604";"FOLHA DE PAGAMENTO";"45780103000150";"";"0";"PROPRIA";"31901632";"SUBSTITUIÇÕES  RPPS";"FOLHA DE PAGAMENTO";"1079.19";"2023";"L";"27/01/2023";"0";"01/01/2023";"31/01/2023";"10"
"UNIDADE DE GESTÃO DE INFRAEST. E SERVIÇOS PÚBLICOS";"15";"URBANISMO";"122";"ADMINISTRAÇÃO GERAL";"2023";"2997";"";"0";"0";"100012604";"FOLHA DE PAGAMENTO";"45780103000150";"";"0";"PROPRIA";"31901644";"SERVIÇOS EXTRAORDINÁRIOS";"FOLHA DE PAGAMENTO";"15513.68";"2023";"L";"27/01/2023";"0";"01/01/2023";"31/01/2023";"10"
"UNIDADE DE GESTÃO DE INFRAEST. E SERVIÇOS PÚBLICOS";"15";"URBANISMO";"122";"ADMINISTRAÇÃO GERAL";"2023";"2998";"";"0";"0";"100012604";"FOLHA DE PAGAMENTO";"45780103000150";"";"0";"PROPRIA";"31901644";"SERVIÇOS EXTRAORDINÁRIOS";"FOLHA DE PAGAMENTO";"244638.53";"2023";"L";"27/01/2023";"0";"01/01/2023";"31/01/2023";"10"
"UNIDADE DE GESTÃO DE INFRAEST. E SERVIÇOS PÚBLICOS";"15";"URBANISMO";"122";"ADMINISTRAÇÃO GERAL";"2023";"2999";"";"0";"0";"100004453";"IPREJUN-INST.PREVIDENCIA DO MUN.JUNDIAI";"05507216000161";"";"0";"PROPRIA";"31911308";"CONTRIBUIÇÕES PREVIDENCIÁRIAS - RPPS - PESSOAL ATI";"FOLHA DE PAGAMENTO";"288192.55";"2023";"L";"27/01/2023";"0";"01/01/2023";"31/01/2023";"10"
"UNIDADE DE GESTÃO DE INFRAEST. E SERVIÇOS PÚBLICOS";"15";"URBANISMO";"122";"ADMINISTRAÇÃO GERAL";"2023";"3000";"";"0";"0";"100004453";"IPREJUN-INST.PREVIDENCIA DO MUN.JUNDIAI";"05507216000161";"";"0";"PROPRIA";"31911320";"ALÍQUOTA SUPLEMENTAR DE CONTRIBUIÇÃO PREVIDENCIÁRI";"FOLHA DE PAGAMENTO";"382513.97";"2023";"L";"27/01/2023";"0";"01/01/2023";"31/01/2023";"10"
"UNIDADE DE GESTÃO DE INFRAEST. E SERVIÇOS PÚBLICOS";"15";"URBANISMO";"122";"ADMINISTRAÇÃO GERAL";"2023";"3001";"";"0";"0";"100012604";"FOLHA DE PAGAMENTO";"45780103000150";"";"0";"PROPRIA";"33904901";"INDENIZACAO AUXILIO TRANSPORTE";"FOLHA DE PAGAMENTO";"14696";"2023";"L";"27/01/2023";"0";"01/01/2023";"31/01/2023";"10"
"UNIDADE DE GESTÃO DE INFRAEST. E SERVIÇOS PÚBLICOS";"15";"URBANISMO";"122";"ADMINISTRAÇÃO GERAL";"2023";"3002";"";"0";"0";"100012604";"FOLHA DE PAGAMENTO";"45780103000150";"";"0";"PROPRIA";"33904901";"INDENIZACAO AUXILIO TRANSPORTE";"FOLHA DE PAGAMENTO";"5192";"2023";"L";"27/01/2023";"0";"01/01/2023";"31/01/2023";"10"
"UNIDADE DE GESTÃO DE INFRAEST. E SERVIÇOS PÚBLICOS";"15";"URBANISMO";"122";"ADMINISTRAÇÃO GERAL";"2023";"3003";"";"0";"0";"100012604";"FOLHA DE PAGAMENTO";"45780103000150";"";"0";"PROPRIA";"33904901";"INDENIZACAO AUXILIO TRANSPORTE";"FOLHA DE PAGAMENTO";"96492";"2023";"L";"27/01/2023";"0";"01/01/2023";"31/01/2023";"10"
"UNIDADE GESTÃO DE PLANEJ. URBANO E MEIO AMBIENTE";"18";"GESTÃO AMBIENTAL";"122";"ADMINISTRAÇÃO GERAL";"2023";"3004";"";"0";"0";"100012604";"FOLHA DE PAGAMENTO";"45780103000150";"";"0";"PROPRIA";"31901101";"VENCIMENTO E SALARIOS";"FOLHA DE PAGAMENTO";"479116.58";"2023";"L";"27/01/2023";"0";"01/01/2023";"31/01/2023";"11"
"UNIDADE GESTÃO DE PLANEJ. URBANO E MEIO AMBIENTE";"18";"GESTÃO AMBIENTAL";"122";"ADMINISTRAÇÃO GERAL";"2023";"3005";"";"0";"0";"100012604";"FOLHA DE PAGAMENTO";"45780103000150";"";"0";"PROPRIA";"31901101";"VENCIMENTO E SALARIOS";"FOLHA DE PAGAMENTO";"58625.22";"2023";"L";"27/01/2023";"0";"01/01/2023";"31/01/2023";"11"
"UNIDADE GESTÃO DE PLANEJ. URBANO E MEIO AMBIENTE";"18";"GESTÃO AMBIENTAL";"122";"ADMINISTRAÇÃO GERAL";"2023";"3006";"";"0";"0";"100012604";"FOLHA DE PAGAMENTO";"45780103000150";"";"0";"PROPRIA";"31901101";"VENCIMENTO E SALARIOS";"FOLHA DE PAGAMENTO";"31840.76";"2023";"L";"27/01/2023";"0";"01/01/2023";"31/01/2023";"11"
"UNIDADE GESTÃO DE PLANEJ. URBANO E MEIO AMBIENTE";"18";"GESTÃO AMBIENTAL";"122";"ADMINISTRAÇÃO GERAL";"2023";"3007";"";"0";"0";"100012604";"FOLHA DE PAGAMENTO";"45780103000150";"";"0";"PROPRIA";"31901107";"ABONO DE PERMANENCIA";"FOLHA DE PAGAMENTO";"4128.94";"2023";"L";"27/01/2023";"0";"01/01/2023";"31/01/2023";"11"
"UNIDADE GESTÃO DE PLANEJ. URBANO E MEIO AMBIENTE";"18";"GESTÃO AMBIENTAL";"122";"ADMINISTRAÇÃO GERAL";"2023";"3008";"";"0";"0";"100012604";"FOLHA DE PAGAMENTO";"45780103000150";"";"0";"PROPRIA";"31901109";"ADICIONAL DE PERICULOSIDADE";"FOLHA DE PAGAMENTO";"9238.82";"2023";"L";"27/01/2023";"0";"01/01/2023";"31/01/2023";"11"
"UNIDADE GESTÃO DE PLANEJ. URBANO E MEIO AMBIENTE";"18";"GESTÃO AMBIENTAL";"122";"ADMINISTRAÇÃO GERAL";"2023";"3009";"";"0";"0";"100012604";"FOLHA DE PAGAMENTO";"45780103000150";"";"0";"PROPRIA";"31901109";"ADICIONAL DE PERICULOSIDADE";"FOLHA DE PAGAMENTO";"10872.59";"2023";"L";"27/01/2023";"0";"01/01/2023";"31/01/2023";"11"
"UNIDADE GESTÃO DE PLANEJ. URBANO E MEIO AMBIENTE";"18";"GESTÃO AMBIENTAL";"122";"ADMINISTRAÇÃO GERAL";"2023";"3010";"";"0";"0";"100012604";"FOLHA DE PAGAMENTO";"45780103000150";"";"0";"PROPRIA";"31901110";"ADICIONAL DE INSALUBRIDADE";"FOLHA DE PAGAMENTO";"3547.91";"2023";"L";"27/01/2023";"0";"01/01/2023";"31/01/2023";"11"
"UNIDADE GESTÃO DE PLANEJ. URBANO E MEIO AMBIENTE";"18";"GESTÃO AMBIENTAL";"122";"ADMINISTRAÇÃO GERAL";"2023";"3011";"";"0";"0";"100012604";"FOLHA DE PAGAMENTO";"45780103000150";"";"0";"PROPRIA";"31901131";"GRATIFICACOES POR EXERCICIO DE  CARGO";"FOLHA DE PAGAMENTO";"1579.03";"2023";"L";"27/01/2023";"0";"01/01/2023";"31/01/2023";"11"
"UNIDADE GESTÃO DE PLANEJ. URBANO E MEIO AMBIENTE";"18";"GESTÃO AMBIENTAL";"122";"ADMINISTRAÇÃO GERAL";"2023";"3012";"";"0";"0";"100012604";"FOLHA DE PAGAMENTO";"45780103000150";"";"0";"PROPRIA";"31901131";"GRATIFICACOES POR EXERCICIO DE  CARGO";"FOLHA DE PAGAMENTO";"4321.94";"2023";"L";"27/01/2023";"0";"01/01/2023";"31/01/2023";"11"
"UNIDADE GESTÃO DE PLANEJ. URBANO E MEIO AMBIENTE";"18";"GESTÃO AMBIENTAL";"122";"ADMINISTRAÇÃO GERAL";"2023";"3013";"";"0";"0";"100012604";"FOLHA DE PAGAMENTO";"45780103000150";"";"0";"PROPRIA";"31901133";"GRATIFICACOES POR EXERCICIO DE  FUNCOES";"FOLHA DE PAGAMENTO";"12193.42";"2023";"L";"27/01/2023";"0";"01/01/2023";"31/01/2023";"11"
"UNIDADE GESTÃO DE PLANEJ. URBANO E MEIO AMBIENTE";"18";"GESTÃO AMBIENTAL";"122";"ADMINISTRAÇÃO GERAL";"2023";"3014";"";"0";"0";"100012604";"FOLHA DE PAGAMENTO";"45780103000150";"";"0";"PROPRIA";"31901137";"GRATIFICACOES POR TEMPO DE SERVICO";"FOLHA DE PAGAMENTO";"60175.28";"2023";"L";"27/01/2023";"0";"01/01/2023";"31/01/2023";"11"
"UNIDADE GESTÃO DE PLANEJ. URBANO E MEIO AMBIENTE";"18";"GESTÃO AMBIENTAL";"122";"ADMINISTRAÇÃO GERAL";"2023";"3015";"";"0";"0";"100012604";"FOLHA DE PAGAMENTO";"45780103000150";"";"0";"PROPRIA";"31901137";"GRATIFICACOES POR TEMPO DE SERVICO";"FOLHA DE PAGAMENTO";"14243.03";"2023";"L";"27/01/2023";"0";"01/01/2023";"31/01/2023";"11"
"UNIDADE GESTÃO DE PLANEJ. URBANO E MEIO AMBIENTE";"18";"GESTÃO AMBIENTAL";"122";"ADMINISTRAÇÃO GERAL";"2023";"3016";"";"0";"0";"100012604";"FOLHA DE PAGAMENTO";"45780103000150";"";"0";"PROPRIA";"31901137";"GRATIFICACOES POR TEMPO DE SERVICO";"FOLHA DE PAGAMENTO";"1273.15";"2023";"L";"27/01/2023";"0";"01/01/2023";"31/01/2023";"11"
"UNIDADE GESTÃO DE PLANEJ. URBANO E MEIO AMBIENTE";"18";"GESTÃO AMBIENTAL";"122";"ADMINISTRAÇÃO GERAL";"2023";"3017";"";"0";"0";"100012604";"FOLHA DE PAGAMENTO";"45780103000150";"";"0";"PROPRIA";"31901145";"FÉRIAS - ABONO CONSTITUICOES";"FOLHA DE PAGAMENTO";"303.4";"2023";"L";"27/01/2023";"0";"01/01/2023";"31/01/2023";"11"
"UNIDADE GESTÃO DE PLANEJ. URBANO E MEIO AMBIENTE";"18";"GESTÃO AMBIENTAL";"122";"ADMINISTRAÇÃO GERAL";"2023";"3018";"";"0";"0";"100012604";"FOLHA DE PAGAMENTO";"45780103000150";"";"0";"PROPRIA";"31901147";"LICENÇA PRÊMIO";"FOLHA DE PAGAMENTO";"17844.66";"2023";"L";"27/01/2023";"0";"01/01/2023";"31/01/2023";"11"
"UNIDADE GESTÃO DE PLANEJ. URBANO E MEIO AMBIENTE";"18";"GESTÃO AMBIENTAL";"122";"ADMINISTRAÇÃO GERAL";"2023";"3019";"";"0";"0";"100012604";"FOLHA DE PAGAMENTO";"45780103000150";"";"0";"PROPRIA";"31901175";"SUBSÍDIOS - AGENTES POLÍTICOS";"FOLHA DE PAGAMENTO";"20277.63";"2023";"L";"27/01/2023";"0";"01/01/2023";"31/01/2023";"11"
"UNIDADE GESTÃO DE PLANEJ. URBANO E MEIO AMBIENTE";"18";"GESTÃO AMBIENTAL";"122";"ADMINISTRAÇÃO GERAL";"2023";"3020";"";"0";"0";"4000055";"FUNDO DE GARANTIA POR TEMPO DE SERVICO";"00360305000104";"";"0";"PROPRIA";"31901301";"FGTS";"FOLHA DE PAGAMENTO";"6936.39";"2023";"L";"27/01/2023";"0";"01/01/2023";"31/01/2023";"11"
"UNIDADE GESTÃO DE PLANEJ. URBANO E MEIO AMBIENTE";"18";"GESTÃO AMBIENTAL";"122";"ADMINISTRAÇÃO GERAL";"2023";"3021";"";"0";"0";"4016168";"I.N.S.S -INST.NACIONAL DE SEGURO SOCIAL";"29979036000140";"";"0";"PROPRIA";"31901302";"CONTRIBUICOES PREVIDENCIARIAS - INSS";"FOLHA DE PAGAMENTO";"4258.3";"2023";"L";"27/01/2023";"0";"01/01/2023";"31/01/2023";"11"
"UNIDADE GESTÃO DE PLANEJ. URBANO E MEIO AMBIENTE";"18";"GESTÃO AMBIENTAL";"122";"ADMINISTRAÇÃO GERAL";"2023";"3022";"";"0";"0";"4016168";"I.N.S.S -INST.NACIONAL DE SEGURO SOCIAL";"29979036000140";"";"0";"PROPRIA";"31901302";"CONTRIBUICOES PREVIDENCIARIAS - INSS";"FOLHA DE PAGAMENTO";"23501.21";"2023";"L";"27/01/2023";"0";"01/01/2023";"31/01/2023";"11"
"UNIDADE GESTÃO DE PLANEJ. URBANO E MEIO AMBIENTE";"18";"GESTÃO AMBIENTAL";"122";"ADMINISTRAÇÃO GERAL";"2023";"3023";"";"0";"0";"4016168";"I.N.S.S -INST.NACIONAL DE SEGURO SOCIAL";"29979036000140";"";"0";"PROPRIA";"31901302";"CONTRIBUICOES PREVIDENCIARIAS - INSS";"FOLHA DE PAGAMENTO";"18208.08";"2023";"L";"27/01/2023";"0";"01/01/2023";"31/01/2023";"11"
"UNIDADE GESTÃO DE PLANEJ. URBANO E MEIO AMBIENTE";"18";"GESTÃO AMBIENTAL";"122";"ADMINISTRAÇÃO GERAL";"2023";"3024";"";"0";"0";"100012604";"FOLHA DE PAGAMENTO";"45780103000150";"";"0";"PROPRIA";"31901632";"SUBSTITUIÇÕES  RPPS";"FOLHA DE PAGAMENTO";"6745.3";"2023";"L";"27/01/2023";"0";"01/01/2023";"31/01/2023";"11"
"UNIDADE GESTÃO DE PLANEJ. URBANO E MEIO AMBIENTE";"18";"GESTÃO AMBIENTAL";"122";"ADMINISTRAÇÃO GERAL";"2023";"3025";"";"0";"0";"100012604";"FOLHA DE PAGAMENTO";"45780103000150";"";"0";"PROPRIA";"31901644";"SERVIÇOS EXTRAORDINÁRIOS";"FOLHA DE PAGAMENTO";"2672.22";"2023";"L";"27/01/2023";"0";"01/01/2023";"31/01/2023";"11"
"UNIDADE GESTÃO DE PLANEJ. URBANO E MEIO AMBIENTE";"18";"GESTÃO AMBIENTAL";"122";"ADMINISTRAÇÃO GERAL";"2023";"3026";"";"0";"0";"100004453";"IPREJUN-INST.PREVIDENCIA DO MUN.JUNDIAI";"05507216000161";"";"0";"PROPRIA";"31911308";"CONTRIBUIÇÕES PREVIDENCIÁRIAS - RPPS - PESSOAL ATI";"FOLHA DE PAGAMENTO";"137288.34";"2023";"L";"27/01/2023";"0";"01/01/2023";"31/01/2023";"11"
"UNIDADE GESTÃO DE PLANEJ. URBANO E MEIO AMBIENTE";"18";"GESTÃO AMBIENTAL";"122";"ADMINISTRAÇÃO GERAL";"2023";"3027";"";"0";"0";"100004453";"IPREJUN-INST.PREVIDENCIA DO MUN.JUNDIAI";"05507216000161";"";"0";"PROPRIA";"31911320";"ALÍQUOTA SUPLEMENTAR DE CONTRIBUIÇÃO PREVIDENCIÁRI";"FOLHA DE PAGAMENTO";"182220.72";"2023";"L";"27/01/2023";"0";"01/01/2023";"31/01/2023";"11"
"UNIDADE GESTÃO DE PLANEJ. URBANO E MEIO AMBIENTE";"18";"GESTÃO AMBIENTAL";"122";"ADMINISTRAÇÃO GERAL";"2023";"3028";"";"0";"0";"100012604";"FOLHA DE PAGAMENTO";"45780103000150";"";"0";"PROPRIA";"33904901";"INDENIZACAO AUXILIO TRANSPORTE";"FOLHA DE PAGAMENTO";"30316";"2023";"L";"27/01/2023";"0";"01/01/2023";"31/01/2023";"11"
"UNIDADE GESTÃO DE PLANEJ. URBANO E MEIO AMBIENTE";"18";"GESTÃO AMBIENTAL";"122";"ADMINISTRAÇÃO GERAL";"2023";"3029";"";"0";"0";"100012604";"FOLHA DE PAGAMENTO";"45780103000150";"";"0";"PROPRIA";"33904901";"INDENIZACAO AUXILIO TRANSPORTE";"FOLHA DE PAGAMENTO";"2046";"2023";"L";"27/01/2023";"0";"01/01/2023";"31/01/2023";"11"
"UNIDADE GESTÃO DE PLANEJ. URBANO E MEIO AMBIENTE";"18";"GESTÃO AMBIENTAL";"122";"ADMINISTRAÇÃO GERAL";"2023";"3030";"";"0";"0";"100012604";"FOLHA DE PAGAMENTO";"45780103000150";"";"0";"PROPRIA";"33904901";"INDENIZACAO AUXILIO TRANSPORTE";"FOLHA DE PAGAMENTO";"4686";"2023";"L";"27/01/2023";"0";"01/01/2023";"31/01/2023";"11"
"UNIDADE DE GESTÃO DE MOBILIDADE E TRANSPORTE";"15";"URBANISMO";"122";"ADMINISTRAÇÃO GERAL";"2023";"3031";"";"0";"0";"100012604";"FOLHA DE PAGAMENTO";"45780103000150";"";"0";"PROPRIA";"31901101";"VENCIMENTO E SALARIOS";"FOLHA DE PAGAMENTO";"25002.92";"2023";"L";"27/01/2023";"0";"01/01/2023";"31/01/2023";"12"
"UNIDADE DE GESTÃO DE MOBILIDADE E TRANSPORTE";"15";"URBANISMO";"122";"ADMINISTRAÇÃO GERAL";"2023";"3032";"";"0";"0";"100012604";"FOLHA DE PAGAMENTO";"45780103000150";"";"0";"PROPRIA";"31901101";"VENCIMENTO E SALARIOS";"FOLHA DE PAGAMENTO";"41163.15";"2023";"L";"27/01/2023";"0";"01/01/2023";"31/01/2023";"12"
"UNIDADE DE GESTÃO DE MOBILIDADE E TRANSPORTE";"15";"URBANISMO";"122";"ADMINISTRAÇÃO GERAL";"2023";"3033";"";"0";"0";"100012604";"FOLHA DE PAGAMENTO";"45780103000150";"";"0";"PROPRIA";"31901101";"VENCIMENTO E SALARIOS";"FOLHA DE PAGAMENTO";"845138.38";"2023";"L";"27/01/2023";"0";"01/01/2023";"31/01/2023";"12"
"UNIDADE DE GESTÃO DE MOBILIDADE E TRANSPORTE";"15";"URBANISMO";"122";"ADMINISTRAÇÃO GERAL";"2023";"3034";"";"0";"0";"100012604";"FOLHA DE PAGAMENTO";"45780103000150";"";"0";"PROPRIA";"31901104";"ADICIONAL NOTURNO";"FOLHA DE PAGAMENTO";"13609.31";"2023";"L";"27/01/2023";"0";"01/01/2023";"31/01/2023";"12"
"UNIDADE DE GESTÃO DE MOBILIDADE E TRANSPORTE";"15";"URBANISMO";"122";"ADMINISTRAÇÃO GERAL";"2023";"3035";"";"0";"0";"100012604";"FOLHA DE PAGAMENTO";"45780103000150";"";"0";"PROPRIA";"31901107";"ABONO DE PERMANENCIA";"FOLHA DE PAGAMENTO";"15836.26";"2023";"L";"27/01/2023";"0";"01/01/2023";"31/01/2023";"12"
"UNIDADE DE GESTÃO DE MOBILIDADE E TRANSPORTE";"15";"URBANISMO";"122";"ADMINISTRAÇÃO GERAL";"2023";"3036";"";"0";"0";"100012604";"FOLHA DE PAGAMENTO";"45780103000150";"";"0";"PROPRIA";"31901109";"ADICIONAL DE PERICULOSIDADE";"FOLHA DE PAGAMENTO";"3431.62";"2023";"L";"27/01/2023";"0";"01/01/2023";"31/01/2023";"12"
"UNIDADE DE GESTÃO DE MOBILIDADE E TRANSPORTE";"15";"URBANISMO";"122";"ADMINISTRAÇÃO GERAL";"2023";"3037";"";"0";"0";"100012604";"FOLHA DE PAGAMENTO";"45780103000150";"";"0";"PROPRIA";"31901109";"ADICIONAL DE PERICULOSIDADE";"FOLHA DE PAGAMENTO";"48113.67";"2023";"L";"27/01/2023";"0";"01/01/2023";"31/01/2023";"12"
"UNIDADE DE GESTÃO DE MOBILIDADE E TRANSPORTE";"15";"URBANISMO";"122";"ADMINISTRAÇÃO GERAL";"2023";"3038";"";"0";"0";"100012604";"FOLHA DE PAGAMENTO";"45780103000150";"";"0";"PROPRIA";"31901110";"ADICIONAL DE INSALUBRIDADE";"FOLHA DE PAGAMENTO";"8141.84";"2023";"L";"27/01/2023";"0";"01/01/2023";"31/01/2023";"12"
"UNIDADE DE GESTÃO DE MOBILIDADE E TRANSPORTE";"15";"URBANISMO";"122";"ADMINISTRAÇÃO GERAL";"2023";"3039";"";"0";"0";"100012604";"FOLHA DE PAGAMENTO";"45780103000150";"";"0";"PROPRIA";"31901131";"GRATIFICACOES POR EXERCICIO DE  CARGO";"FOLHA DE PAGAMENTO";"8000.22";"2023";"L";"27/01/2023";"0";"01/01/2023";"31/01/2023";"12"
"UNIDADE DE GESTÃO DE MOBILIDADE E TRANSPORTE";"15";"URBANISMO";"122";"ADMINISTRAÇÃO GERAL";"2023";"3040";"";"0";"0";"100012604";"FOLHA DE PAGAMENTO";"45780103000150";"";"0";"PROPRIA";"31901133";"GRATIFICACOES POR EXERCICIO DE  FUNCOES";"FOLHA DE PAGAMENTO";"64934.26";"2023";"L";"27/01/2023";"0";"01/01/2023";"31/01/2023";"12"
"UNIDADE DE GESTÃO DE MOBILIDADE E TRANSPORTE";"15";"URBANISMO";"122";"ADMINISTRAÇÃO GERAL";"2023";"3041";"";"0";"0";"100012604";"FOLHA DE PAGAMENTO";"45780103000150";"";"0";"PROPRIA";"31901137";"GRATIFICACOES POR TEMPO DE SERVICO";"FOLHA DE PAGAMENTO";"18471.65";"2023";"L";"27/01/2023";"0";"01/01/2023";"31/01/2023";"12"
"UNIDADE DE GESTÃO DE MOBILIDADE E TRANSPORTE";"15";"URBANISMO";"122";"ADMINISTRAÇÃO GERAL";"2023";"3042";"";"0";"0";"100012604";"FOLHA DE PAGAMENTO";"45780103000150";"";"0";"PROPRIA";"31901137";"GRATIFICACOES POR TEMPO DE SERVICO";"FOLHA DE PAGAMENTO";"168246.86";"2023";"L";"27/01/2023";"0";"01/01/2023";"31/01/2023";"12"
"UNIDADE DE GESTÃO DE MOBILIDADE E TRANSPORTE";"15";"URBANISMO";"122";"ADMINISTRAÇÃO GERAL";"2023";"3043";"";"0";"0";"100012604";"FOLHA DE PAGAMENTO";"45780103000150";"";"0";"PROPRIA";"31901145";"FÉRIAS - ABONO CONSTITUICOES";"FOLHA DE PAGAMENTO";"43.66";"2023";"L";"27/01/2023";"0";"01/01/2023";"31/01/2023";"12"
"UNIDADE DE GESTÃO DE MOBILIDADE E TRANSPORTE";"15";"URBANISMO";"122";"ADMINISTRAÇÃO GERAL";"2023";"3044";"";"0";"0";"100012604";"FOLHA DE PAGAMENTO";"45780103000150";"";"0";"PROPRIA";"31901147";"LICENÇA PRÊMIO";"FOLHA DE PAGAMENTO";"27263.55";"2023";"L";"27/01/2023";"0";"01/01/2023";"31/01/2023";"12"
"UNIDADE DE GESTÃO DE MOBILIDADE E TRANSPORTE";"15";"URBANISMO";"122";"ADMINISTRAÇÃO GERAL";"2023";"3045";"";"0";"0";"100012604";"FOLHA DE PAGAMENTO";"45780103000150";"";"0";"PROPRIA";"31901175";"SUBSÍDIOS - AGENTES POLÍTICOS";"FOLHA DE PAGAMENTO";"9256.39";"2023";"L";"27/01/2023";"0";"01/01/2023";"31/01/2023";"12"
"UNIDADE DE GESTÃO DE MOBILIDADE E TRANSPORTE";"15";"URBANISMO";"122";"ADMINISTRAÇÃO GERAL";"2023";"3046";"";"0";"0";"4000055";"FUNDO DE GARANTIA POR TEMPO DE SERVICO";"00360305000104";"";"0";"PROPRIA";"31901301";"FGTS";"FOLHA DE PAGAMENTO";"8492.4";"2023";"L";"27/01/2023";"0";"01/01/2023";"31/01/2023";"12"
"UNIDADE DE GESTÃO DE MOBILIDADE E TRANSPORTE";"15";"URBANISMO";"122";"ADMINISTRAÇÃO GERAL";"2023";"3047";"";"0";"0";"4016168";"I.N.S.S -INST.NACIONAL DE SEGURO SOCIAL";"29979036000140";"";"0";"PROPRIA";"31901302";"CONTRIBUICOES PREVIDENCIARIAS - INSS";"FOLHA DE PAGAMENTO";"9668.02";"2023";"L";"27/01/2023";"0";"01/01/2023";"31/01/2023";"12"
"UNIDADE DE GESTÃO DE MOBILIDADE E TRANSPORTE";"15";"URBANISMO";"122";"ADMINISTRAÇÃO GERAL";"2023";"3048";"";"0";"0";"4016168";"I.N.S.S -INST.NACIONAL DE SEGURO SOCIAL";"29979036000140";"";"0";"PROPRIA";"31901302";"CONTRIBUICOES PREVIDENCIARIAS - INSS";"FOLHA DE PAGAMENTO";"22292.63";"2023";"L";"27/01/2023";"0";"01/01/2023";"31/01/2023";"12"
"UNIDADE DE GESTÃO DE MOBILIDADE E TRANSPORTE";"15";"URBANISMO";"122";"ADMINISTRAÇÃO GERAL";"2023";"3049";"";"0";"0";"4016168";"I.N.S.S -INST.NACIONAL DE SEGURO SOCIAL";"29979036000140";"";"0";"PROPRIA";"31901302";"CONTRIBUICOES PREVIDENCIARIAS - INSS";"FOLHA DE PAGAMENTO";"5062.65";"2023";"L";"27/01/2023";"0";"01/01/2023";"31/01/2023";"12"
"UNIDADE DE GESTÃO DE MOBILIDADE E TRANSPORTE";"15";"URBANISMO";"122";"ADMINISTRAÇÃO GERAL";"2023";"3050";"";"0";"0";"100012604";"FOLHA DE PAGAMENTO";"45780103000150";"";"0";"PROPRIA";"31901632";"SUBSTITUIÇÕES  RPPS";"FOLHA DE PAGAMENTO";"15078.69";"2023";"L";"27/01/2023";"0";"01/01/2023";"31/01/2023";"12"
"UNIDADE DE GESTÃO DE MOBILIDADE E TRANSPORTE";"15";"URBANISMO";"122";"ADMINISTRAÇÃO GERAL";"2023";"3051";"";"0";"0";"100012604";"FOLHA DE PAGAMENTO";"45780103000150";"";"0";"PROPRIA";"31901644";"SERVIÇOS EXTRAORDINÁRIOS";"FOLHA DE PAGAMENTO";"307104.83";"2023";"L";"27/01/2023";"0";"01/01/2023";"31/01/2023";"12"
"UNIDADE DE GESTÃO DE MOBILIDADE E TRANSPORTE";"15";"URBANISMO";"122";"ADMINISTRAÇÃO GERAL";"2023";"3052";"";"0";"0";"100012604";"FOLHA DE PAGAMENTO";"45780103000150";"";"0";"PROPRIA";"31901644";"SERVIÇOS EXTRAORDINÁRIOS";"FOLHA DE PAGAMENTO";"7240.4";"2023";"L";"27/01/2023";"0";"01/01/2023";"31/01/2023";"12"
"UNIDADE DE GESTÃO DE MOBILIDADE E TRANSPORTE";"15";"URBANISMO";"122";"ADMINISTRAÇÃO GERAL";"2023";"3053";"";"0";"0";"100004453";"IPREJUN-INST.PREVIDENCIA DO MUN.JUNDIAI";"05507216000161";"";"0";"PROPRIA";"31911308";"CONTRIBUIÇÕES PREVIDENCIÁRIAS - RPPS - PESSOAL ATI";"FOLHA DE PAGAMENTO";"253865.97";"2023";"L";"27/01/2023";"0";"01/01/2023";"31/01/2023";"12"
"UNIDADE DE GESTÃO DE MOBILIDADE E TRANSPORTE";"15";"URBANISMO";"122";"ADMINISTRAÇÃO GERAL";"2023";"3054";"";"0";"0";"100004453";"IPREJUN-INST.PREVIDENCIA DO MUN.JUNDIAI";"05507216000161";"";"0";"PROPRIA";"31911320";"ALÍQUOTA SUPLEMENTAR DE CONTRIBUIÇÃO PREVIDENCIÁRI";"FOLHA DE PAGAMENTO";"336952.89";"2023";"L";"27/01/2023";"0";"01/01/2023";"31/01/2023";"12"
"UNIDADE DE GESTÃO DE MOBILIDADE E TRANSPORTE";"15";"URBANISMO";"122";"ADMINISTRAÇÃO GERAL";"2023";"3055";"";"0";"0";"100012604";"FOLHA DE PAGAMENTO";"45780103000150";"";"0";"PROPRIA";"33903645";"JETONS A CONSELHEIROS";"FOLHA DE PAGAMENTO";"3698.31";"2023";"L";"27/01/2023";"0";"01/01/2023";"31/01/2023";"12"
"UNIDADE DE GESTÃO DE MOBILIDADE E TRANSPORTE";"15";"URBANISMO";"122";"ADMINISTRAÇÃO GERAL";"2023";"3056";"";"0";"0";"100012604";"FOLHA DE PAGAMENTO";"45780103000150";"";"0";"PROPRIA";"33904901";"INDENIZACAO AUXILIO TRANSPORTE";"FOLHA DE PAGAMENTO";"2310";"2023";"L";"27/01/2023";"0";"01/01/2023";"31/01/2023";"12"
"UNIDADE DE GESTÃO DE MOBILIDADE E TRANSPORTE";"15";"URBANISMO";"122";"ADMINISTRAÇÃO GERAL";"2023";"3057";"";"0";"0";"100012604";"FOLHA DE PAGAMENTO";"45780103000150";"";"0";"PROPRIA";"33904901";"INDENIZACAO AUXILIO TRANSPORTE";"FOLHA DE PAGAMENTO";"3256";"2023";"L";"27/01/2023";"0";"01/01/2023";"31/01/2023";"12"
"UNIDADE DE GESTÃO DE MOBILIDADE E TRANSPORTE";"15";"URBANISMO";"122";"ADMINISTRAÇÃO GERAL";"2023";"3058";"";"0";"0";"100012604";"FOLHA DE PAGAMENTO";"45780103000150";"";"0";"PROPRIA";"33904901";"INDENIZACAO AUXILIO TRANSPORTE";"FOLHA DE PAGAMENTO";"81334";"2023";"L";"27/01/2023";"0";"01/01/2023";"31/01/2023";"12"
"UNIDADE DE GESTÃO DE EDUCAÇÃO";"12";"EDUCAÇÃO";"365";"EDUCAÇÃO INFANTIL";"2023";"3059";"";"0";"0";"100012604";"FOLHA DE PAGAMENTO";"45780103000150";"";"0";"PROPRIA";"31901101";"VENCIMENTO E SALARIOS";"FOLHA DE PAGAMENTO";"182799.46";"2023";"L";"27/01/2023";"0";"01/01/2023";"31/01/2023";"13"
"UNIDADE DE GESTÃO DE EDUCAÇÃO";"12";"EDUCAÇÃO";"365";"EDUCAÇÃO INFANTIL";"2023";"3060";"";"0";"0";"100012604";"FOLHA DE PAGAMENTO";"45780103000150";"";"0";"PROPRIA";"31901104";"ADICIONAL NOTURNO";"FOLHA DE PAGAMENTO";"181.9";"2023";"L";"27/01/2023";"0";"01/01/2023";"31/01/2023";"13"
"UNIDADE DE GESTÃO DE EDUCAÇÃO";"12";"EDUCAÇÃO";"365";"EDUCAÇÃO INFANTIL";"2023";"3061";"";"0";"0";"100012604";"FOLHA DE PAGAMENTO";"45780103000150";"";"0";"PROPRIA";"31901107";"ABONO DE PERMANENCIA";"FOLHA DE PAGAMENTO";"187.13";"2023";"L";"27/01/2023";"0";"01/01/2023";"31/01/2023";"13"
"UNIDADE DE GESTÃO DE EDUCAÇÃO";"12";"EDUCAÇÃO";"365";"EDUCAÇÃO INFANTIL";"2023";"3062";"";"0";"0";"100012604";"FOLHA DE PAGAMENTO";"45780103000150";"";"0";"PROPRIA";"31901137";"GRATIFICACOES POR TEMPO DE SERVICO";"FOLHA DE PAGAMENTO";"7948.48";"2023";"L";"27/01/2023";"0";"01/01/2023";"31/01/2023";"13"
"UNIDADE DE GESTÃO DE EDUCAÇÃO";"12";"EDUCAÇÃO";"365";"EDUCAÇÃO INFANTIL";"2023";"3063";"";"0";"0";"100012604";"FOLHA DE PAGAMENTO";"45780103000150";"";"0";"PROPRIA";"31901147";"LICENÇA PRÊMIO";"FOLHA DE PAGAMENTO";"9964";"2023";"L";"27/01/2023";"0";"01/01/2023";"31/01/2023";"13"
"UNIDADE DE GESTÃO DE EDUCAÇÃO";"12";"EDUCAÇÃO";"365";"EDUCAÇÃO INFANTIL";"2023";"3064";"";"0";"0";"100004453";"IPREJUN-INST.PREVIDENCIA DO MUN.JUNDIAI";"05507216000161";"";"0";"PROPRIA";"31911308";"CONTRIBUIÇÕES PREVIDENCIÁRIAS - RPPS - PESSOAL ATI";"FOLHA DE PAGAMENTO";"52000.42";"2023";"L";"27/01/2023";"0";"01/01/2023";"31/01/2023";"13"
"UNIDADE DE GESTÃO DE EDUCAÇÃO";"12";"EDUCAÇÃO";"365";"EDUCAÇÃO INFANTIL";"2023";"3065";"";"0";"0";"100004453";"IPREJUN-INST.PREVIDENCIA DO MUN.JUNDIAI";"05507216000161";"";"0";"PROPRIA";"31911320";"ALÍQUOTA SUPLEMENTAR DE CONTRIBUIÇÃO PREVIDENCIÁRI";"FOLHA DE PAGAMENTO";"69019.67";"2023";"L";"27/01/2023";"0";"01/01/2023";"31/01/2023";"13"
"UNIDADE DE GESTÃO DE EDUCAÇÃO";"12";"EDUCAÇÃO";"365";"EDUCAÇÃO INFANTIL";"2023";"3066";"";"0";"0";"100012604";"FOLHA DE PAGAMENTO";"45780103000150";"";"0";"PROPRIA";"33904901";"INDENIZACAO AUXILIO TRANSPORTE";"FOLHA DE PAGAMENTO";"14432";"2023";"L";"27/01/2023";"0";"01/01/2023";"31/01/2023";"13"
"UNIDADE DE GESTÃO DE EDUCAÇÃO";"12";"EDUCAÇÃO";"365";"EDUCAÇÃO INFANTIL";"2023";"3067";"";"0";"0";"100012604";"FOLHA DE PAGAMENTO";"45780103000150";"";"0";"PROPRIA";"31901101";"VENCIMENTO E SALARIOS";"FOLHA DE PAGAMENTO";"116390.71";"2023";"L";"27/01/2023";"0";"01/01/2023";"31/01/2023";"13"
"UNIDADE DE GESTÃO DE EDUCAÇÃO";"12";"EDUCAÇÃO";"365";"EDUCAÇÃO INFANTIL";"2023";"3068";"";"0";"0";"100012604";"FOLHA DE PAGAMENTO";"45780103000150";"";"0";"PROPRIA";"31901104";"ADICIONAL NOTURNO";"FOLHA DE PAGAMENTO";"116.32";"2023";"L";"27/01/2023";"0";"01/01/2023";"31/01/2023";"13"
"UNIDADE DE GESTÃO DE EDUCAÇÃO";"12";"EDUCAÇÃO";"365";"EDUCAÇÃO INFANTIL";"2023";"3069";"";"0";"0";"100012604";"FOLHA DE PAGAMENTO";"45780103000150";"";"0";"PROPRIA";"31901107";"ABONO DE PERMANENCIA";"FOLHA DE PAGAMENTO";"995.86";"2023";"L";"27/01/2023";"0";"01/01/2023";"31/01/2023";"13"
"UNIDADE DE GESTÃO DE EDUCAÇÃO";"12";"EDUCAÇÃO";"365";"EDUCAÇÃO INFANTIL";"2023";"3070";"";"0";"0";"100012604";"FOLHA DE PAGAMENTO";"45780103000150";"";"0";"PROPRIA";"31901137";"GRATIFICACOES POR TEMPO DE SERVICO";"FOLHA DE PAGAMENTO";"8349.03";"2023";"L";"27/01/2023";"0";"01/01/2023";"31/01/2023";"13"
"UNIDADE DE GESTÃO DE EDUCAÇÃO";"12";"EDUCAÇÃO";"365";"EDUCAÇÃO INFANTIL";"2023";"3071";"";"0";"0";"100012604";"FOLHA DE PAGAMENTO";"45780103000150";"";"0";"PROPRIA";"31901147";"LICENÇA PRÊMIO";"FOLHA DE PAGAMENTO";"3313.29";"2023";"L";"27/01/2023";"0";"01/01/2023";"31/01/2023";"13"
"UNIDADE DE GESTÃO DE EDUCAÇÃO";"12";"EDUCAÇÃO";"365";"EDUCAÇÃO INFANTIL";"2023";"3072";"";"0";"0";"100004453";"IPREJUN-INST.PREVIDENCIA DO MUN.JUNDIAI";"05507216000161";"";"0";"PROPRIA";"31911308";"CONTRIBUIÇÕES PREVIDENCIÁRIAS - RPPS - PESSOAL ATI";"FOLHA DE PAGAMENTO";"34354.51";"2023";"L";"27/01/2023";"0";"01/01/2023";"31/01/2023";"13"
"UNIDADE DE GESTÃO DE EDUCAÇÃO";"12";"EDUCAÇÃO";"365";"EDUCAÇÃO INFANTIL";"2023";"3073";"";"0";"0";"100004453";"IPREJUN-INST.PREVIDENCIA DO MUN.JUNDIAI";"05507216000161";"";"0";"PROPRIA";"31911320";"ALÍQUOTA SUPLEMENTAR DE CONTRIBUIÇÃO PREVIDENCIÁRI";"FOLHA DE PAGAMENTO";"45598.35";"2023";"L";"27/01/2023";"0";"01/01/2023";"31/01/2023";"13"
"UNIDADE DE GESTÃO DE EDUCAÇÃO";"12";"EDUCAÇÃO";"365";"EDUCAÇÃO INFANTIL";"2023";"3074";"";"0";"0";"100012604";"FOLHA DE PAGAMENTO";"45780103000150";"";"0";"PROPRIA";"33904901";"INDENIZACAO AUXILIO TRANSPORTE";"FOLHA DE PAGAMENTO";"8448";"2023";"L";"27/01/2023";"0";"01/01/2023";"31/01/2023";"13"
"UNIDADE DE GESTÃO DE EDUCAÇÃO";"12";"EDUCAÇÃO";"361";"ENSINO FUNDAMENTAL";"2023";"3075";"";"0";"0";"100012604";"FOLHA DE PAGAMENTO";"45780103000150";"";"0";"PROPRIA";"31901101";"VENCIMENTO E SALARIOS";"FOLHA DE PAGAMENTO";"409363.43";"2023";"L";"27/01/2023";"0";"01/01/2023";"31/01/2023";"13"
"UNIDADE DE GESTÃO DE EDUCAÇÃO";"12";"EDUCAÇÃO";"361";"ENSINO FUNDAMENTAL";"2023";"3076";"";"0";"0";"100012604";"FOLHA DE PAGAMENTO";"45780103000150";"";"0";"PROPRIA";"31901101";"VENCIMENTO E SALARIOS";"FOLHA DE PAGAMENTO";"4983.93";"2023";"L";"27/01/2023";"0";"01/01/2023";"31/01/2023";"13"
"UNIDADE DE GESTÃO DE EDUCAÇÃO";"12";"EDUCAÇÃO";"361";"ENSINO FUNDAMENTAL";"2023";"3077";"";"0";"0";"100012604";"FOLHA DE PAGAMENTO";"45780103000150";"";"0";"PROPRIA";"31901104";"ADICIONAL NOTURNO";"FOLHA DE PAGAMENTO";"305.95";"2023";"L";"27/01/2023";"0";"01/01/2023";"31/01/2023";"13"
"UNIDADE DE GESTÃO DE EDUCAÇÃO";"12";"EDUCAÇÃO";"361";"ENSINO FUNDAMENTAL";"2023";"3078";"";"0";"0";"100012604";"FOLHA DE PAGAMENTO";"45780103000150";"";"0";"PROPRIA";"31901107";"ABONO DE PERMANENCIA";"FOLHA DE PAGAMENTO";"2012.19";"2023";"L";"27/01/2023";"0";"01/01/2023";"31/01/2023";"13"
"UNIDADE DE GESTÃO DE EDUCAÇÃO";"12";"EDUCAÇÃO";"361";"ENSINO FUNDAMENTAL";"2023";"3079";"";"0";"0";"100012604";"FOLHA DE PAGAMENTO";"45780103000150";"";"0";"PROPRIA";"31901131";"GRATIFICACOES POR EXERCICIO DE  CARGO";"FOLHA DE PAGAMENTO";"3324.36";"2023";"L";"27/01/2023";"0";"01/01/2023";"31/01/2023";"13"
"UNIDADE DE GESTÃO DE EDUCAÇÃO";"12";"EDUCAÇÃO";"361";"ENSINO FUNDAMENTAL";"2023";"3080";"";"0";"0";"100012604";"FOLHA DE PAGAMENTO";"45780103000150";"";"0";"PROPRIA";"31901137";"GRATIFICACOES POR TEMPO DE SERVICO";"FOLHA DE PAGAMENTO";"26697.11";"2023";"L";"27/01/2023";"0";"01/01/2023";"31/01/2023";"13"
"UNIDADE DE GESTÃO DE EDUCAÇÃO";"12";"EDUCAÇÃO";"361";"ENSINO FUNDAMENTAL";"2023";"3081";"";"0";"0";"100012604";"FOLHA DE PAGAMENTO";"45780103000150";"";"0";"PROPRIA";"31901147";"LICENÇA PRÊMIO";"FOLHA DE PAGAMENTO";"33660.78";"2023";"L";"27/01/2023";"0";"01/01/2023";"31/01/2023";"13"
"UNIDADE DE GESTÃO DE EDUCAÇÃO";"12";"EDUCAÇÃO";"361";"ENSINO FUNDAMENTAL";"2023";"3082";"";"0";"0";"4016168";"I.N.S.S -INST.NACIONAL DE SEGURO SOCIAL";"29979036000140";"";"0";"PROPRIA";"31901302";"CONTRIBUICOES PREVIDENCIARIAS - INSS";"FOLHA DE PAGAMENTO";"3199.78";"2023";"L";"27/01/2023";"0";"01/01/2023";"31/01/2023";"13"
"UNIDADE DE GESTÃO DE EDUCAÇÃO";"12";"EDUCAÇÃO";"361";"ENSINO FUNDAMENTAL";"2023";"3083";"";"0";"0";"100004453";"IPREJUN-INST.PREVIDENCIA DO MUN.JUNDIAI";"05507216000161";"";"0";"PROPRIA";"31911308";"CONTRIBUIÇÕES PREVIDENCIÁRIAS - RPPS - PESSOAL ATI";"FOLHA DE PAGAMENTO";"115136.59";"2023";"L";"27/01/2023";"0";"01/01/2023";"31/01/2023";"13"
"UNIDADE DE GESTÃO DE EDUCAÇÃO";"12";"EDUCAÇÃO";"361";"ENSINO FUNDAMENTAL";"2023";"3084";"";"0";"0";"100004453";"IPREJUN-INST.PREVIDENCIA DO MUN.JUNDIAI";"05507216000161";"";"0";"PROPRIA";"31911320";"ALÍQUOTA SUPLEMENTAR DE CONTRIBUIÇÃO PREVIDENCIÁRI";"FOLHA DE PAGAMENTO";"152819.45";"2023";"L";"27/01/2023";"0";"01/01/2023";"31/01/2023";"13"
"UNIDADE DE GESTÃO DE EDUCAÇÃO";"12";"EDUCAÇÃO";"361";"ENSINO FUNDAMENTAL";"2023";"3085";"";"0";"0";"100012604";"FOLHA DE PAGAMENTO";"45780103000150";"";"0";"PROPRIA";"33904901";"INDENIZACAO AUXILIO TRANSPORTE";"FOLHA DE PAGAMENTO";"110";"2023";"L";"27/01/2023";"0";"01/01/2023";"31/01/2023";"13"
"UNIDADE DE GESTÃO DE EDUCAÇÃO";"12";"EDUCAÇÃO";"361";"ENSINO FUNDAMENTAL";"2023";"3086";"";"0";"0";"100012604";"FOLHA DE PAGAMENTO";"45780103000150";"";"0";"PROPRIA";"33904901";"INDENIZACAO AUXILIO TRANSPORTE";"FOLHA DE PAGAMENTO";"30844";"2023";"L";"27/01/2023";"0";"01/01/2023";"31/01/2023";"13"
"UNIDADE DE GESTÃO DE EDUCAÇÃO";"12";"EDUCAÇÃO";"361";"ENSINO FUNDAMENTAL";"2023";"3087";"";"0";"0";"100012604";"FOLHA DE PAGAMENTO";"45780103000150";"";"0";"PROPRIA";"31901101";"VENCIMENTO E SALARIOS";"FOLHA DE PAGAMENTO";"47096.08";"2023";"L";"27/01/2023";"0";"01/01/2023";"31/01/2023";"13"
"UNIDADE DE GESTÃO DE EDUCAÇÃO";"12";"EDUCAÇÃO";"361";"ENSINO FUNDAMENTAL";"2023";"3088";"";"0";"0";"100012604";"FOLHA DE PAGAMENTO";"45780103000150";"";"0";"PROPRIA";"31901104";"ADICIONAL NOTURNO";"FOLHA DE PAGAMENTO";"1387.99";"2023";"L";"27/01/2023";"0";"01/01/2023";"31/01/2023";"13"
"UNIDADE DE GESTÃO DE EDUCAÇÃO";"12";"EDUCAÇÃO";"361";"ENSINO FUNDAMENTAL";"2023";"3089";"";"0";"0";"100012604";"FOLHA DE PAGAMENTO";"45780103000150";"";"0";"PROPRIA";"31901133";"GRATIFICACOES POR EXERCICIO DE  FUNCOES";"FOLHA DE PAGAMENTO";"255.82";"2023";"L";"27/01/2023";"0";"01/01/2023";"31/01/2023";"13"
"UNIDADE DE GESTÃO DE EDUCAÇÃO";"12";"EDUCAÇÃO";"361";"ENSINO FUNDAMENTAL";"2023";"3090";"";"0";"0";"100012604";"FOLHA DE PAGAMENTO";"45780103000150";"";"0";"PROPRIA";"31901137";"GRATIFICACOES POR TEMPO DE SERVICO";"FOLHA DE PAGAMENTO";"568.39";"2023";"L";"27/01/2023";"0";"01/01/2023";"31/01/2023";"13"
"UNIDADE DE GESTÃO DE EDUCAÇÃO";"12";"EDUCAÇÃO";"361";"ENSINO FUNDAMENTAL";"2023";"3091";"";"0";"0";"100004453";"IPREJUN-INST.PREVIDENCIA DO MUN.JUNDIAI";"05507216000161";"";"0";"PROPRIA";"31911308";"CONTRIBUIÇÕES PREVIDENCIÁRIAS - RPPS - PESSOAL ATI";"FOLHA DE PAGAMENTO";"25154.54";"2023";"L";"27/01/2023";"0";"01/01/2023";"31/01/2023";"13"
"UNIDADE DE GESTÃO DE EDUCAÇÃO";"12";"EDUCAÇÃO";"361";"ENSINO FUNDAMENTAL";"2023";"3092";"";"0";"0";"100004453";"IPREJUN-INST.PREVIDENCIA DO MUN.JUNDIAI";"05507216000161";"";"0";"PROPRIA";"31911320";"ALÍQUOTA SUPLEMENTAR DE CONTRIBUIÇÃO PREVIDENCIÁRI";"FOLHA DE PAGAMENTO";"33387.27";"2023";"L";"27/01/2023";"0";"01/01/2023";"31/01/2023";"13"
"UNIDADE DE GESTÃO DE EDUCAÇÃO";"12";"EDUCAÇÃO";"361";"ENSINO FUNDAMENTAL";"2023";"3093";"";"0";"0";"100012604";"FOLHA DE PAGAMENTO";"45780103000150";"";"0";"PROPRIA";"33904901";"INDENIZACAO AUXILIO TRANSPORTE";"FOLHA DE PAGAMENTO";"1056";"2023";"L";"27/01/2023";"0";"01/01/2023";"31/01/2023";"13"
"UNIDADE DE GESTÃO DE EDUCAÇÃO";"12";"EDUCAÇÃO";"361";"ENSINO FUNDAMENTAL";"2023";"3094";"";"0";"0";"100012604";"FOLHA DE PAGAMENTO";"45780103000150";"";"5203";"FUNDO MANUT.DES.ED.BÁSICA E VALOR.PROF.MAG.-FUNDEB";"31900411";"SALÁRIOS - CONTRATO TEMPORÁRIO";"FOLHA DE PAGAMENTO";"4912.14";"2023";"L";"27/01/2023";"0";"01/01/2023";"31/01/2023";"13"
"UNIDADE DE GESTÃO DE EDUCAÇÃO";"12";"EDUCAÇÃO";"361";"ENSINO FUNDAMENTAL";"2023";"3095";"";"0";"0";"100012604";"FOLHA DE PAGAMENTO";"45780103000150";"";"0";"PROPRIA";"31901101";"VENCIMENTO E SALARIOS";"FOLHA DE PAGAMENTO";"230508.84";"2023";"L";"27/01/2023";"0";"01/01/2023";"31/01/2023";"13"
"UNIDADE DE GESTÃO DE EDUCAÇÃO";"12";"EDUCAÇÃO";"361";"ENSINO FUNDAMENTAL";"2023";"3096";"";"0";"0";"100012604";"FOLHA DE PAGAMENTO";"45780103000150";"";"0";"PROPRIA";"31901104";"ADICIONAL NOTURNO";"FOLHA DE PAGAMENTO";"446.46";"2023";"L";"27/01/2023";"0";"01/01/2023";"31/01/2023";"13"
"UNIDADE DE GESTÃO DE EDUCAÇÃO";"12";"EDUCAÇÃO";"361";"ENSINO FUNDAMENTAL";"2023";"3097";"";"0";"0";"100012604";"FOLHA DE PAGAMENTO";"45780103000150";"";"0";"PROPRIA";"31901107";"ABONO DE PERMANENCIA";"FOLHA DE PAGAMENTO";"4429.72";"2023";"L";"27/01/2023";"0";"01/01/2023";"31/01/2023";"13"
"UNIDADE DE GESTÃO DE EDUCAÇÃO";"12";"EDUCAÇÃO";"361";"ENSINO FUNDAMENTAL";"2023";"3098";"";"0";"0";"100012604";"FOLHA DE PAGAMENTO";"45780103000150";"";"0";"PROPRIA";"31901131";"GRATIFICACOES POR EXERCICIO DE  CARGO";"FOLHA DE PAGAMENTO";"7147.39";"2023";"L";"27/01/2023";"0";"01/01/2023";"31/01/2023";"13"
"UNIDADE DE GESTÃO DE EDUCAÇÃO";"12";"EDUCAÇÃO";"361";"ENSINO FUNDAMENTAL";"2023";"3099";"";"0";"0";"100012604";"FOLHA DE PAGAMENTO";"45780103000150";"";"0";"PROPRIA";"31901133";"GRATIFICACOES POR EXERCICIO DE  FUNCOES";"FOLHA DE PAGAMENTO";"70163.65";"2023";"L";"27/01/2023";"0";"01/01/2023";"31/01/2023";"13"
"UNIDADE DE GESTÃO DE EDUCAÇÃO";"12";"EDUCAÇÃO";"361";"ENSINO FUNDAMENTAL";"2023";"3100";"";"0";"0";"100012604";"FOLHA DE PAGAMENTO";"45780103000150";"";"0";"PROPRIA";"31901137";"GRATIFICACOES POR TEMPO DE SERVICO";"FOLHA DE PAGAMENTO";"11138.22";"2023";"L";"27/01/2023";"0";"01/01/2023";"31/01/2023";"13"
"UNIDADE DE GESTÃO DE EDUCAÇÃO";"12";"EDUCAÇÃO";"361";"ENSINO FUNDAMENTAL";"2023";"3101";"";"0";"0";"100012604";"FOLHA DE PAGAMENTO";"45780103000150";"";"0";"PROPRIA";"31901151";"OUTROS ADICIONAIS. VANTAGENS. GRATIFICAÇÕES E OUTR";"FOLHA DE PAGAMENTO";"3781.96";"2023";"L";"27/01/2023";"0";"01/01/2023";"31/01/2023";"13"
"UNIDADE DE GESTÃO DE EDUCAÇÃO";"12";"EDUCAÇÃO";"361";"ENSINO FUNDAMENTAL";"2023";"3102";"";"0";"0";"100012604";"FOLHA DE PAGAMENTO";"45780103000150";"";"0";"PROPRIA";"31901151";"OUTROS ADICIONAIS. VANTAGENS. GRATIFICAÇÕES E OUTR";"FOLHA DE PAGAMENTO";"3069.91";"2023";"L";"27/01/2023";"0";"01/01/2023";"31/01/2023";"13"
"UNIDADE DE GESTÃO DE EDUCAÇÃO";"12";"EDUCAÇÃO";"361";"ENSINO FUNDAMENTAL";"2023";"3103";"";"0";"0";"100012604";"FOLHA DE PAGAMENTO";"45780103000150";"";"5203";"FUNDO MANUT.DES.ED.BÁSICA E VALOR.PROF.MAG.-FUNDEB";"31901101";"VENCIMENTO E SALARIOS";"FOLHA DE PAGAMENTO";"2652316.01";"2023";"L";"27/01/2023";"0";"01/01/2023";"31/01/2023";"13"
"UNIDADE DE GESTÃO DE EDUCAÇÃO";"12";"EDUCAÇÃO";"361";"ENSINO FUNDAMENTAL";"2023";"3104";"";"0";"0";"100012604";"FOLHA DE PAGAMENTO";"45780103000150";"";"5203";"FUNDO MANUT.DES.ED.BÁSICA E VALOR.PROF.MAG.-FUNDEB";"31901104";"ADICIONAL NOTURNO";"FOLHA DE PAGAMENTO";"1358.31";"2023";"L";"27/01/2023";"0";"01/01/2023";"31/01/2023";"13"
"UNIDADE DE GESTÃO DE EDUCAÇÃO";"12";"EDUCAÇÃO";"361";"ENSINO FUNDAMENTAL";"2023";"3105";"";"0";"0";"100012604";"FOLHA DE PAGAMENTO";"45780103000150";"";"5203";"FUNDO MANUT.DES.ED.BÁSICA E VALOR.PROF.MAG.-FUNDEB";"31901107";"ABONO DE PERMANENCIA";"FOLHA DE PAGAMENTO";"2996.33";"2023";"L";"27/01/2023";"0";"01/01/2023";"31/01/2023";"13"
"UNIDADE DE GESTÃO DE EDUCAÇÃO";"12";"EDUCAÇÃO";"361";"ENSINO FUNDAMENTAL";"2023";"3106";"";"0";"0";"100012604";"FOLHA DE PAGAMENTO";"45780103000150";"";"5203";"FUNDO MANUT.DES.ED.BÁSICA E VALOR.PROF.MAG.-FUNDEB";"31901133";"GRATIFICACOES POR EXERCICIO DE  FUNCOES";"FOLHA DE PAGAMENTO";"230209.77";"2023";"L";"27/01/2023";"0";"01/01/2023";"31/01/2023";"13"
"UNIDADE DE GESTÃO DE EDUCAÇÃO";"12";"EDUCAÇÃO";"361";"ENSINO FUNDAMENTAL";"2023";"3107";"";"0";"0";"100012604";"FOLHA DE PAGAMENTO";"45780103000150";"";"5203";"FUNDO MANUT.DES.ED.BÁSICA E VALOR.PROF.MAG.-FUNDEB";"31901137";"GRATIFICACOES POR TEMPO DE SERVICO";"FOLHA DE PAGAMENTO";"59286.5";"2023";"L";"27/01/2023";"0";"01/01/2023";"31/01/2023";"13"
"UNIDADE DE GESTÃO DE EDUCAÇÃO";"12";"EDUCAÇÃO";"361";"ENSINO FUNDAMENTAL";"2023";"3108";"";"0";"0";"100012604";"FOLHA DE PAGAMENTO";"45780103000150";"";"5203";"FUNDO MANUT.DES.ED.BÁSICA E VALOR.PROF.MAG.-FUNDEB";"31901144";"FÉRIAS - ABONO PECUNIARIO";"FOLHA DE PAGAMENTO";"1114.76";"2023";"L";"27/01/2023";"0";"01/01/2023";"31/01/2023";"13"
"UNIDADE DE GESTÃO DE EDUCAÇÃO";"12";"EDUCAÇÃO";"361";"ENSINO FUNDAMENTAL";"2023";"3109";"";"0";"0";"100012604";"FOLHA DE PAGAMENTO";"45780103000150";"";"5203";"FUNDO MANUT.DES.ED.BÁSICA E VALOR.PROF.MAG.-FUNDEB";"31901145";"FÉRIAS - ABONO CONSTITUICOES";"FOLHA DE PAGAMENTO";"1388.84";"2023";"L";"27/01/2023";"0";"01/01/2023";"31/01/2023";"13"
"UNIDADE DE GESTÃO DE EDUCAÇÃO";"12";"EDUCAÇÃO";"361";"ENSINO FUNDAMENTAL";"2023";"3110";"";"0";"0";"100012604";"FOLHA DE PAGAMENTO";"45780103000150";"";"5203";"FUNDO MANUT.DES.ED.BÁSICA E VALOR.PROF.MAG.-FUNDEB";"31901147";"LICENÇA PRÊMIO";"FOLHA DE PAGAMENTO";"186476.08";"2023";"L";"27/01/2023";"0";"01/01/2023";"31/01/2023";"13"
"UNIDADE DE GESTÃO DE EDUCAÇÃO";"12";"EDUCAÇÃO";"361";"ENSINO FUNDAMENTAL";"2023";"3111";"";"0";"0";"100012604";"FOLHA DE PAGAMENTO";"45780103000150";"";"5203";"FUNDO MANUT.DES.ED.BÁSICA E VALOR.PROF.MAG.-FUNDEB";"31901151";"OUTROS ADICIONAIS. VANTAGENS. GRATIFICAÇÕES E OUTR";"FOLHA DE PAGAMENTO";"12287.08";"2023";"L";"27/01/2023";"0";"01/01/2023";"31/01/2023";"13"
"UNIDADE DE GESTÃO DE EDUCAÇÃO";"12";"EDUCAÇÃO";"361";"ENSINO FUNDAMENTAL";"2023";"3112";"";"0";"0";"100012604";"FOLHA DE PAGAMENTO";"45780103000150";"";"5203";"FUNDO MANUT.DES.ED.BÁSICA E VALOR.PROF.MAG.-FUNDEB";"31901151";"OUTROS ADICIONAIS. VANTAGENS. GRATIFICAÇÕES E OUTR";"FOLHA DE PAGAMENTO";"116644.06";"2023";"L";"27/01/2023";"0";"01/01/2023";"31/01/2023";"13"
"UNIDADE DE GESTÃO DE EDUCAÇÃO";"12";"EDUCAÇÃO";"361";"ENSINO FUNDAMENTAL";"2023";"3113";"";"0";"0";"100012604";"FOLHA DE PAGAMENTO";"45780103000150";"";"0";"PROPRIA";"31901632";"SUBSTITUIÇÕES  RPPS";"FOLHA DE PAGAMENTO";"3385.97";"2023";"L";"27/01/2023";"0";"01/01/2023";"31/01/2023";"13"
"UNIDADE DE GESTÃO DE EDUCAÇÃO";"12";"EDUCAÇÃO";"361";"ENSINO FUNDAMENTAL";"2023";"3114";"";"0";"0";"100012604";"FOLHA DE PAGAMENTO";"45780103000150";"";"5203";"FUNDO MANUT.DES.ED.BÁSICA E VALOR.PROF.MAG.-FUNDEB";"31901632";"SUBSTITUIÇÕES  RPPS";"FOLHA DE PAGAMENTO";"6356.69";"2023";"L";"27/01/2023";"0";"01/01/2023";"31/01/2023";"13"
"UNIDADE DE GESTÃO DE EDUCAÇÃO";"12";"EDUCAÇÃO";"361";"ENSINO FUNDAMENTAL";"2023";"3115";"";"0";"0";"100012604";"FOLHA DE PAGAMENTO";"45780103000150";"";"5203";"FUNDO MANUT.DES.ED.BÁSICA E VALOR.PROF.MAG.-FUNDEB";"31901644";"SERVIÇOS EXTRAORDINÁRIOS";"FOLHA DE PAGAMENTO";"0.58";"2023";"L";"27/01/2023";"0";"01/01/2023";"31/01/2023";"13"
"UNIDADE DE GESTÃO DE EDUCAÇÃO";"12";"EDUCAÇÃO";"361";"ENSINO FUNDAMENTAL";"2023";"3116";"";"0";"0";"100004453";"IPREJUN-INST.PREVIDENCIA DO MUN.JUNDIAI";"05507216000161";"";"0";"PROPRIA";"31911308";"CONTRIBUIÇÕES PREVIDENCIÁRIAS - RPPS - PESSOAL ATI";"FOLHA DE PAGAMENTO";"72772.59";"2023";"L";"27/01/2023";"0";"01/01/2023";"31/01/2023";"13"
"UNIDADE DE GESTÃO DE EDUCAÇÃO";"12";"EDUCAÇÃO";"361";"ENSINO FUNDAMENTAL";"2023";"3117";"";"0";"0";"100004453";"IPREJUN-INST.PREVIDENCIA DO MUN.JUNDIAI";"05507216000161";"";"0";"PROPRIA";"31911320";"ALÍQUOTA SUPLEMENTAR DE CONTRIBUIÇÃO PREVIDENCIÁRI";"FOLHA DE PAGAMENTO";"96589.97";"2023";"L";"27/01/2023";"0";"01/01/2023";"31/01/2023";"13"
"UNIDADE DE GESTÃO DE EDUCAÇÃO";"12";"EDUCAÇÃO";"361";"ENSINO FUNDAMENTAL";"2023";"3118";"";"0";"0";"100004453";"IPREJUN-INST.PREVIDENCIA DO MUN.JUNDIAI";"05507216000161";"";"5203";"FUNDO MANUT.DES.ED.BÁSICA E VALOR.PROF.MAG.-FUNDEB";"31911308";"CONTRIBUIÇÕES PREVIDENCIÁRIAS - RPPS - PESSOAL ATI";"FOLHA DE PAGAMENTO";"1180230.25";"2023";"L";"27/01/2023";"0";"01/01/2023";"31/01/2023";"13"
"UNIDADE DE GESTÃO DE EDUCAÇÃO";"12";"EDUCAÇÃO";"361";"ENSINO FUNDAMENTAL";"2023";"3119";"";"0";"0";"100004453";"IPREJUN-INST.PREVIDENCIA DO MUN.JUNDIAI";"05507216000161";"";"5203";"FUNDO MANUT.DES.ED.BÁSICA E VALOR.PROF.MAG.-FUNDEB";"31911320";"ALÍQUOTA SUPLEMENTAR DE CONTRIBUIÇÃO PREVIDENCIÁRI";"FOLHA DE PAGAMENTO";"1566502.87";"2023";"L";"27/01/2023";"0";"01/01/2023";"31/01/2023";"13"
"UNIDADE DE GESTÃO DE EDUCAÇÃO";"12";"EDUCAÇÃO";"361";"ENSINO FUNDAMENTAL";"2023";"3120";"";"0";"0";"100012604";"FOLHA DE PAGAMENTO";"45780103000150";"";"0";"PROPRIA";"33904901";"INDENIZACAO AUXILIO TRANSPORTE";"FOLHA DE PAGAMENTO";"11088";"2023";"L";"27/01/2023";"0";"01/01/2023";"31/01/2023";"13"
"UNIDADE DE GESTÃO DE EDUCAÇÃO";"12";"EDUCAÇÃO";"361";"ENSINO FUNDAMENTAL";"2023";"3121";"";"0";"0";"100012604";"FOLHA DE PAGAMENTO";"45780103000150";"";"5203";"FUNDO MANUT.DES.ED.BÁSICA E VALOR.PROF.MAG.-FUNDEB";"33904901";"INDENIZACAO AUXILIO TRANSPORTE";"FOLHA DE PAGAMENTO";"56254";"2023";"L";"27/01/2023";"0";"01/01/2023";"31/01/2023";"13"
"UNIDADE DE GESTÃO DE EDUCAÇÃO";"12";"EDUCAÇÃO";"365";"EDUCAÇÃO INFANTIL";"2023";"3122";"";"0";"0";"100012604";"FOLHA DE PAGAMENTO";"45780103000150";"";"0";"PROPRIA";"31901101";"VENCIMENTO E SALARIOS";"FOLHA DE PAGAMENTO";"642218.68";"2023";"L";"27/01/2023";"0";"01/01/2023";"31/01/2023";"13"
"UNIDADE DE GESTÃO DE EDUCAÇÃO";"12";"EDUCAÇÃO";"365";"EDUCAÇÃO INFANTIL";"2023";"3123";"";"0";"0";"100012604";"FOLHA DE PAGAMENTO";"45780103000150";"";"0";"PROPRIA";"31901104";"ADICIONAL NOTURNO";"FOLHA DE PAGAMENTO";"407";"2023";"L";"27/01/2023";"0";"01/01/2023";"31/01/2023";"13"
"UNIDADE DE GESTÃO DE EDUCAÇÃO";"12";"EDUCAÇÃO";"365";"EDUCAÇÃO INFANTIL";"2023";"3124";"";"0";"0";"100012604";"FOLHA DE PAGAMENTO";"45780103000150";"";"0";"PROPRIA";"31901107";"ABONO DE PERMANENCIA";"FOLHA DE PAGAMENTO";"3711.04";"2023";"L";"27/01/2023";"0";"01/01/2023";"31/01/2023";"13"
"UNIDADE DE GESTÃO DE EDUCAÇÃO";"12";"EDUCAÇÃO";"365";"EDUCAÇÃO INFANTIL";"2023";"3125";"";"0";"0";"100012604";"FOLHA DE PAGAMENTO";"45780103000150";"";"0";"PROPRIA";"31901131";"GRATIFICACOES POR EXERCICIO DE  CARGO";"FOLHA DE PAGAMENTO";"2576.36";"2023";"L";"27/01/2023";"0";"01/01/2023";"31/01/2023";"13"
"UNIDADE DE GESTÃO DE EDUCAÇÃO";"12";"EDUCAÇÃO";"365";"EDUCAÇÃO INFANTIL";"2023";"3126";"";"0";"0";"100012604";"FOLHA DE PAGAMENTO";"45780103000150";"";"0";"PROPRIA";"31901133";"GRATIFICACOES POR EXERCICIO DE  FUNCOES";"FOLHA DE PAGAMENTO";"88556.77";"2023";"L";"27/01/2023";"0";"01/01/2023";"31/01/2023";"13"
"UNIDADE DE GESTÃO DE EDUCAÇÃO";"12";"EDUCAÇÃO";"365";"EDUCAÇÃO INFANTIL";"2023";"3127";"";"0";"0";"100012604";"FOLHA DE PAGAMENTO";"45780103000150";"";"0";"PROPRIA";"31901137";"GRATIFICACOES POR TEMPO DE SERVICO";"FOLHA DE PAGAMENTO";"27289.4";"2023";"L";"27/01/2023";"0";"01/01/2023";"31/01/2023";"13"
"UNIDADE DE GESTÃO DE EDUCAÇÃO";"12";"EDUCAÇÃO";"365";"EDUCAÇÃO INFANTIL";"2023";"3128";"";"0";"0";"100012604";"FOLHA DE PAGAMENTO";"45780103000150";"";"0";"PROPRIA";"31901147";"LICENÇA PRÊMIO";"FOLHA DE PAGAMENTO";"63241.45";"2023";"L";"27/01/2023";"0";"01/01/2023";"31/01/2023";"13"
"UNIDADE DE GESTÃO DE EDUCAÇÃO";"12";"EDUCAÇÃO";"365";"EDUCAÇÃO INFANTIL";"2023";"3129";"";"0";"0";"100012604";"FOLHA DE PAGAMENTO";"45780103000150";"";"0";"PROPRIA";"31901632";"SUBSTITUIÇÕES  RPPS";"FOLHA DE PAGAMENTO";"1027.16";"2023";"L";"27/01/2023";"0";"01/01/2023";"31/01/2023";"13"
"UNIDADE DE GESTÃO DE EDUCAÇÃO";"12";"EDUCAÇÃO";"365";"EDUCAÇÃO INFANTIL";"2023";"3130";"";"0";"0";"100004453";"IPREJUN-INST.PREVIDENCIA DO MUN.JUNDIAI";"05507216000161";"";"0";"PROPRIA";"31911308";"CONTRIBUIÇÕES PREVIDENCIÁRIAS - RPPS - PESSOAL ATI";"FOLHA DE PAGAMENTO";"296410.34";"2023";"L";"27/01/2023";"0";"01/01/2023";"31/01/2023";"13"
"UNIDADE DE GESTÃO DE EDUCAÇÃO";"12";"EDUCAÇÃO";"365";"EDUCAÇÃO INFANTIL";"2023";"3131";"";"0";"0";"100004453";"IPREJUN-INST.PREVIDENCIA DO MUN.JUNDIAI";"05507216000161";"";"0";"PROPRIA";"31911320";"ALÍQUOTA SUPLEMENTAR DE CONTRIBUIÇÃO PREVIDENCIÁRI";"FOLHA DE PAGAMENTO";"393420.98";"2023";"L";"27/01/2023";"0";"01/01/2023";"31/01/2023";"13"
"UNIDADE DE GESTÃO DE EDUCAÇÃO";"12";"EDUCAÇÃO";"365";"EDUCAÇÃO INFANTIL";"2023";"3132";"";"0";"0";"100012604";"FOLHA DE PAGAMENTO";"45780103000150";"";"0";"PROPRIA";"33904901";"INDENIZACAO AUXILIO TRANSPORTE";"FOLHA DE PAGAMENTO";"7832";"2023";"L";"27/01/2023";"0";"01/01/2023";"31/01/2023";"13"
"UNIDADE DE GESTÃO DE EDUCAÇÃO";"12";"EDUCAÇÃO";"365";"EDUCAÇÃO INFANTIL";"2023";"3133";"";"0";"0";"4000055";"FUNDO DE GARANTIA POR TEMPO DE SERVICO";"00360305000104";"";"5203";"FUNDO MANUT.DES.ED.BÁSICA E VALOR.PROF.MAG.-FUNDEB";"31900418";"PROFESSORES SUBSTITUTOS / VISITANTES";"FOLHA DE PAGAMENTO";"481.46";"2023";"L";"27/01/2023";"0";"01/01/2023";"31/01/2023";"13"
"UNIDADE DE GESTÃO DE EDUCAÇÃO";"12";"EDUCAÇÃO";"365";"EDUCAÇÃO INFANTIL";"2023";"3134";"";"0";"0";"4016168";"I.N.S.S -INST.NACIONAL DE SEGURO SOCIAL";"29979036000140";"";"5203";"FUNDO MANUT.DES.ED.BÁSICA E VALOR.PROF.MAG.-FUNDEB";"31900418";"PROFESSORES SUBSTITUTOS / VISITANTES";"FOLHA DE PAGAMENTO";"1263.84";"2023";"L";"27/01/2023";"0";"01/01/2023";"31/01/2023";"13"
"UNIDADE DE GESTÃO DE EDUCAÇÃO";"12";"EDUCAÇÃO";"365";"EDUCAÇÃO INFANTIL";"2023";"3135";"";"0";"0";"100012604";"FOLHA DE PAGAMENTO";"45780103000150";"";"5203";"FUNDO MANUT.DES.ED.BÁSICA E VALOR.PROF.MAG.-FUNDEB";"31900418";"PROFESSORES SUBSTITUTOS / VISITANTES";"FOLHA DE PAGAMENTO";"2086.88";"2023";"L";"27/01/2023";"0";"01/01/2023";"31/01/2023";"13"
"UNIDADE DE GESTÃO DE EDUCAÇÃO";"12";"EDUCAÇÃO";"365";"EDUCAÇÃO INFANTIL";"2023";"3136";"";"0";"0";"100012604";"FOLHA DE PAGAMENTO";"45780103000150";"";"0";"PROPRIA";"31901101";"VENCIMENTO E SALARIOS";"FOLHA DE PAGAMENTO";"80875.49";"2023";"L";"27/01/2023";"0";"01/01/2023";"31/01/2023";"13"
"UNIDADE DE GESTÃO DE EDUCAÇÃO";"12";"EDUCAÇÃO";"365";"EDUCAÇÃO INFANTIL";"2023";"3137";"";"0";"0";"100012604";"FOLHA DE PAGAMENTO";"45780103000150";"";"0";"PROPRIA";"31901107";"ABONO DE PERMANENCIA";"FOLHA DE PAGAMENTO";"614.26";"2023";"L";"27/01/2023";"0";"01/01/2023";"31/01/2023";"13"
"UNIDADE DE GESTÃO DE EDUCAÇÃO";"12";"EDUCAÇÃO";"365";"EDUCAÇÃO INFANTIL";"2023";"3138";"";"0";"0";"100012604";"FOLHA DE PAGAMENTO";"45780103000150";"";"0";"PROPRIA";"31901131";"GRATIFICACOES POR EXERCICIO DE  CARGO";"FOLHA DE PAGAMENTO";"1579.03";"2023";"L";"27/01/2023";"0";"01/01/2023";"31/01/2023";"13"
"UNIDADE DE GESTÃO DE EDUCAÇÃO";"12";"EDUCAÇÃO";"365";"EDUCAÇÃO INFANTIL";"2023";"3139";"";"0";"0";"100012604";"FOLHA DE PAGAMENTO";"45780103000150";"";"0";"PROPRIA";"31901133";"GRATIFICACOES POR EXERCICIO DE  FUNCOES";"FOLHA DE PAGAMENTO";"21593.5";"2023";"L";"27/01/2023";"0";"01/01/2023";"31/01/2023";"13"
"UNIDADE DE GESTÃO DE EDUCAÇÃO";"12";"EDUCAÇÃO";"365";"EDUCAÇÃO INFANTIL";"2023";"3140";"";"0";"0";"100012604";"FOLHA DE PAGAMENTO";"45780103000150";"";"0";"PROPRIA";"31901137";"GRATIFICACOES POR TEMPO DE SERVICO";"FOLHA DE PAGAMENTO";"3667.48";"2023";"L";"27/01/2023";"0";"01/01/2023";"31/01/2023";"13"
"UNIDADE DE GESTÃO DE EDUCAÇÃO";"12";"EDUCAÇÃO";"365";"EDUCAÇÃO INFANTIL";"2023";"3141";"";"0";"0";"100012604";"FOLHA DE PAGAMENTO";"45780103000150";"";"0";"PROPRIA";"31901147";"LICENÇA PRÊMIO";"FOLHA DE PAGAMENTO";"11716.31";"2023";"L";"27/01/2023";"0";"01/01/2023";"31/01/2023";"13"
"UNIDADE DE GESTÃO DE EDUCAÇÃO";"12";"EDUCAÇÃO";"365";"EDUCAÇÃO INFANTIL";"2023";"3142";"";"0";"0";"100012604";"FOLHA DE PAGAMENTO";"45780103000150";"";"5203";"FUNDO MANUT.DES.ED.BÁSICA E VALOR.PROF.MAG.-FUNDEB";"31901101";"VENCIMENTO E SALARIOS";"FOLHA DE PAGAMENTO";"1168829.73";"2023";"L";"27/01/2023";"0";"01/01/2023";"31/01/2023";"13"
"UNIDADE DE GESTÃO DE EDUCAÇÃO";"12";"EDUCAÇÃO";"365";"EDUCAÇÃO INFANTIL";"2023";"3143";"";"0";"0";"100012604";"FOLHA DE PAGAMENTO";"45780103000150";"";"5203";"FUNDO MANUT.DES.ED.BÁSICA E VALOR.PROF.MAG.-FUNDEB";"31901104";"ADICIONAL NOTURNO";"FOLHA DE PAGAMENTO";"233.89";"2023";"L";"27/01/2023";"0";"01/01/2023";"31/01/2023";"13"
"UNIDADE DE GESTÃO DE EDUCAÇÃO";"12";"EDUCAÇÃO";"365";"EDUCAÇÃO INFANTIL";"2023";"3144";"";"0";"0";"100012604";"FOLHA DE PAGAMENTO";"45780103000150";"";"5203";"FUNDO MANUT.DES.ED.BÁSICA E VALOR.PROF.MAG.-FUNDEB";"31901107";"ABONO DE PERMANENCIA";"FOLHA DE PAGAMENTO";"2110.26";"2023";"L";"27/01/2023";"0";"01/01/2023";"31/01/2023";"13"
"UNIDADE DE GESTÃO DE EDUCAÇÃO";"12";"EDUCAÇÃO";"365";"EDUCAÇÃO INFANTIL";"2023";"3145";"";"0";"0";"100012604";"FOLHA DE PAGAMENTO";"45780103000150";"";"5203";"FUNDO MANUT.DES.ED.BÁSICA E VALOR.PROF.MAG.-FUNDEB";"31901133";"GRATIFICACOES POR EXERCICIO DE  FUNCOES";"FOLHA DE PAGAMENTO";"92914.66";"2023";"L";"27/01/2023";"0";"01/01/2023";"31/01/2023";"13"
"UNIDADE DE GESTÃO DE EDUCAÇÃO";"12";"EDUCAÇÃO";"365";"EDUCAÇÃO INFANTIL";"2023";"3146";"";"0";"0";"100012604";"FOLHA DE PAGAMENTO";"45780103000150";"";"5203";"FUNDO MANUT.DES.ED.BÁSICA E VALOR.PROF.MAG.-FUNDEB";"31901137";"GRATIFICACOES POR TEMPO DE SERVICO";"FOLHA DE PAGAMENTO";"26560.43";"2023";"L";"27/01/2023";"0";"01/01/2023";"31/01/2023";"13"
"UNIDADE DE GESTÃO DE EDUCAÇÃO";"12";"EDUCAÇÃO";"365";"EDUCAÇÃO INFANTIL";"2023";"3147";"";"0";"0";"100012604";"FOLHA DE PAGAMENTO";"45780103000150";"";"5203";"FUNDO MANUT.DES.ED.BÁSICA E VALOR.PROF.MAG.-FUNDEB";"31901145";"FÉRIAS - ABONO CONSTITUICOES";"FOLHA DE PAGAMENTO";"199.97";"2023";"L";"27/01/2023";"0";"01/01/2023";"31/01/2023";"13"
"UNIDADE DE GESTÃO DE EDUCAÇÃO";"12";"EDUCAÇÃO";"365";"EDUCAÇÃO INFANTIL";"2023";"3148";"";"0";"0";"100012604";"FOLHA DE PAGAMENTO";"45780103000150";"";"5203";"FUNDO MANUT.DES.ED.BÁSICA E VALOR.PROF.MAG.-FUNDEB";"31901147";"LICENÇA PRÊMIO";"FOLHA DE PAGAMENTO";"45990.69";"2023";"L";"27/01/2023";"0";"01/01/2023";"31/01/2023";"13"
"UNIDADE DE GESTÃO DE EDUCAÇÃO";"12";"EDUCAÇÃO";"365";"EDUCAÇÃO INFANTIL";"2023";"3149";"";"0";"0";"100012604";"FOLHA DE PAGAMENTO";"45780103000150";"";"5203";"FUNDO MANUT.DES.ED.BÁSICA E VALOR.PROF.MAG.-FUNDEB";"31901632";"SUBSTITUIÇÕES  RPPS";"FOLHA DE PAGAMENTO";"4699.26";"2023";"L";"27/01/2023";"0";"01/01/2023";"31/01/2023";"13"
"UNIDADE DE GESTÃO DE EDUCAÇÃO";"12";"EDUCAÇÃO";"365";"EDUCAÇÃO INFANTIL";"2023";"3150";"";"0";"0";"100004453";"IPREJUN-INST.PREVIDENCIA DO MUN.JUNDIAI";"05507216000161";"";"0";"PROPRIA";"31911308";"CONTRIBUIÇÕES PREVIDENCIÁRIAS - RPPS - PESSOAL ATI";"FOLHA DE PAGAMENTO";"26288.43";"2023";"L";"27/01/2023";"0";"01/01/2023";"31/01/2023";"13"
"UNIDADE DE GESTÃO DE EDUCAÇÃO";"12";"EDUCAÇÃO";"365";"EDUCAÇÃO INFANTIL";"2023";"3151";"";"0";"0";"100004453";"IPREJUN-INST.PREVIDENCIA DO MUN.JUNDIAI";"05507216000161";"";"0";"PROPRIA";"31911320";"ALÍQUOTA SUPLEMENTAR DE CONTRIBUIÇÃO PREVIDENCIÁRI";"FOLHA DE PAGAMENTO";"34892.24";"2023";"L";"27/01/2023";"0";"01/01/2023";"31/01/2023";"13"
"UNIDADE DE GESTÃO DE EDUCAÇÃO";"12";"EDUCAÇÃO";"365";"EDUCAÇÃO INFANTIL";"2023";"3152";"";"0";"0";"100004453";"IPREJUN-INST.PREVIDENCIA DO MUN.JUNDIAI";"05507216000161";"";"5203";"FUNDO MANUT.DES.ED.BÁSICA E VALOR.PROF.MAG.-FUNDEB";"31911308";"CONTRIBUIÇÕES PREVIDENCIÁRIAS - RPPS - PESSOAL ATI";"FOLHA DE PAGAMENTO";"557245.79";"2023";"L";"27/01/2023";"0";"01/01/2023";"31/01/2023";"13"
"UNIDADE DE GESTÃO DE EDUCAÇÃO";"12";"EDUCAÇÃO";"365";"EDUCAÇÃO INFANTIL";"2023";"3153";"";"0";"0";"100004453";"IPREJUN-INST.PREVIDENCIA DO MUN.JUNDIAI";"05507216000161";"";"5203";"FUNDO MANUT.DES.ED.BÁSICA E VALOR.PROF.MAG.-FUNDEB";"31911320";"ALÍQUOTA SUPLEMENTAR DE CONTRIBUIÇÃO PREVIDENCIÁRI";"FOLHA DE PAGAMENTO";"739624.55";"2023";"L";"27/01/2023";"0";"01/01/2023";"31/01/2023";"13"
"UNIDADE DE GESTÃO DE EDUCAÇÃO";"12";"EDUCAÇÃO";"365";"EDUCAÇÃO INFANTIL";"2023";"3154";"";"0";"0";"100012604";"FOLHA DE PAGAMENTO";"45780103000150";"";"0";"PROPRIA";"33904901";"INDENIZACAO AUXILIO TRANSPORTE";"FOLHA DE PAGAMENTO";"3894";"2023";"L";"27/01/2023";"0";"01/01/2023";"31/01/2023";"13"
"UNIDADE DE GESTÃO DE EDUCAÇÃO";"12";"EDUCAÇÃO";"365";"EDUCAÇÃO INFANTIL";"2023";"3155";"";"0";"0";"100012604";"FOLHA DE PAGAMENTO";"45780103000150";"";"5203";"FUNDO MANUT.DES.ED.BÁSICA E VALOR.PROF.MAG.-FUNDEB";"33904901";"INDENIZACAO AUXILIO TRANSPORTE";"FOLHA DE PAGAMENTO";"22880";"2023";"L";"27/01/2023";"0";"01/01/2023";"31/01/2023";"13"
"UNIDADE DE GESTÃO DE EDUCAÇÃO";"12";"EDUCAÇÃO";"365";"EDUCAÇÃO INFANTIL";"2023";"3156";"";"0";"0";"100012604";"FOLHA DE PAGAMENTO";"45780103000150";"";"5203";"FUNDO MANUT.DES.ED.BÁSICA E VALOR.PROF.MAG.-FUNDEB";"33904901";"INDENIZACAO AUXILIO TRANSPORTE";"FOLHA DE PAGAMENTO";"110";"2023";"L";"27/01/2023";"0";"01/01/2023";"31/01/2023";"13"
"UNIDADE DE GESTÃO DE EDUCAÇÃO";"12";"EDUCAÇÃO";"361";"ENSINO FUNDAMENTAL";"2023";"3157";"";"0";"0";"100012604";"FOLHA DE PAGAMENTO";"45780103000150";"";"0";"PROPRIA";"31901101";"VENCIMENTO E SALARIOS";"FOLHA DE PAGAMENTO";"12246.47";"2023";"L";"27/01/2023";"0";"01/01/2023";"31/01/2023";"13"
"UNIDADE DE GESTÃO DE EDUCAÇÃO";"12";"EDUCAÇÃO";"361";"ENSINO FUNDAMENTAL";"2023";"3158";"";"0";"0";"100012604";"FOLHA DE PAGAMENTO";"45780103000150";"";"0";"PROPRIA";"31901101";"VENCIMENTO E SALARIOS";"FOLHA DE PAGAMENTO";"361718.02";"2023";"L";"27/01/2023";"0";"01/01/2023";"31/01/2023";"13"
"UNIDADE DE GESTÃO DE EDUCAÇÃO";"12";"EDUCAÇÃO";"361";"ENSINO FUNDAMENTAL";"2023";"3159";"";"0";"0";"100012604";"FOLHA DE PAGAMENTO";"45780103000150";"";"0";"PROPRIA";"31901101";"VENCIMENTO E SALARIOS";"FOLHA DE PAGAMENTO";"66853.75";"2023";"L";"27/01/2023";"0";"01/01/2023";"31/01/2023";"13"
"UNIDADE DE GESTÃO DE EDUCAÇÃO";"12";"EDUCAÇÃO";"361";"ENSINO FUNDAMENTAL";"2023";"3160";"";"0";"0";"100012604";"FOLHA DE PAGAMENTO";"45780103000150";"";"0";"PROPRIA";"31901104";"ADICIONAL NOTURNO";"FOLHA DE PAGAMENTO";"172.59";"2023";"L";"27/01/2023";"0";"01/01/2023";"31/01/2023";"13"
"UNIDADE DE GESTÃO DE EDUCAÇÃO";"12";"EDUCAÇÃO";"361";"ENSINO FUNDAMENTAL";"2023";"3161";"";"0";"0";"100012604";"FOLHA DE PAGAMENTO";"45780103000150";"";"0";"PROPRIA";"31901105";"INCORPORADOS";"FOLHA DE PAGAMENTO";"1050.11";"2023";"L";"27/01/2023";"0";"01/01/2023";"31/01/2023";"13"
"UNIDADE DE GESTÃO DE EDUCAÇÃO";"12";"EDUCAÇÃO";"361";"ENSINO FUNDAMENTAL";"2023";"3162";"";"0";"0";"100012604";"FOLHA DE PAGAMENTO";"45780103000150";"";"0";"PROPRIA";"31901107";"ABONO DE PERMANENCIA";"FOLHA DE PAGAMENTO";"1499.31";"2023";"L";"27/01/2023";"0";"01/01/2023";"31/01/2023";"13"
"UNIDADE DE GESTÃO DE EDUCAÇÃO";"12";"EDUCAÇÃO";"361";"ENSINO FUNDAMENTAL";"2023";"3163";"";"0";"0";"100012604";"FOLHA DE PAGAMENTO";"45780103000150";"";"0";"PROPRIA";"31901109";"ADICIONAL DE PERICULOSIDADE";"FOLHA DE PAGAMENTO";"2771.82";"2023";"L";"27/01/2023";"0";"01/01/2023";"31/01/2023";"13"
"UNIDADE DE GESTÃO DE EDUCAÇÃO";"12";"EDUCAÇÃO";"361";"ENSINO FUNDAMENTAL";"2023";"3164";"";"0";"0";"100012604";"FOLHA DE PAGAMENTO";"45780103000150";"";"0";"PROPRIA";"31901133";"GRATIFICACOES POR EXERCICIO DE  FUNCOES";"FOLHA DE PAGAMENTO";"26620.85";"2023";"L";"27/01/2023";"0";"01/01/2023";"31/01/2023";"13"
"UNIDADE DE GESTÃO DE EDUCAÇÃO";"12";"EDUCAÇÃO";"361";"ENSINO FUNDAMENTAL";"2023";"3165";"";"0";"0";"100012604";"FOLHA DE PAGAMENTO";"45780103000150";"";"0";"PROPRIA";"31901137";"GRATIFICACOES POR TEMPO DE SERVICO";"FOLHA DE PAGAMENTO";"4708.76";"2023";"L";"27/01/2023";"0";"01/01/2023";"31/01/2023";"13"
"UNIDADE DE GESTÃO DE EDUCAÇÃO";"12";"EDUCAÇÃO";"361";"ENSINO FUNDAMENTAL";"2023";"3166";"";"0";"0";"100012604";"FOLHA DE PAGAMENTO";"45780103000150";"";"0";"PROPRIA";"31901137";"GRATIFICACOES POR TEMPO DE SERVICO";"FOLHA DE PAGAMENTO";"22342.43";"2023";"L";"27/01/2023";"0";"01/01/2023";"31/01/2023";"13"
"UNIDADE DE GESTÃO DE EDUCAÇÃO";"12";"EDUCAÇÃO";"361";"ENSINO FUNDAMENTAL";"2023";"3167";"";"0";"0";"100012604";"FOLHA DE PAGAMENTO";"45780103000150";"";"0";"PROPRIA";"31901175";"SUBSÍDIOS - AGENTES POLÍTICOS";"FOLHA DE PAGAMENTO";"8531.64";"2023";"L";"27/01/2023";"0";"01/01/2023";"31/01/2023";"13"
"UNIDADE DE GESTÃO DE EDUCAÇÃO";"12";"EDUCAÇÃO";"361";"ENSINO FUNDAMENTAL";"2023";"3168";"";"0";"0";"4000055";"FUNDO DE GARANTIA POR TEMPO DE SERVICO";"00360305000104";"";"0";"PROPRIA";"31901301";"FGTS";"FOLHA DE PAGAMENTO";"2343.52";"2023";"L";"27/01/2023";"0";"01/01/2023";"31/01/2023";"13"
"UNIDADE DE GESTÃO DE EDUCAÇÃO";"12";"EDUCAÇÃO";"361";"ENSINO FUNDAMENTAL";"2023";"3169";"";"0";"0";"4016168";"I.N.S.S -INST.NACIONAL DE SEGURO SOCIAL";"29979036000140";"";"0";"PROPRIA";"31901302";"CONTRIBUICOES PREVIDENCIARIAS - INSS";"FOLHA DE PAGAMENTO";"6151.75";"2023";"L";"27/01/2023";"0";"01/01/2023";"31/01/2023";"13"
"UNIDADE DE GESTÃO DE EDUCAÇÃO";"12";"EDUCAÇÃO";"361";"ENSINO FUNDAMENTAL";"2023";"3170";"";"0";"0";"4016168";"I.N.S.S -INST.NACIONAL DE SEGURO SOCIAL";"29979036000140";"";"0";"PROPRIA";"31901302";"CONTRIBUICOES PREVIDENCIARIAS - INSS";"FOLHA DE PAGAMENTO";"5204.59";"2023";"L";"27/01/2023";"0";"01/01/2023";"31/01/2023";"13"
"UNIDADE DE GESTÃO DE EDUCAÇÃO";"12";"EDUCAÇÃO";"361";"ENSINO FUNDAMENTAL";"2023";"3171";"";"0";"0";"4016168";"I.N.S.S -INST.NACIONAL DE SEGURO SOCIAL";"29979036000140";"";"0";"PROPRIA";"31901302";"CONTRIBUICOES PREVIDENCIARIAS - INSS";"FOLHA DE PAGAMENTO";"26295.91";"2023";"L";"27/01/2023";"0";"01/01/2023";"31/01/2023";"13"
"UNIDADE DE GESTÃO DE EDUCAÇÃO";"12";"EDUCAÇÃO";"361";"ENSINO FUNDAMENTAL";"2023";"3172";"";"0";"0";"100012604";"FOLHA DE PAGAMENTO";"45780103000150";"";"0";"PROPRIA";"31901632";"SUBSTITUIÇÕES  RPPS";"FOLHA DE PAGAMENTO";"4956.85";"2023";"L";"27/01/2023";"0";"01/01/2023";"31/01/2023";"13"
"UNIDADE DE GESTÃO DE EDUCAÇÃO";"12";"EDUCAÇÃO";"361";"ENSINO FUNDAMENTAL";"2023";"3173";"";"0";"0";"100012604";"FOLHA DE PAGAMENTO";"45780103000150";"";"0";"PROPRIA";"31901632";"SUBSTITUIÇÕES  RPPS";"FOLHA DE PAGAMENTO";"2188.01";"2023";"L";"27/01/2023";"0";"01/01/2023";"31/01/2023";"13"
"UNIDADE DE GESTÃO DE EDUCAÇÃO";"12";"EDUCAÇÃO";"361";"ENSINO FUNDAMENTAL";"2023";"3174";"";"0";"0";"100012604";"FOLHA DE PAGAMENTO";"45780103000150";"";"0";"PROPRIA";"31901644";"SERVIÇOS EXTRAORDINÁRIOS";"FOLHA DE PAGAMENTO";"170.74";"2023";"L";"27/01/2023";"0";"01/01/2023";"31/01/2023";"13"
"UNIDADE DE GESTÃO DE EDUCAÇÃO";"12";"EDUCAÇÃO";"361";"ENSINO FUNDAMENTAL";"2023";"3175";"";"0";"0";"100004453";"IPREJUN-INST.PREVIDENCIA DO MUN.JUNDIAI";"05507216000161";"";"0";"PROPRIA";"31911308";"CONTRIBUIÇÕES PREVIDENCIÁRIAS - RPPS - PESSOAL ATI";"FOLHA DE PAGAMENTO";"97251.74";"2023";"L";"27/01/2023";"0";"01/01/2023";"31/01/2023";"13"
"UNIDADE DE GESTÃO DE EDUCAÇÃO";"12";"EDUCAÇÃO";"361";"ENSINO FUNDAMENTAL";"2023";"3176";"";"0";"0";"100004453";"IPREJUN-INST.PREVIDENCIA DO MUN.JUNDIAI";"05507216000161";"";"0";"PROPRIA";"31911320";"ALÍQUOTA SUPLEMENTAR DE CONTRIBUIÇÃO PREVIDENCIÁRI";"FOLHA DE PAGAMENTO";"129080.91";"2023";"L";"27/01/2023";"0";"01/01/2023";"31/01/2023";"13"
"UNIDADE DE GESTÃO DE EDUCAÇÃO";"12";"EDUCAÇÃO";"361";"ENSINO FUNDAMENTAL";"2023";"3177";"";"0";"0";"100012604";"FOLHA DE PAGAMENTO";"45780103000150";"";"0";"PROPRIA";"33904901";"INDENIZACAO AUXILIO TRANSPORTE";"FOLHA DE PAGAMENTO";"4708";"2023";"L";"27/01/2023";"0";"01/01/2023";"31/01/2023";"13"
"UNIDADE DE GESTÃO DE EDUCAÇÃO";"12";"EDUCAÇÃO";"361";"ENSINO FUNDAMENTAL";"2023";"3178";"";"0";"0";"100012604";"FOLHA DE PAGAMENTO";"45780103000150";"";"0";"PROPRIA";"33904901";"INDENIZACAO AUXILIO TRANSPORTE";"FOLHA DE PAGAMENTO";"48224";"2023";"L";"27/01/2023";"0";"01/01/2023";"31/01/2023";"13"
"UNIDADE DE GESTÃO DE EDUCAÇÃO";"12";"EDUCAÇÃO";"361";"ENSINO FUNDAMENTAL";"2023";"3179";"";"0";"0";"100012604";"FOLHA DE PAGAMENTO";"45780103000150";"";"0";"PROPRIA";"33904901";"INDENIZACAO AUXILIO TRANSPORTE";"FOLHA DE PAGAMENTO";"990";"2023";"L";"27/01/2023";"0";"01/01/2023";"31/01/2023";"13"
"UNIDADE DE GESTÃO DE EDUCAÇÃO";"12";"EDUCAÇÃO";"366";"EDUCAÇÃO DE JOVENS E ADULTOS";"2023";"3180";"";"0";"0";"100012604";"FOLHA DE PAGAMENTO";"45780103000150";"";"0";"PROPRIA";"31901101";"VENCIMENTO E SALARIOS";"FOLHA DE PAGAMENTO";"48935.57";"2023";"L";"27/01/2023";"0";"01/01/2023";"31/01/2023";"13"
"UNIDADE DE GESTÃO DE EDUCAÇÃO";"12";"EDUCAÇÃO";"366";"EDUCAÇÃO DE JOVENS E ADULTOS";"2023";"3181";"";"0";"0";"100012604";"FOLHA DE PAGAMENTO";"45780103000150";"";"0";"PROPRIA";"31901104";"ADICIONAL NOTURNO";"FOLHA DE PAGAMENTO";"2613.65";"2023";"L";"27/01/2023";"0";"01/01/2023";"31/01/2023";"13"
"UNIDADE DE GESTÃO DE EDUCAÇÃO";"12";"EDUCAÇÃO";"366";"EDUCAÇÃO DE JOVENS E ADULTOS";"2023";"3182";"";"0";"0";"100012604";"FOLHA DE PAGAMENTO";"45780103000150";"";"0";"PROPRIA";"31901133";"GRATIFICACOES POR EXERCICIO DE  FUNCOES";"FOLHA DE PAGAMENTO";"5934.76";"2023";"L";"27/01/2023";"0";"01/01/2023";"31/01/2023";"13"
"UNIDADE DE GESTÃO DE EDUCAÇÃO";"12";"EDUCAÇÃO";"366";"EDUCAÇÃO DE JOVENS E ADULTOS";"2023";"3183";"";"0";"0";"100012604";"FOLHA DE PAGAMENTO";"45780103000150";"";"0";"PROPRIA";"31901137";"GRATIFICACOES POR TEMPO DE SERVICO";"FOLHA DE PAGAMENTO";"1099.13";"2023";"L";"27/01/2023";"0";"01/01/2023";"31/01/2023";"13"
"UNIDADE DE GESTÃO DE EDUCAÇÃO";"12";"EDUCAÇÃO";"366";"EDUCAÇÃO DE JOVENS E ADULTOS";"2023";"3184";"";"0";"0";"100012604";"FOLHA DE PAGAMENTO";"45780103000150";"";"0";"PROPRIA";"31901147";"LICENÇA PRÊMIO";"FOLHA DE PAGAMENTO";"37099.38";"2023";"L";"27/01/2023";"0";"01/01/2023";"31/01/2023";"13"
"UNIDADE DE GESTÃO DE EDUCAÇÃO";"12";"EDUCAÇÃO";"366";"EDUCAÇÃO DE JOVENS E ADULTOS";"2023";"3185";"";"0";"0";"100004453";"IPREJUN-INST.PREVIDENCIA DO MUN.JUNDIAI";"05507216000161";"";"0";"PROPRIA";"31911308";"CONTRIBUIÇÕES PREVIDENCIÁRIAS - RPPS - PESSOAL ATI";"FOLHA DE PAGAMENTO";"27998.68";"2023";"L";"27/01/2023";"0";"01/01/2023";"31/01/2023";"13"
"UNIDADE DE GESTÃO DE EDUCAÇÃO";"12";"EDUCAÇÃO";"366";"EDUCAÇÃO DE JOVENS E ADULTOS";"2023";"3186";"";"0";"0";"100004453";"IPREJUN-INST.PREVIDENCIA DO MUN.JUNDIAI";"05507216000161";"";"0";"PROPRIA";"31911320";"ALÍQUOTA SUPLEMENTAR DE CONTRIBUIÇÃO PREVIDENCIÁRI";"FOLHA DE PAGAMENTO";"37162.26";"2023";"L";"27/01/2023";"0";"01/01/2023";"31/01/2023";"13"
"UNIDADE DE GESTÃO DE EDUCAÇÃO";"12";"EDUCAÇÃO";"366";"EDUCAÇÃO DE JOVENS E ADULTOS";"2023";"3187";"";"0";"0";"100012604";"FOLHA DE PAGAMENTO";"45780103000150";"";"0";"PROPRIA";"33904901";"INDENIZACAO AUXILIO TRANSPORTE";"FOLHA DE PAGAMENTO";"594";"2023";"L";"27/01/2023";"0";"01/01/2023";"31/01/2023";"13"
"UNIDADE DE GESTÃO DE EDUCAÇÃO";"12";"EDUCAÇÃO";"365";"EDUCAÇÃO INFANTIL";"2023";"3188";"";"0";"0";"100012604";"FOLHA DE PAGAMENTO";"45780103000150";"";"0";"PROPRIA";"31901101";"VENCIMENTO E SALARIOS";"FOLHA DE PAGAMENTO";"1056018.68";"2023";"L";"27/01/2023";"0";"01/01/2023";"31/01/2023";"13"
"UNIDADE DE GESTÃO DE EDUCAÇÃO";"12";"EDUCAÇÃO";"365";"EDUCAÇÃO INFANTIL";"2023";"3189";"";"0";"0";"100012604";"FOLHA DE PAGAMENTO";"45780103000150";"";"0";"PROPRIA";"31901104";"ADICIONAL NOTURNO";"FOLHA DE PAGAMENTO";"3.78";"2023";"L";"27/01/2023";"0";"01/01/2023";"31/01/2023";"13"
"UNIDADE DE GESTÃO DE EDUCAÇÃO";"12";"EDUCAÇÃO";"365";"EDUCAÇÃO INFANTIL";"2023";"3190";"";"0";"0";"100012604";"FOLHA DE PAGAMENTO";"45780103000150";"";"0";"PROPRIA";"31901107";"ABONO DE PERMANENCIA";"FOLHA DE PAGAMENTO";"746.23";"2023";"L";"27/01/2023";"0";"01/01/2023";"31/01/2023";"13"
"UNIDADE DE GESTÃO DE EDUCAÇÃO";"12";"EDUCAÇÃO";"365";"EDUCAÇÃO INFANTIL";"2023";"3191";"";"0";"0";"100012604";"FOLHA DE PAGAMENTO";"45780103000150";"";"0";"PROPRIA";"31901133";"GRATIFICACOES POR EXERCICIO DE  FUNCOES";"FOLHA DE PAGAMENTO";"374.39";"2023";"L";"27/01/2023";"0";"01/01/2023";"31/01/2023";"13"
"UNIDADE DE GESTÃO DE EDUCAÇÃO";"12";"EDUCAÇÃO";"365";"EDUCAÇÃO INFANTIL";"2023";"3192";"";"0";"0";"100012604";"FOLHA DE PAGAMENTO";"45780103000150";"";"0";"PROPRIA";"31901137";"GRATIFICACOES POR TEMPO DE SERVICO";"FOLHA DE PAGAMENTO";"30222";"2023";"L";"27/01/2023";"0";"01/01/2023";"31/01/2023";"13"
"UNIDADE DE GESTÃO DE EDUCAÇÃO";"12";"EDUCAÇÃO";"365";"EDUCAÇÃO INFANTIL";"2023";"3193";"";"0";"0";"100012604";"FOLHA DE PAGAMENTO";"45780103000150";"";"0";"PROPRIA";"31901145";"FÉRIAS - ABONO CONSTITUICOES";"FOLHA DE PAGAMENTO";"256.35";"2023";"L";"27/01/2023";"0";"01/01/2023";"31/01/2023";"13"
"UNIDADE DE GESTÃO DE EDUCAÇÃO";"12";"EDUCAÇÃO";"365";"EDUCAÇÃO INFANTIL";"2023";"3194";"";"0";"0";"100012604";"FOLHA DE PAGAMENTO";"45780103000150";"";"0";"PROPRIA";"31901147";"LICENÇA PRÊMIO";"FOLHA DE PAGAMENTO";"29354.95";"2023";"L";"27/01/2023";"0";"01/01/2023";"31/01/2023";"13"
"UNIDADE DE GESTÃO DE EDUCAÇÃO";"12";"EDUCAÇÃO";"365";"EDUCAÇÃO INFANTIL";"2023";"3195";"";"0";"0";"100004453";"IPREJUN-INST.PREVIDENCIA DO MUN.JUNDIAI";"05507216000161";"";"0";"PROPRIA";"31911308";"CONTRIBUIÇÕES PREVIDENCIÁRIAS - RPPS - PESSOAL ATI";"FOLHA DE PAGAMENTO";"394049.56";"2023";"L";"27/01/2023";"0";"01/01/2023";"31/01/2023";"13"
"UNIDADE DE GESTÃO DE EDUCAÇÃO";"12";"EDUCAÇÃO";"365";"EDUCAÇÃO INFANTIL";"2023";"3196";"";"0";"0";"100004453";"IPREJUN-INST.PREVIDENCIA DO MUN.JUNDIAI";"05507216000161";"";"0";"PROPRIA";"31911320";"ALÍQUOTA SUPLEMENTAR DE CONTRIBUIÇÃO PREVIDENCIÁRI";"FOLHA DE PAGAMENTO";"523017.48";"2023";"L";"27/01/2023";"0";"01/01/2023";"31/01/2023";"13"
"UNIDADE DE GESTÃO DE EDUCAÇÃO";"12";"EDUCAÇÃO";"365";"EDUCAÇÃO INFANTIL";"2023";"3197";"";"0";"0";"100012604";"FOLHA DE PAGAMENTO";"45780103000150";"";"0";"PROPRIA";"33904901";"INDENIZACAO AUXILIO TRANSPORTE";"FOLHA DE PAGAMENTO";"49764";"2023";"L";"27/01/2023";"0";"01/01/2023";"31/01/2023";"13"
"UNIDADE DE GESTÃO DE EDUCAÇÃO";"12";"EDUCAÇÃO";"365";"EDUCAÇÃO INFANTIL";"2023";"3198";"";"0";"0";"100012604";"FOLHA DE PAGAMENTO";"45780103000150";"";"0";"PROPRIA";"31901101";"VENCIMENTO E SALARIOS";"FOLHA DE PAGAMENTO";"194131.95";"2023";"L";"27/01/2023";"0";"01/01/2023";"31/01/2023";"13"
"UNIDADE DE GESTÃO DE EDUCAÇÃO";"12";"EDUCAÇÃO";"365";"EDUCAÇÃO INFANTIL";"2023";"3199";"";"0";"0";"100012604";"FOLHA DE PAGAMENTO";"45780103000150";"";"0";"PROPRIA";"31901107";"ABONO DE PERMANENCIA";"FOLHA DE PAGAMENTO";"1522.04";"2023";"L";"27/01/2023";"0";"01/01/2023";"31/01/2023";"13"
"UNIDADE DE GESTÃO DE EDUCAÇÃO";"12";"EDUCAÇÃO";"365";"EDUCAÇÃO INFANTIL";"2023";"3200";"";"0";"0";"100012604";"FOLHA DE PAGAMENTO";"45780103000150";"";"0";"PROPRIA";"31901133";"GRATIFICACOES POR EXERCICIO DE  FUNCOES";"FOLHA DE PAGAMENTO";"455.28";"2023";"L";"27/01/2023";"0";"01/01/2023";"31/01/2023";"13"
"UNIDADE DE GESTÃO DE EDUCAÇÃO";"12";"EDUCAÇÃO";"365";"EDUCAÇÃO INFANTIL";"2023";"3201";"";"0";"0";"100012604";"FOLHA DE PAGAMENTO";"45780103000150";"";"0";"PROPRIA";"31901137";"GRATIFICACOES POR TEMPO DE SERVICO";"FOLHA DE PAGAMENTO";"12468.81";"2023";"L";"27/01/2023";"0";"01/01/2023";"31/01/2023";"13"
"UNIDADE DE GESTÃO DE EDUCAÇÃO";"12";"EDUCAÇÃO";"365";"EDUCAÇÃO INFANTIL";"2023";"3202";"";"0";"0";"100012604";"FOLHA DE PAGAMENTO";"45780103000150";"";"0";"PROPRIA";"31901147";"LICENÇA PRÊMIO";"FOLHA DE PAGAMENTO";"7640.99";"2023";"L";"27/01/2023";"0";"01/01/2023";"31/01/2023";"13"
"UNIDADE DE GESTÃO DE EDUCAÇÃO";"12";"EDUCAÇÃO";"365";"EDUCAÇÃO INFANTIL";"2023";"3203";"";"0";"0";"100004453";"IPREJUN-INST.PREVIDENCIA DO MUN.JUNDIAI";"05507216000161";"";"0";"PROPRIA";"31911308";"CONTRIBUIÇÕES PREVIDENCIÁRIAS - RPPS - PESSOAL ATI";"FOLHA DE PAGAMENTO";"58774.08";"2023";"L";"27/01/2023";"0";"01/01/2023";"31/01/2023";"13"
"UNIDADE DE GESTÃO DE EDUCAÇÃO";"12";"EDUCAÇÃO";"365";"EDUCAÇÃO INFANTIL";"2023";"3204";"";"0";"0";"100004453";"IPREJUN-INST.PREVIDENCIA DO MUN.JUNDIAI";"05507216000161";"";"0";"PROPRIA";"31911320";"ALÍQUOTA SUPLEMENTAR DE CONTRIBUIÇÃO PREVIDENCIÁRI";"FOLHA DE PAGAMENTO";"78009.91";"2023";"L";"27/01/2023";"0";"01/01/2023";"31/01/2023";"13"
"UNIDADE DE GESTÃO DE EDUCAÇÃO";"12";"EDUCAÇÃO";"365";"EDUCAÇÃO INFANTIL";"2023";"3205";"";"0";"0";"100012604";"FOLHA DE PAGAMENTO";"45780103000150";"";"0";"PROPRIA";"33904901";"INDENIZACAO AUXILIO TRANSPORTE";"FOLHA DE PAGAMENTO";"13156";"2023";"L";"27/01/2023";"0";"01/01/2023";"31/01/2023";"13"
"UNIDADE DE GESTÃO DE EDUCAÇÃO";"12";"EDUCAÇÃO";"361";"ENSINO FUNDAMENTAL";"2023";"3206";"";"0";"0";"100012604";"FOLHA DE PAGAMENTO";"45780103000150";"";"0";"PROPRIA";"31901101";"VENCIMENTO E SALARIOS";"FOLHA DE PAGAMENTO";"8895.51";"2023";"L";"27/01/2023";"0";"01/01/2023";"31/01/2023";"13"
"UNIDADE DE GESTÃO DE EDUCAÇÃO";"12";"EDUCAÇÃO";"361";"ENSINO FUNDAMENTAL";"2023";"3207";"";"0";"0";"100012604";"FOLHA DE PAGAMENTO";"45780103000150";"";"0";"PROPRIA";"31901104";"ADICIONAL NOTURNO";"FOLHA DE PAGAMENTO";"75.41";"2023";"L";"27/01/2023";"0";"01/01/2023";"31/01/2023";"13"
"UNIDADE DE GESTÃO DE EDUCAÇÃO";"12";"EDUCAÇÃO";"361";"ENSINO FUNDAMENTAL";"2023";"3208";"";"0";"0";"100012604";"FOLHA DE PAGAMENTO";"45780103000150";"";"0";"PROPRIA";"31901107";"ABONO DE PERMANENCIA";"FOLHA DE PAGAMENTO";"531";"2023";"L";"27/01/2023";"0";"01/01/2023";"31/01/2023";"13"
"UNIDADE DE GESTÃO DE EDUCAÇÃO";"12";"EDUCAÇÃO";"361";"ENSINO FUNDAMENTAL";"2023";"3209";"";"0";"0";"100012604";"FOLHA DE PAGAMENTO";"45780103000150";"";"0";"PROPRIA";"31901137";"GRATIFICACOES POR TEMPO DE SERVICO";"FOLHA DE PAGAMENTO";"397.4";"2023";"L";"27/01/2023";"0";"01/01/2023";"31/01/2023";"13"
"UNIDADE DE GESTÃO DE EDUCAÇÃO";"12";"EDUCAÇÃO";"361";"ENSINO FUNDAMENTAL";"2023";"3210";"";"0";"0";"100004453";"IPREJUN-INST.PREVIDENCIA DO MUN.JUNDIAI";"05507216000161";"";"0";"PROPRIA";"31911308";"CONTRIBUIÇÕES PREVIDENCIÁRIAS - RPPS - PESSOAL ATI";"FOLHA DE PAGAMENTO";"2781.13";"2023";"L";"27/01/2023";"0";"01/01/2023";"31/01/2023";"13"
"UNIDADE DE GESTÃO DE EDUCAÇÃO";"12";"EDUCAÇÃO";"361";"ENSINO FUNDAMENTAL";"2023";"3211";"";"0";"0";"100004453";"IPREJUN-INST.PREVIDENCIA DO MUN.JUNDIAI";"05507216000161";"";"0";"PROPRIA";"31911320";"ALÍQUOTA SUPLEMENTAR DE CONTRIBUIÇÃO PREVIDENCIÁRI";"FOLHA DE PAGAMENTO";"3691.34";"2023";"L";"27/01/2023";"0";"01/01/2023";"31/01/2023";"13"
"UNIDADE DE GESTÃO DE EDUCAÇÃO";"12";"EDUCAÇÃO";"361";"ENSINO FUNDAMENTAL";"2023";"3212";"";"0";"0";"100012604";"FOLHA DE PAGAMENTO";"45780103000150";"";"0";"PROPRIA";"33904901";"INDENIZACAO AUXILIO TRANSPORTE";"FOLHA DE PAGAMENTO";"704";"2023";"L";"27/01/2023";"0";"01/01/2023";"31/01/2023";"13"
"UNIDADE DE GESTÃO DE EDUCAÇÃO";"12";"EDUCAÇÃO";"361";"ENSINO FUNDAMENTAL";"2023";"3213";"";"0";"0";"100012604";"FOLHA DE PAGAMENTO";"45780103000150";"";"0";"PROPRIA";"31901101";"VENCIMENTO E SALARIOS";"FOLHA DE PAGAMENTO";"312804.85";"2023";"L";"27/01/2023";"0";"01/01/2023";"31/01/2023";"13"
"UNIDADE DE GESTÃO DE EDUCAÇÃO";"12";"EDUCAÇÃO";"361";"ENSINO FUNDAMENTAL";"2023";"3214";"";"0";"0";"100012604";"FOLHA DE PAGAMENTO";"45780103000150";"";"0";"PROPRIA";"31901101";"VENCIMENTO E SALARIOS";"FOLHA DE PAGAMENTO";"6493.82";"2023";"L";"27/01/2023";"0";"01/01/2023";"31/01/2023";"13"
"UNIDADE DE GESTÃO DE EDUCAÇÃO";"12";"EDUCAÇÃO";"361";"ENSINO FUNDAMENTAL";"2023";"3215";"";"0";"0";"100012604";"FOLHA DE PAGAMENTO";"45780103000150";"";"0";"PROPRIA";"31901104";"ADICIONAL NOTURNO";"FOLHA DE PAGAMENTO";"55.59";"2023";"L";"27/01/2023";"0";"01/01/2023";"31/01/2023";"13"
"UNIDADE DE GESTÃO DE EDUCAÇÃO";"12";"EDUCAÇÃO";"361";"ENSINO FUNDAMENTAL";"2023";"3216";"";"0";"0";"100012604";"FOLHA DE PAGAMENTO";"45780103000150";"";"0";"PROPRIA";"31901107";"ABONO DE PERMANENCIA";"FOLHA DE PAGAMENTO";"1567.41";"2023";"L";"27/01/2023";"0";"01/01/2023";"31/01/2023";"13"
"UNIDADE DE GESTÃO DE EDUCAÇÃO";"12";"EDUCAÇÃO";"361";"ENSINO FUNDAMENTAL";"2023";"3217";"";"0";"0";"100012604";"FOLHA DE PAGAMENTO";"45780103000150";"";"0";"PROPRIA";"31901133";"GRATIFICACOES POR EXERCICIO DE  FUNCOES";"FOLHA DE PAGAMENTO";"1000.2";"2023";"L";"27/01/2023";"0";"01/01/2023";"31/01/2023";"13"
"UNIDADE DE GESTÃO DE EDUCAÇÃO";"12";"EDUCAÇÃO";"361";"ENSINO FUNDAMENTAL";"2023";"3218";"";"0";"0";"100012604";"FOLHA DE PAGAMENTO";"45780103000150";"";"0";"PROPRIA";"31901137";"GRATIFICACOES POR TEMPO DE SERVICO";"FOLHA DE PAGAMENTO";"24103.69";"2023";"L";"27/01/2023";"0";"01/01/2023";"31/01/2023";"13"
"UNIDADE DE GESTÃO DE EDUCAÇÃO";"12";"EDUCAÇÃO";"361";"ENSINO FUNDAMENTAL";"2023";"3219";"";"0";"0";"100012604";"FOLHA DE PAGAMENTO";"45780103000150";"";"0";"PROPRIA";"31901137";"GRATIFICACOES POR TEMPO DE SERVICO";"FOLHA DE PAGAMENTO";"1697.91";"2023";"L";"27/01/2023";"0";"01/01/2023";"31/01/2023";"13"
"UNIDADE DE GESTÃO DE EDUCAÇÃO";"12";"EDUCAÇÃO";"361";"ENSINO FUNDAMENTAL";"2023";"3220";"";"0";"0";"100012604";"FOLHA DE PAGAMENTO";"45780103000150";"";"0";"PROPRIA";"31901145";"FÉRIAS - ABONO CONSTITUICOES";"FOLHA DE PAGAMENTO";"163.48";"2023";"L";"27/01/2023";"0";"01/01/2023";"31/01/2023";"13"
"UNIDADE DE GESTÃO DE EDUCAÇÃO";"12";"EDUCAÇÃO";"361";"ENSINO FUNDAMENTAL";"2023";"3221";"";"0";"0";"100012604";"FOLHA DE PAGAMENTO";"45780103000150";"";"0";"PROPRIA";"31901147";"LICENÇA PRÊMIO";"FOLHA DE PAGAMENTO";"6950.37";"2023";"L";"27/01/2023";"0";"01/01/2023";"31/01/2023";"13"
"UNIDADE DE GESTÃO DE EDUCAÇÃO";"12";"EDUCAÇÃO";"361";"ENSINO FUNDAMENTAL";"2023";"3222";"";"0";"0";"4000055";"FUNDO DE GARANTIA POR TEMPO DE SERVICO";"00360305000104";"";"0";"PROPRIA";"31901301";"FGTS";"FOLHA DE PAGAMENTO";"1178.15";"2023";"L";"27/01/2023";"0";"01/01/2023";"31/01/2023";"13"
"UNIDADE DE GESTÃO DE EDUCAÇÃO";"12";"EDUCAÇÃO";"361";"ENSINO FUNDAMENTAL";"2023";"3223";"";"0";"0";"4016168";"I.N.S.S -INST.NACIONAL DE SEGURO SOCIAL";"29979036000140";"";"0";"PROPRIA";"31901302";"CONTRIBUICOES PREVIDENCIARIAS - INSS";"FOLHA DE PAGAMENTO";"3092.67";"2023";"L";"27/01/2023";"0";"01/01/2023";"31/01/2023";"13"
"UNIDADE DE GESTÃO DE EDUCAÇÃO";"12";"EDUCAÇÃO";"361";"ENSINO FUNDAMENTAL";"2023";"3224";"";"0";"0";"100004453";"IPREJUN-INST.PREVIDENCIA DO MUN.JUNDIAI";"05507216000161";"";"0";"PROPRIA";"31911308";"CONTRIBUIÇÕES PREVIDENCIÁRIAS - RPPS - PESSOAL ATI";"FOLHA DE PAGAMENTO";"93902.71";"2023";"L";"27/01/2023";"0";"01/01/2023";"31/01/2023";"13"
"UNIDADE DE GESTÃO DE EDUCAÇÃO";"12";"EDUCAÇÃO";"361";"ENSINO FUNDAMENTAL";"2023";"3225";"";"0";"0";"100004453";"IPREJUN-INST.PREVIDENCIA DO MUN.JUNDIAI";"05507216000161";"";"0";"PROPRIA";"31911320";"ALÍQUOTA SUPLEMENTAR DE CONTRIBUIÇÃO PREVIDENCIÁRI";"FOLHA DE PAGAMENTO";"124635.77";"2023";"L";"27/01/2023";"0";"01/01/2023";"31/01/2023";"13"
"UNIDADE DE GESTÃO DE EDUCAÇÃO";"12";"EDUCAÇÃO";"361";"ENSINO FUNDAMENTAL";"2023";"3226";"";"0";"0";"100012604";"FOLHA DE PAGAMENTO";"45780103000150";"";"0";"PROPRIA";"33904901";"INDENIZACAO AUXILIO TRANSPORTE";"FOLHA DE PAGAMENTO";"20218";"2023";"L";"27/01/2023";"0";"01/01/2023";"31/01/2023";"13"
"UNIDADE DE GESTÃO DE EDUCAÇÃO";"12";"EDUCAÇÃO";"361";"ENSINO FUNDAMENTAL";"2023";"3227";"";"0";"0";"100012604";"FOLHA DE PAGAMENTO";"45780103000150";"";"0";"PROPRIA";"33904901";"INDENIZACAO AUXILIO TRANSPORTE";"FOLHA DE PAGAMENTO";"550";"2023";"L";"27/01/2023";"0";"01/01/2023";"31/01/2023";"13"
"UNIDADE DE GESTÃO DE EDUCAÇÃO";"12";"EDUCAÇÃO";"122";"ADMINISTRAÇÃO GERAL";"2023";"3228";"";"0";"0";"100012604";"FOLHA DE PAGAMENTO";"45780103000150";"";"0";"PROPRIA";"31901101";"VENCIMENTO E SALARIOS";"FOLHA DE PAGAMENTO";"51686.46";"2023";"L";"27/01/2023";"0";"01/01/2023";"31/01/2023";"13"
"UNIDADE DE GESTÃO DE EDUCAÇÃO";"12";"EDUCAÇÃO";"122";"ADMINISTRAÇÃO GERAL";"2023";"3229";"";"0";"0";"100012604";"FOLHA DE PAGAMENTO";"45780103000150";"";"0";"PROPRIA";"31901104";"ADICIONAL NOTURNO";"FOLHA DE PAGAMENTO";"247.3";"2023";"L";"27/01/2023";"0";"01/01/2023";"31/01/2023";"13"
"UNIDADE DE GESTÃO DE EDUCAÇÃO";"12";"EDUCAÇÃO";"122";"ADMINISTRAÇÃO GERAL";"2023";"3230";"";"0";"0";"100012604";"FOLHA DE PAGAMENTO";"45780103000150";"";"0";"PROPRIA";"31901107";"ABONO DE PERMANENCIA";"FOLHA DE PAGAMENTO";"440.03";"2023";"L";"27/01/2023";"0";"01/01/2023";"31/01/2023";"13"
"UNIDADE DE GESTÃO DE EDUCAÇÃO";"12";"EDUCAÇÃO";"122";"ADMINISTRAÇÃO GERAL";"2023";"3231";"";"0";"0";"100012604";"FOLHA DE PAGAMENTO";"45780103000150";"";"0";"PROPRIA";"31901133";"GRATIFICACOES POR EXERCICIO DE  FUNCOES";"FOLHA DE PAGAMENTO";"6319.11";"2023";"L";"27/01/2023";"0";"01/01/2023";"31/01/2023";"13"
"UNIDADE DE GESTÃO DE EDUCAÇÃO";"12";"EDUCAÇÃO";"122";"ADMINISTRAÇÃO GERAL";"2023";"3232";"";"0";"0";"100012604";"FOLHA DE PAGAMENTO";"45780103000150";"";"0";"PROPRIA";"31901137";"GRATIFICACOES POR TEMPO DE SERVICO";"FOLHA DE PAGAMENTO";"3292.15";"2023";"L";"27/01/2023";"0";"01/01/2023";"31/01/2023";"13"
"UNIDADE DE GESTÃO DE EDUCAÇÃO";"12";"EDUCAÇÃO";"122";"ADMINISTRAÇÃO GERAL";"2023";"3233";"";"0";"0";"100012604";"FOLHA DE PAGAMENTO";"45780103000150";"";"0";"PROPRIA";"31901145";"FÉRIAS - ABONO CONSTITUICOES";"FOLHA DE PAGAMENTO";"197.71";"2023";"L";"27/01/2023";"0";"01/01/2023";"31/01/2023";"13"
"UNIDADE DE GESTÃO DE EDUCAÇÃO";"12";"EDUCAÇÃO";"122";"ADMINISTRAÇÃO GERAL";"2023";"3234";"";"0";"0";"100012604";"FOLHA DE PAGAMENTO";"45780103000150";"";"0";"PROPRIA";"31901147";"LICENÇA PRÊMIO";"FOLHA DE PAGAMENTO";"6539.38";"2023";"L";"27/01/2023";"0";"01/01/2023";"31/01/2023";"13"
"UNIDADE DE GESTÃO DE EDUCAÇÃO";"12";"EDUCAÇÃO";"122";"ADMINISTRAÇÃO GERAL";"2023";"3235";"";"0";"0";"100012604";"FOLHA DE PAGAMENTO";"45780103000150";"";"0";"PROPRIA";"31901644";"SERVIÇOS EXTRAORDINÁRIOS";"FOLHA DE PAGAMENTO";"390.92";"2023";"L";"27/01/2023";"0";"01/01/2023";"31/01/2023";"13"
"UNIDADE DE GESTÃO DE EDUCAÇÃO";"12";"EDUCAÇÃO";"122";"ADMINISTRAÇÃO GERAL";"2023";"3236";"";"0";"0";"100004453";"IPREJUN-INST.PREVIDENCIA DO MUN.JUNDIAI";"05507216000161";"";"0";"PROPRIA";"31911308";"CONTRIBUIÇÕES PREVIDENCIÁRIAS - RPPS - PESSOAL ATI";"FOLHA DE PAGAMENTO";"22062.33";"2023";"L";"27/01/2023";"0";"01/01/2023";"31/01/2023";"13"
"UNIDADE DE GESTÃO DE EDUCAÇÃO";"12";"EDUCAÇÃO";"122";"ADMINISTRAÇÃO GERAL";"2023";"3237";"";"0";"0";"100004453";"IPREJUN-INST.PREVIDENCIA DO MUN.JUNDIAI";"05507216000161";"";"0";"PROPRIA";"31911320";"ALÍQUOTA SUPLEMENTAR DE CONTRIBUIÇÃO PREVIDENCIÁRI";"FOLHA DE PAGAMENTO";"29283.04";"2023";"L";"27/01/2023";"0";"01/01/2023";"31/01/2023";"13"
"UNIDADE DE GESTÃO DE EDUCAÇÃO";"12";"EDUCAÇÃO";"122";"ADMINISTRAÇÃO GERAL";"2023";"3238";"";"0";"0";"100012604";"FOLHA DE PAGAMENTO";"45780103000150";"";"0";"PROPRIA";"33904901";"INDENIZACAO AUXILIO TRANSPORTE";"FOLHA DE PAGAMENTO";"880";"2023";"L";"27/01/2023";"0";"01/01/2023";"31/01/2023";"13"
"UNIDADE DE GESTÃO DE PROMOÇÃO DA SAÚDE";"10";"SAÚDE";"122";"ADMINISTRAÇÃO GERAL";"2023";"3239";"";"0";"0";"100012604";"FOLHA DE PAGAMENTO";"45780103000150";"";"0";"PROPRIA";"31901101";"VENCIMENTO E SALARIOS";"FOLHA DE PAGAMENTO";"659090.87";"2023";"L";"27/01/2023";"0";"01/01/2023";"31/01/2023";"14"
"UNIDADE DE GESTÃO DE PROMOÇÃO DA SAÚDE";"10";"SAÚDE";"122";"ADMINISTRAÇÃO GERAL";"2023";"3240";"";"0";"0";"100012604";"FOLHA DE PAGAMENTO";"45780103000150";"";"0";"PROPRIA";"31901101";"VENCIMENTO E SALARIOS";"FOLHA DE PAGAMENTO";"10697.74";"2023";"L";"27/01/2023";"0";"01/01/2023";"31/01/2023";"14"
"UNIDADE DE GESTÃO DE PROMOÇÃO DA SAÚDE";"10";"SAÚDE";"122";"ADMINISTRAÇÃO GERAL";"2023";"3241";"";"0";"0";"100012604";"FOLHA DE PAGAMENTO";"45780103000150";"";"0";"PROPRIA";"31901107";"ABONO DE PERMANENCIA";"FOLHA DE PAGAMENTO";"7894.9";"2023";"L";"27/01/2023";"0";"01/01/2023";"31/01/2023";"14"
"UNIDADE DE GESTÃO DE PROMOÇÃO DA SAÚDE";"10";"SAÚDE";"122";"ADMINISTRAÇÃO GERAL";"2023";"3242";"";"0";"0";"100012604";"FOLHA DE PAGAMENTO";"45780103000150";"";"0";"PROPRIA";"31901110";"ADICIONAL DE INSALUBRIDADE";"FOLHA DE PAGAMENTO";"25914.56";"2023";"L";"27/01/2023";"0";"01/01/2023";"31/01/2023";"14"
"UNIDADE DE GESTÃO DE PROMOÇÃO DA SAÚDE";"10";"SAÚDE";"122";"ADMINISTRAÇÃO GERAL";"2023";"3243";"";"0";"0";"100012604";"FOLHA DE PAGAMENTO";"45780103000150";"";"0";"PROPRIA";"31901110";"ADICIONAL DE INSALUBRIDADE";"FOLHA DE PAGAMENTO";"399.28";"2023";"L";"27/01/2023";"0";"01/01/2023";"31/01/2023";"14"
"UNIDADE DE GESTÃO DE PROMOÇÃO DA SAÚDE";"10";"SAÚDE";"122";"ADMINISTRAÇÃO GERAL";"2023";"3244";"";"0";"0";"100012604";"FOLHA DE PAGAMENTO";"45780103000150";"";"0";"PROPRIA";"31901131";"GRATIFICACOES POR EXERCICIO DE  CARGO";"FOLHA DE PAGAMENTO";"1662.3";"2023";"L";"27/01/2023";"0";"01/01/2023";"31/01/2023";"14"
"UNIDADE DE GESTÃO DE PROMOÇÃO DA SAÚDE";"10";"SAÚDE";"122";"ADMINISTRAÇÃO GERAL";"2023";"3245";"";"0";"0";"100012604";"FOLHA DE PAGAMENTO";"45780103000150";"";"0";"PROPRIA";"31901133";"GRATIFICACOES POR EXERCICIO DE  FUNCOES";"FOLHA DE PAGAMENTO";"17861.32";"2023";"L";"27/01/2023";"0";"01/01/2023";"31/01/2023";"14"
"UNIDADE DE GESTÃO DE PROMOÇÃO DA SAÚDE";"10";"SAÚDE";"122";"ADMINISTRAÇÃO GERAL";"2023";"3246";"";"0";"0";"100012604";"FOLHA DE PAGAMENTO";"45780103000150";"";"0";"PROPRIA";"31901137";"GRATIFICACOES POR TEMPO DE SERVICO";"FOLHA DE PAGAMENTO";"68963.08";"2023";"L";"27/01/2023";"0";"01/01/2023";"31/01/2023";"14"
"UNIDADE DE GESTÃO DE PROMOÇÃO DA SAÚDE";"10";"SAÚDE";"122";"ADMINISTRAÇÃO GERAL";"2023";"3247";"";"0";"0";"100012604";"FOLHA DE PAGAMENTO";"45780103000150";"";"0";"PROPRIA";"31901137";"GRATIFICACOES POR TEMPO DE SERVICO";"FOLHA DE PAGAMENTO";"3080.14";"2023";"L";"27/01/2023";"0";"01/01/2023";"31/01/2023";"14"
"UNIDADE DE GESTÃO DE PROMOÇÃO DA SAÚDE";"10";"SAÚDE";"122";"ADMINISTRAÇÃO GERAL";"2023";"3248";"";"0";"0";"100012604";"FOLHA DE PAGAMENTO";"45780103000150";"";"0";"PROPRIA";"31901144";"FÉRIAS - ABONO PECUNIARIO";"FOLHA DE PAGAMENTO";"27.13";"2023";"L";"27/01/2023";"0";"01/01/2023";"31/01/2023";"14"
"UNIDADE DE GESTÃO DE PROMOÇÃO DA SAÚDE";"10";"SAÚDE";"122";"ADMINISTRAÇÃO GERAL";"2023";"3249";"";"0";"0";"100012604";"FOLHA DE PAGAMENTO";"45780103000150";"";"0";"PROPRIA";"31901145";"FÉRIAS - ABONO CONSTITUICOES";"FOLHA DE PAGAMENTO";"0.8";"2023";"L";"27/01/2023";"0";"01/01/2023";"31/01/2023";"14"
"UNIDADE DE GESTÃO DE PROMOÇÃO DA SAÚDE";"10";"SAÚDE";"122";"ADMINISTRAÇÃO GERAL";"2023";"3250";"";"0";"0";"100012604";"FOLHA DE PAGAMENTO";"45780103000150";"";"0";"PROPRIA";"31901145";"FÉRIAS - ABONO CONSTITUICOES";"FOLHA DE PAGAMENTO";"182.85";"2023";"L";"27/01/2023";"0";"01/01/2023";"31/01/2023";"14"
"UNIDADE DE GESTÃO DE PROMOÇÃO DA SAÚDE";"10";"SAÚDE";"122";"ADMINISTRAÇÃO GERAL";"2023";"3251";"";"0";"0";"100012604";"FOLHA DE PAGAMENTO";"45780103000150";"";"0";"PROPRIA";"31901147";"LICENÇA PRÊMIO";"FOLHA DE PAGAMENTO";"49672.51";"2023";"L";"27/01/2023";"0";"01/01/2023";"31/01/2023";"14"
"UNIDADE DE GESTÃO DE PROMOÇÃO DA SAÚDE";"10";"SAÚDE";"122";"ADMINISTRAÇÃO GERAL";"2023";"3252";"";"0";"0";"100012604";"FOLHA DE PAGAMENTO";"45780103000150";"";"0";"PROPRIA";"31901151";"OUTROS ADICIONAIS. VANTAGENS. GRATIFICAÇÕES E OUTR";"FOLHA DE PAGAMENTO";"13587.15";"2023";"L";"27/01/2023";"0";"01/01/2023";"31/01/2023";"14"
"UNIDADE DE GESTÃO DE PROMOÇÃO DA SAÚDE";"10";"SAÚDE";"122";"ADMINISTRAÇÃO GERAL";"2023";"3253";"";"0";"0";"4000055";"FUNDO DE GARANTIA POR TEMPO DE SERVICO";"00360305000104";"";"0";"PROPRIA";"31901301";"FGTS";"FOLHA DE PAGAMENTO";"2478.54";"2023";"L";"27/01/2023";"0";"01/01/2023";"31/01/2023";"14"
"UNIDADE DE GESTÃO DE PROMOÇÃO DA SAÚDE";"10";"SAÚDE";"122";"ADMINISTRAÇÃO GERAL";"2023";"3254";"";"0";"0";"4016168";"I.N.S.S -INST.NACIONAL DE SEGURO SOCIAL";"29979036000140";"";"0";"PROPRIA";"31901302";"CONTRIBUICOES PREVIDENCIARIAS - INSS";"FOLHA DE PAGAMENTO";"8365.11";"2023";"L";"27/01/2023";"0";"01/01/2023";"31/01/2023";"14"
"UNIDADE DE GESTÃO DE PROMOÇÃO DA SAÚDE";"10";"SAÚDE";"122";"ADMINISTRAÇÃO GERAL";"2023";"3255";"";"0";"0";"100012604";"FOLHA DE PAGAMENTO";"45780103000150";"";"0";"PROPRIA";"31901644";"SERVIÇOS EXTRAORDINÁRIOS";"FOLHA DE PAGAMENTO";"58058.58";"2023";"L";"27/01/2023";"0";"01/01/2023";"31/01/2023";"14"
"UNIDADE DE GESTÃO DE PROMOÇÃO DA SAÚDE";"10";"SAÚDE";"122";"ADMINISTRAÇÃO GERAL";"2023";"3256";"";"0";"0";"100012604";"FOLHA DE PAGAMENTO";"45780103000150";"";"0";"PROPRIA";"31901644";"SERVIÇOS EXTRAORDINÁRIOS";"FOLHA DE PAGAMENTO";"1416.1";"2023";"L";"27/01/2023";"0";"01/01/2023";"31/01/2023";"14"
"UNIDADE DE GESTÃO DE PROMOÇÃO DA SAÚDE";"10";"SAÚDE";"122";"ADMINISTRAÇÃO GERAL";"2023";"3257";"";"0";"0";"100004453";"IPREJUN-INST.PREVIDENCIA DO MUN.JUNDIAI";"05507216000161";"";"0";"PROPRIA";"31911308";"CONTRIBUIÇÕES PREVIDENCIÁRIAS - RPPS - PESSOAL ATI";"FOLHA DE PAGAMENTO";"178938.08";"2023";"L";"27/01/2023";"0";"01/01/2023";"31/01/2023";"14"
"UNIDADE DE GESTÃO DE PROMOÇÃO DA SAÚDE";"10";"SAÚDE";"122";"ADMINISTRAÇÃO GERAL";"2023";"3258";"";"0";"0";"100004453";"IPREJUN-INST.PREVIDENCIA DO MUN.JUNDIAI";"05507216000161";"";"0";"PROPRIA";"31911320";"ALÍQUOTA SUPLEMENTAR DE CONTRIBUIÇÃO PREVIDENCIÁRI";"FOLHA DE PAGAMENTO";"237502.02";"2023";"L";"27/01/2023";"0";"01/01/2023";"31/01/2023";"14"
"UNIDADE DE GESTÃO DE PROMOÇÃO DA SAÚDE";"10";"SAÚDE";"122";"ADMINISTRAÇÃO GERAL";"2023";"3259";"";"0";"0";"100012604";"FOLHA DE PAGAMENTO";"45780103000150";"";"0";"PROPRIA";"33904901";"INDENIZACAO AUXILIO TRANSPORTE";"FOLHA DE PAGAMENTO";"638";"2023";"L";"27/01/2023";"0";"01/01/2023";"31/01/2023";"14"
"UNIDADE DE GESTÃO DE PROMOÇÃO DA SAÚDE";"10";"SAÚDE";"122";"ADMINISTRAÇÃO GERAL";"2023";"3260";"";"0";"0";"100012604";"FOLHA DE PAGAMENTO";"45780103000150";"";"0";"PROPRIA";"33904901";"INDENIZACAO AUXILIO TRANSPORTE";"FOLHA DE PAGAMENTO";"39952";"2023";"L";"27/01/2023";"0";"01/01/2023";"31/01/2023";"14"
"UNIDADE DE GESTÃO DE PROMOÇÃO DA SAÚDE";"10";"SAÚDE";"302";"ASSISTÊNCIA HOSPITALAR E AMBULATORIAL";"2023";"3261";"";"0";"0";"100012604";"FOLHA DE PAGAMENTO";"45780103000150";"";"0";"PROPRIA";"31901151";"OUTROS ADICIONAIS. VANTAGENS. GRATIFICAÇÕES E OUTR";"FOLHA DE PAGAMENTO";"37157.42";"2023";"L";"27/01/2023";"0";"01/01/2023";"31/01/2023";"14"
"UNIDADE DE GESTÃO DE PROMOÇÃO DA SAÚDE";"10";"SAÚDE";"122";"ADMINISTRAÇÃO GERAL";"2023";"3262";"";"0";"0";"100012604";"FOLHA DE PAGAMENTO";"45780103000150";"";"0";"PROPRIA";"31900411";"SALÁRIOS - CONTRATO TEMPORÁRIO";"FOLHA DE PAGAMENTO";"4651.04";"2023";"L";"27/01/2023";"0";"01/01/2023";"31/01/2023";"14"
"UNIDADE DE GESTÃO DE PROMOÇÃO DA SAÚDE";"10";"SAÚDE";"122";"ADMINISTRAÇÃO GERAL";"2023";"3263";"";"0";"0";"4016168";"I.N.S.S -INST.NACIONAL DE SEGURO SOCIAL";"29979036000140";"";"0";"PROPRIA";"31900416";"OBRIGAÇÕES PATRONAIS - INSS - CONTRATO TEMPORÁRIO";"FOLHA DE PAGAMENTO";"1563.67";"2023";"L";"27/01/2023";"0";"01/01/2023";"31/01/2023";"14"
"UNIDADE DE GESTÃO DE PROMOÇÃO DA SAÚDE";"10";"SAÚDE";"122";"ADMINISTRAÇÃO GERAL";"2023";"3264";"";"0";"0";"4000055";"FUNDO DE GARANTIA POR TEMPO DE SERVICO";"00360305000104";"";"0";"PROPRIA";"31900417";"OBRIGAÇÕES PATRONAIS - FGTS - CONTRATO TEMPORÁRIO";"FOLHA DE PAGAMENTO";"595.68";"2023";"L";"27/01/2023";"0";"01/01/2023";"31/01/2023";"14"
"UNIDADE DE GESTÃO DE PROMOÇÃO DA SAÚDE";"10";"SAÚDE";"122";"ADMINISTRAÇÃO GERAL";"2023";"3265";"";"0";"0";"100012604";"FOLHA DE PAGAMENTO";"45780103000150";"";"0";"PROPRIA";"31901101";"VENCIMENTO E SALARIOS";"FOLHA DE PAGAMENTO";"165736.71";"2023";"L";"27/01/2023";"0";"01/01/2023";"31/01/2023";"14"
"UNIDADE DE GESTÃO DE PROMOÇÃO DA SAÚDE";"10";"SAÚDE";"122";"ADMINISTRAÇÃO GERAL";"2023";"3266";"";"0";"0";"100012604";"FOLHA DE PAGAMENTO";"45780103000150";"";"0";"PROPRIA";"31901101";"VENCIMENTO E SALARIOS";"FOLHA DE PAGAMENTO";"33678.01";"2023";"L";"27/01/2023";"0";"01/01/2023";"31/01/2023";"14"
"UNIDADE DE GESTÃO DE PROMOÇÃO DA SAÚDE";"10";"SAÚDE";"122";"ADMINISTRAÇÃO GERAL";"2023";"3267";"";"0";"0";"100012604";"FOLHA DE PAGAMENTO";"45780103000150";"";"0";"PROPRIA";"31901101";"VENCIMENTO E SALARIOS";"FOLHA DE PAGAMENTO";"5033.83";"2023";"L";"27/01/2023";"0";"01/01/2023";"31/01/2023";"14"
"UNIDADE DE GESTÃO DE PROMOÇÃO DA SAÚDE";"10";"SAÚDE";"122";"ADMINISTRAÇÃO GERAL";"2023";"3268";"";"0";"0";"100012604";"FOLHA DE PAGAMENTO";"45780103000150";"";"0";"PROPRIA";"31901105";"INCORPORADOS";"FOLHA DE PAGAMENTO";"1070.73";"2023";"L";"27/01/2023";"0";"01/01/2023";"31/01/2023";"14"
"UNIDADE DE GESTÃO DE PROMOÇÃO DA SAÚDE";"10";"SAÚDE";"122";"ADMINISTRAÇÃO GERAL";"2023";"3269";"";"0";"0";"100012604";"FOLHA DE PAGAMENTO";"45780103000150";"";"0";"PROPRIA";"31901107";"ABONO DE PERMANENCIA";"FOLHA DE PAGAMENTO";"5101.43";"2023";"L";"27/01/2023";"0";"01/01/2023";"31/01/2023";"14"
"UNIDADE DE GESTÃO DE PROMOÇÃO DA SAÚDE";"10";"SAÚDE";"122";"ADMINISTRAÇÃO GERAL";"2023";"3270";"";"0";"0";"100012604";"FOLHA DE PAGAMENTO";"45780103000150";"";"0";"PROPRIA";"31901110";"ADICIONAL DE INSALUBRIDADE";"FOLHA DE PAGAMENTO";"4999.68";"2023";"L";"27/01/2023";"0";"01/01/2023";"31/01/2023";"14"
"UNIDADE DE GESTÃO DE PROMOÇÃO DA SAÚDE";"10";"SAÚDE";"122";"ADMINISTRAÇÃO GERAL";"2023";"3271";"";"0";"0";"100012604";"FOLHA DE PAGAMENTO";"45780103000150";"";"0";"PROPRIA";"31901131";"GRATIFICACOES POR EXERCICIO DE  CARGO";"FOLHA DE PAGAMENTO";"4874.36";"2023";"L";"27/01/2023";"0";"01/01/2023";"31/01/2023";"14"
"UNIDADE DE GESTÃO DE PROMOÇÃO DA SAÚDE";"10";"SAÚDE";"122";"ADMINISTRAÇÃO GERAL";"2023";"3272";"";"0";"0";"100012604";"FOLHA DE PAGAMENTO";"45780103000150";"";"0";"PROPRIA";"31901133";"GRATIFICACOES POR EXERCICIO DE  FUNCOES";"FOLHA DE PAGAMENTO";"4487";"2023";"L";"27/01/2023";"0";"01/01/2023";"31/01/2023";"14"
"UNIDADE DE GESTÃO DE PROMOÇÃO DA SAÚDE";"10";"SAÚDE";"122";"ADMINISTRAÇÃO GERAL";"2023";"3273";"";"0";"0";"100012604";"FOLHA DE PAGAMENTO";"45780103000150";"";"0";"PROPRIA";"31901137";"GRATIFICACOES POR TEMPO DE SERVICO";"FOLHA DE PAGAMENTO";"1761.84";"2023";"L";"27/01/2023";"0";"01/01/2023";"31/01/2023";"14"
"UNIDADE DE GESTÃO DE PROMOÇÃO DA SAÚDE";"10";"SAÚDE";"122";"ADMINISTRAÇÃO GERAL";"2023";"3274";"";"0";"0";"100012604";"FOLHA DE PAGAMENTO";"45780103000150";"";"0";"PROPRIA";"31901137";"GRATIFICACOES POR TEMPO DE SERVICO";"FOLHA DE PAGAMENTO";"19792.94";"2023";"L";"27/01/2023";"0";"01/01/2023";"31/01/2023";"14"
"UNIDADE DE GESTÃO DE PROMOÇÃO DA SAÚDE";"10";"SAÚDE";"122";"ADMINISTRAÇÃO GERAL";"2023";"3275";"";"0";"0";"100012604";"FOLHA DE PAGAMENTO";"45780103000150";"";"0";"PROPRIA";"31901145";"FÉRIAS - ABONO CONSTITUICOES";"FOLHA DE PAGAMENTO";"1";"2023";"L";"27/01/2023";"0";"01/01/2023";"31/01/2023";"14"
"UNIDADE DE GESTÃO DE PROMOÇÃO DA SAÚDE";"10";"SAÚDE";"122";"ADMINISTRAÇÃO GERAL";"2023";"3276";"";"0";"0";"100012604";"FOLHA DE PAGAMENTO";"45780103000150";"";"0";"PROPRIA";"31901147";"LICENÇA PRÊMIO";"FOLHA DE PAGAMENTO";"4121.48";"2023";"L";"27/01/2023";"0";"01/01/2023";"31/01/2023";"14"
"UNIDADE DE GESTÃO DE PROMOÇÃO DA SAÚDE";"10";"SAÚDE";"122";"ADMINISTRAÇÃO GERAL";"2023";"3277";"";"0";"0";"4000055";"FUNDO DE GARANTIA POR TEMPO DE SERVICO";"00360305000104";"";"0";"PROPRIA";"31901301";"FGTS";"FOLHA DE PAGAMENTO";"982.19";"2023";"L";"27/01/2023";"0";"01/01/2023";"31/01/2023";"14"
"UNIDADE DE GESTÃO DE PROMOÇÃO DA SAÚDE";"10";"SAÚDE";"122";"ADMINISTRAÇÃO GERAL";"2023";"3278";"";"0";"0";"4016168";"I.N.S.S -INST.NACIONAL DE SEGURO SOCIAL";"29979036000140";"";"0";"PROPRIA";"31901302";"CONTRIBUICOES PREVIDENCIARIAS - INSS";"FOLHA DE PAGAMENTO";"12848.08";"2023";"L";"27/01/2023";"0";"01/01/2023";"31/01/2023";"14"
"UNIDADE DE GESTÃO DE PROMOÇÃO DA SAÚDE";"10";"SAÚDE";"122";"ADMINISTRAÇÃO GERAL";"2023";"3279";"";"0";"0";"4016168";"I.N.S.S -INST.NACIONAL DE SEGURO SOCIAL";"29979036000140";"";"0";"PROPRIA";"31901302";"CONTRIBUICOES PREVIDENCIARIAS - INSS";"FOLHA DE PAGAMENTO";"2578.27";"2023";"L";"27/01/2023";"0";"01/01/2023";"31/01/2023";"14"
"UNIDADE DE GESTÃO DE PROMOÇÃO DA SAÚDE";"10";"SAÚDE";"122";"ADMINISTRAÇÃO GERAL";"2023";"3280";"";"0";"0";"100012604";"FOLHA DE PAGAMENTO";"45780103000150";"";"0";"PROPRIA";"31901632";"SUBSTITUIÇÕES  RPPS";"FOLHA DE PAGAMENTO";"2249.08";"2023";"L";"27/01/2023";"0";"01/01/2023";"31/01/2023";"14"
"UNIDADE DE GESTÃO DE PROMOÇÃO DA SAÚDE";"10";"SAÚDE";"122";"ADMINISTRAÇÃO GERAL";"2023";"3281";"";"0";"0";"100012604";"FOLHA DE PAGAMENTO";"45780103000150";"";"0";"PROPRIA";"31901644";"SERVIÇOS EXTRAORDINÁRIOS";"FOLHA DE PAGAMENTO";"1822.6";"2023";"L";"27/01/2023";"0";"01/01/2023";"31/01/2023";"14"
"UNIDADE DE GESTÃO DE PROMOÇÃO DA SAÚDE";"10";"SAÚDE";"122";"ADMINISTRAÇÃO GERAL";"2023";"3282";"";"0";"0";"100012604";"FOLHA DE PAGAMENTO";"45780103000150";"";"0";"PROPRIA";"31901644";"SERVIÇOS EXTRAORDINÁRIOS";"FOLHA DE PAGAMENTO";"15864.08";"2023";"L";"27/01/2023";"0";"01/01/2023";"31/01/2023";"14"
"UNIDADE DE GESTÃO DE PROMOÇÃO DA SAÚDE";"10";"SAÚDE";"122";"ADMINISTRAÇÃO GERAL";"2023";"3283";"";"0";"0";"100004453";"IPREJUN-INST.PREVIDENCIA DO MUN.JUNDIAI";"05507216000161";"";"0";"PROPRIA";"31911308";"CONTRIBUIÇÕES PREVIDENCIÁRIAS - RPPS - PESSOAL ATI";"FOLHA DE PAGAMENTO";"45633.66";"2023";"L";"27/01/2023";"0";"01/01/2023";"31/01/2023";"14"
"UNIDADE DE GESTÃO DE PROMOÇÃO DA SAÚDE";"10";"SAÚDE";"122";"ADMINISTRAÇÃO GERAL";"2023";"3284";"";"0";"0";"100004453";"IPREJUN-INST.PREVIDENCIA DO MUN.JUNDIAI";"05507216000161";"";"0";"PROPRIA";"31911320";"ALÍQUOTA SUPLEMENTAR DE CONTRIBUIÇÃO PREVIDENCIÁRI";"FOLHA DE PAGAMENTO";"60568.85";"2023";"L";"27/01/2023";"0";"01/01/2023";"31/01/2023";"14"
"UNIDADE DE GESTÃO DE PROMOÇÃO DA SAÚDE";"10";"SAÚDE";"122";"ADMINISTRAÇÃO GERAL";"2023";"3285";"";"0";"0";"100012604";"FOLHA DE PAGAMENTO";"45780103000150";"";"0";"PROPRIA";"33904901";"INDENIZACAO AUXILIO TRANSPORTE";"FOLHA DE PAGAMENTO";"440";"2023";"L";"27/01/2023";"0";"01/01/2023";"31/01/2023";"14"
"UNIDADE DE GESTÃO DE PROMOÇÃO DA SAÚDE";"10";"SAÚDE";"122";"ADMINISTRAÇÃO GERAL";"2023";"3286";"";"0";"0";"100012604";"FOLHA DE PAGAMENTO";"45780103000150";"";"0";"PROPRIA";"33904901";"INDENIZACAO AUXILIO TRANSPORTE";"FOLHA DE PAGAMENTO";"330";"2023";"L";"27/01/2023";"0";"01/01/2023";"31/01/2023";"14"
"UNIDADE DE GESTÃO DE PROMOÇÃO DA SAÚDE";"10";"SAÚDE";"122";"ADMINISTRAÇÃO GERAL";"2023";"3287";"";"0";"0";"100012604";"FOLHA DE PAGAMENTO";"45780103000150";"";"0";"PROPRIA";"33904901";"INDENIZACAO AUXILIO TRANSPORTE";"FOLHA DE PAGAMENTO";"2838";"2023";"L";"27/01/2023";"0";"01/01/2023";"31/01/2023";"14"
"UNIDADE DE GESTÃO DE PROMOÇÃO DA SAÚDE";"10";"SAÚDE";"122";"ADMINISTRAÇÃO GERAL";"2023";"3288";"";"0";"0";"100012604";"FOLHA DE PAGAMENTO";"45780103000150";"";"0";"PROPRIA";"33904901";"INDENIZACAO AUXILIO TRANSPORTE";"FOLHA DE PAGAMENTO";"17138";"2023";"L";"27/01/2023";"0";"01/01/2023";"31/01/2023";"14"
"UNIDADE DE GESTÃO DE PROMOÇÃO DA SAÚDE";"10";"SAÚDE";"301";"ATENÇÃO BÁSICA";"2023";"3289";"";"0";"0";"100012604";"FOLHA DE PAGAMENTO";"45780103000150";"";"0";"PROPRIA";"31900411";"SALÁRIOS - CONTRATO TEMPORÁRIO";"FOLHA DE PAGAMENTO";"7161";"2023";"L";"27/01/2023";"0";"01/01/2023";"31/01/2023";"14"
"UNIDADE DE GESTÃO DE PROMOÇÃO DA SAÚDE";"10";"SAÚDE";"301";"ATENÇÃO BÁSICA";"2023";"3290";"";"0";"0";"100012604";"FOLHA DE PAGAMENTO";"45780103000150";"";"0";"PROPRIA";"31900411";"SALÁRIOS - CONTRATO TEMPORÁRIO";"FOLHA DE PAGAMENTO";"72929.58";"2023";"L";"27/01/2023";"0";"01/01/2023";"31/01/2023";"14"
"UNIDADE DE GESTÃO DE PROMOÇÃO DA SAÚDE";"10";"SAÚDE";"301";"ATENÇÃO BÁSICA";"2023";"3291";"";"0";"0";"100012604";"FOLHA DE PAGAMENTO";"45780103000150";"";"0";"PROPRIA";"31900414";"FERIAS - ABONO CONSTITUCIONAL - CONTRATO TEMPORÁRI";"FOLHA DE PAGAMENTO";"124.06";"2023";"L";"27/01/2023";"0";"01/01/2023";"31/01/2023";"14"
"UNIDADE DE GESTÃO DE PROMOÇÃO DA SAÚDE";"10";"SAÚDE";"301";"ATENÇÃO BÁSICA";"2023";"3292";"";"0";"0";"4016168";"I.N.S.S -INST.NACIONAL DE SEGURO SOCIAL";"29979036000140";"";"0";"PROPRIA";"31900416";"OBRIGAÇÕES PATRONAIS - INSS - CONTRATO TEMPORÁRIO";"FOLHA DE PAGAMENTO";"39062.7";"2023";"L";"27/01/2023";"0";"01/01/2023";"31/01/2023";"14"
"UNIDADE DE GESTÃO DE PROMOÇÃO DA SAÚDE";"10";"SAÚDE";"301";"ATENÇÃO BÁSICA";"2023";"3293";"";"0";"0";"4000055";"FUNDO DE GARANTIA POR TEMPO DE SERVICO";"00360305000104";"";"0";"PROPRIA";"31900417";"OBRIGAÇÕES PATRONAIS - FGTS - CONTRATO TEMPORÁRIO";"FOLHA DE PAGAMENTO";"9752.86";"2023";"L";"27/01/2023";"0";"01/01/2023";"31/01/2023";"14"
"UNIDADE DE GESTÃO DE PROMOÇÃO DA SAÚDE";"10";"SAÚDE";"301";"ATENÇÃO BÁSICA";"2023";"3294";"";"0";"0";"100012604";"FOLHA DE PAGAMENTO";"45780103000150";"";"0";"PROPRIA";"31900499";"OUTRAS CONTRATACOES POR TEMPO DETERMINADO";"FOLHA DE PAGAMENTO";"9844.74";"2023";"L";"27/01/2023";"0";"01/01/2023";"31/01/2023";"14"
"UNIDADE DE GESTÃO DE PROMOÇÃO DA SAÚDE";"10";"SAÚDE";"301";"ATENÇÃO BÁSICA";"2023";"3295";"";"0";"0";"100012604";"FOLHA DE PAGAMENTO";"45780103000150";"";"0";"PROPRIA";"31901101";"VENCIMENTO E SALARIOS";"FOLHA DE PAGAMENTO";"2861264.28";"2023";"L";"27/01/2023";"0";"01/01/2023";"31/01/2023";"14"
"UNIDADE DE GESTÃO DE PROMOÇÃO DA SAÚDE";"10";"SAÚDE";"301";"ATENÇÃO BÁSICA";"2023";"3296";"";"0";"0";"100012604";"FOLHA DE PAGAMENTO";"45780103000150";"";"0";"PROPRIA";"31901101";"VENCIMENTO E SALARIOS";"FOLHA DE PAGAMENTO";"51874.43";"2023";"L";"27/01/2023";"0";"01/01/2023";"31/01/2023";"14"
"UNIDADE DE GESTÃO DE PROMOÇÃO DA SAÚDE";"10";"SAÚDE";"301";"ATENÇÃO BÁSICA";"2023";"3297";"";"0";"0";"100012604";"FOLHA DE PAGAMENTO";"45780103000150";"";"0";"PROPRIA";"31901104";"ADICIONAL NOTURNO";"FOLHA DE PAGAMENTO";"4042.59";"2023";"L";"27/01/2023";"0";"01/01/2023";"31/01/2023";"14"
"UNIDADE DE GESTÃO DE PROMOÇÃO DA SAÚDE";"10";"SAÚDE";"301";"ATENÇÃO BÁSICA";"2023";"3298";"";"0";"0";"100012604";"FOLHA DE PAGAMENTO";"45780103000150";"";"0";"PROPRIA";"31901107";"ABONO DE PERMANENCIA";"FOLHA DE PAGAMENTO";"11649.75";"2023";"L";"27/01/2023";"0";"01/01/2023";"31/01/2023";"14"
"UNIDADE DE GESTÃO DE PROMOÇÃO DA SAÚDE";"10";"SAÚDE";"301";"ATENÇÃO BÁSICA";"2023";"3299";"";"0";"0";"100012604";"FOLHA DE PAGAMENTO";"45780103000150";"";"0";"PROPRIA";"31901110";"ADICIONAL DE INSALUBRIDADE";"FOLHA DE PAGAMENTO";"163354.7";"2023";"L";"27/01/2023";"0";"01/01/2023";"31/01/2023";"14"
"UNIDADE DE GESTÃO DE PROMOÇÃO DA SAÚDE";"10";"SAÚDE";"301";"ATENÇÃO BÁSICA";"2023";"3300";"";"0";"0";"100012604";"FOLHA DE PAGAMENTO";"45780103000150";"";"0";"PROPRIA";"31901110";"ADICIONAL DE INSALUBRIDADE";"FOLHA DE PAGAMENTO";"1597.12";"2023";"L";"27/01/2023";"0";"01/01/2023";"31/01/2023";"14"
"UNIDADE DE GESTÃO DE PROMOÇÃO DA SAÚDE";"10";"SAÚDE";"301";"ATENÇÃO BÁSICA";"2023";"3301";"";"0";"0";"100012604";"FOLHA DE PAGAMENTO";"45780103000150";"";"0";"PROPRIA";"31901131";"GRATIFICACOES POR EXERCICIO DE  CARGO";"FOLHA DE PAGAMENTO";"10914.77";"2023";"L";"27/01/2023";"0";"01/01/2023";"31/01/2023";"14"
"UNIDADE DE GESTÃO DE PROMOÇÃO DA SAÚDE";"10";"SAÚDE";"301";"ATENÇÃO BÁSICA";"2023";"3302";"";"0";"0";"100012604";"FOLHA DE PAGAMENTO";"45780103000150";"";"0";"PROPRIA";"31901133";"GRATIFICACOES POR EXERCICIO DE  FUNCOES";"FOLHA DE PAGAMENTO";"14928.92";"2023";"L";"27/01/2023";"0";"01/01/2023";"31/01/2023";"14"
"UNIDADE DE GESTÃO DE PROMOÇÃO DA SAÚDE";"10";"SAÚDE";"301";"ATENÇÃO BÁSICA";"2023";"3303";"";"0";"0";"100012604";"FOLHA DE PAGAMENTO";"45780103000150";"";"0";"PROPRIA";"31901137";"GRATIFICACOES POR TEMPO DE SERVICO";"FOLHA DE PAGAMENTO";"20220.95";"2023";"L";"27/01/2023";"0";"01/01/2023";"31/01/2023";"14"
"UNIDADE DE GESTÃO DE PROMOÇÃO DA SAÚDE";"10";"SAÚDE";"301";"ATENÇÃO BÁSICA";"2023";"3304";"";"0";"0";"100012604";"FOLHA DE PAGAMENTO";"45780103000150";"";"0";"PROPRIA";"31901137";"GRATIFICACOES POR TEMPO DE SERVICO";"FOLHA DE PAGAMENTO";"272806.37";"2023";"L";"27/01/2023";"0";"01/01/2023";"31/01/2023";"14"
"UNIDADE DE GESTÃO DE PROMOÇÃO DA SAÚDE";"10";"SAÚDE";"301";"ATENÇÃO BÁSICA";"2023";"3305";"";"0";"0";"100012604";"FOLHA DE PAGAMENTO";"45780103000150";"";"0";"PROPRIA";"31901144";"FÉRIAS - ABONO PECUNIARIO";"FOLHA DE PAGAMENTO";"54.53";"2023";"L";"27/01/2023";"0";"01/01/2023";"31/01/2023";"14"
"UNIDADE DE GESTÃO DE PROMOÇÃO DA SAÚDE";"10";"SAÚDE";"301";"ATENÇÃO BÁSICA";"2023";"3306";"";"0";"0";"100012604";"FOLHA DE PAGAMENTO";"45780103000150";"";"0";"PROPRIA";"31901145";"FÉRIAS - ABONO CONSTITUICOES";"FOLHA DE PAGAMENTO";"713.82";"2023";"L";"27/01/2023";"0";"01/01/2023";"31/01/2023";"14"
"UNIDADE DE GESTÃO DE PROMOÇÃO DA SAÚDE";"10";"SAÚDE";"301";"ATENÇÃO BÁSICA";"2023";"3307";"";"0";"0";"100012604";"FOLHA DE PAGAMENTO";"45780103000150";"";"0";"PROPRIA";"31901145";"FÉRIAS - ABONO CONSTITUICOES";"FOLHA DE PAGAMENTO";"0.6";"2023";"L";"27/01/2023";"0";"01/01/2023";"31/01/2023";"14"
"UNIDADE DE GESTÃO DE PROMOÇÃO DA SAÚDE";"10";"SAÚDE";"301";"ATENÇÃO BÁSICA";"2023";"3308";"";"0";"0";"100012604";"FOLHA DE PAGAMENTO";"45780103000150";"";"0";"PROPRIA";"31901147";"LICENÇA PRÊMIO";"FOLHA DE PAGAMENTO";"224534.78";"2023";"L";"27/01/2023";"0";"01/01/2023";"31/01/2023";"14"
"UNIDADE DE GESTÃO DE PROMOÇÃO DA SAÚDE";"10";"SAÚDE";"301";"ATENÇÃO BÁSICA";"2023";"3309";"";"0";"0";"4000055";"FUNDO DE GARANTIA POR TEMPO DE SERVICO";"00360305000104";"";"0";"PROPRIA";"31901301";"FGTS";"FOLHA DE PAGAMENTO";"11562.2";"2023";"L";"27/01/2023";"0";"01/01/2023";"31/01/2023";"14"
"UNIDADE DE GESTÃO DE PROMOÇÃO DA SAÚDE";"10";"SAÚDE";"301";"ATENÇÃO BÁSICA";"2023";"3310";"";"0";"0";"4016168";"I.N.S.S -INST.NACIONAL DE SEGURO SOCIAL";"29979036000140";"";"0";"PROPRIA";"31901302";"CONTRIBUICOES PREVIDENCIARIAS - INSS";"FOLHA DE PAGAMENTO";"39022.55";"2023";"L";"27/01/2023";"0";"01/01/2023";"31/01/2023";"14"
"UNIDADE DE GESTÃO DE PROMOÇÃO DA SAÚDE";"10";"SAÚDE";"301";"ATENÇÃO BÁSICA";"2023";"3311";"";"0";"0";"100012604";"FOLHA DE PAGAMENTO";"45780103000150";"";"0";"PROPRIA";"31901644";"SERVIÇOS EXTRAORDINÁRIOS";"FOLHA DE PAGAMENTO";"253066.97";"2023";"L";"27/01/2023";"0";"01/01/2023";"31/01/2023";"14"
"UNIDADE DE GESTÃO DE PROMOÇÃO DA SAÚDE";"10";"SAÚDE";"301";"ATENÇÃO BÁSICA";"2023";"3312";"";"0";"0";"100004453";"IPREJUN-INST.PREVIDENCIA DO MUN.JUNDIAI";"05507216000161";"";"0";"PROPRIA";"31911308";"CONTRIBUIÇÕES PREVIDENCIÁRIAS - RPPS - PESSOAL ATI";"FOLHA DE PAGAMENTO";"762490.88";"2023";"L";"27/01/2023";"0";"01/01/2023";"31/01/2023";"14"
"UNIDADE DE GESTÃO DE PROMOÇÃO DA SAÚDE";"10";"SAÚDE";"301";"ATENÇÃO BÁSICA";"2023";"3313";"";"0";"0";"100004453";"IPREJUN-INST.PREVIDENCIA DO MUN.JUNDIAI";"05507216000161";"";"0";"PROPRIA";"31911320";"ALÍQUOTA SUPLEMENTAR DE CONTRIBUIÇÃO PREVIDENCIÁRI";"FOLHA DE PAGAMENTO";"1012043.58";"2023";"L";"27/01/2023";"0";"01/01/2023";"31/01/2023";"14"
"UNIDADE DE GESTÃO DE PROMOÇÃO DA SAÚDE";"10";"SAÚDE";"301";"ATENÇÃO BÁSICA";"2023";"3314";"";"0";"0";"100012604";"FOLHA DE PAGAMENTO";"45780103000150";"";"0";"PROPRIA";"33904901";"INDENIZACAO AUXILIO TRANSPORTE";"FOLHA DE PAGAMENTO";"232892";"2023";"L";"27/01/2023";"0";"01/01/2023";"31/01/2023";"14"
"UNIDADE DE GESTÃO DE PROMOÇÃO DA SAÚDE";"10";"SAÚDE";"301";"ATENÇÃO BÁSICA";"2023";"3315";"";"0";"0";"100012604";"FOLHA DE PAGAMENTO";"45780103000150";"";"0";"PROPRIA";"33904901";"INDENIZACAO AUXILIO TRANSPORTE";"FOLHA DE PAGAMENTO";"7876";"2023";"L";"27/01/2023";"0";"01/01/2023";"31/01/2023";"14"
"UNIDADE DE GESTÃO DE PROMOÇÃO DA SAÚDE";"10";"SAÚDE";"301";"ATENÇÃO BÁSICA";"2023";"3316";"";"0";"0";"100012604";"FOLHA DE PAGAMENTO";"45780103000150";"";"0";"PROPRIA";"33904901";"INDENIZACAO AUXILIO TRANSPORTE";"FOLHA DE PAGAMENTO";"2266";"2023";"L";"27/01/2023";"0";"01/01/2023";"31/01/2023";"14"
"UNIDADE DE GESTÃO DE PROMOÇÃO DA SAÚDE";"10";"SAÚDE";"302";"ASSISTÊNCIA HOSPITALAR E AMBULATORIAL";"2023";"3317";"";"0";"0";"100012604";"FOLHA DE PAGAMENTO";"45780103000150";"";"0";"PROPRIA";"31900411";"SALÁRIOS - CONTRATO TEMPORÁRIO";"FOLHA DE PAGAMENTO";"27007.14";"2023";"L";"27/01/2023";"0";"01/01/2023";"31/01/2023";"14"
"UNIDADE DE GESTÃO DE PROMOÇÃO DA SAÚDE";"10";"SAÚDE";"302";"ASSISTÊNCIA HOSPITALAR E AMBULATORIAL";"2023";"3318";"";"0";"0";"100012604";"FOLHA DE PAGAMENTO";"45780103000150";"";"0";"PROPRIA";"31900411";"SALÁRIOS - CONTRATO TEMPORÁRIO";"FOLHA DE PAGAMENTO";"1562.4";"2023";"L";"27/01/2023";"0";"01/01/2023";"31/01/2023";"14"
"UNIDADE DE GESTÃO DE PROMOÇÃO DA SAÚDE";"10";"SAÚDE";"302";"ASSISTÊNCIA HOSPITALAR E AMBULATORIAL";"2023";"3319";"";"0";"0";"4016168";"I.N.S.S -INST.NACIONAL DE SEGURO SOCIAL";"29979036000140";"";"0";"PROPRIA";"31900416";"OBRIGAÇÕES PATRONAIS - INSS - CONTRATO TEMPORÁRIO";"FOLHA DE PAGAMENTO";"11708.16";"2023";"L";"27/01/2023";"0";"01/01/2023";"31/01/2023";"14"
"UNIDADE DE GESTÃO DE PROMOÇÃO DA SAÚDE";"10";"SAÚDE";"302";"ASSISTÊNCIA HOSPITALAR E AMBULATORIAL";"2023";"3320";"";"0";"0";"4000055";"FUNDO DE GARANTIA POR TEMPO DE SERVICO";"00360305000104";"";"0";"PROPRIA";"31900417";"OBRIGAÇÕES PATRONAIS - FGTS - CONTRATO TEMPORÁRIO";"FOLHA DE PAGAMENTO";"2714.17";"2023";"L";"27/01/2023";"0";"01/01/2023";"31/01/2023";"14"
"UNIDADE DE GESTÃO DE PROMOÇÃO DA SAÚDE";"10";"SAÚDE";"302";"ASSISTÊNCIA HOSPITALAR E AMBULATORIAL";"2023";"3321";"";"0";"0";"100012604";"FOLHA DE PAGAMENTO";"45780103000150";"";"0";"PROPRIA";"31900499";"OUTRAS CONTRATACOES POR TEMPO DETERMINADO";"FOLHA DE PAGAMENTO";"478.97";"2023";"L";"27/01/2023";"0";"01/01/2023";"31/01/2023";"14"
"UNIDADE DE GESTÃO DE PROMOÇÃO DA SAÚDE";"10";"SAÚDE";"302";"ASSISTÊNCIA HOSPITALAR E AMBULATORIAL";"2023";"3322";"";"0";"0";"100012604";"FOLHA DE PAGAMENTO";"45780103000150";"";"0";"PROPRIA";"31901101";"VENCIMENTO E SALARIOS";"FOLHA DE PAGAMENTO";"25769.41";"2023";"L";"27/01/2023";"0";"01/01/2023";"31/01/2023";"14"
"UNIDADE DE GESTÃO DE PROMOÇÃO DA SAÚDE";"10";"SAÚDE";"302";"ASSISTÊNCIA HOSPITALAR E AMBULATORIAL";"2023";"3323";"";"0";"0";"100012604";"FOLHA DE PAGAMENTO";"45780103000150";"";"0";"PROPRIA";"31901101";"VENCIMENTO E SALARIOS";"FOLHA DE PAGAMENTO";"1030689.62";"2023";"L";"27/01/2023";"0";"01/01/2023";"31/01/2023";"14"
"UNIDADE DE GESTÃO DE PROMOÇÃO DA SAÚDE";"10";"SAÚDE";"302";"ASSISTÊNCIA HOSPITALAR E AMBULATORIAL";"2023";"3324";"";"0";"0";"100012604";"FOLHA DE PAGAMENTO";"45780103000150";"";"0";"PROPRIA";"31901104";"ADICIONAL NOTURNO";"FOLHA DE PAGAMENTO";"1549.48";"2023";"L";"27/01/2023";"0";"01/01/2023";"31/01/2023";"14"
"UNIDADE DE GESTÃO DE PROMOÇÃO DA SAÚDE";"10";"SAÚDE";"302";"ASSISTÊNCIA HOSPITALAR E AMBULATORIAL";"2023";"3325";"";"0";"0";"100012604";"FOLHA DE PAGAMENTO";"45780103000150";"";"0";"PROPRIA";"31901107";"ABONO DE PERMANENCIA";"FOLHA DE PAGAMENTO";"5227.69";"2023";"L";"27/01/2023";"0";"01/01/2023";"31/01/2023";"14"
"UNIDADE DE GESTÃO DE PROMOÇÃO DA SAÚDE";"10";"SAÚDE";"302";"ASSISTÊNCIA HOSPITALAR E AMBULATORIAL";"2023";"3326";"";"0";"0";"100012604";"FOLHA DE PAGAMENTO";"45780103000150";"";"0";"PROPRIA";"31901110";"ADICIONAL DE INSALUBRIDADE";"FOLHA DE PAGAMENTO";"52748.9";"2023";"L";"27/01/2023";"0";"01/01/2023";"31/01/2023";"14"
"UNIDADE DE GESTÃO DE PROMOÇÃO DA SAÚDE";"10";"SAÚDE";"302";"ASSISTÊNCIA HOSPITALAR E AMBULATORIAL";"2023";"3327";"";"0";"0";"100012604";"FOLHA DE PAGAMENTO";"45780103000150";"";"0";"PROPRIA";"31901110";"ADICIONAL DE INSALUBRIDADE";"FOLHA DE PAGAMENTO";"781.2";"2023";"L";"27/01/2023";"0";"01/01/2023";"31/01/2023";"14"
"UNIDADE DE GESTÃO DE PROMOÇÃO DA SAÚDE";"10";"SAÚDE";"302";"ASSISTÊNCIA HOSPITALAR E AMBULATORIAL";"2023";"3328";"";"0";"0";"100012604";"FOLHA DE PAGAMENTO";"45780103000150";"";"0";"PROPRIA";"31901133";"GRATIFICACOES POR EXERCICIO DE  FUNCOES";"FOLHA DE PAGAMENTO";"1458.15";"2023";"L";"27/01/2023";"0";"01/01/2023";"31/01/2023";"14"
"UNIDADE DE GESTÃO DE PROMOÇÃO DA SAÚDE";"10";"SAÚDE";"302";"ASSISTÊNCIA HOSPITALAR E AMBULATORIAL";"2023";"3329";"";"0";"0";"100012604";"FOLHA DE PAGAMENTO";"45780103000150";"";"0";"PROPRIA";"31901137";"GRATIFICACOES POR TEMPO DE SERVICO";"FOLHA DE PAGAMENTO";"10890.09";"2023";"L";"27/01/2023";"0";"01/01/2023";"31/01/2023";"14"
"UNIDADE DE GESTÃO DE PROMOÇÃO DA SAÚDE";"10";"SAÚDE";"302";"ASSISTÊNCIA HOSPITALAR E AMBULATORIAL";"2023";"3330";"";"0";"0";"100012604";"FOLHA DE PAGAMENTO";"45780103000150";"";"0";"PROPRIA";"31901137";"GRATIFICACOES POR TEMPO DE SERVICO";"FOLHA DE PAGAMENTO";"92436.95";"2023";"L";"27/01/2023";"0";"01/01/2023";"31/01/2023";"14"
"UNIDADE DE GESTÃO DE PROMOÇÃO DA SAÚDE";"10";"SAÚDE";"302";"ASSISTÊNCIA HOSPITALAR E AMBULATORIAL";"2023";"3331";"";"0";"0";"100012604";"FOLHA DE PAGAMENTO";"45780103000150";"";"0";"PROPRIA";"31901145";"FÉRIAS - ABONO CONSTITUICOES";"FOLHA DE PAGAMENTO";"158.22";"2023";"L";"27/01/2023";"0";"01/01/2023";"31/01/2023";"14"
"UNIDADE DE GESTÃO DE PROMOÇÃO DA SAÚDE";"10";"SAÚDE";"302";"ASSISTÊNCIA HOSPITALAR E AMBULATORIAL";"2023";"3332";"";"0";"0";"100012604";"FOLHA DE PAGAMENTO";"45780103000150";"";"0";"PROPRIA";"31901147";"LICENÇA PRÊMIO";"FOLHA DE PAGAMENTO";"70683.93";"2023";"L";"27/01/2023";"0";"01/01/2023";"31/01/2023";"14"
"UNIDADE DE GESTÃO DE PROMOÇÃO DA SAÚDE";"10";"SAÚDE";"302";"ASSISTÊNCIA HOSPITALAR E AMBULATORIAL";"2023";"3333";"";"0";"0";"4000055";"FUNDO DE GARANTIA POR TEMPO DE SERVICO";"00360305000104";"";"0";"PROPRIA";"31901301";"FGTS";"FOLHA DE PAGAMENTO";"4574.42";"2023";"L";"27/01/2023";"0";"01/01/2023";"31/01/2023";"14"
"UNIDADE DE GESTÃO DE PROMOÇÃO DA SAÚDE";"10";"SAÚDE";"302";"ASSISTÊNCIA HOSPITALAR E AMBULATORIAL";"2023";"3334";"";"0";"0";"4016168";"I.N.S.S -INST.NACIONAL DE SEGURO SOCIAL";"29979036000140";"";"0";"PROPRIA";"31901302";"CONTRIBUICOES PREVIDENCIARIAS - INSS";"FOLHA DE PAGAMENTO";"15438.71";"2023";"L";"27/01/2023";"0";"01/01/2023";"31/01/2023";"14"
"UNIDADE DE GESTÃO DE PROMOÇÃO DA SAÚDE";"10";"SAÚDE";"302";"ASSISTÊNCIA HOSPITALAR E AMBULATORIAL";"2023";"3335";"";"0";"0";"100012604";"FOLHA DE PAGAMENTO";"45780103000150";"";"0";"PROPRIA";"31901644";"SERVIÇOS EXTRAORDINÁRIOS";"FOLHA DE PAGAMENTO";"113699.18";"2023";"L";"27/01/2023";"0";"01/01/2023";"31/01/2023";"14"
"UNIDADE DE GESTÃO DE PROMOÇÃO DA SAÚDE";"10";"SAÚDE";"302";"ASSISTÊNCIA HOSPITALAR E AMBULATORIAL";"2023";"3336";"";"0";"0";"100004453";"IPREJUN-INST.PREVIDENCIA DO MUN.JUNDIAI";"05507216000161";"";"0";"PROPRIA";"31911308";"CONTRIBUIÇÕES PREVIDENCIÁRIAS - RPPS - PESSOAL ATI";"FOLHA DE PAGAMENTO";"272703.38";"2023";"L";"27/01/2023";"0";"01/01/2023";"31/01/2023";"14"
"UNIDADE DE GESTÃO DE PROMOÇÃO DA SAÚDE";"10";"SAÚDE";"302";"ASSISTÊNCIA HOSPITALAR E AMBULATORIAL";"2023";"3337";"";"0";"0";"100004453";"IPREJUN-INST.PREVIDENCIA DO MUN.JUNDIAI";"05507216000161";"";"0";"PROPRIA";"31911320";"ALÍQUOTA SUPLEMENTAR DE CONTRIBUIÇÃO PREVIDENCIÁRI";"FOLHA DE PAGAMENTO";"361955.02";"2023";"L";"27/01/2023";"0";"01/01/2023";"31/01/2023";"14"
"UNIDADE DE GESTÃO DE PROMOÇÃO DA SAÚDE";"10";"SAÚDE";"302";"ASSISTÊNCIA HOSPITALAR E AMBULATORIAL";"2023";"3338";"";"0";"0";"100012604";"FOLHA DE PAGAMENTO";"45780103000150";"";"0";"PROPRIA";"33904901";"INDENIZACAO AUXILIO TRANSPORTE";"FOLHA DE PAGAMENTO";"2112";"2023";"L";"27/01/2023";"0";"01/01/2023";"31/01/2023";"14"
"UNIDADE DE GESTÃO DE PROMOÇÃO DA SAÚDE";"10";"SAÚDE";"302";"ASSISTÊNCIA HOSPITALAR E AMBULATORIAL";"2023";"3339";"";"0";"0";"100012604";"FOLHA DE PAGAMENTO";"45780103000150";"";"0";"PROPRIA";"33904901";"INDENIZACAO AUXILIO TRANSPORTE";"FOLHA DE PAGAMENTO";"70432";"2023";"L";"27/01/2023";"0";"01/01/2023";"31/01/2023";"14"
"UNIDADE DE GESTÃO DE PROMOÇÃO DA SAÚDE";"10";"SAÚDE";"302";"ASSISTÊNCIA HOSPITALAR E AMBULATORIAL";"2023";"3340";"";"0";"0";"100012604";"FOLHA DE PAGAMENTO";"45780103000150";"";"0";"PROPRIA";"33904901";"INDENIZACAO AUXILIO TRANSPORTE";"FOLHA DE PAGAMENTO";"792";"2023";"L";"27/01/2023";"0";"01/01/2023";"31/01/2023";"14"
"UNIDADE DE GESTÃO DE PROMOÇÃO DA SAÚDE";"10";"SAÚDE";"305";"VIGILÂNCIA EPIDEMIOLÓGICA";"2023";"3341";"";"0";"0";"100012604";"FOLHA DE PAGAMENTO";"45780103000150";"";"0";"PROPRIA";"31901101";"VENCIMENTO E SALARIOS";"FOLHA DE PAGAMENTO";"8447.11";"2023";"L";"27/01/2023";"0";"01/01/2023";"31/01/2023";"14"
"UNIDADE DE GESTÃO DE PROMOÇÃO DA SAÚDE";"10";"SAÚDE";"305";"VIGILÂNCIA EPIDEMIOLÓGICA";"2023";"3342";"";"0";"0";"100012604";"FOLHA DE PAGAMENTO";"45780103000150";"";"0";"PROPRIA";"31901101";"VENCIMENTO E SALARIOS";"FOLHA DE PAGAMENTO";"216883";"2023";"L";"27/01/2023";"0";"01/01/2023";"31/01/2023";"14"
"UNIDADE DE GESTÃO DE PROMOÇÃO DA SAÚDE";"10";"SAÚDE";"305";"VIGILÂNCIA EPIDEMIOLÓGICA";"2023";"3343";"";"0";"0";"100012604";"FOLHA DE PAGAMENTO";"45780103000150";"";"0";"PROPRIA";"31901107";"ABONO DE PERMANENCIA";"FOLHA DE PAGAMENTO";"5554.99";"2023";"L";"27/01/2023";"0";"01/01/2023";"31/01/2023";"14"
"UNIDADE DE GESTÃO DE PROMOÇÃO DA SAÚDE";"10";"SAÚDE";"305";"VIGILÂNCIA EPIDEMIOLÓGICA";"2023";"3344";"";"0";"0";"100012604";"FOLHA DE PAGAMENTO";"45780103000150";"";"0";"PROPRIA";"31901110";"ADICIONAL DE INSALUBRIDADE";"FOLHA DE PAGAMENTO";"260.4";"2023";"L";"27/01/2023";"0";"01/01/2023";"31/01/2023";"14"
"UNIDADE DE GESTÃO DE PROMOÇÃO DA SAÚDE";"10";"SAÚDE";"305";"VIGILÂNCIA EPIDEMIOLÓGICA";"2023";"3345";"";"0";"0";"100012604";"FOLHA DE PAGAMENTO";"45780103000150";"";"0";"PROPRIA";"31901110";"ADICIONAL DE INSALUBRIDADE";"FOLHA DE PAGAMENTO";"18694.85";"2023";"L";"27/01/2023";"0";"01/01/2023";"31/01/2023";"14"
"UNIDADE DE GESTÃO DE PROMOÇÃO DA SAÚDE";"10";"SAÚDE";"305";"VIGILÂNCIA EPIDEMIOLÓGICA";"2023";"3346";"";"0";"0";"100012604";"FOLHA DE PAGAMENTO";"45780103000150";"";"0";"PROPRIA";"31901133";"GRATIFICACOES POR EXERCICIO DE  FUNCOES";"FOLHA DE PAGAMENTO";"2479.27";"2023";"L";"27/01/2023";"0";"01/01/2023";"31/01/2023";"14"
"UNIDADE DE GESTÃO DE PROMOÇÃO DA SAÚDE";"10";"SAÚDE";"305";"VIGILÂNCIA EPIDEMIOLÓGICA";"2023";"3347";"";"0";"0";"100012604";"FOLHA DE PAGAMENTO";"45780103000150";"";"0";"PROPRIA";"31901137";"GRATIFICACOES POR TEMPO DE SERVICO";"FOLHA DE PAGAMENTO";"2956.5";"2023";"L";"27/01/2023";"0";"01/01/2023";"31/01/2023";"14"
"UNIDADE DE GESTÃO DE PROMOÇÃO DA SAÚDE";"10";"SAÚDE";"305";"VIGILÂNCIA EPIDEMIOLÓGICA";"2023";"3348";"";"0";"0";"100012604";"FOLHA DE PAGAMENTO";"45780103000150";"";"0";"PROPRIA";"31901137";"GRATIFICACOES POR TEMPO DE SERVICO";"FOLHA DE PAGAMENTO";"37580.52";"2023";"L";"27/01/2023";"0";"01/01/2023";"31/01/2023";"14"
"UNIDADE DE GESTÃO DE PROMOÇÃO DA SAÚDE";"10";"SAÚDE";"305";"VIGILÂNCIA EPIDEMIOLÓGICA";"2023";"3349";"";"0";"0";"100012604";"FOLHA DE PAGAMENTO";"45780103000150";"";"0";"PROPRIA";"31901145";"FÉRIAS - ABONO CONSTITUICOES";"FOLHA DE PAGAMENTO";"55.35";"2023";"L";"27/01/2023";"0";"01/01/2023";"31/01/2023";"14"
"UNIDADE DE GESTÃO DE PROMOÇÃO DA SAÚDE";"10";"SAÚDE";"305";"VIGILÂNCIA EPIDEMIOLÓGICA";"2023";"3350";"";"0";"0";"100012604";"FOLHA DE PAGAMENTO";"45780103000150";"";"0";"PROPRIA";"31901147";"LICENÇA PRÊMIO";"FOLHA DE PAGAMENTO";"14819.31";"2023";"L";"27/01/2023";"0";"01/01/2023";"31/01/2023";"14"
"UNIDADE DE GESTÃO DE PROMOÇÃO DA SAÚDE";"10";"SAÚDE";"305";"VIGILÂNCIA EPIDEMIOLÓGICA";"2023";"3351";"";"0";"0";"4000055";"FUNDO DE GARANTIA POR TEMPO DE SERVICO";"00360305000104";"";"0";"PROPRIA";"31901301";"FGTS";"FOLHA DE PAGAMENTO";"1456.29";"2023";"L";"27/01/2023";"0";"01/01/2023";"31/01/2023";"14"
"UNIDADE DE GESTÃO DE PROMOÇÃO DA SAÚDE";"10";"SAÚDE";"305";"VIGILÂNCIA EPIDEMIOLÓGICA";"2023";"3352";"";"0";"0";"4016168";"I.N.S.S -INST.NACIONAL DE SEGURO SOCIAL";"29979036000140";"";"0";"PROPRIA";"31901302";"CONTRIBUICOES PREVIDENCIARIAS - INSS";"FOLHA DE PAGAMENTO";"4416.48";"2023";"L";"27/01/2023";"0";"01/01/2023";"31/01/2023";"14"
"UNIDADE DE GESTÃO DE PROMOÇÃO DA SAÚDE";"10";"SAÚDE";"305";"VIGILÂNCIA EPIDEMIOLÓGICA";"2023";"3353";"";"0";"0";"100012604";"FOLHA DE PAGAMENTO";"45780103000150";"";"0";"PROPRIA";"31901644";"SERVIÇOS EXTRAORDINÁRIOS";"FOLHA DE PAGAMENTO";"26623.8";"2023";"L";"27/01/2023";"0";"01/01/2023";"31/01/2023";"14"
"UNIDADE DE GESTÃO DE PROMOÇÃO DA SAÚDE";"10";"SAÚDE";"305";"VIGILÂNCIA EPIDEMIOLÓGICA";"2023";"3354";"";"0";"0";"100004453";"IPREJUN-INST.PREVIDENCIA DO MUN.JUNDIAI";"05507216000161";"";"0";"PROPRIA";"31911308";"CONTRIBUIÇÕES PREVIDENCIÁRIAS - RPPS - PESSOAL ATI";"FOLHA DE PAGAMENTO";"63319.32";"2023";"L";"27/01/2023";"0";"01/01/2023";"31/01/2023";"14"
"UNIDADE DE GESTÃO DE PROMOÇÃO DA SAÚDE";"10";"SAÚDE";"305";"VIGILÂNCIA EPIDEMIOLÓGICA";"2023";"3355";"";"0";"0";"100004453";"IPREJUN-INST.PREVIDENCIA DO MUN.JUNDIAI";"05507216000161";"";"0";"PROPRIA";"31911320";"ALÍQUOTA SUPLEMENTAR DE CONTRIBUIÇÃO PREVIDENCIÁRI";"FOLHA DE PAGAMENTO";"84042.75";"2023";"L";"27/01/2023";"0";"01/01/2023";"31/01/2023";"14"
"UNIDADE DE GESTÃO DE PROMOÇÃO DA SAÚDE";"10";"SAÚDE";"305";"VIGILÂNCIA EPIDEMIOLÓGICA";"2023";"3356";"";"0";"0";"100012604";"FOLHA DE PAGAMENTO";"45780103000150";"";"0";"PROPRIA";"33904901";"INDENIZACAO AUXILIO TRANSPORTE";"FOLHA DE PAGAMENTO";"880";"2023";"L";"27/01/2023";"0";"01/01/2023";"31/01/2023";"14"
"UNIDADE DE GESTÃO DE PROMOÇÃO DA SAÚDE";"10";"SAÚDE";"305";"VIGILÂNCIA EPIDEMIOLÓGICA";"2023";"3357";"";"0";"0";"100012604";"FOLHA DE PAGAMENTO";"45780103000150";"";"0";"PROPRIA";"33904901";"INDENIZACAO AUXILIO TRANSPORTE";"FOLHA DE PAGAMENTO";"16874";"2023";"L";"27/01/2023";"0";"01/01/2023";"31/01/2023";"14"
"UNIDADE DE GESTÃO DE PROMOÇÃO DA SAÚDE";"10";"SAÚDE";"304";"VIGILÂNCIA SANITÁRIA";"2023";"3358";"";"0";"0";"100012604";"FOLHA DE PAGAMENTO";"45780103000150";"";"0";"PROPRIA";"31901101";"VENCIMENTO E SALARIOS";"FOLHA DE PAGAMENTO";"66834.88";"2023";"L";"27/01/2023";"0";"01/01/2023";"31/01/2023";"14"
"UNIDADE DE GESTÃO DE PROMOÇÃO DA SAÚDE";"10";"SAÚDE";"304";"VIGILÂNCIA SANITÁRIA";"2023";"3359";"";"0";"0";"100012604";"FOLHA DE PAGAMENTO";"45780103000150";"";"0";"PROPRIA";"31901101";"VENCIMENTO E SALARIOS";"FOLHA DE PAGAMENTO";"8103.33";"2023";"L";"27/01/2023";"0";"01/01/2023";"31/01/2023";"14"
"UNIDADE DE GESTÃO DE PROMOÇÃO DA SAÚDE";"10";"SAÚDE";"304";"VIGILÂNCIA SANITÁRIA";"2023";"3360";"";"0";"0";"100012604";"FOLHA DE PAGAMENTO";"45780103000150";"";"0";"PROPRIA";"31901107";"ABONO DE PERMANENCIA";"FOLHA DE PAGAMENTO";"1316.15";"2023";"L";"27/01/2023";"0";"01/01/2023";"31/01/2023";"14"
"UNIDADE DE GESTÃO DE PROMOÇÃO DA SAÚDE";"10";"SAÚDE";"304";"VIGILÂNCIA SANITÁRIA";"2023";"3361";"";"0";"0";"100012604";"FOLHA DE PAGAMENTO";"45780103000150";"";"0";"PROPRIA";"31901110";"ADICIONAL DE INSALUBRIDADE";"FOLHA DE PAGAMENTO";"3480.68";"2023";"L";"27/01/2023";"0";"01/01/2023";"31/01/2023";"14"
"UNIDADE DE GESTÃO DE PROMOÇÃO DA SAÚDE";"10";"SAÚDE";"304";"VIGILÂNCIA SANITÁRIA";"2023";"3362";"";"0";"0";"100012604";"FOLHA DE PAGAMENTO";"45780103000150";"";"0";"PROPRIA";"31901133";"GRATIFICACOES POR EXERCICIO DE  FUNCOES";"FOLHA DE PAGAMENTO";"1979.2";"2023";"L";"27/01/2023";"0";"01/01/2023";"31/01/2023";"14"
"UNIDADE DE GESTÃO DE PROMOÇÃO DA SAÚDE";"10";"SAÚDE";"304";"VIGILÂNCIA SANITÁRIA";"2023";"3363";"";"0";"0";"100012604";"FOLHA DE PAGAMENTO";"45780103000150";"";"0";"PROPRIA";"31901137";"GRATIFICACOES POR TEMPO DE SERVICO";"FOLHA DE PAGAMENTO";"5976.35";"2023";"L";"27/01/2023";"0";"01/01/2023";"31/01/2023";"14"
"UNIDADE DE GESTÃO DE PROMOÇÃO DA SAÚDE";"10";"SAÚDE";"304";"VIGILÂNCIA SANITÁRIA";"2023";"3364";"";"0";"0";"100012604";"FOLHA DE PAGAMENTO";"45780103000150";"";"0";"PROPRIA";"31901145";"FÉRIAS - ABONO CONSTITUICOES";"FOLHA DE PAGAMENTO";"13.59";"2023";"L";"27/01/2023";"0";"01/01/2023";"31/01/2023";"14"
"UNIDADE DE GESTÃO DE PROMOÇÃO DA SAÚDE";"10";"SAÚDE";"304";"VIGILÂNCIA SANITÁRIA";"2023";"3365";"";"0";"0";"100012604";"FOLHA DE PAGAMENTO";"45780103000150";"";"0";"PROPRIA";"31901147";"LICENÇA PRÊMIO";"FOLHA DE PAGAMENTO";"26531.32";"2023";"L";"27/01/2023";"0";"01/01/2023";"31/01/2023";"14"
"UNIDADE DE GESTÃO DE PROMOÇÃO DA SAÚDE";"10";"SAÚDE";"304";"VIGILÂNCIA SANITÁRIA";"2023";"3366";"";"0";"0";"4016168";"I.N.S.S -INST.NACIONAL DE SEGURO SOCIAL";"29979036000140";"";"0";"PROPRIA";"31901302";"CONTRIBUICOES PREVIDENCIARIAS - INSS";"FOLHA DE PAGAMENTO";"2618";"2023";"L";"27/01/2023";"0";"01/01/2023";"31/01/2023";"14"
"UNIDADE DE GESTÃO DE PROMOÇÃO DA SAÚDE";"10";"SAÚDE";"304";"VIGILÂNCIA SANITÁRIA";"2023";"3367";"";"0";"0";"100012604";"FOLHA DE PAGAMENTO";"45780103000150";"";"0";"PROPRIA";"31901644";"SERVIÇOS EXTRAORDINÁRIOS";"FOLHA DE PAGAMENTO";"11721.11";"2023";"L";"27/01/2023";"0";"01/01/2023";"31/01/2023";"14"
"UNIDADE DE GESTÃO DE PROMOÇÃO DA SAÚDE";"10";"SAÚDE";"304";"VIGILÂNCIA SANITÁRIA";"2023";"3368";"";"0";"0";"100004453";"IPREJUN-INST.PREVIDENCIA DO MUN.JUNDIAI";"05507216000161";"";"0";"PROPRIA";"31911308";"CONTRIBUIÇÕES PREVIDENCIÁRIAS - RPPS - PESSOAL ATI";"FOLHA DE PAGAMENTO";"16623.13";"2023";"L";"27/01/2023";"0";"01/01/2023";"31/01/2023";"14"
"UNIDADE DE GESTÃO DE PROMOÇÃO DA SAÚDE";"10";"SAÚDE";"304";"VIGILÂNCIA SANITÁRIA";"2023";"3369";"";"0";"0";"100004453";"IPREJUN-INST.PREVIDENCIA DO MUN.JUNDIAI";"05507216000161";"";"0";"PROPRIA";"31911320";"ALÍQUOTA SUPLEMENTAR DE CONTRIBUIÇÃO PREVIDENCIÁRI";"FOLHA DE PAGAMENTO";"22063.67";"2023";"L";"27/01/2023";"0";"01/01/2023";"31/01/2023";"14"
"UNIDADE DE GESTÃO DE PROMOÇÃO DA SAÚDE";"10";"SAÚDE";"304";"VIGILÂNCIA SANITÁRIA";"2023";"3370";"";"0";"0";"100012604";"FOLHA DE PAGAMENTO";"45780103000150";"";"0";"PROPRIA";"33904901";"INDENIZACAO AUXILIO TRANSPORTE";"FOLHA DE PAGAMENTO";"5808";"2023";"L";"27/01/2023";"0";"01/01/2023";"31/01/2023";"14"
"UNIDADE DE GESTÃO DE PROMOÇÃO DA SAÚDE";"10";"SAÚDE";"304";"VIGILÂNCIA SANITÁRIA";"2023";"3371";"";"0";"0";"100012604";"FOLHA DE PAGAMENTO";"45780103000150";"";"0";"PROPRIA";"33904901";"INDENIZACAO AUXILIO TRANSPORTE";"FOLHA DE PAGAMENTO";"440";"2023";"L";"27/01/2023";"0";"01/01/2023";"31/01/2023";"14"
"UNIDADE DE GESTÃO DE PROMOÇÃO DA SAÚDE";"10";"SAÚDE";"303";"SUPORTE PROFILÁTICO E TERAPÊUTICO";"2023";"3372";"";"0";"0";"100012604";"FOLHA DE PAGAMENTO";"45780103000150";"";"0";"PROPRIA";"31900411";"SALÁRIOS - CONTRATO TEMPORÁRIO";"FOLHA DE PAGAMENTO";"3470.48";"2023";"L";"27/01/2023";"0";"01/01/2023";"31/01/2023";"14"
"UNIDADE DE GESTÃO DE PROMOÇÃO DA SAÚDE";"10";"SAÚDE";"303";"SUPORTE PROFILÁTICO E TERAPÊUTICO";"2023";"3373";"";"0";"0";"100012604";"FOLHA DE PAGAMENTO";"45780103000150";"";"0";"PROPRIA";"31900411";"SALÁRIOS - CONTRATO TEMPORÁRIO";"FOLHA DE PAGAMENTO";"260.4";"2023";"L";"27/01/2023";"0";"01/01/2023";"31/01/2023";"14"
"UNIDADE DE GESTÃO DE PROMOÇÃO DA SAÚDE";"10";"SAÚDE";"303";"SUPORTE PROFILÁTICO E TERAPÊUTICO";"2023";"3374";"";"0";"0";"4016168";"I.N.S.S -INST.NACIONAL DE SEGURO SOCIAL";"29979036000140";"";"0";"PROPRIA";"31900416";"OBRIGAÇÕES PATRONAIS - INSS - CONTRATO TEMPORÁRIO";"FOLHA DE PAGAMENTO";"1746.84";"2023";"L";"27/01/2023";"0";"01/01/2023";"31/01/2023";"14"
"UNIDADE DE GESTÃO DE PROMOÇÃO DA SAÚDE";"10";"SAÚDE";"303";"SUPORTE PROFILÁTICO E TERAPÊUTICO";"2023";"3375";"";"0";"0";"4000055";"FUNDO DE GARANTIA POR TEMPO DE SERVICO";"00360305000104";"";"0";"PROPRIA";"31900417";"OBRIGAÇÕES PATRONAIS - FGTS - CONTRATO TEMPORÁRIO";"FOLHA DE PAGAMENTO";"517.58";"2023";"L";"27/01/2023";"0";"01/01/2023";"31/01/2023";"14"
"UNIDADE DE GESTÃO DE PROMOÇÃO DA SAÚDE";"10";"SAÚDE";"303";"SUPORTE PROFILÁTICO E TERAPÊUTICO";"2023";"3376";"";"0";"0";"100012604";"FOLHA DE PAGAMENTO";"45780103000150";"";"0";"PROPRIA";"31901101";"VENCIMENTO E SALARIOS";"FOLHA DE PAGAMENTO";"93026.98";"2023";"L";"27/01/2023";"0";"01/01/2023";"31/01/2023";"14"
"UNIDADE DE GESTÃO DE PROMOÇÃO DA SAÚDE";"10";"SAÚDE";"303";"SUPORTE PROFILÁTICO E TERAPÊUTICO";"2023";"3377";"";"0";"0";"100012604";"FOLHA DE PAGAMENTO";"45780103000150";"";"0";"PROPRIA";"31901110";"ADICIONAL DE INSALUBRIDADE";"FOLHA DE PAGAMENTO";"5867.68";"2023";"L";"27/01/2023";"0";"01/01/2023";"31/01/2023";"14"
"UNIDADE DE GESTÃO DE PROMOÇÃO DA SAÚDE";"10";"SAÚDE";"303";"SUPORTE PROFILÁTICO E TERAPÊUTICO";"2023";"3378";"";"0";"0";"100012604";"FOLHA DE PAGAMENTO";"45780103000150";"";"0";"PROPRIA";"31901133";"GRATIFICACOES POR EXERCICIO DE  FUNCOES";"FOLHA DE PAGAMENTO";"133.12";"2023";"L";"27/01/2023";"0";"01/01/2023";"31/01/2023";"14"
"UNIDADE DE GESTÃO DE PROMOÇÃO DA SAÚDE";"10";"SAÚDE";"303";"SUPORTE PROFILÁTICO E TERAPÊUTICO";"2023";"3379";"";"0";"0";"100012604";"FOLHA DE PAGAMENTO";"45780103000150";"";"0";"PROPRIA";"31901137";"GRATIFICACOES POR TEMPO DE SERVICO";"FOLHA DE PAGAMENTO";"5218.79";"2023";"L";"27/01/2023";"0";"01/01/2023";"31/01/2023";"14"
"UNIDADE DE GESTÃO DE PROMOÇÃO DA SAÚDE";"10";"SAÚDE";"303";"SUPORTE PROFILÁTICO E TERAPÊUTICO";"2023";"3380";"";"0";"0";"100012604";"FOLHA DE PAGAMENTO";"45780103000150";"";"0";"PROPRIA";"31901145";"FÉRIAS - ABONO CONSTITUICOES";"FOLHA DE PAGAMENTO";"0.85";"2023";"L";"27/01/2023";"0";"01/01/2023";"31/01/2023";"14"
"UNIDADE DE GESTÃO DE PROMOÇÃO DA SAÚDE";"10";"SAÚDE";"303";"SUPORTE PROFILÁTICO E TERAPÊUTICO";"2023";"3381";"";"0";"0";"100012604";"FOLHA DE PAGAMENTO";"45780103000150";"";"0";"PROPRIA";"31901147";"LICENÇA PRÊMIO";"FOLHA DE PAGAMENTO";"22943.36";"2023";"L";"27/01/2023";"0";"01/01/2023";"31/01/2023";"14"
"UNIDADE DE GESTÃO DE PROMOÇÃO DA SAÚDE";"10";"SAÚDE";"303";"SUPORTE PROFILÁTICO E TERAPÊUTICO";"2023";"3382";"";"0";"0";"100012604";"FOLHA DE PAGAMENTO";"45780103000150";"";"0";"PROPRIA";"31901644";"SERVIÇOS EXTRAORDINÁRIOS";"FOLHA DE PAGAMENTO";"4499.06";"2023";"L";"27/01/2023";"0";"01/01/2023";"31/01/2023";"14"
"UNIDADE DE GESTÃO DE PROMOÇÃO DA SAÚDE";"10";"SAÚDE";"303";"SUPORTE PROFILÁTICO E TERAPÊUTICO";"2023";"3383";"";"0";"0";"100004453";"IPREJUN-INST.PREVIDENCIA DO MUN.JUNDIAI";"05507216000161";"";"0";"PROPRIA";"31911308";"CONTRIBUIÇÕES PREVIDENCIÁRIAS - RPPS - PESSOAL ATI";"FOLHA DE PAGAMENTO";"24581.89";"2023";"L";"27/01/2023";"0";"01/01/2023";"31/01/2023";"14"
"UNIDADE DE GESTÃO DE PROMOÇÃO DA SAÚDE";"10";"SAÚDE";"303";"SUPORTE PROFILÁTICO E TERAPÊUTICO";"2023";"3384";"";"0";"0";"100004453";"IPREJUN-INST.PREVIDENCIA DO MUN.JUNDIAI";"05507216000161";"";"0";"PROPRIA";"31911320";"ALÍQUOTA SUPLEMENTAR DE CONTRIBUIÇÃO PREVIDENCIÁRI";"FOLHA DE PAGAMENTO";"32627.14";"2023";"L";"27/01/2023";"0";"01/01/2023";"31/01/2023";"14"
"UNIDADE DE GESTÃO DE PROMOÇÃO DA SAÚDE";"10";"SAÚDE";"303";"SUPORTE PROFILÁTICO E TERAPÊUTICO";"2023";"3385";"";"0";"0";"100012604";"FOLHA DE PAGAMENTO";"45780103000150";"";"0";"PROPRIA";"33904901";"INDENIZACAO AUXILIO TRANSPORTE";"FOLHA DE PAGAMENTO";"440";"2023";"L";"27/01/2023";"0";"01/01/2023";"31/01/2023";"14"
"UNIDADE DE GESTÃO DE PROMOÇÃO DA SAÚDE";"10";"SAÚDE";"303";"SUPORTE PROFILÁTICO E TERAPÊUTICO";"2023";"3386";"";"0";"0";"100012604";"FOLHA DE PAGAMENTO";"45780103000150";"";"0";"PROPRIA";"33904901";"INDENIZACAO AUXILIO TRANSPORTE";"FOLHA DE PAGAMENTO";"11000";"2023";"L";"27/01/2023";"0";"01/01/2023";"31/01/2023";"14"
"UNIDADE GESTÃO DE ASSISTÊNCIA E DESENVOLV. SOCIAL";"8";"ASSISTÊNCIA SOCIAL";"122";"ADMINISTRAÇÃO GERAL";"2023";"3387";"";"0";"0";"100012604";"FOLHA DE PAGAMENTO";"45780103000150";"";"5158";"FNAS / MDS / BLOCO DE PROTEÇÃO SOCIAL BÁSICA";"31900411";"SALÁRIOS - CONTRATO TEMPORÁRIO";"FOLHA DE PAGAMENTO";"3531.12";"2023";"L";"27/01/2023";"0";"01/01/2023";"31/01/2023";"15"
"UNIDADE GESTÃO DE ASSISTÊNCIA E DESENVOLV. SOCIAL";"8";"ASSISTÊNCIA SOCIAL";"122";"ADMINISTRAÇÃO GERAL";"2023";"3388";"";"0";"0";"4016168";"I.N.S.S -INST.NACIONAL DE SEGURO SOCIAL";"29979036000140";"";"5158";"FNAS / MDS / BLOCO DE PROTEÇÃO SOCIAL BÁSICA";"31900416";"OBRIGAÇÕES PATRONAIS - INSS - CONTRATO TEMPORÁRIO";"FOLHA DE PAGAMENTO";"1140.82";"2023";"L";"27/01/2023";"0";"01/01/2023";"31/01/2023";"15"
"UNIDADE GESTÃO DE ASSISTÊNCIA E DESENVOLV. SOCIAL";"8";"ASSISTÊNCIA SOCIAL";"122";"ADMINISTRAÇÃO GERAL";"2023";"3389";"";"0";"0";"4000055";"FUNDO DE GARANTIA POR TEMPO DE SERVICO";"00360305000104";"";"5158";"FNAS / MDS / BLOCO DE PROTEÇÃO SOCIAL BÁSICA";"31900417";"OBRIGAÇÕES PATRONAIS - FGTS - CONTRATO TEMPORÁRIO";"FOLHA DE PAGAMENTO";"434.59";"2023";"L";"27/01/2023";"0";"01/01/2023";"31/01/2023";"15"
"UNIDADE GESTÃO DE ASSISTÊNCIA E DESENVOLV. SOCIAL";"8";"ASSISTÊNCIA SOCIAL";"122";"ADMINISTRAÇÃO GERAL";"2023";"3390";"";"0";"0";"100012604";"FOLHA DE PAGAMENTO";"45780103000150";"";"5158";"FNAS / MDS / BLOCO DE PROTEÇÃO SOCIAL BÁSICA";"33904901";"INDENIZACAO AUXILIO TRANSPORTE";"FOLHA DE PAGAMENTO";"440";"2023";"L";"27/01/2023";"0";"01/01/2023";"31/01/2023";"15"
"UNIDADE GESTÃO DE ASSISTÊNCIA E DESENVOLV. SOCIAL";"8";"ASSISTÊNCIA SOCIAL";"244";"ASSISTÊNCIA COMUNITÁRIA";"2023";"3391";"";"0";"0";"100012604";"FOLHA DE PAGAMENTO";"45780103000150";"";"0";"PROPRIA";"31901101";"VENCIMENTO E SALARIOS";"FOLHA DE PAGAMENTO";"4381.08";"2023";"L";"27/01/2023";"0";"01/01/2023";"31/01/2023";"15"
"UNIDADE GESTÃO DE ASSISTÊNCIA E DESENVOLV. SOCIAL";"8";"ASSISTÊNCIA SOCIAL";"244";"ASSISTÊNCIA COMUNITÁRIA";"2023";"3392";"";"0";"0";"100012604";"FOLHA DE PAGAMENTO";"45780103000150";"";"0";"PROPRIA";"31901101";"VENCIMENTO E SALARIOS";"FOLHA DE PAGAMENTO";"194009.99";"2023";"L";"27/01/2023";"0";"01/01/2023";"31/01/2023";"15"
"UNIDADE GESTÃO DE ASSISTÊNCIA E DESENVOLV. SOCIAL";"8";"ASSISTÊNCIA SOCIAL";"244";"ASSISTÊNCIA COMUNITÁRIA";"2023";"3393";"";"0";"0";"100012604";"FOLHA DE PAGAMENTO";"45780103000150";"";"0";"PROPRIA";"31901107";"ABONO DE PERMANENCIA";"FOLHA DE PAGAMENTO";"1705.29";"2023";"L";"27/01/2023";"0";"01/01/2023";"31/01/2023";"15"
"UNIDADE GESTÃO DE ASSISTÊNCIA E DESENVOLV. SOCIAL";"8";"ASSISTÊNCIA SOCIAL";"244";"ASSISTÊNCIA COMUNITÁRIA";"2023";"3394";"";"0";"0";"100012604";"FOLHA DE PAGAMENTO";"45780103000150";"";"0";"PROPRIA";"31901131";"GRATIFICACOES POR EXERCICIO DE  CARGO";"FOLHA DE PAGAMENTO";"1579.03";"2023";"L";"27/01/2023";"0";"01/01/2023";"31/01/2023";"15"
"UNIDADE GESTÃO DE ASSISTÊNCIA E DESENVOLV. SOCIAL";"8";"ASSISTÊNCIA SOCIAL";"244";"ASSISTÊNCIA COMUNITÁRIA";"2023";"3395";"";"0";"0";"100012604";"FOLHA DE PAGAMENTO";"45780103000150";"";"0";"PROPRIA";"31901133";"GRATIFICACOES POR EXERCICIO DE  FUNCOES";"FOLHA DE PAGAMENTO";"6621.25";"2023";"L";"27/01/2023";"0";"01/01/2023";"31/01/2023";"15"
"UNIDADE GESTÃO DE ASSISTÊNCIA E DESENVOLV. SOCIAL";"8";"ASSISTÊNCIA SOCIAL";"244";"ASSISTÊNCIA COMUNITÁRIA";"2023";"3396";"";"0";"0";"100012604";"FOLHA DE PAGAMENTO";"45780103000150";"";"0";"PROPRIA";"31901137";"GRATIFICACOES POR TEMPO DE SERVICO";"FOLHA DE PAGAMENTO";"17165.37";"2023";"L";"27/01/2023";"0";"01/01/2023";"31/01/2023";"15"
"UNIDADE GESTÃO DE ASSISTÊNCIA E DESENVOLV. SOCIAL";"8";"ASSISTÊNCIA SOCIAL";"244";"ASSISTÊNCIA COMUNITÁRIA";"2023";"3397";"";"0";"0";"100012604";"FOLHA DE PAGAMENTO";"45780103000150";"";"0";"PROPRIA";"31901145";"FÉRIAS - ABONO CONSTITUICOES";"FOLHA DE PAGAMENTO";"55.85";"2023";"L";"27/01/2023";"0";"01/01/2023";"31/01/2023";"15"
"UNIDADE GESTÃO DE ASSISTÊNCIA E DESENVOLV. SOCIAL";"8";"ASSISTÊNCIA SOCIAL";"244";"ASSISTÊNCIA COMUNITÁRIA";"2023";"3398";"";"0";"0";"100012604";"FOLHA DE PAGAMENTO";"45780103000150";"";"0";"PROPRIA";"31901147";"LICENÇA PRÊMIO";"FOLHA DE PAGAMENTO";"8795.37";"2023";"L";"27/01/2023";"0";"01/01/2023";"31/01/2023";"15"
"UNIDADE GESTÃO DE ASSISTÊNCIA E DESENVOLV. SOCIAL";"8";"ASSISTÊNCIA SOCIAL";"244";"ASSISTÊNCIA COMUNITÁRIA";"2023";"3399";"";"0";"0";"4016168";"I.N.S.S -INST.NACIONAL DE SEGURO SOCIAL";"29979036000140";"";"0";"PROPRIA";"31901302";"CONTRIBUICOES PREVIDENCIARIAS - INSS";"FOLHA DE PAGAMENTO";"1415.43";"2023";"L";"27/01/2023";"0";"01/01/2023";"31/01/2023";"15"
"UNIDADE GESTÃO DE ASSISTÊNCIA E DESENVOLV. SOCIAL";"8";"ASSISTÊNCIA SOCIAL";"244";"ASSISTÊNCIA COMUNITÁRIA";"2023";"3400";"";"0";"0";"100012604";"FOLHA DE PAGAMENTO";"45780103000150";"";"0";"PROPRIA";"31901644";"SERVIÇOS EXTRAORDINÁRIOS";"FOLHA DE PAGAMENTO";"16946.93";"2023";"L";"27/01/2023";"0";"01/01/2023";"31/01/2023";"15"
"UNIDADE GESTÃO DE ASSISTÊNCIA E DESENVOLV. SOCIAL";"8";"ASSISTÊNCIA SOCIAL";"244";"ASSISTÊNCIA COMUNITÁRIA";"2023";"3401";"";"0";"0";"100004453";"IPREJUN-INST.PREVIDENCIA DO MUN.JUNDIAI";"05507216000161";"";"0";"PROPRIA";"31911308";"CONTRIBUIÇÕES PREVIDENCIÁRIAS - RPPS - PESSOAL ATI";"FOLHA DE PAGAMENTO";"53735.59";"2023";"L";"27/01/2023";"0";"01/01/2023";"31/01/2023";"15"
"UNIDADE GESTÃO DE ASSISTÊNCIA E DESENVOLV. SOCIAL";"8";"ASSISTÊNCIA SOCIAL";"244";"ASSISTÊNCIA COMUNITÁRIA";"2023";"3402";"";"0";"0";"100004453";"IPREJUN-INST.PREVIDENCIA DO MUN.JUNDIAI";"05507216000161";"";"0";"PROPRIA";"31911320";"ALÍQUOTA SUPLEMENTAR DE CONTRIBUIÇÃO PREVIDENCIÁRI";"FOLHA DE PAGAMENTO";"71322.54";"2023";"L";"27/01/2023";"0";"01/01/2023";"31/01/2023";"15"
"UNIDADE GESTÃO DE ASSISTÊNCIA E DESENVOLV. SOCIAL";"8";"ASSISTÊNCIA SOCIAL";"244";"ASSISTÊNCIA COMUNITÁRIA";"2023";"3403";"";"0";"0";"100012604";"FOLHA DE PAGAMENTO";"45780103000150";"";"0";"PROPRIA";"33904901";"INDENIZACAO AUXILIO TRANSPORTE";"FOLHA DE PAGAMENTO";"14168";"2023";"L";"27/01/2023";"0";"01/01/2023";"31/01/2023";"15"
"UNIDADE GESTÃO DE ASSISTÊNCIA E DESENVOLV. SOCIAL";"8";"ASSISTÊNCIA SOCIAL";"244";"ASSISTÊNCIA COMUNITÁRIA";"2023";"3404";"";"0";"0";"100012604";"FOLHA DE PAGAMENTO";"45780103000150";"";"0";"PROPRIA";"33904901";"INDENIZACAO AUXILIO TRANSPORTE";"FOLHA DE PAGAMENTO";"440";"2023";"L";"27/01/2023";"0";"01/01/2023";"31/01/2023";"15"
"UNIDADE GESTÃO DE ASSISTÊNCIA E DESENVOLV. SOCIAL";"8";"ASSISTÊNCIA SOCIAL";"244";"ASSISTÊNCIA COMUNITÁRIA";"2023";"3405";"";"0";"0";"100012604";"FOLHA DE PAGAMENTO";"45780103000150";"";"0";"PROPRIA";"31901101";"VENCIMENTO E SALARIOS";"FOLHA DE PAGAMENTO";"83001.73";"2023";"L";"27/01/2023";"0";"01/01/2023";"31/01/2023";"15"
"UNIDADE GESTÃO DE ASSISTÊNCIA E DESENVOLV. SOCIAL";"8";"ASSISTÊNCIA SOCIAL";"244";"ASSISTÊNCIA COMUNITÁRIA";"2023";"3406";"";"0";"0";"100012604";"FOLHA DE PAGAMENTO";"45780103000150";"";"0";"PROPRIA";"31901101";"VENCIMENTO E SALARIOS";"FOLHA DE PAGAMENTO";"47122.79";"2023";"L";"27/01/2023";"0";"01/01/2023";"31/01/2023";"15"
"UNIDADE GESTÃO DE ASSISTÊNCIA E DESENVOLV. SOCIAL";"8";"ASSISTÊNCIA SOCIAL";"244";"ASSISTÊNCIA COMUNITÁRIA";"2023";"3407";"";"0";"0";"100012604";"FOLHA DE PAGAMENTO";"45780103000150";"";"0";"PROPRIA";"31901101";"VENCIMENTO E SALARIOS";"FOLHA DE PAGAMENTO";"3423.33";"2023";"L";"27/01/2023";"0";"01/01/2023";"31/01/2023";"15"
"UNIDADE GESTÃO DE ASSISTÊNCIA E DESENVOLV. SOCIAL";"8";"ASSISTÊNCIA SOCIAL";"244";"ASSISTÊNCIA COMUNITÁRIA";"2023";"3408";"";"0";"0";"100012604";"FOLHA DE PAGAMENTO";"45780103000150";"";"0";"PROPRIA";"31901107";"ABONO DE PERMANENCIA";"FOLHA DE PAGAMENTO";"1706.15";"2023";"L";"27/01/2023";"0";"01/01/2023";"31/01/2023";"15"
"UNIDADE GESTÃO DE ASSISTÊNCIA E DESENVOLV. SOCIAL";"8";"ASSISTÊNCIA SOCIAL";"244";"ASSISTÊNCIA COMUNITÁRIA";"2023";"3409";"";"0";"0";"100012604";"FOLHA DE PAGAMENTO";"45780103000150";"";"0";"PROPRIA";"31901133";"GRATIFICACOES POR EXERCICIO DE  FUNCOES";"FOLHA DE PAGAMENTO";"2247.33";"2023";"L";"27/01/2023";"0";"01/01/2023";"31/01/2023";"15"
"UNIDADE GESTÃO DE ASSISTÊNCIA E DESENVOLV. SOCIAL";"8";"ASSISTÊNCIA SOCIAL";"244";"ASSISTÊNCIA COMUNITÁRIA";"2023";"3410";"";"0";"0";"100012604";"FOLHA DE PAGAMENTO";"45780103000150";"";"0";"PROPRIA";"31901137";"GRATIFICACOES POR TEMPO DE SERVICO";"FOLHA DE PAGAMENTO";"8711.05";"2023";"L";"27/01/2023";"0";"01/01/2023";"31/01/2023";"15"
"UNIDADE GESTÃO DE ASSISTÊNCIA E DESENVOLV. SOCIAL";"8";"ASSISTÊNCIA SOCIAL";"244";"ASSISTÊNCIA COMUNITÁRIA";"2023";"3411";"";"0";"0";"100012604";"FOLHA DE PAGAMENTO";"45780103000150";"";"0";"PROPRIA";"31901137";"GRATIFICACOES POR TEMPO DE SERVICO";"FOLHA DE PAGAMENTO";"1158.97";"2023";"L";"27/01/2023";"0";"01/01/2023";"31/01/2023";"15"
"UNIDADE GESTÃO DE ASSISTÊNCIA E DESENVOLV. SOCIAL";"8";"ASSISTÊNCIA SOCIAL";"244";"ASSISTÊNCIA COMUNITÁRIA";"2023";"3412";"";"0";"0";"100012604";"FOLHA DE PAGAMENTO";"45780103000150";"";"0";"PROPRIA";"31901147";"LICENÇA PRÊMIO";"FOLHA DE PAGAMENTO";"12592.07";"2023";"L";"27/01/2023";"0";"01/01/2023";"31/01/2023";"15"
"UNIDADE GESTÃO DE ASSISTÊNCIA E DESENVOLV. SOCIAL";"8";"ASSISTÊNCIA SOCIAL";"244";"ASSISTÊNCIA COMUNITÁRIA";"2023";"3413";"";"0";"0";"100012604";"FOLHA DE PAGAMENTO";"45780103000150";"";"0";"PROPRIA";"31901175";"SUBSÍDIOS - AGENTES POLÍTICOS";"FOLHA DE PAGAMENTO";"20277.63";"2023";"L";"27/01/2023";"0";"01/01/2023";"31/01/2023";"15"
"UNIDADE GESTÃO DE ASSISTÊNCIA E DESENVOLV. SOCIAL";"8";"ASSISTÊNCIA SOCIAL";"244";"ASSISTÊNCIA COMUNITÁRIA";"2023";"3414";"";"0";"0";"4000055";"FUNDO DE GARANTIA POR TEMPO DE SERVICO";"00360305000104";"";"0";"PROPRIA";"31901301";"FGTS";"FOLHA DE PAGAMENTO";"997.86";"2023";"L";"27/01/2023";"0";"01/01/2023";"31/01/2023";"15"
"UNIDADE GESTÃO DE ASSISTÊNCIA E DESENVOLV. SOCIAL";"8";"ASSISTÊNCIA SOCIAL";"244";"ASSISTÊNCIA COMUNITÁRIA";"2023";"3415";"";"0";"0";"4016168";"I.N.S.S -INST.NACIONAL DE SEGURO SOCIAL";"29979036000140";"";"0";"PROPRIA";"31901302";"CONTRIBUICOES PREVIDENCIARIAS - INSS";"FOLHA DE PAGAMENTO";"4258.3";"2023";"L";"27/01/2023";"0";"01/01/2023";"31/01/2023";"15"
"UNIDADE GESTÃO DE ASSISTÊNCIA E DESENVOLV. SOCIAL";"8";"ASSISTÊNCIA SOCIAL";"244";"ASSISTÊNCIA COMUNITÁRIA";"2023";"3416";"";"0";"0";"4016168";"I.N.S.S -INST.NACIONAL DE SEGURO SOCIAL";"29979036000140";"";"0";"PROPRIA";"31901302";"CONTRIBUICOES PREVIDENCIARIAS - INSS";"FOLHA DE PAGAMENTO";"2619.4";"2023";"L";"27/01/2023";"0";"01/01/2023";"31/01/2023";"15"
"UNIDADE GESTÃO DE ASSISTÊNCIA E DESENVOLV. SOCIAL";"8";"ASSISTÊNCIA SOCIAL";"244";"ASSISTÊNCIA COMUNITÁRIA";"2023";"3417";"";"0";"0";"4016168";"I.N.S.S -INST.NACIONAL DE SEGURO SOCIAL";"29979036000140";"";"0";"PROPRIA";"31901302";"CONTRIBUICOES PREVIDENCIARIAS - INSS";"FOLHA DE PAGAMENTO";"16205.29";"2023";"L";"27/01/2023";"0";"01/01/2023";"31/01/2023";"15"
"UNIDADE GESTÃO DE ASSISTÊNCIA E DESENVOLV. SOCIAL";"8";"ASSISTÊNCIA SOCIAL";"244";"ASSISTÊNCIA COMUNITÁRIA";"2023";"3418";"";"0";"0";"100012604";"FOLHA DE PAGAMENTO";"45780103000150";"";"0";"PROPRIA";"31901644";"SERVIÇOS EXTRAORDINÁRIOS";"FOLHA DE PAGAMENTO";"8004.56";"2023";"L";"27/01/2023";"0";"01/01/2023";"31/01/2023";"15"
"UNIDADE GESTÃO DE ASSISTÊNCIA E DESENVOLV. SOCIAL";"8";"ASSISTÊNCIA SOCIAL";"244";"ASSISTÊNCIA COMUNITÁRIA";"2023";"3419";"";"0";"0";"100004453";"IPREJUN-INST.PREVIDENCIA DO MUN.JUNDIAI";"05507216000161";"";"0";"PROPRIA";"31911308";"CONTRIBUIÇÕES PREVIDENCIÁRIAS - RPPS - PESSOAL ATI";"FOLHA DE PAGAMENTO";"23472.06";"2023";"L";"27/01/2023";"0";"01/01/2023";"31/01/2023";"15"
"UNIDADE GESTÃO DE ASSISTÊNCIA E DESENVOLV. SOCIAL";"8";"ASSISTÊNCIA SOCIAL";"244";"ASSISTÊNCIA COMUNITÁRIA";"2023";"3420";"";"0";"0";"100004453";"IPREJUN-INST.PREVIDENCIA DO MUN.JUNDIAI";"05507216000161";"";"0";"PROPRIA";"31911320";"ALÍQUOTA SUPLEMENTAR DE CONTRIBUIÇÃO PREVIDENCIÁRI";"FOLHA DE PAGAMENTO";"31154.11";"2023";"L";"27/01/2023";"0";"01/01/2023";"31/01/2023";"15"
"UNIDADE GESTÃO DE ASSISTÊNCIA E DESENVOLV. SOCIAL";"8";"ASSISTÊNCIA SOCIAL";"244";"ASSISTÊNCIA COMUNITÁRIA";"2023";"3421";"";"0";"0";"100012604";"FOLHA DE PAGAMENTO";"45780103000150";"";"0";"PROPRIA";"33904901";"INDENIZACAO AUXILIO TRANSPORTE";"FOLHA DE PAGAMENTO";"3190";"2023";"L";"27/01/2023";"0";"01/01/2023";"31/01/2023";"15"
"UNIDADE GESTÃO DE ASSISTÊNCIA E DESENVOLV. SOCIAL";"8";"ASSISTÊNCIA SOCIAL";"244";"ASSISTÊNCIA COMUNITÁRIA";"2023";"3422";"";"0";"0";"100012604";"FOLHA DE PAGAMENTO";"45780103000150";"";"0";"PROPRIA";"33904901";"INDENIZACAO AUXILIO TRANSPORTE";"FOLHA DE PAGAMENTO";"110";"2023";"L";"27/01/2023";"0";"01/01/2023";"31/01/2023";"15"
"UNIDADE GESTÃO DE ASSISTÊNCIA E DESENVOLV. SOCIAL";"8";"ASSISTÊNCIA SOCIAL";"244";"ASSISTÊNCIA COMUNITÁRIA";"2023";"3423";"";"0";"0";"100012604";"FOLHA DE PAGAMENTO";"45780103000150";"";"0";"PROPRIA";"33904901";"INDENIZACAO AUXILIO TRANSPORTE";"FOLHA DE PAGAMENTO";"10318";"2023";"L";"27/01/2023";"0";"01/01/2023";"31/01/2023";"15"
"UNIDADE GESTÃO DE ASSISTÊNCIA E DESENVOLV. SOCIAL";"8";"ASSISTÊNCIA SOCIAL";"244";"ASSISTÊNCIA COMUNITÁRIA";"2023";"3424";"";"0";"0";"100012604";"FOLHA DE PAGAMENTO";"45780103000150";"";"0";"PROPRIA";"31901101";"VENCIMENTO E SALARIOS";"FOLHA DE PAGAMENTO";"174185.05";"2023";"L";"27/01/2023";"0";"01/01/2023";"31/01/2023";"15"
"UNIDADE GESTÃO DE ASSISTÊNCIA E DESENVOLV. SOCIAL";"8";"ASSISTÊNCIA SOCIAL";"244";"ASSISTÊNCIA COMUNITÁRIA";"2023";"3425";"";"0";"0";"100012604";"FOLHA DE PAGAMENTO";"45780103000150";"";"0";"PROPRIA";"31901101";"VENCIMENTO E SALARIOS";"FOLHA DE PAGAMENTO";"2986.2";"2023";"L";"27/01/2023";"0";"01/01/2023";"31/01/2023";"15"
"UNIDADE GESTÃO DE ASSISTÊNCIA E DESENVOLV. SOCIAL";"8";"ASSISTÊNCIA SOCIAL";"244";"ASSISTÊNCIA COMUNITÁRIA";"2023";"3426";"";"0";"0";"100012604";"FOLHA DE PAGAMENTO";"45780103000150";"";"0";"PROPRIA";"31901131";"GRATIFICACOES POR EXERCICIO DE  CARGO";"FOLHA DE PAGAMENTO";"3013.61";"2023";"L";"27/01/2023";"0";"01/01/2023";"31/01/2023";"15"
"UNIDADE GESTÃO DE ASSISTÊNCIA E DESENVOLV. SOCIAL";"8";"ASSISTÊNCIA SOCIAL";"244";"ASSISTÊNCIA COMUNITÁRIA";"2023";"3427";"";"0";"0";"100012604";"FOLHA DE PAGAMENTO";"45780103000150";"";"0";"PROPRIA";"31901133";"GRATIFICACOES POR EXERCICIO DE  FUNCOES";"FOLHA DE PAGAMENTO";"11114.25";"2023";"L";"27/01/2023";"0";"01/01/2023";"31/01/2023";"15"
"UNIDADE GESTÃO DE ASSISTÊNCIA E DESENVOLV. SOCIAL";"8";"ASSISTÊNCIA SOCIAL";"244";"ASSISTÊNCIA COMUNITÁRIA";"2023";"3428";"";"0";"0";"100012604";"FOLHA DE PAGAMENTO";"45780103000150";"";"0";"PROPRIA";"31901137";"GRATIFICACOES POR TEMPO DE SERVICO";"FOLHA DE PAGAMENTO";"7386.95";"2023";"L";"27/01/2023";"0";"01/01/2023";"31/01/2023";"15"
"UNIDADE GESTÃO DE ASSISTÊNCIA E DESENVOLV. SOCIAL";"8";"ASSISTÊNCIA SOCIAL";"244";"ASSISTÊNCIA COMUNITÁRIA";"2023";"3429";"";"0";"0";"100012604";"FOLHA DE PAGAMENTO";"45780103000150";"";"0";"PROPRIA";"31901145";"FÉRIAS - ABONO CONSTITUICOES";"FOLHA DE PAGAMENTO";"48.16";"2023";"L";"27/01/2023";"0";"01/01/2023";"31/01/2023";"15"
"UNIDADE GESTÃO DE ASSISTÊNCIA E DESENVOLV. SOCIAL";"8";"ASSISTÊNCIA SOCIAL";"244";"ASSISTÊNCIA COMUNITÁRIA";"2023";"3430";"";"0";"0";"100012604";"FOLHA DE PAGAMENTO";"45780103000150";"";"0";"PROPRIA";"31901147";"LICENÇA PRÊMIO";"FOLHA DE PAGAMENTO";"7091.18";"2023";"L";"27/01/2023";"0";"01/01/2023";"31/01/2023";"15"
"UNIDADE GESTÃO DE ASSISTÊNCIA E DESENVOLV. SOCIAL";"8";"ASSISTÊNCIA SOCIAL";"244";"ASSISTÊNCIA COMUNITÁRIA";"2023";"3431";"";"0";"0";"4016168";"I.N.S.S -INST.NACIONAL DE SEGURO SOCIAL";"29979036000140";"";"0";"PROPRIA";"31901302";"CONTRIBUICOES PREVIDENCIARIAS - INSS";"FOLHA DE PAGAMENTO";"1558.78";"2023";"L";"27/01/2023";"0";"01/01/2023";"31/01/2023";"15"
"UNIDADE GESTÃO DE ASSISTÊNCIA E DESENVOLV. SOCIAL";"8";"ASSISTÊNCIA SOCIAL";"244";"ASSISTÊNCIA COMUNITÁRIA";"2023";"3432";"";"0";"0";"100012604";"FOLHA DE PAGAMENTO";"45780103000150";"";"0";"PROPRIA";"31901644";"SERVIÇOS EXTRAORDINÁRIOS";"FOLHA DE PAGAMENTO";"13542.84";"2023";"L";"27/01/2023";"0";"01/01/2023";"31/01/2023";"15"
"UNIDADE GESTÃO DE ASSISTÊNCIA E DESENVOLV. SOCIAL";"8";"ASSISTÊNCIA SOCIAL";"244";"ASSISTÊNCIA COMUNITÁRIA";"2023";"3433";"";"0";"0";"100004453";"IPREJUN-INST.PREVIDENCIA DO MUN.JUNDIAI";"05507216000161";"";"0";"PROPRIA";"31911308";"CONTRIBUIÇÕES PREVIDENCIÁRIAS - RPPS - PESSOAL ATI";"FOLHA DE PAGAMENTO";"46433.19";"2023";"L";"27/01/2023";"0";"01/01/2023";"31/01/2023";"15"
"UNIDADE GESTÃO DE ASSISTÊNCIA E DESENVOLV. SOCIAL";"8";"ASSISTÊNCIA SOCIAL";"244";"ASSISTÊNCIA COMUNITÁRIA";"2023";"3434";"";"0";"0";"100004453";"IPREJUN-INST.PREVIDENCIA DO MUN.JUNDIAI";"05507216000161";"";"0";"PROPRIA";"31911320";"ALÍQUOTA SUPLEMENTAR DE CONTRIBUIÇÃO PREVIDENCIÁRI";"FOLHA DE PAGAMENTO";"61630.12";"2023";"L";"27/01/2023";"0";"01/01/2023";"31/01/2023";"15"
"UNIDADE GESTÃO DE ASSISTÊNCIA E DESENVOLV. SOCIAL";"8";"ASSISTÊNCIA SOCIAL";"244";"ASSISTÊNCIA COMUNITÁRIA";"2023";"3435";"";"0";"0";"100012604";"FOLHA DE PAGAMENTO";"45780103000150";"";"0";"PROPRIA";"33904901";"INDENIZACAO AUXILIO TRANSPORTE";"FOLHA DE PAGAMENTO";"15928";"2023";"L";"27/01/2023";"0";"01/01/2023";"31/01/2023";"15"
"UNIDADE GESTÃO DE ASSISTÊNCIA E DESENVOLV. SOCIAL";"8";"ASSISTÊNCIA SOCIAL";"244";"ASSISTÊNCIA COMUNITÁRIA";"2023";"3436";"";"0";"0";"100012604";"FOLHA DE PAGAMENTO";"45780103000150";"";"0";"PROPRIA";"33904901";"INDENIZACAO AUXILIO TRANSPORTE";"FOLHA DE PAGAMENTO";"264";"2023";"L";"27/01/2023";"0";"01/01/2023";"31/01/2023";"15"
"UNIDADE DE GESTÃO DES. ECON. CIÊNCIA E TECNOLOGIA";"11";"TRABALHO";"122";"ADMINISTRAÇÃO GERAL";"2023";"3437";"";"0";"0";"100012604";"FOLHA DE PAGAMENTO";"45780103000150";"";"0";"PROPRIA";"31901101";"VENCIMENTO E SALARIOS";"FOLHA DE PAGAMENTO";"31313.13";"2023";"L";"27/01/2023";"0";"01/01/2023";"31/01/2023";"16"
"UNIDADE DE GESTÃO DES. ECON. CIÊNCIA E TECNOLOGIA";"11";"TRABALHO";"122";"ADMINISTRAÇÃO GERAL";"2023";"3438";"";"0";"0";"100012604";"FOLHA DE PAGAMENTO";"45780103000150";"";"0";"PROPRIA";"31901101";"VENCIMENTO E SALARIOS";"FOLHA DE PAGAMENTO";"78741.64";"2023";"L";"27/01/2023";"0";"01/01/2023";"31/01/2023";"16"
"UNIDADE DE GESTÃO DES. ECON. CIÊNCIA E TECNOLOGIA";"11";"TRABALHO";"122";"ADMINISTRAÇÃO GERAL";"2023";"3439";"";"0";"0";"100012604";"FOLHA DE PAGAMENTO";"45780103000150";"";"0";"PROPRIA";"31901104";"ADICIONAL NOTURNO";"FOLHA DE PAGAMENTO";"0.83";"2023";"L";"27/01/2023";"0";"01/01/2023";"31/01/2023";"16"
"UNIDADE DE GESTÃO DES. ECON. CIÊNCIA E TECNOLOGIA";"11";"TRABALHO";"122";"ADMINISTRAÇÃO GERAL";"2023";"3440";"";"0";"0";"100012604";"FOLHA DE PAGAMENTO";"45780103000150";"";"0";"PROPRIA";"31901133";"GRATIFICACOES POR EXERCICIO DE  FUNCOES";"FOLHA DE PAGAMENTO";"2560.84";"2023";"L";"27/01/2023";"0";"01/01/2023";"31/01/2023";"16"
"UNIDADE DE GESTÃO DES. ECON. CIÊNCIA E TECNOLOGIA";"11";"TRABALHO";"122";"ADMINISTRAÇÃO GERAL";"2023";"3441";"";"0";"0";"100012604";"FOLHA DE PAGAMENTO";"45780103000150";"";"0";"PROPRIA";"31901137";"GRATIFICACOES POR TEMPO DE SERVICO";"FOLHA DE PAGAMENTO";"2927.49";"2023";"L";"27/01/2023";"0";"01/01/2023";"31/01/2023";"16"
"UNIDADE DE GESTÃO DES. ECON. CIÊNCIA E TECNOLOGIA";"11";"TRABALHO";"122";"ADMINISTRAÇÃO GERAL";"2023";"3442";"";"0";"0";"100012604";"FOLHA DE PAGAMENTO";"45780103000150";"";"0";"PROPRIA";"31901175";"SUBSÍDIOS - AGENTES POLÍTICOS";"FOLHA DE PAGAMENTO";"20277.63";"2023";"L";"27/01/2023";"0";"01/01/2023";"31/01/2023";"16"
"UNIDADE DE GESTÃO DES. ECON. CIÊNCIA E TECNOLOGIA";"11";"TRABALHO";"122";"ADMINISTRAÇÃO GERAL";"2023";"3443";"";"0";"0";"4016168";"I.N.S.S -INST.NACIONAL DE SEGURO SOCIAL";"29979036000140";"";"0";"PROPRIA";"31901302";"CONTRIBUICOES PREVIDENCIARIAS - INSS";"FOLHA DE PAGAMENTO";"4258.3";"2023";"L";"27/01/2023";"0";"01/01/2023";"31/01/2023";"16"
"UNIDADE DE GESTÃO DES. ECON. CIÊNCIA E TECNOLOGIA";"11";"TRABALHO";"122";"ADMINISTRAÇÃO GERAL";"2023";"3444";"";"0";"0";"4016168";"I.N.S.S -INST.NACIONAL DE SEGURO SOCIAL";"29979036000140";"";"0";"PROPRIA";"31901302";"CONTRIBUICOES PREVIDENCIARIAS - INSS";"FOLHA DE PAGAMENTO";"31491.2";"2023";"L";"27/01/2023";"0";"01/01/2023";"31/01/2023";"16"
"UNIDADE DE GESTÃO DES. ECON. CIÊNCIA E TECNOLOGIA";"11";"TRABALHO";"122";"ADMINISTRAÇÃO GERAL";"2023";"3445";"";"0";"0";"100012604";"FOLHA DE PAGAMENTO";"45780103000150";"";"0";"PROPRIA";"31901632";"SUBSTITUIÇÕES  RPPS";"FOLHA DE PAGAMENTO";"2761.82";"2023";"L";"27/01/2023";"0";"01/01/2023";"31/01/2023";"16"
"UNIDADE DE GESTÃO DES. ECON. CIÊNCIA E TECNOLOGIA";"11";"TRABALHO";"122";"ADMINISTRAÇÃO GERAL";"2023";"3446";"";"0";"0";"100004453";"IPREJUN-INST.PREVIDENCIA DO MUN.JUNDIAI";"05507216000161";"";"0";"PROPRIA";"31911308";"CONTRIBUIÇÕES PREVIDENCIÁRIAS - RPPS - PESSOAL ATI";"FOLHA DE PAGAMENTO";"7617.99";"2023";"L";"27/01/2023";"0";"01/01/2023";"31/01/2023";"16"
"UNIDADE DE GESTÃO DES. ECON. CIÊNCIA E TECNOLOGIA";"11";"TRABALHO";"122";"ADMINISTRAÇÃO GERAL";"2023";"3447";"";"0";"0";"100004453";"IPREJUN-INST.PREVIDENCIA DO MUN.JUNDIAI";"05507216000161";"";"0";"PROPRIA";"31911320";"ALÍQUOTA SUPLEMENTAR DE CONTRIBUIÇÃO PREVIDENCIÁRI";"FOLHA DE PAGAMENTO";"10111.24";"2023";"L";"27/01/2023";"0";"01/01/2023";"31/01/2023";"16"
"UNIDADE DE GESTÃO DES. ECON. CIÊNCIA E TECNOLOGIA";"11";"TRABALHO";"122";"ADMINISTRAÇÃO GERAL";"2023";"3448";"";"0";"0";"100012604";"FOLHA DE PAGAMENTO";"45780103000150";"";"0";"PROPRIA";"33904901";"INDENIZACAO AUXILIO TRANSPORTE";"FOLHA DE PAGAMENTO";"3014";"2023";"L";"27/01/2023";"0";"01/01/2023";"31/01/2023";"16"
"UNIDADE DE GESTÃO DES. ECON. CIÊNCIA E TECNOLOGIA";"11";"TRABALHO";"122";"ADMINISTRAÇÃO GERAL";"2023";"3449";"";"0";"0";"100012604";"FOLHA DE PAGAMENTO";"45780103000150";"";"0";"PROPRIA";"33904901";"INDENIZACAO AUXILIO TRANSPORTE";"FOLHA DE PAGAMENTO";"5610";"2023";"L";"27/01/2023";"0";"01/01/2023";"31/01/2023";"16"
"UNIDADE GESTÃO DE AGRONEGÓCIO. ABASTEC. E TURISMO";"20";"AGRICULTURA";"122";"ADMINISTRAÇÃO GERAL";"2023";"3450";"";"0";"0";"100012604";"FOLHA DE PAGAMENTO";"45780103000150";"";"0";"PROPRIA";"31901101";"VENCIMENTO E SALARIOS";"FOLHA DE PAGAMENTO";"102346.09";"2023";"L";"27/01/2023";"0";"01/01/2023";"31/01/2023";"17"
"UNIDADE GESTÃO DE AGRONEGÓCIO. ABASTEC. E TURISMO";"20";"AGRICULTURA";"122";"ADMINISTRAÇÃO GERAL";"2023";"3451";"";"0";"0";"100012604";"FOLHA DE PAGAMENTO";"45780103000150";"";"0";"PROPRIA";"31901101";"VENCIMENTO E SALARIOS";"FOLHA DE PAGAMENTO";"38071.27";"2023";"L";"27/01/2023";"0";"01/01/2023";"31/01/2023";"17"
"UNIDADE GESTÃO DE AGRONEGÓCIO. ABASTEC. E TURISMO";"20";"AGRICULTURA";"122";"ADMINISTRAÇÃO GERAL";"2023";"3452";"";"0";"0";"100012604";"FOLHA DE PAGAMENTO";"45780103000150";"";"0";"PROPRIA";"31901133";"GRATIFICACOES POR EXERCICIO DE  FUNCOES";"FOLHA DE PAGAMENTO";"12466.79";"2023";"L";"27/01/2023";"0";"01/01/2023";"31/01/2023";"17"
"UNIDADE GESTÃO DE AGRONEGÓCIO. ABASTEC. E TURISMO";"20";"AGRICULTURA";"122";"ADMINISTRAÇÃO GERAL";"2023";"3453";"";"0";"0";"100012604";"FOLHA DE PAGAMENTO";"45780103000150";"";"0";"PROPRIA";"31901137";"GRATIFICACOES POR TEMPO DE SERVICO";"FOLHA DE PAGAMENTO";"16937.05";"2023";"L";"27/01/2023";"0";"01/01/2023";"31/01/2023";"17"
"UNIDADE GESTÃO DE AGRONEGÓCIO. ABASTEC. E TURISMO";"20";"AGRICULTURA";"122";"ADMINISTRAÇÃO GERAL";"2023";"3454";"";"0";"0";"100012604";"FOLHA DE PAGAMENTO";"45780103000150";"";"0";"PROPRIA";"31901175";"SUBSÍDIOS - AGENTES POLÍTICOS";"FOLHA DE PAGAMENTO";"20277.63";"2023";"L";"27/01/2023";"0";"01/01/2023";"31/01/2023";"17"
"UNIDADE GESTÃO DE AGRONEGÓCIO. ABASTEC. E TURISMO";"20";"AGRICULTURA";"122";"ADMINISTRAÇÃO GERAL";"2023";"3455";"";"0";"0";"4016168";"I.N.S.S -INST.NACIONAL DE SEGURO SOCIAL";"29979036000140";"";"0";"PROPRIA";"31901302";"CONTRIBUICOES PREVIDENCIARIAS - INSS";"FOLHA DE PAGAMENTO";"12299.96";"2023";"L";"27/01/2023";"0";"01/01/2023";"31/01/2023";"17"
"UNIDADE GESTÃO DE AGRONEGÓCIO. ABASTEC. E TURISMO";"20";"AGRICULTURA";"122";"ADMINISTRAÇÃO GERAL";"2023";"3456";"";"0";"0";"4016168";"I.N.S.S -INST.NACIONAL DE SEGURO SOCIAL";"29979036000140";"";"0";"PROPRIA";"31901302";"CONTRIBUICOES PREVIDENCIARIAS - INSS";"FOLHA DE PAGAMENTO";"4258.3";"2023";"L";"27/01/2023";"0";"01/01/2023";"31/01/2023";"17"
"UNIDADE GESTÃO DE AGRONEGÓCIO. ABASTEC. E TURISMO";"20";"AGRICULTURA";"122";"ADMINISTRAÇÃO GERAL";"2023";"3457";"";"0";"0";"100012604";"FOLHA DE PAGAMENTO";"45780103000150";"";"0";"PROPRIA";"31901632";"SUBSTITUIÇÕES  RPPS";"FOLHA DE PAGAMENTO";"5514.71";"2023";"L";"27/01/2023";"0";"01/01/2023";"31/01/2023";"17"
"UNIDADE GESTÃO DE AGRONEGÓCIO. ABASTEC. E TURISMO";"20";"AGRICULTURA";"122";"ADMINISTRAÇÃO GERAL";"2023";"3458";"";"0";"0";"100012604";"FOLHA DE PAGAMENTO";"45780103000150";"";"0";"PROPRIA";"31901644";"SERVIÇOS EXTRAORDINÁRIOS";"FOLHA DE PAGAMENTO";"8356.56";"2023";"L";"27/01/2023";"0";"01/01/2023";"31/01/2023";"17"
"UNIDADE GESTÃO DE AGRONEGÓCIO. ABASTEC. E TURISMO";"20";"AGRICULTURA";"122";"ADMINISTRAÇÃO GERAL";"2023";"3459";"";"0";"0";"100004453";"IPREJUN-INST.PREVIDENCIA DO MUN.JUNDIAI";"05507216000161";"";"0";"PROPRIA";"31911308";"CONTRIBUIÇÕES PREVIDENCIÁRIAS - RPPS - PESSOAL ATI";"FOLHA DE PAGAMENTO";"28172.67";"2023";"L";"27/01/2023";"0";"01/01/2023";"31/01/2023";"17"
"UNIDADE GESTÃO DE AGRONEGÓCIO. ABASTEC. E TURISMO";"20";"AGRICULTURA";"122";"ADMINISTRAÇÃO GERAL";"2023";"3460";"";"0";"0";"100004453";"IPREJUN-INST.PREVIDENCIA DO MUN.JUNDIAI";"05507216000161";"";"0";"PROPRIA";"31911320";"ALÍQUOTA SUPLEMENTAR DE CONTRIBUIÇÃO PREVIDENCIÁRI";"FOLHA DE PAGAMENTO";"37393.19";"2023";"L";"27/01/2023";"0";"01/01/2023";"31/01/2023";"17"
"UNIDADE GESTÃO DE AGRONEGÓCIO. ABASTEC. E TURISMO";"20";"AGRICULTURA";"122";"ADMINISTRAÇÃO GERAL";"2023";"3461";"";"0";"0";"100012604";"FOLHA DE PAGAMENTO";"45780103000150";"";"0";"PROPRIA";"33904901";"INDENIZACAO AUXILIO TRANSPORTE";"FOLHA DE PAGAMENTO";"2838";"2023";"L";"27/01/2023";"0";"01/01/2023";"31/01/2023";"17"
"UNIDADE GESTÃO DE AGRONEGÓCIO. ABASTEC. E TURISMO";"20";"AGRICULTURA";"122";"ADMINISTRAÇÃO GERAL";"2023";"3462";"";"0";"0";"100012604";"FOLHA DE PAGAMENTO";"45780103000150";"";"0";"PROPRIA";"33904901";"INDENIZACAO AUXILIO TRANSPORTE";"FOLHA DE PAGAMENTO";"7832";"2023";"L";"27/01/2023";"0";"01/01/2023";"31/01/2023";"17"
"UNIDADE DE GESTÃO DE SEGURANÇA MUNICIPAL";"6";"SEGURANÇA PÚBLICA";"122";"ADMINISTRAÇÃO GERAL";"2023";"3463";"";"0";"0";"100012604";"FOLHA DE PAGAMENTO";"45780103000150";"";"0";"PROPRIA";"31901101";"VENCIMENTO E SALARIOS";"FOLHA DE PAGAMENTO";"8948.83";"2023";"L";"27/01/2023";"0";"01/01/2023";"31/01/2023";"19"
"UNIDADE DE GESTÃO DE SEGURANÇA MUNICIPAL";"6";"SEGURANÇA PÚBLICA";"122";"ADMINISTRAÇÃO GERAL";"2023";"3464";"";"0";"0";"100012604";"FOLHA DE PAGAMENTO";"45780103000150";"";"0";"PROPRIA";"31901101";"VENCIMENTO E SALARIOS";"FOLHA DE PAGAMENTO";"1547814.48";"2023";"L";"27/01/2023";"0";"01/01/2023";"31/01/2023";"19"
"UNIDADE DE GESTÃO DE SEGURANÇA MUNICIPAL";"6";"SEGURANÇA PÚBLICA";"122";"ADMINISTRAÇÃO GERAL";"2023";"3465";"";"0";"0";"100012604";"FOLHA DE PAGAMENTO";"45780103000150";"";"0";"PROPRIA";"31901101";"VENCIMENTO E SALARIOS";"FOLHA DE PAGAMENTO";"25954.46";"2023";"L";"27/01/2023";"0";"01/01/2023";"31/01/2023";"19"
"UNIDADE DE GESTÃO DE SEGURANÇA MUNICIPAL";"6";"SEGURANÇA PÚBLICA";"122";"ADMINISTRAÇÃO GERAL";"2023";"3466";"";"0";"0";"100012604";"FOLHA DE PAGAMENTO";"45780103000150";"";"0";"PROPRIA";"31901104";"ADICIONAL NOTURNO";"FOLHA DE PAGAMENTO";"69852.25";"2023";"L";"27/01/2023";"0";"01/01/2023";"31/01/2023";"19"
"UNIDADE DE GESTÃO DE SEGURANÇA MUNICIPAL";"6";"SEGURANÇA PÚBLICA";"122";"ADMINISTRAÇÃO GERAL";"2023";"3467";"";"0";"0";"100012604";"FOLHA DE PAGAMENTO";"45780103000150";"";"0";"PROPRIA";"31901107";"ABONO DE PERMANENCIA";"FOLHA DE PAGAMENTO";"24943.93";"2023";"L";"27/01/2023";"0";"01/01/2023";"31/01/2023";"19"
"UNIDADE DE GESTÃO DE SEGURANÇA MUNICIPAL";"6";"SEGURANÇA PÚBLICA";"122";"ADMINISTRAÇÃO GERAL";"2023";"3468";"";"0";"0";"100012604";"FOLHA DE PAGAMENTO";"45780103000150";"";"0";"PROPRIA";"31901110";"ADICIONAL DE INSALUBRIDADE";"FOLHA DE PAGAMENTO";"1041.6";"2023";"L";"27/01/2023";"0";"01/01/2023";"31/01/2023";"19"
"UNIDADE DE GESTÃO DE SEGURANÇA MUNICIPAL";"6";"SEGURANÇA PÚBLICA";"122";"ADMINISTRAÇÃO GERAL";"2023";"3469";"";"0";"0";"100012604";"FOLHA DE PAGAMENTO";"45780103000150";"";"0";"PROPRIA";"31901131";"GRATIFICACOES POR EXERCICIO DE  CARGO";"FOLHA DE PAGAMENTO";"14765.84";"2023";"L";"27/01/2023";"0";"01/01/2023";"31/01/2023";"19"
"UNIDADE DE GESTÃO DE SEGURANÇA MUNICIPAL";"6";"SEGURANÇA PÚBLICA";"122";"ADMINISTRAÇÃO GERAL";"2023";"3470";"";"0";"0";"100012604";"FOLHA DE PAGAMENTO";"45780103000150";"";"0";"PROPRIA";"31901133";"GRATIFICACOES POR EXERCICIO DE  FUNCOES";"FOLHA DE PAGAMENTO";"1926.87";"2023";"L";"27/01/2023";"0";"01/01/2023";"31/01/2023";"19"
"UNIDADE DE GESTÃO DE SEGURANÇA MUNICIPAL";"6";"SEGURANÇA PÚBLICA";"122";"ADMINISTRAÇÃO GERAL";"2023";"3471";"";"0";"0";"100012604";"FOLHA DE PAGAMENTO";"45780103000150";"";"0";"PROPRIA";"31901133";"GRATIFICACOES POR EXERCICIO DE  FUNCOES";"FOLHA DE PAGAMENTO";"350883.9";"2023";"L";"27/01/2023";"0";"01/01/2023";"31/01/2023";"19"
"UNIDADE DE GESTÃO DE SEGURANÇA MUNICIPAL";"6";"SEGURANÇA PÚBLICA";"122";"ADMINISTRAÇÃO GERAL";"2023";"3472";"";"0";"0";"100012604";"FOLHA DE PAGAMENTO";"45780103000150";"";"0";"PROPRIA";"31901137";"GRATIFICACOES POR TEMPO DE SERVICO";"FOLHA DE PAGAMENTO";"8794.17";"2023";"L";"27/01/2023";"0";"01/01/2023";"31/01/2023";"19"
"UNIDADE DE GESTÃO DE SEGURANÇA MUNICIPAL";"6";"SEGURANÇA PÚBLICA";"122";"ADMINISTRAÇÃO GERAL";"2023";"3473";"";"0";"0";"100012604";"FOLHA DE PAGAMENTO";"45780103000150";"";"0";"PROPRIA";"31901137";"GRATIFICACOES POR TEMPO DE SERVICO";"FOLHA DE PAGAMENTO";"240725.78";"2023";"L";"27/01/2023";"0";"01/01/2023";"31/01/2023";"19"
"UNIDADE DE GESTÃO DE SEGURANÇA MUNICIPAL";"6";"SEGURANÇA PÚBLICA";"122";"ADMINISTRAÇÃO GERAL";"2023";"3474";"";"0";"0";"100012604";"FOLHA DE PAGAMENTO";"45780103000150";"";"0";"PROPRIA";"31901145";"FÉRIAS - ABONO CONSTITUICOES";"FOLHA DE PAGAMENTO";"95.51";"2023";"L";"27/01/2023";"0";"01/01/2023";"31/01/2023";"19"
"UNIDADE DE GESTÃO DE SEGURANÇA MUNICIPAL";"6";"SEGURANÇA PÚBLICA";"122";"ADMINISTRAÇÃO GERAL";"2023";"3475";"";"0";"0";"100012604";"FOLHA DE PAGAMENTO";"45780103000150";"";"0";"PROPRIA";"31901147";"LICENÇA PRÊMIO";"FOLHA DE PAGAMENTO";"236656.12";"2023";"L";"27/01/2023";"0";"01/01/2023";"31/01/2023";"19"
"UNIDADE DE GESTÃO DE SEGURANÇA MUNICIPAL";"6";"SEGURANÇA PÚBLICA";"122";"ADMINISTRAÇÃO GERAL";"2023";"3476";"";"0";"0";"100012604";"FOLHA DE PAGAMENTO";"45780103000150";"";"0";"PROPRIA";"31901175";"SUBSÍDIOS - AGENTES POLÍTICOS";"FOLHA DE PAGAMENTO";"20277.63";"2023";"L";"27/01/2023";"0";"01/01/2023";"31/01/2023";"19"
"UNIDADE DE GESTÃO DE SEGURANÇA MUNICIPAL";"6";"SEGURANÇA PÚBLICA";"122";"ADMINISTRAÇÃO GERAL";"2023";"3477";"";"0";"0";"4000055";"FUNDO DE GARANTIA POR TEMPO DE SERVICO";"00360305000104";"";"0";"PROPRIA";"31901301";"FGTS";"FOLHA DE PAGAMENTO";"5046.27";"2023";"L";"27/01/2023";"0";"01/01/2023";"31/01/2023";"19"
"UNIDADE DE GESTÃO DE SEGURANÇA MUNICIPAL";"6";"SEGURANÇA PÚBLICA";"122";"ADMINISTRAÇÃO GERAL";"2023";"3478";"";"0";"0";"4016168";"I.N.S.S -INST.NACIONAL DE SEGURO SOCIAL";"29979036000140";"";"0";"PROPRIA";"31901302";"CONTRIBUICOES PREVIDENCIARIAS - INSS";"FOLHA DE PAGAMENTO";"13246.46";"2023";"L";"27/01/2023";"0";"01/01/2023";"31/01/2023";"19"
"UNIDADE DE GESTÃO DE SEGURANÇA MUNICIPAL";"6";"SEGURANÇA PÚBLICA";"122";"ADMINISTRAÇÃO GERAL";"2023";"3479";"";"0";"0";"4016168";"I.N.S.S -INST.NACIONAL DE SEGURO SOCIAL";"29979036000140";"";"0";"PROPRIA";"31901302";"CONTRIBUICOES PREVIDENCIARIAS - INSS";"FOLHA DE PAGAMENTO";"4258.3";"2023";"L";"27/01/2023";"0";"01/01/2023";"31/01/2023";"19"
"UNIDADE DE GESTÃO DE SEGURANÇA MUNICIPAL";"6";"SEGURANÇA PÚBLICA";"122";"ADMINISTRAÇÃO GERAL";"2023";"3480";"";"0";"0";"4016168";"I.N.S.S -INST.NACIONAL DE SEGURO SOCIAL";"29979036000140";"";"0";"PROPRIA";"31901302";"CONTRIBUICOES PREVIDENCIARIAS - INSS";"FOLHA DE PAGAMENTO";"2939.94";"2023";"L";"27/01/2023";"0";"01/01/2023";"31/01/2023";"19"
"UNIDADE DE GESTÃO DE SEGURANÇA MUNICIPAL";"6";"SEGURANÇA PÚBLICA";"122";"ADMINISTRAÇÃO GERAL";"2023";"3481";"";"0";"0";"100012604";"FOLHA DE PAGAMENTO";"45780103000150";"";"0";"PROPRIA";"31901632";"SUBSTITUIÇÕES  RPPS";"FOLHA DE PAGAMENTO";"10196.67";"2023";"L";"27/01/2023";"0";"01/01/2023";"31/01/2023";"19"
"UNIDADE DE GESTÃO DE SEGURANÇA MUNICIPAL";"6";"SEGURANÇA PÚBLICA";"122";"ADMINISTRAÇÃO GERAL";"2023";"3482";"";"0";"0";"100012604";"FOLHA DE PAGAMENTO";"45780103000150";"";"0";"PROPRIA";"31901644";"SERVIÇOS EXTRAORDINÁRIOS";"FOLHA DE PAGAMENTO";"609672.6";"2023";"L";"27/01/2023";"0";"01/01/2023";"31/01/2023";"19"
"UNIDADE DE GESTÃO DE SEGURANÇA MUNICIPAL";"6";"SEGURANÇA PÚBLICA";"122";"ADMINISTRAÇÃO GERAL";"2023";"3483";"";"0";"0";"100004453";"IPREJUN-INST.PREVIDENCIA DO MUN.JUNDIAI";"05507216000161";"";"0";"PROPRIA";"31911308";"CONTRIBUIÇÕES PREVIDENCIÁRIAS - RPPS - PESSOAL ATI";"FOLHA DE PAGAMENTO";"452155.8";"2023";"L";"27/01/2023";"0";"01/01/2023";"31/01/2023";"19"
"UNIDADE DE GESTÃO DE SEGURANÇA MUNICIPAL";"6";"SEGURANÇA PÚBLICA";"122";"ADMINISTRAÇÃO GERAL";"2023";"3484";"";"0";"0";"100004453";"IPREJUN-INST.PREVIDENCIA DO MUN.JUNDIAI";"05507216000161";"";"0";"PROPRIA";"31911320";"ALÍQUOTA SUPLEMENTAR DE CONTRIBUIÇÃO PREVIDENCIÁRI";"FOLHA DE PAGAMENTO";"600138.61";"2023";"L";"27/01/2023";"0";"01/01/2023";"31/01/2023";"19"
"UNIDADE DE GESTÃO DE SEGURANÇA MUNICIPAL";"6";"SEGURANÇA PÚBLICA";"122";"ADMINISTRAÇÃO GERAL";"2023";"3485";"";"0";"0";"100012604";"FOLHA DE PAGAMENTO";"45780103000150";"";"0";"PROPRIA";"33904901";"INDENIZACAO AUXILIO TRANSPORTE";"FOLHA DE PAGAMENTO";"115038";"2023";"L";"27/01/2023";"0";"01/01/2023";"31/01/2023";"19"
"UNIDADE DE GESTÃO DE SEGURANÇA MUNICIPAL";"6";"SEGURANÇA PÚBLICA";"122";"ADMINISTRAÇÃO GERAL";"2023";"3486";"";"0";"0";"100012604";"FOLHA DE PAGAMENTO";"45780103000150";"";"0";"PROPRIA";"33904901";"INDENIZACAO AUXILIO TRANSPORTE";"FOLHA DE PAGAMENTO";"990";"2023";"L";"27/01/2023";"0";"01/01/2023";"31/01/2023";"19"
"UNIDADE DE GESTÃO DE SEGURANÇA MUNICIPAL";"6";"SEGURANÇA PÚBLICA";"122";"ADMINISTRAÇÃO GERAL";"2023";"3487";"";"0";"0";"100012604";"FOLHA DE PAGAMENTO";"45780103000150";"";"0";"PROPRIA";"33904901";"INDENIZACAO AUXILIO TRANSPORTE";"FOLHA DE PAGAMENTO";"1320";"2023";"L";"27/01/2023";"0";"01/01/2023";"31/01/2023";"19"
"UNIDADE DE GESTÃO DE CULTURA";"13";"CULTURA";"122";"ADMINISTRAÇÃO GERAL";"2023";"3488";"";"0";"0";"100012604";"FOLHA DE PAGAMENTO";"45780103000150";"";"0";"PROPRIA";"31901101";"VENCIMENTO E SALARIOS";"FOLHA DE PAGAMENTO";"71279.07";"2023";"L";"27/01/2023";"0";"01/01/2023";"31/01/2023";"22"
"UNIDADE DE GESTÃO DE CULTURA";"13";"CULTURA";"122";"ADMINISTRAÇÃO GERAL";"2023";"3489";"";"0";"0";"100012604";"FOLHA DE PAGAMENTO";"45780103000150";"";"0";"PROPRIA";"31901101";"VENCIMENTO E SALARIOS";"FOLHA DE PAGAMENTO";"179045.47";"2023";"L";"27/01/2023";"0";"01/01/2023";"31/01/2023";"22"
"UNIDADE DE GESTÃO DE CULTURA";"13";"CULTURA";"122";"ADMINISTRAÇÃO GERAL";"2023";"3490";"";"0";"0";"100012604";"FOLHA DE PAGAMENTO";"45780103000150";"";"0";"PROPRIA";"31901101";"VENCIMENTO E SALARIOS";"FOLHA DE PAGAMENTO";"14609.04";"2023";"L";"27/01/2023";"0";"01/01/2023";"31/01/2023";"22"
"UNIDADE DE GESTÃO DE CULTURA";"13";"CULTURA";"122";"ADMINISTRAÇÃO GERAL";"2023";"3491";"";"0";"0";"100012604";"FOLHA DE PAGAMENTO";"45780103000150";"";"0";"PROPRIA";"31901104";"ADICIONAL NOTURNO";"FOLHA DE PAGAMENTO";"13.48";"2023";"L";"27/01/2023";"0";"01/01/2023";"31/01/2023";"22"
"UNIDADE DE GESTÃO DE CULTURA";"13";"CULTURA";"122";"ADMINISTRAÇÃO GERAL";"2023";"3492";"";"0";"0";"100012604";"FOLHA DE PAGAMENTO";"45780103000150";"";"0";"PROPRIA";"31901104";"ADICIONAL NOTURNO";"FOLHA DE PAGAMENTO";"1062.72";"2023";"L";"27/01/2023";"0";"01/01/2023";"31/01/2023";"22"
"UNIDADE DE GESTÃO DE CULTURA";"13";"CULTURA";"122";"ADMINISTRAÇÃO GERAL";"2023";"3493";"";"0";"0";"100012604";"FOLHA DE PAGAMENTO";"45780103000150";"";"0";"PROPRIA";"31901107";"ABONO DE PERMANENCIA";"FOLHA DE PAGAMENTO";"2258.63";"2023";"L";"27/01/2023";"0";"01/01/2023";"31/01/2023";"22"
"UNIDADE DE GESTÃO DE CULTURA";"13";"CULTURA";"122";"ADMINISTRAÇÃO GERAL";"2023";"3494";"";"0";"0";"100012604";"FOLHA DE PAGAMENTO";"45780103000150";"";"0";"PROPRIA";"31901109";"ADICIONAL DE PERICULOSIDADE";"FOLHA DE PAGAMENTO";"3305.02";"2023";"L";"27/01/2023";"0";"01/01/2023";"31/01/2023";"22"
"UNIDADE DE GESTÃO DE CULTURA";"13";"CULTURA";"122";"ADMINISTRAÇÃO GERAL";"2023";"3495";"";"0";"0";"100012604";"FOLHA DE PAGAMENTO";"45780103000150";"";"0";"PROPRIA";"31901110";"ADICIONAL DE INSALUBRIDADE";"FOLHA DE PAGAMENTO";"868";"2023";"L";"27/01/2023";"0";"01/01/2023";"31/01/2023";"22"
"UNIDADE DE GESTÃO DE CULTURA";"13";"CULTURA";"122";"ADMINISTRAÇÃO GERAL";"2023";"3496";"";"0";"0";"100012604";"FOLHA DE PAGAMENTO";"45780103000150";"";"0";"PROPRIA";"31901131";"GRATIFICACOES POR EXERCICIO DE  CARGO";"FOLHA DE PAGAMENTO";"1752.43";"2023";"L";"27/01/2023";"0";"01/01/2023";"31/01/2023";"22"
"UNIDADE DE GESTÃO DE CULTURA";"13";"CULTURA";"122";"ADMINISTRAÇÃO GERAL";"2023";"3497";"";"0";"0";"100012604";"FOLHA DE PAGAMENTO";"45780103000150";"";"0";"PROPRIA";"31901133";"GRATIFICACOES POR EXERCICIO DE  FUNCOES";"FOLHA DE PAGAMENTO";"3346.8";"2023";"L";"27/01/2023";"0";"01/01/2023";"31/01/2023";"22"
"UNIDADE DE GESTÃO DE CULTURA";"13";"CULTURA";"122";"ADMINISTRAÇÃO GERAL";"2023";"3498";"";"0";"0";"100012604";"FOLHA DE PAGAMENTO";"45780103000150";"";"0";"PROPRIA";"31901137";"GRATIFICACOES POR TEMPO DE SERVICO";"FOLHA DE PAGAMENTO";"22446.48";"2023";"L";"27/01/2023";"0";"01/01/2023";"31/01/2023";"22"
"UNIDADE DE GESTÃO DE CULTURA";"13";"CULTURA";"122";"ADMINISTRAÇÃO GERAL";"2023";"3499";"";"0";"0";"100012604";"FOLHA DE PAGAMENTO";"45780103000150";"";"0";"PROPRIA";"31901137";"GRATIFICACOES POR TEMPO DE SERVICO";"FOLHA DE PAGAMENTO";"7074.3";"2023";"L";"27/01/2023";"0";"01/01/2023";"31/01/2023";"22"
"UNIDADE DE GESTÃO DE CULTURA";"13";"CULTURA";"122";"ADMINISTRAÇÃO GERAL";"2023";"3500";"";"0";"0";"100012604";"FOLHA DE PAGAMENTO";"45780103000150";"";"0";"PROPRIA";"31901175";"SUBSÍDIOS - AGENTES POLÍTICOS";"FOLHA DE PAGAMENTO";"20277.63";"2023";"L";"27/01/2023";"0";"01/01/2023";"31/01/2023";"22"
"UNIDADE DE GESTÃO DE CULTURA";"13";"CULTURA";"122";"ADMINISTRAÇÃO GERAL";"2023";"3501";"";"0";"0";"4000055";"FUNDO DE GARANTIA POR TEMPO DE SERVICO";"00360305000104";"";"0";"PROPRIA";"31901301";"FGTS";"FOLHA DE PAGAMENTO";"2668.7";"2023";"L";"27/01/2023";"0";"01/01/2023";"31/01/2023";"22"
"UNIDADE DE GESTÃO DE CULTURA";"13";"CULTURA";"122";"ADMINISTRAÇÃO GERAL";"2023";"3502";"";"0";"0";"4016168";"I.N.S.S -INST.NACIONAL DE SEGURO SOCIAL";"29979036000140";"";"0";"PROPRIA";"31901302";"CONTRIBUICOES PREVIDENCIARIAS - INSS";"FOLHA DE PAGAMENTO";"7005.4";"2023";"L";"27/01/2023";"0";"01/01/2023";"31/01/2023";"22"
"UNIDADE DE GESTÃO DE CULTURA";"13";"CULTURA";"122";"ADMINISTRAÇÃO GERAL";"2023";"3503";"";"0";"0";"4016168";"I.N.S.S -INST.NACIONAL DE SEGURO SOCIAL";"29979036000140";"";"0";"PROPRIA";"31901302";"CONTRIBUICOES PREVIDENCIARIAS - INSS";"FOLHA DE PAGAMENTO";"23148.92";"2023";"L";"27/01/2023";"0";"01/01/2023";"31/01/2023";"22"
"UNIDADE DE GESTÃO DE CULTURA";"13";"CULTURA";"122";"ADMINISTRAÇÃO GERAL";"2023";"3504";"";"0";"0";"4016168";"I.N.S.S -INST.NACIONAL DE SEGURO SOCIAL";"29979036000140";"";"0";"PROPRIA";"31901302";"CONTRIBUICOES PREVIDENCIARIAS - INSS";"FOLHA DE PAGAMENTO";"4258.3";"2023";"L";"27/01/2023";"0";"01/01/2023";"31/01/2023";"22"
"UNIDADE DE GESTÃO DE CULTURA";"13";"CULTURA";"122";"ADMINISTRAÇÃO GERAL";"2023";"3505";"";"0";"0";"100012604";"FOLHA DE PAGAMENTO";"45780103000150";"";"0";"PROPRIA";"31901644";"SERVIÇOS EXTRAORDINÁRIOS";"FOLHA DE PAGAMENTO";"58741.98";"2023";"L";"27/01/2023";"0";"01/01/2023";"31/01/2023";"22"
"UNIDADE DE GESTÃO DE CULTURA";"13";"CULTURA";"122";"ADMINISTRAÇÃO GERAL";"2023";"3506";"";"0";"0";"100004453";"IPREJUN-INST.PREVIDENCIA DO MUN.JUNDIAI";"05507216000161";"";"0";"PROPRIA";"31911308";"CONTRIBUIÇÕES PREVIDENCIÁRIAS - RPPS - PESSOAL ATI";"FOLHA DE PAGAMENTO";"48256.14";"2023";"L";"27/01/2023";"0";"01/01/2023";"31/01/2023";"22"
"UNIDADE DE GESTÃO DE CULTURA";"13";"CULTURA";"122";"ADMINISTRAÇÃO GERAL";"2023";"3507";"";"0";"0";"100004453";"IPREJUN-INST.PREVIDENCIA DO MUN.JUNDIAI";"05507216000161";"";"0";"PROPRIA";"31911320";"ALÍQUOTA SUPLEMENTAR DE CONTRIBUIÇÃO PREVIDENCIÁRI";"FOLHA DE PAGAMENTO";"64049.67";"2023";"L";"27/01/2023";"0";"01/01/2023";"31/01/2023";"22"
"UNIDADE DE GESTÃO DE CULTURA";"13";"CULTURA";"122";"ADMINISTRAÇÃO GERAL";"2023";"3508";"";"0";"0";"100012604";"FOLHA DE PAGAMENTO";"45780103000150";"";"0";"PROPRIA";"33904901";"INDENIZACAO AUXILIO TRANSPORTE";"FOLHA DE PAGAMENTO";"5038";"2023";"L";"27/01/2023";"0";"01/01/2023";"31/01/2023";"22"
"UNIDADE DE GESTÃO DE CULTURA";"13";"CULTURA";"122";"ADMINISTRAÇÃO GERAL";"2023";"3509";"";"0";"0";"100012604";"FOLHA DE PAGAMENTO";"45780103000150";"";"0";"PROPRIA";"33904901";"INDENIZACAO AUXILIO TRANSPORTE";"FOLHA DE PAGAMENTO";"22704";"2023";"L";"27/01/2023";"0";"01/01/2023";"31/01/2023";"22"
"UNIDADE DE GESTÃO DE CULTURA";"13";"CULTURA";"122";"ADMINISTRAÇÃO GERAL";"2023";"3510";"";"0";"0";"100012604";"FOLHA DE PAGAMENTO";"45780103000150";"";"0";"PROPRIA";"33904901";"INDENIZACAO AUXILIO TRANSPORTE";"FOLHA DE PAGAMENTO";"1210";"2023";"L";"27/01/2023";"0";"01/01/2023";"31/01/2023";"22"
"UNIDADE DE GESTÃO DE ESPORTE E LAZER";"27";"DESPORTO E LAZER";"812";"DESPORTO COMUNITÁRIO";"2023";"3511";"";"0";"0";"100012604";"FOLHA DE PAGAMENTO";"45780103000150";"";"0";"PROPRIA";"31901101";"VENCIMENTO E SALARIOS";"FOLHA DE PAGAMENTO";"36447.28";"2023";"L";"27/01/2023";"0";"01/01/2023";"31/01/2023";"23"
"UNIDADE DE GESTÃO DE ESPORTE E LAZER";"27";"DESPORTO E LAZER";"812";"DESPORTO COMUNITÁRIO";"2023";"3512";"";"0";"0";"100012604";"FOLHA DE PAGAMENTO";"45780103000150";"";"0";"PROPRIA";"31901101";"VENCIMENTO E SALARIOS";"FOLHA DE PAGAMENTO";"462803.59";"2023";"L";"27/01/2023";"0";"01/01/2023";"31/01/2023";"23"
"UNIDADE DE GESTÃO DE ESPORTE E LAZER";"27";"DESPORTO E LAZER";"812";"DESPORTO COMUNITÁRIO";"2023";"3513";"";"0";"0";"100012604";"FOLHA DE PAGAMENTO";"45780103000150";"";"0";"PROPRIA";"31901101";"VENCIMENTO E SALARIOS";"FOLHA DE PAGAMENTO";"96587.93";"2023";"L";"27/01/2023";"0";"01/01/2023";"31/01/2023";"23"
"UNIDADE DE GESTÃO DE ESPORTE E LAZER";"27";"DESPORTO E LAZER";"812";"DESPORTO COMUNITÁRIO";"2023";"3514";"";"0";"0";"100012604";"FOLHA DE PAGAMENTO";"45780103000150";"";"0";"PROPRIA";"31901104";"ADICIONAL NOTURNO";"FOLHA DE PAGAMENTO";"1471.45";"2023";"L";"27/01/2023";"0";"01/01/2023";"31/01/2023";"23"
"UNIDADE DE GESTÃO DE ESPORTE E LAZER";"27";"DESPORTO E LAZER";"812";"DESPORTO COMUNITÁRIO";"2023";"3515";"";"0";"0";"100012604";"FOLHA DE PAGAMENTO";"45780103000150";"";"0";"PROPRIA";"31901104";"ADICIONAL NOTURNO";"FOLHA DE PAGAMENTO";"57.87";"2023";"L";"27/01/2023";"0";"01/01/2023";"31/01/2023";"23"
"UNIDADE DE GESTÃO DE ESPORTE E LAZER";"27";"DESPORTO E LAZER";"812";"DESPORTO COMUNITÁRIO";"2023";"3516";"";"0";"0";"100012604";"FOLHA DE PAGAMENTO";"45780103000150";"";"0";"PROPRIA";"31901107";"ABONO DE PERMANENCIA";"FOLHA DE PAGAMENTO";"1123.47";"2023";"L";"27/01/2023";"0";"01/01/2023";"31/01/2023";"23"
"UNIDADE DE GESTÃO DE ESPORTE E LAZER";"27";"DESPORTO E LAZER";"812";"DESPORTO COMUNITÁRIO";"2023";"3517";"";"0";"0";"100012604";"FOLHA DE PAGAMENTO";"45780103000150";"";"0";"PROPRIA";"31901110";"ADICIONAL DE INSALUBRIDADE";"FOLHA DE PAGAMENTO";"347.2";"2023";"L";"27/01/2023";"0";"01/01/2023";"31/01/2023";"23"
"UNIDADE DE GESTÃO DE ESPORTE E LAZER";"27";"DESPORTO E LAZER";"812";"DESPORTO COMUNITÁRIO";"2023";"3518";"";"0";"0";"100012604";"FOLHA DE PAGAMENTO";"45780103000150";"";"0";"PROPRIA";"31901131";"GRATIFICACOES POR EXERCICIO DE  CARGO";"FOLHA DE PAGAMENTO";"8111.05";"2023";"L";"27/01/2023";"0";"01/01/2023";"31/01/2023";"23"
"UNIDADE DE GESTÃO DE ESPORTE E LAZER";"27";"DESPORTO E LAZER";"812";"DESPORTO COMUNITÁRIO";"2023";"3519";"";"0";"0";"100012604";"FOLHA DE PAGAMENTO";"45780103000150";"";"0";"PROPRIA";"31901131";"GRATIFICACOES POR EXERCICIO DE  CARGO";"FOLHA DE PAGAMENTO";"9987.2";"2023";"L";"27/01/2023";"0";"01/01/2023";"31/01/2023";"23"
"UNIDADE DE GESTÃO DE ESPORTE E LAZER";"27";"DESPORTO E LAZER";"812";"DESPORTO COMUNITÁRIO";"2023";"3520";"";"0";"0";"100012604";"FOLHA DE PAGAMENTO";"45780103000150";"";"0";"PROPRIA";"31901133";"GRATIFICACOES POR EXERCICIO DE  FUNCOES";"FOLHA DE PAGAMENTO";"16935.02";"2023";"L";"27/01/2023";"0";"01/01/2023";"31/01/2023";"23"
"UNIDADE DE GESTÃO DE ESPORTE E LAZER";"27";"DESPORTO E LAZER";"812";"DESPORTO COMUNITÁRIO";"2023";"3521";"";"0";"0";"100012604";"FOLHA DE PAGAMENTO";"45780103000150";"";"0";"PROPRIA";"31901137";"GRATIFICACOES POR TEMPO DE SERVICO";"FOLHA DE PAGAMENTO";"70104.71";"2023";"L";"27/01/2023";"0";"01/01/2023";"31/01/2023";"23"
"UNIDADE DE GESTÃO DE ESPORTE E LAZER";"27";"DESPORTO E LAZER";"812";"DESPORTO COMUNITÁRIO";"2023";"3522";"";"0";"0";"100012604";"FOLHA DE PAGAMENTO";"45780103000150";"";"0";"PROPRIA";"31901137";"GRATIFICACOES POR TEMPO DE SERVICO";"FOLHA DE PAGAMENTO";"38928.67";"2023";"L";"27/01/2023";"0";"01/01/2023";"31/01/2023";"23"
"UNIDADE DE GESTÃO DE ESPORTE E LAZER";"27";"DESPORTO E LAZER";"812";"DESPORTO COMUNITÁRIO";"2023";"3523";"";"0";"0";"100012604";"FOLHA DE PAGAMENTO";"45780103000150";"";"0";"PROPRIA";"31901144";"FÉRIAS - ABONO PECUNIARIO";"FOLHA DE PAGAMENTO";"426.89";"2023";"L";"27/01/2023";"0";"01/01/2023";"31/01/2023";"23"
"UNIDADE DE GESTÃO DE ESPORTE E LAZER";"27";"DESPORTO E LAZER";"812";"DESPORTO COMUNITÁRIO";"2023";"3524";"";"0";"0";"100012604";"FOLHA DE PAGAMENTO";"45780103000150";"";"0";"PROPRIA";"31901145";"FÉRIAS - ABONO CONSTITUICOES";"FOLHA DE PAGAMENTO";"213.45";"2023";"L";"27/01/2023";"0";"01/01/2023";"31/01/2023";"23"
"UNIDADE DE GESTÃO DE ESPORTE E LAZER";"27";"DESPORTO E LAZER";"812";"DESPORTO COMUNITÁRIO";"2023";"3525";"";"0";"0";"100012604";"FOLHA DE PAGAMENTO";"45780103000150";"";"0";"PROPRIA";"31901147";"LICENÇA PRÊMIO";"FOLHA DE PAGAMENTO";"36765.96";"2023";"L";"27/01/2023";"0";"01/01/2023";"31/01/2023";"23"
"UNIDADE DE GESTÃO DE ESPORTE E LAZER";"27";"DESPORTO E LAZER";"812";"DESPORTO COMUNITÁRIO";"2023";"3526";"";"0";"0";"4000055";"FUNDO DE GARANTIA POR TEMPO DE SERVICO";"00360305000104";"";"0";"PROPRIA";"31901301";"FGTS";"FOLHA DE PAGAMENTO";"28093.57";"2023";"L";"27/01/2023";"0";"01/01/2023";"31/01/2023";"23"
"UNIDADE DE GESTÃO DE ESPORTE E LAZER";"27";"DESPORTO E LAZER";"812";"DESPORTO COMUNITÁRIO";"2023";"3527";"";"0";"0";"4016168";"I.N.S.S -INST.NACIONAL DE SEGURO SOCIAL";"29979036000140";"";"0";"PROPRIA";"31901302";"CONTRIBUICOES PREVIDENCIARIAS - INSS";"FOLHA DE PAGAMENTO";"12915.24";"2023";"L";"27/01/2023";"0";"01/01/2023";"31/01/2023";"23"
"UNIDADE DE GESTÃO DE ESPORTE E LAZER";"27";"DESPORTO E LAZER";"812";"DESPORTO COMUNITÁRIO";"2023";"3528";"";"0";"0";"4016168";"I.N.S.S -INST.NACIONAL DE SEGURO SOCIAL";"29979036000140";"";"0";"PROPRIA";"31901302";"CONTRIBUICOES PREVIDENCIARIAS - INSS";"FOLHA DE PAGAMENTO";"78774.51";"2023";"L";"27/01/2023";"0";"01/01/2023";"31/01/2023";"23"
"UNIDADE DE GESTÃO DE ESPORTE E LAZER";"27";"DESPORTO E LAZER";"812";"DESPORTO COMUNITÁRIO";"2023";"3529";"";"0";"0";"100012604";"FOLHA DE PAGAMENTO";"45780103000150";"";"0";"PROPRIA";"31901632";"SUBSTITUIÇÕES  RPPS";"FOLHA DE PAGAMENTO";"2623.46";"2023";"L";"27/01/2023";"0";"01/01/2023";"31/01/2023";"23"
"UNIDADE DE GESTÃO DE ESPORTE E LAZER";"27";"DESPORTO E LAZER";"812";"DESPORTO COMUNITÁRIO";"2023";"3530";"";"0";"0";"100012604";"FOLHA DE PAGAMENTO";"45780103000150";"";"0";"PROPRIA";"31901644";"SERVIÇOS EXTRAORDINÁRIOS";"FOLHA DE PAGAMENTO";"3373.87";"2023";"L";"27/01/2023";"0";"01/01/2023";"31/01/2023";"23"
"UNIDADE DE GESTÃO DE ESPORTE E LAZER";"27";"DESPORTO E LAZER";"812";"DESPORTO COMUNITÁRIO";"2023";"3531";"";"0";"0";"100012604";"FOLHA DE PAGAMENTO";"45780103000150";"";"0";"PROPRIA";"31901644";"SERVIÇOS EXTRAORDINÁRIOS";"FOLHA DE PAGAMENTO";"44668.04";"2023";"L";"27/01/2023";"0";"01/01/2023";"31/01/2023";"23"
"UNIDADE DE GESTÃO DE ESPORTE E LAZER";"27";"DESPORTO E LAZER";"812";"DESPORTO COMUNITÁRIO";"2023";"3532";"";"0";"0";"100004453";"IPREJUN-INST.PREVIDENCIA DO MUN.JUNDIAI";"05507216000161";"";"0";"PROPRIA";"31911308";"CONTRIBUIÇÕES PREVIDENCIÁRIAS - RPPS - PESSOAL ATI";"FOLHA DE PAGAMENTO";"175064.47";"2023";"L";"27/01/2023";"0";"01/01/2023";"31/01/2023";"23"
"UNIDADE DE GESTÃO DE ESPORTE E LAZER";"27";"DESPORTO E LAZER";"812";"DESPORTO COMUNITÁRIO";"2023";"3533";"";"0";"0";"100004453";"IPREJUN-INST.PREVIDENCIA DO MUN.JUNDIAI";"05507216000161";"";"0";"PROPRIA";"31911320";"ALÍQUOTA SUPLEMENTAR DE CONTRIBUIÇÃO PREVIDENCIÁRI";"FOLHA DE PAGAMENTO";"232360.56";"2023";"L";"27/01/2023";"0";"01/01/2023";"31/01/2023";"23"
"UNIDADE DE GESTÃO DE ESPORTE E LAZER";"27";"DESPORTO E LAZER";"812";"DESPORTO COMUNITÁRIO";"2023";"3534";"";"0";"0";"100012604";"FOLHA DE PAGAMENTO";"45780103000150";"";"0";"PROPRIA";"33904901";"INDENIZACAO AUXILIO TRANSPORTE";"FOLHA DE PAGAMENTO";"27104";"2023";"L";"27/01/2023";"0";"01/01/2023";"31/01/2023";"23"
"UNIDADE DE GESTÃO DE ESPORTE E LAZER";"27";"DESPORTO E LAZER";"812";"DESPORTO COMUNITÁRIO";"2023";"3535";"";"0";"0";"100012604";"FOLHA DE PAGAMENTO";"45780103000150";"";"0";"PROPRIA";"33904901";"INDENIZACAO AUXILIO TRANSPORTE";"FOLHA DE PAGAMENTO";"4246";"2023";"L";"27/01/2023";"0";"01/01/2023";"31/01/2023";"23"
"UNIDADE DE GESTÃO DE ESPORTE E LAZER";"27";"DESPORTO E LAZER";"812";"DESPORTO COMUNITÁRIO";"2023";"3536";"";"0";"0";"100012604";"FOLHA DE PAGAMENTO";"45780103000150";"";"0";"PROPRIA";"33904901";"INDENIZACAO AUXILIO TRANSPORTE";"FOLHA DE PAGAMENTO";"2948";"2023";"L";"27/01/2023";"0";"01/01/2023";"31/01/2023";"23"
"UNIDADE DE GESTÃO DE PROMOÇÃO DA SAÚDE";"10";"SAÚDE";"302";"ASSISTÊNCIA HOSPITALAR E AMBULATORIAL";"2023";"3589";"2016";"50";"6";"100019711";"APARECIDO TUPÃ ALVES DA SILVA E OUTRA";"86768751891";"DISPENSA DE LICITACAO";"0";"PROPRIA";"33903615";"LOCACAO DE IMOVEIS";"LOCACAO-IMOVEL - CAPS";"11738";"2023";"L";"30/01/2023";"0";"01/01/2023";"31/01/2023";"14"
"UNIDADE DE GESTÃO DE PROMOÇÃO DA SAÚDE";"4";"ADMINISTRAÇÃO";"122";"ADMINISTRAÇÃO GERAL";"2023";"3692";"";"0";"0";"100042818";"PMJ-GLAUCIA FERRARI ARIAS";"22624307800";"";"0";"PROPRIA";"33903999";"OUTROS SERVICOS DE TERCEIROS - PESSOA JURIDICA";"ADIANTAMENTOS(SERVIDORES).";"4000";"2023";"L";"30/01/2023";"0";"01/01/2023";"31/01/2023";"14"
"UNIDADE DE GESTÃO DE PROMOÇÃO DA SAÚDE";"4";"ADMINISTRAÇÃO";"122";"ADMINISTRAÇÃO GERAL";"2023";"3693";"";"0";"0";"100042818";"PMJ-GLAUCIA FERRARI ARIAS";"22624307800";"";"0";"PROPRIA";"33903099";"OUTROS MATERIAIS DE CONSUMO";"ADIANTAMENTOS(SERVIDORES).";"1500";"2023";"L";"30/01/2023";"0";"01/01/2023";"31/01/2023";"14"
"UNIDADE DE GESTÃO DE GOVERNO E FINANÇAS";"28";"ENCARGOS ESPECIAIS";"846";"OUTROS ENCARGOS ESPECIAIS";"2023";"3937";"";"0";"0";"100043909";"FERRARI MAGALHÃES E FERRAZ ADVOGADOS";"45594017000152";"";"0";"PROPRIA";"33909115";"SENTENÇAS JUDICIAIS DE PEQUENO VALOR";"DESPESAS OBRIGATORIAS E/OU JUDICIAIS(P. JURIDICAS).";"633.01";"2023";"L";"31/01/2023";"0";"01/01/2023";"31/01/2023";"8"
