dssecr;cdfuncao;dsfuncao;cdsubfuncao;dssubfuncao;nrexer;nremp;nrexerlici;nrlici;cdmodal;cdforn;nmforn;nrcgc;dsmodal;cdfontrec;dsfontrec;cdcat;dscat;dsmat;valor;w_nrexer;w_tipo;data;periodo;dtini;dtfin;cdsecr
"UNIDADE DE GESTÃO DE GOVERNO E FINANÇAS";"28";"ENCARGOS ESPECIAIS";"843";"SERVIÇO DA DÍVIDA INTERNA";"2025";"1";"";"0";"0";"7040702";"BANCO NACIONAL DE DESENVOL.ECON.E SOCIAL";"33657248000189";"";"0";"PROPRIA";"32902101";"JUROS DA DIVIDA CONTRATADA COM INSTITUICOES FINANC";"JUROS(P. JURIDICAS).";"143395.07";"2025";"L";"13/01/2025";"0";"01/01/2025";"31/01/2025";"8"
"UNIDADE DE GESTÃO DE GOVERNO E FINANÇAS";"28";"ENCARGOS ESPECIAIS";"843";"SERVIÇO DA DÍVIDA INTERNA";"2025";"2";"";"0";"0";"7040702";"BANCO NACIONAL DE DESENVOL.ECON.E SOCIAL";"33657248000189";"";"0";"PROPRIA";"46907101";"AMORTIZACAO DA DIVIDA CONTRATADA COM INSTITUICAO F";"AMORTIZACAO(P. JURIDICAS).";"124187.06";"2025";"L";"13/01/2025";"0";"01/01/2025";"31/01/2025";"8"
"UNIDADE DE GESTÃO DE GOVERNO E FINANÇAS";"28";"ENCARGOS ESPECIAIS";"843";"SERVIÇO DA DÍVIDA INTERNA";"2025";"3";"";"0";"0";"4000154";"CAIXA ECONOMICA FEDERAL";"00360305031689";"";"0";"PROPRIA";"46907101";"AMORTIZACAO DA DIVIDA CONTRATADA COM INSTITUICAO F";"AMORTIZACAO(P. JURIDICAS).";"109771.93";"2025";"L";"21/01/2025";"0";"01/01/2025";"31/01/2025";"8"
"UNIDADE DE GESTÃO DE GOVERNO E FINANÇAS";"28";"ENCARGOS ESPECIAIS";"843";"SERVIÇO DA DÍVIDA INTERNA";"2025";"4";"";"0";"0";"4000154";"CAIXA ECONOMICA FEDERAL";"00360305031689";"";"0";"PROPRIA";"32902101";"JUROS DA DIVIDA CONTRATADA COM INSTITUICOES FINANC";"JUROS(P. JURIDICAS).";"80288.03";"2025";"L";"21/01/2025";"0";"01/01/2025";"31/01/2025";"8"
"UNIDADE DE GESTÃO DE GOVERNO E FINANÇAS";"28";"ENCARGOS ESPECIAIS";"843";"SERVIÇO DA DÍVIDA INTERNA";"2025";"5";"";"0";"0";"4000154";"CAIXA ECONOMICA FEDERAL";"00360305031689";"";"0";"PROPRIA";"46907101";"AMORTIZACAO DA DIVIDA CONTRATADA COM INSTITUICAO F";"AMORTIZACAO(P. JURIDICAS).";"98739.48";"2025";"L";"21/01/2025";"0";"01/01/2025";"31/01/2025";"8"
"UNIDADE DE GESTÃO DE GOVERNO E FINANÇAS";"28";"ENCARGOS ESPECIAIS";"843";"SERVIÇO DA DÍVIDA INTERNA";"2025";"6";"";"0";"0";"4000154";"CAIXA ECONOMICA FEDERAL";"00360305031689";"";"0";"PROPRIA";"32902101";"JUROS DA DIVIDA CONTRATADA COM INSTITUICOES FINANC";"JUROS(P. JURIDICAS).";"80243.13";"2025";"L";"21/01/2025";"0";"01/01/2025";"31/01/2025";"8"
"UNIDADE DE GESTÃO DE GOVERNO E FINANÇAS";"28";"ENCARGOS ESPECIAIS";"843";"SERVIÇO DA DÍVIDA INTERNA";"2025";"7";"";"0";"0";"4000154";"CAIXA ECONOMICA FEDERAL";"00360305031689";"";"0";"PROPRIA";"46907101";"AMORTIZACAO DA DIVIDA CONTRATADA COM INSTITUICAO F";"AMORTIZACAO(P. JURIDICAS).";"1639754.89";"2025";"L";"21/01/2025";"0";"01/01/2025";"31/01/2025";"8"
"UNIDADE DE GESTÃO DE GOVERNO E FINANÇAS";"28";"ENCARGOS ESPECIAIS";"843";"SERVIÇO DA DÍVIDA INTERNA";"2025";"8";"";"0";"0";"4000154";"CAIXA ECONOMICA FEDERAL";"00360305031689";"";"0";"PROPRIA";"32902101";"JUROS DA DIVIDA CONTRATADA COM INSTITUICOES FINANC";"JUROS(P. JURIDICAS).";"1332588.11";"2025";"L";"21/01/2025";"0";"01/01/2025";"31/01/2025";"8"
"UNIDADE DE GESTÃO DE GOVERNO E FINANÇAS";"28";"ENCARGOS ESPECIAIS";"843";"SERVIÇO DA DÍVIDA INTERNA";"2025";"9";"";"0";"0";"100004453";"IPREJUN-INST.PREVIDENCIA DO MUN.JUNDIAI";"05507216000161";"";"0";"PROPRIA";"32912100";"JUROS SOBRE DIVIDA POR CONTRATO - INTRA - ORCAMENT";"ACORDO CADPREV 107/2018/PARCELAMENTO";"476288.19";"2025";"L";"28/01/2025";"0";"01/01/2025";"31/01/2025";"8"
"UNIDADE DE GESTÃO DE GOVERNO E FINANÇAS";"28";"ENCARGOS ESPECIAIS";"843";"SERVIÇO DA DÍVIDA INTERNA";"2025";"10";"";"0";"0";"100004453";"IPREJUN-INST.PREVIDENCIA DO MUN.JUNDIAI";"05507216000161";"";"0";"PROPRIA";"31919299";"OUTRAS DESPESAS DE EXERCICIOS ANTERIORES - INTRA -";"ACORDO CADPREV 107/2018/PARCELAMENTO";"938129.2";"2025";"L";"28/01/2025";"0";"01/01/2025";"31/01/2025";"8"
"UNIDADE DE GESTÃO DE GOVERNO E FINANÇAS";"28";"ENCARGOS ESPECIAIS";"843";"SERVIÇO DA DÍVIDA INTERNA";"2025";"11";"";"0";"0";"100004453";"IPREJUN-INST.PREVIDENCIA DO MUN.JUNDIAI";"05507216000161";"";"0";"PROPRIA";"32912100";"JUROS SOBRE DIVIDA POR CONTRATO - INTRA - ORCAMENT";"ACORDO CADPREV 108/2018/PARCELAMENTO";"191182.4";"2025";"L";"28/01/2025";"0";"01/01/2025";"31/01/2025";"8"
"UNIDADE DE GESTÃO DE GOVERNO E FINANÇAS";"28";"ENCARGOS ESPECIAIS";"843";"SERVIÇO DA DÍVIDA INTERNA";"2025";"12";"";"0";"0";"100004453";"IPREJUN-INST.PREVIDENCIA DO MUN.JUNDIAI";"05507216000161";"";"0";"PROPRIA";"31919299";"OUTRAS DESPESAS DE EXERCICIOS ANTERIORES - INTRA -";"ACORDO CADPREV 108/2018/PARCELAMENTO";"376565.69";"2025";"L";"28/01/2025";"0";"01/01/2025";"31/01/2025";"8"
"UNIDADE DE GESTÃO DE GOVERNO E FINANÇAS";"28";"ENCARGOS ESPECIAIS";"843";"SERVIÇO DA DÍVIDA INTERNA";"2025";"13";"";"0";"0";"100004453";"IPREJUN-INST.PREVIDENCIA DO MUN.JUNDIAI";"05507216000161";"";"0";"PROPRIA";"32912100";"JUROS SOBRE DIVIDA POR CONTRATO - INTRA - ORCAMENT";"ACORDO CADPREV/IPREJUN/536/2020";"465327.94";"2025";"L";"24/01/2025";"0";"01/01/2025";"31/01/2025";"8"
"UNIDADE DE GESTÃO DE GOVERNO E FINANÇAS";"28";"ENCARGOS ESPECIAIS";"843";"SERVIÇO DA DÍVIDA INTERNA";"2025";"14";"";"0";"0";"100004453";"IPREJUN-INST.PREVIDENCIA DO MUN.JUNDIAI";"05507216000161";"";"0";"PROPRIA";"31919299";"OUTRAS DESPESAS DE EXERCICIOS ANTERIORES - INTRA -";"ACORDO CADPREV/IPREJUN/536/2020";"1680490.95";"2025";"L";"24/01/2025";"0";"01/01/2025";"31/01/2025";"8"
"UNIDADE DE GESTÃO DE GOVERNO E FINANÇAS";"28";"ENCARGOS ESPECIAIS";"843";"SERVIÇO DA DÍVIDA INTERNA";"2025";"15";"";"0";"0";"100004453";"IPREJUN-INST.PREVIDENCIA DO MUN.JUNDIAI";"05507216000161";"";"0";"PROPRIA";"32912100";"JUROS SOBRE DIVIDA POR CONTRATO - INTRA - ORCAMENT";"JUROS(OUTROS).";"153942.48";"2025";"L";"24/01/2025";"0";"01/01/2025";"31/01/2025";"8"
"UNIDADE DE GESTÃO DE GOVERNO E FINANÇAS";"28";"ENCARGOS ESPECIAIS";"843";"SERVIÇO DA DÍVIDA INTERNA";"2025";"16";"";"0";"0";"100004453";"IPREJUN-INST.PREVIDENCIA DO MUN.JUNDIAI";"05507216000161";"";"0";"PROPRIA";"31919299";"OUTRAS DESPESAS DE EXERCICIOS ANTERIORES - INTRA -";"AMORTIZACAO(OUTROS).";"367826.64";"2025";"L";"24/01/2025";"0";"01/01/2025";"31/01/2025";"8"
"UNIDADE DE GESTÃO DE GOVERNO E FINANÇAS";"28";"ENCARGOS ESPECIAIS";"843";"SERVIÇO DA DÍVIDA INTERNA";"2025";"17";"";"0";"0";"100004453";"IPREJUN-INST.PREVIDENCIA DO MUN.JUNDIAI";"05507216000161";"";"0";"PROPRIA";"32912100";"JUROS SOBRE DIVIDA POR CONTRATO - INTRA - ORCAMENT";"DESPESAS RESULT. DE LEIS. DEC.. CONV.. ACORDOS(ORG. PUBL.).";"329912.91";"2025";"L";"24/01/2025";"0";"01/01/2025";"31/01/2025";"8"
"UNIDADE DE GESTÃO DE GOVERNO E FINANÇAS";"28";"ENCARGOS ESPECIAIS";"843";"SERVIÇO DA DÍVIDA INTERNA";"2025";"18";"";"0";"0";"100004453";"IPREJUN-INST.PREVIDENCIA DO MUN.JUNDIAI";"05507216000161";"";"0";"PROPRIA";"46917199";"OUTRAS AMORTIZACOES DA DIVIDA CONTRATADA - INTRA -";"DESPESAS RESULT. DE LEIS. DEC.. CONV.. ACORDOS(ORG. PUBL.).";"788286.37";"2025";"L";"24/01/2025";"0";"01/01/2025";"31/01/2025";"8"
"UNIDADE DE GESTÃO DE GOVERNO E FINANÇAS";"28";"ENCARGOS ESPECIAIS";"843";"SERVIÇO DA DÍVIDA INTERNA";"2025";"19";"";"0";"0";"7040702";"BANCO NACIONAL DE DESENVOL.ECON.E SOCIAL";"33657248000189";"";"0";"PROPRIA";"46907101";"AMORTIZACAO DA DIVIDA CONTRATADA COM INSTITUICAO F";"AMORTIZACAO(P. JURIDICAS).";"577353.9";"2025";"L";"13/01/2025";"0";"01/01/2025";"31/01/2025";"8"
"UNIDADE DE GESTÃO DE GOVERNO E FINANÇAS";"28";"ENCARGOS ESPECIAIS";"843";"SERVIÇO DA DÍVIDA INTERNA";"2025";"20";"";"0";"0";"7040702";"BANCO NACIONAL DE DESENVOL.ECON.E SOCIAL";"33657248000189";"";"0";"PROPRIA";"32902101";"JUROS DA DIVIDA CONTRATADA COM INSTITUICOES FINANC";"JUROS(P. JURIDICAS).";"30752.86";"2025";"L";"13/01/2025";"0";"01/01/2025";"31/01/2025";"8"
"UNIDADE DE GESTÃO DE GOVERNO E FINANÇAS";"28";"ENCARGOS ESPECIAIS";"843";"SERVIÇO DA DÍVIDA INTERNA";"2025";"21";"";"0";"0";"4000154";"CAIXA ECONOMICA FEDERAL";"00360305031689";"";"0";"PROPRIA";"46907101";"AMORTIZACAO DA DIVIDA CONTRATADA COM INSTITUICAO F";"AMORTIZACAO(P. JURIDICAS).";"30699.75";"2025";"L";"21/01/2025";"0";"01/01/2025";"31/01/2025";"8"
"UNIDADE DE GESTÃO DE GOVERNO E FINANÇAS";"28";"ENCARGOS ESPECIAIS";"843";"SERVIÇO DA DÍVIDA INTERNA";"2025";"22";"";"0";"0";"4000154";"CAIXA ECONOMICA FEDERAL";"00360305031689";"";"0";"PROPRIA";"32902101";"JUROS DA DIVIDA CONTRATADA COM INSTITUICOES FINANC";"JUROS(P. JURIDICAS).";"34170.28";"2025";"L";"21/01/2025";"0";"01/01/2025";"31/01/2025";"8"
"UNIDADE DE GESTÃO DE GOVERNO E FINANÇAS";"28";"ENCARGOS ESPECIAIS";"843";"SERVIÇO DA DÍVIDA INTERNA";"2025";"23";"";"0";"0";"4000154";"CAIXA ECONOMICA FEDERAL";"00360305031689";"";"0";"PROPRIA";"32902201";"ENCARGOS DA DIVIDA CONTRATADA COM INSTITUICOES FIN";"ENCARGOS(P. JURIDICAS).";"14237.61";"2025";"L";"21/01/2025";"0";"01/01/2025";"31/01/2025";"8"
"UNIDADE DE GESTÃO DE GOVERNO E FINANÇAS";"28";"ENCARGOS ESPECIAIS";"843";"SERVIÇO DA DÍVIDA INTERNA";"2025";"25";"";"0";"0";"4000154";"CAIXA ECONOMICA FEDERAL";"00360305031689";"";"0";"PROPRIA";"32902101";"JUROS DA DIVIDA CONTRATADA COM INSTITUICOES FINANC";"JUROS(P. JURIDICAS).";"1627666.17";"2025";"L";"21/01/2025";"0";"01/01/2025";"31/01/2025";"8"
"UNIDADE DE GESTÃO DE GOVERNO E FINANÇAS";"28";"ENCARGOS ESPECIAIS";"843";"SERVIÇO DA DÍVIDA INTERNA";"2025";"26";"";"0";"0";"100020781";"DESENVOLVE SP-AGENCIA DE FOMENTO DO EST.SÃO PAULO";"10663610000129";"";"0";"PROPRIA";"46907101";"AMORTIZACAO DA DIVIDA CONTRATADA COM INSTITUICAO F";"AMORTIZACAO(P. JURIDICAS).";"334735.56";"2025";"L";"15/01/2025";"0";"01/01/2025";"31/01/2025";"8"
"UNIDADE DE GESTÃO DE GOVERNO E FINANÇAS";"28";"ENCARGOS ESPECIAIS";"843";"SERVIÇO DA DÍVIDA INTERNA";"2025";"27";"";"0";"0";"100020781";"DESENVOLVE SP-AGENCIA DE FOMENTO DO EST.SÃO PAULO";"10663610000129";"";"0";"PROPRIA";"32902101";"JUROS DA DIVIDA CONTRATADA COM INSTITUICOES FINANC";"JUROS(P. JURIDICAS).";"5079.14";"2025";"L";"15/01/2025";"0";"01/01/2025";"31/01/2025";"8"
"UNIDADE DE GESTÃO DE GOVERNO E FINANÇAS";"28";"ENCARGOS ESPECIAIS";"843";"SERVIÇO DA DÍVIDA INTERNA";"2025";"28";"";"0";"0";"100020781";"DESENVOLVE SP-AGENCIA DE FOMENTO DO EST.SÃO PAULO";"10663610000129";"";"0";"PROPRIA";"46907101";"AMORTIZACAO DA DIVIDA CONTRATADA COM INSTITUICAO F";"AMORTIZACAO(P. JURIDICAS).";"366688.17";"2025";"L";"15/01/2025";"0";"01/01/2025";"31/01/2025";"8"
"UNIDADE DE GESTÃO DE GOVERNO E FINANÇAS";"28";"ENCARGOS ESPECIAIS";"843";"SERVIÇO DA DÍVIDA INTERNA";"2025";"29";"";"0";"0";"100020781";"DESENVOLVE SP-AGENCIA DE FOMENTO DO EST.SÃO PAULO";"10663610000129";"";"0";"PROPRIA";"32902101";"JUROS DA DIVIDA CONTRATADA COM INSTITUICOES FINANC";"JUROS(P. JURIDICAS).";"71144.24";"2025";"L";"15/01/2025";"0";"01/01/2025";"31/01/2025";"8"
"UNIDADE DE GESTÃO DE GOVERNO E FINANÇAS";"28";"ENCARGOS ESPECIAIS";"843";"SERVIÇO DA DÍVIDA INTERNA";"2025";"31";"";"0";"0";"100020781";"DESENVOLVE SP-AGENCIA DE FOMENTO DO EST.SÃO PAULO";"10663610000129";"";"0";"PROPRIA";"32902101";"JUROS DA DIVIDA CONTRATADA COM INSTITUICOES FINANC";"JUROS(P. JURIDICAS).";"273733.03";"2025";"L";"15/01/2025";"0";"01/01/2025";"31/01/2025";"8"
"UNIDADE DE GESTÃO DE PROMOÇÃO DA SAÚDE";"10";"SAÚDE";"302";"ASSISTÊNCIA HOSPITALAR E AMBULATORIAL";"2025";"32";"";"0";"0";"4001269";"HOSPITAL DE CARIDADE S.VICENTE DE PAULA";"50944198000130";"";"0";"PROPRIA";"33503951";"SERVIÇOS MÉDICO-HOSPITALARES PRESTADOS EM UNIDADES";"SERVICOS DE SAUDE(P. JURIDICAS).";"9382477.97";"2025";"L";"06/01/2025";"0";"01/01/2025";"31/01/2025";"14"
"UNIDADE DE GESTÃO DE PROMOÇÃO DA SAÚDE";"10";"SAÚDE";"302";"ASSISTÊNCIA HOSPITALAR E AMBULATORIAL";"2025";"32";"";"0";"0";"4001269";"HOSPITAL DE CARIDADE S.VICENTE DE PAULA";"50944198000130";"";"0";"PROPRIA";"33503951";"SERVIÇOS MÉDICO-HOSPITALARES PRESTADOS EM UNIDADES";"SERVICOS DE SAUDE(P. JURIDICAS).";"5840667.99";"2025";"L";"15/01/2025";"0";"01/01/2025";"31/01/2025";"14"
"UNIDADE DE GESTÃO DE PROMOÇÃO DA SAÚDE";"10";"SAÚDE";"302";"ASSISTÊNCIA HOSPITALAR E AMBULATORIAL";"2025";"33";"";"0";"0";"4001269";"HOSPITAL DE CARIDADE S.VICENTE DE PAULA";"50944198000130";"";"5001";"FUNDO NACIONAL DE SAUDE - MS/SAS";"33503951";"SERVIÇOS MÉDICO-HOSPITALARES PRESTADOS EM UNIDADES";"SERVICOS DE SAUDE(P. JURIDICAS).";"3921320.73";"2025";"L";"06/01/2025";"0";"01/01/2025";"31/01/2025";"14"
"UNIDADE DE GESTÃO DE PROMOÇÃO DA SAÚDE";"10";"SAÚDE";"302";"ASSISTÊNCIA HOSPITALAR E AMBULATORIAL";"2025";"33";"";"0";"0";"4001269";"HOSPITAL DE CARIDADE S.VICENTE DE PAULA";"50944198000130";"";"5001";"FUNDO NACIONAL DE SAUDE - MS/SAS";"33503951";"SERVIÇOS MÉDICO-HOSPITALARES PRESTADOS EM UNIDADES";"SERVICOS DE SAUDE(P. JURIDICAS).";"324426.61";"2025";"L";"09/01/2025";"0";"01/01/2025";"31/01/2025";"14"
"UNIDADE DE GESTÃO DE PROMOÇÃO DA SAÚDE";"10";"SAÚDE";"302";"ASSISTÊNCIA HOSPITALAR E AMBULATORIAL";"2025";"35";"";"0";"0";"4001269";"HOSPITAL DE CARIDADE S.VICENTE DE PAULA";"50944198000130";"";"5823";"GS/TABELA SUS PAULISTA";"33503951";"SERVIÇOS MÉDICO-HOSPITALARES PRESTADOS EM UNIDADES";"SERVICOS DE SAUDE(P. JURIDICAS).";"4697780.45";"2025";"L";"30/01/2025";"0";"01/01/2025";"31/01/2025";"14"
"UNIDADE DE GESTÃO DE PROMOÇÃO DA SAÚDE";"10";"SAÚDE";"302";"ASSISTÊNCIA HOSPITALAR E AMBULATORIAL";"2025";"36";"";"0";"0";"4001269";"HOSPITAL DE CARIDADE S.VICENTE DE PAULA";"50944198000130";"";"0";"PROPRIA";"33503951";"SERVIÇOS MÉDICO-HOSPITALARES PRESTADOS EM UNIDADES";"SERVICOS DE SAUDE(P. JURIDICAS).";"1614246.82";"2025";"L";"06/01/2025";"0";"01/01/2025";"31/01/2025";"14"
"UNIDADE DE GESTÃO DE PROMOÇÃO DA SAÚDE";"10";"SAÚDE";"302";"ASSISTÊNCIA HOSPITALAR E AMBULATORIAL";"2025";"36";"";"0";"0";"4001269";"HOSPITAL DE CARIDADE S.VICENTE DE PAULA";"50944198000130";"";"0";"PROPRIA";"33503951";"SERVIÇOS MÉDICO-HOSPITALARES PRESTADOS EM UNIDADES";"SERVICOS DE SAUDE(P. JURIDICAS).";"2220514.41";"2025";"L";"06/01/2025";"0";"01/01/2025";"31/01/2025";"14"
"UNIDADE DE GESTÃO DE PROMOÇÃO DA SAÚDE";"10";"SAÚDE";"302";"ASSISTÊNCIA HOSPITALAR E AMBULATORIAL";"2025";"36";"";"0";"0";"4001269";"HOSPITAL DE CARIDADE S.VICENTE DE PAULA";"50944198000130";"";"0";"PROPRIA";"33503951";"SERVIÇOS MÉDICO-HOSPITALARES PRESTADOS EM UNIDADES";"SERVICOS DE SAUDE(P. JURIDICAS).";"674706.85";"2025";"L";"06/01/2025";"0";"01/01/2025";"31/01/2025";"14"
"UNIDADE DE GESTÃO DE PROMOÇÃO DA SAÚDE";"4";"ADMINISTRAÇÃO";"122";"ADMINISTRAÇÃO GERAL";"2025";"37";"";"0";"0";"100032237";"PMJ - JÉSSICA CRISTINA PESTANA";"32270154800";"";"0";"PROPRIA";"33903099";"OUTROS MATERIAIS DE CONSUMO";"ADIANTAMENTOS(SERVIDORES).";"1500";"2025";"L";"10/01/2025";"0";"01/01/2025";"31/01/2025";"14"
"UNIDADE DE GESTÃO DE PROMOÇÃO DA SAÚDE";"4";"ADMINISTRAÇÃO";"122";"ADMINISTRAÇÃO GERAL";"2025";"38";"";"0";"0";"100032237";"PMJ - JÉSSICA CRISTINA PESTANA";"32270154800";"";"0";"PROPRIA";"33903999";"OUTROS SERVICOS DE TERCEIROS - PESSOA JURIDICA";"ADIANTAMENTOS(SERVIDORES).";"5000";"2025";"L";"10/01/2025";"0";"01/01/2025";"31/01/2025";"14"
"UNIDADE DE GESTÃO DE PROMOÇÃO DA SAÚDE";"10";"SAÚDE";"302";"ASSISTÊNCIA HOSPITALAR E AMBULATORIAL";"2025";"39";"";"0";"0";"4001269";"HOSPITAL DE CARIDADE S.VICENTE DE PAULA";"50944198000130";"";"5001";"FUNDO NACIONAL DE SAUDE - MS/SAS";"33503956";"OUTROS SERVIÇOS DE ASSISTÊNCIA À SAÚDE";"SERVICOS DE SAUDE(P. JURIDICAS).";"172222";"2025";"L";"06/01/2025";"0";"01/01/2025";"31/01/2025";"14"
"UNIDADE DE GESTÃO DE PROMOÇÃO DA SAÚDE";"10";"SAÚDE";"302";"ASSISTÊNCIA HOSPITALAR E AMBULATORIAL";"2025";"40";"";"0";"0";"4001269";"HOSPITAL DE CARIDADE S.VICENTE DE PAULA";"50944198000130";"";"0";"PROPRIA";"33503956";"OUTROS SERVIÇOS DE ASSISTÊNCIA À SAÚDE";"SERVICOS DE SAUDE(P. JURIDICAS).";"768141.54";"2025";"L";"06/01/2025";"0";"01/01/2025";"31/01/2025";"14"
"UNIDADE DE GESTÃO DE PROMOÇÃO DA SAÚDE";"10";"SAÚDE";"302";"ASSISTÊNCIA HOSPITALAR E AMBULATORIAL";"2025";"40";"";"0";"0";"4001269";"HOSPITAL DE CARIDADE S.VICENTE DE PAULA";"50944198000130";"";"0";"PROPRIA";"33503956";"OUTROS SERVIÇOS DE ASSISTÊNCIA À SAÚDE";"SERVICOS DE SAUDE(P. JURIDICAS).";"1125423.12";"2025";"L";"06/01/2025";"0";"01/01/2025";"31/01/2025";"14"
"UNIDADE DE GESTÃO DE PROMOÇÃO DA SAÚDE";"10";"SAÚDE";"302";"ASSISTÊNCIA HOSPITALAR E AMBULATORIAL";"2025";"41";"";"0";"0";"4001269";"HOSPITAL DE CARIDADE S.VICENTE DE PAULA";"50944198000130";"";"5001";"FUNDO NACIONAL DE SAUDE - MS/SAS";"33503956";"OUTROS SERVIÇOS DE ASSISTÊNCIA À SAÚDE";"SERVICOS DE SAUDE(P. JURIDICAS).";"305700";"2025";"L";"07/01/2025";"0";"01/01/2025";"31/01/2025";"14"
"UNIDADE DE GESTÃO DE PROMOÇÃO DA SAÚDE";"10";"SAÚDE";"302";"ASSISTÊNCIA HOSPITALAR E AMBULATORIAL";"2025";"42";"";"0";"0";"4001269";"HOSPITAL DE CARIDADE S.VICENTE DE PAULA";"50944198000130";"";"5001";"FUNDO NACIONAL DE SAUDE - MS/SAS";"33503951";"SERVIÇOS MÉDICO-HOSPITALARES PRESTADOS EM UNIDADES";"SERVICOS DE SAUDE(P. JURIDICAS).";"998467.67";"2025";"L";"15/01/2025";"0";"01/01/2025";"31/01/2025";"14"
"UNIDADE DE GESTÃO DE PROMOÇÃO DA SAÚDE";"10";"SAÚDE";"302";"ASSISTÊNCIA HOSPITALAR E AMBULATORIAL";"2025";"43";"";"0";"0";"4001269";"HOSPITAL DE CARIDADE S.VICENTE DE PAULA";"50944198000130";"";"5001";"FUNDO NACIONAL DE SAUDE - MS/SAS";"33503951";"SERVIÇOS MÉDICO-HOSPITALARES PRESTADOS EM UNIDADES";"SERVICOS DE SAUDE(P. JURIDICAS).";"88595.17";"2025";"L";"15/01/2025";"0";"01/01/2025";"31/01/2025";"14"
"UNIDADE DE GESTÃO DE PROMOÇÃO DA SAÚDE";"10";"SAÚDE";"302";"ASSISTÊNCIA HOSPITALAR E AMBULATORIAL";"2025";"45";"";"0";"0";"1008036";"ASSOC DE EDUCACAO TERAPEUTICA  AMARATI";"51910578000116";"";"0";"PROPRIA";"33503952";"SERVIÇOS MÉDICO-HOSPITALARES PRESTADOS EM UNIDADES";"SERVICOS DE SAUDE(P. JURIDICAS).";"135647.66";"2025";"L";"09/01/2025";"0";"01/01/2025";"31/01/2025";"14"
"UNIDADE DE GESTÃO DE PROMOÇÃO DA SAÚDE";"10";"SAÚDE";"302";"ASSISTÊNCIA HOSPITALAR E AMBULATORIAL";"2025";"46";"";"0";"0";"1008036";"ASSOC DE EDUCACAO TERAPEUTICA  AMARATI";"51910578000116";"";"5001";"FUNDO NACIONAL DE SAUDE - MS/SAS";"33503952";"SERVIÇOS MÉDICO-HOSPITALARES PRESTADOS EM UNIDADES";"SERVICOS DE SAUDE(P. JURIDICAS).";"24352.34";"2025";"L";"09/01/2025";"0";"01/01/2025";"31/01/2025";"14"
"UNIDADE DE GESTÃO DE PROMOÇÃO DA SAÚDE";"10";"SAÚDE";"302";"ASSISTÊNCIA HOSPITALAR E AMBULATORIAL";"2025";"47";"";"0";"0";"100019983";"ASSOC. PTA. CIR. DENTISTAS REG. REMAG";"50982461000185";"";"0";"PROPRIA";"33503954";"SERVIÇOS ODONTOLÓGICOS";"SERVICOS DE SAUDE(P. JURIDICAS).";"70000";"2025";"L";"16/01/2025";"0";"01/01/2025";"31/01/2025";"14"
"UNIDADE DE GESTÃO DE PROMOÇÃO DA SAÚDE";"10";"SAÚDE";"302";"ASSISTÊNCIA HOSPITALAR E AMBULATORIAL";"2025";"48";"";"0";"0";"4040592";"ASSOC.PAIS E AMIGOS DOS EXCEP.APAE JUND.";"50956440000195";"";"0";"PROPRIA";"33503952";"SERVIÇOS MÉDICO-HOSPITALARES PRESTADOS EM UNIDADES";"SERVICOS DE SAUDE(P. JURIDICAS).";"105618.6";"2025";"L";"09/01/2025";"0";"01/01/2025";"31/01/2025";"14"
"UNIDADE DE GESTÃO DE PROMOÇÃO DA SAÚDE";"10";"SAÚDE";"302";"ASSISTÊNCIA HOSPITALAR E AMBULATORIAL";"2025";"49";"";"0";"0";"4010914";"INSTITUTO JUNDIAIENSE LUIZ BRAILLE";"50958859000186";"";"5001";"FUNDO NACIONAL DE SAUDE - MS/SAS";"33503956";"OUTROS SERVIÇOS DE ASSISTÊNCIA À SAÚDE";"SERVICOS DE SAUDE(P. JURIDICAS).";"195725.24";"2025";"L";"07/01/2025";"0";"01/01/2025";"31/01/2025";"14"
"UNIDADE DE GESTÃO DE PROMOÇÃO DA SAÚDE";"10";"SAÚDE";"302";"ASSISTÊNCIA HOSPITALAR E AMBULATORIAL";"2025";"49";"";"0";"0";"4010914";"INSTITUTO JUNDIAIENSE LUIZ BRAILLE";"50958859000186";"";"5001";"FUNDO NACIONAL DE SAUDE - MS/SAS";"33503956";"OUTROS SERVIÇOS DE ASSISTÊNCIA À SAÚDE";"SERVICOS DE SAUDE(P. JURIDICAS).";"350000";"2025";"L";"09/01/2025";"0";"01/01/2025";"31/01/2025";"14"
"UNIDADE DE GESTÃO DE PROMOÇÃO DA SAÚDE";"10";"SAÚDE";"302";"ASSISTÊNCIA HOSPITALAR E AMBULATORIAL";"2025";"50";"";"0";"0";"100002020";"CTO.ESPEC.TRAT.DEP.ALCOOL E DROGAS CEAD";"03302793000191";"";"0";"PROPRIA";"33503956";"OUTROS SERVIÇOS DE ASSISTÊNCIA À SAÚDE";"SERVICOS DE SAUDE(P. JURIDICAS).";"204867.51";"2025";"L";"09/01/2025";"0";"01/01/2025";"31/01/2025";"14"
"UNIDADE DE GESTÃO DE PROMOÇÃO DA SAÚDE";"10";"SAÚDE";"302";"ASSISTÊNCIA HOSPITALAR E AMBULATORIAL";"2025";"51";"";"0";"0";"100020704";"INST.JUND.LUIZ BRAILLE DE ASSIST.AO DEFIC.DA VISAO";"50958859000267";"";"5001";"FUNDO NACIONAL DE SAUDE - MS/SAS";"33503956";"OUTROS SERVIÇOS DE ASSISTÊNCIA À SAÚDE";"SERVICOS DE SAUDE(P. JURIDICAS).";"10106.22";"2025";"L";"09/01/2025";"0";"01/01/2025";"31/01/2025";"14"
"UNIDADE DE GESTÃO DE PROMOÇÃO DA SAÚDE";"10";"SAÚDE";"302";"ASSISTÊNCIA HOSPITALAR E AMBULATORIAL";"2025";"52";"";"0";"0";"100020704";"INST.JUND.LUIZ BRAILLE DE ASSIST.AO DEFIC.DA VISAO";"50958859000267";"";"0";"PROPRIA";"33503956";"OUTROS SERVIÇOS DE ASSISTÊNCIA À SAÚDE";"SERVICOS DE SAUDE(P. JURIDICAS).";"1540";"2025";"L";"09/01/2025";"0";"01/01/2025";"31/01/2025";"14"
"UNIDADE DE GESTÃO DE PROMOÇÃO DA SAÚDE";"10";"SAÚDE";"302";"ASSISTÊNCIA HOSPITALAR E AMBULATORIAL";"2025";"53";"";"0";"0";"100002020";"CTO.ESPEC.TRAT.DEP.ALCOOL E DROGAS CEAD";"03302793000191";"";"0";"PROPRIA";"33503956";"OUTROS SERVIÇOS DE ASSISTÊNCIA À SAÚDE";"SERVICOS DE SAUDE(P. JURIDICAS).";"277009.74";"2025";"L";"09/01/2025";"0";"01/01/2025";"31/01/2025";"14"
"UNIDADE DE GESTÃO DE PROMOÇÃO DA SAÚDE";"10";"SAÚDE";"302";"ASSISTÊNCIA HOSPITALAR E AMBULATORIAL";"2025";"54";"";"0";"0";"100002020";"CTO.ESPEC.TRAT.DEP.ALCOOL E DROGAS CEAD";"03302793000191";"";"5001";"FUNDO NACIONAL DE SAUDE - MS/SAS";"33503956";"OUTROS SERVIÇOS DE ASSISTÊNCIA À SAÚDE";"SERVICOS DE SAUDE(P. JURIDICAS).";"204233.35";"2025";"L";"09/01/2025";"0";"01/01/2025";"31/01/2025";"14"
"UNIDADE DE GESTÃO DE PROMOÇÃO DA SAÚDE";"10";"SAÚDE";"301";"ATENÇÃO BÁSICA";"2025";"55";"";"0";"0";"100002020";"CTO.ESPEC.TRAT.DEP.ALCOOL E DROGAS CEAD";"03302793000191";"";"5002";"FUNDO NACIONAL DE SAUDE - PAB";"33503956";"OUTROS SERVIÇOS DE ASSISTÊNCIA À SAÚDE";"SERVICOS DE SAUDE(P. JURIDICAS).";"49967.33";"2025";"L";"09/01/2025";"0";"01/01/2025";"31/01/2025";"14"
"UNIDADE DE GESTÃO DE EDUCAÇÃO";"12";"EDUCAÇÃO";"361";"ENSINO FUNDAMENTAL";"2025";"56";"";"0";"0";"4010914";"INSTITUTO JUNDIAIENSE LUIZ BRAILLE";"50958859000186";"";"0";"PROPRIA";"33503953";"SERVIÇOS MÉDICO-HOSPITALARES PRESTADOS NA ATENÇÃO";"CONVENIO MROSC - LEI 13019/2014 - MARCO REGUL.ORG.SOC.CIVIL";"1773.05";"2025";"L";"14/01/2025";"0";"01/01/2025";"31/01/2025";"13"
"UNIDADE DE GESTÃO DE EDUCAÇÃO";"12";"EDUCAÇÃO";"361";"ENSINO FUNDAMENTAL";"2025";"56";"";"0";"0";"4010914";"INSTITUTO JUNDIAIENSE LUIZ BRAILLE";"50958859000186";"";"0";"PROPRIA";"33503953";"SERVIÇOS MÉDICO-HOSPITALARES PRESTADOS NA ATENÇÃO";"CONVENIO MROSC - LEI 13019/2014 - MARCO REGUL.ORG.SOC.CIVIL";"1773.05";"2025";"L";"28/01/2025";"0";"01/01/2025";"31/01/2025";"13"
"UNIDADE DE GESTÃO DE EDUCAÇÃO";"12";"EDUCAÇÃO";"365";"EDUCAÇÃO INFANTIL";"2025";"57";"";"0";"0";"4010914";"INSTITUTO JUNDIAIENSE LUIZ BRAILLE";"50958859000186";"";"0";"PROPRIA";"33503953";"SERVIÇOS MÉDICO-HOSPITALARES PRESTADOS NA ATENÇÃO";"CONVENIO MROSC - LEI 13019/2014 - MARCO REGUL.ORG.SOC.CIVIL";"1773.05";"2025";"L";"14/01/2025";"0";"01/01/2025";"31/01/2025";"13"
"UNIDADE DE GESTÃO DE EDUCAÇÃO";"12";"EDUCAÇÃO";"365";"EDUCAÇÃO INFANTIL";"2025";"57";"";"0";"0";"4010914";"INSTITUTO JUNDIAIENSE LUIZ BRAILLE";"50958859000186";"";"0";"PROPRIA";"33503953";"SERVIÇOS MÉDICO-HOSPITALARES PRESTADOS NA ATENÇÃO";"CONVENIO MROSC - LEI 13019/2014 - MARCO REGUL.ORG.SOC.CIVIL";"1773.05";"2025";"L";"28/01/2025";"0";"01/01/2025";"31/01/2025";"13"
"UNIDADE DE GESTÃO DE EDUCAÇÃO";"12";"EDUCAÇÃO";"361";"ENSINO FUNDAMENTAL";"2025";"58";"";"0";"0";"1000587";"ASSOC. DE PAIS E AMIGOS DO EXCEP. APAE DE JUNDIAÍ";"50956440000195";"";"0";"PROPRIA";"33503953";"SERVIÇOS MÉDICO-HOSPITALARES PRESTADOS NA ATENÇÃO";"CONVENIO MROSC - LEI 13019/2014 - MARCO REGUL.ORG.SOC.CIVIL";"53752.88";"2025";"L";"14/01/2025";"0";"01/01/2025";"31/01/2025";"13"
"UNIDADE DE GESTÃO DE EDUCAÇÃO";"12";"EDUCAÇÃO";"361";"ENSINO FUNDAMENTAL";"2025";"58";"";"0";"0";"1000587";"ASSOC. DE PAIS E AMIGOS DO EXCEP. APAE DE JUNDIAÍ";"50956440000195";"";"0";"PROPRIA";"33503953";"SERVIÇOS MÉDICO-HOSPITALARES PRESTADOS NA ATENÇÃO";"CONVENIO MROSC - LEI 13019/2014 - MARCO REGUL.ORG.SOC.CIVIL";"85575.37";"2025";"L";"28/01/2025";"0";"01/01/2025";"31/01/2025";"13"
"UNIDADE DE GESTÃO DE EDUCAÇÃO";"12";"EDUCAÇÃO";"365";"EDUCAÇÃO INFANTIL";"2025";"59";"";"0";"0";"1000587";"ASSOC. DE PAIS E AMIGOS DO EXCEP. APAE DE JUNDIAÍ";"50956440000195";"";"0";"PROPRIA";"33503953";"SERVIÇOS MÉDICO-HOSPITALARES PRESTADOS NA ATENÇÃO";"CONVENIO MROSC - LEI 13019/2014 - MARCO REGUL.ORG.SOC.CIVIL";"176310.01";"2025";"L";"14/01/2025";"0";"01/01/2025";"31/01/2025";"13"
"UNIDADE DE GESTÃO DE EDUCAÇÃO";"12";"EDUCAÇÃO";"365";"EDUCAÇÃO INFANTIL";"2025";"59";"";"0";"0";"1000587";"ASSOC. DE PAIS E AMIGOS DO EXCEP. APAE DE JUNDIAÍ";"50956440000195";"";"0";"PROPRIA";"33503953";"SERVIÇOS MÉDICO-HOSPITALARES PRESTADOS NA ATENÇÃO";"CONVENIO MROSC - LEI 13019/2014 - MARCO REGUL.ORG.SOC.CIVIL";"225395.68";"2025";"L";"28/01/2025";"0";"01/01/2025";"31/01/2025";"13"
"UNIDADE DE GESTÃO DE EDUCAÇÃO";"12";"EDUCAÇÃO";"361";"ENSINO FUNDAMENTAL";"2025";"60";"";"0";"0";"1008168";"ASSOC TERAP DE ESTIMO AUDITIVA E LINGUAGEM";"51910842000111";"";"0";"PROPRIA";"33503953";"SERVIÇOS MÉDICO-HOSPITALARES PRESTADOS NA ATENÇÃO";"CONVENIO MROSC - LEI 13019/2014 - MARCO REGUL.ORG.SOC.CIVIL";"45971.54";"2025";"L";"14/01/2025";"0";"01/01/2025";"31/01/2025";"13"
"UNIDADE DE GESTÃO DE EDUCAÇÃO";"12";"EDUCAÇÃO";"361";"ENSINO FUNDAMENTAL";"2025";"60";"";"0";"0";"1008168";"ASSOC TERAP DE ESTIMO AUDITIVA E LINGUAGEM";"51910842000111";"";"0";"PROPRIA";"33503953";"SERVIÇOS MÉDICO-HOSPITALARES PRESTADOS NA ATENÇÃO";"CONVENIO MROSC - LEI 13019/2014 - MARCO REGUL.ORG.SOC.CIVIL";"62182.18";"2025";"L";"28/01/2025";"0";"01/01/2025";"31/01/2025";"13"
"UNIDADE DE GESTÃO DE EDUCAÇÃO";"12";"EDUCAÇÃO";"365";"EDUCAÇÃO INFANTIL";"2025";"61";"";"0";"0";"1008168";"ASSOC TERAP DE ESTIMO AUDITIVA E LINGUAGEM";"51910842000111";"";"0";"PROPRIA";"33503953";"SERVIÇOS MÉDICO-HOSPITALARES PRESTADOS NA ATENÇÃO";"CONVENIO MROSC - LEI 13019/2014 - MARCO REGUL.ORG.SOC.CIVIL";"45971.54";"2025";"L";"14/01/2025";"0";"01/01/2025";"31/01/2025";"13"
"UNIDADE DE GESTÃO DE EDUCAÇÃO";"12";"EDUCAÇÃO";"365";"EDUCAÇÃO INFANTIL";"2025";"61";"";"0";"0";"1008168";"ASSOC TERAP DE ESTIMO AUDITIVA E LINGUAGEM";"51910842000111";"";"0";"PROPRIA";"33503953";"SERVIÇOS MÉDICO-HOSPITALARES PRESTADOS NA ATENÇÃO";"CONVENIO MROSC - LEI 13019/2014 - MARCO REGUL.ORG.SOC.CIVIL";"62182.18";"2025";"L";"28/01/2025";"0";"01/01/2025";"31/01/2025";"13"
"UNIDADE DE GESTÃO DE EDUCAÇÃO";"12";"EDUCAÇÃO";"361";"ENSINO FUNDAMENTAL";"2025";"63";"";"0";"0";"1000587";"ASSOC. DE PAIS E AMIGOS DO EXCEP. APAE DE JUNDIAÍ";"50956440000195";"";"0";"PROPRIA";"33503953";"SERVIÇOS MÉDICO-HOSPITALARES PRESTADOS NA ATENÇÃO";"CONVENIO MROSC - LEI 13019/2014 - MARCO REGUL.ORG.SOC.CIVIL";"86001.61";"2025";"L";"14/01/2025";"0";"01/01/2025";"31/01/2025";"13"
"UNIDADE DE GESTÃO DE EDUCAÇÃO";"12";"EDUCAÇÃO";"361";"ENSINO FUNDAMENTAL";"2025";"63";"";"0";"0";"1000587";"ASSOC. DE PAIS E AMIGOS DO EXCEP. APAE DE JUNDIAÍ";"50956440000195";"";"0";"PROPRIA";"33503953";"SERVIÇOS MÉDICO-HOSPITALARES PRESTADOS NA ATENÇÃO";"CONVENIO MROSC - LEI 13019/2014 - MARCO REGUL.ORG.SOC.CIVIL";"117806.44";"2025";"L";"28/01/2025";"0";"01/01/2025";"31/01/2025";"13"
"UNIDADE DE GESTÃO DE PROMOÇÃO DA SAÚDE";"10";"SAÚDE";"302";"ASSISTÊNCIA HOSPITALAR E AMBULATORIAL";"2025";"64";"";"0";"0";"4040592";"ASSOC.PAIS E AMIGOS DOS EXCEP.APAE JUND.";"50956440000195";"";"0";"PROPRIA";"33503952";"SERVIÇOS MÉDICO-HOSPITALARES PRESTADOS EM UNIDADES";"SERVICOS DE SAUDE(P. JURIDICAS).";"265340.68";"2025";"L";"09/01/2025";"0";"01/01/2025";"31/01/2025";"14"
"UNIDADE DE GESTÃO DE PROMOÇÃO DA SAÚDE";"10";"SAÚDE";"302";"ASSISTÊNCIA HOSPITALAR E AMBULATORIAL";"2025";"65";"";"0";"0";"4040592";"ASSOC.PAIS E AMIGOS DOS EXCEP.APAE JUND.";"50956440000195";"";"5001";"FUNDO NACIONAL DE SAUDE - MS/SAS";"33503952";"SERVIÇOS MÉDICO-HOSPITALARES PRESTADOS EM UNIDADES";"SERVICOS DE SAUDE(P. JURIDICAS).";"62659.32";"2025";"L";"09/01/2025";"0";"01/01/2025";"31/01/2025";"14"
"UNIDADE DE GESTÃO DE PROMOÇÃO DA SAÚDE";"10";"SAÚDE";"302";"ASSISTÊNCIA HOSPITALAR E AMBULATORIAL";"2025";"66";"";"0";"0";"100003205";"REDE DE ASSIST VICENTINA DE JUNDIAI";"50971720000172";"";"0";"PROPRIA";"33503956";"OUTROS SERVIÇOS DE ASSISTÊNCIA À SAÚDE";"SERVICOS DE SAUDE(P. JURIDICAS).";"138600";"2025";"L";"22/01/2025";"0";"01/01/2025";"31/01/2025";"14"
"UNIDADE DE GESTÃO DE PROMOÇÃO DA SAÚDE";"10";"SAÚDE";"302";"ASSISTÊNCIA HOSPITALAR E AMBULATORIAL";"2025";"67";"";"0";"0";"1091917";"GRP EM DEF.DA CRIANCA C/ CANCER GRENDACC";"00797397000194";"";"5001";"FUNDO NACIONAL DE SAUDE - MS/SAS";"33503952";"SERVIÇOS MÉDICO-HOSPITALARES PRESTADOS EM UNIDADES";"SERVICOS DE SAUDE(P. JURIDICAS).";"12347.19";"2025";"L";"09/01/2025";"0";"01/01/2025";"31/01/2025";"14"
"UNIDADE DE GESTÃO DE PROMOÇÃO DA SAÚDE";"10";"SAÚDE";"302";"ASSISTÊNCIA HOSPITALAR E AMBULATORIAL";"2025";"68";"";"0";"0";"1091917";"GRP EM DEF.DA CRIANCA C/ CANCER GRENDACC";"00797397000194";"";"0";"PROPRIA";"33503952";"SERVIÇOS MÉDICO-HOSPITALARES PRESTADOS EM UNIDADES";"SERVICOS DE SAUDE(P. JURIDICAS).";"1212.6";"2025";"L";"09/01/2025";"0";"01/01/2025";"31/01/2025";"14"
"UNIDADE DE GESTÃO DE PROMOÇÃO DA SAÚDE";"10";"SAÚDE";"302";"ASSISTÊNCIA HOSPITALAR E AMBULATORIAL";"2025";"69";"";"0";"0";"1091917";"GRP EM DEF.DA CRIANCA C/ CANCER GRENDACC";"00797397000194";"";"0";"PROPRIA";"33503952";"SERVIÇOS MÉDICO-HOSPITALARES PRESTADOS EM UNIDADES";"SERVICOS DE SAUDE(P. JURIDICAS).";"4760";"2025";"L";"09/01/2025";"0";"01/01/2025";"31/01/2025";"14"
"UNIDADE DE GESTÃO DE EDUCAÇÃO";"12";"EDUCAÇÃO";"361";"ENSINO FUNDAMENTAL";"2025";"71";"";"0";"0";"1008036";"ASSOC DE EDUCACAO TERAPEUTICA  AMARATI";"51910578000116";"";"0";"PROPRIA";"33503953";"SERVIÇOS MÉDICO-HOSPITALARES PRESTADOS NA ATENÇÃO";"CONVENIO MROSC - LEI 13019/2014 - MARCO REGUL.ORG.SOC.CIVIL";"14746.22";"2025";"L";"14/01/2025";"0";"01/01/2025";"31/01/2025";"13"
"UNIDADE DE GESTÃO DE EDUCAÇÃO";"12";"EDUCAÇÃO";"361";"ENSINO FUNDAMENTAL";"2025";"71";"";"0";"0";"1008036";"ASSOC DE EDUCACAO TERAPEUTICA  AMARATI";"51910578000116";"";"0";"PROPRIA";"33503953";"SERVIÇOS MÉDICO-HOSPITALARES PRESTADOS NA ATENÇÃO";"CONVENIO MROSC - LEI 13019/2014 - MARCO REGUL.ORG.SOC.CIVIL";"19606.83";"2025";"L";"28/01/2025";"0";"01/01/2025";"31/01/2025";"13"
"UNIDADE DE GESTÃO DE EDUCAÇÃO";"12";"EDUCAÇÃO";"365";"EDUCAÇÃO INFANTIL";"2025";"72";"";"0";"0";"1008036";"ASSOC DE EDUCACAO TERAPEUTICA  AMARATI";"51910578000116";"";"0";"PROPRIA";"33503953";"SERVIÇOS MÉDICO-HOSPITALARES PRESTADOS NA ATENÇÃO";"CONVENIO MROSC - LEI 13019/2014 - MARCO REGUL.ORG.SOC.CIVIL";"14746.22";"2025";"L";"14/01/2025";"0";"01/01/2025";"31/01/2025";"13"
"UNIDADE DE GESTÃO DE EDUCAÇÃO";"12";"EDUCAÇÃO";"365";"EDUCAÇÃO INFANTIL";"2025";"72";"";"0";"0";"1008036";"ASSOC DE EDUCACAO TERAPEUTICA  AMARATI";"51910578000116";"";"0";"PROPRIA";"33503953";"SERVIÇOS MÉDICO-HOSPITALARES PRESTADOS NA ATENÇÃO";"CONVENIO MROSC - LEI 13019/2014 - MARCO REGUL.ORG.SOC.CIVIL";"19606.83";"2025";"L";"28/01/2025";"0";"01/01/2025";"31/01/2025";"13"
"UNIDADE GESTÃO DE ASSISTÊNCIA E DESENVOLV. SOCIAL";"8";"ASSISTÊNCIA SOCIAL";"244";"ASSISTÊNCIA COMUNITÁRIA";"2025";"74";"";"0";"0";"7040647";"SOS - SERVICO DE OBRAS SOCIAIS";"50951466000140";"";"0";"PROPRIA";"33503901";"TERMO DE COLABORAÇÃO";"CONVENIO MROSC - LEI 13019/2014 - MARCO REGUL.ORG.SOC.CIVIL";"87938.92";"2025";"L";"14/01/2025";"0";"01/01/2025";"31/01/2025";"15"
"UNIDADE GESTÃO DE ASSISTÊNCIA E DESENVOLV. SOCIAL";"8";"ASSISTÊNCIA SOCIAL";"244";"ASSISTÊNCIA COMUNITÁRIA";"2025";"76";"";"0";"0";"100050128";"HACALI HÁ UM CAMINHO A LIBERDADE";"61704086000128";"";"0";"PROPRIA";"33503901";"TERMO DE COLABORAÇÃO";"CONVENIO MROSC - LEI 13019/2014 - MARCO REGUL.ORG.SOC.CIVIL";"112500";"2025";"L";"14/01/2025";"0";"01/01/2025";"31/01/2025";"15"
"UNIDADE DE GESTÃO DE GOVERNO E FINANÇAS";"28";"ENCARGOS ESPECIAIS";"846";"OUTROS ENCARGOS ESPECIAIS";"2025";"77";"";"0";"0";"100006017";"MARISTELA FERREIRA PERES PADOVANI";"12605024814";"";"0";"PROPRIA";"33909301";"INDENIZACOES";"INDENIZACOES E/OU RESSARCIMENTOS(P. FISICA).";"1000";"2025";"L";"10/01/2025";"0";"01/01/2025";"31/01/2025";"8"
"UNIDADE DE GESTÃO DE NEG. JURÍDICOS E CIDADANIA";"4";"ADMINISTRAÇÃO";"122";"ADMINISTRAÇÃO GERAL";"2025";"78";"";"0";"0";"100012130";"TRIBUNAL DE JUSTIÇA DO ESTADO DE SAO PAULO-EPM";"51174001000193";"";"0";"PROPRIA";"33903999";"OUTROS SERVICOS DE TERCEIROS - PESSOA JURIDICA";"OUTRAS TAXAS E TARIFAS.";"555.3";"2025";"L";"14/01/2025";"0";"01/01/2025";"31/01/2025";"6"
"UNIDADE DE GESTÃO DE NEG. JURÍDICOS E CIDADANIA";"4";"ADMINISTRAÇÃO";"122";"ADMINISTRAÇÃO GERAL";"2025";"78";"";"0";"0";"100012130";"TRIBUNAL DE JUSTIÇA DO ESTADO DE SAO PAULO-EPM";"51174001000193";"";"0";"PROPRIA";"33903999";"OUTROS SERVICOS DE TERCEIROS - PESSOA JURIDICA";"OUTRAS TAXAS E TARIFAS.";"2554.38";"2025";"L";"14/01/2025";"0";"01/01/2025";"31/01/2025";"6"
"UNIDADE DE GESTÃO DE NEG. JURÍDICOS E CIDADANIA";"4";"ADMINISTRAÇÃO";"122";"ADMINISTRAÇÃO GERAL";"2025";"78";"";"0";"0";"100012130";"TRIBUNAL DE JUSTIÇA DO ESTADO DE SAO PAULO-EPM";"51174001000193";"";"0";"PROPRIA";"33903999";"OUTROS SERVICOS DE TERCEIROS - PESSOA JURIDICA";"OUTRAS TAXAS E TARIFAS.";"5997.24";"2025";"L";"17/01/2025";"0";"01/01/2025";"31/01/2025";"6"
"UNIDADE DE GESTÃO DE NEG. JURÍDICOS E CIDADANIA";"4";"ADMINISTRAÇÃO";"122";"ADMINISTRAÇÃO GERAL";"2025";"78";"";"0";"0";"100012130";"TRIBUNAL DE JUSTIÇA DO ESTADO DE SAO PAULO-EPM";"51174001000193";"";"0";"PROPRIA";"33903999";"OUTROS SERVICOS DE TERCEIROS - PESSOA JURIDICA";"OUTRAS TAXAS E TARIFAS.";"111.06";"2025";"L";"24/01/2025";"0";"01/01/2025";"31/01/2025";"6"
"UNIDADE DE GESTÃO DE NEG. JURÍDICOS E CIDADANIA";"4";"ADMINISTRAÇÃO";"122";"ADMINISTRAÇÃO GERAL";"2025";"78";"";"0";"0";"100012130";"TRIBUNAL DE JUSTIÇA DO ESTADO DE SAO PAULO-EPM";"51174001000193";"";"0";"PROPRIA";"33903999";"OUTROS SERVICOS DE TERCEIROS - PESSOA JURIDICA";"OUTRAS TAXAS E TARIFAS.";"1776.96";"2025";"L";"24/01/2025";"0";"01/01/2025";"31/01/2025";"6"
"UNIDADE DE GESTÃO DE NEG. JURÍDICOS E CIDADANIA";"4";"ADMINISTRAÇÃO";"122";"ADMINISTRAÇÃO GERAL";"2025";"78";"";"0";"0";"100012130";"TRIBUNAL DE JUSTIÇA DO ESTADO DE SAO PAULO-EPM";"51174001000193";"";"0";"PROPRIA";"33903999";"OUTROS SERVICOS DE TERCEIROS - PESSOA JURIDICA";"OUTRAS TAXAS E TARIFAS.";"666.36";"2025";"L";"28/01/2025";"0";"01/01/2025";"31/01/2025";"6"
"UNIDADE DE GESTÃO DE NEG. JURÍDICOS E CIDADANIA";"4";"ADMINISTRAÇÃO";"122";"ADMINISTRAÇÃO GERAL";"2025";"78";"";"0";"0";"100012130";"TRIBUNAL DE JUSTIÇA DO ESTADO DE SAO PAULO-EPM";"51174001000193";"";"0";"PROPRIA";"33903999";"OUTROS SERVICOS DE TERCEIROS - PESSOA JURIDICA";"OUTRAS TAXAS E TARIFAS.";"111.06";"2025";"L";"28/01/2025";"0";"01/01/2025";"31/01/2025";"6"
"UNIDADE DE GESTÃO DE NEG. JURÍDICOS E CIDADANIA";"4";"ADMINISTRAÇÃO";"122";"ADMINISTRAÇÃO GERAL";"2025";"78";"";"0";"0";"100012130";"TRIBUNAL DE JUSTIÇA DO ESTADO DE SAO PAULO-EPM";"51174001000193";"";"0";"PROPRIA";"33903999";"OUTROS SERVICOS DE TERCEIROS - PESSOA JURIDICA";"OUTRAS TAXAS E TARIFAS.";"222.12";"2025";"L";"30/01/2025";"0";"01/01/2025";"31/01/2025";"6"
"UNIDADE DE GESTÃO DE NEG. JURÍDICOS E CIDADANIA";"4";"ADMINISTRAÇÃO";"122";"ADMINISTRAÇÃO GERAL";"2025";"79";"";"0";"0";"100010179";"FUNDO ESPECIAL DE DESPESA DO TRIBUNAL DE JUSTICA DO ESTADO DE SAO PAULO";"13847549000168";"";"0";"PROPRIA";"33903999";"OUTROS SERVICOS DE TERCEIROS - PESSOA JURIDICA";"OUTRAS TAXAS E TARIFAS.";"163.75";"2025";"L";"16/01/2025";"0";"01/01/2025";"31/01/2025";"6"
"UNIDADE DE GESTÃO DE NEG. JURÍDICOS E CIDADANIA";"4";"ADMINISTRAÇÃO";"122";"ADMINISTRAÇÃO GERAL";"2025";"79";"";"0";"0";"100010179";"FUNDO ESPECIAL DE DESPESA DO TRIBUNAL DE JUSTICA DO ESTADO DE SAO PAULO";"13847549000168";"";"0";"PROPRIA";"33903999";"OUTROS SERVICOS DE TERCEIROS - PESSOA JURIDICA";"OUTRAS TAXAS E TARIFAS.";"6556.21";"2025";"L";"20/01/2025";"0";"01/01/2025";"31/01/2025";"6"
"UNIDADE DE GESTÃO DE NEG. JURÍDICOS E CIDADANIA";"4";"ADMINISTRAÇÃO";"122";"ADMINISTRAÇÃO GERAL";"2025";"79";"";"0";"0";"100010179";"FUNDO ESPECIAL DE DESPESA DO TRIBUNAL DE JUSTICA DO ESTADO DE SAO PAULO";"13847549000168";"";"0";"PROPRIA";"33903999";"OUTROS SERVICOS DE TERCEIROS - PESSOA JURIDICA";"OUTRAS TAXAS E TARIFAS.";"47.25";"2025";"L";"20/01/2025";"0";"01/01/2025";"31/01/2025";"6"
"UNIDADE GESTÃO DE AGRONEGÓCIO. ABASTEC. E TURISMO";"23";"COMÉRCIO E SERVIÇOS";"695";"TURISMO";"2025";"80";"2022";"6";"7";"100000682";"BETA CLEAN & SERVICE LTDA.";"61704052000133";"CONCORRENCIA(LEI 8666-93)";"0";"PROPRIA";"33903916";"MANUTENCAO E CONSERVACAO DE BENS IMOVEIS";"LIMPEZA. CONSERVACAO. MANUTENCAO DE AREAS E EQUIPAMENTOS";"0.23";"2025";"L";"15/01/2025";"0";"01/01/2025";"31/01/2025";"17"
"UNIDADE GESTÃO DE ASSISTÊNCIA E DESENVOLV. SOCIAL";"8";"ASSISTÊNCIA SOCIAL";"244";"ASSISTÊNCIA COMUNITÁRIA";"2025";"82";"";"0";"0";"100003205";"REDE DE ASSIST VICENTINA DE JUNDIAI";"50971720000172";"";"0";"PROPRIA";"33503901";"TERMO DE COLABORAÇÃO";"CONVENIO MROSC - LEI 13019/2014 - MARCO REGUL.ORG.SOC.CIVIL";"226358.51";"2025";"L";"14/01/2025";"0";"01/01/2025";"31/01/2025";"15"
"UNIDADE DE GESTÃO DE PROMOÇÃO DA SAÚDE";"10";"SAÚDE";"302";"ASSISTÊNCIA HOSPITALAR E AMBULATORIAL";"2025";"83";"";"0";"0";"100034036";"ASSOCIACAO FUNDO DE INCENTIVO A PESQUISA";"47673793008743";"";"5823";"GS/TABELA SUS PAULISTA";"33503956";"OUTROS SERVIÇOS DE ASSISTÊNCIA À SAÚDE";"SERVICOS DE SAUDE(P. JURIDICAS).";"123762.5";"2025";"L";"14/01/2025";"0";"01/01/2025";"31/01/2025";"14"
"UNIDADE GESTÃO DE ASSISTÊNCIA E DESENVOLV. SOCIAL";"8";"ASSISTÊNCIA SOCIAL";"244";"ASSISTÊNCIA COMUNITÁRIA";"2025";"86";"";"0";"0";"100001021";"CASA SANTA MARTA";"02818105000188";"";"0";"PROPRIA";"33503901";"TERMO DE COLABORAÇÃO";"CONVENIO MROSC - LEI 13019/2014 - MARCO REGUL.ORG.SOC.CIVIL";"41000";"2025";"L";"14/01/2025";"0";"01/01/2025";"31/01/2025";"15"
"UNIDADE DE GESTÃO DA CASA CIVIL";"4";"ADMINISTRAÇÃO";"122";"ADMINISTRAÇÃO GERAL";"2025";"87";"";"0";"0";"100012604";"FOLHA DE PAGAMENTO";"45780103000150";"";"0";"PROPRIA";"31901137";"GRATIFICACOES POR TEMPO DE SERVICO";"FOLHA DE PAGAMENTO";"1050.82";"2025";"L";"09/01/2025";"0";"01/01/2025";"31/01/2025";"3"
"UNIDADE DE GESTÃO DA CASA CIVIL";"4";"ADMINISTRAÇÃO";"122";"ADMINISTRAÇÃO GERAL";"2025";"88";"";"0";"0";"100012604";"FOLHA DE PAGAMENTO";"45780103000150";"";"0";"PROPRIA";"31901144";"FÉRIAS - ABONO PECUNIARIO";"FOLHA DE PAGAMENTO";"2881.61";"2025";"L";"09/01/2025";"0";"01/01/2025";"31/01/2025";"3"
"UNIDADE DE GESTÃO DA CASA CIVIL";"4";"ADMINISTRAÇÃO";"122";"ADMINISTRAÇÃO GERAL";"2025";"89";"";"0";"0";"100012604";"FOLHA DE PAGAMENTO";"45780103000150";"";"0";"PROPRIA";"31901145";"FÉRIAS - ABONO CONSTITUICOES";"FOLHA DE PAGAMENTO";"3767.71";"2025";"L";"09/01/2025";"0";"01/01/2025";"31/01/2025";"3"
"UNIDADE DE GESTÃO DA CASA CIVIL";"4";"ADMINISTRAÇÃO";"122";"ADMINISTRAÇÃO GERAL";"2025";"90";"";"0";"0";"100012604";"FOLHA DE PAGAMENTO";"45780103000150";"";"0";"PROPRIA";"31901146";"FÉRIAS - PAGAMENTO ANTECIPADO - RPPS";"FOLHA DE PAGAMENTO";"7977.54";"2025";"L";"09/01/2025";"0";"01/01/2025";"31/01/2025";"3"
"UNIDADE GESTÃO DE INOVAÇÃO E RELAÇÃO COM O CIDADÃO";"4";"ADMINISTRAÇÃO";"122";"ADMINISTRAÇÃO GERAL";"2025";"91";"";"0";"0";"100012604";"FOLHA DE PAGAMENTO";"45780103000150";"";"0";"PROPRIA";"31901137";"GRATIFICACOES POR TEMPO DE SERVICO";"FOLHA DE PAGAMENTO";"340.92";"2025";"L";"09/01/2025";"0";"01/01/2025";"31/01/2025";"4"
"UNIDADE GESTÃO DE INOVAÇÃO E RELAÇÃO COM O CIDADÃO";"4";"ADMINISTRAÇÃO";"122";"ADMINISTRAÇÃO GERAL";"2025";"92";"";"0";"0";"100012604";"FOLHA DE PAGAMENTO";"45780103000150";"";"0";"PROPRIA";"31901145";"FÉRIAS - ABONO CONSTITUICOES";"FOLHA DE PAGAMENTO";"1281.28";"2025";"L";"09/01/2025";"0";"01/01/2025";"31/01/2025";"4"
"UNIDADE GESTÃO DE INOVAÇÃO E RELAÇÃO COM O CIDADÃO";"4";"ADMINISTRAÇÃO";"122";"ADMINISTRAÇÃO GERAL";"2025";"93";"";"0";"0";"100012604";"FOLHA DE PAGAMENTO";"45780103000150";"";"0";"PROPRIA";"31901146";"FÉRIAS - PAGAMENTO ANTECIPADO - RPPS";"FOLHA DE PAGAMENTO";"2229.84";"2025";"L";"09/01/2025";"0";"01/01/2025";"31/01/2025";"4"
"UNIDADE GESTÃO DE INOVAÇÃO E RELAÇÃO COM O CIDADÃO";"4";"ADMINISTRAÇÃO";"122";"ADMINISTRAÇÃO GERAL";"2025";"94";"";"0";"0";"100012604";"FOLHA DE PAGAMENTO";"45780103000150";"";"0";"PROPRIA";"31901644";"SERVIÇOS EXTRAORDINÁRIOS";"FOLHA DE PAGAMENTO";"93.75";"2025";"L";"09/01/2025";"0";"01/01/2025";"31/01/2025";"4"
"UNIDADE DE GESTÃO DE NEG. JURÍDICOS E CIDADANIA";"4";"ADMINISTRAÇÃO";"122";"ADMINISTRAÇÃO GERAL";"2025";"95";"";"0";"0";"100012604";"FOLHA DE PAGAMENTO";"45780103000150";"";"0";"PROPRIA";"31901105";"INCORPORADOS";"FOLHA DE PAGAMENTO";"1346.74";"2025";"L";"09/01/2025";"0";"01/01/2025";"31/01/2025";"6"
"UNIDADE DE GESTÃO DE NEG. JURÍDICOS E CIDADANIA";"4";"ADMINISTRAÇÃO";"122";"ADMINISTRAÇÃO GERAL";"2025";"96";"";"0";"0";"100012604";"FOLHA DE PAGAMENTO";"45780103000150";"";"0";"PROPRIA";"31901137";"GRATIFICACOES POR TEMPO DE SERVICO";"FOLHA DE PAGAMENTO";"4187.14";"2025";"L";"09/01/2025";"0";"01/01/2025";"31/01/2025";"6"
"UNIDADE DE GESTÃO DE NEG. JURÍDICOS E CIDADANIA";"4";"ADMINISTRAÇÃO";"122";"ADMINISTRAÇÃO GERAL";"2025";"97";"";"0";"0";"100012604";"FOLHA DE PAGAMENTO";"45780103000150";"";"0";"PROPRIA";"31901144";"FÉRIAS - ABONO PECUNIARIO";"FOLHA DE PAGAMENTO";"13747.6";"2025";"L";"09/01/2025";"0";"01/01/2025";"31/01/2025";"6"
"UNIDADE DE GESTÃO DE NEG. JURÍDICOS E CIDADANIA";"4";"ADMINISTRAÇÃO";"122";"ADMINISTRAÇÃO GERAL";"2025";"98";"";"0";"0";"100012604";"FOLHA DE PAGAMENTO";"45780103000150";"";"0";"PROPRIA";"31901145";"FÉRIAS - ABONO CONSTITUICOES";"FOLHA DE PAGAMENTO";"16538.44";"2025";"L";"09/01/2025";"0";"01/01/2025";"31/01/2025";"6"
"UNIDADE DE GESTÃO DE NEG. JURÍDICOS E CIDADANIA";"4";"ADMINISTRAÇÃO";"122";"ADMINISTRAÇÃO GERAL";"2025";"99";"";"0";"0";"100012604";"FOLHA DE PAGAMENTO";"45780103000150";"";"0";"PROPRIA";"31901146";"FÉRIAS - PAGAMENTO ANTECIPADO - RPPS";"FOLHA DE PAGAMENTO";"35393.63";"2025";"L";"09/01/2025";"0";"01/01/2025";"31/01/2025";"6"
"UNIDADE DE GESTÃO DE ADMINIST. E GESTÃO DE PESSOAS";"4";"ADMINISTRAÇÃO";"122";"ADMINISTRAÇÃO GERAL";"2025";"100";"";"0";"0";"100012604";"FOLHA DE PAGAMENTO";"45780103000150";"";"0";"PROPRIA";"31901109";"ADICIONAL DE PERICULOSIDADE";"FOLHA DE PAGAMENTO";"3304.87";"2025";"L";"09/01/2025";"0";"01/01/2025";"31/01/2025";"7"
"UNIDADE DE GESTÃO DE ADMINIST. E GESTÃO DE PESSOAS";"4";"ADMINISTRAÇÃO";"122";"ADMINISTRAÇÃO GERAL";"2025";"101";"";"0";"0";"100012604";"FOLHA DE PAGAMENTO";"45780103000150";"";"0";"PROPRIA";"31901110";"ADICIONAL DE INSALUBRIDADE";"FOLHA DE PAGAMENTO";"101.2";"2025";"L";"09/01/2025";"0";"01/01/2025";"31/01/2025";"7"
"UNIDADE DE GESTÃO DE ADMINIST. E GESTÃO DE PESSOAS";"4";"ADMINISTRAÇÃO";"122";"ADMINISTRAÇÃO GERAL";"2025";"102";"";"0";"0";"100012604";"FOLHA DE PAGAMENTO";"45780103000150";"";"0";"PROPRIA";"31901137";"GRATIFICACOES POR TEMPO DE SERVICO";"FOLHA DE PAGAMENTO";"11632.63";"2025";"L";"09/01/2025";"0";"01/01/2025";"31/01/2025";"7"
"UNIDADE DE GESTÃO DE ADMINIST. E GESTÃO DE PESSOAS";"4";"ADMINISTRAÇÃO";"122";"ADMINISTRAÇÃO GERAL";"2025";"103";"";"0";"0";"100012604";"FOLHA DE PAGAMENTO";"45780103000150";"";"0";"PROPRIA";"31901144";"FÉRIAS - ABONO PECUNIARIO";"FOLHA DE PAGAMENTO";"25995.15";"2025";"L";"09/01/2025";"0";"01/01/2025";"31/01/2025";"7"
"UNIDADE DE GESTÃO DE ADMINIST. E GESTÃO DE PESSOAS";"4";"ADMINISTRAÇÃO";"122";"ADMINISTRAÇÃO GERAL";"2025";"104";"";"0";"0";"100012604";"FOLHA DE PAGAMENTO";"45780103000150";"";"0";"PROPRIA";"31901145";"FÉRIAS - ABONO CONSTITUICOES";"FOLHA DE PAGAMENTO";"30335.79";"2025";"L";"09/01/2025";"0";"01/01/2025";"31/01/2025";"7"
"UNIDADE DE GESTÃO DE ADMINIST. E GESTÃO DE PESSOAS";"4";"ADMINISTRAÇÃO";"122";"ADMINISTRAÇÃO GERAL";"2025";"105";"";"0";"0";"100012604";"FOLHA DE PAGAMENTO";"45780103000150";"";"0";"PROPRIA";"31901146";"FÉRIAS - PAGAMENTO ANTECIPADO - RPPS";"FOLHA DE PAGAMENTO";"59700.77";"2025";"L";"09/01/2025";"0";"01/01/2025";"31/01/2025";"7"
"UNIDADE DE GESTÃO DE ADMINIST. E GESTÃO DE PESSOAS";"4";"ADMINISTRAÇÃO";"122";"ADMINISTRAÇÃO GERAL";"2025";"106";"";"0";"0";"100012604";"FOLHA DE PAGAMENTO";"45780103000150";"";"0";"PROPRIA";"31901644";"SERVIÇOS EXTRAORDINÁRIOS";"FOLHA DE PAGAMENTO";"151.59";"2025";"L";"09/01/2025";"0";"01/01/2025";"31/01/2025";"7"
"UNIDADE DE GESTÃO DE ADMINIST. E GESTÃO DE PESSOAS";"17";"SANEAMENTO";"122";"ADMINISTRAÇÃO GERAL";"2025";"107";"";"0";"0";"100012604";"FOLHA DE PAGAMENTO";"45780103000150";"";"902";"RESTITUIÇÕES DAE S/A";"31901109";"ADICIONAL DE PERICULOSIDADE";"FOLHA DE PAGAMENTO";"1814.42";"2025";"L";"09/01/2025";"0";"01/01/2025";"31/01/2025";"7"
"UNIDADE DE GESTÃO DE ADMINIST. E GESTÃO DE PESSOAS";"17";"SANEAMENTO";"122";"ADMINISTRAÇÃO GERAL";"2025";"108";"";"0";"0";"100012604";"FOLHA DE PAGAMENTO";"45780103000150";"";"902";"RESTITUIÇÕES DAE S/A";"31901110";"ADICIONAL DE INSALUBRIDADE";"FOLHA DE PAGAMENTO";"1619.2";"2025";"L";"09/01/2025";"0";"01/01/2025";"31/01/2025";"7"
"UNIDADE DE GESTÃO DE ADMINIST. E GESTÃO DE PESSOAS";"17";"SANEAMENTO";"122";"ADMINISTRAÇÃO GERAL";"2025";"109";"";"0";"0";"100012604";"FOLHA DE PAGAMENTO";"45780103000150";"";"902";"RESTITUIÇÕES DAE S/A";"31901137";"GRATIFICACOES POR TEMPO DE SERVICO";"FOLHA DE PAGAMENTO";"13049.55";"2025";"L";"09/01/2025";"0";"01/01/2025";"31/01/2025";"7"
"UNIDADE DE GESTÃO DE ADMINIST. E GESTÃO DE PESSOAS";"17";"SANEAMENTO";"122";"ADMINISTRAÇÃO GERAL";"2025";"110";"";"0";"0";"100012604";"FOLHA DE PAGAMENTO";"45780103000150";"";"902";"RESTITUIÇÕES DAE S/A";"31901144";"FÉRIAS - ABONO PECUNIARIO";"FOLHA DE PAGAMENTO";"19196.36";"2025";"L";"09/01/2025";"0";"01/01/2025";"31/01/2025";"7"
"UNIDADE DE GESTÃO DE ADMINIST. E GESTÃO DE PESSOAS";"17";"SANEAMENTO";"122";"ADMINISTRAÇÃO GERAL";"2025";"111";"";"0";"0";"100012604";"FOLHA DE PAGAMENTO";"45780103000150";"";"902";"RESTITUIÇÕES DAE S/A";"31901145";"FÉRIAS - ABONO CONSTITUICOES";"FOLHA DE PAGAMENTO";"15691.3";"2025";"L";"09/01/2025";"0";"01/01/2025";"31/01/2025";"7"
"UNIDADE DE GESTÃO DE ADMINIST. E GESTÃO DE PESSOAS";"17";"SANEAMENTO";"122";"ADMINISTRAÇÃO GERAL";"2025";"112";"";"0";"0";"100012604";"FOLHA DE PAGAMENTO";"45780103000150";"";"902";"RESTITUIÇÕES DAE S/A";"31901146";"FÉRIAS - PAGAMENTO ANTECIPADO - RPPS";"FOLHA DE PAGAMENTO";"21636.09";"2025";"L";"09/01/2025";"0";"01/01/2025";"31/01/2025";"7"
"UNIDADE DE GESTÃO DE ADMINIST. E GESTÃO DE PESSOAS";"4";"ADMINISTRAÇÃO";"122";"ADMINISTRAÇÃO GERAL";"2025";"113";"";"0";"0";"100012604";"FOLHA DE PAGAMENTO";"45780103000150";"";"0";"PROPRIA";"31901104";"ADICIONAL NOTURNO";"FOLHA DE PAGAMENTO";"583.2";"2025";"L";"09/01/2025";"0";"01/01/2025";"31/01/2025";"7"
"UNIDADE DE GESTÃO DE ADMINIST. E GESTÃO DE PESSOAS";"4";"ADMINISTRAÇÃO";"122";"ADMINISTRAÇÃO GERAL";"2025";"114";"";"0";"0";"100012604";"FOLHA DE PAGAMENTO";"45780103000150";"";"0";"PROPRIA";"31901107";"ABONO DE PERMANENCIA";"FOLHA DE PAGAMENTO";"317.7";"2025";"L";"09/01/2025";"0";"01/01/2025";"31/01/2025";"7"
"UNIDADE DE GESTÃO DE ADMINIST. E GESTÃO DE PESSOAS";"4";"ADMINISTRAÇÃO";"122";"ADMINISTRAÇÃO GERAL";"2025";"115";"";"0";"0";"100012604";"FOLHA DE PAGAMENTO";"45780103000150";"";"0";"PROPRIA";"31901133";"GRATIFICACOES POR EXERCICIO DE  FUNCOES";"FOLHA DE PAGAMENTO";"1162.53";"2025";"L";"09/01/2025";"0";"01/01/2025";"31/01/2025";"7"
"UNIDADE DE GESTÃO DE ADMINIST. E GESTÃO DE PESSOAS";"4";"ADMINISTRAÇÃO";"122";"ADMINISTRAÇÃO GERAL";"2025";"116";"";"0";"0";"100012604";"FOLHA DE PAGAMENTO";"45780103000150";"";"0";"PROPRIA";"31901137";"GRATIFICACOES POR TEMPO DE SERVICO";"FOLHA DE PAGAMENTO";"6275.34";"2025";"L";"09/01/2025";"0";"01/01/2025";"31/01/2025";"7"
"UNIDADE DE GESTÃO DE ADMINIST. E GESTÃO DE PESSOAS";"4";"ADMINISTRAÇÃO";"122";"ADMINISTRAÇÃO GERAL";"2025";"117";"";"0";"0";"100012604";"FOLHA DE PAGAMENTO";"45780103000150";"";"0";"PROPRIA";"31901144";"FÉRIAS - ABONO PECUNIARIO";"FOLHA DE PAGAMENTO";"13537.07";"2025";"L";"09/01/2025";"0";"01/01/2025";"31/01/2025";"7"
"UNIDADE DE GESTÃO DE ADMINIST. E GESTÃO DE PESSOAS";"4";"ADMINISTRAÇÃO";"122";"ADMINISTRAÇÃO GERAL";"2025";"118";"";"0";"0";"100012604";"FOLHA DE PAGAMENTO";"45780103000150";"";"0";"PROPRIA";"31901145";"FÉRIAS - ABONO CONSTITUICOES";"FOLHA DE PAGAMENTO";"12569.72";"2025";"L";"09/01/2025";"0";"01/01/2025";"31/01/2025";"7"
"UNIDADE DE GESTÃO DE ADMINIST. E GESTÃO DE PESSOAS";"4";"ADMINISTRAÇÃO";"122";"ADMINISTRAÇÃO GERAL";"2025";"119";"";"0";"0";"100012604";"FOLHA DE PAGAMENTO";"45780103000150";"";"0";"PROPRIA";"31901146";"FÉRIAS - PAGAMENTO ANTECIPADO - RPPS";"FOLHA DE PAGAMENTO";"21188.92";"2025";"L";"09/01/2025";"0";"01/01/2025";"31/01/2025";"7"
"UNIDADE DE GESTÃO DE ADMINIST. E GESTÃO DE PESSOAS";"4";"ADMINISTRAÇÃO";"122";"ADMINISTRAÇÃO GERAL";"2025";"120";"";"0";"0";"100012604";"FOLHA DE PAGAMENTO";"45780103000150";"";"0";"PROPRIA";"31901644";"SERVIÇOS EXTRAORDINÁRIOS";"FOLHA DE PAGAMENTO";"45.21";"2025";"L";"09/01/2025";"0";"01/01/2025";"31/01/2025";"7"
"UNIDADE DE GESTÃO DE GOVERNO E FINANÇAS";"4";"ADMINISTRAÇÃO";"122";"ADMINISTRAÇÃO GERAL";"2025";"121";"";"0";"0";"100012604";"FOLHA DE PAGAMENTO";"45780103000150";"";"0";"PROPRIA";"31901104";"ADICIONAL NOTURNO";"FOLHA DE PAGAMENTO";"0.89";"2025";"L";"09/01/2025";"0";"01/01/2025";"31/01/2025";"8"
"UNIDADE DE GESTÃO DE GOVERNO E FINANÇAS";"4";"ADMINISTRAÇÃO";"122";"ADMINISTRAÇÃO GERAL";"2025";"122";"";"0";"0";"100012604";"FOLHA DE PAGAMENTO";"45780103000150";"";"0";"PROPRIA";"31901107";"ABONO DE PERMANENCIA";"FOLHA DE PAGAMENTO";"1186.96";"2025";"L";"09/01/2025";"0";"01/01/2025";"31/01/2025";"8"
"UNIDADE DE GESTÃO DE GOVERNO E FINANÇAS";"4";"ADMINISTRAÇÃO";"122";"ADMINISTRAÇÃO GERAL";"2025";"123";"";"0";"0";"100012604";"FOLHA DE PAGAMENTO";"45780103000150";"";"0";"PROPRIA";"31901109";"ADICIONAL DE PERICULOSIDADE";"FOLHA DE PAGAMENTO";"1281.67";"2025";"L";"09/01/2025";"0";"01/01/2025";"31/01/2025";"8"
"UNIDADE DE GESTÃO DE GOVERNO E FINANÇAS";"4";"ADMINISTRAÇÃO";"122";"ADMINISTRAÇÃO GERAL";"2025";"124";"";"0";"0";"100012604";"FOLHA DE PAGAMENTO";"45780103000150";"";"0";"PROPRIA";"31901133";"GRATIFICACOES POR EXERCICIO DE  FUNCOES";"FOLHA DE PAGAMENTO";"5356.7";"2025";"L";"09/01/2025";"0";"01/01/2025";"31/01/2025";"8"
"UNIDADE DE GESTÃO DE GOVERNO E FINANÇAS";"4";"ADMINISTRAÇÃO";"122";"ADMINISTRAÇÃO GERAL";"2025";"125";"";"0";"0";"100012604";"FOLHA DE PAGAMENTO";"45780103000150";"";"0";"PROPRIA";"31901137";"GRATIFICACOES POR TEMPO DE SERVICO";"FOLHA DE PAGAMENTO";"17162.57";"2025";"L";"09/01/2025";"0";"01/01/2025";"31/01/2025";"8"
"UNIDADE DE GESTÃO DE GOVERNO E FINANÇAS";"4";"ADMINISTRAÇÃO";"122";"ADMINISTRAÇÃO GERAL";"2025";"126";"";"0";"0";"100012604";"FOLHA DE PAGAMENTO";"45780103000150";"";"0";"PROPRIA";"31901137";"GRATIFICACOES POR TEMPO DE SERVICO";"FOLHA DE PAGAMENTO";"3964.3";"2025";"L";"09/01/2025";"0";"01/01/2025";"31/01/2025";"8"
"UNIDADE DE GESTÃO DE GOVERNO E FINANÇAS";"4";"ADMINISTRAÇÃO";"122";"ADMINISTRAÇÃO GERAL";"2025";"127";"";"0";"0";"100012604";"FOLHA DE PAGAMENTO";"45780103000150";"";"0";"PROPRIA";"31901144";"FÉRIAS - ABONO PECUNIARIO";"FOLHA DE PAGAMENTO";"7757.76";"2025";"L";"09/01/2025";"0";"01/01/2025";"31/01/2025";"8"
"UNIDADE DE GESTÃO DE GOVERNO E FINANÇAS";"4";"ADMINISTRAÇÃO";"122";"ADMINISTRAÇÃO GERAL";"2025";"128";"";"0";"0";"100012604";"FOLHA DE PAGAMENTO";"45780103000150";"";"0";"PROPRIA";"31901144";"FÉRIAS - ABONO PECUNIARIO";"FOLHA DE PAGAMENTO";"7341.52";"2025";"L";"09/01/2025";"0";"01/01/2025";"31/01/2025";"8"
"UNIDADE DE GESTÃO DE GOVERNO E FINANÇAS";"4";"ADMINISTRAÇÃO";"122";"ADMINISTRAÇÃO GERAL";"2025";"129";"";"0";"0";"100012604";"FOLHA DE PAGAMENTO";"45780103000150";"";"0";"PROPRIA";"31901145";"FÉRIAS - ABONO CONSTITUICOES";"FOLHA DE PAGAMENTO";"3878.88";"2025";"L";"09/01/2025";"0";"01/01/2025";"31/01/2025";"8"
"UNIDADE DE GESTÃO DE GOVERNO E FINANÇAS";"4";"ADMINISTRAÇÃO";"122";"ADMINISTRAÇÃO GERAL";"2025";"130";"";"0";"0";"100012604";"FOLHA DE PAGAMENTO";"45780103000150";"";"0";"PROPRIA";"31901145";"FÉRIAS - ABONO CONSTITUICOES";"FOLHA DE PAGAMENTO";"33716.28";"2025";"L";"09/01/2025";"0";"01/01/2025";"31/01/2025";"8"
"UNIDADE DE GESTÃO DE GOVERNO E FINANÇAS";"4";"ADMINISTRAÇÃO";"122";"ADMINISTRAÇÃO GERAL";"2025";"131";"";"0";"0";"100012604";"FOLHA DE PAGAMENTO";"45780103000150";"";"0";"PROPRIA";"31901146";"FÉRIAS - PAGAMENTO ANTECIPADO - RPPS";"FOLHA DE PAGAMENTO";"58660.35";"2025";"L";"09/01/2025";"0";"01/01/2025";"31/01/2025";"8"
"UNIDADE DE GESTÃO DE GOVERNO E FINANÇAS";"4";"ADMINISTRAÇÃO";"122";"ADMINISTRAÇÃO GERAL";"2025";"132";"";"0";"0";"100012604";"FOLHA DE PAGAMENTO";"45780103000150";"";"0";"PROPRIA";"31901146";"FÉRIAS - PAGAMENTO ANTECIPADO - RPPS";"FOLHA DE PAGAMENTO";"6735.99";"2025";"L";"09/01/2025";"0";"01/01/2025";"31/01/2025";"8"
"UNIDADE DE GESTÃO DE GOVERNO E FINANÇAS";"4";"ADMINISTRAÇÃO";"122";"ADMINISTRAÇÃO GERAL";"2025";"133";"";"0";"0";"100012604";"FOLHA DE PAGAMENTO";"45780103000150";"";"0";"PROPRIA";"31901644";"SERVIÇOS EXTRAORDINÁRIOS";"FOLHA DE PAGAMENTO";"2235.93";"2025";"L";"09/01/2025";"0";"01/01/2025";"31/01/2025";"8"
"UNIDADE DE GESTÃO DE INFRAEST. E SERVIÇOS PÚBLICOS";"15";"URBANISMO";"122";"ADMINISTRAÇÃO GERAL";"2025";"134";"";"0";"0";"100012604";"FOLHA DE PAGAMENTO";"45780103000150";"";"0";"PROPRIA";"31901107";"ABONO DE PERMANENCIA";"FOLHA DE PAGAMENTO";"1461.4";"2025";"L";"09/01/2025";"0";"01/01/2025";"31/01/2025";"10"
"UNIDADE DE GESTÃO DE INFRAEST. E SERVIÇOS PÚBLICOS";"15";"URBANISMO";"122";"ADMINISTRAÇÃO GERAL";"2025";"135";"";"0";"0";"100012604";"FOLHA DE PAGAMENTO";"45780103000150";"";"0";"PROPRIA";"31901109";"ADICIONAL DE PERICULOSIDADE";"FOLHA DE PAGAMENTO";"1049.15";"2025";"L";"09/01/2025";"0";"01/01/2025";"31/01/2025";"10"
"UNIDADE DE GESTÃO DE INFRAEST. E SERVIÇOS PÚBLICOS";"15";"URBANISMO";"122";"ADMINISTRAÇÃO GERAL";"2025";"136";"";"0";"0";"100012604";"FOLHA DE PAGAMENTO";"45780103000150";"";"0";"PROPRIA";"31901110";"ADICIONAL DE INSALUBRIDADE";"FOLHA DE PAGAMENTO";"3643.2";"2025";"L";"09/01/2025";"0";"01/01/2025";"31/01/2025";"10"
"UNIDADE DE GESTÃO DE INFRAEST. E SERVIÇOS PÚBLICOS";"15";"URBANISMO";"122";"ADMINISTRAÇÃO GERAL";"2025";"137";"";"0";"0";"100012604";"FOLHA DE PAGAMENTO";"45780103000150";"";"0";"PROPRIA";"31901133";"GRATIFICACOES POR EXERCICIO DE  FUNCOES";"FOLHA DE PAGAMENTO";"1445.25";"2025";"L";"09/01/2025";"0";"01/01/2025";"31/01/2025";"10"
"UNIDADE DE GESTÃO DE INFRAEST. E SERVIÇOS PÚBLICOS";"15";"URBANISMO";"122";"ADMINISTRAÇÃO GERAL";"2025";"138";"";"0";"0";"100012604";"FOLHA DE PAGAMENTO";"45780103000150";"";"0";"PROPRIA";"31901137";"GRATIFICACOES POR TEMPO DE SERVICO";"FOLHA DE PAGAMENTO";"41859.55";"2025";"L";"09/01/2025";"0";"01/01/2025";"31/01/2025";"10"
"UNIDADE DE GESTÃO DE INFRAEST. E SERVIÇOS PÚBLICOS";"15";"URBANISMO";"122";"ADMINISTRAÇÃO GERAL";"2025";"139";"";"0";"0";"100012604";"FOLHA DE PAGAMENTO";"45780103000150";"";"0";"PROPRIA";"31901137";"GRATIFICACOES POR TEMPO DE SERVICO";"FOLHA DE PAGAMENTO";"1806.99";"2025";"L";"09/01/2025";"0";"01/01/2025";"31/01/2025";"10"
"UNIDADE DE GESTÃO DE INFRAEST. E SERVIÇOS PÚBLICOS";"15";"URBANISMO";"122";"ADMINISTRAÇÃO GERAL";"2025";"140";"";"0";"0";"100012604";"FOLHA DE PAGAMENTO";"45780103000150";"";"0";"PROPRIA";"31901144";"FÉRIAS - ABONO PECUNIARIO";"FOLHA DE PAGAMENTO";"74962.1";"2025";"L";"09/01/2025";"0";"01/01/2025";"31/01/2025";"10"
"UNIDADE DE GESTÃO DE INFRAEST. E SERVIÇOS PÚBLICOS";"15";"URBANISMO";"122";"ADMINISTRAÇÃO GERAL";"2025";"141";"";"0";"0";"100012604";"FOLHA DE PAGAMENTO";"45780103000150";"";"0";"PROPRIA";"31901145";"FÉRIAS - ABONO CONSTITUICOES";"FOLHA DE PAGAMENTO";"90297.19";"2025";"L";"09/01/2025";"0";"01/01/2025";"31/01/2025";"10"
"UNIDADE DE GESTÃO DE INFRAEST. E SERVIÇOS PÚBLICOS";"15";"URBANISMO";"122";"ADMINISTRAÇÃO GERAL";"2025";"142";"";"0";"0";"100012604";"FOLHA DE PAGAMENTO";"45780103000150";"";"0";"PROPRIA";"31901145";"FÉRIAS - ABONO CONSTITUICOES";"FOLHA DE PAGAMENTO";"2117.77";"2025";"L";"09/01/2025";"0";"01/01/2025";"31/01/2025";"10"
"UNIDADE DE GESTÃO DE INFRAEST. E SERVIÇOS PÚBLICOS";"15";"URBANISMO";"122";"ADMINISTRAÇÃO GERAL";"2025";"143";"";"0";"0";"100012604";"FOLHA DE PAGAMENTO";"45780103000150";"";"0";"PROPRIA";"31901146";"FÉRIAS - PAGAMENTO ANTECIPADO - RPPS";"FOLHA DE PAGAMENTO";"2588.32";"2025";"L";"09/01/2025";"0";"01/01/2025";"31/01/2025";"10"
"UNIDADE DE GESTÃO DE INFRAEST. E SERVIÇOS PÚBLICOS";"15";"URBANISMO";"122";"ADMINISTRAÇÃO GERAL";"2025";"144";"";"0";"0";"100012604";"FOLHA DE PAGAMENTO";"45780103000150";"";"0";"PROPRIA";"31901146";"FÉRIAS - PAGAMENTO ANTECIPADO - RPPS";"FOLHA DE PAGAMENTO";"149117.4";"2025";"L";"09/01/2025";"0";"01/01/2025";"31/01/2025";"10"
"UNIDADE DE GESTÃO DE INFRAEST. E SERVIÇOS PÚBLICOS";"15";"URBANISMO";"122";"ADMINISTRAÇÃO GERAL";"2025";"145";"";"0";"0";"100012604";"FOLHA DE PAGAMENTO";"45780103000150";"";"0";"PROPRIA";"31901644";"SERVIÇOS EXTRAORDINÁRIOS";"FOLHA DE PAGAMENTO";"22294.72";"2025";"L";"09/01/2025";"0";"01/01/2025";"31/01/2025";"10"
"UNIDADE GESTÃO DE PLANEJ. URBANO E MEIO AMBIENTE";"18";"GESTÃO AMBIENTAL";"122";"ADMINISTRAÇÃO GERAL";"2025";"146";"";"0";"0";"100012604";"FOLHA DE PAGAMENTO";"45780103000150";"";"0";"PROPRIA";"31901109";"ADICIONAL DE PERICULOSIDADE";"FOLHA DE PAGAMENTO";"1581.66";"2025";"L";"09/01/2025";"0";"01/01/2025";"31/01/2025";"11"
"UNIDADE GESTÃO DE PLANEJ. URBANO E MEIO AMBIENTE";"18";"GESTÃO AMBIENTAL";"122";"ADMINISTRAÇÃO GERAL";"2025";"147";"";"0";"0";"100012604";"FOLHA DE PAGAMENTO";"45780103000150";"";"0";"PROPRIA";"31901110";"ADICIONAL DE INSALUBRIDADE";"FOLHA DE PAGAMENTO";"202.4";"2025";"L";"09/01/2025";"0";"01/01/2025";"31/01/2025";"11"
"UNIDADE GESTÃO DE PLANEJ. URBANO E MEIO AMBIENTE";"18";"GESTÃO AMBIENTAL";"122";"ADMINISTRAÇÃO GERAL";"2025";"148";"";"0";"0";"100012604";"FOLHA DE PAGAMENTO";"45780103000150";"";"0";"PROPRIA";"31901133";"GRATIFICACOES POR EXERCICIO DE  FUNCOES";"FOLHA DE PAGAMENTO";"4904.43";"2025";"L";"09/01/2025";"0";"01/01/2025";"31/01/2025";"11"
"UNIDADE GESTÃO DE PLANEJ. URBANO E MEIO AMBIENTE";"18";"GESTÃO AMBIENTAL";"122";"ADMINISTRAÇÃO GERAL";"2025";"149";"";"0";"0";"100012604";"FOLHA DE PAGAMENTO";"45780103000150";"";"0";"PROPRIA";"31901137";"GRATIFICACOES POR TEMPO DE SERVICO";"FOLHA DE PAGAMENTO";"12885.94";"2025";"L";"09/01/2025";"0";"01/01/2025";"31/01/2025";"11"
"UNIDADE GESTÃO DE PLANEJ. URBANO E MEIO AMBIENTE";"18";"GESTÃO AMBIENTAL";"122";"ADMINISTRAÇÃO GERAL";"2025";"150";"";"0";"0";"100012604";"FOLHA DE PAGAMENTO";"45780103000150";"";"0";"PROPRIA";"31901144";"FÉRIAS - ABONO PECUNIARIO";"FOLHA DE PAGAMENTO";"22760.95";"2025";"L";"09/01/2025";"0";"01/01/2025";"31/01/2025";"11"
"UNIDADE GESTÃO DE PLANEJ. URBANO E MEIO AMBIENTE";"18";"GESTÃO AMBIENTAL";"122";"ADMINISTRAÇÃO GERAL";"2025";"151";"";"0";"0";"100012604";"FOLHA DE PAGAMENTO";"45780103000150";"";"0";"PROPRIA";"31901145";"FÉRIAS - ABONO CONSTITUICOES";"FOLHA DE PAGAMENTO";"50412.13";"2025";"L";"09/01/2025";"0";"01/01/2025";"31/01/2025";"11"
"UNIDADE GESTÃO DE PLANEJ. URBANO E MEIO AMBIENTE";"18";"GESTÃO AMBIENTAL";"122";"ADMINISTRAÇÃO GERAL";"2025";"152";"";"0";"0";"100012604";"FOLHA DE PAGAMENTO";"45780103000150";"";"0";"PROPRIA";"31901146";"FÉRIAS - PAGAMENTO ANTECIPADO - RPPS";"FOLHA DE PAGAMENTO";"107309.76";"2025";"L";"09/01/2025";"0";"01/01/2025";"31/01/2025";"11"
"UNIDADE GESTÃO DE PLANEJ. URBANO E MEIO AMBIENTE";"18";"GESTÃO AMBIENTAL";"122";"ADMINISTRAÇÃO GERAL";"2025";"153";"";"0";"0";"100012604";"FOLHA DE PAGAMENTO";"45780103000150";"";"0";"PROPRIA";"31901644";"SERVIÇOS EXTRAORDINÁRIOS";"FOLHA DE PAGAMENTO";"622.37";"2025";"L";"09/01/2025";"0";"01/01/2025";"31/01/2025";"11"
"UNIDADE DE GESTÃO DE MOBILIDADE E TRANSPORTE";"15";"URBANISMO";"122";"ADMINISTRAÇÃO GERAL";"2025";"154";"";"0";"0";"100012604";"FOLHA DE PAGAMENTO";"45780103000150";"";"0";"PROPRIA";"31901104";"ADICIONAL NOTURNO";"FOLHA DE PAGAMENTO";"2214.58";"2025";"L";"09/01/2025";"0";"01/01/2025";"31/01/2025";"12"
"UNIDADE DE GESTÃO DE MOBILIDADE E TRANSPORTE";"15";"URBANISMO";"122";"ADMINISTRAÇÃO GERAL";"2025";"155";"";"0";"0";"100012604";"FOLHA DE PAGAMENTO";"45780103000150";"";"0";"PROPRIA";"31901109";"ADICIONAL DE PERICULOSIDADE";"FOLHA DE PAGAMENTO";"3703.93";"2025";"L";"09/01/2025";"0";"01/01/2025";"31/01/2025";"12"
"UNIDADE DE GESTÃO DE MOBILIDADE E TRANSPORTE";"15";"URBANISMO";"122";"ADMINISTRAÇÃO GERAL";"2025";"156";"";"0";"0";"100012604";"FOLHA DE PAGAMENTO";"45780103000150";"";"0";"PROPRIA";"31901110";"ADICIONAL DE INSALUBRIDADE";"FOLHA DE PAGAMENTO";"607.2";"2025";"L";"09/01/2025";"0";"01/01/2025";"31/01/2025";"12"
"UNIDADE DE GESTÃO DE MOBILIDADE E TRANSPORTE";"15";"URBANISMO";"122";"ADMINISTRAÇÃO GERAL";"2025";"157";"";"0";"0";"100012604";"FOLHA DE PAGAMENTO";"45780103000150";"";"0";"PROPRIA";"31901133";"GRATIFICACOES POR EXERCICIO DE  FUNCOES";"FOLHA DE PAGAMENTO";"16426.68";"2025";"L";"09/01/2025";"0";"01/01/2025";"31/01/2025";"12"
"UNIDADE DE GESTÃO DE MOBILIDADE E TRANSPORTE";"15";"URBANISMO";"122";"ADMINISTRAÇÃO GERAL";"2025";"158";"";"0";"0";"100012604";"FOLHA DE PAGAMENTO";"45780103000150";"";"0";"PROPRIA";"31901137";"GRATIFICACOES POR TEMPO DE SERVICO";"FOLHA DE PAGAMENTO";"27002.08";"2025";"L";"09/01/2025";"0";"01/01/2025";"31/01/2025";"12"
"UNIDADE DE GESTÃO DE MOBILIDADE E TRANSPORTE";"15";"URBANISMO";"122";"ADMINISTRAÇÃO GERAL";"2025";"159";"";"0";"0";"100012604";"FOLHA DE PAGAMENTO";"45780103000150";"";"0";"PROPRIA";"31901144";"FÉRIAS - ABONO PECUNIARIO";"FOLHA DE PAGAMENTO";"64702.03";"2025";"L";"09/01/2025";"0";"01/01/2025";"31/01/2025";"12"
"UNIDADE DE GESTÃO DE MOBILIDADE E TRANSPORTE";"15";"URBANISMO";"122";"ADMINISTRAÇÃO GERAL";"2025";"160";"";"0";"0";"100012604";"FOLHA DE PAGAMENTO";"45780103000150";"";"0";"PROPRIA";"31901145";"FÉRIAS - ABONO CONSTITUICOES";"FOLHA DE PAGAMENTO";"59786.79";"2025";"L";"09/01/2025";"0";"01/01/2025";"31/01/2025";"12"
"UNIDADE DE GESTÃO DE MOBILIDADE E TRANSPORTE";"15";"URBANISMO";"122";"ADMINISTRAÇÃO GERAL";"2025";"161";"";"0";"0";"100012604";"FOLHA DE PAGAMENTO";"45780103000150";"";"0";"PROPRIA";"31901146";"FÉRIAS - PAGAMENTO ANTECIPADO - RPPS";"FOLHA DE PAGAMENTO";"69209.63";"2025";"L";"09/01/2025";"0";"01/01/2025";"31/01/2025";"12"
"UNIDADE DE GESTÃO DE MOBILIDADE E TRANSPORTE";"15";"URBANISMO";"122";"ADMINISTRAÇÃO GERAL";"2025";"162";"";"0";"0";"100012604";"FOLHA DE PAGAMENTO";"45780103000150";"";"0";"PROPRIA";"31901644";"SERVIÇOS EXTRAORDINÁRIOS";"FOLHA DE PAGAMENTO";"28978.86";"2025";"L";"09/01/2025";"0";"01/01/2025";"31/01/2025";"12"
"UNIDADE DE GESTÃO DE EDUCAÇÃO";"12";"EDUCAÇÃO";"365";"EDUCAÇÃO INFANTIL";"2025";"163";"";"0";"0";"100012604";"FOLHA DE PAGAMENTO";"45780103000150";"";"0";"PROPRIA";"31901104";"ADICIONAL NOTURNO";"FOLHA DE PAGAMENTO";"123.27";"2025";"L";"09/01/2025";"0";"01/01/2025";"31/01/2025";"13"
"UNIDADE DE GESTÃO DE EDUCAÇÃO";"12";"EDUCAÇÃO";"365";"EDUCAÇÃO INFANTIL";"2025";"164";"";"0";"0";"100012604";"FOLHA DE PAGAMENTO";"45780103000150";"";"0";"PROPRIA";"31901107";"ABONO DE PERMANENCIA";"FOLHA DE PAGAMENTO";"501.46";"2025";"L";"09/01/2025";"0";"01/01/2025";"31/01/2025";"13"
"UNIDADE DE GESTÃO DE EDUCAÇÃO";"12";"EDUCAÇÃO";"365";"EDUCAÇÃO INFANTIL";"2025";"165";"";"0";"0";"100012604";"FOLHA DE PAGAMENTO";"45780103000150";"";"0";"PROPRIA";"31901137";"GRATIFICACOES POR TEMPO DE SERVICO";"FOLHA DE PAGAMENTO";"21431.3";"2025";"L";"09/01/2025";"0";"01/01/2025";"31/01/2025";"13"
"UNIDADE DE GESTÃO DE EDUCAÇÃO";"12";"EDUCAÇÃO";"365";"EDUCAÇÃO INFANTIL";"2025";"166";"";"0";"0";"100012604";"FOLHA DE PAGAMENTO";"45780103000150";"";"0";"PROPRIA";"31901145";"FÉRIAS - ABONO CONSTITUICOES";"FOLHA DE PAGAMENTO";"92148.65";"2025";"L";"09/01/2025";"0";"01/01/2025";"31/01/2025";"13"
"UNIDADE DE GESTÃO DE EDUCAÇÃO";"12";"EDUCAÇÃO";"365";"EDUCAÇÃO INFANTIL";"2025";"167";"";"0";"0";"100012604";"FOLHA DE PAGAMENTO";"45780103000150";"";"0";"PROPRIA";"31901146";"FÉRIAS - PAGAMENTO ANTECIPADO - RPPS";"FOLHA DE PAGAMENTO";"176475.47";"2025";"L";"09/01/2025";"0";"01/01/2025";"31/01/2025";"13"
"UNIDADE DE GESTÃO DE EDUCAÇÃO";"12";"EDUCAÇÃO";"365";"EDUCAÇÃO INFANTIL";"2025";"168";"";"0";"0";"100012604";"FOLHA DE PAGAMENTO";"45780103000150";"";"0";"PROPRIA";"31901644";"SERVIÇOS EXTRAORDINÁRIOS";"FOLHA DE PAGAMENTO";"30.7";"2025";"L";"09/01/2025";"0";"01/01/2025";"31/01/2025";"13"
"UNIDADE DE GESTÃO DE EDUCAÇÃO";"12";"EDUCAÇÃO";"365";"EDUCAÇÃO INFANTIL";"2025";"169";"";"0";"0";"100012604";"FOLHA DE PAGAMENTO";"45780103000150";"";"0";"PROPRIA";"31901104";"ADICIONAL NOTURNO";"FOLHA DE PAGAMENTO";"116.38";"2025";"L";"09/01/2025";"0";"01/01/2025";"31/01/2025";"13"
"UNIDADE DE GESTÃO DE EDUCAÇÃO";"12";"EDUCAÇÃO";"365";"EDUCAÇÃO INFANTIL";"2025";"170";"";"0";"0";"100012604";"FOLHA DE PAGAMENTO";"45780103000150";"";"0";"PROPRIA";"31901107";"ABONO DE PERMANENCIA";"FOLHA DE PAGAMENTO";"501.46";"2025";"L";"09/01/2025";"0";"01/01/2025";"31/01/2025";"13"
"UNIDADE DE GESTÃO DE EDUCAÇÃO";"12";"EDUCAÇÃO";"365";"EDUCAÇÃO INFANTIL";"2025";"171";"";"0";"0";"100012604";"FOLHA DE PAGAMENTO";"45780103000150";"";"0";"PROPRIA";"31901137";"GRATIFICACOES POR TEMPO DE SERVICO";"FOLHA DE PAGAMENTO";"17814.75";"2025";"L";"09/01/2025";"0";"01/01/2025";"31/01/2025";"13"
"UNIDADE DE GESTÃO DE EDUCAÇÃO";"12";"EDUCAÇÃO";"365";"EDUCAÇÃO INFANTIL";"2025";"172";"";"0";"0";"100012604";"FOLHA DE PAGAMENTO";"45780103000150";"";"0";"PROPRIA";"31901144";"FÉRIAS - ABONO PECUNIARIO";"FOLHA DE PAGAMENTO";"3847.59";"2025";"L";"09/01/2025";"0";"01/01/2025";"31/01/2025";"13"
"UNIDADE DE GESTÃO DE EDUCAÇÃO";"12";"EDUCAÇÃO";"365";"EDUCAÇÃO INFANTIL";"2025";"173";"";"0";"0";"100012604";"FOLHA DE PAGAMENTO";"45780103000150";"";"0";"PROPRIA";"31901145";"FÉRIAS - ABONO CONSTITUICOES";"FOLHA DE PAGAMENTO";"59800.96";"2025";"L";"09/01/2025";"0";"01/01/2025";"31/01/2025";"13"
"UNIDADE DE GESTÃO DE EDUCAÇÃO";"12";"EDUCAÇÃO";"365";"EDUCAÇÃO INFANTIL";"2025";"174";"";"0";"0";"100012604";"FOLHA DE PAGAMENTO";"45780103000150";"";"0";"PROPRIA";"31901146";"FÉRIAS - PAGAMENTO ANTECIPADO - RPPS";"FOLHA DE PAGAMENTO";"114231.13";"2025";"L";"09/01/2025";"0";"01/01/2025";"31/01/2025";"13"
"UNIDADE DE GESTÃO DE EDUCAÇÃO";"12";"EDUCAÇÃO";"361";"ENSINO FUNDAMENTAL";"2025";"175";"";"0";"0";"100012604";"FOLHA DE PAGAMENTO";"45780103000150";"";"0";"PROPRIA";"31901104";"ADICIONAL NOTURNO";"FOLHA DE PAGAMENTO";"297.6";"2025";"L";"09/01/2025";"0";"01/01/2025";"31/01/2025";"13"
"UNIDADE DE GESTÃO DE EDUCAÇÃO";"12";"EDUCAÇÃO";"361";"ENSINO FUNDAMENTAL";"2025";"176";"";"0";"0";"100012604";"FOLHA DE PAGAMENTO";"45780103000150";"";"0";"PROPRIA";"31901107";"ABONO DE PERMANENCIA";"FOLHA DE PAGAMENTO";"1853.37";"2025";"L";"09/01/2025";"0";"01/01/2025";"31/01/2025";"13"
"UNIDADE DE GESTÃO DE EDUCAÇÃO";"12";"EDUCAÇÃO";"361";"ENSINO FUNDAMENTAL";"2025";"177";"";"0";"0";"100012604";"FOLHA DE PAGAMENTO";"45780103000150";"";"0";"PROPRIA";"31901137";"GRATIFICACOES POR TEMPO DE SERVICO";"FOLHA DE PAGAMENTO";"46363.03";"2025";"L";"09/01/2025";"0";"01/01/2025";"31/01/2025";"13"
"UNIDADE DE GESTÃO DE EDUCAÇÃO";"12";"EDUCAÇÃO";"361";"ENSINO FUNDAMENTAL";"2025";"178";"";"0";"0";"100012604";"FOLHA DE PAGAMENTO";"45780103000150";"";"0";"PROPRIA";"31901144";"FÉRIAS - ABONO PECUNIARIO";"FOLHA DE PAGAMENTO";"7742.31";"2025";"L";"09/01/2025";"0";"01/01/2025";"31/01/2025";"13"
"UNIDADE DE GESTÃO DE EDUCAÇÃO";"12";"EDUCAÇÃO";"361";"ENSINO FUNDAMENTAL";"2025";"179";"";"0";"0";"100012604";"FOLHA DE PAGAMENTO";"45780103000150";"";"0";"PROPRIA";"31901145";"FÉRIAS - ABONO CONSTITUICOES";"FOLHA DE PAGAMENTO";"178384.81";"2025";"L";"09/01/2025";"0";"01/01/2025";"31/01/2025";"13"
"UNIDADE DE GESTÃO DE EDUCAÇÃO";"12";"EDUCAÇÃO";"361";"ENSINO FUNDAMENTAL";"2025";"180";"";"0";"0";"100012604";"FOLHA DE PAGAMENTO";"45780103000150";"";"0";"PROPRIA";"31901146";"FÉRIAS - PAGAMENTO ANTECIPADO - RPPS";"FOLHA DE PAGAMENTO";"333297.19";"2025";"L";"09/01/2025";"0";"01/01/2025";"31/01/2025";"13"
"UNIDADE DE GESTÃO DE EDUCAÇÃO";"12";"EDUCAÇÃO";"361";"ENSINO FUNDAMENTAL";"2025";"181";"";"0";"0";"100012604";"FOLHA DE PAGAMENTO";"45780103000150";"";"0";"PROPRIA";"31901644";"SERVIÇOS EXTRAORDINÁRIOS";"FOLHA DE PAGAMENTO";"24.82";"2025";"L";"09/01/2025";"0";"01/01/2025";"31/01/2025";"13"
"UNIDADE DE GESTÃO DE EDUCAÇÃO";"12";"EDUCAÇÃO";"361";"ENSINO FUNDAMENTAL";"2025";"182";"";"0";"0";"100012604";"FOLHA DE PAGAMENTO";"45780103000150";"";"0";"PROPRIA";"31901104";"ADICIONAL NOTURNO";"FOLHA DE PAGAMENTO";"1996.73";"2025";"L";"09/01/2025";"0";"01/01/2025";"31/01/2025";"13"
"UNIDADE DE GESTÃO DE EDUCAÇÃO";"12";"EDUCAÇÃO";"361";"ENSINO FUNDAMENTAL";"2025";"183";"";"0";"0";"100012604";"FOLHA DE PAGAMENTO";"45780103000150";"";"0";"PROPRIA";"31901107";"ABONO DE PERMANENCIA";"FOLHA DE PAGAMENTO";"1003.3";"2025";"L";"09/01/2025";"0";"01/01/2025";"31/01/2025";"13"
"UNIDADE DE GESTÃO DE EDUCAÇÃO";"12";"EDUCAÇÃO";"361";"ENSINO FUNDAMENTAL";"2025";"184";"";"0";"0";"100012604";"FOLHA DE PAGAMENTO";"45780103000150";"";"0";"PROPRIA";"31901133";"GRATIFICACOES POR EXERCICIO DE  FUNCOES";"FOLHA DE PAGAMENTO";"7256.45";"2025";"L";"09/01/2025";"0";"01/01/2025";"31/01/2025";"13"
"UNIDADE DE GESTÃO DE EDUCAÇÃO";"12";"EDUCAÇÃO";"361";"ENSINO FUNDAMENTAL";"2025";"185";"";"0";"0";"100012604";"FOLHA DE PAGAMENTO";"45780103000150";"";"0";"PROPRIA";"31901137";"GRATIFICACOES POR TEMPO DE SERVICO";"FOLHA DE PAGAMENTO";"16300.31";"2025";"L";"09/01/2025";"0";"01/01/2025";"31/01/2025";"13"
"UNIDADE DE GESTÃO DE EDUCAÇÃO";"12";"EDUCAÇÃO";"361";"ENSINO FUNDAMENTAL";"2025";"186";"";"0";"0";"100012604";"FOLHA DE PAGAMENTO";"45780103000150";"";"0";"PROPRIA";"31901144";"FÉRIAS - ABONO PECUNIARIO";"FOLHA DE PAGAMENTO";"4333.44";"2025";"L";"09/01/2025";"0";"01/01/2025";"31/01/2025";"13"
"UNIDADE DE GESTÃO DE EDUCAÇÃO";"12";"EDUCAÇÃO";"361";"ENSINO FUNDAMENTAL";"2025";"187";"";"0";"0";"100012604";"FOLHA DE PAGAMENTO";"45780103000150";"";"0";"PROPRIA";"31901145";"FÉRIAS - ABONO CONSTITUICOES";"FOLHA DE PAGAMENTO";"54502.45";"2025";"L";"09/01/2025";"0";"01/01/2025";"31/01/2025";"13"
"UNIDADE DE GESTÃO DE EDUCAÇÃO";"12";"EDUCAÇÃO";"361";"ENSINO FUNDAMENTAL";"2025";"188";"";"0";"0";"100012604";"FOLHA DE PAGAMENTO";"45780103000150";"";"0";"PROPRIA";"31901146";"FÉRIAS - PAGAMENTO ANTECIPADO - RPPS";"FOLHA DE PAGAMENTO";"104075.31";"2025";"L";"09/01/2025";"0";"01/01/2025";"31/01/2025";"13"
"UNIDADE DE GESTÃO DE EDUCAÇÃO";"12";"EDUCAÇÃO";"361";"ENSINO FUNDAMENTAL";"2025";"189";"";"0";"0";"100012604";"FOLHA DE PAGAMENTO";"45780103000150";"";"0";"PROPRIA";"31901104";"ADICIONAL NOTURNO";"FOLHA DE PAGAMENTO";"1766.23";"2025";"L";"09/01/2025";"0";"01/01/2025";"31/01/2025";"13"
"UNIDADE DE GESTÃO DE EDUCAÇÃO";"12";"EDUCAÇÃO";"361";"ENSINO FUNDAMENTAL";"2025";"190";"";"0";"0";"100012604";"FOLHA DE PAGAMENTO";"45780103000150";"";"0";"PROPRIA";"31901107";"ABONO DE PERMANENCIA";"FOLHA DE PAGAMENTO";"18325.03";"2025";"L";"09/01/2025";"0";"01/01/2025";"31/01/2025";"13"
"UNIDADE DE GESTÃO DE EDUCAÇÃO";"12";"EDUCAÇÃO";"361";"ENSINO FUNDAMENTAL";"2025";"191";"";"0";"0";"100012604";"FOLHA DE PAGAMENTO";"45780103000150";"";"0";"PROPRIA";"31901133";"GRATIFICACOES POR EXERCICIO DE  FUNCOES";"FOLHA DE PAGAMENTO";"84355.39";"2025";"L";"09/01/2025";"0";"01/01/2025";"31/01/2025";"13"
"UNIDADE DE GESTÃO DE EDUCAÇÃO";"12";"EDUCAÇÃO";"361";"ENSINO FUNDAMENTAL";"2025";"192";"";"0";"0";"100012604";"FOLHA DE PAGAMENTO";"45780103000150";"";"0";"PROPRIA";"31901137";"GRATIFICACOES POR TEMPO DE SERVICO";"FOLHA DE PAGAMENTO";"192087.64";"2025";"L";"09/01/2025";"0";"01/01/2025";"31/01/2025";"13"
"UNIDADE DE GESTÃO DE EDUCAÇÃO";"12";"EDUCAÇÃO";"361";"ENSINO FUNDAMENTAL";"2025";"193";"";"0";"0";"100012604";"FOLHA DE PAGAMENTO";"45780103000150";"";"0";"PROPRIA";"31901144";"FÉRIAS - ABONO PECUNIARIO";"FOLHA DE PAGAMENTO";"562529.09";"2025";"L";"09/01/2025";"0";"01/01/2025";"31/01/2025";"13"
"UNIDADE DE GESTÃO DE EDUCAÇÃO";"12";"EDUCAÇÃO";"361";"ENSINO FUNDAMENTAL";"2025";"194";"";"0";"0";"100012604";"FOLHA DE PAGAMENTO";"45780103000150";"";"0";"PROPRIA";"31901145";"FÉRIAS - ABONO CONSTITUICOES";"FOLHA DE PAGAMENTO";"644773.04";"2025";"L";"09/01/2025";"0";"01/01/2025";"31/01/2025";"13"
"UNIDADE DE GESTÃO DE EDUCAÇÃO";"12";"EDUCAÇÃO";"361";"ENSINO FUNDAMENTAL";"2025";"195";"";"0";"0";"100012604";"FOLHA DE PAGAMENTO";"45780103000150";"";"0";"PROPRIA";"31901146";"FÉRIAS - PAGAMENTO ANTECIPADO - RPPS";"FOLHA DE PAGAMENTO";"1232445.89";"2025";"L";"09/01/2025";"0";"01/01/2025";"31/01/2025";"13"
"UNIDADE DE GESTÃO DE EDUCAÇÃO";"12";"EDUCAÇÃO";"361";"ENSINO FUNDAMENTAL";"2025";"196";"";"0";"0";"100012604";"FOLHA DE PAGAMENTO";"45780103000150";"";"5203";"FUNDO MANUT.DES.ED.BÁSICA E VALOR.PROF.MAG.-FUNDEB";"31901104";"ADICIONAL NOTURNO";"FOLHA DE PAGAMENTO";"94.22";"2025";"L";"08/01/2025";"0";"01/01/2025";"31/01/2025";"13"
"UNIDADE DE GESTÃO DE EDUCAÇÃO";"12";"EDUCAÇÃO";"361";"ENSINO FUNDAMENTAL";"2025";"197";"";"0";"0";"100012604";"FOLHA DE PAGAMENTO";"45780103000150";"";"5203";"FUNDO MANUT.DES.ED.BÁSICA E VALOR.PROF.MAG.-FUNDEB";"31901107";"ABONO DE PERMANENCIA";"FOLHA DE PAGAMENTO";"34813.22";"2025";"L";"08/01/2025";"0";"01/01/2025";"31/01/2025";"13"
"UNIDADE DE GESTÃO DE EDUCAÇÃO";"12";"EDUCAÇÃO";"361";"ENSINO FUNDAMENTAL";"2025";"198";"";"0";"0";"100012604";"FOLHA DE PAGAMENTO";"45780103000150";"";"5203";"FUNDO MANUT.DES.ED.BÁSICA E VALOR.PROF.MAG.-FUNDEB";"31901133";"GRATIFICACOES POR EXERCICIO DE  FUNCOES";"FOLHA DE PAGAMENTO";"169177.17";"2025";"L";"08/01/2025";"0";"01/01/2025";"31/01/2025";"13"
"UNIDADE DE GESTÃO DE EDUCAÇÃO";"12";"EDUCAÇÃO";"361";"ENSINO FUNDAMENTAL";"2025";"199";"";"0";"0";"100012604";"FOLHA DE PAGAMENTO";"45780103000150";"";"5203";"FUNDO MANUT.DES.ED.BÁSICA E VALOR.PROF.MAG.-FUNDEB";"31901137";"GRATIFICACOES POR TEMPO DE SERVICO";"FOLHA DE PAGAMENTO";"460054.29";"2025";"L";"08/01/2025";"0";"01/01/2025";"31/01/2025";"13"
"UNIDADE DE GESTÃO DE EDUCAÇÃO";"12";"EDUCAÇÃO";"361";"ENSINO FUNDAMENTAL";"2025";"200";"";"0";"0";"100012604";"FOLHA DE PAGAMENTO";"45780103000150";"";"5203";"FUNDO MANUT.DES.ED.BÁSICA E VALOR.PROF.MAG.-FUNDEB";"31901144";"FÉRIAS - ABONO PECUNIARIO";"FOLHA DE PAGAMENTO";"17868.48";"2025";"L";"08/01/2025";"0";"01/01/2025";"31/01/2025";"13"
"UNIDADE DE GESTÃO DE EDUCAÇÃO";"12";"EDUCAÇÃO";"361";"ENSINO FUNDAMENTAL";"2025";"201";"";"0";"0";"100012604";"FOLHA DE PAGAMENTO";"45780103000150";"";"5203";"FUNDO MANUT.DES.ED.BÁSICA E VALOR.PROF.MAG.-FUNDEB";"31901145";"FÉRIAS - ABONO CONSTITUICOES";"FOLHA DE PAGAMENTO";"1767487.24";"2025";"L";"08/01/2025";"0";"01/01/2025";"31/01/2025";"13"
"UNIDADE DE GESTÃO DE EDUCAÇÃO";"12";"EDUCAÇÃO";"361";"ENSINO FUNDAMENTAL";"2025";"202";"";"0";"0";"100012604";"FOLHA DE PAGAMENTO";"45780103000150";"";"5203";"FUNDO MANUT.DES.ED.BÁSICA E VALOR.PROF.MAG.-FUNDEB";"31901146";"FÉRIAS - PAGAMENTO ANTECIPADO - RPPS";"FOLHA DE PAGAMENTO";"3461584.76";"2025";"L";"08/01/2025";"0";"01/01/2025";"31/01/2025";"13"
"UNIDADE DE GESTÃO DE EDUCAÇÃO";"12";"EDUCAÇÃO";"361";"ENSINO FUNDAMENTAL";"2025";"203";"";"0";"0";"100012604";"FOLHA DE PAGAMENTO";"45780103000150";"";"0";"PROPRIA";"31901644";"SERVIÇOS EXTRAORDINÁRIOS";"FOLHA DE PAGAMENTO";"169.29";"2025";"L";"09/01/2025";"0";"01/01/2025";"31/01/2025";"13"
"UNIDADE DE GESTÃO DE EDUCAÇÃO";"12";"EDUCAÇÃO";"361";"ENSINO FUNDAMENTAL";"2025";"204";"";"0";"0";"100012604";"FOLHA DE PAGAMENTO";"45780103000150";"";"5203";"FUNDO MANUT.DES.ED.BÁSICA E VALOR.PROF.MAG.-FUNDEB";"31901644";"SERVIÇOS EXTRAORDINÁRIOS";"FOLHA DE PAGAMENTO";"4397.32";"2025";"L";"08/01/2025";"0";"01/01/2025";"31/01/2025";"13"
"UNIDADE DE GESTÃO DE EDUCAÇÃO";"12";"EDUCAÇÃO";"365";"EDUCAÇÃO INFANTIL";"2025";"205";"";"0";"0";"100012604";"FOLHA DE PAGAMENTO";"45780103000150";"";"0";"PROPRIA";"31901104";"ADICIONAL NOTURNO";"FOLHA DE PAGAMENTO";"369.76";"2025";"L";"09/01/2025";"0";"01/01/2025";"31/01/2025";"13"
"UNIDADE DE GESTÃO DE EDUCAÇÃO";"12";"EDUCAÇÃO";"365";"EDUCAÇÃO INFANTIL";"2025";"206";"";"0";"0";"100012604";"FOLHA DE PAGAMENTO";"45780103000150";"";"0";"PROPRIA";"31901107";"ABONO DE PERMANENCIA";"FOLHA DE PAGAMENTO";"11327.56";"2025";"L";"09/01/2025";"0";"01/01/2025";"31/01/2025";"13"
"UNIDADE DE GESTÃO DE EDUCAÇÃO";"12";"EDUCAÇÃO";"365";"EDUCAÇÃO INFANTIL";"2025";"207";"";"0";"0";"100012604";"FOLHA DE PAGAMENTO";"45780103000150";"";"0";"PROPRIA";"31901133";"GRATIFICACOES POR EXERCICIO DE  FUNCOES";"FOLHA DE PAGAMENTO";"61131.48";"2025";"L";"09/01/2025";"0";"01/01/2025";"31/01/2025";"13"
"UNIDADE DE GESTÃO DE EDUCAÇÃO";"12";"EDUCAÇÃO";"365";"EDUCAÇÃO INFANTIL";"2025";"208";"";"0";"0";"100012604";"FOLHA DE PAGAMENTO";"45780103000150";"";"0";"PROPRIA";"31901137";"GRATIFICACOES POR TEMPO DE SERVICO";"FOLHA DE PAGAMENTO";"168712.03";"2025";"L";"09/01/2025";"0";"01/01/2025";"31/01/2025";"13"
"UNIDADE DE GESTÃO DE EDUCAÇÃO";"12";"EDUCAÇÃO";"365";"EDUCAÇÃO INFANTIL";"2025";"209";"";"0";"0";"100012604";"FOLHA DE PAGAMENTO";"45780103000150";"";"0";"PROPRIA";"31901144";"FÉRIAS - ABONO PECUNIARIO";"FOLHA DE PAGAMENTO";"258727.08";"2025";"L";"09/01/2025";"0";"01/01/2025";"31/01/2025";"13"
"UNIDADE DE GESTÃO DE EDUCAÇÃO";"12";"EDUCAÇÃO";"365";"EDUCAÇÃO INFANTIL";"2025";"210";"";"0";"0";"100012604";"FOLHA DE PAGAMENTO";"45780103000150";"";"0";"PROPRIA";"31901145";"FÉRIAS - ABONO CONSTITUICOES";"FOLHA DE PAGAMENTO";"507668.67";"2025";"L";"09/01/2025";"0";"01/01/2025";"31/01/2025";"13"
"UNIDADE DE GESTÃO DE EDUCAÇÃO";"12";"EDUCAÇÃO";"365";"EDUCAÇÃO INFANTIL";"2025";"211";"";"0";"0";"100012604";"FOLHA DE PAGAMENTO";"45780103000150";"";"0";"PROPRIA";"31901146";"FÉRIAS - PAGAMENTO ANTECIPADO - RPPS";"FOLHA DE PAGAMENTO";"975771.31";"2025";"L";"09/01/2025";"0";"01/01/2025";"31/01/2025";"13"
"UNIDADE DE GESTÃO DE EDUCAÇÃO";"12";"EDUCAÇÃO";"365";"EDUCAÇÃO INFANTIL";"2025";"212";"";"0";"0";"100012604";"FOLHA DE PAGAMENTO";"45780103000150";"";"0";"PROPRIA";"31901644";"SERVIÇOS EXTRAORDINÁRIOS";"FOLHA DE PAGAMENTO";"272.75";"2025";"L";"09/01/2025";"0";"01/01/2025";"31/01/2025";"13"
"UNIDADE DE GESTÃO DE EDUCAÇÃO";"12";"EDUCAÇÃO";"365";"EDUCAÇÃO INFANTIL";"2025";"213";"";"0";"0";"100012604";"FOLHA DE PAGAMENTO";"45780103000150";"";"0";"PROPRIA";"31901104";"ADICIONAL NOTURNO";"FOLHA DE PAGAMENTO";"668.89";"2025";"L";"09/01/2025";"0";"01/01/2025";"31/01/2025";"13"
"UNIDADE DE GESTÃO DE EDUCAÇÃO";"12";"EDUCAÇÃO";"365";"EDUCAÇÃO INFANTIL";"2025";"214";"";"0";"0";"100012604";"FOLHA DE PAGAMENTO";"45780103000150";"";"0";"PROPRIA";"31901107";"ABONO DE PERMANENCIA";"FOLHA DE PAGAMENTO";"6518.25";"2025";"L";"09/01/2025";"0";"01/01/2025";"31/01/2025";"13"
"UNIDADE DE GESTÃO DE EDUCAÇÃO";"12";"EDUCAÇÃO";"365";"EDUCAÇÃO INFANTIL";"2025";"215";"";"0";"0";"100012604";"FOLHA DE PAGAMENTO";"45780103000150";"";"0";"PROPRIA";"31901133";"GRATIFICACOES POR EXERCICIO DE  FUNCOES";"FOLHA DE PAGAMENTO";"35278.13";"2025";"L";"09/01/2025";"0";"01/01/2025";"31/01/2025";"13"
"UNIDADE DE GESTÃO DE EDUCAÇÃO";"12";"EDUCAÇÃO";"365";"EDUCAÇÃO INFANTIL";"2025";"216";"";"0";"0";"100012604";"FOLHA DE PAGAMENTO";"45780103000150";"";"0";"PROPRIA";"31901137";"GRATIFICACOES POR TEMPO DE SERVICO";"FOLHA DE PAGAMENTO";"94189.14";"2025";"L";"09/01/2025";"0";"01/01/2025";"31/01/2025";"13"
"UNIDADE DE GESTÃO DE EDUCAÇÃO";"12";"EDUCAÇÃO";"365";"EDUCAÇÃO INFANTIL";"2025";"217";"";"0";"0";"100012604";"FOLHA DE PAGAMENTO";"45780103000150";"";"0";"PROPRIA";"31901144";"FÉRIAS - ABONO PECUNIARIO";"FOLHA DE PAGAMENTO";"234268.15";"2025";"L";"09/01/2025";"0";"01/01/2025";"31/01/2025";"13"
"UNIDADE DE GESTÃO DE EDUCAÇÃO";"12";"EDUCAÇÃO";"365";"EDUCAÇÃO INFANTIL";"2025";"218";"";"0";"0";"100012604";"FOLHA DE PAGAMENTO";"45780103000150";"";"0";"PROPRIA";"31901145";"FÉRIAS - ABONO CONSTITUICOES";"FOLHA DE PAGAMENTO";"280335.26";"2025";"L";"09/01/2025";"0";"01/01/2025";"31/01/2025";"13"
"UNIDADE DE GESTÃO DE EDUCAÇÃO";"12";"EDUCAÇÃO";"365";"EDUCAÇÃO INFANTIL";"2025";"219";"";"0";"0";"100012604";"FOLHA DE PAGAMENTO";"45780103000150";"";"0";"PROPRIA";"31901146";"FÉRIAS - PAGAMENTO ANTECIPADO - RPPS";"FOLHA DE PAGAMENTO";"526576.38";"2025";"L";"09/01/2025";"0";"01/01/2025";"31/01/2025";"13"
"UNIDADE DE GESTÃO DE EDUCAÇÃO";"12";"EDUCAÇÃO";"365";"EDUCAÇÃO INFANTIL";"2025";"220";"";"0";"0";"100012604";"FOLHA DE PAGAMENTO";"45780103000150";"";"5203";"FUNDO MANUT.DES.ED.BÁSICA E VALOR.PROF.MAG.-FUNDEB";"31901104";"ADICIONAL NOTURNO";"FOLHA DE PAGAMENTO";"3.01";"2025";"L";"08/01/2025";"0";"01/01/2025";"31/01/2025";"13"
"UNIDADE DE GESTÃO DE EDUCAÇÃO";"12";"EDUCAÇÃO";"365";"EDUCAÇÃO INFANTIL";"2025";"221";"";"0";"0";"100012604";"FOLHA DE PAGAMENTO";"45780103000150";"";"5203";"FUNDO MANUT.DES.ED.BÁSICA E VALOR.PROF.MAG.-FUNDEB";"31901107";"ABONO DE PERMANENCIA";"FOLHA DE PAGAMENTO";"22166.2";"2025";"L";"08/01/2025";"0";"01/01/2025";"31/01/2025";"13"
"UNIDADE DE GESTÃO DE EDUCAÇÃO";"12";"EDUCAÇÃO";"365";"EDUCAÇÃO INFANTIL";"2025";"222";"";"0";"0";"100012604";"FOLHA DE PAGAMENTO";"45780103000150";"";"5203";"FUNDO MANUT.DES.ED.BÁSICA E VALOR.PROF.MAG.-FUNDEB";"31901133";"GRATIFICACOES POR EXERCICIO DE  FUNCOES";"FOLHA DE PAGAMENTO";"83566.87";"2025";"L";"08/01/2025";"0";"01/01/2025";"31/01/2025";"13"
"UNIDADE DE GESTÃO DE EDUCAÇÃO";"12";"EDUCAÇÃO";"365";"EDUCAÇÃO INFANTIL";"2025";"223";"";"0";"0";"100012604";"FOLHA DE PAGAMENTO";"45780103000150";"";"5203";"FUNDO MANUT.DES.ED.BÁSICA E VALOR.PROF.MAG.-FUNDEB";"31901137";"GRATIFICACOES POR TEMPO DE SERVICO";"FOLHA DE PAGAMENTO";"232968.99";"2025";"L";"08/01/2025";"0";"01/01/2025";"31/01/2025";"13"
"UNIDADE DE GESTÃO DE EDUCAÇÃO";"12";"EDUCAÇÃO";"365";"EDUCAÇÃO INFANTIL";"2025";"224";"";"0";"0";"100012604";"FOLHA DE PAGAMENTO";"45780103000150";"";"5203";"FUNDO MANUT.DES.ED.BÁSICA E VALOR.PROF.MAG.-FUNDEB";"31901144";"FÉRIAS - ABONO PECUNIARIO";"FOLHA DE PAGAMENTO";"15019.29";"2025";"L";"08/01/2025";"0";"01/01/2025";"31/01/2025";"13"
"UNIDADE DE GESTÃO DE EDUCAÇÃO";"12";"EDUCAÇÃO";"365";"EDUCAÇÃO INFANTIL";"2025";"225";"";"0";"0";"100012604";"FOLHA DE PAGAMENTO";"45780103000150";"";"5203";"FUNDO MANUT.DES.ED.BÁSICA E VALOR.PROF.MAG.-FUNDEB";"31901145";"FÉRIAS - ABONO CONSTITUICOES";"FOLHA DE PAGAMENTO";"806298.93";"2025";"L";"08/01/2025";"0";"01/01/2025";"31/01/2025";"13"
"UNIDADE DE GESTÃO DE EDUCAÇÃO";"12";"EDUCAÇÃO";"365";"EDUCAÇÃO INFANTIL";"2025";"226";"";"0";"0";"100012604";"FOLHA DE PAGAMENTO";"45780103000150";"";"5203";"FUNDO MANUT.DES.ED.BÁSICA E VALOR.PROF.MAG.-FUNDEB";"31901146";"FÉRIAS - PAGAMENTO ANTECIPADO - RPPS";"FOLHA DE PAGAMENTO";"1608069.63";"2025";"L";"08/01/2025";"0";"01/01/2025";"31/01/2025";"13"
"UNIDADE DE GESTÃO DE EDUCAÇÃO";"12";"EDUCAÇÃO";"365";"EDUCAÇÃO INFANTIL";"2025";"227";"";"0";"0";"100012604";"FOLHA DE PAGAMENTO";"45780103000150";"";"0";"PROPRIA";"31901644";"SERVIÇOS EXTRAORDINÁRIOS";"FOLHA DE PAGAMENTO";"34.95";"2025";"L";"09/01/2025";"0";"01/01/2025";"31/01/2025";"13"
"UNIDADE DE GESTÃO DE EDUCAÇÃO";"12";"EDUCAÇÃO";"365";"EDUCAÇÃO INFANTIL";"2025";"228";"";"0";"0";"100012604";"FOLHA DE PAGAMENTO";"45780103000150";"";"5203";"FUNDO MANUT.DES.ED.BÁSICA E VALOR.PROF.MAG.-FUNDEB";"31901644";"SERVIÇOS EXTRAORDINÁRIOS";"FOLHA DE PAGAMENTO";"1554.74";"2025";"L";"08/01/2025";"0";"01/01/2025";"31/01/2025";"13"
"UNIDADE DE GESTÃO DE EDUCAÇÃO";"12";"EDUCAÇÃO";"361";"ENSINO FUNDAMENTAL";"2025";"229";"";"0";"0";"100012604";"FOLHA DE PAGAMENTO";"45780103000150";"";"0";"PROPRIA";"31901104";"ADICIONAL NOTURNO";"FOLHA DE PAGAMENTO";"97";"2025";"L";"09/01/2025";"0";"01/01/2025";"31/01/2025";"13"
"UNIDADE DE GESTÃO DE EDUCAÇÃO";"12";"EDUCAÇÃO";"361";"ENSINO FUNDAMENTAL";"2025";"230";"";"0";"0";"100012604";"FOLHA DE PAGAMENTO";"45780103000150";"";"0";"PROPRIA";"31901107";"ABONO DE PERMANENCIA";"FOLHA DE PAGAMENTO";"3023.53";"2025";"L";"09/01/2025";"0";"01/01/2025";"31/01/2025";"13"
"UNIDADE DE GESTÃO DE EDUCAÇÃO";"12";"EDUCAÇÃO";"361";"ENSINO FUNDAMENTAL";"2025";"231";"";"0";"0";"100012604";"FOLHA DE PAGAMENTO";"45780103000150";"";"0";"PROPRIA";"31901133";"GRATIFICACOES POR EXERCICIO DE  FUNCOES";"FOLHA DE PAGAMENTO";"4848.92";"2025";"L";"09/01/2025";"0";"01/01/2025";"31/01/2025";"13"
"UNIDADE DE GESTÃO DE EDUCAÇÃO";"12";"EDUCAÇÃO";"361";"ENSINO FUNDAMENTAL";"2025";"232";"";"0";"0";"100012604";"FOLHA DE PAGAMENTO";"45780103000150";"";"0";"PROPRIA";"31901137";"GRATIFICACOES POR TEMPO DE SERVICO";"FOLHA DE PAGAMENTO";"1044.72";"2025";"L";"09/01/2025";"0";"01/01/2025";"31/01/2025";"13"
"UNIDADE DE GESTÃO DE EDUCAÇÃO";"12";"EDUCAÇÃO";"361";"ENSINO FUNDAMENTAL";"2025";"233";"";"0";"0";"100012604";"FOLHA DE PAGAMENTO";"45780103000150";"";"0";"PROPRIA";"31901137";"GRATIFICACOES POR TEMPO DE SERVICO";"FOLHA DE PAGAMENTO";"20068.44";"2025";"L";"09/01/2025";"0";"01/01/2025";"31/01/2025";"13"
"UNIDADE DE GESTÃO DE EDUCAÇÃO";"12";"EDUCAÇÃO";"361";"ENSINO FUNDAMENTAL";"2025";"234";"";"0";"0";"100012604";"FOLHA DE PAGAMENTO";"45780103000150";"";"0";"PROPRIA";"31901144";"FÉRIAS - ABONO PECUNIARIO";"FOLHA DE PAGAMENTO";"18895.39";"2025";"L";"09/01/2025";"0";"01/01/2025";"31/01/2025";"13"
"UNIDADE DE GESTÃO DE EDUCAÇÃO";"12";"EDUCAÇÃO";"361";"ENSINO FUNDAMENTAL";"2025";"235";"";"0";"0";"100012604";"FOLHA DE PAGAMENTO";"45780103000150";"";"0";"PROPRIA";"31901145";"FÉRIAS - ABONO CONSTITUICOES";"FOLHA DE PAGAMENTO";"1343.21";"2025";"L";"09/01/2025";"0";"01/01/2025";"31/01/2025";"13"
"UNIDADE DE GESTÃO DE EDUCAÇÃO";"12";"EDUCAÇÃO";"361";"ENSINO FUNDAMENTAL";"2025";"236";"";"0";"0";"100012604";"FOLHA DE PAGAMENTO";"45780103000150";"";"0";"PROPRIA";"31901145";"FÉRIAS - ABONO CONSTITUICOES";"FOLHA DE PAGAMENTO";"95719.01";"2025";"L";"09/01/2025";"0";"01/01/2025";"31/01/2025";"13"
"UNIDADE DE GESTÃO DE EDUCAÇÃO";"12";"EDUCAÇÃO";"361";"ENSINO FUNDAMENTAL";"2025";"237";"";"0";"0";"100012604";"FOLHA DE PAGAMENTO";"45780103000150";"";"0";"PROPRIA";"31901146";"FÉRIAS - PAGAMENTO ANTECIPADO - RPPS";"FOLHA DE PAGAMENTO";"190540.26";"2025";"L";"09/01/2025";"0";"01/01/2025";"31/01/2025";"13"
"UNIDADE DE GESTÃO DE EDUCAÇÃO";"12";"EDUCAÇÃO";"361";"ENSINO FUNDAMENTAL";"2025";"238";"";"0";"0";"100012604";"FOLHA DE PAGAMENTO";"45780103000150";"";"0";"PROPRIA";"31901146";"FÉRIAS - PAGAMENTO ANTECIPADO - RPPS";"FOLHA DE PAGAMENTO";"1310.56";"2025";"L";"09/01/2025";"0";"01/01/2025";"31/01/2025";"13"
"UNIDADE DE GESTÃO DE EDUCAÇÃO";"12";"EDUCAÇÃO";"361";"ENSINO FUNDAMENTAL";"2025";"239";"";"0";"0";"100012604";"FOLHA DE PAGAMENTO";"45780103000150";"";"0";"PROPRIA";"31901644";"SERVIÇOS EXTRAORDINÁRIOS";"FOLHA DE PAGAMENTO";"152.09";"2025";"L";"09/01/2025";"0";"01/01/2025";"31/01/2025";"13"
"UNIDADE DE GESTÃO DE EDUCAÇÃO";"12";"EDUCAÇÃO";"366";"EDUCAÇÃO DE JOVENS E ADULTOS";"2025";"240";"";"0";"0";"100012604";"FOLHA DE PAGAMENTO";"45780103000150";"";"0";"PROPRIA";"31901104";"ADICIONAL NOTURNO";"FOLHA DE PAGAMENTO";"4530.55";"2025";"L";"09/01/2025";"0";"01/01/2025";"31/01/2025";"13"
"UNIDADE DE GESTÃO DE EDUCAÇÃO";"12";"EDUCAÇÃO";"366";"EDUCAÇÃO DE JOVENS E ADULTOS";"2025";"241";"";"0";"0";"100012604";"FOLHA DE PAGAMENTO";"45780103000150";"";"0";"PROPRIA";"31901107";"ABONO DE PERMANENCIA";"FOLHA DE PAGAMENTO";"1300.8";"2025";"L";"09/01/2025";"0";"01/01/2025";"31/01/2025";"13"
"UNIDADE DE GESTÃO DE EDUCAÇÃO";"12";"EDUCAÇÃO";"366";"EDUCAÇÃO DE JOVENS E ADULTOS";"2025";"242";"";"0";"0";"100012604";"FOLHA DE PAGAMENTO";"45780103000150";"";"0";"PROPRIA";"31901133";"GRATIFICACOES POR EXERCICIO DE  FUNCOES";"FOLHA DE PAGAMENTO";"15556.92";"2025";"L";"09/01/2025";"0";"01/01/2025";"31/01/2025";"13"
"UNIDADE DE GESTÃO DE EDUCAÇÃO";"12";"EDUCAÇÃO";"366";"EDUCAÇÃO DE JOVENS E ADULTOS";"2025";"243";"";"0";"0";"100012604";"FOLHA DE PAGAMENTO";"45780103000150";"";"0";"PROPRIA";"31901137";"GRATIFICACOES POR TEMPO DE SERVICO";"FOLHA DE PAGAMENTO";"19551.47";"2025";"L";"09/01/2025";"0";"01/01/2025";"31/01/2025";"13"
"UNIDADE DE GESTÃO DE EDUCAÇÃO";"12";"EDUCAÇÃO";"366";"EDUCAÇÃO DE JOVENS E ADULTOS";"2025";"244";"";"0";"0";"100012604";"FOLHA DE PAGAMENTO";"45780103000150";"";"0";"PROPRIA";"31901145";"FÉRIAS - ABONO CONSTITUICOES";"FOLHA DE PAGAMENTO";"55933.59";"2025";"L";"09/01/2025";"0";"01/01/2025";"31/01/2025";"13"
"UNIDADE DE GESTÃO DE EDUCAÇÃO";"12";"EDUCAÇÃO";"366";"EDUCAÇÃO DE JOVENS E ADULTOS";"2025";"245";"";"0";"0";"100012604";"FOLHA DE PAGAMENTO";"45780103000150";"";"0";"PROPRIA";"31901146";"FÉRIAS - PAGAMENTO ANTECIPADO - RPPS";"FOLHA DE PAGAMENTO";"97415.3";"2025";"L";"09/01/2025";"0";"01/01/2025";"31/01/2025";"13"
"UNIDADE DE GESTÃO DE EDUCAÇÃO";"12";"EDUCAÇÃO";"365";"EDUCAÇÃO INFANTIL";"2025";"246";"";"0";"0";"100012604";"FOLHA DE PAGAMENTO";"45780103000150";"";"0";"PROPRIA";"31901104";"ADICIONAL NOTURNO";"FOLHA DE PAGAMENTO";"0.47";"2025";"L";"09/01/2025";"0";"01/01/2025";"31/01/2025";"13"
"UNIDADE DE GESTÃO DE EDUCAÇÃO";"12";"EDUCAÇÃO";"365";"EDUCAÇÃO INFANTIL";"2025";"247";"";"0";"0";"100012604";"FOLHA DE PAGAMENTO";"45780103000150";"";"0";"PROPRIA";"31901107";"ABONO DE PERMANENCIA";"FOLHA DE PAGAMENTO";"3755.42";"2025";"L";"09/01/2025";"0";"01/01/2025";"31/01/2025";"13"
"UNIDADE DE GESTÃO DE EDUCAÇÃO";"12";"EDUCAÇÃO";"365";"EDUCAÇÃO INFANTIL";"2025";"248";"";"0";"0";"100012604";"FOLHA DE PAGAMENTO";"45780103000150";"";"0";"PROPRIA";"31901110";"ADICIONAL DE INSALUBRIDADE";"FOLHA DE PAGAMENTO";"809.6";"2025";"L";"09/01/2025";"0";"01/01/2025";"31/01/2025";"13"
"UNIDADE DE GESTÃO DE EDUCAÇÃO";"12";"EDUCAÇÃO";"365";"EDUCAÇÃO INFANTIL";"2025";"249";"";"0";"0";"100012604";"FOLHA DE PAGAMENTO";"45780103000150";"";"0";"PROPRIA";"31901137";"GRATIFICACOES POR TEMPO DE SERVICO";"FOLHA DE PAGAMENTO";"187988.27";"2025";"L";"09/01/2025";"0";"01/01/2025";"31/01/2025";"13"
"UNIDADE DE GESTÃO DE EDUCAÇÃO";"12";"EDUCAÇÃO";"365";"EDUCAÇÃO INFANTIL";"2025";"250";"";"0";"0";"100012604";"FOLHA DE PAGAMENTO";"45780103000150";"";"0";"PROPRIA";"31901144";"FÉRIAS - ABONO PECUNIARIO";"FOLHA DE PAGAMENTO";"3834.7";"2025";"L";"09/01/2025";"0";"01/01/2025";"31/01/2025";"13"
"UNIDADE DE GESTÃO DE EDUCAÇÃO";"12";"EDUCAÇÃO";"365";"EDUCAÇÃO INFANTIL";"2025";"251";"";"0";"0";"100012604";"FOLHA DE PAGAMENTO";"45780103000150";"";"0";"PROPRIA";"31901145";"FÉRIAS - ABONO CONSTITUICOES";"FOLHA DE PAGAMENTO";"720107.34";"2025";"L";"09/01/2025";"0";"01/01/2025";"31/01/2025";"13"
"UNIDADE DE GESTÃO DE EDUCAÇÃO";"12";"EDUCAÇÃO";"365";"EDUCAÇÃO INFANTIL";"2025";"252";"";"0";"0";"100012604";"FOLHA DE PAGAMENTO";"45780103000150";"";"0";"PROPRIA";"31901146";"FÉRIAS - PAGAMENTO ANTECIPADO - RPPS";"FOLHA DE PAGAMENTO";"1377066.52";"2025";"L";"09/01/2025";"0";"01/01/2025";"31/01/2025";"13"
"UNIDADE DE GESTÃO DE EDUCAÇÃO";"12";"EDUCAÇÃO";"365";"EDUCAÇÃO INFANTIL";"2025";"253";"";"0";"0";"100012604";"FOLHA DE PAGAMENTO";"45780103000150";"";"0";"PROPRIA";"31901644";"SERVIÇOS EXTRAORDINÁRIOS";"FOLHA DE PAGAMENTO";"24.88";"2025";"L";"09/01/2025";"0";"01/01/2025";"31/01/2025";"13"
"UNIDADE DE GESTÃO DE EDUCAÇÃO";"12";"EDUCAÇÃO";"365";"EDUCAÇÃO INFANTIL";"2025";"254";"";"0";"0";"100012604";"FOLHA DE PAGAMENTO";"45780103000150";"";"0";"PROPRIA";"31901107";"ABONO DE PERMANENCIA";"FOLHA DE PAGAMENTO";"2290.43";"2025";"L";"09/01/2025";"0";"01/01/2025";"31/01/2025";"13"
"UNIDADE DE GESTÃO DE EDUCAÇÃO";"12";"EDUCAÇÃO";"365";"EDUCAÇÃO INFANTIL";"2025";"255";"";"0";"0";"100012604";"FOLHA DE PAGAMENTO";"45780103000150";"";"0";"PROPRIA";"31901110";"ADICIONAL DE INSALUBRIDADE";"FOLHA DE PAGAMENTO";"8096";"2025";"L";"09/01/2025";"0";"01/01/2025";"31/01/2025";"13"
"UNIDADE DE GESTÃO DE EDUCAÇÃO";"12";"EDUCAÇÃO";"365";"EDUCAÇÃO INFANTIL";"2025";"256";"";"0";"0";"100012604";"FOLHA DE PAGAMENTO";"45780103000150";"";"0";"PROPRIA";"31901137";"GRATIFICACOES POR TEMPO DE SERVICO";"FOLHA DE PAGAMENTO";"30934.73";"2025";"L";"09/01/2025";"0";"01/01/2025";"31/01/2025";"13"
"UNIDADE DE GESTÃO DE EDUCAÇÃO";"12";"EDUCAÇÃO";"365";"EDUCAÇÃO INFANTIL";"2025";"257";"";"0";"0";"100012604";"FOLHA DE PAGAMENTO";"45780103000150";"";"0";"PROPRIA";"31901145";"FÉRIAS - ABONO CONSTITUICOES";"FOLHA DE PAGAMENTO";"99792.86";"2025";"L";"09/01/2025";"0";"01/01/2025";"31/01/2025";"13"
"UNIDADE DE GESTÃO DE EDUCAÇÃO";"12";"EDUCAÇÃO";"365";"EDUCAÇÃO INFANTIL";"2025";"258";"";"0";"0";"100012604";"FOLHA DE PAGAMENTO";"45780103000150";"";"0";"PROPRIA";"31901146";"FÉRIAS - PAGAMENTO ANTECIPADO - RPPS";"FOLHA DE PAGAMENTO";"187077.89";"2025";"L";"09/01/2025";"0";"01/01/2025";"31/01/2025";"13"
"UNIDADE DE GESTÃO DE EDUCAÇÃO";"12";"EDUCAÇÃO";"365";"EDUCAÇÃO INFANTIL";"2025";"259";"";"0";"0";"100012604";"FOLHA DE PAGAMENTO";"45780103000150";"";"0";"PROPRIA";"31901644";"SERVIÇOS EXTRAORDINÁRIOS";"FOLHA DE PAGAMENTO";"18.21";"2025";"L";"09/01/2025";"0";"01/01/2025";"31/01/2025";"13"
"UNIDADE DE GESTÃO DE EDUCAÇÃO";"12";"EDUCAÇÃO";"361";"ENSINO FUNDAMENTAL";"2025";"260";"";"0";"0";"100012604";"FOLHA DE PAGAMENTO";"45780103000150";"";"0";"PROPRIA";"31901104";"ADICIONAL NOTURNO";"FOLHA DE PAGAMENTO";"11.88";"2025";"L";"09/01/2025";"0";"01/01/2025";"31/01/2025";"13"
"UNIDADE DE GESTÃO DE EDUCAÇÃO";"12";"EDUCAÇÃO";"361";"ENSINO FUNDAMENTAL";"2025";"261";"";"0";"0";"100012604";"FOLHA DE PAGAMENTO";"45780103000150";"";"0";"PROPRIA";"31901137";"GRATIFICACOES POR TEMPO DE SERVICO";"FOLHA DE PAGAMENTO";"829.09";"2025";"L";"09/01/2025";"0";"01/01/2025";"31/01/2025";"13"
"UNIDADE DE GESTÃO DE EDUCAÇÃO";"12";"EDUCAÇÃO";"361";"ENSINO FUNDAMENTAL";"2025";"262";"";"0";"0";"100012604";"FOLHA DE PAGAMENTO";"45780103000150";"";"0";"PROPRIA";"31901145";"FÉRIAS - ABONO CONSTITUICOES";"FOLHA DE PAGAMENTO";"3534.76";"2025";"L";"09/01/2025";"0";"01/01/2025";"31/01/2025";"13"
"UNIDADE DE GESTÃO DE EDUCAÇÃO";"12";"EDUCAÇÃO";"361";"ENSINO FUNDAMENTAL";"2025";"263";"";"0";"0";"100012604";"FOLHA DE PAGAMENTO";"45780103000150";"";"0";"PROPRIA";"31901146";"FÉRIAS - PAGAMENTO ANTECIPADO - RPPS";"FOLHA DE PAGAMENTO";"6951.42";"2025";"L";"09/01/2025";"0";"01/01/2025";"31/01/2025";"13"
"UNIDADE DE GESTÃO DE EDUCAÇÃO";"12";"EDUCAÇÃO";"361";"ENSINO FUNDAMENTAL";"2025";"264";"";"0";"0";"100012604";"FOLHA DE PAGAMENTO";"45780103000150";"";"0";"PROPRIA";"31901104";"ADICIONAL NOTURNO";"FOLHA DE PAGAMENTO";"80.82";"2025";"L";"09/01/2025";"0";"01/01/2025";"31/01/2025";"13"
"UNIDADE DE GESTÃO DE EDUCAÇÃO";"12";"EDUCAÇÃO";"361";"ENSINO FUNDAMENTAL";"2025";"265";"";"0";"0";"100012604";"FOLHA DE PAGAMENTO";"45780103000150";"";"0";"PROPRIA";"31901107";"ABONO DE PERMANENCIA";"FOLHA DE PAGAMENTO";"3027.79";"2025";"L";"09/01/2025";"0";"01/01/2025";"31/01/2025";"13"
"UNIDADE DE GESTÃO DE EDUCAÇÃO";"12";"EDUCAÇÃO";"361";"ENSINO FUNDAMENTAL";"2025";"266";"";"0";"0";"100012604";"FOLHA DE PAGAMENTO";"45780103000150";"";"0";"PROPRIA";"31901110";"ADICIONAL DE INSALUBRIDADE";"FOLHA DE PAGAMENTO";"5869.6";"2025";"L";"09/01/2025";"0";"01/01/2025";"31/01/2025";"13"
"UNIDADE DE GESTÃO DE EDUCAÇÃO";"12";"EDUCAÇÃO";"361";"ENSINO FUNDAMENTAL";"2025";"267";"";"0";"0";"100012604";"FOLHA DE PAGAMENTO";"45780103000150";"";"0";"PROPRIA";"31901137";"GRATIFICACOES POR TEMPO DE SERVICO";"FOLHA DE PAGAMENTO";"1400.02";"2025";"L";"09/01/2025";"0";"01/01/2025";"31/01/2025";"13"
"UNIDADE DE GESTÃO DE EDUCAÇÃO";"12";"EDUCAÇÃO";"361";"ENSINO FUNDAMENTAL";"2025";"268";"";"0";"0";"100012604";"FOLHA DE PAGAMENTO";"45780103000150";"";"0";"PROPRIA";"31901137";"GRATIFICACOES POR TEMPO DE SERVICO";"FOLHA DE PAGAMENTO";"52593.87";"2025";"L";"09/01/2025";"0";"01/01/2025";"31/01/2025";"13"
"UNIDADE DE GESTÃO DE EDUCAÇÃO";"12";"EDUCAÇÃO";"361";"ENSINO FUNDAMENTAL";"2025";"269";"";"0";"0";"100012604";"FOLHA DE PAGAMENTO";"45780103000150";"";"0";"PROPRIA";"31901144";"FÉRIAS - ABONO PECUNIARIO";"FOLHA DE PAGAMENTO";"6149.55";"2025";"L";"09/01/2025";"0";"01/01/2025";"31/01/2025";"13"
"UNIDADE DE GESTÃO DE EDUCAÇÃO";"12";"EDUCAÇÃO";"361";"ENSINO FUNDAMENTAL";"2025";"270";"";"0";"0";"100012604";"FOLHA DE PAGAMENTO";"45780103000150";"";"0";"PROPRIA";"31901145";"FÉRIAS - ABONO CONSTITUICOES";"FOLHA DE PAGAMENTO";"157756.01";"2025";"L";"09/01/2025";"0";"01/01/2025";"31/01/2025";"13"
"UNIDADE DE GESTÃO DE EDUCAÇÃO";"12";"EDUCAÇÃO";"361";"ENSINO FUNDAMENTAL";"2025";"271";"";"0";"0";"100012604";"FOLHA DE PAGAMENTO";"45780103000150";"";"0";"PROPRIA";"31901145";"FÉRIAS - ABONO CONSTITUICOES";"FOLHA DE PAGAMENTO";"1800.03";"2025";"L";"09/01/2025";"0";"01/01/2025";"31/01/2025";"13"
"UNIDADE DE GESTÃO DE EDUCAÇÃO";"12";"EDUCAÇÃO";"361";"ENSINO FUNDAMENTAL";"2025";"272";"";"0";"0";"100012604";"FOLHA DE PAGAMENTO";"45780103000150";"";"0";"PROPRIA";"31901146";"FÉRIAS - PAGAMENTO ANTECIPADO - RPPS";"FOLHA DE PAGAMENTO";"291617.76";"2025";"L";"09/01/2025";"0";"01/01/2025";"31/01/2025";"13"
"UNIDADE DE GESTÃO DE EDUCAÇÃO";"12";"EDUCAÇÃO";"361";"ENSINO FUNDAMENTAL";"2025";"273";"";"0";"0";"100012604";"FOLHA DE PAGAMENTO";"45780103000150";"";"0";"PROPRIA";"31901146";"FÉRIAS - PAGAMENTO ANTECIPADO - RPPS";"FOLHA DE PAGAMENTO";"2324.25";"2025";"L";"09/01/2025";"0";"01/01/2025";"31/01/2025";"13"
"UNIDADE DE GESTÃO DE EDUCAÇÃO";"12";"EDUCAÇÃO";"122";"ADMINISTRAÇÃO GERAL";"2025";"274";"";"0";"0";"100012604";"FOLHA DE PAGAMENTO";"45780103000150";"";"0";"PROPRIA";"31901104";"ADICIONAL NOTURNO";"FOLHA DE PAGAMENTO";"337.57";"2025";"L";"09/01/2025";"0";"01/01/2025";"31/01/2025";"13"
"UNIDADE DE GESTÃO DE EDUCAÇÃO";"12";"EDUCAÇÃO";"122";"ADMINISTRAÇÃO GERAL";"2025";"275";"";"0";"0";"100012604";"FOLHA DE PAGAMENTO";"45780103000150";"";"0";"PROPRIA";"31901107";"ABONO DE PERMANENCIA";"FOLHA DE PAGAMENTO";"2616.25";"2025";"L";"09/01/2025";"0";"01/01/2025";"31/01/2025";"13"
"UNIDADE DE GESTÃO DE EDUCAÇÃO";"12";"EDUCAÇÃO";"122";"ADMINISTRAÇÃO GERAL";"2025";"276";"";"0";"0";"100012604";"FOLHA DE PAGAMENTO";"45780103000150";"";"0";"PROPRIA";"31901133";"GRATIFICACOES POR EXERCICIO DE  FUNCOES";"FOLHA DE PAGAMENTO";"10398.67";"2025";"L";"09/01/2025";"0";"01/01/2025";"31/01/2025";"13"
"UNIDADE DE GESTÃO DE EDUCAÇÃO";"12";"EDUCAÇÃO";"122";"ADMINISTRAÇÃO GERAL";"2025";"277";"";"0";"0";"100012604";"FOLHA DE PAGAMENTO";"45780103000150";"";"0";"PROPRIA";"31901137";"GRATIFICACOES POR TEMPO DE SERVICO";"FOLHA DE PAGAMENTO";"11701.06";"2025";"L";"09/01/2025";"0";"01/01/2025";"31/01/2025";"13"
"UNIDADE DE GESTÃO DE EDUCAÇÃO";"12";"EDUCAÇÃO";"122";"ADMINISTRAÇÃO GERAL";"2025";"278";"";"0";"0";"100012604";"FOLHA DE PAGAMENTO";"45780103000150";"";"0";"PROPRIA";"31901145";"FÉRIAS - ABONO CONSTITUICOES";"FOLHA DE PAGAMENTO";"40248.63";"2025";"L";"09/01/2025";"0";"01/01/2025";"31/01/2025";"13"
"UNIDADE DE GESTÃO DE EDUCAÇÃO";"12";"EDUCAÇÃO";"122";"ADMINISTRAÇÃO GERAL";"2025";"279";"";"0";"0";"100012604";"FOLHA DE PAGAMENTO";"45780103000150";"";"0";"PROPRIA";"31901146";"FÉRIAS - PAGAMENTO ANTECIPADO - RPPS";"FOLHA DE PAGAMENTO";"72816.18";"2025";"L";"09/01/2025";"0";"01/01/2025";"31/01/2025";"13"
"UNIDADE DE GESTÃO DE EDUCAÇÃO";"12";"EDUCAÇÃO";"122";"ADMINISTRAÇÃO GERAL";"2025";"280";"";"0";"0";"100012604";"FOLHA DE PAGAMENTO";"45780103000150";"";"0";"PROPRIA";"31901644";"SERVIÇOS EXTRAORDINÁRIOS";"FOLHA DE PAGAMENTO";"405.72";"2025";"L";"09/01/2025";"0";"01/01/2025";"31/01/2025";"13"
"UNIDADE DE GESTÃO DE PROMOÇÃO DA SAÚDE";"10";"SAÚDE";"122";"ADMINISTRAÇÃO GERAL";"2025";"281";"";"0";"0";"100012604";"FOLHA DE PAGAMENTO";"45780103000150";"";"0";"PROPRIA";"31901107";"ABONO DE PERMANENCIA";"FOLHA DE PAGAMENTO";"2062.5";"2025";"L";"09/01/2025";"0";"01/01/2025";"31/01/2025";"14"
"UNIDADE DE GESTÃO DE PROMOÇÃO DA SAÚDE";"10";"SAÚDE";"122";"ADMINISTRAÇÃO GERAL";"2025";"282";"";"0";"0";"100012604";"FOLHA DE PAGAMENTO";"45780103000150";"";"0";"PROPRIA";"31901110";"ADICIONAL DE INSALUBRIDADE";"FOLHA DE PAGAMENTO";"607.2";"2025";"L";"09/01/2025";"0";"01/01/2025";"31/01/2025";"14"
"UNIDADE DE GESTÃO DE PROMOÇÃO DA SAÚDE";"10";"SAÚDE";"122";"ADMINISTRAÇÃO GERAL";"2025";"283";"";"0";"0";"100012604";"FOLHA DE PAGAMENTO";"45780103000150";"";"0";"PROPRIA";"31901137";"GRATIFICACOES POR TEMPO DE SERVICO";"FOLHA DE PAGAMENTO";"3968.58";"2025";"L";"09/01/2025";"0";"01/01/2025";"31/01/2025";"14"
"UNIDADE DE GESTÃO DE PROMOÇÃO DA SAÚDE";"10";"SAÚDE";"122";"ADMINISTRAÇÃO GERAL";"2025";"284";"";"0";"0";"100012604";"FOLHA DE PAGAMENTO";"45780103000150";"";"0";"PROPRIA";"31901144";"FÉRIAS - ABONO PECUNIARIO";"FOLHA DE PAGAMENTO";"6215.91";"2025";"L";"09/01/2025";"0";"01/01/2025";"31/01/2025";"14"
"UNIDADE DE GESTÃO DE PROMOÇÃO DA SAÚDE";"10";"SAÚDE";"122";"ADMINISTRAÇÃO GERAL";"2025";"285";"";"0";"0";"100012604";"FOLHA DE PAGAMENTO";"45780103000150";"";"0";"PROPRIA";"31901145";"FÉRIAS - ABONO CONSTITUICOES";"FOLHA DE PAGAMENTO";"12485.08";"2025";"L";"09/01/2025";"0";"01/01/2025";"31/01/2025";"14"
"UNIDADE DE GESTÃO DE PROMOÇÃO DA SAÚDE";"10";"SAÚDE";"122";"ADMINISTRAÇÃO GERAL";"2025";"286";"";"0";"0";"100012604";"FOLHA DE PAGAMENTO";"45780103000150";"";"0";"PROPRIA";"31901146";"FÉRIAS - PAGAMENTO ANTECIPADO - RPPS";"FOLHA DE PAGAMENTO";"23638.82";"2025";"L";"09/01/2025";"0";"01/01/2025";"31/01/2025";"14"
"UNIDADE DE GESTÃO DE PROMOÇÃO DA SAÚDE";"10";"SAÚDE";"122";"ADMINISTRAÇÃO GERAL";"2025";"287";"";"0";"0";"100012604";"FOLHA DE PAGAMENTO";"45780103000150";"";"0";"PROPRIA";"31901644";"SERVIÇOS EXTRAORDINÁRIOS";"FOLHA DE PAGAMENTO";"1383.47";"2025";"L";"09/01/2025";"0";"01/01/2025";"31/01/2025";"14"
"UNIDADE DE GESTÃO DE PROMOÇÃO DA SAÚDE";"10";"SAÚDE";"301";"ATENÇÃO BÁSICA";"2025";"288";"";"0";"0";"100012604";"FOLHA DE PAGAMENTO";"45780103000150";"";"0";"PROPRIA";"31900411";"SALÁRIOS - CONTRATO TEMPORÁRIO";"FOLHA DE PAGAMENTO";"2367.56";"2025";"L";"09/01/2025";"0";"01/01/2025";"31/01/2025";"14"
"UNIDADE DE GESTÃO DE PROMOÇÃO DA SAÚDE";"10";"SAÚDE";"301";"ATENÇÃO BÁSICA";"2025";"289";"";"0";"0";"100012604";"FOLHA DE PAGAMENTO";"45780103000150";"";"0";"PROPRIA";"31900414";"FERIAS - ABONO CONSTITUCIONAL - CONTRATO TEMPORÁRI";"FOLHA DE PAGAMENTO";"9899.8";"2025";"L";"09/01/2025";"0";"01/01/2025";"31/01/2025";"14"
"UNIDADE DE GESTÃO DE PROMOÇÃO DA SAÚDE";"10";"SAÚDE";"301";"ATENÇÃO BÁSICA";"2025";"290";"";"0";"0";"100012604";"FOLHA DE PAGAMENTO";"45780103000150";"";"0";"PROPRIA";"31900414";"FERIAS - ABONO CONSTITUCIONAL - CONTRATO TEMPORÁRI";"FOLHA DE PAGAMENTO";"4735.13";"2025";"L";"09/01/2025";"0";"01/01/2025";"31/01/2025";"14"
"UNIDADE DE GESTÃO DE PROMOÇÃO DA SAÚDE";"10";"SAÚDE";"301";"ATENÇÃO BÁSICA";"2025";"291";"";"0";"0";"100012604";"FOLHA DE PAGAMENTO";"45780103000150";"";"0";"PROPRIA";"31901104";"ADICIONAL NOTURNO";"FOLHA DE PAGAMENTO";"77.5";"2025";"L";"09/01/2025";"0";"01/01/2025";"31/01/2025";"14"
"UNIDADE DE GESTÃO DE PROMOÇÃO DA SAÚDE";"10";"SAÚDE";"301";"ATENÇÃO BÁSICA";"2025";"292";"";"0";"0";"100012604";"FOLHA DE PAGAMENTO";"45780103000150";"";"0";"PROPRIA";"31901107";"ABONO DE PERMANENCIA";"FOLHA DE PAGAMENTO";"6550.65";"2025";"L";"09/01/2025";"0";"01/01/2025";"31/01/2025";"14"
"UNIDADE DE GESTÃO DE PROMOÇÃO DA SAÚDE";"10";"SAÚDE";"301";"ATENÇÃO BÁSICA";"2025";"293";"";"0";"0";"100012604";"FOLHA DE PAGAMENTO";"45780103000150";"";"0";"PROPRIA";"31901110";"ADICIONAL DE INSALUBRIDADE";"FOLHA DE PAGAMENTO";"32828.49";"2025";"L";"09/01/2025";"0";"01/01/2025";"31/01/2025";"14"
"UNIDADE DE GESTÃO DE PROMOÇÃO DA SAÚDE";"10";"SAÚDE";"301";"ATENÇÃO BÁSICA";"2025";"294";"";"0";"0";"100012604";"FOLHA DE PAGAMENTO";"45780103000150";"";"0";"PROPRIA";"31901137";"GRATIFICACOES POR TEMPO DE SERVICO";"FOLHA DE PAGAMENTO";"82780.54";"2025";"L";"09/01/2025";"0";"01/01/2025";"31/01/2025";"14"
"UNIDADE DE GESTÃO DE PROMOÇÃO DA SAÚDE";"10";"SAÚDE";"301";"ATENÇÃO BÁSICA";"2025";"295";"";"0";"0";"100012604";"FOLHA DE PAGAMENTO";"45780103000150";"";"0";"PROPRIA";"31901144";"FÉRIAS - ABONO PECUNIARIO";"FOLHA DE PAGAMENTO";"103272.25";"2025";"L";"09/01/2025";"0";"01/01/2025";"31/01/2025";"14"
"UNIDADE DE GESTÃO DE PROMOÇÃO DA SAÚDE";"10";"SAÚDE";"301";"ATENÇÃO BÁSICA";"2025";"296";"";"0";"0";"100012604";"FOLHA DE PAGAMENTO";"45780103000150";"";"0";"PROPRIA";"31901145";"FÉRIAS - ABONO CONSTITUICOES";"FOLHA DE PAGAMENTO";"269058.26";"2025";"L";"09/01/2025";"0";"01/01/2025";"31/01/2025";"14"
"UNIDADE DE GESTÃO DE PROMOÇÃO DA SAÚDE";"10";"SAÚDE";"301";"ATENÇÃO BÁSICA";"2025";"297";"";"0";"0";"100012604";"FOLHA DE PAGAMENTO";"45780103000150";"";"0";"PROPRIA";"31901146";"FÉRIAS - PAGAMENTO ANTECIPADO - RPPS";"FOLHA DE PAGAMENTO";"515864.34";"2025";"L";"09/01/2025";"0";"01/01/2025";"31/01/2025";"14"
"UNIDADE DE GESTÃO DE PROMOÇÃO DA SAÚDE";"10";"SAÚDE";"301";"ATENÇÃO BÁSICA";"2025";"298";"";"0";"0";"100012604";"FOLHA DE PAGAMENTO";"45780103000150";"";"0";"PROPRIA";"31901644";"SERVIÇOS EXTRAORDINÁRIOS";"FOLHA DE PAGAMENTO";"17806.43";"2025";"L";"09/01/2025";"0";"01/01/2025";"31/01/2025";"14"
"UNIDADE DE GESTÃO DE PROMOÇÃO DA SAÚDE";"10";"SAÚDE";"302";"ASSISTÊNCIA HOSPITALAR E AMBULATORIAL";"2025";"299";"";"0";"0";"100012604";"FOLHA DE PAGAMENTO";"45780103000150";"";"0";"PROPRIA";"31901107";"ABONO DE PERMANENCIA";"FOLHA DE PAGAMENTO";"862.43";"2025";"L";"09/01/2025";"0";"01/01/2025";"31/01/2025";"14"
"UNIDADE DE GESTÃO DE PROMOÇÃO DA SAÚDE";"10";"SAÚDE";"302";"ASSISTÊNCIA HOSPITALAR E AMBULATORIAL";"2025";"300";"";"0";"0";"100012604";"FOLHA DE PAGAMENTO";"45780103000150";"";"0";"PROPRIA";"31901110";"ADICIONAL DE INSALUBRIDADE";"FOLHA DE PAGAMENTO";"7590";"2025";"L";"09/01/2025";"0";"01/01/2025";"31/01/2025";"14"
"UNIDADE DE GESTÃO DE PROMOÇÃO DA SAÚDE";"10";"SAÚDE";"302";"ASSISTÊNCIA HOSPITALAR E AMBULATORIAL";"2025";"301";"";"0";"0";"100012604";"FOLHA DE PAGAMENTO";"45780103000150";"";"0";"PROPRIA";"31901110";"ADICIONAL DE INSALUBRIDADE";"FOLHA DE PAGAMENTO";"151.8";"2025";"L";"09/01/2025";"0";"01/01/2025";"31/01/2025";"14"
"UNIDADE DE GESTÃO DE PROMOÇÃO DA SAÚDE";"10";"SAÚDE";"302";"ASSISTÊNCIA HOSPITALAR E AMBULATORIAL";"2025";"302";"";"0";"0";"100012604";"FOLHA DE PAGAMENTO";"45780103000150";"";"0";"PROPRIA";"31901137";"GRATIFICACOES POR TEMPO DE SERVICO";"FOLHA DE PAGAMENTO";"33286.71";"2025";"L";"09/01/2025";"0";"01/01/2025";"31/01/2025";"14"
"UNIDADE DE GESTÃO DE PROMOÇÃO DA SAÚDE";"10";"SAÚDE";"302";"ASSISTÊNCIA HOSPITALAR E AMBULATORIAL";"2025";"303";"";"0";"0";"100012604";"FOLHA DE PAGAMENTO";"45780103000150";"";"0";"PROPRIA";"31901137";"GRATIFICACOES POR TEMPO DE SERVICO";"FOLHA DE PAGAMENTO";"2589.91";"2025";"L";"09/01/2025";"0";"01/01/2025";"31/01/2025";"14"
"UNIDADE DE GESTÃO DE PROMOÇÃO DA SAÚDE";"10";"SAÚDE";"302";"ASSISTÊNCIA HOSPITALAR E AMBULATORIAL";"2025";"304";"";"0";"0";"100012604";"FOLHA DE PAGAMENTO";"45780103000150";"";"0";"PROPRIA";"31901144";"FÉRIAS - ABONO PECUNIARIO";"FOLHA DE PAGAMENTO";"29560.55";"2025";"L";"09/01/2025";"0";"01/01/2025";"31/01/2025";"14"
"UNIDADE DE GESTÃO DE PROMOÇÃO DA SAÚDE";"10";"SAÚDE";"302";"ASSISTÊNCIA HOSPITALAR E AMBULATORIAL";"2025";"305";"";"0";"0";"100012604";"FOLHA DE PAGAMENTO";"45780103000150";"";"0";"PROPRIA";"31901145";"FÉRIAS - ABONO CONSTITUICOES";"FOLHA DE PAGAMENTO";"101458.5";"2025";"L";"09/01/2025";"0";"01/01/2025";"31/01/2025";"14"
"UNIDADE DE GESTÃO DE PROMOÇÃO DA SAÚDE";"10";"SAÚDE";"302";"ASSISTÊNCIA HOSPITALAR E AMBULATORIAL";"2025";"306";"";"0";"0";"100012604";"FOLHA DE PAGAMENTO";"45780103000150";"";"0";"PROPRIA";"31901145";"FÉRIAS - ABONO CONSTITUICOES";"FOLHA DE PAGAMENTO";"3380.49";"2025";"L";"09/01/2025";"0";"01/01/2025";"31/01/2025";"14"
"UNIDADE DE GESTÃO DE PROMOÇÃO DA SAÚDE";"10";"SAÚDE";"302";"ASSISTÊNCIA HOSPITALAR E AMBULATORIAL";"2025";"307";"";"0";"0";"100012604";"FOLHA DE PAGAMENTO";"45780103000150";"";"0";"PROPRIA";"31901146";"FÉRIAS - PAGAMENTO ANTECIPADO - RPPS";"FOLHA DE PAGAMENTO";"6490.9";"2025";"L";"09/01/2025";"0";"01/01/2025";"31/01/2025";"14"
"UNIDADE DE GESTÃO DE PROMOÇÃO DA SAÚDE";"10";"SAÚDE";"302";"ASSISTÊNCIA HOSPITALAR E AMBULATORIAL";"2025";"308";"";"0";"0";"100012604";"FOLHA DE PAGAMENTO";"45780103000150";"";"0";"PROPRIA";"31901146";"FÉRIAS - PAGAMENTO ANTECIPADO - RPPS";"FOLHA DE PAGAMENTO";"192581.86";"2025";"L";"09/01/2025";"0";"01/01/2025";"31/01/2025";"14"
"UNIDADE DE GESTÃO DE PROMOÇÃO DA SAÚDE";"10";"SAÚDE";"302";"ASSISTÊNCIA HOSPITALAR E AMBULATORIAL";"2025";"309";"";"0";"0";"100012604";"FOLHA DE PAGAMENTO";"45780103000150";"";"0";"PROPRIA";"31901644";"SERVIÇOS EXTRAORDINÁRIOS";"FOLHA DE PAGAMENTO";"15224.39";"2025";"L";"09/01/2025";"0";"01/01/2025";"31/01/2025";"14"
"UNIDADE DE GESTÃO DE PROMOÇÃO DA SAÚDE";"10";"SAÚDE";"305";"VIGILÂNCIA EPIDEMIOLÓGICA";"2025";"310";"";"0";"0";"100012604";"FOLHA DE PAGAMENTO";"45780103000150";"";"0";"PROPRIA";"31901110";"ADICIONAL DE INSALUBRIDADE";"FOLHA DE PAGAMENTO";"1518";"2025";"L";"09/01/2025";"0";"01/01/2025";"31/01/2025";"14"
"UNIDADE DE GESTÃO DE PROMOÇÃO DA SAÚDE";"10";"SAÚDE";"305";"VIGILÂNCIA EPIDEMIOLÓGICA";"2025";"311";"";"0";"0";"100012604";"FOLHA DE PAGAMENTO";"45780103000150";"";"0";"PROPRIA";"31901137";"GRATIFICACOES POR TEMPO DE SERVICO";"FOLHA DE PAGAMENTO";"10648.99";"2025";"L";"09/01/2025";"0";"01/01/2025";"31/01/2025";"14"
"UNIDADE DE GESTÃO DE PROMOÇÃO DA SAÚDE";"10";"SAÚDE";"305";"VIGILÂNCIA EPIDEMIOLÓGICA";"2025";"312";"";"0";"0";"100012604";"FOLHA DE PAGAMENTO";"45780103000150";"";"0";"PROPRIA";"31901144";"FÉRIAS - ABONO PECUNIARIO";"FOLHA DE PAGAMENTO";"4045.69";"2025";"L";"09/01/2025";"0";"01/01/2025";"31/01/2025";"14"
"UNIDADE DE GESTÃO DE PROMOÇÃO DA SAÚDE";"10";"SAÚDE";"305";"VIGILÂNCIA EPIDEMIOLÓGICA";"2025";"313";"";"0";"0";"100012604";"FOLHA DE PAGAMENTO";"45780103000150";"";"0";"PROPRIA";"31901145";"FÉRIAS - ABONO CONSTITUICOES";"FOLHA DE PAGAMENTO";"25496.39";"2025";"L";"09/01/2025";"0";"01/01/2025";"31/01/2025";"14"
"UNIDADE DE GESTÃO DE PROMOÇÃO DA SAÚDE";"10";"SAÚDE";"305";"VIGILÂNCIA EPIDEMIOLÓGICA";"2025";"314";"";"0";"0";"100012604";"FOLHA DE PAGAMENTO";"45780103000150";"";"0";"PROPRIA";"31901146";"FÉRIAS - PAGAMENTO ANTECIPADO - RPPS";"FOLHA DE PAGAMENTO";"45963.13";"2025";"L";"09/01/2025";"0";"01/01/2025";"31/01/2025";"14"
"UNIDADE DE GESTÃO DE PROMOÇÃO DA SAÚDE";"10";"SAÚDE";"305";"VIGILÂNCIA EPIDEMIOLÓGICA";"2025";"315";"";"0";"0";"100012604";"FOLHA DE PAGAMENTO";"45780103000150";"";"0";"PROPRIA";"31901644";"SERVIÇOS EXTRAORDINÁRIOS";"FOLHA DE PAGAMENTO";"1740.48";"2025";"L";"09/01/2025";"0";"01/01/2025";"31/01/2025";"14"
"UNIDADE DE GESTÃO DE PROMOÇÃO DA SAÚDE";"10";"SAÚDE";"304";"VIGILÂNCIA SANITÁRIA";"2025";"316";"";"0";"0";"100012604";"FOLHA DE PAGAMENTO";"45780103000150";"";"0";"PROPRIA";"31901107";"ABONO DE PERMANENCIA";"FOLHA DE PAGAMENTO";"1715";"2025";"L";"09/01/2025";"0";"01/01/2025";"31/01/2025";"14"
"UNIDADE DE GESTÃO DE PROMOÇÃO DA SAÚDE";"10";"SAÚDE";"304";"VIGILÂNCIA SANITÁRIA";"2025";"317";"";"0";"0";"100012604";"FOLHA DE PAGAMENTO";"45780103000150";"";"0";"PROPRIA";"31901110";"ADICIONAL DE INSALUBRIDADE";"FOLHA DE PAGAMENTO";"5749.56";"2025";"L";"09/01/2025";"0";"01/01/2025";"31/01/2025";"14"
"UNIDADE DE GESTÃO DE PROMOÇÃO DA SAÚDE";"10";"SAÚDE";"304";"VIGILÂNCIA SANITÁRIA";"2025";"318";"";"0";"0";"100012604";"FOLHA DE PAGAMENTO";"45780103000150";"";"0";"PROPRIA";"31901133";"GRATIFICACOES POR EXERCICIO DE  FUNCOES";"FOLHA DE PAGAMENTO";"3412.73";"2025";"L";"09/01/2025";"0";"01/01/2025";"31/01/2025";"14"
"UNIDADE DE GESTÃO DE PROMOÇÃO DA SAÚDE";"10";"SAÚDE";"304";"VIGILÂNCIA SANITÁRIA";"2025";"319";"";"0";"0";"100012604";"FOLHA DE PAGAMENTO";"45780103000150";"";"0";"PROPRIA";"31901137";"GRATIFICACOES POR TEMPO DE SERVICO";"FOLHA DE PAGAMENTO";"15974.04";"2025";"L";"09/01/2025";"0";"01/01/2025";"31/01/2025";"14"
"UNIDADE DE GESTÃO DE PROMOÇÃO DA SAÚDE";"10";"SAÚDE";"304";"VIGILÂNCIA SANITÁRIA";"2025";"320";"";"0";"0";"100012604";"FOLHA DE PAGAMENTO";"45780103000150";"";"0";"PROPRIA";"31901144";"FÉRIAS - ABONO PECUNIARIO";"FOLHA DE PAGAMENTO";"27484.29";"2025";"L";"09/01/2025";"0";"01/01/2025";"31/01/2025";"14"
"UNIDADE DE GESTÃO DE PROMOÇÃO DA SAÚDE";"10";"SAÚDE";"304";"VIGILÂNCIA SANITÁRIA";"2025";"321";"";"0";"0";"100012604";"FOLHA DE PAGAMENTO";"45780103000150";"";"0";"PROPRIA";"31901145";"FÉRIAS - ABONO CONSTITUICOES";"FOLHA DE PAGAMENTO";"47754.47";"2025";"L";"09/01/2025";"0";"01/01/2025";"31/01/2025";"14"
"UNIDADE DE GESTÃO DE PROMOÇÃO DA SAÚDE";"10";"SAÚDE";"304";"VIGILÂNCIA SANITÁRIA";"2025";"322";"";"0";"0";"100012604";"FOLHA DE PAGAMENTO";"45780103000150";"";"0";"PROPRIA";"31901146";"FÉRIAS - PAGAMENTO ANTECIPADO - RPPS";"FOLHA DE PAGAMENTO";"88108.39";"2025";"L";"09/01/2025";"0";"01/01/2025";"31/01/2025";"14"
"UNIDADE DE GESTÃO DE PROMOÇÃO DA SAÚDE";"10";"SAÚDE";"304";"VIGILÂNCIA SANITÁRIA";"2025";"323";"";"0";"0";"100012604";"FOLHA DE PAGAMENTO";"45780103000150";"";"0";"PROPRIA";"31901644";"SERVIÇOS EXTRAORDINÁRIOS";"FOLHA DE PAGAMENTO";"2757.18";"2025";"L";"09/01/2025";"0";"01/01/2025";"31/01/2025";"14"
"UNIDADE DE GESTÃO DE PROMOÇÃO DA SAÚDE";"10";"SAÚDE";"303";"SUPORTE PROFILÁTICO E TERAPÊUTICO";"2025";"324";"";"0";"0";"100012604";"FOLHA DE PAGAMENTO";"45780103000150";"";"0";"PROPRIA";"31901107";"ABONO DE PERMANENCIA";"FOLHA DE PAGAMENTO";"1559.26";"2025";"L";"09/01/2025";"0";"01/01/2025";"31/01/2025";"14"
"UNIDADE DE GESTÃO DE PROMOÇÃO DA SAÚDE";"10";"SAÚDE";"303";"SUPORTE PROFILÁTICO E TERAPÊUTICO";"2025";"325";"";"0";"0";"100012604";"FOLHA DE PAGAMENTO";"45780103000150";"";"0";"PROPRIA";"31901110";"ADICIONAL DE INSALUBRIDADE";"FOLHA DE PAGAMENTO";"1012";"2025";"L";"09/01/2025";"0";"01/01/2025";"31/01/2025";"14"
"UNIDADE DE GESTÃO DE PROMOÇÃO DA SAÚDE";"10";"SAÚDE";"303";"SUPORTE PROFILÁTICO E TERAPÊUTICO";"2025";"326";"";"0";"0";"100012604";"FOLHA DE PAGAMENTO";"45780103000150";"";"0";"PROPRIA";"31901137";"GRATIFICACOES POR TEMPO DE SERVICO";"FOLHA DE PAGAMENTO";"5313.61";"2025";"L";"09/01/2025";"0";"01/01/2025";"31/01/2025";"14"
"UNIDADE DE GESTÃO DE PROMOÇÃO DA SAÚDE";"10";"SAÚDE";"303";"SUPORTE PROFILÁTICO E TERAPÊUTICO";"2025";"327";"";"0";"0";"100012604";"FOLHA DE PAGAMENTO";"45780103000150";"";"0";"PROPRIA";"31901145";"FÉRIAS - ABONO CONSTITUICOES";"FOLHA DE PAGAMENTO";"10688.92";"2025";"L";"09/01/2025";"0";"01/01/2025";"31/01/2025";"14"
"UNIDADE DE GESTÃO DE PROMOÇÃO DA SAÚDE";"10";"SAÚDE";"303";"SUPORTE PROFILÁTICO E TERAPÊUTICO";"2025";"328";"";"0";"0";"100012604";"FOLHA DE PAGAMENTO";"45780103000150";"";"0";"PROPRIA";"31901146";"FÉRIAS - PAGAMENTO ANTECIPADO - RPPS";"FOLHA DE PAGAMENTO";"16508.17";"2025";"L";"09/01/2025";"0";"01/01/2025";"31/01/2025";"14"
"UNIDADE DE GESTÃO DE PROMOÇÃO DA SAÚDE";"10";"SAÚDE";"303";"SUPORTE PROFILÁTICO E TERAPÊUTICO";"2025";"329";"";"0";"0";"100012604";"FOLHA DE PAGAMENTO";"45780103000150";"";"0";"PROPRIA";"31901644";"SERVIÇOS EXTRAORDINÁRIOS";"FOLHA DE PAGAMENTO";"511.81";"2025";"L";"09/01/2025";"0";"01/01/2025";"31/01/2025";"14"
"UNIDADE GESTÃO DE ASSISTÊNCIA E DESENVOLV. SOCIAL";"8";"ASSISTÊNCIA SOCIAL";"244";"ASSISTÊNCIA COMUNITÁRIA";"2025";"330";"";"0";"0";"100012604";"FOLHA DE PAGAMENTO";"45780103000150";"";"0";"PROPRIA";"31901137";"GRATIFICACOES POR TEMPO DE SERVICO";"FOLHA DE PAGAMENTO";"1282.28";"2025";"L";"09/01/2025";"0";"01/01/2025";"31/01/2025";"15"
"UNIDADE GESTÃO DE ASSISTÊNCIA E DESENVOLV. SOCIAL";"8";"ASSISTÊNCIA SOCIAL";"244";"ASSISTÊNCIA COMUNITÁRIA";"2025";"331";"";"0";"0";"100012604";"FOLHA DE PAGAMENTO";"45780103000150";"";"0";"PROPRIA";"31901144";"FÉRIAS - ABONO PECUNIARIO";"FOLHA DE PAGAMENTO";"10208.98";"2025";"L";"09/01/2025";"0";"01/01/2025";"31/01/2025";"15"
"UNIDADE GESTÃO DE ASSISTÊNCIA E DESENVOLV. SOCIAL";"8";"ASSISTÊNCIA SOCIAL";"244";"ASSISTÊNCIA COMUNITÁRIA";"2025";"332";"";"0";"0";"100012604";"FOLHA DE PAGAMENTO";"45780103000150";"";"0";"PROPRIA";"31901145";"FÉRIAS - ABONO CONSTITUICOES";"FOLHA DE PAGAMENTO";"9147";"2025";"L";"09/01/2025";"0";"01/01/2025";"31/01/2025";"15"
"UNIDADE GESTÃO DE ASSISTÊNCIA E DESENVOLV. SOCIAL";"8";"ASSISTÊNCIA SOCIAL";"244";"ASSISTÊNCIA COMUNITÁRIA";"2025";"333";"";"0";"0";"100012604";"FOLHA DE PAGAMENTO";"45780103000150";"";"0";"PROPRIA";"31901146";"FÉRIAS - PAGAMENTO ANTECIPADO - RPPS";"FOLHA DE PAGAMENTO";"18534.76";"2025";"L";"09/01/2025";"0";"01/01/2025";"31/01/2025";"15"
"UNIDADE GESTÃO DE ASSISTÊNCIA E DESENVOLV. SOCIAL";"8";"ASSISTÊNCIA SOCIAL";"244";"ASSISTÊNCIA COMUNITÁRIA";"2025";"334";"";"0";"0";"100012604";"FOLHA DE PAGAMENTO";"45780103000150";"";"0";"PROPRIA";"31901644";"SERVIÇOS EXTRAORDINÁRIOS";"FOLHA DE PAGAMENTO";"3071.42";"2025";"L";"09/01/2025";"0";"01/01/2025";"31/01/2025";"15"
"UNIDADE GESTÃO DE ASSISTÊNCIA E DESENVOLV. SOCIAL";"8";"ASSISTÊNCIA SOCIAL";"244";"ASSISTÊNCIA COMUNITÁRIA";"2025";"335";"";"0";"0";"100012604";"FOLHA DE PAGAMENTO";"45780103000150";"";"0";"PROPRIA";"31901137";"GRATIFICACOES POR TEMPO DE SERVICO";"FOLHA DE PAGAMENTO";"1199.96";"2025";"L";"09/01/2025";"0";"01/01/2025";"31/01/2025";"15"
"UNIDADE GESTÃO DE ASSISTÊNCIA E DESENVOLV. SOCIAL";"8";"ASSISTÊNCIA SOCIAL";"244";"ASSISTÊNCIA COMUNITÁRIA";"2025";"336";"";"0";"0";"100012604";"FOLHA DE PAGAMENTO";"45780103000150";"";"0";"PROPRIA";"31901137";"GRATIFICACOES POR TEMPO DE SERVICO";"FOLHA DE PAGAMENTO";"2976.22";"2025";"L";"09/01/2025";"0";"01/01/2025";"31/01/2025";"15"
"UNIDADE GESTÃO DE ASSISTÊNCIA E DESENVOLV. SOCIAL";"8";"ASSISTÊNCIA SOCIAL";"244";"ASSISTÊNCIA COMUNITÁRIA";"2025";"337";"";"0";"0";"100012604";"FOLHA DE PAGAMENTO";"45780103000150";"";"0";"PROPRIA";"31901144";"FÉRIAS - ABONO PECUNIARIO";"FOLHA DE PAGAMENTO";"5824.19";"2025";"L";"09/01/2025";"0";"01/01/2025";"31/01/2025";"15"
"UNIDADE GESTÃO DE ASSISTÊNCIA E DESENVOLV. SOCIAL";"8";"ASSISTÊNCIA SOCIAL";"244";"ASSISTÊNCIA COMUNITÁRIA";"2025";"338";"";"0";"0";"100012604";"FOLHA DE PAGAMENTO";"45780103000150";"";"0";"PROPRIA";"31901145";"FÉRIAS - ABONO CONSTITUICOES";"FOLHA DE PAGAMENTO";"4450.09";"2025";"L";"09/01/2025";"0";"01/01/2025";"31/01/2025";"15"
"UNIDADE GESTÃO DE ASSISTÊNCIA E DESENVOLV. SOCIAL";"8";"ASSISTÊNCIA SOCIAL";"244";"ASSISTÊNCIA COMUNITÁRIA";"2025";"339";"";"0";"0";"100012604";"FOLHA DE PAGAMENTO";"45780103000150";"";"0";"PROPRIA";"31901145";"FÉRIAS - ABONO CONSTITUICOES";"FOLHA DE PAGAMENTO";"2912.09";"2025";"L";"09/01/2025";"0";"01/01/2025";"31/01/2025";"15"
"UNIDADE GESTÃO DE ASSISTÊNCIA E DESENVOLV. SOCIAL";"8";"ASSISTÊNCIA SOCIAL";"244";"ASSISTÊNCIA COMUNITÁRIA";"2025";"340";"";"0";"0";"100012604";"FOLHA DE PAGAMENTO";"45780103000150";"";"0";"PROPRIA";"31901146";"FÉRIAS - PAGAMENTO ANTECIPADO - RPPS";"FOLHA DE PAGAMENTO";"8377.18";"2025";"L";"09/01/2025";"0";"01/01/2025";"31/01/2025";"15"
"UNIDADE GESTÃO DE ASSISTÊNCIA E DESENVOLV. SOCIAL";"8";"ASSISTÊNCIA SOCIAL";"244";"ASSISTÊNCIA COMUNITÁRIA";"2025";"341";"";"0";"0";"100012604";"FOLHA DE PAGAMENTO";"45780103000150";"";"0";"PROPRIA";"31901146";"FÉRIAS - PAGAMENTO ANTECIPADO - RPPS";"FOLHA DE PAGAMENTO";"3892.03";"2025";"L";"09/01/2025";"0";"01/01/2025";"31/01/2025";"15"
"UNIDADE GESTÃO DE ASSISTÊNCIA E DESENVOLV. SOCIAL";"8";"ASSISTÊNCIA SOCIAL";"244";"ASSISTÊNCIA COMUNITÁRIA";"2025";"342";"";"0";"0";"100012604";"FOLHA DE PAGAMENTO";"45780103000150";"";"0";"PROPRIA";"31901644";"SERVIÇOS EXTRAORDINÁRIOS";"FOLHA DE PAGAMENTO";"150.73";"2025";"L";"09/01/2025";"0";"01/01/2025";"31/01/2025";"15"
"UNIDADE GESTÃO DE ASSISTÊNCIA E DESENVOLV. SOCIAL";"8";"ASSISTÊNCIA SOCIAL";"244";"ASSISTÊNCIA COMUNITÁRIA";"2025";"343";"";"0";"0";"100012604";"FOLHA DE PAGAMENTO";"45780103000150";"";"0";"PROPRIA";"31901137";"GRATIFICACOES POR TEMPO DE SERVICO";"FOLHA DE PAGAMENTO";"1925.02";"2025";"L";"09/01/2025";"0";"01/01/2025";"31/01/2025";"15"
"UNIDADE GESTÃO DE ASSISTÊNCIA E DESENVOLV. SOCIAL";"8";"ASSISTÊNCIA SOCIAL";"244";"ASSISTÊNCIA COMUNITÁRIA";"2025";"344";"";"0";"0";"100012604";"FOLHA DE PAGAMENTO";"45780103000150";"";"0";"PROPRIA";"31901144";"FÉRIAS - ABONO PECUNIARIO";"FOLHA DE PAGAMENTO";"2706.39";"2025";"L";"09/01/2025";"0";"01/01/2025";"31/01/2025";"15"
"UNIDADE GESTÃO DE ASSISTÊNCIA E DESENVOLV. SOCIAL";"8";"ASSISTÊNCIA SOCIAL";"244";"ASSISTÊNCIA COMUNITÁRIA";"2025";"345";"";"0";"0";"100012604";"FOLHA DE PAGAMENTO";"45780103000150";"";"0";"PROPRIA";"31901145";"FÉRIAS - ABONO CONSTITUICOES";"FOLHA DE PAGAMENTO";"8845.01";"2025";"L";"09/01/2025";"0";"01/01/2025";"31/01/2025";"15"
"UNIDADE GESTÃO DE ASSISTÊNCIA E DESENVOLV. SOCIAL";"8";"ASSISTÊNCIA SOCIAL";"244";"ASSISTÊNCIA COMUNITÁRIA";"2025";"346";"";"0";"0";"100012604";"FOLHA DE PAGAMENTO";"45780103000150";"";"0";"PROPRIA";"31901146";"FÉRIAS - PAGAMENTO ANTECIPADO - RPPS";"FOLHA DE PAGAMENTO";"19069.25";"2025";"L";"09/01/2025";"0";"01/01/2025";"31/01/2025";"15"
"UNIDADE GESTÃO DE ASSISTÊNCIA E DESENVOLV. SOCIAL";"8";"ASSISTÊNCIA SOCIAL";"244";"ASSISTÊNCIA COMUNITÁRIA";"2025";"347";"";"0";"0";"100012604";"FOLHA DE PAGAMENTO";"45780103000150";"";"0";"PROPRIA";"31901644";"SERVIÇOS EXTRAORDINÁRIOS";"FOLHA DE PAGAMENTO";"297.2";"2025";"L";"09/01/2025";"0";"01/01/2025";"31/01/2025";"15"
"UNIDADE GESTÃO DE AGRONEGÓCIO. ABASTEC. E TURISMO";"20";"AGRICULTURA";"122";"ADMINISTRAÇÃO GERAL";"2025";"348";"";"0";"0";"100012604";"FOLHA DE PAGAMENTO";"45780103000150";"";"0";"PROPRIA";"31901137";"GRATIFICACOES POR TEMPO DE SERVICO";"FOLHA DE PAGAMENTO";"1511.85";"2025";"L";"09/01/2025";"0";"01/01/2025";"31/01/2025";"17"
"UNIDADE GESTÃO DE AGRONEGÓCIO. ABASTEC. E TURISMO";"20";"AGRICULTURA";"122";"ADMINISTRAÇÃO GERAL";"2025";"349";"";"0";"0";"100012604";"FOLHA DE PAGAMENTO";"45780103000150";"";"0";"PROPRIA";"31901144";"FÉRIAS - ABONO PECUNIARIO";"FOLHA DE PAGAMENTO";"3426.68";"2025";"L";"09/01/2025";"0";"01/01/2025";"31/01/2025";"17"
"UNIDADE GESTÃO DE AGRONEGÓCIO. ABASTEC. E TURISMO";"20";"AGRICULTURA";"122";"ADMINISTRAÇÃO GERAL";"2025";"350";"";"0";"0";"100012604";"FOLHA DE PAGAMENTO";"45780103000150";"";"0";"PROPRIA";"31901145";"FÉRIAS - ABONO CONSTITUICOES";"FOLHA DE PAGAMENTO";"1713.33";"2025";"L";"09/01/2025";"0";"01/01/2025";"31/01/2025";"17"
"UNIDADE GESTÃO DE AGRONEGÓCIO. ABASTEC. E TURISMO";"20";"AGRICULTURA";"122";"ADMINISTRAÇÃO GERAL";"2025";"351";"";"0";"0";"100012604";"FOLHA DE PAGAMENTO";"45780103000150";"";"0";"PROPRIA";"31901146";"FÉRIAS - PAGAMENTO ANTECIPADO - RPPS";"FOLHA DE PAGAMENTO";"2893.54";"2025";"L";"09/01/2025";"0";"01/01/2025";"31/01/2025";"17"
"UNIDADE DE GESTÃO DE SEGURANÇA MUNICIPAL";"6";"SEGURANÇA PÚBLICA";"122";"ADMINISTRAÇÃO GERAL";"2025";"352";"";"0";"0";"100012604";"FOLHA DE PAGAMENTO";"45780103000150";"";"0";"PROPRIA";"31901104";"ADICIONAL NOTURNO";"FOLHA DE PAGAMENTO";"6177.97";"2025";"L";"09/01/2025";"0";"01/01/2025";"31/01/2025";"19"
"UNIDADE DE GESTÃO DE SEGURANÇA MUNICIPAL";"6";"SEGURANÇA PÚBLICA";"122";"ADMINISTRAÇÃO GERAL";"2025";"353";"";"0";"0";"100012604";"FOLHA DE PAGAMENTO";"45780103000150";"";"0";"PROPRIA";"31901107";"ABONO DE PERMANENCIA";"FOLHA DE PAGAMENTO";"3073.46";"2025";"L";"09/01/2025";"0";"01/01/2025";"31/01/2025";"19"
"UNIDADE DE GESTÃO DE SEGURANÇA MUNICIPAL";"6";"SEGURANÇA PÚBLICA";"122";"ADMINISTRAÇÃO GERAL";"2025";"354";"";"0";"0";"100012604";"FOLHA DE PAGAMENTO";"45780103000150";"";"0";"PROPRIA";"31901133";"GRATIFICACOES POR EXERCICIO DE  FUNCOES";"FOLHA DE PAGAMENTO";"60797.39";"2025";"L";"09/01/2025";"0";"01/01/2025";"31/01/2025";"19"
"UNIDADE DE GESTÃO DE SEGURANÇA MUNICIPAL";"6";"SEGURANÇA PÚBLICA";"122";"ADMINISTRAÇÃO GERAL";"2025";"355";"";"0";"0";"100012604";"FOLHA DE PAGAMENTO";"45780103000150";"";"0";"PROPRIA";"31901137";"GRATIFICACOES POR TEMPO DE SERVICO";"FOLHA DE PAGAMENTO";"27919.41";"2025";"L";"09/01/2025";"0";"01/01/2025";"31/01/2025";"19"
"UNIDADE DE GESTÃO DE SEGURANÇA MUNICIPAL";"6";"SEGURANÇA PÚBLICA";"122";"ADMINISTRAÇÃO GERAL";"2025";"356";"";"0";"0";"100012604";"FOLHA DE PAGAMENTO";"45780103000150";"";"0";"PROPRIA";"31901144";"FÉRIAS - ABONO PECUNIARIO";"FOLHA DE PAGAMENTO";"131421.19";"2025";"L";"09/01/2025";"0";"01/01/2025";"31/01/2025";"19"
"UNIDADE DE GESTÃO DE SEGURANÇA MUNICIPAL";"6";"SEGURANÇA PÚBLICA";"122";"ADMINISTRAÇÃO GERAL";"2025";"357";"";"0";"0";"100012604";"FOLHA DE PAGAMENTO";"45780103000150";"";"0";"PROPRIA";"31901145";"FÉRIAS - ABONO CONSTITUICOES";"FOLHA DE PAGAMENTO";"113784.07";"2025";"L";"09/01/2025";"0";"01/01/2025";"31/01/2025";"19"
"UNIDADE DE GESTÃO DE SEGURANÇA MUNICIPAL";"6";"SEGURANÇA PÚBLICA";"122";"ADMINISTRAÇÃO GERAL";"2025";"358";"";"0";"0";"100012604";"FOLHA DE PAGAMENTO";"45780103000150";"";"0";"PROPRIA";"31901146";"FÉRIAS - PAGAMENTO ANTECIPADO - RPPS";"FOLHA DE PAGAMENTO";"132959.4";"2025";"L";"09/01/2025";"0";"01/01/2025";"31/01/2025";"19"
"UNIDADE DE GESTÃO DE SEGURANÇA MUNICIPAL";"6";"SEGURANÇA PÚBLICA";"122";"ADMINISTRAÇÃO GERAL";"2025";"359";"";"0";"0";"100012604";"FOLHA DE PAGAMENTO";"45780103000150";"";"0";"PROPRIA";"31901644";"SERVIÇOS EXTRAORDINÁRIOS";"FOLHA DE PAGAMENTO";"40883.97";"2025";"L";"09/01/2025";"0";"01/01/2025";"31/01/2025";"19"
"UNIDADE DE GESTÃO DE CULTURA";"13";"CULTURA";"122";"ADMINISTRAÇÃO GERAL";"2025";"360";"";"0";"0";"100012604";"FOLHA DE PAGAMENTO";"45780103000150";"";"0";"PROPRIA";"31901110";"ADICIONAL DE INSALUBRIDADE";"FOLHA DE PAGAMENTO";"607.2";"2025";"L";"09/01/2025";"0";"01/01/2025";"31/01/2025";"22"
"UNIDADE DE GESTÃO DE CULTURA";"13";"CULTURA";"122";"ADMINISTRAÇÃO GERAL";"2025";"361";"";"0";"0";"100012604";"FOLHA DE PAGAMENTO";"45780103000150";"";"0";"PROPRIA";"31901137";"GRATIFICACOES POR TEMPO DE SERVICO";"FOLHA DE PAGAMENTO";"1351.26";"2025";"L";"09/01/2025";"0";"01/01/2025";"31/01/2025";"22"
"UNIDADE DE GESTÃO DE CULTURA";"13";"CULTURA";"122";"ADMINISTRAÇÃO GERAL";"2025";"362";"";"0";"0";"100012604";"FOLHA DE PAGAMENTO";"45780103000150";"";"0";"PROPRIA";"31901145";"FÉRIAS - ABONO CONSTITUICOES";"FOLHA DE PAGAMENTO";"3526.1";"2025";"L";"09/01/2025";"0";"01/01/2025";"31/01/2025";"22"
"UNIDADE DE GESTÃO DE CULTURA";"13";"CULTURA";"122";"ADMINISTRAÇÃO GERAL";"2025";"363";"";"0";"0";"100012604";"FOLHA DE PAGAMENTO";"45780103000150";"";"0";"PROPRIA";"31901146";"FÉRIAS - PAGAMENTO ANTECIPADO - RPPS";"FOLHA DE PAGAMENTO";"5710.6";"2025";"L";"09/01/2025";"0";"01/01/2025";"31/01/2025";"22"
"UNIDADE DE GESTÃO DE CULTURA";"13";"CULTURA";"122";"ADMINISTRAÇÃO GERAL";"2025";"364";"";"0";"0";"100012604";"FOLHA DE PAGAMENTO";"45780103000150";"";"0";"PROPRIA";"31901644";"SERVIÇOS EXTRAORDINÁRIOS";"FOLHA DE PAGAMENTO";"158.98";"2025";"L";"09/01/2025";"0";"01/01/2025";"31/01/2025";"22"
"UNIDADE DE GESTÃO DE ESPORTE E LAZER";"27";"DESPORTO E LAZER";"812";"DESPORTO COMUNITÁRIO";"2025";"365";"";"0";"0";"100012604";"FOLHA DE PAGAMENTO";"45780103000150";"";"0";"PROPRIA";"31901104";"ADICIONAL NOTURNO";"FOLHA DE PAGAMENTO";"0.21";"2025";"L";"09/01/2025";"0";"01/01/2025";"31/01/2025";"23"
"UNIDADE DE GESTÃO DE ESPORTE E LAZER";"27";"DESPORTO E LAZER";"812";"DESPORTO COMUNITÁRIO";"2025";"366";"";"0";"0";"100012604";"FOLHA DE PAGAMENTO";"45780103000150";"";"0";"PROPRIA";"31901104";"ADICIONAL NOTURNO";"FOLHA DE PAGAMENTO";"605.33";"2025";"L";"09/01/2025";"0";"01/01/2025";"31/01/2025";"23"
"UNIDADE DE GESTÃO DE ESPORTE E LAZER";"27";"DESPORTO E LAZER";"812";"DESPORTO COMUNITÁRIO";"2025";"367";"";"0";"0";"100012604";"FOLHA DE PAGAMENTO";"45780103000150";"";"0";"PROPRIA";"31901110";"ADICIONAL DE INSALUBRIDADE";"FOLHA DE PAGAMENTO";"1922.8";"2025";"L";"09/01/2025";"0";"01/01/2025";"31/01/2025";"23"
"UNIDADE DE GESTÃO DE ESPORTE E LAZER";"27";"DESPORTO E LAZER";"812";"DESPORTO COMUNITÁRIO";"2025";"368";"";"0";"0";"100012604";"FOLHA DE PAGAMENTO";"45780103000150";"";"0";"PROPRIA";"31901137";"GRATIFICACOES POR TEMPO DE SERVICO";"FOLHA DE PAGAMENTO";"99331.87";"2025";"L";"09/01/2025";"0";"01/01/2025";"31/01/2025";"23"
"UNIDADE DE GESTÃO DE ESPORTE E LAZER";"27";"DESPORTO E LAZER";"812";"DESPORTO COMUNITÁRIO";"2025";"369";"";"0";"0";"100012604";"FOLHA DE PAGAMENTO";"45780103000150";"";"0";"PROPRIA";"31901137";"GRATIFICACOES POR TEMPO DE SERVICO";"FOLHA DE PAGAMENTO";"39986.07";"2025";"L";"09/01/2025";"0";"01/01/2025";"31/01/2025";"23"
"UNIDADE DE GESTÃO DE ESPORTE E LAZER";"27";"DESPORTO E LAZER";"812";"DESPORTO COMUNITÁRIO";"2025";"370";"";"0";"0";"100012604";"FOLHA DE PAGAMENTO";"45780103000150";"";"0";"PROPRIA";"31901144";"FÉRIAS - ABONO PECUNIARIO";"FOLHA DE PAGAMENTO";"297648.24";"2025";"L";"09/01/2025";"0";"01/01/2025";"31/01/2025";"23"
"UNIDADE DE GESTÃO DE ESPORTE E LAZER";"27";"DESPORTO E LAZER";"812";"DESPORTO COMUNITÁRIO";"2025";"371";"";"0";"0";"100012604";"FOLHA DE PAGAMENTO";"45780103000150";"";"0";"PROPRIA";"31901144";"FÉRIAS - ABONO PECUNIARIO";"FOLHA DE PAGAMENTO";"55454.85";"2025";"L";"09/01/2025";"0";"01/01/2025";"31/01/2025";"23"
"UNIDADE DE GESTÃO DE ESPORTE E LAZER";"27";"DESPORTO E LAZER";"812";"DESPORTO COMUNITÁRIO";"2025";"372";"";"0";"0";"100012604";"FOLHA DE PAGAMENTO";"45780103000150";"";"0";"PROPRIA";"31901145";"FÉRIAS - ABONO CONSTITUICOES";"FOLHA DE PAGAMENTO";"192106.6";"2025";"L";"09/01/2025";"0";"01/01/2025";"31/01/2025";"23"
"UNIDADE DE GESTÃO DE ESPORTE E LAZER";"27";"DESPORTO E LAZER";"812";"DESPORTO COMUNITÁRIO";"2025";"373";"";"0";"0";"100012604";"FOLHA DE PAGAMENTO";"45780103000150";"";"0";"PROPRIA";"31901145";"FÉRIAS - ABONO CONSTITUICOES";"FOLHA DE PAGAMENTO";"39481.46";"2025";"L";"09/01/2025";"0";"01/01/2025";"31/01/2025";"23"
"UNIDADE DE GESTÃO DE ESPORTE E LAZER";"27";"DESPORTO E LAZER";"812";"DESPORTO COMUNITÁRIO";"2025";"374";"";"0";"0";"100012604";"FOLHA DE PAGAMENTO";"45780103000150";"";"0";"PROPRIA";"31901146";"FÉRIAS - PAGAMENTO ANTECIPADO - RPPS";"FOLHA DE PAGAMENTO";"65464.43";"2025";"L";"09/01/2025";"0";"01/01/2025";"31/01/2025";"23"
"UNIDADE DE GESTÃO DE ESPORTE E LAZER";"27";"DESPORTO E LAZER";"812";"DESPORTO COMUNITÁRIO";"2025";"375";"";"0";"0";"100012604";"FOLHA DE PAGAMENTO";"45780103000150";"";"0";"PROPRIA";"31901146";"FÉRIAS - PAGAMENTO ANTECIPADO - RPPS";"FOLHA DE PAGAMENTO";"340797.09";"2025";"L";"09/01/2025";"0";"01/01/2025";"31/01/2025";"23"
"UNIDADE DE GESTÃO DE ESPORTE E LAZER";"27";"DESPORTO E LAZER";"812";"DESPORTO COMUNITÁRIO";"2025";"376";"";"0";"0";"100012604";"FOLHA DE PAGAMENTO";"45780103000150";"";"0";"PROPRIA";"31901644";"SERVIÇOS EXTRAORDINÁRIOS";"FOLHA DE PAGAMENTO";"613.43";"2025";"L";"09/01/2025";"0";"01/01/2025";"31/01/2025";"23"
"UNIDADE DE GESTÃO DE ESPORTE E LAZER";"27";"DESPORTO E LAZER";"812";"DESPORTO COMUNITÁRIO";"2025";"377";"";"0";"0";"100012604";"FOLHA DE PAGAMENTO";"45780103000150";"";"0";"PROPRIA";"31901644";"SERVIÇOS EXTRAORDINÁRIOS";"FOLHA DE PAGAMENTO";"14370.36";"2025";"L";"09/01/2025";"0";"01/01/2025";"31/01/2025";"23"
"UNIDADE DE GESTÃO DE GOVERNO E FINANÇAS";"4";"ADMINISTRAÇÃO";"122";"ADMINISTRAÇÃO GERAL";"2025";"378";"";"0";"0";"100005400";"TABELIAO PROTESTO LET.TITUL.COM.JUNDIAI";"14437841000175";"";"0";"PROPRIA";"33903966";"SERVICOS JUDICIARIOS";"SERVICOS DE CARTORIOS(P. JURIDICAS).";"14772.74";"2025";"L";"08/01/2025";"0";"01/01/2025";"31/01/2025";"8"
"UNIDADE GESTÃO DE ASSISTÊNCIA E DESENVOLV. SOCIAL";"8";"ASSISTÊNCIA SOCIAL";"244";"ASSISTÊNCIA COMUNITÁRIA";"2025";"383";"";"0";"0";"100003205";"REDE DE ASSIST VICENTINA DE JUNDIAI";"50971720000172";"";"0";"PROPRIA";"33503901";"TERMO DE COLABORAÇÃO";"CONVENIO MROSC - LEI 13019/2014 - MARCO REGUL.ORG.SOC.CIVIL";"73799.44";"2025";"L";"14/01/2025";"0";"01/01/2025";"31/01/2025";"15"
"UNIDADE DE GESTÃO DE EDUCAÇÃO";"12";"EDUCAÇÃO";"306";"ALIMENTAÇÃO E NUTRIÇÃO";"2025";"384";"2023";"197";"14";"100030080";"FRUTICULTURA CONSUL COMERCIO DE HORTIFRUTI LTDA";"03563945000100";"PREGÃO ELETRÔNICO";"6105";"FNDE/PNAE (MERENDA ESCOLAR)";"33903007";"GENEROS DE ALIMENTACAO";"TOMATE MADURO EXTRA AA. C/DISTR. NAS ESCOLAS";"18";"2025";"L";"28/01/2025";"0";"01/01/2025";"31/01/2025";"13"
"UNIDADE DE GESTÃO DE EDUCAÇÃO";"12";"EDUCAÇÃO";"306";"ALIMENTAÇÃO E NUTRIÇÃO";"2025";"384";"2023";"197";"14";"100030080";"FRUTICULTURA CONSUL COMERCIO DE HORTIFRUTI LTDA";"03563945000100";"PREGÃO ELETRÔNICO";"6105";"FNDE/PNAE (MERENDA ESCOLAR)";"33903007";"GENEROS DE ALIMENTACAO";"MAMAO FORMOSA TIPO A";"30";"2025";"L";"28/01/2025";"0";"01/01/2025";"31/01/2025";"13"
"UNIDADE DE GESTÃO DE EDUCAÇÃO";"12";"EDUCAÇÃO";"306";"ALIMENTAÇÃO E NUTRIÇÃO";"2025";"384";"2023";"197";"14";"100030080";"FRUTICULTURA CONSUL COMERCIO DE HORTIFRUTI LTDA";"03563945000100";"PREGÃO ELETRÔNICO";"6105";"FNDE/PNAE (MERENDA ESCOLAR)";"33903007";"GENEROS DE ALIMENTACAO";"MANGA PALMER. TIPO 12 FRUTOS";"58.95";"2025";"L";"28/01/2025";"0";"01/01/2025";"31/01/2025";"13"
"UNIDADE DE GESTÃO DE EDUCAÇÃO";"12";"EDUCAÇÃO";"306";"ALIMENTAÇÃO E NUTRIÇÃO";"2025";"384";"2023";"197";"14";"100030080";"FRUTICULTURA CONSUL COMERCIO DE HORTIFRUTI LTDA";"03563945000100";"PREGÃO ELETRÔNICO";"6105";"FNDE/PNAE (MERENDA ESCOLAR)";"33903007";"GENEROS DE ALIMENTACAO";"OVO BRANCO EXTRA";"94.16";"2025";"L";"28/01/2025";"0";"01/01/2025";"31/01/2025";"13"
"UNIDADE DE GESTÃO DE EDUCAÇÃO";"12";"EDUCAÇÃO";"306";"ALIMENTAÇÃO E NUTRIÇÃO";"2025";"384";"2023";"197";"14";"100030080";"FRUTICULTURA CONSUL COMERCIO DE HORTIFRUTI LTDA";"03563945000100";"PREGÃO ELETRÔNICO";"6105";"FNDE/PNAE (MERENDA ESCOLAR)";"33903007";"GENEROS DE ALIMENTACAO";"CEBOLA GRAUDA";"15.18";"2025";"L";"28/01/2025";"0";"01/01/2025";"31/01/2025";"13"
"UNIDADE DE GESTÃO DE EDUCAÇÃO";"12";"EDUCAÇÃO";"306";"ALIMENTAÇÃO E NUTRIÇÃO";"2025";"384";"2023";"197";"14";"100030080";"FRUTICULTURA CONSUL COMERCIO DE HORTIFRUTI LTDA";"03563945000100";"PREGÃO ELETRÔNICO";"6105";"FNDE/PNAE (MERENDA ESCOLAR)";"33903007";"GENEROS DE ALIMENTACAO";"LARANJA PERA TIPO A";"38.92";"2025";"L";"28/01/2025";"0";"01/01/2025";"31/01/2025";"13"
"UNIDADE DE GESTÃO DE EDUCAÇÃO";"12";"EDUCAÇÃO";"306";"ALIMENTAÇÃO E NUTRIÇÃO";"2025";"384";"2023";"197";"14";"100030080";"FRUTICULTURA CONSUL COMERCIO DE HORTIFRUTI LTDA";"03563945000100";"PREGÃO ELETRÔNICO";"6105";"FNDE/PNAE (MERENDA ESCOLAR)";"33903007";"GENEROS DE ALIMENTACAO";"MACA NACIONAL GALA.TIPO 163-180 FRUTOS";"45.3";"2025";"L";"28/01/2025";"0";"01/01/2025";"31/01/2025";"13"
"UNIDADE DE GESTÃO DE EDUCAÇÃO";"12";"EDUCAÇÃO";"306";"ALIMENTAÇÃO E NUTRIÇÃO";"2025";"384";"2023";"197";"14";"100030080";"FRUTICULTURA CONSUL COMERCIO DE HORTIFRUTI LTDA";"03563945000100";"PREGÃO ELETRÔNICO";"6105";"FNDE/PNAE (MERENDA ESCOLAR)";"33903007";"GENEROS DE ALIMENTACAO";"MELAO AMARELO TIPO 6 A 7 FRUTOS";"32.8";"2025";"L";"28/01/2025";"0";"01/01/2025";"31/01/2025";"13"
"UNIDADE DE GESTÃO DE EDUCAÇÃO";"12";"EDUCAÇÃO";"306";"ALIMENTAÇÃO E NUTRIÇÃO";"2025";"384";"2023";"197";"14";"100030080";"FRUTICULTURA CONSUL COMERCIO DE HORTIFRUTI LTDA";"03563945000100";"PREGÃO ELETRÔNICO";"6105";"FNDE/PNAE (MERENDA ESCOLAR)";"33903007";"GENEROS DE ALIMENTACAO";"ABACAXI PEROLA A GRAUDO";"52.02";"2025";"L";"28/01/2025";"0";"01/01/2025";"31/01/2025";"13"
"UNIDADE GESTÃO DE ASSISTÊNCIA E DESENVOLV. SOCIAL";"8";"ASSISTÊNCIA SOCIAL";"244";"ASSISTÊNCIA COMUNITÁRIA";"2025";"388";"";"0";"0";"100038510";"ASSOCIACAO PESTALOZZI DE SUMARE";"57501611000130";"";"0";"PROPRIA";"33503901";"TERMO DE COLABORAÇÃO";"CONVENIO MROSC - LEI 13019/2014 - MARCO REGUL.ORG.SOC.CIVIL";"71062.14";"2025";"L";"14/01/2025";"0";"01/01/2025";"31/01/2025";"15"
"UNIDADE GESTÃO DE ASSISTÊNCIA E DESENVOLV. SOCIAL";"8";"ASSISTÊNCIA SOCIAL";"244";"ASSISTÊNCIA COMUNITÁRIA";"2025";"390";"";"0";"0";"100033697";"ASSOCIAÇÃO ALMATER";"15670588000168";"";"0";"PROPRIA";"33503901";"TERMO DE COLABORAÇÃO";"CONVENIO MROSC - LEI 13019/2014 - MARCO REGUL.ORG.SOC.CIVIL";"42764.56";"2025";"L";"14/01/2025";"0";"01/01/2025";"31/01/2025";"15"
"UNIDADE GESTÃO DE ASSISTÊNCIA E DESENVOLV. SOCIAL";"8";"ASSISTÊNCIA SOCIAL";"244";"ASSISTÊNCIA COMUNITÁRIA";"2025";"394";"";"0";"0";"100002054";"CARITAS DIOCESANA DE JUNDIAI";"02073048000155";"";"0";"PROPRIA";"33503901";"TERMO DE COLABORAÇÃO";"CONVENIO MROSC - LEI 13019/2014 - MARCO REGUL.ORG.SOC.CIVIL";"34091.01";"2025";"L";"14/01/2025";"0";"01/01/2025";"31/01/2025";"15"
"UNIDADE GESTÃO DE ASSISTÊNCIA E DESENVOLV. SOCIAL";"8";"ASSISTÊNCIA SOCIAL";"243";"ASSISTÊNCIA À CRIANÇA E AO ADOLESCENTE";"2025";"398";"";"0";"0";"4010799";"CASA TRANSITORIA N. SENHORA APARECIDA";"51887826000155";"";"0";"PROPRIA";"33503901";"TERMO DE COLABORAÇÃO";"CONVENIO MROSC - LEI 13019/2014 - MARCO REGUL.ORG.SOC.CIVIL";"100000";"2025";"L";"14/01/2025";"0";"01/01/2025";"31/01/2025";"15"
"UNIDADE DE GESTÃO DE EDUCAÇÃO";"12";"EDUCAÇÃO";"306";"ALIMENTAÇÃO E NUTRIÇÃO";"2025";"400";"2024";"107";"14";"100027326";"MAJO IND E COM DE PROD ALIM NAT LTDA ME";"11483973000145";"PREGÃO ELETRÔNICO";"6105";"FNDE/PNAE (MERENDA ESCOLAR)";"33903007";"GENEROS DE ALIMENTACAO";"BISCOITO SALGADO DE MANDIOCA. SABOR QUEIJO. SEM GLUTEN";"5700";"2025";"L";"27/01/2025";"0";"01/01/2025";"31/01/2025";"13"
"UNIDADE DE GESTÃO DE EDUCAÇÃO";"12";"EDUCAÇÃO";"306";"ALIMENTAÇÃO E NUTRIÇÃO";"2025";"400";"2024";"107";"14";"100027326";"MAJO IND E COM DE PROD ALIM NAT LTDA ME";"11483973000145";"PREGÃO ELETRÔNICO";"6105";"FNDE/PNAE (MERENDA ESCOLAR)";"33903007";"GENEROS DE ALIMENTACAO";"BISCOITO COOKIE GOTAS DE CHOCOLATE.S/ LACTOSE";"12234";"2025";"L";"27/01/2025";"0";"01/01/2025";"31/01/2025";"13"
"UNIDADE GESTÃO DE ASSISTÊNCIA E DESENVOLV. SOCIAL";"8";"ASSISTÊNCIA SOCIAL";"243";"ASSISTÊNCIA À CRIANÇA E AO ADOLESCENTE";"2025";"402";"";"0";"0";"100006684";"ASSOCIACAO E COMUNIDADE CASA DE NAZARE";"05137060000174";"";"0";"PROPRIA";"33503901";"TERMO DE COLABORAÇÃO";"CONVENIO MROSC - LEI 13019/2014 - MARCO REGUL.ORG.SOC.CIVIL";"191000";"2025";"L";"14/01/2025";"0";"01/01/2025";"31/01/2025";"15"
"UNIDADE GESTÃO DE ASSISTÊNCIA E DESENVOLV. SOCIAL";"8";"ASSISTÊNCIA SOCIAL";"244";"ASSISTÊNCIA COMUNITÁRIA";"2025";"404";"";"0";"0";"100001021";"CASA SANTA MARTA";"02818105000188";"";"0";"PROPRIA";"33503901";"TERMO DE COLABORAÇÃO";"CONVENIO MROSC - LEI 13019/2014 - MARCO REGUL.ORG.SOC.CIVIL";"10883.49";"2025";"L";"14/01/2025";"0";"01/01/2025";"31/01/2025";"15"
"UNIDADE DE GESTÃO DE EDUCAÇÃO";"12";"EDUCAÇÃO";"306";"ALIMENTAÇÃO E NUTRIÇÃO";"2025";"410";"2024";"159";"14";"100015605";"EMPORIO FAHL LTDA EPP";"50046291000127";"PREGÃO ELETRÔNICO";"6121";"FNDE/PNAC";"33903007";"GENEROS DE ALIMENTACAO";"ARROZ PARBOILIZADO INTEGRAL. TIPO 1.EMB.PLASTICA DE 1 A 2 KG";"131.4";"2025";"L";"21/01/2025";"0";"01/01/2025";"31/01/2025";"13"
"UNIDADE DE GESTÃO DE EDUCAÇÃO";"12";"EDUCAÇÃO";"361";"ENSINO FUNDAMENTAL";"2025";"412";"2023";"384";"14";"100046763";"29.984.504 GESLEY LIMA BARBOSA ME";"29984504000175";"PREGÃO ELETRÔNICO";"0";"PROPRIA";"33903007";"GENEROS DE ALIMENTACAO";"AGUA MINERAL SEM GAS. GALAO COM 20 LITROS.";"415.58";"2025";"L";"14/01/2025";"0";"01/01/2025";"31/01/2025";"13"
"UNIDADE GESTÃO DE ASSISTÊNCIA E DESENVOLV. SOCIAL";"8";"ASSISTÊNCIA SOCIAL";"244";"ASSISTÊNCIA COMUNITÁRIA";"2025";"415";"";"0";"0";"100053302";"INDESC INSTITUTO NACIONAL DE DESENVOLVIMENTO SOCIA";"07393987000109";"";"0";"PROPRIA";"33503901";"TERMO DE COLABORAÇÃO";"CONVENIO MROSC - LEI 13019/2014 - MARCO REGUL.ORG.SOC.CIVIL";"81538.47";"2025";"L";"14/01/2025";"0";"01/01/2025";"31/01/2025";"15"
"UNIDADE GESTÃO DE ASSISTÊNCIA E DESENVOLV. SOCIAL";"8";"ASSISTÊNCIA SOCIAL";"243";"ASSISTÊNCIA À CRIANÇA E AO ADOLESCENTE";"2025";"417";"";"0";"0";"4010799";"CASA TRANSITORIA N. SENHORA APARECIDA";"51887826000155";"";"0";"PROPRIA";"33503901";"TERMO DE COLABORAÇÃO";"CONVENIO MROSC - LEI 13019/2014 - MARCO REGUL.ORG.SOC.CIVIL";"43400";"2025";"L";"14/01/2025";"0";"01/01/2025";"31/01/2025";"15"
"UNIDADE DE GESTÃO DE EDUCAÇÃO";"12";"EDUCAÇÃO";"361";"ENSINO FUNDAMENTAL";"2025";"421";"";"0";"0";"100000736";"SECRETARIA DE ESTADO DA EDUCACAO";"46384111000140";"";"5203";"FUNDO MANUT.DES.ED.BÁSICA E VALOR.PROF.MAG.-FUNDEB";"33909299";"OUTRAS DESPESAS CORRENTES";"DESPESAS RESULT.DE LEIS. DEC.. CONV.. ACORDOS(PESSOAL CONV.)";"135225.79";"2025";"L";"13/01/2025";"0";"01/01/2025";"31/01/2025";"13"
"UNIDADE DE GESTÃO DE PROMOÇÃO DA SAÚDE";"10";"SAÚDE";"302";"ASSISTÊNCIA HOSPITALAR E AMBULATORIAL";"2025";"422";"";"0";"0";"100034036";"ASSOCIACAO FUNDO DE INCENTIVO A PESQUISA";"47673793008743";"";"5001";"FUNDO NACIONAL DE SAUDE - MS/SAS";"33503956";"OUTROS SERVIÇOS DE ASSISTÊNCIA À SAÚDE";"SERVICOS DE SAUDE(P. JURIDICAS).";"143441.16";"2025";"L";"14/01/2025";"0";"01/01/2025";"31/01/2025";"14"
"UNIDADE DE GESTÃO DE SEGURANÇA MUNICIPAL";"4";"ADMINISTRAÇÃO";"181";"POLICIAMENTO";"2025";"425";"2022";"183";"14";"100046928";"MAPEMA FITNESS LOC DE EQU ESPORTIVOS LTDA ME";"43486159000170";"PREGÃO ELETRÔNICO";"0";"PROPRIA";"33903912";"LOCACAO DE MAQUINAS E EQUIPAMENTOS";"LOCACAO DE EQUIPAMENTO PARA ACADEMIA";"5332.78";"2025";"L";"29/01/2025";"0";"01/01/2025";"31/01/2025";"19"
"UNIDADE GESTÃO DE ASSISTÊNCIA E DESENVOLV. SOCIAL";"8";"ASSISTÊNCIA SOCIAL";"244";"ASSISTÊNCIA COMUNITÁRIA";"2025";"428";"";"0";"0";"100011787";"ACOLHIMENTO BOM PASTOR";"04115907000157";"";"0";"PROPRIA";"33503901";"TERMO DE COLABORAÇÃO";"CONVENIO MROSC - LEI 13019/2014 - MARCO REGUL.ORG.SOC.CIVIL";"43181";"2025";"L";"14/01/2025";"0";"01/01/2025";"31/01/2025";"15"
"UNIDADE DE GESTÃO DE PROMOÇÃO DA SAÚDE";"10";"SAÚDE";"302";"ASSISTÊNCIA HOSPITALAR E AMBULATORIAL";"2025";"430";"";"0";"0";"100022427";"ASSOCIACAO FUNDO DE INCENTIVO A PESQUISA";"47673793000416";"";"5001";"FUNDO NACIONAL DE SAUDE - MS/SAS";"33503955";"SERVIÇOS LABORATORIAIS";"SERVICOS DE SAUDE(P. JURIDICAS).";"703500";"2025";"L";"14/01/2025";"0";"01/01/2025";"31/01/2025";"14"
"UNIDADE DE GESTÃO DE PROMOÇÃO DA SAÚDE";"10";"SAÚDE";"302";"ASSISTÊNCIA HOSPITALAR E AMBULATORIAL";"2025";"435";"2023";"434";"14";"100039646";"MEDICAM DISTRIBUIDORA LTDA";"29494115000161";"PREGÃO ELETRÔNICO";"0";"PROPRIA";"33903098";"OUTROS MATERIAIS DE CONSUMO DECORRENTE DE DECISÃO";"DIETA ENTERAL HIPERCALORICA COM FIBRAS";"4572";"2025";"L";"28/01/2025";"0";"01/01/2025";"31/01/2025";"14"
"UNIDADE DE GESTÃO DE PROMOÇÃO DA SAÚDE";"10";"SAÚDE";"302";"ASSISTÊNCIA HOSPITALAR E AMBULATORIAL";"2025";"439";"";"0";"0";"1091917";"GRP EM DEF.DA CRIANCA C/ CANCER GRENDACC";"00797397000194";"";"5001";"FUNDO NACIONAL DE SAUDE - MS/SAS";"33503952";"SERVIÇOS MÉDICO-HOSPITALARES PRESTADOS EM UNIDADES";"SERVICOS DE SAUDE(P. JURIDICAS).";"171000";"2025";"L";"09/01/2025";"0";"01/01/2025";"31/01/2025";"14"
"UNIDADE DE GESTÃO DE PROMOÇÃO DA SAÚDE";"10";"SAÚDE";"302";"ASSISTÊNCIA HOSPITALAR E AMBULATORIAL";"2025";"440";"";"0";"0";"1091917";"GRP EM DEF.DA CRIANCA C/ CANCER GRENDACC";"00797397000194";"";"0";"PROPRIA";"33503952";"SERVIÇOS MÉDICO-HOSPITALARES PRESTADOS EM UNIDADES";"SERVICOS DE SAUDE(P. JURIDICAS).";"100000";"2025";"L";"09/01/2025";"0";"01/01/2025";"31/01/2025";"14"
"UNIDADE GESTÃO DE ASSISTÊNCIA E DESENVOLV. SOCIAL";"8";"ASSISTÊNCIA SOCIAL";"244";"ASSISTÊNCIA COMUNITÁRIA";"2025";"444";"";"0";"0";"100055627";"RAYNARA DOS SANTOS SILVA";"51132058856";"";"0";"PROPRIA";"33904899";"DEMAIS AUXÍLIOS FINANCEIROS A PESSOAS FÍSICAS";"AUXILIO VULNERABILIDADE";"988.4";"2025";"L";"20/01/2025";"0";"01/01/2025";"31/01/2025";"15"
"UNIDADE GESTÃO DE ASSISTÊNCIA E DESENVOLV. SOCIAL";"8";"ASSISTÊNCIA SOCIAL";"244";"ASSISTÊNCIA COMUNITÁRIA";"2025";"445";"";"0";"0";"100040150";"SARA APARECIDA LEAL SILVA";"41159689822";"";"0";"PROPRIA";"33904899";"DEMAIS AUXÍLIOS FINANCEIROS A PESSOAS FÍSICAS";"AUXILIO VULNERABILIDADE";"706";"2025";"L";"20/01/2025";"0";"01/01/2025";"31/01/2025";"15"
"UNIDADE GESTÃO DE ASSISTÊNCIA E DESENVOLV. SOCIAL";"8";"ASSISTÊNCIA SOCIAL";"244";"ASSISTÊNCIA COMUNITÁRIA";"2025";"446";"";"0";"0";"100056457";"JOSE GOMES";"06956696568";"";"0";"PROPRIA";"33904899";"DEMAIS AUXÍLIOS FINANCEIROS A PESSOAS FÍSICAS";"AUXILIO VULNERABILIDADE";"988.4";"2025";"L";"20/01/2025";"0";"01/01/2025";"31/01/2025";"15"
"UNIDADE GESTÃO DE ASSISTÊNCIA E DESENVOLV. SOCIAL";"8";"ASSISTÊNCIA SOCIAL";"244";"ASSISTÊNCIA COMUNITÁRIA";"2025";"447";"";"0";"0";"100056467";"TELMA DE JESUS SANTOS";"01913836517";"";"0";"PROPRIA";"33904899";"DEMAIS AUXÍLIOS FINANCEIROS A PESSOAS FÍSICAS";"AUXILIO VULNERABILIDADE";"423.6";"2025";"L";"20/01/2025";"0";"01/01/2025";"31/01/2025";"15"
"UNIDADE GESTÃO DE ASSISTÊNCIA E DESENVOLV. SOCIAL";"8";"ASSISTÊNCIA SOCIAL";"244";"ASSISTÊNCIA COMUNITÁRIA";"2025";"448";"";"0";"0";"100056129";"BEATRIZ CRISTINA CAMPOS SANTANA";"57769173876";"";"0";"PROPRIA";"33904899";"DEMAIS AUXÍLIOS FINANCEIROS A PESSOAS FÍSICAS";"AUXILIO VULNERABILIDADE";"988.4";"2025";"L";"20/01/2025";"0";"01/01/2025";"31/01/2025";"15"
"UNIDADE GESTÃO DE ASSISTÊNCIA E DESENVOLV. SOCIAL";"8";"ASSISTÊNCIA SOCIAL";"244";"ASSISTÊNCIA COMUNITÁRIA";"2025";"449";"";"0";"0";"100057153";"JOSIANE GOMES DE OLIVEIRA";"37166483881";"";"0";"PROPRIA";"33904899";"DEMAIS AUXÍLIOS FINANCEIROS A PESSOAS FÍSICAS";"AUXILIO VULNERABILIDADE";"706";"2025";"L";"20/01/2025";"0";"01/01/2025";"31/01/2025";"15"
"UNIDADE GESTÃO DE ASSISTÊNCIA E DESENVOLV. SOCIAL";"8";"ASSISTÊNCIA SOCIAL";"244";"ASSISTÊNCIA COMUNITÁRIA";"2025";"450";"";"0";"0";"100057154";"CLEONICE DA SILVA RODRIGUES";"37160347897";"";"0";"PROPRIA";"33904899";"DEMAIS AUXÍLIOS FINANCEIROS A PESSOAS FÍSICAS";"AUXILIO VULNERABILIDADE";"423.6";"2025";"L";"21/01/2025";"0";"01/01/2025";"31/01/2025";"15"
"UNIDADE GESTÃO DE ASSISTÊNCIA E DESENVOLV. SOCIAL";"8";"ASSISTÊNCIA SOCIAL";"244";"ASSISTÊNCIA COMUNITÁRIA";"2025";"451";"";"0";"0";"100025418";"ALINE VIVIANE SPINELLI";"29004265880";"";"0";"PROPRIA";"33904899";"DEMAIS AUXÍLIOS FINANCEIROS A PESSOAS FÍSICAS";"AUXILIO VULNERABILIDADE";"988.4";"2025";"L";"20/01/2025";"0";"01/01/2025";"31/01/2025";"15"
"UNIDADE GESTÃO DE ASSISTÊNCIA E DESENVOLV. SOCIAL";"8";"ASSISTÊNCIA SOCIAL";"244";"ASSISTÊNCIA COMUNITÁRIA";"2025";"452";"";"0";"0";"100054181";"CAROLINE DOS SANTOS REIS";"53269925824";"";"0";"PROPRIA";"33904899";"DEMAIS AUXÍLIOS FINANCEIROS A PESSOAS FÍSICAS";"AUXILIO VULNERABILIDADE";"988.4";"2025";"L";"21/01/2025";"0";"01/01/2025";"31/01/2025";"15"
"UNIDADE GESTÃO DE ASSISTÊNCIA E DESENVOLV. SOCIAL";"8";"ASSISTÊNCIA SOCIAL";"244";"ASSISTÊNCIA COMUNITÁRIA";"2025";"453";"";"0";"0";"100056451";"JOSEFA FARIAS DE ANDRADE";"02452770485";"";"0";"PROPRIA";"33904899";"DEMAIS AUXÍLIOS FINANCEIROS A PESSOAS FÍSICAS";"AUXILIO VULNERABILIDADE";"988.4";"2025";"L";"20/01/2025";"0";"01/01/2025";"31/01/2025";"15"
"UNIDADE GESTÃO DE ASSISTÊNCIA E DESENVOLV. SOCIAL";"8";"ASSISTÊNCIA SOCIAL";"244";"ASSISTÊNCIA COMUNITÁRIA";"2025";"454";"";"0";"0";"100056719";"CLEUZA APARECIDA ALVES BARROSO";"29681881869";"";"0";"PROPRIA";"33904899";"DEMAIS AUXÍLIOS FINANCEIROS A PESSOAS FÍSICAS";"AUXILIO VULNERABILIDADE";"423.6";"2025";"L";"20/01/2025";"0";"01/01/2025";"31/01/2025";"15"
"UNIDADE GESTÃO DE ASSISTÊNCIA E DESENVOLV. SOCIAL";"8";"ASSISTÊNCIA SOCIAL";"244";"ASSISTÊNCIA COMUNITÁRIA";"2025";"455";"";"0";"0";"100057538";"ANA LUCIA MOREIRA";"06845360804";"";"0";"PROPRIA";"33904899";"DEMAIS AUXÍLIOS FINANCEIROS A PESSOAS FÍSICAS";"AUXILIO VULNERABILIDADE";"706";"2025";"L";"21/01/2025";"0";"01/01/2025";"31/01/2025";"15"
"UNIDADE GESTÃO DE ASSISTÊNCIA E DESENVOLV. SOCIAL";"8";"ASSISTÊNCIA SOCIAL";"244";"ASSISTÊNCIA COMUNITÁRIA";"2025";"456";"";"0";"0";"100055555";"GISLAINE ESTEVAN DA SILVA RODRIGUES";"23871855871";"";"0";"PROPRIA";"33904899";"DEMAIS AUXÍLIOS FINANCEIROS A PESSOAS FÍSICAS";"AUXILIO VULNERABILIDADE";"988.4";"2025";"L";"21/01/2025";"0";"01/01/2025";"31/01/2025";"15"
"UNIDADE GESTÃO DE ASSISTÊNCIA E DESENVOLV. SOCIAL";"8";"ASSISTÊNCIA SOCIAL";"244";"ASSISTÊNCIA COMUNITÁRIA";"2025";"457";"";"0";"0";"100050943";"KAIO VICTOR MENDES DOS SANTOS";"47661432803";"";"0";"PROPRIA";"33904899";"DEMAIS AUXÍLIOS FINANCEIROS A PESSOAS FÍSICAS";"AUXILIO VULNERABILIDADE";"988.4";"2025";"L";"20/01/2025";"0";"01/01/2025";"31/01/2025";"15"
"UNIDADE GESTÃO DE ASSISTÊNCIA E DESENVOLV. SOCIAL";"8";"ASSISTÊNCIA SOCIAL";"244";"ASSISTÊNCIA COMUNITÁRIA";"2025";"458";"";"0";"0";"100056971";"JAMILE DE OLIVEIRA";"37106280836";"";"0";"PROPRIA";"33904899";"DEMAIS AUXÍLIOS FINANCEIROS A PESSOAS FÍSICAS";"AUXILIO VULNERABILIDADE";"988.4";"2025";"L";"21/01/2025";"0";"01/01/2025";"31/01/2025";"15"
"UNIDADE GESTÃO DE ASSISTÊNCIA E DESENVOLV. SOCIAL";"8";"ASSISTÊNCIA SOCIAL";"244";"ASSISTÊNCIA COMUNITÁRIA";"2025";"459";"";"0";"0";"100048939";"PAOLA VIEIRA";"50442581807";"";"0";"PROPRIA";"33904899";"DEMAIS AUXÍLIOS FINANCEIROS A PESSOAS FÍSICAS";"AUXILIO VULNERABILIDADE";"988.4";"2025";"L";"20/01/2025";"0";"01/01/2025";"31/01/2025";"15"
"UNIDADE GESTÃO DE ASSISTÊNCIA E DESENVOLV. SOCIAL";"8";"ASSISTÊNCIA SOCIAL";"244";"ASSISTÊNCIA COMUNITÁRIA";"2025";"460";"";"0";"0";"4010807";"CENTRO COMUNITARIO DE VILA HORTOLANDIA";"44644557000130";"";"0";"PROPRIA";"33503901";"TERMO DE COLABORAÇÃO";"CONVENIO MROSC - LEI 13019/2014 - MARCO REGUL.ORG.SOC.CIVIL";"73166.66";"2025";"L";"14/01/2025";"0";"01/01/2025";"31/01/2025";"15"
"UNIDADE GESTÃO DE ASSISTÊNCIA E DESENVOLV. SOCIAL";"8";"ASSISTÊNCIA SOCIAL";"244";"ASSISTÊNCIA COMUNITÁRIA";"2025";"461";"";"0";"0";"100011787";"ACOLHIMENTO BOM PASTOR";"04115907000157";"";"0";"PROPRIA";"33503901";"TERMO DE COLABORAÇÃO";"CONVENIO MROSC - LEI 13019/2014 - MARCO REGUL.ORG.SOC.CIVIL";"22727";"2025";"L";"14/01/2025";"0";"01/01/2025";"31/01/2025";"15"
"UNIDADE GESTÃO DE ASSISTÊNCIA E DESENVOLV. SOCIAL";"8";"ASSISTÊNCIA SOCIAL";"244";"ASSISTÊNCIA COMUNITÁRIA";"2025";"463";"";"0";"0";"100011787";"ACOLHIMENTO BOM PASTOR";"04115907000157";"";"0";"PROPRIA";"33503901";"TERMO DE COLABORAÇÃO";"CONVENIO MROSC - LEI 13019/2014 - MARCO REGUL.ORG.SOC.CIVIL";"22727";"2025";"L";"14/01/2025";"0";"01/01/2025";"31/01/2025";"15"
"UNIDADE GESTÃO DE ASSISTÊNCIA E DESENVOLV. SOCIAL";"8";"ASSISTÊNCIA SOCIAL";"244";"ASSISTÊNCIA COMUNITÁRIA";"2025";"484";"";"0";"0";"100011787";"ACOLHIMENTO BOM PASTOR";"04115907000157";"";"0";"PROPRIA";"33503901";"TERMO DE COLABORAÇÃO";"CONVENIO MROSC - LEI 13019/2014 - MARCO REGUL.ORG.SOC.CIVIL";"22727";"2025";"L";"14/01/2025";"0";"01/01/2025";"31/01/2025";"15"
"UNIDADE DE GESTÃO DE GOVERNO E FINANÇAS";"28";"ENCARGOS ESPECIAIS";"846";"OUTROS ENCARGOS ESPECIAIS";"2025";"486";"";"0";"0";"100034572";"DEFENSORIA PÚBLICA DO ESTADO DE SÃO PAULO";"08036157000189";"";"0";"PROPRIA";"33909115";"SENTENÇAS JUDICIAIS DE PEQUENO VALOR";"DESPESAS OBRIGATORIAS E/OU JUDICIAIS(P. JURIDICAS).";"2123.14";"2025";"L";"15/01/2025";"0";"01/01/2025";"31/01/2025";"8"
"UNIDADE DE GESTÃO DE GOVERNO E FINANÇAS";"28";"ENCARGOS ESPECIAIS";"846";"OUTROS ENCARGOS ESPECIAIS";"2025";"487";"";"0";"0";"100057730";"LEANDRO ANTONIO SQUAIELLA";"25824560803";"";"0";"PROPRIA";"33909115";"SENTENÇAS JUDICIAIS DE PEQUENO VALOR";"DESPESAS OBRIGATORIAS E/OU JUDICIAIS(P. FISICAS).";"10441.78";"2025";"L";"15/01/2025";"0";"01/01/2025";"31/01/2025";"8"
"UNIDADE DE GESTÃO DE GOVERNO E FINANÇAS";"28";"ENCARGOS ESPECIAIS";"846";"OUTROS ENCARGOS ESPECIAIS";"2025";"488";"";"0";"0";"100043939";"LUIZ MARCELO FERREIRA";"11932209808";"";"0";"PROPRIA";"33909115";"SENTENÇAS JUDICIAIS DE PEQUENO VALOR";"DESPESAS OBRIGATORIAS E/OU JUDICIAIS(P. FISICAS).";"39754.35";"2025";"L";"15/01/2025";"0";"01/01/2025";"31/01/2025";"8"
"UNIDADE DE GESTÃO DE GOVERNO E FINANÇAS";"28";"ENCARGOS ESPECIAIS";"846";"OUTROS ENCARGOS ESPECIAIS";"2025";"489";"";"0";"0";"100047025";"RODRIGO DONIZETE FONTANA DE OLIVEIRA";"35904286864";"";"0";"PROPRIA";"33909115";"SENTENÇAS JUDICIAIS DE PEQUENO VALOR";"DESPESAS OBRIGATORIAS E/OU JUDICIAIS(P. FISICAS).";"38786.1";"2025";"L";"15/01/2025";"0";"01/01/2025";"31/01/2025";"8"
"UNIDADE DE GESTÃO DE GOVERNO E FINANÇAS";"28";"ENCARGOS ESPECIAIS";"846";"OUTROS ENCARGOS ESPECIAIS";"2025";"490";"";"0";"0";"100050076";"KLEIBER HENRIQUE DOS SANTOS";"02692968409";"";"0";"PROPRIA";"33909115";"SENTENÇAS JUDICIAIS DE PEQUENO VALOR";"DESPESAS OBRIGATORIAS E/OU JUDICIAIS(P. FISICAS).";"29727.74";"2025";"L";"15/01/2025";"0";"01/01/2025";"31/01/2025";"8"
"UNIDADE DE GESTÃO DE GOVERNO E FINANÇAS";"28";"ENCARGOS ESPECIAIS";"846";"OUTROS ENCARGOS ESPECIAIS";"2025";"491";"";"0";"0";"100050560";"MARCELA APARECIDA FELICIANO DE CAMPOS";"30658298860";"";"0";"PROPRIA";"33909115";"SENTENÇAS JUDICIAIS DE PEQUENO VALOR";"DESPESAS OBRIGATORIAS E/OU JUDICIAIS(P. FISICAS).";"42360";"2025";"L";"15/01/2025";"0";"01/01/2025";"31/01/2025";"8"
"UNIDADE GESTÃO DE INOVAÇÃO E RELAÇÃO COM O CIDADÃO";"4";"ADMINISTRAÇÃO";"122";"ADMINISTRAÇÃO GERAL";"2025";"492";"2024";"70";"14";"1001791";"COMERCIAL JOAO AFONSO LTDA.";"53437315000167";"PREGÃO ELETRÔNICO";"0";"PROPRIA";"33903007";"GENEROS DE ALIMENTACAO";"CAFE TORRADO E MOIDO. COM 500G. QUAL. GLOBAL MIN. 4.8 PONTOS";"1149";"2025";"L";"23/01/2025";"0";"01/01/2025";"31/01/2025";"4"
"UNIDADE GESTÃO DE INOVAÇÃO E RELAÇÃO COM O CIDADÃO";"4";"ADMINISTRAÇÃO";"122";"ADMINISTRAÇÃO GERAL";"2025";"493";"2024";"70";"14";"100035037";"VIDILLI & VIDILLI LTDA ME";"14019171000177";"PREGÃO ELETRÔNICO";"0";"PROPRIA";"33903021";"MATERIAL DE COPA E COZINHA";"FILTRO DE PAPEL. PARA COAR CAFE. N.103. 30 UNIDADES";"37.32";"2025";"L";"23/01/2025";"0";"01/01/2025";"31/01/2025";"4"
"UNIDADE DE GESTÃO DE GOVERNO E FINANÇAS";"28";"ENCARGOS ESPECIAIS";"846";"OUTROS ENCARGOS ESPECIAIS";"2025";"494";"";"0";"0";"100057731";"JOSÉ BAZÍLIO TEIXEIRA MARÇAL";"30268503818";"";"0";"PROPRIA";"33909115";"SENTENÇAS JUDICIAIS DE PEQUENO VALOR";"DESPESAS OBRIGATORIAS E/OU JUDICIAIS(P. FISICAS).";"27519.44";"2025";"L";"15/01/2025";"0";"01/01/2025";"31/01/2025";"8"
"UNIDADE DE GESTÃO DE GOVERNO E FINANÇAS";"28";"ENCARGOS ESPECIAIS";"846";"OUTROS ENCARGOS ESPECIAIS";"2025";"495";"";"0";"0";"100057225";"LILIANE SILVEIRA";"90983840997";"";"0";"PROPRIA";"33909115";"SENTENÇAS JUDICIAIS DE PEQUENO VALOR";"DESPESAS OBRIGATORIAS E/OU JUDICIAIS(P. FISICAS).";"2680.25";"2025";"L";"15/01/2025";"0";"01/01/2025";"31/01/2025";"8"
"UNIDADE DE GESTÃO DE PROMOÇÃO DA SAÚDE";"10";"SAÚDE";"303";"SUPORTE PROFILÁTICO E TERAPÊUTICO";"2025";"497";"2024";"1245";"1";"100037571";"INTERNATIONAL PHAMARCEUTICAL IMMUNOLOGY DO BRASIL";"00662956000159";"COMPRA DIRETA";"0";"PROPRIA";"33903037";"MEDICAMENTOS FORNECIDOS POR DECISÃO JUDICIAL";"FORMULA MANIPULADA IMUNOTERAPIA SUBLINGUAL. FRASCO COM 8ML";"2082";"2025";"L";"13/01/2025";"0";"01/01/2025";"31/01/2025";"14"
"UNIDADE DE GESTÃO DE GOVERNO E FINANÇAS";"28";"ENCARGOS ESPECIAIS";"846";"OUTROS ENCARGOS ESPECIAIS";"2025";"498";"";"0";"0";"100057732";"PINHEIRO CAVALCANTE SOCIEDADE INDIVIDUAL DE";"36861856000107";"";"0";"PROPRIA";"33909115";"SENTENÇAS JUDICIAIS DE PEQUENO VALOR";"DESPESAS OBRIGATORIAS E/OU JUDICIAIS(P. JURIDICAS).";"511.55";"2025";"L";"14/01/2025";"0";"01/01/2025";"31/01/2025";"8"
"UNIDADE DE GESTÃO DE GOVERNO E FINANÇAS";"28";"ENCARGOS ESPECIAIS";"846";"OUTROS ENCARGOS ESPECIAIS";"2025";"499";"";"0";"0";"100036511";"THIAGO CESAR BRUNO";"30361188889";"";"0";"PROPRIA";"33909115";"SENTENÇAS JUDICIAIS DE PEQUENO VALOR";"DESPESAS OBRIGATORIAS E/OU JUDICIAIS(P. FISICAS).";"12204.48";"2025";"L";"14/01/2025";"0";"01/01/2025";"31/01/2025";"8"
"UNIDADE DE GESTÃO DE GOVERNO E FINANÇAS";"28";"ENCARGOS ESPECIAIS";"846";"OUTROS ENCARGOS ESPECIAIS";"2025";"500";"";"0";"0";"100036173";"TATIANA CRISTINA SACCOMANI SANTOS";"21490453890";"";"0";"PROPRIA";"33909115";"SENTENÇAS JUDICIAIS DE PEQUENO VALOR";"DESPESAS OBRIGATORIAS E/OU JUDICIAIS(P. FISICAS).";"2831.35";"2025";"L";"15/01/2025";"0";"01/01/2025";"31/01/2025";"8"
"UNIDADE DE GESTÃO DE GOVERNO E FINANÇAS";"28";"ENCARGOS ESPECIAIS";"846";"OUTROS ENCARGOS ESPECIAIS";"2025";"501";"";"0";"0";"100057733";"ANDRÉ RIVAIL MEDRADO";"25942479879";"";"0";"PROPRIA";"33909115";"SENTENÇAS JUDICIAIS DE PEQUENO VALOR";"DESPESAS OBRIGATORIAS E/OU JUDICIAIS(P. FISICAS).";"640.53";"2025";"L";"15/01/2025";"0";"01/01/2025";"31/01/2025";"8"
"UNIDADE DE GESTÃO DE GOVERNO E FINANÇAS";"28";"ENCARGOS ESPECIAIS";"846";"OUTROS ENCARGOS ESPECIAIS";"2025";"512";"";"0";"0";"100057736";"LUIZ GUILHERME GOMES PRIMOS";"14389858866";"";"0";"PROPRIA";"33909115";"SENTENÇAS JUDICIAIS DE PEQUENO VALOR";"DESPESAS OBRIGATORIAS E/OU JUDICIAIS(P. FISICAS).";"2684.39";"2025";"L";"14/01/2025";"0";"01/01/2025";"31/01/2025";"8"
"UNIDADE DE GESTÃO DE GOVERNO E FINANÇAS";"28";"ENCARGOS ESPECIAIS";"846";"OUTROS ENCARGOS ESPECIAIS";"2025";"514";"";"0";"0";"100042612";"ROBSON TEIXEIRA NEVES";"25807588878";"";"0";"PROPRIA";"33909115";"SENTENÇAS JUDICIAIS DE PEQUENO VALOR";"DESPESAS OBRIGATORIAS E/OU JUDICIAIS(P. FISICAS).";"1172.96";"2025";"L";"14/01/2025";"0";"01/01/2025";"31/01/2025";"8"
"UNIDADE GESTÃO DE ASSISTÊNCIA E DESENVOLV. SOCIAL";"8";"ASSISTÊNCIA SOCIAL";"244";"ASSISTÊNCIA COMUNITÁRIA";"2025";"516";"";"0";"0";"100038510";"ASSOCIACAO PESTALOZZI DE SUMARE";"57501611000130";"";"0";"PROPRIA";"33503901";"TERMO DE COLABORAÇÃO";"CONVENIO MROSC - LEI 13019/2014 - MARCO REGUL.ORG.SOC.CIVIL";"64729.81";"2025";"L";"14/01/2025";"0";"01/01/2025";"31/01/2025";"15"
"UNIDADE DE GESTÃO DE PROMOÇÃO DA SAÚDE";"10";"SAÚDE";"302";"ASSISTÊNCIA HOSPITALAR E AMBULATORIAL";"2025";"517";"";"0";"0";"100019182";"INSTITUTO IE ARUANDE";"11484697000130";"";"0";"PROPRIA";"33503952";"SERVIÇOS MÉDICO-HOSPITALARES PRESTADOS EM UNIDADES";"SERVICOS DE SAUDE(P. JURIDICAS).";"33040";"2025";"L";"13/01/2025";"0";"01/01/2025";"31/01/2025";"14"
"UNIDADE DE GESTÃO DE PROMOÇÃO DA SAÚDE";"10";"SAÚDE";"301";"ATENÇÃO BÁSICA";"2025";"518";"";"0";"0";"100019182";"INSTITUTO IE ARUANDE";"11484697000130";"";"5002";"FUNDO NACIONAL DE SAUDE - PAB";"33503952";"SERVIÇOS MÉDICO-HOSPITALARES PRESTADOS EM UNIDADES";"SERVICOS DE SAUDE(P. JURIDICAS).";"35200";"2025";"L";"13/01/2025";"0";"01/01/2025";"31/01/2025";"14"
"UNIDADE GESTÃO DE ASSISTÊNCIA E DESENVOLV. SOCIAL";"8";"ASSISTÊNCIA SOCIAL";"244";"ASSISTÊNCIA COMUNITÁRIA";"2025";"520";"";"0";"0";"7040647";"SOS - SERVICO DE OBRAS SOCIAIS";"50951466000140";"";"0";"PROPRIA";"33503901";"TERMO DE COLABORAÇÃO";"CONVENIO MROSC - LEI 13019/2014 - MARCO REGUL.ORG.SOC.CIVIL";"142500";"2025";"L";"14/01/2025";"0";"01/01/2025";"31/01/2025";"15"
"UNIDADE GESTÃO DE ASSISTÊNCIA E DESENVOLV. SOCIAL";"8";"ASSISTÊNCIA SOCIAL";"244";"ASSISTÊNCIA COMUNITÁRIA";"2025";"521";"";"0";"0";"100011787";"ACOLHIMENTO BOM PASTOR";"04115907000157";"";"0";"PROPRIA";"33503901";"TERMO DE COLABORAÇÃO";"CONVENIO MROSC - LEI 13019/2014 - MARCO REGUL.ORG.SOC.CIVIL";"29540";"2025";"L";"14/01/2025";"0";"01/01/2025";"31/01/2025";"15"
"UNIDADE DE GESTÃO DE GOVERNO E FINANÇAS";"28";"ENCARGOS ESPECIAIS";"846";"OUTROS ENCARGOS ESPECIAIS";"2025";"525";"";"0";"0";"100051498";"GUILHERME HENRIQUE AVILA";"33986141839";"";"0";"PROPRIA";"33909115";"SENTENÇAS JUDICIAIS DE PEQUENO VALOR";"DESPESAS OBRIGATORIAS E/OU JUDICIAIS(P. FISICAS).";"28034.14";"2025";"L";"14/01/2025";"0";"01/01/2025";"31/01/2025";"8"
"UNIDADE DE GESTÃO DE GOVERNO E FINANÇAS";"28";"ENCARGOS ESPECIAIS";"846";"OUTROS ENCARGOS ESPECIAIS";"2025";"526";"";"0";"0";"100039128";"MARIA DO SOCORRO DA SILVA PLÁCIDO";"40453286453";"";"0";"PROPRIA";"33909199";"DIVERSAS SENTENCAS";"DESPESAS OBRIGATORIAS E/OU JUDICIAIS(P. FISICAS).";"1012";"2025";"L";"30/01/2025";"0";"01/01/2025";"31/01/2025";"8"
"UNIDADE DE GESTÃO DE GOVERNO E FINANÇAS";"28";"ENCARGOS ESPECIAIS";"846";"OUTROS ENCARGOS ESPECIAIS";"2025";"527";"";"0";"0";"100043052";"HELIO FELIX DE SOUZA";"41610431391";"";"0";"PROPRIA";"33909199";"DIVERSAS SENTENCAS";"DESPESAS OBRIGATORIAS E/OU JUDICIAIS(P. FISICAS).";"2071.2";"2025";"L";"17/01/2025";"0";"01/01/2025";"31/01/2025";"8"
"UNIDADE DE GESTÃO DE GOVERNO E FINANÇAS";"28";"ENCARGOS ESPECIAIS";"846";"OUTROS ENCARGOS ESPECIAIS";"2025";"527";"";"0";"0";"100043052";"HELIO FELIX DE SOUZA";"41610431391";"";"0";"PROPRIA";"33909199";"DIVERSAS SENTENCAS";"DESPESAS OBRIGATORIAS E/OU JUDICIAIS(P. FISICAS).";"2071.2";"2025";"L";"17/01/2025";"0";"01/01/2025";"31/01/2025";"8"
"UNIDADE DE GESTÃO DE GOVERNO E FINANÇAS";"28";"ENCARGOS ESPECIAIS";"846";"OUTROS ENCARGOS ESPECIAIS";"2025";"527";"";"0";"0";"100043052";"HELIO FELIX DE SOUZA";"41610431391";"";"0";"PROPRIA";"33909199";"DIVERSAS SENTENCAS";"DESPESAS OBRIGATORIAS E/OU JUDICIAIS(P. FISICAS).";"2071.2";"2025";"L";"17/01/2025";"0";"01/01/2025";"31/01/2025";"8"
"UNIDADE DE GESTÃO DE GOVERNO E FINANÇAS";"28";"ENCARGOS ESPECIAIS";"846";"OUTROS ENCARGOS ESPECIAIS";"2025";"527";"";"0";"0";"100043052";"HELIO FELIX DE SOUZA";"41610431391";"";"0";"PROPRIA";"33909199";"DIVERSAS SENTENCAS";"DESPESAS OBRIGATORIAS E/OU JUDICIAIS(P. FISICAS).";"2071.2";"2025";"L";"17/01/2025";"0";"01/01/2025";"31/01/2025";"8"
"UNIDADE DE GESTÃO DE GOVERNO E FINANÇAS";"28";"ENCARGOS ESPECIAIS";"846";"OUTROS ENCARGOS ESPECIAIS";"2025";"527";"";"0";"0";"100043052";"HELIO FELIX DE SOUZA";"41610431391";"";"0";"PROPRIA";"33909199";"DIVERSAS SENTENCAS";"DESPESAS OBRIGATORIAS E/OU JUDICIAIS(P. FISICAS).";"2071.2";"2025";"L";"17/01/2025";"0";"01/01/2025";"31/01/2025";"8"
"UNIDADE DE GESTÃO DE GOVERNO E FINANÇAS";"28";"ENCARGOS ESPECIAIS";"846";"OUTROS ENCARGOS ESPECIAIS";"2025";"527";"";"0";"0";"100043052";"HELIO FELIX DE SOUZA";"41610431391";"";"0";"PROPRIA";"33909199";"DIVERSAS SENTENCAS";"DESPESAS OBRIGATORIAS E/OU JUDICIAIS(P. FISICAS).";"2071.2";"2025";"L";"17/01/2025";"0";"01/01/2025";"31/01/2025";"8"
"UNIDADE DE GESTÃO DE GOVERNO E FINANÇAS";"28";"ENCARGOS ESPECIAIS";"846";"OUTROS ENCARGOS ESPECIAIS";"2025";"527";"";"0";"0";"100043052";"HELIO FELIX DE SOUZA";"41610431391";"";"0";"PROPRIA";"33909199";"DIVERSAS SENTENCAS";"DESPESAS OBRIGATORIAS E/OU JUDICIAIS(P. FISICAS).";"2071.2";"2025";"L";"17/01/2025";"0";"01/01/2025";"31/01/2025";"8"
"UNIDADE DE GESTÃO DE GOVERNO E FINANÇAS";"28";"ENCARGOS ESPECIAIS";"846";"OUTROS ENCARGOS ESPECIAIS";"2025";"529";"";"0";"0";"100005703";"JOICE FERNANDA OLIVEIRA";"35479830880";"";"0";"PROPRIA";"33909199";"DIVERSAS SENTENCAS";"DESPESAS OBRIGATORIAS E/OU JUDICIAIS(P. FISICAS).";"4554";"2025";"L";"16/01/2025";"0";"01/01/2025";"31/01/2025";"8"
"UNIDADE DE GESTÃO DE GOVERNO E FINANÇAS";"28";"ENCARGOS ESPECIAIS";"846";"OUTROS ENCARGOS ESPECIAIS";"2025";"529";"";"0";"0";"100005703";"JOICE FERNANDA OLIVEIRA";"35479830880";"";"0";"PROPRIA";"33909199";"DIVERSAS SENTENCAS";"DESPESAS OBRIGATORIAS E/OU JUDICIAIS(P. FISICAS).";"4554";"2025";"L";"16/01/2025";"0";"01/01/2025";"31/01/2025";"8"
"UNIDADE DE GESTÃO DE GOVERNO E FINANÇAS";"28";"ENCARGOS ESPECIAIS";"846";"OUTROS ENCARGOS ESPECIAIS";"2025";"529";"";"0";"0";"100005703";"JOICE FERNANDA OLIVEIRA";"35479830880";"";"0";"PROPRIA";"33909199";"DIVERSAS SENTENCAS";"DESPESAS OBRIGATORIAS E/OU JUDICIAIS(P. FISICAS).";"4554";"2025";"L";"16/01/2025";"0";"01/01/2025";"31/01/2025";"8"
"UNIDADE DE GESTÃO DE GOVERNO E FINANÇAS";"28";"ENCARGOS ESPECIAIS";"846";"OUTROS ENCARGOS ESPECIAIS";"2025";"529";"";"0";"0";"100005703";"JOICE FERNANDA OLIVEIRA";"35479830880";"";"0";"PROPRIA";"33909199";"DIVERSAS SENTENCAS";"DESPESAS OBRIGATORIAS E/OU JUDICIAIS(P. FISICAS).";"4554";"2025";"L";"16/01/2025";"0";"01/01/2025";"31/01/2025";"8"
"UNIDADE DE GESTÃO DE GOVERNO E FINANÇAS";"28";"ENCARGOS ESPECIAIS";"846";"OUTROS ENCARGOS ESPECIAIS";"2025";"529";"";"0";"0";"100005703";"JOICE FERNANDA OLIVEIRA";"35479830880";"";"0";"PROPRIA";"33909199";"DIVERSAS SENTENCAS";"DESPESAS OBRIGATORIAS E/OU JUDICIAIS(P. FISICAS).";"4554";"2025";"L";"16/01/2025";"0";"01/01/2025";"31/01/2025";"8"
"UNIDADE DE GESTÃO DE GOVERNO E FINANÇAS";"28";"ENCARGOS ESPECIAIS";"846";"OUTROS ENCARGOS ESPECIAIS";"2025";"529";"";"0";"0";"100005703";"JOICE FERNANDA OLIVEIRA";"35479830880";"";"0";"PROPRIA";"33909199";"DIVERSAS SENTENCAS";"DESPESAS OBRIGATORIAS E/OU JUDICIAIS(P. FISICAS).";"4554";"2025";"L";"16/01/2025";"0";"01/01/2025";"31/01/2025";"8"
"UNIDADE DE GESTÃO DE GOVERNO E FINANÇAS";"28";"ENCARGOS ESPECIAIS";"846";"OUTROS ENCARGOS ESPECIAIS";"2025";"529";"";"0";"0";"100005703";"JOICE FERNANDA OLIVEIRA";"35479830880";"";"0";"PROPRIA";"33909199";"DIVERSAS SENTENCAS";"DESPESAS OBRIGATORIAS E/OU JUDICIAIS(P. FISICAS).";"4554";"2025";"L";"16/01/2025";"0";"01/01/2025";"31/01/2025";"8"
"UNIDADE DE GESTÃO DE GOVERNO E FINANÇAS";"28";"ENCARGOS ESPECIAIS";"846";"OUTROS ENCARGOS ESPECIAIS";"2025";"529";"";"0";"0";"100005703";"JOICE FERNANDA OLIVEIRA";"35479830880";"";"0";"PROPRIA";"33909199";"DIVERSAS SENTENCAS";"DESPESAS OBRIGATORIAS E/OU JUDICIAIS(P. FISICAS).";"4554";"2025";"L";"16/01/2025";"0";"01/01/2025";"31/01/2025";"8"
"UNIDADE DE GESTÃO DE GOVERNO E FINANÇAS";"28";"ENCARGOS ESPECIAIS";"846";"OUTROS ENCARGOS ESPECIAIS";"2025";"529";"";"0";"0";"100005703";"JOICE FERNANDA OLIVEIRA";"35479830880";"";"0";"PROPRIA";"33909199";"DIVERSAS SENTENCAS";"DESPESAS OBRIGATORIAS E/OU JUDICIAIS(P. FISICAS).";"4554";"2025";"L";"16/01/2025";"0";"01/01/2025";"31/01/2025";"8"
"UNIDADE DE GESTÃO DE GOVERNO E FINANÇAS";"28";"ENCARGOS ESPECIAIS";"846";"OUTROS ENCARGOS ESPECIAIS";"2025";"529";"";"0";"0";"100005703";"JOICE FERNANDA OLIVEIRA";"35479830880";"";"0";"PROPRIA";"33909199";"DIVERSAS SENTENCAS";"DESPESAS OBRIGATORIAS E/OU JUDICIAIS(P. FISICAS).";"4554";"2025";"L";"16/01/2025";"0";"01/01/2025";"31/01/2025";"8"
"UNIDADE DE GESTÃO DE GOVERNO E FINANÇAS";"28";"ENCARGOS ESPECIAIS";"846";"OUTROS ENCARGOS ESPECIAIS";"2025";"529";"";"0";"0";"100005703";"JOICE FERNANDA OLIVEIRA";"35479830880";"";"0";"PROPRIA";"33909199";"DIVERSAS SENTENCAS";"DESPESAS OBRIGATORIAS E/OU JUDICIAIS(P. FISICAS).";"4554";"2025";"L";"16/01/2025";"0";"01/01/2025";"31/01/2025";"8"
"UNIDADE DE GESTÃO DE GOVERNO E FINANÇAS";"28";"ENCARGOS ESPECIAIS";"846";"OUTROS ENCARGOS ESPECIAIS";"2025";"529";"";"0";"0";"100005703";"JOICE FERNANDA OLIVEIRA";"35479830880";"";"0";"PROPRIA";"33909199";"DIVERSAS SENTENCAS";"DESPESAS OBRIGATORIAS E/OU JUDICIAIS(P. FISICAS).";"4554";"2025";"L";"16/01/2025";"0";"01/01/2025";"31/01/2025";"8"
"UNIDADE GESTÃO DE ASSISTÊNCIA E DESENVOLV. SOCIAL";"8";"ASSISTÊNCIA SOCIAL";"244";"ASSISTÊNCIA COMUNITÁRIA";"2025";"531";"";"0";"0";"100001021";"CASA SANTA MARTA";"02818105000188";"";"0";"PROPRIA";"33503901";"TERMO DE COLABORAÇÃO";"CONVENIO MROSC - LEI 13019/2014 - MARCO REGUL.ORG.SOC.CIVIL";"126372.67";"2025";"L";"14/01/2025";"0";"01/01/2025";"31/01/2025";"15"
"UNIDADE DE GESTÃO DE GOVERNO E FINANÇAS";"28";"ENCARGOS ESPECIAIS";"846";"OUTROS ENCARGOS ESPECIAIS";"2025";"533";"";"0";"0";"100057737";"BENEDITO FERNANDO RAMOS";"04788365898";"";"0";"PROPRIA";"33909115";"SENTENÇAS JUDICIAIS DE PEQUENO VALOR";"DESPESAS OBRIGATORIAS E/OU JUDICIAIS(P. FISICAS).";"1040.23";"2025";"L";"15/01/2025";"0";"01/01/2025";"31/01/2025";"8"
"UNIDADE DE GESTÃO DE NEG. JURÍDICOS E CIDADANIA";"4";"ADMINISTRAÇÃO";"122";"ADMINISTRAÇÃO GERAL";"2025";"534";"";"0";"0";"100026289";"ADILSON APARECIDO TRICANICO";"06813709801";"";"0";"PROPRIA";"33903699";"OUTROS SERVICOS";"DILIGENCIAS OFICIAIS(P. FISICAS).";"1432.08";"2025";"L";"20/01/2025";"0";"01/01/2025";"31/01/2025";"6"
"UNIDADE DE GESTÃO DE NEG. JURÍDICOS E CIDADANIA";"4";"ADMINISTRAÇÃO";"122";"ADMINISTRAÇÃO GERAL";"2025";"535";"";"0";"0";"100026291";"ANA MARIA PEREIRA DE SOUZA";"05915675808";"";"0";"PROPRIA";"33903699";"OUTROS SERVICOS";"DILIGENCIAS OFICIAIS(P. FISICAS).";"1336.61";"2025";"L";"20/01/2025";"0";"01/01/2025";"31/01/2025";"6"
"UNIDADE DE GESTÃO DE NEG. JURÍDICOS E CIDADANIA";"4";"ADMINISTRAÇÃO";"122";"ADMINISTRAÇÃO GERAL";"2025";"536";"";"0";"0";"100026292";"ANDRE MACHADO PEREIRA";"15365406842";"";"0";"PROPRIA";"33903699";"OUTROS SERVICOS";"DILIGENCIAS OFICIAIS(P. FISICAS).";"668.29";"2025";"L";"20/01/2025";"0";"01/01/2025";"31/01/2025";"6"
"UNIDADE DE GESTÃO DE NEG. JURÍDICOS E CIDADANIA";"4";"ADMINISTRAÇÃO";"122";"ADMINISTRAÇÃO GERAL";"2025";"537";"";"0";"0";"100026296";"DAVID LEMEK";"26794773830";"";"0";"PROPRIA";"33903699";"OUTROS SERVICOS";"DILIGENCIAS OFICIAIS(P. FISICAS).";"668.3";"2025";"L";"20/01/2025";"0";"01/01/2025";"31/01/2025";"6"
"UNIDADE DE GESTÃO DE NEG. JURÍDICOS E CIDADANIA";"4";"ADMINISTRAÇÃO";"122";"ADMINISTRAÇÃO GERAL";"2025";"538";"";"0";"0";"100026300";"EDNELSON SETTIN";"06753283811";"";"0";"PROPRIA";"33903699";"OUTROS SERVICOS";"DILIGENCIAS OFICIAIS(P. FISICAS).";"763.78";"2025";"L";"20/01/2025";"0";"01/01/2025";"31/01/2025";"6"
"UNIDADE DE GESTÃO DE NEG. JURÍDICOS E CIDADANIA";"4";"ADMINISTRAÇÃO";"122";"ADMINISTRAÇÃO GERAL";"2025";"539";"";"0";"0";"100026299";"EDMILSON IMIPERATO";"11216010811";"";"0";"PROPRIA";"33903699";"OUTROS SERVICOS";"DILIGENCIAS OFICIAIS(P. FISICAS).";"190.94";"2025";"L";"20/01/2025";"0";"01/01/2025";"31/01/2025";"6"
"UNIDADE DE GESTÃO DE NEG. JURÍDICOS E CIDADANIA";"4";"ADMINISTRAÇÃO";"122";"ADMINISTRAÇÃO GERAL";"2025";"540";"";"0";"0";"100026301";"ELAINE HERNANDEZ DE SOUZA";"14033052852";"";"0";"PROPRIA";"33903699";"OUTROS SERVICOS";"DILIGENCIAS OFICIAIS(P. FISICAS).";"859.25";"2025";"L";"20/01/2025";"0";"01/01/2025";"31/01/2025";"6"
"UNIDADE DE GESTÃO DE NEG. JURÍDICOS E CIDADANIA";"4";"ADMINISTRAÇÃO";"122";"ADMINISTRAÇÃO GERAL";"2025";"541";"";"0";"0";"100026302";"ELAINE MARA M. M. FORTI";"02209948894";"";"0";"PROPRIA";"33903699";"OUTROS SERVICOS";"DILIGENCIAS OFICIAIS(P. FISICAS).";"190.94";"2025";"L";"20/01/2025";"0";"01/01/2025";"31/01/2025";"6"
"UNIDADE DE GESTÃO DE NEG. JURÍDICOS E CIDADANIA";"4";"ADMINISTRAÇÃO";"122";"ADMINISTRAÇÃO GERAL";"2025";"542";"";"0";"0";"100026303";"EVANDRO LUIZ RUSSO";"17261749800";"";"0";"PROPRIA";"33903699";"OUTROS SERVICOS";"DILIGENCIAS OFICIAIS(P. FISICAS).";"1050.17";"2025";"L";"20/01/2025";"0";"01/01/2025";"31/01/2025";"6"
"UNIDADE DE GESTÃO DE NEG. JURÍDICOS E CIDADANIA";"4";"ADMINISTRAÇÃO";"122";"ADMINISTRAÇÃO GERAL";"2025";"543";"";"0";"0";"100026304";"EVELINE APARECIDA DA SILVA G PERES";"08411381846";"";"0";"PROPRIA";"33903699";"OUTROS SERVICOS";"DILIGENCIAS OFICIAIS(P. FISICAS).";"572.82";"2025";"L";"20/01/2025";"0";"01/01/2025";"31/01/2025";"6"
"UNIDADE DE GESTÃO DE NEG. JURÍDICOS E CIDADANIA";"4";"ADMINISTRAÇÃO";"122";"ADMINISTRAÇÃO GERAL";"2025";"544";"";"0";"0";"100026305";"FABIO FREDERICO STORARI";"10213709830";"";"0";"PROPRIA";"33903699";"OUTROS SERVICOS";"DILIGENCIAS OFICIAIS(P. FISICAS).";"1622.99";"2025";"L";"20/01/2025";"0";"01/01/2025";"31/01/2025";"6"
"UNIDADE DE GESTÃO DE NEG. JURÍDICOS E CIDADANIA";"4";"ADMINISTRAÇÃO";"122";"ADMINISTRAÇÃO GERAL";"2025";"545";"";"0";"0";"100026075";"FERNANDO AUGUSTO ALVES";"06605364805";"";"0";"PROPRIA";"33903699";"OUTROS SERVICOS";"DILIGENCIAS OFICIAIS(P. FISICAS).";"763.76";"2025";"L";"20/01/2025";"0";"01/01/2025";"31/01/2025";"6"
"UNIDADE DE GESTÃO DE NEG. JURÍDICOS E CIDADANIA";"4";"ADMINISTRAÇÃO";"122";"ADMINISTRAÇÃO GERAL";"2025";"546";"";"0";"0";"100037072";"FERNANDO SHIGUEKI SAKAI";"28033907878";"";"0";"PROPRIA";"33903699";"OUTROS SERVICOS";"DILIGENCIAS OFICIAIS(P. FISICAS).";"1241.14";"2025";"L";"20/01/2025";"0";"01/01/2025";"31/01/2025";"6"
"UNIDADE DE GESTÃO DE NEG. JURÍDICOS E CIDADANIA";"4";"ADMINISTRAÇÃO";"122";"ADMINISTRAÇÃO GERAL";"2025";"547";"";"0";"0";"100009193";"FLAVIA FERRARI";"07964230832";"";"0";"PROPRIA";"33903699";"OUTROS SERVICOS";"DILIGENCIAS OFICIAIS(P. FISICAS).";"2004.91";"2025";"L";"20/01/2025";"0";"01/01/2025";"31/01/2025";"6"
"UNIDADE DE GESTÃO DE NEG. JURÍDICOS E CIDADANIA";"4";"ADMINISTRAÇÃO";"122";"ADMINISTRAÇÃO GERAL";"2025";"548";"";"0";"0";"100026307";"JOEL PEREIRA DOS SANTOS";"28613260691";"";"0";"PROPRIA";"33903699";"OUTROS SERVICOS";"DILIGENCIAS OFICIAIS(P. FISICAS).";"1336.6";"2025";"L";"20/01/2025";"0";"01/01/2025";"31/01/2025";"6"
"UNIDADE DE GESTÃO DE NEG. JURÍDICOS E CIDADANIA";"4";"ADMINISTRAÇÃO";"122";"ADMINISTRAÇÃO GERAL";"2025";"549";"";"0";"0";"100026309";"LEOPOLDO JOSE FARINAZZO LORZA";"01598898809";"";"0";"PROPRIA";"33903699";"OUTROS SERVICOS";"DILIGENCIAS OFICIAIS(P. FISICAS).";"859.25";"2025";"L";"20/01/2025";"0";"01/01/2025";"31/01/2025";"6"
"UNIDADE DE GESTÃO DE NEG. JURÍDICOS E CIDADANIA";"4";"ADMINISTRAÇÃO";"122";"ADMINISTRAÇÃO GERAL";"2025";"550";"";"0";"0";"100026310";"LUCIANA GALLEGO";"27697564866";"";"0";"PROPRIA";"33903699";"OUTROS SERVICOS";"DILIGENCIAS OFICIAIS(P. FISICAS).";"763.78";"2025";"L";"20/01/2025";"0";"01/01/2025";"31/01/2025";"6"
"UNIDADE DE GESTÃO DE NEG. JURÍDICOS E CIDADANIA";"4";"ADMINISTRAÇÃO";"122";"ADMINISTRAÇÃO GERAL";"2025";"551";"";"0";"0";"100026311";"LUCIANO SANTOS BROLLI";"26079235811";"";"0";"PROPRIA";"33903699";"OUTROS SERVICOS";"DILIGENCIAS OFICIAIS(P. FISICAS).";"1432.73";"2025";"L";"20/01/2025";"0";"01/01/2025";"31/01/2025";"6"
"UNIDADE DE GESTÃO DE NEG. JURÍDICOS E CIDADANIA";"4";"ADMINISTRAÇÃO";"122";"ADMINISTRAÇÃO GERAL";"2025";"552";"";"0";"0";"100013605";"MARCUS FERNANDO GNACCARINI THOMAZESKI";"15043773898";"";"0";"PROPRIA";"33903699";"OUTROS SERVICOS";"DILIGENCIAS OFICIAIS(P. FISICAS).";"954.7";"2025";"L";"20/01/2025";"0";"01/01/2025";"31/01/2025";"6"
"UNIDADE DE GESTÃO DE NEG. JURÍDICOS E CIDADANIA";"4";"ADMINISTRAÇÃO";"122";"ADMINISTRAÇÃO GERAL";"2025";"553";"";"0";"0";"100026316";"MARIA IONICE DOMINGUES ESPINDOLA";"03702353801";"";"0";"PROPRIA";"33903699";"OUTROS SERVICOS";"DILIGENCIAS OFICIAIS(P. FISICAS).";"668.3";"2025";"L";"20/01/2025";"0";"01/01/2025";"31/01/2025";"6"
"UNIDADE DE GESTÃO DE NEG. JURÍDICOS E CIDADANIA";"4";"ADMINISTRAÇÃO";"122";"ADMINISTRAÇÃO GERAL";"2025";"554";"";"0";"0";"100026318";"MIRIAN DURSO SILVA PEREIRA";"63171163691";"";"0";"PROPRIA";"33903699";"OUTROS SERVICOS";"DILIGENCIAS OFICIAIS(P. FISICAS).";"1527.55";"2025";"L";"20/01/2025";"0";"01/01/2025";"31/01/2025";"6"
"UNIDADE DE GESTÃO DE NEG. JURÍDICOS E CIDADANIA";"4";"ADMINISTRAÇÃO";"122";"ADMINISTRAÇÃO GERAL";"2025";"555";"";"0";"0";"4040610";"RITA DE CASSIA SANCHO AZZALIN";"05301970810";"";"0";"PROPRIA";"33903699";"OUTROS SERVICOS";"DILIGENCIAS OFICIAIS(P. FISICAS).";"1527.68";"2025";"L";"20/01/2025";"0";"01/01/2025";"31/01/2025";"6"
"UNIDADE DE GESTÃO DE NEG. JURÍDICOS E CIDADANIA";"4";"ADMINISTRAÇÃO";"122";"ADMINISTRAÇÃO GERAL";"2025";"556";"";"0";"0";"100026319";"RODOLFO PELLIZER JUNIOR";"08782904863";"";"0";"PROPRIA";"33903699";"OUTROS SERVICOS";"DILIGENCIAS OFICIAIS(P. FISICAS).";"1432.08";"2025";"L";"20/01/2025";"0";"01/01/2025";"31/01/2025";"6"
"UNIDADE DE GESTÃO DE NEG. JURÍDICOS E CIDADANIA";"4";"ADMINISTRAÇÃO";"122";"ADMINISTRAÇÃO GERAL";"2025";"557";"";"0";"0";"100026320";"ROLANDO SALLES COELHO";"17790649850";"";"0";"PROPRIA";"33903699";"OUTROS SERVICOS";"DILIGENCIAS OFICIAIS(P. FISICAS).";"1050.19";"2025";"L";"20/01/2025";"0";"01/01/2025";"31/01/2025";"6"
"UNIDADE DE GESTÃO DE NEG. JURÍDICOS E CIDADANIA";"4";"ADMINISTRAÇÃO";"122";"ADMINISTRAÇÃO GERAL";"2025";"558";"";"0";"0";"100026321";"ROSEMEIRE AP IENNE G THOMAZESKI";"12078091871";"";"0";"PROPRIA";"33903699";"OUTROS SERVICOS";"DILIGENCIAS OFICIAIS(P. FISICAS).";"859.23";"2025";"L";"20/01/2025";"0";"01/01/2025";"31/01/2025";"6"
"UNIDADE DE GESTÃO DE NEG. JURÍDICOS E CIDADANIA";"4";"ADMINISTRAÇÃO";"122";"ADMINISTRAÇÃO GERAL";"2025";"559";"";"0";"0";"100026323";"VALDECIR FILGUEIRA DE LIMA";"15752416841";"";"0";"PROPRIA";"33903699";"OUTROS SERVICOS";"DILIGENCIAS OFICIAIS(P. FISICAS).";"859.25";"2025";"L";"20/01/2025";"0";"01/01/2025";"31/01/2025";"6"
"UNIDADE DE GESTÃO DE NEG. JURÍDICOS E CIDADANIA";"4";"ADMINISTRAÇÃO";"122";"ADMINISTRAÇÃO GERAL";"2025";"560";"";"0";"0";"100026289";"ADILSON APARECIDO TRICANICO";"06813709801";"";"0";"PROPRIA";"33903699";"OUTROS SERVICOS";"DILIGENCIAS OFICIAIS(P. FISICAS).";"1813.97";"2025";"L";"20/01/2025";"0";"01/01/2025";"31/01/2025";"6"
"UNIDADE DE GESTÃO DE NEG. JURÍDICOS E CIDADANIA";"4";"ADMINISTRAÇÃO";"122";"ADMINISTRAÇÃO GERAL";"2025";"561";"";"0";"0";"100026291";"ANA MARIA PEREIRA DE SOUZA";"05915675808";"";"0";"PROPRIA";"33903699";"OUTROS SERVICOS";"DILIGENCIAS OFICIAIS(P. FISICAS).";"477.35";"2025";"L";"20/01/2025";"0";"01/01/2025";"31/01/2025";"6"
"UNIDADE DE GESTÃO DE NEG. JURÍDICOS E CIDADANIA";"4";"ADMINISTRAÇÃO";"122";"ADMINISTRAÇÃO GERAL";"2025";"562";"";"0";"0";"100026292";"ANDRE MACHADO PEREIRA";"15365406842";"";"0";"PROPRIA";"33903699";"OUTROS SERVICOS";"DILIGENCIAS OFICIAIS(P. FISICAS).";"1622.99";"2025";"L";"20/01/2025";"0";"01/01/2025";"31/01/2025";"6"
"UNIDADE DE GESTÃO DE NEG. JURÍDICOS E CIDADANIA";"4";"ADMINISTRAÇÃO";"122";"ADMINISTRAÇÃO GERAL";"2025";"563";"";"0";"0";"100026296";"DAVID LEMEK";"26794773830";"";"0";"PROPRIA";"33903699";"OUTROS SERVICOS";"DILIGENCIAS OFICIAIS(P. FISICAS).";"1145.65";"2025";"L";"20/01/2025";"0";"01/01/2025";"31/01/2025";"6"
"UNIDADE DE GESTÃO DE NEG. JURÍDICOS E CIDADANIA";"4";"ADMINISTRAÇÃO";"122";"ADMINISTRAÇÃO GERAL";"2025";"564";"";"0";"0";"100026300";"EDNELSON SETTIN";"06753283811";"";"0";"PROPRIA";"33903699";"OUTROS SERVICOS";"DILIGENCIAS OFICIAIS(P. FISICAS).";"381.98";"2025";"L";"20/01/2025";"0";"01/01/2025";"31/01/2025";"6"
"UNIDADE DE GESTÃO DE NEG. JURÍDICOS E CIDADANIA";"4";"ADMINISTRAÇÃO";"122";"ADMINISTRAÇÃO GERAL";"2025";"565";"";"0";"0";"100026301";"ELAINE HERNANDEZ DE SOUZA";"14033052852";"";"0";"PROPRIA";"33903699";"OUTROS SERVICOS";"DILIGENCIAS OFICIAIS(P. FISICAS).";"286.42";"2025";"L";"20/01/2025";"0";"01/01/2025";"31/01/2025";"6"
"UNIDADE DE GESTÃO DE NEG. JURÍDICOS E CIDADANIA";"4";"ADMINISTRAÇÃO";"122";"ADMINISTRAÇÃO GERAL";"2025";"566";"";"0";"0";"100026302";"ELAINE MARA M. M. FORTI";"02209948894";"";"0";"PROPRIA";"33903699";"OUTROS SERVICOS";"DILIGENCIAS OFICIAIS(P. FISICAS).";"763.78";"2025";"L";"20/01/2025";"0";"01/01/2025";"31/01/2025";"6"
"UNIDADE DE GESTÃO DE NEG. JURÍDICOS E CIDADANIA";"4";"ADMINISTRAÇÃO";"122";"ADMINISTRAÇÃO GERAL";"2025";"567";"";"0";"0";"100026297";"DENISE PETEAN TREVISAN";"06872233850";"";"0";"PROPRIA";"33903699";"OUTROS SERVICOS";"DILIGENCIAS OFICIAIS(P. FISICAS).";"1336.58";"2025";"L";"20/01/2025";"0";"01/01/2025";"31/01/2025";"6"
"UNIDADE DE GESTÃO DE NEG. JURÍDICOS E CIDADANIA";"4";"ADMINISTRAÇÃO";"122";"ADMINISTRAÇÃO GERAL";"2025";"568";"";"0";"0";"100026299";"EDMILSON IMIPERATO";"11216010811";"";"0";"PROPRIA";"33903699";"OUTROS SERVICOS";"DILIGENCIAS OFICIAIS(P. FISICAS).";"1050.17";"2025";"L";"20/01/2025";"0";"01/01/2025";"31/01/2025";"6"
"UNIDADE DE GESTÃO DE NEG. JURÍDICOS E CIDADANIA";"4";"ADMINISTRAÇÃO";"122";"ADMINISTRAÇÃO GERAL";"2025";"569";"";"0";"0";"100026304";"EVELINE APARECIDA DA SILVA G PERES";"08411381846";"";"0";"PROPRIA";"33903699";"OUTROS SERVICOS";"DILIGENCIAS OFICIAIS(P. FISICAS).";"1718.46";"2025";"L";"20/01/2025";"0";"01/01/2025";"31/01/2025";"6"
"UNIDADE DE GESTÃO DE NEG. JURÍDICOS E CIDADANIA";"4";"ADMINISTRAÇÃO";"122";"ADMINISTRAÇÃO GERAL";"2025";"570";"";"0";"0";"100026305";"FABIO FREDERICO STORARI";"10213709830";"";"0";"PROPRIA";"33903699";"OUTROS SERVICOS";"DILIGENCIAS OFICIAIS(P. FISICAS).";"1622.99";"2025";"L";"20/01/2025";"0";"01/01/2025";"31/01/2025";"6"
"UNIDADE DE GESTÃO DE NEG. JURÍDICOS E CIDADANIA";"4";"ADMINISTRAÇÃO";"122";"ADMINISTRAÇÃO GERAL";"2025";"571";"";"0";"0";"100026075";"FERNANDO AUGUSTO ALVES";"06605364805";"";"0";"PROPRIA";"33903699";"OUTROS SERVICOS";"DILIGENCIAS OFICIAIS(P. FISICAS).";"1909.4";"2025";"L";"20/01/2025";"0";"01/01/2025";"31/01/2025";"6"
"UNIDADE DE GESTÃO DE NEG. JURÍDICOS E CIDADANIA";"4";"ADMINISTRAÇÃO";"122";"ADMINISTRAÇÃO GERAL";"2025";"572";"";"0";"0";"100009193";"FLAVIA FERRARI";"07964230832";"";"0";"PROPRIA";"33903699";"OUTROS SERVICOS";"DILIGENCIAS OFICIAIS(P. FISICAS).";"1241.14";"2025";"L";"20/01/2025";"0";"01/01/2025";"31/01/2025";"6"
"UNIDADE DE GESTÃO DE NEG. JURÍDICOS E CIDADANIA";"4";"ADMINISTRAÇÃO";"122";"ADMINISTRAÇÃO GERAL";"2025";"573";"";"0";"0";"100026307";"JOEL PEREIRA DOS SANTOS";"28613260691";"";"0";"PROPRIA";"33903699";"OUTROS SERVICOS";"DILIGENCIAS OFICIAIS(P. FISICAS).";"2100.34";"2025";"L";"20/01/2025";"0";"01/01/2025";"31/01/2025";"6"
"UNIDADE DE GESTÃO DE NEG. JURÍDICOS E CIDADANIA";"4";"ADMINISTRAÇÃO";"122";"ADMINISTRAÇÃO GERAL";"2025";"574";"";"0";"0";"100026310";"LUCIANA GALLEGO";"27697564866";"";"0";"PROPRIA";"33903699";"OUTROS SERVICOS";"DILIGENCIAS OFICIAIS(P. FISICAS).";"2291.33";"2025";"L";"20/01/2025";"0";"01/01/2025";"31/01/2025";"6"
"UNIDADE DE GESTÃO DE NEG. JURÍDICOS E CIDADANIA";"4";"ADMINISTRAÇÃO";"122";"ADMINISTRAÇÃO GERAL";"2025";"575";"";"0";"0";"100026311";"LUCIANO SANTOS BROLLI";"26079235811";"";"0";"PROPRIA";"33903699";"OUTROS SERVICOS";"DILIGENCIAS OFICIAIS(P. FISICAS).";"572.83";"2025";"L";"20/01/2025";"0";"01/01/2025";"31/01/2025";"6"
"UNIDADE DE GESTÃO DE NEG. JURÍDICOS E CIDADANIA";"4";"ADMINISTRAÇÃO";"122";"ADMINISTRAÇÃO GERAL";"2025";"576";"";"0";"0";"100026309";"LEOPOLDO JOSE FARINAZZO LORZA";"01598898809";"";"0";"PROPRIA";"33903699";"OUTROS SERVICOS";"DILIGENCIAS OFICIAIS(P. FISICAS).";"190.94";"2025";"L";"20/01/2025";"0";"01/01/2025";"31/01/2025";"6"
"UNIDADE DE GESTÃO DE NEG. JURÍDICOS E CIDADANIA";"4";"ADMINISTRAÇÃO";"122";"ADMINISTRAÇÃO GERAL";"2025";"577";"";"0";"0";"4029765";"MARCOS VITORIANO DE O. SILVA";"09703531890";"";"0";"PROPRIA";"33903699";"OUTROS SERVICOS";"DILIGENCIAS OFICIAIS(P. FISICAS).";"4105.21";"2025";"L";"20/01/2025";"0";"01/01/2025";"31/01/2025";"6"
"UNIDADE DE GESTÃO DE NEG. JURÍDICOS E CIDADANIA";"4";"ADMINISTRAÇÃO";"122";"ADMINISTRAÇÃO GERAL";"2025";"578";"";"0";"0";"100013605";"MARCUS FERNANDO GNACCARINI THOMAZESKI";"15043773898";"";"0";"PROPRIA";"33903699";"OUTROS SERVICOS";"DILIGENCIAS OFICIAIS(P. FISICAS).";"1336.58";"2025";"L";"20/01/2025";"0";"01/01/2025";"31/01/2025";"6"
"UNIDADE DE GESTÃO DE NEG. JURÍDICOS E CIDADANIA";"4";"ADMINISTRAÇÃO";"122";"ADMINISTRAÇÃO GERAL";"2025";"579";"";"0";"0";"100026316";"MARIA IONICE DOMINGUES ESPINDOLA";"03702353801";"";"0";"PROPRIA";"33903699";"OUTROS SERVICOS";"DILIGENCIAS OFICIAIS(P. FISICAS).";"859.25";"2025";"L";"20/01/2025";"0";"01/01/2025";"31/01/2025";"6"
"UNIDADE DE GESTÃO DA CASA CIVIL";"4";"ADMINISTRAÇÃO";"122";"ADMINISTRAÇÃO GERAL";"2025";"580";"";"0";"0";"100012604";"FOLHA DE PAGAMENTO";"45780103000150";"";"0";"PROPRIA";"31901101";"VENCIMENTO E SALARIOS";"FOLHA DE PAGAMENTO";"7121.21";"2025";"L";"14/01/2025";"0";"01/01/2025";"31/01/2025";"3"
"UNIDADE DE GESTÃO DA CASA CIVIL";"4";"ADMINISTRAÇÃO";"122";"ADMINISTRAÇÃO GERAL";"2025";"581";"";"0";"0";"100012604";"FOLHA DE PAGAMENTO";"45780103000150";"";"0";"PROPRIA";"31901101";"VENCIMENTO E SALARIOS";"FOLHA DE PAGAMENTO";"76103.58";"2025";"L";"14/01/2025";"0";"01/01/2025";"31/01/2025";"3"
"UNIDADE DE GESTÃO DA CASA CIVIL";"4";"ADMINISTRAÇÃO";"122";"ADMINISTRAÇÃO GERAL";"2025";"582";"";"0";"0";"100012604";"FOLHA DE PAGAMENTO";"45780103000150";"";"0";"PROPRIA";"31901105";"INCORPORADOS";"FOLHA DE PAGAMENTO";"2134.4";"2025";"L";"14/01/2025";"0";"01/01/2025";"31/01/2025";"3"
"UNIDADE DE GESTÃO DA CASA CIVIL";"4";"ADMINISTRAÇÃO";"122";"ADMINISTRAÇÃO GERAL";"2025";"583";"";"0";"0";"100012604";"FOLHA DE PAGAMENTO";"45780103000150";"";"0";"PROPRIA";"31901133";"GRATIFICACOES POR EXERCICIO DE  FUNCOES";"FOLHA DE PAGAMENTO";"706.52";"2025";"L";"14/01/2025";"0";"01/01/2025";"31/01/2025";"3"
"UNIDADE DE GESTÃO DA CASA CIVIL";"4";"ADMINISTRAÇÃO";"122";"ADMINISTRAÇÃO GERAL";"2025";"584";"";"0";"0";"100012604";"FOLHA DE PAGAMENTO";"45780103000150";"";"0";"PROPRIA";"31901137";"GRATIFICACOES POR TEMPO DE SERVICO";"FOLHA DE PAGAMENTO";"3679.53";"2025";"L";"14/01/2025";"0";"01/01/2025";"31/01/2025";"3"
"UNIDADE DE GESTÃO DA CASA CIVIL";"4";"ADMINISTRAÇÃO";"122";"ADMINISTRAÇÃO GERAL";"2025";"585";"";"0";"0";"100012604";"FOLHA DE PAGAMENTO";"45780103000150";"";"0";"PROPRIA";"31901137";"GRATIFICACOES POR TEMPO DE SERVICO";"FOLHA DE PAGAMENTO";"15147.45";"2025";"L";"14/01/2025";"0";"01/01/2025";"31/01/2025";"3"
"UNIDADE GESTÃO DE INOVAÇÃO E RELAÇÃO COM O CIDADÃO";"4";"ADMINISTRAÇÃO";"122";"ADMINISTRAÇÃO GERAL";"2025";"586";"";"0";"0";"100012604";"FOLHA DE PAGAMENTO";"45780103000150";"";"0";"PROPRIA";"31901101";"VENCIMENTO E SALARIOS";"FOLHA DE PAGAMENTO";"10027.37";"2025";"L";"14/01/2025";"0";"01/01/2025";"31/01/2025";"4"
"UNIDADE GESTÃO DE INOVAÇÃO E RELAÇÃO COM O CIDADÃO";"4";"ADMINISTRAÇÃO";"122";"ADMINISTRAÇÃO GERAL";"2025";"587";"";"0";"0";"100012604";"FOLHA DE PAGAMENTO";"45780103000150";"";"0";"PROPRIA";"31901137";"GRATIFICACOES POR TEMPO DE SERVICO";"FOLHA DE PAGAMENTO";"942.81";"2025";"L";"14/01/2025";"0";"01/01/2025";"31/01/2025";"4"
"UNIDADE DE GESTÃO DE NEG. JURÍDICOS E CIDADANIA";"4";"ADMINISTRAÇÃO";"122";"ADMINISTRAÇÃO GERAL";"2025";"588";"";"0";"0";"100012604";"FOLHA DE PAGAMENTO";"45780103000150";"";"0";"PROPRIA";"31901101";"VENCIMENTO E SALARIOS";"FOLHA DE PAGAMENTO";"13233.41";"2025";"L";"14/01/2025";"0";"01/01/2025";"31/01/2025";"6"
"UNIDADE DE GESTÃO DE NEG. JURÍDICOS E CIDADANIA";"4";"ADMINISTRAÇÃO";"122";"ADMINISTRAÇÃO GERAL";"2025";"589";"";"0";"0";"100012604";"FOLHA DE PAGAMENTO";"45780103000150";"";"0";"PROPRIA";"31901101";"VENCIMENTO E SALARIOS";"FOLHA DE PAGAMENTO";"183086.3";"2025";"L";"14/01/2025";"0";"01/01/2025";"31/01/2025";"6"
"UNIDADE DE GESTÃO DE NEG. JURÍDICOS E CIDADANIA";"4";"ADMINISTRAÇÃO";"122";"ADMINISTRAÇÃO GERAL";"2025";"590";"";"0";"0";"100012604";"FOLHA DE PAGAMENTO";"45780103000150";"";"0";"PROPRIA";"31901105";"INCORPORADOS";"FOLHA DE PAGAMENTO";"2020.01";"2025";"L";"14/01/2025";"0";"01/01/2025";"31/01/2025";"6"
"UNIDADE DE GESTÃO DE NEG. JURÍDICOS E CIDADANIA";"4";"ADMINISTRAÇÃO";"122";"ADMINISTRAÇÃO GERAL";"2025";"591";"";"0";"0";"100012604";"FOLHA DE PAGAMENTO";"45780103000150";"";"0";"PROPRIA";"31901105";"INCORPORADOS";"FOLHA DE PAGAMENTO";"4668.92";"2025";"L";"14/01/2025";"0";"01/01/2025";"31/01/2025";"6"
"UNIDADE DE GESTÃO DE NEG. JURÍDICOS E CIDADANIA";"4";"ADMINISTRAÇÃO";"122";"ADMINISTRAÇÃO GERAL";"2025";"592";"";"0";"0";"100012604";"FOLHA DE PAGAMENTO";"45780103000150";"";"0";"PROPRIA";"31901137";"GRATIFICACOES POR TEMPO DE SERVICO";"FOLHA DE PAGAMENTO";"12548.96";"2025";"L";"14/01/2025";"0";"01/01/2025";"31/01/2025";"6"
"UNIDADE DE GESTÃO DE NEG. JURÍDICOS E CIDADANIA";"4";"ADMINISTRAÇÃO";"122";"ADMINISTRAÇÃO GERAL";"2025";"593";"";"0";"0";"100012604";"FOLHA DE PAGAMENTO";"45780103000150";"";"0";"PROPRIA";"31901137";"GRATIFICACOES POR TEMPO DE SERVICO";"FOLHA DE PAGAMENTO";"31572.86";"2025";"L";"14/01/2025";"0";"01/01/2025";"31/01/2025";"6"
"UNIDADE DE GESTÃO DE NEG. JURÍDICOS E CIDADANIA";"4";"ADMINISTRAÇÃO";"422";"DIREITOS INDIVIDUAIS. COLETIVOS E DIFUSOS";"2025";"594";"";"0";"0";"100012604";"FOLHA DE PAGAMENTO";"45780103000150";"";"0";"PROPRIA";"31901101";"VENCIMENTO E SALARIOS";"FOLHA DE PAGAMENTO";"17147.88";"2025";"L";"14/01/2025";"0";"01/01/2025";"31/01/2025";"6"
"UNIDADE DE GESTÃO DE NEG. JURÍDICOS E CIDADANIA";"4";"ADMINISTRAÇÃO";"422";"DIREITOS INDIVIDUAIS. COLETIVOS E DIFUSOS";"2025";"595";"";"0";"0";"100012604";"FOLHA DE PAGAMENTO";"45780103000150";"";"0";"PROPRIA";"31901137";"GRATIFICACOES POR TEMPO DE SERVICO";"FOLHA DE PAGAMENTO";"1645.7";"2025";"L";"14/01/2025";"0";"01/01/2025";"31/01/2025";"6"
"UNIDADE DE GESTÃO DE ADMINIST. E GESTÃO DE PESSOAS";"4";"ADMINISTRAÇÃO";"122";"ADMINISTRAÇÃO GERAL";"2025";"596";"";"0";"0";"100012604";"FOLHA DE PAGAMENTO";"45780103000150";"";"0";"PROPRIA";"31901101";"VENCIMENTO E SALARIOS";"FOLHA DE PAGAMENTO";"27843.96";"2025";"L";"14/01/2025";"0";"01/01/2025";"31/01/2025";"7"
"UNIDADE DE GESTÃO DE ADMINIST. E GESTÃO DE PESSOAS";"4";"ADMINISTRAÇÃO";"122";"ADMINISTRAÇÃO GERAL";"2025";"597";"";"0";"0";"100012604";"FOLHA DE PAGAMENTO";"45780103000150";"";"0";"PROPRIA";"31901101";"VENCIMENTO E SALARIOS";"FOLHA DE PAGAMENTO";"287142.82";"2025";"L";"14/01/2025";"0";"01/01/2025";"31/01/2025";"7"
"UNIDADE DE GESTÃO DE ADMINIST. E GESTÃO DE PESSOAS";"4";"ADMINISTRAÇÃO";"122";"ADMINISTRAÇÃO GERAL";"2025";"598";"";"0";"0";"100012604";"FOLHA DE PAGAMENTO";"45780103000150";"";"0";"PROPRIA";"31901105";"INCORPORADOS";"FOLHA DE PAGAMENTO";"1067.2";"2025";"L";"14/01/2025";"0";"01/01/2025";"31/01/2025";"7"
"UNIDADE DE GESTÃO DE ADMINIST. E GESTÃO DE PESSOAS";"4";"ADMINISTRAÇÃO";"122";"ADMINISTRAÇÃO GERAL";"2025";"599";"";"0";"0";"100012604";"FOLHA DE PAGAMENTO";"45780103000150";"";"0";"PROPRIA";"31901133";"GRATIFICACOES POR EXERCICIO DE  FUNCOES";"FOLHA DE PAGAMENTO";"7803.08";"2025";"L";"14/01/2025";"0";"01/01/2025";"31/01/2025";"7"
"UNIDADE DE GESTÃO DE ADMINIST. E GESTÃO DE PESSOAS";"4";"ADMINISTRAÇÃO";"122";"ADMINISTRAÇÃO GERAL";"2025";"600";"";"0";"0";"100012604";"FOLHA DE PAGAMENTO";"45780103000150";"";"0";"PROPRIA";"31901137";"GRATIFICACOES POR TEMPO DE SERVICO";"FOLHA DE PAGAMENTO";"39283.45";"2025";"L";"14/01/2025";"0";"01/01/2025";"31/01/2025";"7"
"UNIDADE DE GESTÃO DE ADMINIST. E GESTÃO DE PESSOAS";"4";"ADMINISTRAÇÃO";"122";"ADMINISTRAÇÃO GERAL";"2025";"601";"";"0";"0";"100012604";"FOLHA DE PAGAMENTO";"45780103000150";"";"0";"PROPRIA";"31901137";"GRATIFICACOES POR TEMPO DE SERVICO";"FOLHA DE PAGAMENTO";"16210.53";"2025";"L";"14/01/2025";"0";"01/01/2025";"31/01/2025";"7"
"UNIDADE DE GESTÃO DE ADMINIST. E GESTÃO DE PESSOAS";"9";"PREVIDÊNCIA SOCIAL";"271";"PREVIDÊNCIA BÁSICA";"2025";"602";"";"0";"0";"100012604";"FOLHA DE PAGAMENTO";"45780103000150";"";"0";"PROPRIA";"31900101";"PROVENTOS - PESSOAL CIVIL";"FOLHA DE PAGAMENTO";"20306.95";"2025";"L";"14/01/2025";"0";"01/01/2025";"31/01/2025";"7"
"UNIDADE DE GESTÃO DE ADMINIST. E GESTÃO DE PESSOAS";"9";"PREVIDÊNCIA SOCIAL";"271";"PREVIDÊNCIA BÁSICA";"2025";"603";"";"0";"0";"100012604";"FOLHA DE PAGAMENTO";"45780103000150";"";"0";"PROPRIA";"31900101";"PROVENTOS - PESSOAL CIVIL";"FOLHA DE PAGAMENTO";"1781.66";"2025";"L";"14/01/2025";"0";"01/01/2025";"31/01/2025";"7"
"UNIDADE DE GESTÃO DE ADMINIST. E GESTÃO DE PESSOAS";"9";"PREVIDÊNCIA SOCIAL";"271";"PREVIDÊNCIA BÁSICA";"2025";"604";"";"0";"0";"100012604";"FOLHA DE PAGAMENTO";"45780103000150";"";"0";"PROPRIA";"31900101";"PROVENTOS - PESSOAL CIVIL";"FOLHA DE PAGAMENTO";"146086.7";"2025";"L";"14/01/2025";"0";"01/01/2025";"31/01/2025";"7"
"UNIDADE DE GESTÃO DE ADMINIST. E GESTÃO DE PESSOAS";"9";"PREVIDÊNCIA SOCIAL";"271";"PREVIDÊNCIA BÁSICA";"2025";"605";"";"0";"0";"100012604";"FOLHA DE PAGAMENTO";"45780103000150";"";"0";"PROPRIA";"31900101";"PROVENTOS - PESSOAL CIVIL";"FOLHA DE PAGAMENTO";"76264.93";"2025";"L";"14/01/2025";"0";"01/01/2025";"31/01/2025";"7"
"UNIDADE DE GESTÃO DE ADMINIST. E GESTÃO DE PESSOAS";"9";"PREVIDÊNCIA SOCIAL";"271";"PREVIDÊNCIA BÁSICA";"2025";"606";"";"0";"0";"100012604";"FOLHA DE PAGAMENTO";"45780103000150";"";"0";"PROPRIA";"31900151";"ADICIONAIS. VANTAGENS. GRATIFICAÇÕES E OUTROS COMP";"FOLHA DE PAGAMENTO";"3006.55";"2025";"L";"14/01/2025";"0";"01/01/2025";"31/01/2025";"7"
"UNIDADE DE GESTÃO DE ADMINIST. E GESTÃO DE PESSOAS";"9";"PREVIDÊNCIA SOCIAL";"271";"PREVIDÊNCIA BÁSICA";"2025";"607";"";"0";"0";"100012604";"FOLHA DE PAGAMENTO";"45780103000150";"";"0";"PROPRIA";"31900151";"ADICIONAIS. VANTAGENS. GRATIFICAÇÕES E OUTROS COMP";"FOLHA DE PAGAMENTO";"28620.4";"2025";"L";"14/01/2025";"0";"01/01/2025";"31/01/2025";"7"
"UNIDADE DE GESTÃO DE ADMINIST. E GESTÃO DE PESSOAS";"9";"PREVIDÊNCIA SOCIAL";"271";"PREVIDÊNCIA BÁSICA";"2025";"608";"";"0";"0";"100012604";"FOLHA DE PAGAMENTO";"45780103000150";"";"0";"PROPRIA";"31900151";"ADICIONAIS. VANTAGENS. GRATIFICAÇÕES E OUTROS COMP";"FOLHA DE PAGAMENTO";"48024.49";"2025";"L";"14/01/2025";"0";"01/01/2025";"31/01/2025";"7"
"UNIDADE DE GESTÃO DE ADMINIST. E GESTÃO DE PESSOAS";"9";"PREVIDÊNCIA SOCIAL";"271";"PREVIDÊNCIA BÁSICA";"2025";"609";"";"0";"0";"100012604";"FOLHA DE PAGAMENTO";"45780103000150";"";"0";"PROPRIA";"31900151";"ADICIONAIS. VANTAGENS. GRATIFICAÇÕES E OUTROS COMP";"FOLHA DE PAGAMENTO";"863.44";"2025";"L";"14/01/2025";"0";"01/01/2025";"31/01/2025";"7"
"UNIDADE DE GESTÃO DE ADMINIST. E GESTÃO DE PESSOAS";"9";"PREVIDÊNCIA SOCIAL";"271";"PREVIDÊNCIA BÁSICA";"2025";"610";"";"0";"0";"100012604";"FOLHA DE PAGAMENTO";"45780103000150";"";"0";"PROPRIA";"31900301";"PESSOAL CIVIL";"FOLHA DE PAGAMENTO";"2730.87";"2025";"L";"14/01/2025";"0";"01/01/2025";"31/01/2025";"7"
"UNIDADE DE GESTÃO DE ADMINIST. E GESTÃO DE PESSOAS";"9";"PREVIDÊNCIA SOCIAL";"271";"PREVIDÊNCIA BÁSICA";"2025";"611";"";"0";"0";"100012604";"FOLHA DE PAGAMENTO";"45780103000150";"";"0";"PROPRIA";"31900301";"PESSOAL CIVIL";"FOLHA DE PAGAMENTO";"25487.31";"2025";"L";"14/01/2025";"0";"01/01/2025";"31/01/2025";"7"
"UNIDADE DE GESTÃO DE ADMINIST. E GESTÃO DE PESSOAS";"9";"PREVIDÊNCIA SOCIAL";"271";"PREVIDÊNCIA BÁSICA";"2025";"612";"";"0";"0";"100012604";"FOLHA DE PAGAMENTO";"45780103000150";"";"0";"PROPRIA";"31900301";"PESSOAL CIVIL";"FOLHA DE PAGAMENTO";"33397";"2025";"L";"14/01/2025";"0";"01/01/2025";"31/01/2025";"7"
"UNIDADE DE GESTÃO DE ADMINIST. E GESTÃO DE PESSOAS";"9";"PREVIDÊNCIA SOCIAL";"271";"PREVIDÊNCIA BÁSICA";"2025";"613";"";"0";"0";"100012604";"FOLHA DE PAGAMENTO";"45780103000150";"";"0";"PROPRIA";"31900351";"ADICIONAIS. VANTAGENS. GRATIFICAÇÕES E OUTROS COMP";"FOLHA DE PAGAMENTO";"78.52";"2025";"L";"14/01/2025";"0";"01/01/2025";"31/01/2025";"7"
"UNIDADE DE GESTÃO DE ADMINIST. E GESTÃO DE PESSOAS";"9";"PREVIDÊNCIA SOCIAL";"271";"PREVIDÊNCIA BÁSICA";"2025";"614";"";"0";"0";"100012604";"FOLHA DE PAGAMENTO";"45780103000150";"";"0";"PROPRIA";"31900351";"ADICIONAIS. VANTAGENS. GRATIFICAÇÕES E OUTROS COMP";"FOLHA DE PAGAMENTO";"63.11";"2025";"L";"14/01/2025";"0";"01/01/2025";"31/01/2025";"7"
"UNIDADE DE GESTÃO DE ADMINIST. E GESTÃO DE PESSOAS";"9";"PREVIDÊNCIA SOCIAL";"271";"PREVIDÊNCIA BÁSICA";"2025";"615";"";"0";"0";"100012604";"FOLHA DE PAGAMENTO";"45780103000150";"";"0";"PROPRIA";"31900351";"ADICIONAIS. VANTAGENS. GRATIFICAÇÕES E OUTROS COMP";"FOLHA DE PAGAMENTO";"13406.61";"2025";"L";"14/01/2025";"0";"01/01/2025";"31/01/2025";"7"
"UNIDADE DE GESTÃO DE ADMINIST. E GESTÃO DE PESSOAS";"9";"PREVIDÊNCIA SOCIAL";"271";"PREVIDÊNCIA BÁSICA";"2025";"616";"";"0";"0";"100012604";"FOLHA DE PAGAMENTO";"45780103000150";"";"0";"PROPRIA";"31900101";"PROVENTOS - PESSOAL CIVIL";"FOLHA DE PAGAMENTO";"210927.23";"2025";"L";"14/01/2025";"0";"01/01/2025";"31/01/2025";"7"
"UNIDADE DE GESTÃO DE ADMINIST. E GESTÃO DE PESSOAS";"9";"PREVIDÊNCIA SOCIAL";"271";"PREVIDÊNCIA BÁSICA";"2025";"617";"";"0";"0";"100012604";"FOLHA DE PAGAMENTO";"45780103000150";"";"0";"PROPRIA";"31900151";"ADICIONAIS. VANTAGENS. GRATIFICAÇÕES E OUTROS COMP";"FOLHA DE PAGAMENTO";"67827.8";"2025";"L";"14/01/2025";"0";"01/01/2025";"31/01/2025";"7"
"UNIDADE DE GESTÃO DE ADMINIST. E GESTÃO DE PESSOAS";"9";"PREVIDÊNCIA SOCIAL";"271";"PREVIDÊNCIA BÁSICA";"2025";"618";"";"0";"0";"100012604";"FOLHA DE PAGAMENTO";"45780103000150";"";"0";"PROPRIA";"31900151";"ADICIONAIS. VANTAGENS. GRATIFICAÇÕES E OUTROS COMP";"FOLHA DE PAGAMENTO";"814.62";"2025";"L";"14/01/2025";"0";"01/01/2025";"31/01/2025";"7"
"UNIDADE DE GESTÃO DE ADMINIST. E GESTÃO DE PESSOAS";"9";"PREVIDÊNCIA SOCIAL";"271";"PREVIDÊNCIA BÁSICA";"2025";"619";"";"0";"0";"100012604";"FOLHA DE PAGAMENTO";"45780103000150";"";"0";"PROPRIA";"31900301";"PESSOAL CIVIL";"FOLHA DE PAGAMENTO";"64064.79";"2025";"L";"14/01/2025";"0";"01/01/2025";"31/01/2025";"7"
"UNIDADE DE GESTÃO DE ADMINIST. E GESTÃO DE PESSOAS";"9";"PREVIDÊNCIA SOCIAL";"271";"PREVIDÊNCIA BÁSICA";"2025";"620";"";"0";"0";"100012604";"FOLHA DE PAGAMENTO";"45780103000150";"";"0";"PROPRIA";"31900351";"ADICIONAIS. VANTAGENS. GRATIFICAÇÕES E OUTROS COMP";"FOLHA DE PAGAMENTO";"1714.76";"2025";"L";"14/01/2025";"0";"01/01/2025";"31/01/2025";"7"
"UNIDADE DE GESTÃO DE ADMINIST. E GESTÃO DE PESSOAS";"9";"PREVIDÊNCIA SOCIAL";"271";"PREVIDÊNCIA BÁSICA";"2025";"621";"";"0";"0";"100012604";"FOLHA DE PAGAMENTO";"45780103000150";"";"0";"PROPRIA";"31900351";"ADICIONAIS. VANTAGENS. GRATIFICAÇÕES E OUTROS COMP";"FOLHA DE PAGAMENTO";"30158.27";"2025";"L";"14/01/2025";"0";"01/01/2025";"31/01/2025";"7"
"UNIDADE DE GESTÃO DE ADMINIST. E GESTÃO DE PESSOAS";"17";"SANEAMENTO";"122";"ADMINISTRAÇÃO GERAL";"2025";"622";"";"0";"0";"100012604";"FOLHA DE PAGAMENTO";"45780103000150";"";"902";"RESTITUIÇÕES DAE S/A";"31901101";"VENCIMENTO E SALARIOS";"FOLHA DE PAGAMENTO";"2680.24";"2025";"L";"14/01/2025";"0";"01/01/2025";"31/01/2025";"7"
"UNIDADE DE GESTÃO DE ADMINIST. E GESTÃO DE PESSOAS";"17";"SANEAMENTO";"122";"ADMINISTRAÇÃO GERAL";"2025";"623";"";"0";"0";"100012604";"FOLHA DE PAGAMENTO";"45780103000150";"";"902";"RESTITUIÇÕES DAE S/A";"31901101";"VENCIMENTO E SALARIOS";"FOLHA DE PAGAMENTO";"257642.62";"2025";"L";"14/01/2025";"0";"01/01/2025";"31/01/2025";"7"
"UNIDADE DE GESTÃO DE ADMINIST. E GESTÃO DE PESSOAS";"17";"SANEAMENTO";"122";"ADMINISTRAÇÃO GERAL";"2025";"624";"";"0";"0";"100012604";"FOLHA DE PAGAMENTO";"45780103000150";"";"902";"RESTITUIÇÕES DAE S/A";"31901133";"GRATIFICACOES POR EXERCICIO DE  FUNCOES";"FOLHA DE PAGAMENTO";"11178.22";"2025";"L";"14/01/2025";"0";"01/01/2025";"31/01/2025";"7"
"UNIDADE DE GESTÃO DE ADMINIST. E GESTÃO DE PESSOAS";"17";"SANEAMENTO";"122";"ADMINISTRAÇÃO GERAL";"2025";"625";"";"0";"0";"100012604";"FOLHA DE PAGAMENTO";"45780103000150";"";"902";"RESTITUIÇÕES DAE S/A";"31901137";"GRATIFICACOES POR TEMPO DE SERVICO";"FOLHA DE PAGAMENTO";"938.08";"2025";"L";"14/01/2025";"0";"01/01/2025";"31/01/2025";"7"
"UNIDADE DE GESTÃO DE ADMINIST. E GESTÃO DE PESSOAS";"17";"SANEAMENTO";"122";"ADMINISTRAÇÃO GERAL";"2025";"626";"";"0";"0";"100012604";"FOLHA DE PAGAMENTO";"45780103000150";"";"902";"RESTITUIÇÕES DAE S/A";"31901137";"GRATIFICACOES POR TEMPO DE SERVICO";"FOLHA DE PAGAMENTO";"109360.99";"2025";"L";"14/01/2025";"0";"01/01/2025";"31/01/2025";"7"
"UNIDADE DE GESTÃO DE ADMINIST. E GESTÃO DE PESSOAS";"4";"ADMINISTRAÇÃO";"122";"ADMINISTRAÇÃO GERAL";"2025";"627";"";"0";"0";"100012604";"FOLHA DE PAGAMENTO";"45780103000150";"";"0";"PROPRIA";"31901101";"VENCIMENTO E SALARIOS";"FOLHA DE PAGAMENTO";"18973.86";"2025";"L";"14/01/2025";"0";"01/01/2025";"31/01/2025";"7"
"UNIDADE DE GESTÃO DE ADMINIST. E GESTÃO DE PESSOAS";"4";"ADMINISTRAÇÃO";"122";"ADMINISTRAÇÃO GERAL";"2025";"628";"";"0";"0";"100012604";"FOLHA DE PAGAMENTO";"45780103000150";"";"0";"PROPRIA";"31901101";"VENCIMENTO E SALARIOS";"FOLHA DE PAGAMENTO";"185845.77";"2025";"L";"14/01/2025";"0";"01/01/2025";"31/01/2025";"7"
"UNIDADE DE GESTÃO DE ADMINIST. E GESTÃO DE PESSOAS";"4";"ADMINISTRAÇÃO";"122";"ADMINISTRAÇÃO GERAL";"2025";"629";"";"0";"0";"100012604";"FOLHA DE PAGAMENTO";"45780103000150";"";"0";"PROPRIA";"31901133";"GRATIFICACOES POR EXERCICIO DE  FUNCOES";"FOLHA DE PAGAMENTO";"106.26";"2025";"L";"14/01/2025";"0";"01/01/2025";"31/01/2025";"7"
"UNIDADE DE GESTÃO DE ADMINIST. E GESTÃO DE PESSOAS";"4";"ADMINISTRAÇÃO";"122";"ADMINISTRAÇÃO GERAL";"2025";"630";"";"0";"0";"100012604";"FOLHA DE PAGAMENTO";"45780103000150";"";"0";"PROPRIA";"31901133";"GRATIFICACOES POR EXERCICIO DE  FUNCOES";"FOLHA DE PAGAMENTO";"9258.59";"2025";"L";"14/01/2025";"0";"01/01/2025";"31/01/2025";"7"
"UNIDADE DE GESTÃO DE ADMINIST. E GESTÃO DE PESSOAS";"4";"ADMINISTRAÇÃO";"122";"ADMINISTRAÇÃO GERAL";"2025";"631";"";"0";"0";"100012604";"FOLHA DE PAGAMENTO";"45780103000150";"";"0";"PROPRIA";"31901137";"GRATIFICACOES POR TEMPO DE SERVICO";"FOLHA DE PAGAMENTO";"39152.34";"2025";"L";"14/01/2025";"0";"01/01/2025";"31/01/2025";"7"
"UNIDADE DE GESTÃO DE ADMINIST. E GESTÃO DE PESSOAS";"4";"ADMINISTRAÇÃO";"122";"ADMINISTRAÇÃO GERAL";"2025";"632";"";"0";"0";"100012604";"FOLHA DE PAGAMENTO";"45780103000150";"";"0";"PROPRIA";"31901137";"GRATIFICACOES POR TEMPO DE SERVICO";"FOLHA DE PAGAMENTO";"8652.45";"2025";"L";"14/01/2025";"0";"01/01/2025";"31/01/2025";"7"
"UNIDADE DE GESTÃO DE GOVERNO E FINANÇAS";"4";"ADMINISTRAÇÃO";"122";"ADMINISTRAÇÃO GERAL";"2025";"633";"";"0";"0";"100012604";"FOLHA DE PAGAMENTO";"45780103000150";"";"0";"PROPRIA";"31901101";"VENCIMENTO E SALARIOS";"FOLHA DE PAGAMENTO";"464494.52";"2025";"L";"14/01/2025";"0";"01/01/2025";"31/01/2025";"8"
"UNIDADE DE GESTÃO DE GOVERNO E FINANÇAS";"4";"ADMINISTRAÇÃO";"122";"ADMINISTRAÇÃO GERAL";"2025";"634";"";"0";"0";"100012604";"FOLHA DE PAGAMENTO";"45780103000150";"";"0";"PROPRIA";"31901101";"VENCIMENTO E SALARIOS";"FOLHA DE PAGAMENTO";"26485.87";"2025";"L";"14/01/2025";"0";"01/01/2025";"31/01/2025";"8"
"UNIDADE DE GESTÃO DE GOVERNO E FINANÇAS";"4";"ADMINISTRAÇÃO";"122";"ADMINISTRAÇÃO GERAL";"2025";"635";"";"0";"0";"100012604";"FOLHA DE PAGAMENTO";"45780103000150";"";"0";"PROPRIA";"31901105";"INCORPORADOS";"FOLHA DE PAGAMENTO";"5722.97";"2025";"L";"14/01/2025";"0";"01/01/2025";"31/01/2025";"8"
"UNIDADE DE GESTÃO DE GOVERNO E FINANÇAS";"4";"ADMINISTRAÇÃO";"122";"ADMINISTRAÇÃO GERAL";"2025";"636";"";"0";"0";"100012604";"FOLHA DE PAGAMENTO";"45780103000150";"";"0";"PROPRIA";"31901105";"INCORPORADOS";"FOLHA DE PAGAMENTO";"6265.82";"2025";"L";"14/01/2025";"0";"01/01/2025";"31/01/2025";"8"
"UNIDADE DE GESTÃO DE GOVERNO E FINANÇAS";"4";"ADMINISTRAÇÃO";"122";"ADMINISTRAÇÃO GERAL";"2025";"637";"";"0";"0";"100012604";"FOLHA DE PAGAMENTO";"45780103000150";"";"0";"PROPRIA";"31901133";"GRATIFICACOES POR EXERCICIO DE  FUNCOES";"FOLHA DE PAGAMENTO";"25275.41";"2025";"L";"14/01/2025";"0";"01/01/2025";"31/01/2025";"8"
"UNIDADE DE GESTÃO DE GOVERNO E FINANÇAS";"4";"ADMINISTRAÇÃO";"122";"ADMINISTRAÇÃO GERAL";"2025";"638";"";"0";"0";"100012604";"FOLHA DE PAGAMENTO";"45780103000150";"";"0";"PROPRIA";"31901137";"GRATIFICACOES POR TEMPO DE SERVICO";"FOLHA DE PAGAMENTO";"80708.94";"2025";"L";"14/01/2025";"0";"01/01/2025";"31/01/2025";"8"
"UNIDADE DE GESTÃO DE GOVERNO E FINANÇAS";"4";"ADMINISTRAÇÃO";"122";"ADMINISTRAÇÃO GERAL";"2025";"639";"";"0";"0";"100012604";"FOLHA DE PAGAMENTO";"45780103000150";"";"0";"PROPRIA";"31901137";"GRATIFICACOES POR TEMPO DE SERVICO";"FOLHA DE PAGAMENTO";"15832.97";"2025";"L";"14/01/2025";"0";"01/01/2025";"31/01/2025";"8"
"UNIDADE DE GESTÃO DE INFRAEST. E SERVIÇOS PÚBLICOS";"15";"URBANISMO";"122";"ADMINISTRAÇÃO GERAL";"2025";"640";"";"0";"0";"100012604";"FOLHA DE PAGAMENTO";"45780103000150";"";"0";"PROPRIA";"31901101";"VENCIMENTO E SALARIOS";"FOLHA DE PAGAMENTO";"42790.69";"2025";"L";"14/01/2025";"0";"01/01/2025";"31/01/2025";"10"
"UNIDADE DE GESTÃO DE INFRAEST. E SERVIÇOS PÚBLICOS";"15";"URBANISMO";"122";"ADMINISTRAÇÃO GERAL";"2025";"641";"";"0";"0";"100012604";"FOLHA DE PAGAMENTO";"45780103000150";"";"0";"PROPRIA";"31901101";"VENCIMENTO E SALARIOS";"FOLHA DE PAGAMENTO";"591673.3";"2025";"L";"14/01/2025";"0";"01/01/2025";"31/01/2025";"10"
"UNIDADE DE GESTÃO DE INFRAEST. E SERVIÇOS PÚBLICOS";"15";"URBANISMO";"122";"ADMINISTRAÇÃO GERAL";"2025";"642";"";"0";"0";"100012604";"FOLHA DE PAGAMENTO";"45780103000150";"";"0";"PROPRIA";"31901133";"GRATIFICACOES POR EXERCICIO DE  FUNCOES";"FOLHA DE PAGAMENTO";"19624.42";"2025";"L";"14/01/2025";"0";"01/01/2025";"31/01/2025";"10"
"UNIDADE DE GESTÃO DE INFRAEST. E SERVIÇOS PÚBLICOS";"15";"URBANISMO";"122";"ADMINISTRAÇÃO GERAL";"2025";"643";"";"0";"0";"100012604";"FOLHA DE PAGAMENTO";"45780103000150";"";"0";"PROPRIA";"31901133";"GRATIFICACOES POR EXERCICIO DE  FUNCOES";"FOLHA DE PAGAMENTO";"1739.17";"2025";"L";"14/01/2025";"0";"01/01/2025";"31/01/2025";"10"
"UNIDADE DE GESTÃO DE INFRAEST. E SERVIÇOS PÚBLICOS";"15";"URBANISMO";"122";"ADMINISTRAÇÃO GERAL";"2025";"644";"";"0";"0";"100012604";"FOLHA DE PAGAMENTO";"45780103000150";"";"0";"PROPRIA";"31901137";"GRATIFICACOES POR TEMPO DE SERVICO";"FOLHA DE PAGAMENTO";"19035.51";"2025";"L";"14/01/2025";"0";"01/01/2025";"31/01/2025";"10"
"UNIDADE DE GESTÃO DE INFRAEST. E SERVIÇOS PÚBLICOS";"15";"URBANISMO";"122";"ADMINISTRAÇÃO GERAL";"2025";"645";"";"0";"0";"100012604";"FOLHA DE PAGAMENTO";"45780103000150";"";"0";"PROPRIA";"31901137";"GRATIFICACOES POR TEMPO DE SERVICO";"FOLHA DE PAGAMENTO";"132673.2";"2025";"L";"14/01/2025";"0";"01/01/2025";"31/01/2025";"10"
"UNIDADE GESTÃO DE PLANEJ. URBANO E MEIO AMBIENTE";"18";"GESTÃO AMBIENTAL";"122";"ADMINISTRAÇÃO GERAL";"2025";"646";"";"0";"0";"100012604";"FOLHA DE PAGAMENTO";"45780103000150";"";"0";"PROPRIA";"31901101";"VENCIMENTO E SALARIOS";"FOLHA DE PAGAMENTO";"300328.17";"2025";"L";"14/01/2025";"0";"01/01/2025";"31/01/2025";"11"
"UNIDADE GESTÃO DE PLANEJ. URBANO E MEIO AMBIENTE";"18";"GESTÃO AMBIENTAL";"122";"ADMINISTRAÇÃO GERAL";"2025";"647";"";"0";"0";"100012604";"FOLHA DE PAGAMENTO";"45780103000150";"";"0";"PROPRIA";"31901101";"VENCIMENTO E SALARIOS";"FOLHA DE PAGAMENTO";"21777.95";"2025";"L";"14/01/2025";"0";"01/01/2025";"31/01/2025";"11"
"UNIDADE GESTÃO DE PLANEJ. URBANO E MEIO AMBIENTE";"18";"GESTÃO AMBIENTAL";"122";"ADMINISTRAÇÃO GERAL";"2025";"648";"";"0";"0";"100012604";"FOLHA DE PAGAMENTO";"45780103000150";"";"0";"PROPRIA";"31901133";"GRATIFICACOES POR EXERCICIO DE  FUNCOES";"FOLHA DE PAGAMENTO";"2683.33";"2025";"L";"14/01/2025";"0";"01/01/2025";"31/01/2025";"11"
"UNIDADE GESTÃO DE PLANEJ. URBANO E MEIO AMBIENTE";"18";"GESTÃO AMBIENTAL";"122";"ADMINISTRAÇÃO GERAL";"2025";"649";"";"0";"0";"100012604";"FOLHA DE PAGAMENTO";"45780103000150";"";"0";"PROPRIA";"31901133";"GRATIFICACOES POR EXERCICIO DE  FUNCOES";"FOLHA DE PAGAMENTO";"11526.39";"2025";"L";"14/01/2025";"0";"01/01/2025";"31/01/2025";"11"
"UNIDADE GESTÃO DE PLANEJ. URBANO E MEIO AMBIENTE";"18";"GESTÃO AMBIENTAL";"122";"ADMINISTRAÇÃO GERAL";"2025";"650";"";"0";"0";"100012604";"FOLHA DE PAGAMENTO";"45780103000150";"";"0";"PROPRIA";"31901137";"GRATIFICACOES POR TEMPO DE SERVICO";"FOLHA DE PAGAMENTO";"47352.21";"2025";"L";"14/01/2025";"0";"01/01/2025";"31/01/2025";"11"
"UNIDADE GESTÃO DE PLANEJ. URBANO E MEIO AMBIENTE";"18";"GESTÃO AMBIENTAL";"122";"ADMINISTRAÇÃO GERAL";"2025";"651";"";"0";"0";"100012604";"FOLHA DE PAGAMENTO";"45780103000150";"";"0";"PROPRIA";"31901137";"GRATIFICACOES POR TEMPO DE SERVICO";"FOLHA DE PAGAMENTO";"10705.33";"2025";"L";"14/01/2025";"0";"01/01/2025";"31/01/2025";"11"
"UNIDADE DE GESTÃO DE MOBILIDADE E TRANSPORTE";"15";"URBANISMO";"122";"ADMINISTRAÇÃO GERAL";"2025";"652";"";"0";"0";"100012604";"FOLHA DE PAGAMENTO";"45780103000150";"";"0";"PROPRIA";"31901101";"VENCIMENTO E SALARIOS";"FOLHA DE PAGAMENTO";"25920.83";"2025";"L";"14/01/2025";"0";"01/01/2025";"31/01/2025";"12"
"UNIDADE DE GESTÃO DE MOBILIDADE E TRANSPORTE";"15";"URBANISMO";"122";"ADMINISTRAÇÃO GERAL";"2025";"653";"";"0";"0";"100012604";"FOLHA DE PAGAMENTO";"45780103000150";"";"0";"PROPRIA";"31901101";"VENCIMENTO E SALARIOS";"FOLHA DE PAGAMENTO";"496952.9";"2025";"L";"14/01/2025";"0";"01/01/2025";"31/01/2025";"12"
"UNIDADE DE GESTÃO DE MOBILIDADE E TRANSPORTE";"15";"URBANISMO";"122";"ADMINISTRAÇÃO GERAL";"2025";"654";"";"0";"0";"100012604";"FOLHA DE PAGAMENTO";"45780103000150";"";"0";"PROPRIA";"31901133";"GRATIFICACOES POR EXERCICIO DE  FUNCOES";"FOLHA DE PAGAMENTO";"1542.25";"2025";"L";"14/01/2025";"0";"01/01/2025";"31/01/2025";"12"
"UNIDADE DE GESTÃO DE MOBILIDADE E TRANSPORTE";"15";"URBANISMO";"122";"ADMINISTRAÇÃO GERAL";"2025";"655";"";"0";"0";"100012604";"FOLHA DE PAGAMENTO";"45780103000150";"";"0";"PROPRIA";"31901133";"GRATIFICACOES POR EXERCICIO DE  FUNCOES";"FOLHA DE PAGAMENTO";"80571.09";"2025";"L";"14/01/2025";"0";"01/01/2025";"31/01/2025";"12"
"UNIDADE DE GESTÃO DE MOBILIDADE E TRANSPORTE";"15";"URBANISMO";"122";"ADMINISTRAÇÃO GERAL";"2025";"656";"";"0";"0";"100012604";"FOLHA DE PAGAMENTO";"45780103000150";"";"0";"PROPRIA";"31901137";"GRATIFICACOES POR TEMPO DE SERVICO";"FOLHA DE PAGAMENTO";"12378.89";"2025";"L";"14/01/2025";"0";"01/01/2025";"31/01/2025";"12"
"UNIDADE DE GESTÃO DE MOBILIDADE E TRANSPORTE";"15";"URBANISMO";"122";"ADMINISTRAÇÃO GERAL";"2025";"657";"";"0";"0";"100012604";"FOLHA DE PAGAMENTO";"45780103000150";"";"0";"PROPRIA";"31901137";"GRATIFICACOES POR TEMPO DE SERVICO";"FOLHA DE PAGAMENTO";"110498.84";"2025";"L";"14/01/2025";"0";"01/01/2025";"31/01/2025";"12"
"UNIDADE DE GESTÃO DE EDUCAÇÃO";"12";"EDUCAÇÃO";"365";"EDUCAÇÃO INFANTIL";"2025";"658";"";"0";"0";"100012604";"FOLHA DE PAGAMENTO";"45780103000150";"";"0";"PROPRIA";"31901101";"VENCIMENTO E SALARIOS";"FOLHA DE PAGAMENTO";"6982.47";"2025";"L";"14/01/2025";"0";"01/01/2025";"31/01/2025";"13"
"UNIDADE DE GESTÃO DE EDUCAÇÃO";"12";"EDUCAÇÃO";"365";"EDUCAÇÃO INFANTIL";"2025";"659";"";"0";"0";"100012604";"FOLHA DE PAGAMENTO";"45780103000150";"";"0";"PROPRIA";"31901137";"GRATIFICACOES POR TEMPO DE SERVICO";"FOLHA DE PAGAMENTO";"363.08";"2025";"L";"14/01/2025";"0";"01/01/2025";"31/01/2025";"13"
"UNIDADE DE GESTÃO DE EDUCAÇÃO";"12";"EDUCAÇÃO";"365";"EDUCAÇÃO INFANTIL";"2025";"660";"";"0";"0";"100012604";"FOLHA DE PAGAMENTO";"45780103000150";"";"0";"PROPRIA";"31901101";"VENCIMENTO E SALARIOS";"FOLHA DE PAGAMENTO";"3413.08";"2025";"L";"14/01/2025";"0";"01/01/2025";"31/01/2025";"13"
"UNIDADE DE GESTÃO DE EDUCAÇÃO";"12";"EDUCAÇÃO";"365";"EDUCAÇÃO INFANTIL";"2025";"661";"";"0";"0";"100012604";"FOLHA DE PAGAMENTO";"45780103000150";"";"0";"PROPRIA";"31901137";"GRATIFICACOES POR TEMPO DE SERVICO";"FOLHA DE PAGAMENTO";"184.61";"2025";"L";"14/01/2025";"0";"01/01/2025";"31/01/2025";"13"
"UNIDADE DE GESTÃO DE EDUCAÇÃO";"12";"EDUCAÇÃO";"361";"ENSINO FUNDAMENTAL";"2025";"662";"";"0";"0";"100012604";"FOLHA DE PAGAMENTO";"45780103000150";"";"0";"PROPRIA";"31901101";"VENCIMENTO E SALARIOS";"FOLHA DE PAGAMENTO";"41670.55";"2025";"L";"14/01/2025";"0";"01/01/2025";"31/01/2025";"13"
"UNIDADE DE GESTÃO DE EDUCAÇÃO";"12";"EDUCAÇÃO";"361";"ENSINO FUNDAMENTAL";"2025";"663";"";"0";"0";"100012604";"FOLHA DE PAGAMENTO";"45780103000150";"";"0";"PROPRIA";"31901137";"GRATIFICACOES POR TEMPO DE SERVICO";"FOLHA DE PAGAMENTO";"9082.81";"2025";"L";"14/01/2025";"0";"01/01/2025";"31/01/2025";"13"
"UNIDADE DE GESTÃO DE EDUCAÇÃO";"12";"EDUCAÇÃO";"361";"ENSINO FUNDAMENTAL";"2025";"664";"";"0";"0";"100012604";"FOLHA DE PAGAMENTO";"45780103000150";"";"0";"PROPRIA";"31901101";"VENCIMENTO E SALARIOS";"FOLHA DE PAGAMENTO";"2967.46";"2025";"L";"14/01/2025";"0";"01/01/2025";"31/01/2025";"13"
"UNIDADE DE GESTÃO DE EDUCAÇÃO";"12";"EDUCAÇÃO";"361";"ENSINO FUNDAMENTAL";"2025";"665";"";"0";"0";"100012604";"FOLHA DE PAGAMENTO";"45780103000150";"";"0";"PROPRIA";"31901133";"GRATIFICACOES POR EXERCICIO DE  FUNCOES";"FOLHA DE PAGAMENTO";"148.37";"2025";"L";"14/01/2025";"0";"01/01/2025";"31/01/2025";"13"
"UNIDADE DE GESTÃO DE EDUCAÇÃO";"12";"EDUCAÇÃO";"361";"ENSINO FUNDAMENTAL";"2025";"666";"";"0";"0";"100012604";"FOLHA DE PAGAMENTO";"45780103000150";"";"0";"PROPRIA";"31901137";"GRATIFICACOES POR TEMPO DE SERVICO";"FOLHA DE PAGAMENTO";"296.75";"2025";"L";"14/01/2025";"0";"01/01/2025";"31/01/2025";"13"
"UNIDADE DE GESTÃO DE EDUCAÇÃO";"12";"EDUCAÇÃO";"361";"ENSINO FUNDAMENTAL";"2025";"667";"";"0";"0";"100012604";"FOLHA DE PAGAMENTO";"45780103000150";"";"0";"PROPRIA";"31900411";"SALÁRIOS - CONTRATO TEMPORÁRIO";"FOLHA DE PAGAMENTO";"18600.64";"2025";"L";"14/01/2025";"0";"01/01/2025";"31/01/2025";"13"
"UNIDADE DE GESTÃO DE EDUCAÇÃO";"12";"EDUCAÇÃO";"361";"ENSINO FUNDAMENTAL";"2025";"668";"";"0";"0";"100012604";"FOLHA DE PAGAMENTO";"45780103000150";"";"0";"PROPRIA";"31901101";"VENCIMENTO E SALARIOS";"FOLHA DE PAGAMENTO";"571348.69";"2025";"L";"14/01/2025";"0";"01/01/2025";"31/01/2025";"13"
"UNIDADE DE GESTÃO DE EDUCAÇÃO";"12";"EDUCAÇÃO";"361";"ENSINO FUNDAMENTAL";"2025";"669";"";"0";"0";"100012604";"FOLHA DE PAGAMENTO";"45780103000150";"";"0";"PROPRIA";"31901133";"GRATIFICACOES POR EXERCICIO DE  FUNCOES";"FOLHA DE PAGAMENTO";"28852.48";"2025";"L";"14/01/2025";"0";"01/01/2025";"31/01/2025";"13"
"UNIDADE DE GESTÃO DE EDUCAÇÃO";"12";"EDUCAÇÃO";"361";"ENSINO FUNDAMENTAL";"2025";"670";"";"0";"0";"100012604";"FOLHA DE PAGAMENTO";"45780103000150";"";"0";"PROPRIA";"31901137";"GRATIFICACOES POR TEMPO DE SERVICO";"FOLHA DE PAGAMENTO";"64241.57";"2025";"L";"14/01/2025";"0";"01/01/2025";"31/01/2025";"13"
"UNIDADE DE GESTÃO DE EDUCAÇÃO";"12";"EDUCAÇÃO";"361";"ENSINO FUNDAMENTAL";"2025";"671";"";"0";"0";"100012604";"FOLHA DE PAGAMENTO";"45780103000150";"";"5203";"FUNDO MANUT.DES.ED.BÁSICA E VALOR.PROF.MAG.-FUNDEB";"31901101";"VENCIMENTO E SALARIOS";"FOLHA DE PAGAMENTO";"90073.5";"2025";"L";"14/01/2025";"0";"01/01/2025";"31/01/2025";"13"
"UNIDADE DE GESTÃO DE EDUCAÇÃO";"12";"EDUCAÇÃO";"361";"ENSINO FUNDAMENTAL";"2025";"672";"";"0";"0";"100012604";"FOLHA DE PAGAMENTO";"45780103000150";"";"5203";"FUNDO MANUT.DES.ED.BÁSICA E VALOR.PROF.MAG.-FUNDEB";"31901133";"GRATIFICACOES POR EXERCICIO DE  FUNCOES";"FOLHA DE PAGAMENTO";"2254.67";"2025";"L";"14/01/2025";"0";"01/01/2025";"31/01/2025";"13"
"UNIDADE DE GESTÃO DE EDUCAÇÃO";"12";"EDUCAÇÃO";"361";"ENSINO FUNDAMENTAL";"2025";"673";"";"0";"0";"100012604";"FOLHA DE PAGAMENTO";"45780103000150";"";"5203";"FUNDO MANUT.DES.ED.BÁSICA E VALOR.PROF.MAG.-FUNDEB";"31901137";"GRATIFICACOES POR TEMPO DE SERVICO";"FOLHA DE PAGAMENTO";"10415.07";"2025";"L";"14/01/2025";"0";"01/01/2025";"31/01/2025";"13"
"UNIDADE DE GESTÃO DE EDUCAÇÃO";"12";"EDUCAÇÃO";"365";"EDUCAÇÃO INFANTIL";"2025";"674";"";"0";"0";"100012604";"FOLHA DE PAGAMENTO";"45780103000150";"";"0";"PROPRIA";"31900411";"SALÁRIOS - CONTRATO TEMPORÁRIO";"FOLHA DE PAGAMENTO";"2325.08";"2025";"L";"14/01/2025";"0";"01/01/2025";"31/01/2025";"13"
"UNIDADE DE GESTÃO DE EDUCAÇÃO";"12";"EDUCAÇÃO";"365";"EDUCAÇÃO INFANTIL";"2025";"675";"";"0";"0";"100012604";"FOLHA DE PAGAMENTO";"45780103000150";"";"0";"PROPRIA";"31901101";"VENCIMENTO E SALARIOS";"FOLHA DE PAGAMENTO";"255629.43";"2025";"L";"14/01/2025";"0";"01/01/2025";"31/01/2025";"13"
"UNIDADE DE GESTÃO DE EDUCAÇÃO";"12";"EDUCAÇÃO";"365";"EDUCAÇÃO INFANTIL";"2025";"676";"";"0";"0";"100012604";"FOLHA DE PAGAMENTO";"45780103000150";"";"0";"PROPRIA";"31901133";"GRATIFICACOES POR EXERCICIO DE  FUNCOES";"FOLHA DE PAGAMENTO";"16423.77";"2025";"L";"14/01/2025";"0";"01/01/2025";"31/01/2025";"13"
"UNIDADE DE GESTÃO DE EDUCAÇÃO";"12";"EDUCAÇÃO";"365";"EDUCAÇÃO INFANTIL";"2025";"677";"";"0";"0";"100012604";"FOLHA DE PAGAMENTO";"45780103000150";"";"0";"PROPRIA";"31901137";"GRATIFICACOES POR TEMPO DE SERVICO";"FOLHA DE PAGAMENTO";"38750.43";"2025";"L";"14/01/2025";"0";"01/01/2025";"31/01/2025";"13"
"UNIDADE DE GESTÃO DE EDUCAÇÃO";"12";"EDUCAÇÃO";"365";"EDUCAÇÃO INFANTIL";"2025";"678";"";"0";"0";"100012604";"FOLHA DE PAGAMENTO";"45780103000150";"";"0";"PROPRIA";"31901101";"VENCIMENTO E SALARIOS";"FOLHA DE PAGAMENTO";"242190.46";"2025";"L";"14/01/2025";"0";"01/01/2025";"31/01/2025";"13"
"UNIDADE DE GESTÃO DE EDUCAÇÃO";"12";"EDUCAÇÃO";"365";"EDUCAÇÃO INFANTIL";"2025";"679";"";"0";"0";"100012604";"FOLHA DE PAGAMENTO";"45780103000150";"";"0";"PROPRIA";"31901133";"GRATIFICACOES POR EXERCICIO DE  FUNCOES";"FOLHA DE PAGAMENTO";"13449.01";"2025";"L";"14/01/2025";"0";"01/01/2025";"31/01/2025";"13"
"UNIDADE DE GESTÃO DE EDUCAÇÃO";"12";"EDUCAÇÃO";"365";"EDUCAÇÃO INFANTIL";"2025";"680";"";"0";"0";"100012604";"FOLHA DE PAGAMENTO";"45780103000150";"";"0";"PROPRIA";"31901137";"GRATIFICACOES POR TEMPO DE SERVICO";"FOLHA DE PAGAMENTO";"29184.81";"2025";"L";"14/01/2025";"0";"01/01/2025";"31/01/2025";"13"
"UNIDADE DE GESTÃO DE EDUCAÇÃO";"12";"EDUCAÇÃO";"365";"EDUCAÇÃO INFANTIL";"2025";"681";"";"0";"0";"100012604";"FOLHA DE PAGAMENTO";"45780103000150";"";"5203";"FUNDO MANUT.DES.ED.BÁSICA E VALOR.PROF.MAG.-FUNDEB";"31901101";"VENCIMENTO E SALARIOS";"FOLHA DE PAGAMENTO";"40526.12";"2025";"L";"14/01/2025";"0";"01/01/2025";"31/01/2025";"13"
"UNIDADE DE GESTÃO DE EDUCAÇÃO";"12";"EDUCAÇÃO";"365";"EDUCAÇÃO INFANTIL";"2025";"682";"";"0";"0";"100012604";"FOLHA DE PAGAMENTO";"45780103000150";"";"5203";"FUNDO MANUT.DES.ED.BÁSICA E VALOR.PROF.MAG.-FUNDEB";"31901133";"GRATIFICACOES POR EXERCICIO DE  FUNCOES";"FOLHA DE PAGAMENTO";"1390.98";"2025";"L";"14/01/2025";"0";"01/01/2025";"31/01/2025";"13"
"UNIDADE DE GESTÃO DE EDUCAÇÃO";"12";"EDUCAÇÃO";"365";"EDUCAÇÃO INFANTIL";"2025";"683";"";"0";"0";"100012604";"FOLHA DE PAGAMENTO";"45780103000150";"";"5203";"FUNDO MANUT.DES.ED.BÁSICA E VALOR.PROF.MAG.-FUNDEB";"31901137";"GRATIFICACOES POR TEMPO DE SERVICO";"FOLHA DE PAGAMENTO";"5131.67";"2025";"L";"14/01/2025";"0";"01/01/2025";"31/01/2025";"13"
"UNIDADE DE GESTÃO DE EDUCAÇÃO";"12";"EDUCAÇÃO";"361";"ENSINO FUNDAMENTAL";"2025";"684";"";"0";"0";"100012604";"FOLHA DE PAGAMENTO";"45780103000150";"";"0";"PROPRIA";"31901101";"VENCIMENTO E SALARIOS";"FOLHA DE PAGAMENTO";"170328.87";"2025";"L";"14/01/2025";"0";"01/01/2025";"31/01/2025";"13"
"UNIDADE DE GESTÃO DE EDUCAÇÃO";"12";"EDUCAÇÃO";"361";"ENSINO FUNDAMENTAL";"2025";"685";"";"0";"0";"100012604";"FOLHA DE PAGAMENTO";"45780103000150";"";"0";"PROPRIA";"31901101";"VENCIMENTO E SALARIOS";"FOLHA DE PAGAMENTO";"6822.38";"2025";"L";"14/01/2025";"0";"01/01/2025";"31/01/2025";"13"
"UNIDADE DE GESTÃO DE EDUCAÇÃO";"12";"EDUCAÇÃO";"361";"ENSINO FUNDAMENTAL";"2025";"686";"";"0";"0";"100012604";"FOLHA DE PAGAMENTO";"45780103000150";"";"0";"PROPRIA";"31901105";"INCORPORADOS";"FOLHA DE PAGAMENTO";"691.5";"2025";"L";"14/01/2025";"0";"01/01/2025";"31/01/2025";"13"
"UNIDADE DE GESTÃO DE EDUCAÇÃO";"12";"EDUCAÇÃO";"361";"ENSINO FUNDAMENTAL";"2025";"687";"";"0";"0";"100012604";"FOLHA DE PAGAMENTO";"45780103000150";"";"0";"PROPRIA";"31901133";"GRATIFICACOES POR EXERCICIO DE  FUNCOES";"FOLHA DE PAGAMENTO";"2140.05";"2025";"L";"14/01/2025";"0";"01/01/2025";"31/01/2025";"13"
"UNIDADE DE GESTÃO DE EDUCAÇÃO";"12";"EDUCAÇÃO";"361";"ENSINO FUNDAMENTAL";"2025";"688";"";"0";"0";"100012604";"FOLHA DE PAGAMENTO";"45780103000150";"";"0";"PROPRIA";"31901137";"GRATIFICACOES POR TEMPO DE SERVICO";"FOLHA DE PAGAMENTO";"15118.56";"2025";"L";"14/01/2025";"0";"01/01/2025";"31/01/2025";"13"
"UNIDADE DE GESTÃO DE EDUCAÇÃO";"12";"EDUCAÇÃO";"361";"ENSINO FUNDAMENTAL";"2025";"689";"";"0";"0";"100012604";"FOLHA DE PAGAMENTO";"45780103000150";"";"0";"PROPRIA";"31901137";"GRATIFICACOES POR TEMPO DE SERVICO";"FOLHA DE PAGAMENTO";"2996.44";"2025";"L";"14/01/2025";"0";"01/01/2025";"31/01/2025";"13"
"UNIDADE DE GESTÃO DE EDUCAÇÃO";"12";"EDUCAÇÃO";"366";"EDUCAÇÃO DE JOVENS E ADULTOS";"2025";"690";"";"0";"0";"100012604";"FOLHA DE PAGAMENTO";"45780103000150";"";"0";"PROPRIA";"31901101";"VENCIMENTO E SALARIOS";"FOLHA DE PAGAMENTO";"6706.83";"2025";"L";"14/01/2025";"0";"01/01/2025";"31/01/2025";"13"
"UNIDADE DE GESTÃO DE EDUCAÇÃO";"12";"EDUCAÇÃO";"366";"EDUCAÇÃO DE JOVENS E ADULTOS";"2025";"691";"";"0";"0";"100012604";"FOLHA DE PAGAMENTO";"45780103000150";"";"0";"PROPRIA";"31901133";"GRATIFICACOES POR EXERCICIO DE  FUNCOES";"FOLHA DE PAGAMENTO";"343.52";"2025";"L";"14/01/2025";"0";"01/01/2025";"31/01/2025";"13"
"UNIDADE DE GESTÃO DE EDUCAÇÃO";"12";"EDUCAÇÃO";"366";"EDUCAÇÃO DE JOVENS E ADULTOS";"2025";"692";"";"0";"0";"100012604";"FOLHA DE PAGAMENTO";"45780103000150";"";"0";"PROPRIA";"31901137";"GRATIFICACOES POR TEMPO DE SERVICO";"FOLHA DE PAGAMENTO";"1006.03";"2025";"L";"14/01/2025";"0";"01/01/2025";"31/01/2025";"13"
"UNIDADE DE GESTÃO DE EDUCAÇÃO";"12";"EDUCAÇÃO";"365";"EDUCAÇÃO INFANTIL";"2025";"693";"";"0";"0";"100012604";"FOLHA DE PAGAMENTO";"45780103000150";"";"0";"PROPRIA";"31901101";"VENCIMENTO E SALARIOS";"FOLHA DE PAGAMENTO";"102256.58";"2025";"L";"14/01/2025";"0";"01/01/2025";"31/01/2025";"13"
"UNIDADE DE GESTÃO DE EDUCAÇÃO";"12";"EDUCAÇÃO";"365";"EDUCAÇÃO INFANTIL";"2025";"694";"";"0";"0";"100012604";"FOLHA DE PAGAMENTO";"45780103000150";"";"0";"PROPRIA";"31901137";"GRATIFICACOES POR TEMPO DE SERVICO";"FOLHA DE PAGAMENTO";"3585.71";"2025";"L";"14/01/2025";"0";"01/01/2025";"31/01/2025";"13"
"UNIDADE DE GESTÃO DE EDUCAÇÃO";"12";"EDUCAÇÃO";"365";"EDUCAÇÃO INFANTIL";"2025";"695";"";"0";"0";"100012604";"FOLHA DE PAGAMENTO";"45780103000150";"";"0";"PROPRIA";"31901101";"VENCIMENTO E SALARIOS";"FOLHA DE PAGAMENTO";"11267.89";"2025";"L";"14/01/2025";"0";"01/01/2025";"31/01/2025";"13"
"UNIDADE DE GESTÃO DE EDUCAÇÃO";"12";"EDUCAÇÃO";"365";"EDUCAÇÃO INFANTIL";"2025";"696";"";"0";"0";"100012604";"FOLHA DE PAGAMENTO";"45780103000150";"";"0";"PROPRIA";"31901137";"GRATIFICACOES POR TEMPO DE SERVICO";"FOLHA DE PAGAMENTO";"791.67";"2025";"L";"14/01/2025";"0";"01/01/2025";"31/01/2025";"13"
"UNIDADE DE GESTÃO DE EDUCAÇÃO";"12";"EDUCAÇÃO";"361";"ENSINO FUNDAMENTAL";"2025";"697";"";"0";"0";"100012604";"FOLHA DE PAGAMENTO";"45780103000150";"";"0";"PROPRIA";"31901101";"VENCIMENTO E SALARIOS";"FOLHA DE PAGAMENTO";"3095.92";"2025";"L";"14/01/2025";"0";"01/01/2025";"31/01/2025";"13"
"UNIDADE DE GESTÃO DE EDUCAÇÃO";"12";"EDUCAÇÃO";"361";"ENSINO FUNDAMENTAL";"2025";"698";"";"0";"0";"100012604";"FOLHA DE PAGAMENTO";"45780103000150";"";"0";"PROPRIA";"31901137";"GRATIFICACOES POR TEMPO DE SERVICO";"FOLHA DE PAGAMENTO";"154.8";"2025";"L";"14/01/2025";"0";"01/01/2025";"31/01/2025";"13"
"UNIDADE DE GESTÃO DE EDUCAÇÃO";"12";"EDUCAÇÃO";"361";"ENSINO FUNDAMENTAL";"2025";"699";"";"0";"0";"100012604";"FOLHA DE PAGAMENTO";"45780103000150";"";"0";"PROPRIA";"31901101";"VENCIMENTO E SALARIOS";"FOLHA DE PAGAMENTO";"2431.05";"2025";"L";"14/01/2025";"0";"01/01/2025";"31/01/2025";"13"
"UNIDADE DE GESTÃO DE EDUCAÇÃO";"12";"EDUCAÇÃO";"361";"ENSINO FUNDAMENTAL";"2025";"700";"";"0";"0";"100012604";"FOLHA DE PAGAMENTO";"45780103000150";"";"0";"PROPRIA";"31901101";"VENCIMENTO E SALARIOS";"FOLHA DE PAGAMENTO";"18324.89";"2025";"L";"14/01/2025";"0";"01/01/2025";"31/01/2025";"13"
"UNIDADE DE GESTÃO DE EDUCAÇÃO";"12";"EDUCAÇÃO";"361";"ENSINO FUNDAMENTAL";"2025";"701";"";"0";"0";"100012604";"FOLHA DE PAGAMENTO";"45780103000150";"";"0";"PROPRIA";"31901133";"GRATIFICACOES POR EXERCICIO DE  FUNCOES";"FOLHA DE PAGAMENTO";"425.04";"2025";"L";"14/01/2025";"0";"01/01/2025";"31/01/2025";"13"
"UNIDADE DE GESTÃO DE EDUCAÇÃO";"12";"EDUCAÇÃO";"361";"ENSINO FUNDAMENTAL";"2025";"702";"";"0";"0";"100012604";"FOLHA DE PAGAMENTO";"45780103000150";"";"0";"PROPRIA";"31901137";"GRATIFICACOES POR TEMPO DE SERVICO";"FOLHA DE PAGAMENTO";"850.87";"2025";"L";"14/01/2025";"0";"01/01/2025";"31/01/2025";"13"
"UNIDADE DE GESTÃO DE EDUCAÇÃO";"12";"EDUCAÇÃO";"361";"ENSINO FUNDAMENTAL";"2025";"703";"";"0";"0";"100012604";"FOLHA DE PAGAMENTO";"45780103000150";"";"0";"PROPRIA";"31901137";"GRATIFICACOES POR TEMPO DE SERVICO";"FOLHA DE PAGAMENTO";"2003.71";"2025";"L";"14/01/2025";"0";"01/01/2025";"31/01/2025";"13"
"UNIDADE DE GESTÃO DE EDUCAÇÃO";"12";"EDUCAÇÃO";"122";"ADMINISTRAÇÃO GERAL";"2025";"704";"";"0";"0";"100012604";"FOLHA DE PAGAMENTO";"45780103000150";"";"0";"PROPRIA";"31901101";"VENCIMENTO E SALARIOS";"FOLHA DE PAGAMENTO";"7045.6";"2025";"L";"14/01/2025";"0";"01/01/2025";"31/01/2025";"13"
"UNIDADE DE GESTÃO DE EDUCAÇÃO";"12";"EDUCAÇÃO";"122";"ADMINISTRAÇÃO GERAL";"2025";"705";"";"0";"0";"100012604";"FOLHA DE PAGAMENTO";"45780103000150";"";"0";"PROPRIA";"31901137";"GRATIFICACOES POR TEMPO DE SERVICO";"FOLHA DE PAGAMENTO";"1592.55";"2025";"L";"14/01/2025";"0";"01/01/2025";"31/01/2025";"13"
"UNIDADE DE GESTÃO DE PROMOÇÃO DA SAÚDE";"10";"SAÚDE";"122";"ADMINISTRAÇÃO GERAL";"2025";"706";"";"0";"0";"100012604";"FOLHA DE PAGAMENTO";"45780103000150";"";"0";"PROPRIA";"31901101";"VENCIMENTO E SALARIOS";"FOLHA DE PAGAMENTO";"6487.08";"2025";"L";"14/01/2025";"0";"01/01/2025";"31/01/2025";"14"
"UNIDADE DE GESTÃO DE PROMOÇÃO DA SAÚDE";"10";"SAÚDE";"122";"ADMINISTRAÇÃO GERAL";"2025";"707";"";"0";"0";"100012604";"FOLHA DE PAGAMENTO";"45780103000150";"";"0";"PROPRIA";"31901101";"VENCIMENTO E SALARIOS";"FOLHA DE PAGAMENTO";"211880.18";"2025";"L";"14/01/2025";"0";"01/01/2025";"31/01/2025";"14"
"UNIDADE DE GESTÃO DE PROMOÇÃO DA SAÚDE";"10";"SAÚDE";"122";"ADMINISTRAÇÃO GERAL";"2025";"708";"";"0";"0";"100012604";"FOLHA DE PAGAMENTO";"45780103000150";"";"0";"PROPRIA";"31901105";"INCORPORADOS";"FOLHA DE PAGAMENTO";"1374.9";"2025";"L";"14/01/2025";"0";"01/01/2025";"31/01/2025";"14"
"UNIDADE DE GESTÃO DE PROMOÇÃO DA SAÚDE";"10";"SAÚDE";"122";"ADMINISTRAÇÃO GERAL";"2025";"709";"";"0";"0";"100012604";"FOLHA DE PAGAMENTO";"45780103000150";"";"0";"PROPRIA";"31901133";"GRATIFICACOES POR EXERCICIO DE  FUNCOES";"FOLHA DE PAGAMENTO";"2215.13";"2025";"L";"14/01/2025";"0";"01/01/2025";"31/01/2025";"14"
"UNIDADE DE GESTÃO DE PROMOÇÃO DA SAÚDE";"10";"SAÚDE";"122";"ADMINISTRAÇÃO GERAL";"2025";"710";"";"0";"0";"100012604";"FOLHA DE PAGAMENTO";"45780103000150";"";"0";"PROPRIA";"31901137";"GRATIFICACOES POR TEMPO DE SERVICO";"FOLHA DE PAGAMENTO";"2270.48";"2025";"L";"14/01/2025";"0";"01/01/2025";"31/01/2025";"14"
"UNIDADE DE GESTÃO DE PROMOÇÃO DA SAÚDE";"10";"SAÚDE";"122";"ADMINISTRAÇÃO GERAL";"2025";"711";"";"0";"0";"100012604";"FOLHA DE PAGAMENTO";"45780103000150";"";"0";"PROPRIA";"31901137";"GRATIFICACOES POR TEMPO DE SERVICO";"FOLHA DE PAGAMENTO";"22836.96";"2025";"L";"14/01/2025";"0";"01/01/2025";"31/01/2025";"14"
"UNIDADE DE GESTÃO DE PROMOÇÃO DA SAÚDE";"10";"SAÚDE";"301";"ATENÇÃO BÁSICA";"2025";"712";"";"0";"0";"100012604";"FOLHA DE PAGAMENTO";"45780103000150";"";"0";"PROPRIA";"31900411";"SALÁRIOS - CONTRATO TEMPORÁRIO";"FOLHA DE PAGAMENTO";"38758.53";"2025";"L";"14/01/2025";"0";"01/01/2025";"31/01/2025";"14"
"UNIDADE DE GESTÃO DE PROMOÇÃO DA SAÚDE";"10";"SAÚDE";"301";"ATENÇÃO BÁSICA";"2025";"713";"";"0";"0";"100012604";"FOLHA DE PAGAMENTO";"45780103000150";"";"0";"PROPRIA";"31900451";"ADICIONAIS DE CONTRATO TEMPORÁRIO";"FOLHA DE PAGAMENTO";"2949.9";"2025";"L";"14/01/2025";"0";"01/01/2025";"31/01/2025";"14"
"UNIDADE DE GESTÃO DE PROMOÇÃO DA SAÚDE";"10";"SAÚDE";"301";"ATENÇÃO BÁSICA";"2025";"714";"";"0";"0";"100012604";"FOLHA DE PAGAMENTO";"45780103000150";"";"0";"PROPRIA";"31901101";"VENCIMENTO E SALARIOS";"FOLHA DE PAGAMENTO";"1837327.48";"2025";"L";"14/01/2025";"0";"01/01/2025";"31/01/2025";"14"
"UNIDADE DE GESTÃO DE PROMOÇÃO DA SAÚDE";"10";"SAÚDE";"301";"ATENÇÃO BÁSICA";"2025";"715";"";"0";"0";"100012604";"FOLHA DE PAGAMENTO";"45780103000150";"";"0";"PROPRIA";"31901101";"VENCIMENTO E SALARIOS";"FOLHA DE PAGAMENTO";"32086.43";"2025";"L";"14/01/2025";"0";"01/01/2025";"31/01/2025";"14"
"UNIDADE DE GESTÃO DE PROMOÇÃO DA SAÚDE";"10";"SAÚDE";"301";"ATENÇÃO BÁSICA";"2025";"716";"";"0";"0";"100012604";"FOLHA DE PAGAMENTO";"45780103000150";"";"0";"PROPRIA";"31901133";"GRATIFICACOES POR EXERCICIO DE  FUNCOES";"FOLHA DE PAGAMENTO";"100562.28";"2025";"L";"14/01/2025";"0";"01/01/2025";"31/01/2025";"14"
"UNIDADE DE GESTÃO DE PROMOÇÃO DA SAÚDE";"10";"SAÚDE";"301";"ATENÇÃO BÁSICA";"2025";"717";"";"0";"0";"100012604";"FOLHA DE PAGAMENTO";"45780103000150";"";"0";"PROPRIA";"31901133";"GRATIFICACOES POR EXERCICIO DE  FUNCOES";"FOLHA DE PAGAMENTO";"637.56";"2025";"L";"14/01/2025";"0";"01/01/2025";"31/01/2025";"14"
"UNIDADE DE GESTÃO DE PROMOÇÃO DA SAÚDE";"10";"SAÚDE";"301";"ATENÇÃO BÁSICA";"2025";"718";"";"0";"0";"100012604";"FOLHA DE PAGAMENTO";"45780103000150";"";"0";"PROPRIA";"31901137";"GRATIFICACOES POR TEMPO DE SERVICO";"FOLHA DE PAGAMENTO";"12052.61";"2025";"L";"14/01/2025";"0";"01/01/2025";"31/01/2025";"14"
"UNIDADE DE GESTÃO DE PROMOÇÃO DA SAÚDE";"10";"SAÚDE";"301";"ATENÇÃO BÁSICA";"2025";"719";"";"0";"0";"100012604";"FOLHA DE PAGAMENTO";"45780103000150";"";"0";"PROPRIA";"31901137";"GRATIFICACOES POR TEMPO DE SERVICO";"FOLHA DE PAGAMENTO";"160734.07";"2025";"L";"14/01/2025";"0";"01/01/2025";"31/01/2025";"14"
"UNIDADE DE GESTÃO DE PROMOÇÃO DA SAÚDE";"10";"SAÚDE";"302";"ASSISTÊNCIA HOSPITALAR E AMBULATORIAL";"2025";"720";"";"0";"0";"100012604";"FOLHA DE PAGAMENTO";"45780103000150";"";"0";"PROPRIA";"31900411";"SALÁRIOS - CONTRATO TEMPORÁRIO";"FOLHA DE PAGAMENTO";"19325.6";"2025";"L";"14/01/2025";"0";"01/01/2025";"31/01/2025";"14"
"UNIDADE DE GESTÃO DE PROMOÇÃO DA SAÚDE";"10";"SAÚDE";"302";"ASSISTÊNCIA HOSPITALAR E AMBULATORIAL";"2025";"721";"";"0";"0";"100012604";"FOLHA DE PAGAMENTO";"45780103000150";"";"0";"PROPRIA";"31900451";"ADICIONAIS DE CONTRATO TEMPORÁRIO";"FOLHA DE PAGAMENTO";"850.08";"2025";"L";"14/01/2025";"0";"01/01/2025";"31/01/2025";"14"
"UNIDADE DE GESTÃO DE PROMOÇÃO DA SAÚDE";"10";"SAÚDE";"302";"ASSISTÊNCIA HOSPITALAR E AMBULATORIAL";"2025";"722";"";"0";"0";"100012604";"FOLHA DE PAGAMENTO";"45780103000150";"";"0";"PROPRIA";"31901101";"VENCIMENTO E SALARIOS";"FOLHA DE PAGAMENTO";"744940.83";"2025";"L";"14/01/2025";"0";"01/01/2025";"31/01/2025";"14"
"UNIDADE DE GESTÃO DE PROMOÇÃO DA SAÚDE";"10";"SAÚDE";"302";"ASSISTÊNCIA HOSPITALAR E AMBULATORIAL";"2025";"723";"";"0";"0";"100012604";"FOLHA DE PAGAMENTO";"45780103000150";"";"0";"PROPRIA";"31901133";"GRATIFICACOES POR EXERCICIO DE  FUNCOES";"FOLHA DE PAGAMENTO";"28345.94";"2025";"L";"14/01/2025";"0";"01/01/2025";"31/01/2025";"14"
"UNIDADE DE GESTÃO DE PROMOÇÃO DA SAÚDE";"10";"SAÚDE";"302";"ASSISTÊNCIA HOSPITALAR E AMBULATORIAL";"2025";"724";"";"0";"0";"100012604";"FOLHA DE PAGAMENTO";"45780103000150";"";"0";"PROPRIA";"31901137";"GRATIFICACOES POR TEMPO DE SERVICO";"FOLHA DE PAGAMENTO";"79019.85";"2025";"L";"14/01/2025";"0";"01/01/2025";"31/01/2025";"14"
"UNIDADE DE GESTÃO DE PROMOÇÃO DA SAÚDE";"10";"SAÚDE";"305";"VIGILÂNCIA EPIDEMIOLÓGICA";"2025";"725";"";"0";"0";"100012604";"FOLHA DE PAGAMENTO";"45780103000150";"";"0";"PROPRIA";"31900411";"SALÁRIOS - CONTRATO TEMPORÁRIO";"FOLHA DE PAGAMENTO";"1673.71";"2025";"L";"14/01/2025";"0";"01/01/2025";"31/01/2025";"14"
"UNIDADE DE GESTÃO DE PROMOÇÃO DA SAÚDE";"10";"SAÚDE";"305";"VIGILÂNCIA EPIDEMIOLÓGICA";"2025";"726";"";"0";"0";"100012604";"FOLHA DE PAGAMENTO";"45780103000150";"";"0";"PROPRIA";"31900451";"ADICIONAIS DE CONTRATO TEMPORÁRIO";"FOLHA DE PAGAMENTO";"106.26";"2025";"L";"14/01/2025";"0";"01/01/2025";"31/01/2025";"14"
"UNIDADE DE GESTÃO DE PROMOÇÃO DA SAÚDE";"10";"SAÚDE";"305";"VIGILÂNCIA EPIDEMIOLÓGICA";"2025";"727";"";"0";"0";"100012604";"FOLHA DE PAGAMENTO";"45780103000150";"";"0";"PROPRIA";"31901101";"VENCIMENTO E SALARIOS";"FOLHA DE PAGAMENTO";"149242.6";"2025";"L";"14/01/2025";"0";"01/01/2025";"31/01/2025";"14"
"UNIDADE DE GESTÃO DE PROMOÇÃO DA SAÚDE";"10";"SAÚDE";"305";"VIGILÂNCIA EPIDEMIOLÓGICA";"2025";"728";"";"0";"0";"100012604";"FOLHA DE PAGAMENTO";"45780103000150";"";"0";"PROPRIA";"31901101";"VENCIMENTO E SALARIOS";"FOLHA DE PAGAMENTO";"3156.92";"2025";"L";"14/01/2025";"0";"01/01/2025";"31/01/2025";"14"
"UNIDADE DE GESTÃO DE PROMOÇÃO DA SAÚDE";"10";"SAÚDE";"305";"VIGILÂNCIA EPIDEMIOLÓGICA";"2025";"729";"";"0";"0";"100012604";"FOLHA DE PAGAMENTO";"45780103000150";"";"0";"PROPRIA";"31901133";"GRATIFICACOES POR EXERCICIO DE  FUNCOES";"FOLHA DE PAGAMENTO";"3719.1";"2025";"L";"14/01/2025";"0";"01/01/2025";"31/01/2025";"14"
"UNIDADE DE GESTÃO DE PROMOÇÃO DA SAÚDE";"10";"SAÚDE";"305";"VIGILÂNCIA EPIDEMIOLÓGICA";"2025";"730";"";"0";"0";"100012604";"FOLHA DE PAGAMENTO";"45780103000150";"";"0";"PROPRIA";"31901133";"GRATIFICACOES POR EXERCICIO DE  FUNCOES";"FOLHA DE PAGAMENTO";"106.26";"2025";"L";"14/01/2025";"0";"01/01/2025";"31/01/2025";"14"
"UNIDADE DE GESTÃO DE PROMOÇÃO DA SAÚDE";"10";"SAÚDE";"305";"VIGILÂNCIA EPIDEMIOLÓGICA";"2025";"731";"";"0";"0";"100012604";"FOLHA DE PAGAMENTO";"45780103000150";"";"0";"PROPRIA";"31901137";"GRATIFICACOES POR TEMPO DE SERVICO";"FOLHA DE PAGAMENTO";"24465.99";"2025";"L";"14/01/2025";"0";"01/01/2025";"31/01/2025";"14"
"UNIDADE DE GESTÃO DE PROMOÇÃO DA SAÚDE";"10";"SAÚDE";"305";"VIGILÂNCIA EPIDEMIOLÓGICA";"2025";"732";"";"0";"0";"100012604";"FOLHA DE PAGAMENTO";"45780103000150";"";"0";"PROPRIA";"31901137";"GRATIFICACOES POR TEMPO DE SERVICO";"FOLHA DE PAGAMENTO";"1104.92";"2025";"L";"14/01/2025";"0";"01/01/2025";"31/01/2025";"14"
"UNIDADE DE GESTÃO DE PROMOÇÃO DA SAÚDE";"10";"SAÚDE";"304";"VIGILÂNCIA SANITÁRIA";"2025";"733";"";"0";"0";"100012604";"FOLHA DE PAGAMENTO";"45780103000150";"";"0";"PROPRIA";"31901101";"VENCIMENTO E SALARIOS";"FOLHA DE PAGAMENTO";"277758.95";"2025";"L";"14/01/2025";"0";"01/01/2025";"31/01/2025";"14"
"UNIDADE DE GESTÃO DE PROMOÇÃO DA SAÚDE";"10";"SAÚDE";"304";"VIGILÂNCIA SANITÁRIA";"2025";"734";"";"0";"0";"100012604";"FOLHA DE PAGAMENTO";"45780103000150";"";"0";"PROPRIA";"31901101";"VENCIMENTO E SALARIOS";"FOLHA DE PAGAMENTO";"6835.72";"2025";"L";"14/01/2025";"0";"01/01/2025";"31/01/2025";"14"
"UNIDADE DE GESTÃO DE PROMOÇÃO DA SAÚDE";"10";"SAÚDE";"304";"VIGILÂNCIA SANITÁRIA";"2025";"735";"";"0";"0";"100012604";"FOLHA DE PAGAMENTO";"45780103000150";"";"0";"PROPRIA";"31901133";"GRATIFICACOES POR EXERCICIO DE  FUNCOES";"FOLHA DE PAGAMENTO";"13589";"2025";"L";"14/01/2025";"0";"01/01/2025";"31/01/2025";"14"
"UNIDADE DE GESTÃO DE PROMOÇÃO DA SAÚDE";"10";"SAÚDE";"304";"VIGILÂNCIA SANITÁRIA";"2025";"736";"";"0";"0";"100012604";"FOLHA DE PAGAMENTO";"45780103000150";"";"0";"PROPRIA";"31901133";"GRATIFICACOES POR EXERCICIO DE  FUNCOES";"FOLHA DE PAGAMENTO";"106.26";"2025";"L";"14/01/2025";"0";"01/01/2025";"31/01/2025";"14"
"UNIDADE DE GESTÃO DE PROMOÇÃO DA SAÚDE";"10";"SAÚDE";"304";"VIGILÂNCIA SANITÁRIA";"2025";"737";"";"0";"0";"100012604";"FOLHA DE PAGAMENTO";"45780103000150";"";"0";"PROPRIA";"31901137";"GRATIFICACOES POR TEMPO DE SERVICO";"FOLHA DE PAGAMENTO";"3717.93";"2025";"L";"14/01/2025";"0";"01/01/2025";"31/01/2025";"14"
"UNIDADE DE GESTÃO DE PROMOÇÃO DA SAÚDE";"10";"SAÚDE";"304";"VIGILÂNCIA SANITÁRIA";"2025";"738";"";"0";"0";"100012604";"FOLHA DE PAGAMENTO";"45780103000150";"";"0";"PROPRIA";"31901137";"GRATIFICACOES POR TEMPO DE SERVICO";"FOLHA DE PAGAMENTO";"34282.87";"2025";"L";"14/01/2025";"0";"01/01/2025";"31/01/2025";"14"
"UNIDADE DE GESTÃO DE PROMOÇÃO DA SAÚDE";"10";"SAÚDE";"303";"SUPORTE PROFILÁTICO E TERAPÊUTICO";"2025";"739";"";"0";"0";"100012604";"FOLHA DE PAGAMENTO";"45780103000150";"";"0";"PROPRIA";"31900411";"SALÁRIOS - CONTRATO TEMPORÁRIO";"FOLHA DE PAGAMENTO";"3418.08";"2025";"L";"14/01/2025";"0";"01/01/2025";"31/01/2025";"14"
"UNIDADE DE GESTÃO DE PROMOÇÃO DA SAÚDE";"10";"SAÚDE";"303";"SUPORTE PROFILÁTICO E TERAPÊUTICO";"2025";"740";"";"0";"0";"100012604";"FOLHA DE PAGAMENTO";"45780103000150";"";"0";"PROPRIA";"31900451";"ADICIONAIS DE CONTRATO TEMPORÁRIO";"FOLHA DE PAGAMENTO";"106.26";"2025";"L";"14/01/2025";"0";"01/01/2025";"31/01/2025";"14"
"UNIDADE DE GESTÃO DE PROMOÇÃO DA SAÚDE";"10";"SAÚDE";"303";"SUPORTE PROFILÁTICO E TERAPÊUTICO";"2025";"741";"";"0";"0";"100012604";"FOLHA DE PAGAMENTO";"45780103000150";"";"0";"PROPRIA";"31901101";"VENCIMENTO E SALARIOS";"FOLHA DE PAGAMENTO";"3214.26";"2025";"L";"14/01/2025";"0";"01/01/2025";"31/01/2025";"14"
"UNIDADE DE GESTÃO DE PROMOÇÃO DA SAÚDE";"10";"SAÚDE";"303";"SUPORTE PROFILÁTICO E TERAPÊUTICO";"2025";"742";"";"0";"0";"100012604";"FOLHA DE PAGAMENTO";"45780103000150";"";"0";"PROPRIA";"31901101";"VENCIMENTO E SALARIOS";"FOLHA DE PAGAMENTO";"104955.04";"2025";"L";"14/01/2025";"0";"01/01/2025";"31/01/2025";"14"
"UNIDADE DE GESTÃO DE PROMOÇÃO DA SAÚDE";"10";"SAÚDE";"303";"SUPORTE PROFILÁTICO E TERAPÊUTICO";"2025";"743";"";"0";"0";"100012604";"FOLHA DE PAGAMENTO";"45780103000150";"";"0";"PROPRIA";"31901133";"GRATIFICACOES POR EXERCICIO DE  FUNCOES";"FOLHA DE PAGAMENTO";"3400.32";"2025";"L";"14/01/2025";"0";"01/01/2025";"31/01/2025";"14"
"UNIDADE DE GESTÃO DE PROMOÇÃO DA SAÚDE";"10";"SAÚDE";"303";"SUPORTE PROFILÁTICO E TERAPÊUTICO";"2025";"744";"";"0";"0";"100012604";"FOLHA DE PAGAMENTO";"45780103000150";"";"0";"PROPRIA";"31901133";"GRATIFICACOES POR EXERCICIO DE  FUNCOES";"FOLHA DE PAGAMENTO";"106.26";"2025";"L";"14/01/2025";"0";"01/01/2025";"31/01/2025";"14"
"UNIDADE DE GESTÃO DE PROMOÇÃO DA SAÚDE";"10";"SAÚDE";"303";"SUPORTE PROFILÁTICO E TERAPÊUTICO";"2025";"745";"";"0";"0";"100012604";"FOLHA DE PAGAMENTO";"45780103000150";"";"0";"PROPRIA";"31901137";"GRATIFICACOES POR TEMPO DE SERVICO";"FOLHA DE PAGAMENTO";"1124.99";"2025";"L";"14/01/2025";"0";"01/01/2025";"31/01/2025";"14"
"UNIDADE DE GESTÃO DE PROMOÇÃO DA SAÚDE";"10";"SAÚDE";"303";"SUPORTE PROFILÁTICO E TERAPÊUTICO";"2025";"746";"";"0";"0";"100012604";"FOLHA DE PAGAMENTO";"45780103000150";"";"0";"PROPRIA";"31901137";"GRATIFICACOES POR TEMPO DE SERVICO";"FOLHA DE PAGAMENTO";"10175.9";"2025";"L";"14/01/2025";"0";"01/01/2025";"31/01/2025";"14"
"UNIDADE GESTÃO DE ASSISTÊNCIA E DESENVOLV. SOCIAL";"8";"ASSISTÊNCIA SOCIAL";"244";"ASSISTÊNCIA COMUNITÁRIA";"2025";"747";"";"0";"0";"100012604";"FOLHA DE PAGAMENTO";"45780103000150";"";"0";"PROPRIA";"31901101";"VENCIMENTO E SALARIOS";"FOLHA DE PAGAMENTO";"124402.01";"2025";"L";"14/01/2025";"0";"01/01/2025";"31/01/2025";"15"
"UNIDADE GESTÃO DE ASSISTÊNCIA E DESENVOLV. SOCIAL";"8";"ASSISTÊNCIA SOCIAL";"244";"ASSISTÊNCIA COMUNITÁRIA";"2025";"748";"";"0";"0";"100012604";"FOLHA DE PAGAMENTO";"45780103000150";"";"0";"PROPRIA";"31901137";"GRATIFICACOES POR TEMPO DE SERVICO";"FOLHA DE PAGAMENTO";"12933.91";"2025";"L";"14/01/2025";"0";"01/01/2025";"31/01/2025";"15"
"UNIDADE GESTÃO DE ASSISTÊNCIA E DESENVOLV. SOCIAL";"8";"ASSISTÊNCIA SOCIAL";"244";"ASSISTÊNCIA COMUNITÁRIA";"2025";"749";"";"0";"0";"100012604";"FOLHA DE PAGAMENTO";"45780103000150";"";"0";"PROPRIA";"31901101";"VENCIMENTO E SALARIOS";"FOLHA DE PAGAMENTO";"66151.74";"2025";"L";"14/01/2025";"0";"01/01/2025";"31/01/2025";"15"
"UNIDADE GESTÃO DE ASSISTÊNCIA E DESENVOLV. SOCIAL";"8";"ASSISTÊNCIA SOCIAL";"244";"ASSISTÊNCIA COMUNITÁRIA";"2025";"750";"";"0";"0";"100012604";"FOLHA DE PAGAMENTO";"45780103000150";"";"0";"PROPRIA";"31901137";"GRATIFICACOES POR TEMPO DE SERVICO";"FOLHA DE PAGAMENTO";"7328.45";"2025";"L";"14/01/2025";"0";"01/01/2025";"31/01/2025";"15"
"UNIDADE GESTÃO DE ASSISTÊNCIA E DESENVOLV. SOCIAL";"8";"ASSISTÊNCIA SOCIAL";"244";"ASSISTÊNCIA COMUNITÁRIA";"2025";"751";"";"0";"0";"100012604";"FOLHA DE PAGAMENTO";"45780103000150";"";"0";"PROPRIA";"31901101";"VENCIMENTO E SALARIOS";"FOLHA DE PAGAMENTO";"122886.59";"2025";"L";"14/01/2025";"0";"01/01/2025";"31/01/2025";"15"
"UNIDADE GESTÃO DE ASSISTÊNCIA E DESENVOLV. SOCIAL";"8";"ASSISTÊNCIA SOCIAL";"244";"ASSISTÊNCIA COMUNITÁRIA";"2025";"752";"";"0";"0";"100012604";"FOLHA DE PAGAMENTO";"45780103000150";"";"0";"PROPRIA";"31901137";"GRATIFICACOES POR TEMPO DE SERVICO";"FOLHA DE PAGAMENTO";"7651";"2025";"L";"14/01/2025";"0";"01/01/2025";"31/01/2025";"15"
"UNIDADE DE GESTÃO DES. ECON. CIÊNCIA E TECNOLOGIA";"11";"TRABALHO";"122";"ADMINISTRAÇÃO GERAL";"2025";"753";"";"0";"0";"100012604";"FOLHA DE PAGAMENTO";"45780103000150";"";"0";"PROPRIA";"31901101";"VENCIMENTO E SALARIOS";"FOLHA DE PAGAMENTO";"20115.18";"2025";"L";"14/01/2025";"0";"01/01/2025";"31/01/2025";"16"
"UNIDADE DE GESTÃO DES. ECON. CIÊNCIA E TECNOLOGIA";"11";"TRABALHO";"122";"ADMINISTRAÇÃO GERAL";"2025";"754";"";"0";"0";"100012604";"FOLHA DE PAGAMENTO";"45780103000150";"";"0";"PROPRIA";"31901137";"GRATIFICACOES POR TEMPO DE SERVICO";"FOLHA DE PAGAMENTO";"2103.29";"2025";"L";"14/01/2025";"0";"01/01/2025";"31/01/2025";"16"
"UNIDADE GESTÃO DE AGRONEGÓCIO. ABASTEC. E TURISMO";"20";"AGRICULTURA";"122";"ADMINISTRAÇÃO GERAL";"2025";"755";"";"0";"0";"100012604";"FOLHA DE PAGAMENTO";"45780103000150";"";"0";"PROPRIA";"31901101";"VENCIMENTO E SALARIOS";"FOLHA DE PAGAMENTO";"68976.19";"2025";"L";"14/01/2025";"0";"01/01/2025";"31/01/2025";"17"
"UNIDADE GESTÃO DE AGRONEGÓCIO. ABASTEC. E TURISMO";"20";"AGRICULTURA";"122";"ADMINISTRAÇÃO GERAL";"2025";"756";"";"0";"0";"100012604";"FOLHA DE PAGAMENTO";"45780103000150";"";"0";"PROPRIA";"31901133";"GRATIFICACOES POR EXERCICIO DE  FUNCOES";"FOLHA DE PAGAMENTO";"8016.31";"2025";"L";"14/01/2025";"0";"01/01/2025";"31/01/2025";"17"
"UNIDADE GESTÃO DE AGRONEGÓCIO. ABASTEC. E TURISMO";"20";"AGRICULTURA";"122";"ADMINISTRAÇÃO GERAL";"2025";"757";"";"0";"0";"100012604";"FOLHA DE PAGAMENTO";"45780103000150";"";"0";"PROPRIA";"31901137";"GRATIFICACOES POR TEMPO DE SERVICO";"FOLHA DE PAGAMENTO";"10105.64";"2025";"L";"14/01/2025";"0";"01/01/2025";"31/01/2025";"17"
"UNIDADE DE GESTÃO DE SEGURANÇA MUNICIPAL";"6";"SEGURANÇA PÚBLICA";"122";"ADMINISTRAÇÃO GERAL";"2025";"758";"";"0";"0";"100012604";"FOLHA DE PAGAMENTO";"45780103000150";"";"0";"PROPRIA";"31901101";"VENCIMENTO E SALARIOS";"FOLHA DE PAGAMENTO";"884439.45";"2025";"L";"14/01/2025";"0";"01/01/2025";"31/01/2025";"19"
"UNIDADE DE GESTÃO DE SEGURANÇA MUNICIPAL";"6";"SEGURANÇA PÚBLICA";"122";"ADMINISTRAÇÃO GERAL";"2025";"759";"";"0";"0";"100012604";"FOLHA DE PAGAMENTO";"45780103000150";"";"0";"PROPRIA";"31901101";"VENCIMENTO E SALARIOS";"FOLHA DE PAGAMENTO";"13763.82";"2025";"L";"14/01/2025";"0";"01/01/2025";"31/01/2025";"19"
"UNIDADE DE GESTÃO DE SEGURANÇA MUNICIPAL";"6";"SEGURANÇA PÚBLICA";"122";"ADMINISTRAÇÃO GERAL";"2025";"760";"";"0";"0";"100012604";"FOLHA DE PAGAMENTO";"45780103000150";"";"0";"PROPRIA";"31901133";"GRATIFICACOES POR EXERCICIO DE  FUNCOES";"FOLHA DE PAGAMENTO";"258293.5";"2025";"L";"14/01/2025";"0";"01/01/2025";"31/01/2025";"19"
"UNIDADE DE GESTÃO DE SEGURANÇA MUNICIPAL";"6";"SEGURANÇA PÚBLICA";"122";"ADMINISTRAÇÃO GERAL";"2025";"761";"";"0";"0";"100012604";"FOLHA DE PAGAMENTO";"45780103000150";"";"0";"PROPRIA";"31901137";"GRATIFICACOES POR TEMPO DE SERVICO";"FOLHA DE PAGAMENTO";"176875.67";"2025";"L";"14/01/2025";"0";"01/01/2025";"31/01/2025";"19"
"UNIDADE DE GESTÃO DE SEGURANÇA MUNICIPAL";"6";"SEGURANÇA PÚBLICA";"122";"ADMINISTRAÇÃO GERAL";"2025";"762";"";"0";"0";"100012604";"FOLHA DE PAGAMENTO";"45780103000150";"";"0";"PROPRIA";"31901137";"GRATIFICACOES POR TEMPO DE SERVICO";"FOLHA DE PAGAMENTO";"5160.59";"2025";"L";"14/01/2025";"0";"01/01/2025";"31/01/2025";"19"
"UNIDADE DE GESTÃO DE CULTURA";"13";"CULTURA";"122";"ADMINISTRAÇÃO GERAL";"2025";"763";"";"0";"0";"100012604";"FOLHA DE PAGAMENTO";"45780103000150";"";"0";"PROPRIA";"31901101";"VENCIMENTO E SALARIOS";"FOLHA DE PAGAMENTO";"124818.42";"2025";"L";"14/01/2025";"0";"01/01/2025";"31/01/2025";"22"
"UNIDADE DE GESTÃO DE CULTURA";"13";"CULTURA";"122";"ADMINISTRAÇÃO GERAL";"2025";"764";"";"0";"0";"100012604";"FOLHA DE PAGAMENTO";"45780103000150";"";"0";"PROPRIA";"31901101";"VENCIMENTO E SALARIOS";"FOLHA DE PAGAMENTO";"9902.15";"2025";"L";"14/01/2025";"0";"01/01/2025";"31/01/2025";"22"
"UNIDADE DE GESTÃO DE CULTURA";"13";"CULTURA";"122";"ADMINISTRAÇÃO GERAL";"2025";"765";"";"0";"0";"100012604";"FOLHA DE PAGAMENTO";"45780103000150";"";"0";"PROPRIA";"31901133";"GRATIFICACOES POR EXERCICIO DE  FUNCOES";"FOLHA DE PAGAMENTO";"3648.53";"2025";"L";"14/01/2025";"0";"01/01/2025";"31/01/2025";"22"
"UNIDADE DE GESTÃO DE CULTURA";"13";"CULTURA";"122";"ADMINISTRAÇÃO GERAL";"2025";"766";"";"0";"0";"100012604";"FOLHA DE PAGAMENTO";"45780103000150";"";"0";"PROPRIA";"31901137";"GRATIFICACOES POR TEMPO DE SERVICO";"FOLHA DE PAGAMENTO";"5116.44";"2025";"L";"14/01/2025";"0";"01/01/2025";"31/01/2025";"22"
"UNIDADE DE GESTÃO DE CULTURA";"13";"CULTURA";"122";"ADMINISTRAÇÃO GERAL";"2025";"767";"";"0";"0";"100012604";"FOLHA DE PAGAMENTO";"45780103000150";"";"0";"PROPRIA";"31901137";"GRATIFICACOES POR TEMPO DE SERVICO";"FOLHA DE PAGAMENTO";"25295.62";"2025";"L";"14/01/2025";"0";"01/01/2025";"31/01/2025";"22"
"UNIDADE DE GESTÃO DE ESPORTE E LAZER";"27";"DESPORTO E LAZER";"812";"DESPORTO COMUNITÁRIO";"2025";"768";"";"0";"0";"100012604";"FOLHA DE PAGAMENTO";"45780103000150";"";"0";"PROPRIA";"31901101";"VENCIMENTO E SALARIOS";"FOLHA DE PAGAMENTO";"146218.55";"2025";"L";"14/01/2025";"0";"01/01/2025";"31/01/2025";"23"
"UNIDADE DE GESTÃO DE ESPORTE E LAZER";"27";"DESPORTO E LAZER";"812";"DESPORTO COMUNITÁRIO";"2025";"769";"";"0";"0";"100012604";"FOLHA DE PAGAMENTO";"45780103000150";"";"0";"PROPRIA";"31901101";"VENCIMENTO E SALARIOS";"FOLHA DE PAGAMENTO";"29049.49";"2025";"L";"14/01/2025";"0";"01/01/2025";"31/01/2025";"23"
"UNIDADE DE GESTÃO DE ESPORTE E LAZER";"27";"DESPORTO E LAZER";"812";"DESPORTO COMUNITÁRIO";"2025";"770";"";"0";"0";"100012604";"FOLHA DE PAGAMENTO";"45780103000150";"";"0";"PROPRIA";"31901133";"GRATIFICACOES POR EXERCICIO DE  FUNCOES";"FOLHA DE PAGAMENTO";"318.78";"2025";"L";"14/01/2025";"0";"01/01/2025";"31/01/2025";"23"
"UNIDADE DE GESTÃO DE ESPORTE E LAZER";"27";"DESPORTO E LAZER";"812";"DESPORTO COMUNITÁRIO";"2025";"771";"";"0";"0";"100012604";"FOLHA DE PAGAMENTO";"45780103000150";"";"0";"PROPRIA";"31901137";"GRATIFICACOES POR TEMPO DE SERVICO";"FOLHA DE PAGAMENTO";"12776.06";"2025";"L";"14/01/2025";"0";"01/01/2025";"31/01/2025";"23"
"UNIDADE DE GESTÃO DE ESPORTE E LAZER";"27";"DESPORTO E LAZER";"812";"DESPORTO COMUNITÁRIO";"2025";"772";"";"0";"0";"100012604";"FOLHA DE PAGAMENTO";"45780103000150";"";"0";"PROPRIA";"31901137";"GRATIFICACOES POR TEMPO DE SERVICO";"FOLHA DE PAGAMENTO";"37360.98";"2025";"L";"14/01/2025";"0";"01/01/2025";"31/01/2025";"23"
"UNIDADE DE GESTÃO DE NEG. JURÍDICOS E CIDADANIA";"4";"ADMINISTRAÇÃO";"122";"ADMINISTRAÇÃO GERAL";"2025";"773";"";"0";"0";"100026318";"MIRIAN DURSO SILVA PEREIRA";"63171163691";"";"0";"PROPRIA";"33903699";"OUTROS SERVICOS";"DILIGENCIAS OFICIAIS(P. FISICAS).";"1241.13";"2025";"L";"20/01/2025";"0";"01/01/2025";"31/01/2025";"6"
"UNIDADE DE GESTÃO DE NEG. JURÍDICOS E CIDADANIA";"4";"ADMINISTRAÇÃO";"122";"ADMINISTRAÇÃO GERAL";"2025";"774";"";"0";"0";"100026319";"RODOLFO PELLIZER JUNIOR";"08782904863";"";"0";"PROPRIA";"33903699";"OUTROS SERVICOS";"DILIGENCIAS OFICIAIS(P. FISICAS).";"1336.61";"2025";"L";"20/01/2025";"0";"01/01/2025";"31/01/2025";"6"
"UNIDADE DE GESTÃO DE NEG. JURÍDICOS E CIDADANIA";"4";"ADMINISTRAÇÃO";"122";"ADMINISTRAÇÃO GERAL";"2025";"775";"";"0";"0";"100026320";"ROLANDO SALLES COELHO";"17790649850";"";"0";"PROPRIA";"33903699";"OUTROS SERVICOS";"DILIGENCIAS OFICIAIS(P. FISICAS).";"381.89";"2025";"L";"20/01/2025";"0";"01/01/2025";"31/01/2025";"6"
"UNIDADE DE GESTÃO DE NEG. JURÍDICOS E CIDADANIA";"4";"ADMINISTRAÇÃO";"122";"ADMINISTRAÇÃO GERAL";"2025";"776";"";"0";"0";"4040610";"RITA DE CASSIA SANCHO AZZALIN";"05301970810";"";"0";"PROPRIA";"33903699";"OUTROS SERVICOS";"DILIGENCIAS OFICIAIS(P. FISICAS).";"954.72";"2025";"L";"20/01/2025";"0";"01/01/2025";"31/01/2025";"6"
"UNIDADE DE GESTÃO DE NEG. JURÍDICOS E CIDADANIA";"4";"ADMINISTRAÇÃO";"122";"ADMINISTRAÇÃO GERAL";"2025";"777";"";"0";"0";"100026321";"ROSEMEIRE AP IENNE G THOMAZESKI";"12078091871";"";"0";"PROPRIA";"33903699";"OUTROS SERVICOS";"DILIGENCIAS OFICIAIS(P. FISICAS).";"668.29";"2025";"L";"20/01/2025";"0";"01/01/2025";"31/01/2025";"6"
"UNIDADE DE GESTÃO DE NEG. JURÍDICOS E CIDADANIA";"4";"ADMINISTRAÇÃO";"122";"ADMINISTRAÇÃO GERAL";"2025";"778";"";"0";"0";"100026323";"VALDECIR FILGUEIRA DE LIMA";"15752416841";"";"0";"PROPRIA";"33903699";"OUTROS SERVICOS";"DILIGENCIAS OFICIAIS(P. FISICAS).";"954.72";"2025";"L";"20/01/2025";"0";"01/01/2025";"31/01/2025";"6"
"UNIDADE DE GESTÃO DE MOBILIDADE E TRANSPORTE";"15";"URBANISMO";"451";"INFRA-ESTRUTURA URBANA";"2025";"793";"";"0";"0";"100029598";"GERALDO JOSE CASOTI";"06836136859";"";"5403";"FUNDO MUNICIPAL DE TRANSITO - MULTAS";"33903645";"JETONS A CONSELHEIROS";"GRATIFICACOES(P. FISICAS).";"1938.33";"2025";"L";"10/01/2025";"0";"01/01/2025";"31/01/2025";"12"
"UNIDADE DE GESTÃO DE MOBILIDADE E TRANSPORTE";"15";"URBANISMO";"451";"INFRA-ESTRUTURA URBANA";"2025";"801";"";"0";"0";"100029598";"GERALDO JOSE CASOTI";"06836136859";"";"5403";"FUNDO MUNICIPAL DE TRANSITO - MULTAS";"33903645";"JETONS A CONSELHEIROS";"GRATIFICACOES(P. FISICAS).";"1938.33";"2025";"L";"23/01/2025";"0";"01/01/2025";"31/01/2025";"12"
"UNIDADE DE GESTÃO DE MOBILIDADE E TRANSPORTE";"15";"URBANISMO";"451";"INFRA-ESTRUTURA URBANA";"2025";"802";"";"0";"0";"100028120";"MARCELO VANTINI DOS SANTOS";"18013615847";"";"5403";"FUNDO MUNICIPAL DE TRANSITO - MULTAS";"33903645";"JETONS A CONSELHEIROS";"GRATIFICACOES(P. FISICAS).";"1938.33";"2025";"L";"23/01/2025";"0";"01/01/2025";"31/01/2025";"12"
"UNIDADE DE GESTÃO DE PROMOÇÃO DA SAÚDE";"10";"SAÚDE";"302";"ASSISTÊNCIA HOSPITALAR E AMBULATORIAL";"2025";"814";"";"0";"0";"100035318";"RAIMUNDA CARMEN DE BARROS DE FREITAS";"86766651849";"";"0";"PROPRIA";"33909302";"RESTITUICOES";"INDENIZACOES E/OU RESSARCIMENTOS(P. FISICA).";"500";"2025";"L";"14/01/2025";"0";"01/01/2025";"31/01/2025";"14"
"UNIDADE DE GESTÃO DE PROMOÇÃO DA SAÚDE";"10";"SAÚDE";"302";"ASSISTÊNCIA HOSPITALAR E AMBULATORIAL";"2025";"815";"";"0";"0";"100046610";"NILVA INACIO DE PAULA";"10924413875";"";"0";"PROPRIA";"33909302";"RESTITUICOES";"INDENIZACOES E/OU RESSARCIMENTOS(P. FISICA).";"316.55";"2025";"L";"14/01/2025";"0";"01/01/2025";"31/01/2025";"14"
"UNIDADE DE GESTÃO DE PROMOÇÃO DA SAÚDE";"10";"SAÚDE";"302";"ASSISTÊNCIA HOSPITALAR E AMBULATORIAL";"2025";"816";"";"0";"0";"100038418";"ANTONIO FERNANDES DE MATOS";"06906252860";"";"0";"PROPRIA";"33909302";"RESTITUICOES";"INDENIZACOES E/OU RESSARCIMENTOS(P. FISICA).";"200";"2025";"L";"14/01/2025";"0";"01/01/2025";"31/01/2025";"14"
"UNIDADE DE GESTÃO DE PROMOÇÃO DA SAÚDE";"10";"SAÚDE";"301";"ATENÇÃO BÁSICA";"2025";"827";"";"0";"0";"4001269";"HOSPITAL DE CARIDADE S.VICENTE DE PAULA";"50944198000130";"";"5002";"FUNDO NACIONAL DE SAUDE - PAB";"33503953";"SERVIÇOS MÉDICO-HOSPITALARES PRESTADOS NA ATENÇÃO";"SERVICOS DE SAUDE(P. JURIDICAS).";"2592959.96";"2025";"L";"20/01/2025";"0";"01/01/2025";"31/01/2025";"14"
"UNIDADE DE GESTÃO DE PROMOÇÃO DA SAÚDE";"10";"SAÚDE";"301";"ATENÇÃO BÁSICA";"2025";"828";"";"0";"0";"4001269";"HOSPITAL DE CARIDADE S.VICENTE DE PAULA";"50944198000130";"";"0";"PROPRIA";"33503953";"SERVIÇOS MÉDICO-HOSPITALARES PRESTADOS NA ATENÇÃO";"SERVICOS DE SAUDE(P. JURIDICAS).";"902897.02";"2025";"L";"20/01/2025";"0";"01/01/2025";"31/01/2025";"14"
"UNIDADE DE GESTÃO DE PROMOÇÃO DA SAÚDE";"10";"SAÚDE";"301";"ATENÇÃO BÁSICA";"2025";"829";"";"0";"0";"4001269";"HOSPITAL DE CARIDADE S.VICENTE DE PAULA";"50944198000130";"";"5043";"FES/PISO DE ATENÇÃO BÁSICA ESTADUAL";"33503953";"SERVIÇOS MÉDICO-HOSPITALARES PRESTADOS NA ATENÇÃO";"SERVICOS DE SAUDE(P. JURIDICAS).";"28954.3";"2025";"L";"20/01/2025";"0";"01/01/2025";"31/01/2025";"14"
"UNIDADE DE GESTÃO DE PROMOÇÃO DA SAÚDE";"10";"SAÚDE";"302";"ASSISTÊNCIA HOSPITALAR E AMBULATORIAL";"2025";"830";"";"0";"0";"1002583";"CENTRO DE REABILITACAO DE JUNDIAI";"51864619000185";"";"5001";"FUNDO NACIONAL DE SAUDE - MS/SAS";"33503952";"SERVIÇOS MÉDICO-HOSPITALARES PRESTADOS EM UNIDADES";"SERVICOS DE SAUDE(P. JURIDICAS).";"37886.52";"2025";"L";"14/01/2025";"0";"01/01/2025";"31/01/2025";"14"
"UNIDADE DE GESTÃO DE ADMINIST. E GESTÃO DE PESSOAS";"4";"ADMINISTRAÇÃO";"122";"ADMINISTRAÇÃO GERAL";"2025";"834";"2024";"3";"5";"100002650";"COMPANHIA PIRATININGA DE FORCA E LUZ";"04172213000151";"INEXIGIBILIDADE";"0";"PROPRIA";"33903943";"SERVICOS DE ENERGIA ELETRICA";"ENERGIA ELETRICA(TAXAS E TAR.).";"892.92";"2025";"L";"15/01/2025";"0";"01/01/2025";"31/01/2025";"7"
"UNIDADE DE GESTÃO DE ADMINIST. E GESTÃO DE PESSOAS";"4";"ADMINISTRAÇÃO";"122";"ADMINISTRAÇÃO GERAL";"2025";"834";"2024";"3";"5";"100002650";"COMPANHIA PIRATININGA DE FORCA E LUZ";"04172213000151";"INEXIGIBILIDADE";"0";"PROPRIA";"33903943";"SERVICOS DE ENERGIA ELETRICA";"ENERGIA ELETRICA(TAXAS E TAR.).";"63079.86";"2025";"L";"17/01/2025";"0";"01/01/2025";"31/01/2025";"7"
"UNIDADE DE GESTÃO DE ESPORTE E LAZER";"27";"DESPORTO E LAZER";"812";"DESPORTO COMUNITÁRIO";"2025";"836";"2023";"22";"6";"4022141";"COMPANHIA DE INFORMATICA DE JUNDIAI - CIJUN";"67237644000179";"DISPENSA DE LICITACAO";"0";"PROPRIA";"33903977";"VIGILANCIA OSTENSIVA";"SERVICO EM TECNOLOGIA DA INFORMACAO";"750";"2025";"L";"27/01/2025";"0";"01/01/2025";"31/01/2025";"23"
"UNIDADE DE GESTÃO DE ESPORTE E LAZER";"27";"DESPORTO E LAZER";"812";"DESPORTO COMUNITÁRIO";"2025";"837";"2024";"37";"14";"100009944";"SALVADOR A. RODRIGUES ME";"07723192000103";"PREGÃO ELETRÔNICO";"0";"PROPRIA";"33903948";"SERVICOS DE SELECAO E TREINAMENTO";"MINISTRAR-AULAS";"7605";"2025";"L";"20/01/2025";"0";"01/01/2025";"31/01/2025";"23"
"UNIDADE DE GESTÃO DE ADMINIST. E GESTÃO DE PESSOAS";"4";"ADMINISTRAÇÃO";"122";"ADMINISTRAÇÃO GERAL";"2025";"838";"2024";"2";"5";"100002650";"COMPANHIA PIRATININGA DE FORCA E LUZ";"04172213000151";"INEXIGIBILIDADE";"0";"PROPRIA";"33903943";"SERVICOS DE ENERGIA ELETRICA";"ENERGIA ELETRICA(TAXAS E TAR.).";"12173.84";"2025";"L";"17/01/2025";"0";"01/01/2025";"31/01/2025";"7"
"UNIDADE DE GESTÃO DE PROMOÇÃO DA SAÚDE";"10";"SAÚDE";"303";"SUPORTE PROFILÁTICO E TERAPÊUTICO";"2025";"839";"2024";"88";"14";"100013894";"REIS FARMACIA DE MANIPULACAO LTDA EPP";"07711912000110";"PREGÃO ELETRÔNICO";"0";"PROPRIA";"33903037";"MEDICAMENTOS FORNECIDOS POR DECISÃO JUDICIAL";"FORMULA MANIPULADA-VITIS VINIFERA 150MG + CASTANHA DA INDI";"17";"2025";"L";"17/01/2025";"0";"01/01/2025";"31/01/2025";"14"
"UNIDADE DE GESTÃO DE PROMOÇÃO DA SAÚDE";"10";"SAÚDE";"303";"SUPORTE PROFILÁTICO E TERAPÊUTICO";"2025";"840";"2024";"88";"14";"100054262";"NATURAL ESSÊNCIA LTDA ME";"04652274000116";"PREGÃO ELETRÔNICO";"0";"PROPRIA";"33903037";"MEDICAMENTOS FORNECIDOS POR DECISÃO JUDICIAL";"FORMULA MANIPULADA-CITICOLINA 500MG";"257.4";"2025";"L";"22/01/2025";"0";"01/01/2025";"31/01/2025";"14"
"UNIDADE DE GESTÃO DE PROMOÇÃO DA SAÚDE";"10";"SAÚDE";"303";"SUPORTE PROFILÁTICO E TERAPÊUTICO";"2025";"840";"2024";"88";"14";"100054262";"NATURAL ESSÊNCIA LTDA ME";"04652274000116";"PREGÃO ELETRÔNICO";"0";"PROPRIA";"33903037";"MEDICAMENTOS FORNECIDOS POR DECISÃO JUDICIAL";"FORMULA MANIPULADA-VITIS VINIFERA 150MG + CASTANHA DA INDI";"34";"2025";"L";"22/01/2025";"0";"01/01/2025";"31/01/2025";"14"
"UNIDADE DE GESTÃO DE PROMOÇÃO DA SAÚDE";"10";"SAÚDE";"303";"SUPORTE PROFILÁTICO E TERAPÊUTICO";"2025";"840";"2024";"88";"14";"100054262";"NATURAL ESSÊNCIA LTDA ME";"04652274000116";"PREGÃO ELETRÔNICO";"0";"PROPRIA";"33903037";"MEDICAMENTOS FORNECIDOS POR DECISÃO JUDICIAL";"FORMULA MANIPULADA-HIDROCORTISONA ACETATO 1 MG CAPSULA";"174";"2025";"L";"22/01/2025";"0";"01/01/2025";"31/01/2025";"14"
"UNIDADE DE GESTÃO DE GOVERNO E FINANÇAS";"28";"ENCARGOS ESPECIAIS";"846";"OUTROS ENCARGOS ESPECIAIS";"2025";"842";"";"0";"0";"100035879";"VANIA DE ALMEIDA ROSA";"08316174898";"";"0";"PROPRIA";"33909115";"SENTENÇAS JUDICIAIS DE PEQUENO VALOR";"DESPESAS OBRIGATORIAS E/OU JUDICIAIS(P. FISICAS).";"1386.44";"2025";"L";"16/01/2025";"0";"01/01/2025";"31/01/2025";"8"
"UNIDADE DE GESTÃO DE GOVERNO E FINANÇAS";"28";"ENCARGOS ESPECIAIS";"846";"OUTROS ENCARGOS ESPECIAIS";"2025";"843";"";"0";"0";"100057738";"BDF NIVEA LTDA";"46389383000566";"";"0";"PROPRIA";"33909302";"RESTITUICOES";"INDENIZACOES E/OU RESSARCIMENTOS(P. JURIDICA).";"233.76";"2025";"L";"16/01/2025";"0";"01/01/2025";"31/01/2025";"8"
"UNIDADE DE GESTÃO DE PROMOÇÃO DA SAÚDE";"10";"SAÚDE";"302";"ASSISTÊNCIA HOSPITALAR E AMBULATORIAL";"2025";"844";"";"0";"0";"4001269";"HOSPITAL DE CARIDADE S.VICENTE DE PAULA";"50944198000130";"";"0";"PROPRIA";"33503951";"SERVIÇOS MÉDICO-HOSPITALARES PRESTADOS EM UNIDADES";"SERVICOS DE SAUDE(P. JURIDICAS).";"1869268.62";"2025";"L";"10/01/2025";"0";"01/01/2025";"31/01/2025";"14"
"UNIDADE DE GESTÃO DE PROMOÇÃO DA SAÚDE";"10";"SAÚDE";"302";"ASSISTÊNCIA HOSPITALAR E AMBULATORIAL";"2025";"845";"";"0";"0";"1002583";"CENTRO DE REABILITACAO DE JUNDIAI";"51864619000185";"";"0";"PROPRIA";"33503952";"SERVIÇOS MÉDICO-HOSPITALARES PRESTADOS EM UNIDADES";"SERVICOS DE SAUDE(P. JURIDICAS).";"58661.26";"2025";"L";"14/01/2025";"0";"01/01/2025";"31/01/2025";"14"
"UNIDADE DE GESTÃO DE PROMOÇÃO DA SAÚDE";"10";"SAÚDE";"302";"ASSISTÊNCIA HOSPITALAR E AMBULATORIAL";"2025";"846";"";"0";"0";"1002583";"CENTRO DE REABILITACAO DE JUNDIAI";"51864619000185";"";"0";"PROPRIA";"33503952";"SERVIÇOS MÉDICO-HOSPITALARES PRESTADOS EM UNIDADES";"SERVICOS DE SAUDE(P. JURIDICAS).";"10500";"2025";"L";"14/01/2025";"0";"01/01/2025";"31/01/2025";"14"
"UNIDADE GESTÃO DE ASSISTÊNCIA E DESENVOLV. SOCIAL";"8";"ASSISTÊNCIA SOCIAL";"241";"ASSISTENCIA À PESSOA IDOSA";"2025";"848";"";"0";"0";"100002054";"CARITAS DIOCESANA DE JUNDIAI";"02073048000155";"";"5156";"FUMDIPI - FUNDO MUN. DOS DIREITOS DA PESSOA IDOSA";"33503901";"TERMO DE COLABORAÇÃO";"CONVENIO MROSC - LEI 13019/2014 - MARCO REGUL.ORG.SOC.CIVIL";"8333.28";"2025";"L";"14/01/2025";"0";"01/01/2025";"31/01/2025";"15"
"UNIDADE DE GESTÃO DE PROMOÇÃO DA SAÚDE";"10";"SAÚDE";"302";"ASSISTÊNCIA HOSPITALAR E AMBULATORIAL";"2025";"859";"";"0";"0";"1008168";"ASSOC TERAP DE ESTIMO AUDITIVA E LINGUAGEM";"51910842000111";"";"5001";"FUNDO NACIONAL DE SAUDE - MS/SAS";"33503953";"SERVIÇOS MÉDICO-HOSPITALARES PRESTADOS NA ATENÇÃO";"SERVICOS DE SAUDE(P. JURIDICAS).";"141601.82";"2025";"L";"14/01/2025";"0";"01/01/2025";"31/01/2025";"14"
"UNIDADE DE GESTÃO DE PROMOÇÃO DA SAÚDE";"10";"SAÚDE";"302";"ASSISTÊNCIA HOSPITALAR E AMBULATORIAL";"2025";"860";"";"0";"0";"1008168";"ASSOC TERAP DE ESTIMO AUDITIVA E LINGUAGEM";"51910842000111";"";"0";"PROPRIA";"33503953";"SERVIÇOS MÉDICO-HOSPITALARES PRESTADOS NA ATENÇÃO";"SERVICOS DE SAUDE(P. JURIDICAS).";"33308.92";"2025";"L";"14/01/2025";"0";"01/01/2025";"31/01/2025";"14"
"UNIDADE DE GESTÃO DE PROMOÇÃO DA SAÚDE";"10";"SAÚDE";"302";"ASSISTÊNCIA HOSPITALAR E AMBULATORIAL";"2025";"861";"";"0";"0";"1008168";"ASSOC TERAP DE ESTIMO AUDITIVA E LINGUAGEM";"51910842000111";"";"0";"PROPRIA";"33503953";"SERVIÇOS MÉDICO-HOSPITALARES PRESTADOS NA ATENÇÃO";"SERVICOS DE SAUDE(P. JURIDICAS).";"9030";"2025";"L";"14/01/2025";"0";"01/01/2025";"31/01/2025";"14"
"UNIDADE GESTÃO DE ASSISTÊNCIA E DESENVOLV. SOCIAL";"8";"ASSISTÊNCIA SOCIAL";"244";"ASSISTÊNCIA COMUNITÁRIA";"2025";"862";"";"0";"0";"4010880";"LAR NOSSA SENHORA DAS GRAÇAS";"61000683001062";"";"0";"PROPRIA";"33503901";"TERMO DE COLABORAÇÃO";"CONVENIO MROSC - LEI 13019/2014 - MARCO REGUL.ORG.SOC.CIVIL";"225358.51";"2025";"L";"14/01/2025";"0";"01/01/2025";"31/01/2025";"15"
"UNIDADE DE GESTÃO DE GOVERNO E FINANÇAS";"28";"ENCARGOS ESPECIAIS";"846";"OUTROS ENCARGOS ESPECIAIS";"2025";"864";"";"0";"0";"100057743";"CONRADO DE FAVARI VIEL";"36851987856";"";"0";"PROPRIA";"33909115";"SENTENÇAS JUDICIAIS DE PEQUENO VALOR";"DESPESAS OBRIGATORIAS E/OU JUDICIAIS(P. FISICAS).";"4820.52";"2025";"L";"15/01/2025";"0";"01/01/2025";"31/01/2025";"8"
"UNIDADE GESTÃO DE ASSISTÊNCIA E DESENVOLV. SOCIAL";"8";"ASSISTÊNCIA SOCIAL";"243";"ASSISTÊNCIA À CRIANÇA E AO ADOLESCENTE";"2025";"865";"";"0";"0";"100007789";"PAIM-PROGRAMA DE ATEND.INTEGR.MARIA TERESA REBELLO";"05572197000157";"";"5104";"FUNDO MUNIC.DIREITOS DA CRIANCA E ADOLESC.-DOACOES";"33503901";"TERMO DE COLABORAÇÃO";"CONVENIO MROSC - LEI 13019/2014 - MARCO REGUL.ORG.SOC.CIVIL";"14800";"2025";"L";"14/01/2025";"0";"01/01/2025";"31/01/2025";"15"
"UNIDADE DE GESTÃO DE GOVERNO E FINANÇAS";"28";"ENCARGOS ESPECIAIS";"846";"OUTROS ENCARGOS ESPECIAIS";"2025";"866";"";"0";"0";"100031863";"THELMA LA MOTTA";"31182560873";"";"0";"PROPRIA";"33909115";"SENTENÇAS JUDICIAIS DE PEQUENO VALOR";"DESPESAS OBRIGATORIAS E/OU JUDICIAIS(P. FISICAS).";"7125.73";"2025";"L";"16/01/2025";"0";"01/01/2025";"31/01/2025";"8"
"UNIDADE DE GESTÃO DE GOVERNO E FINANÇAS";"28";"ENCARGOS ESPECIAIS";"846";"OUTROS ENCARGOS ESPECIAIS";"2025";"867";"";"0";"0";"100050060";"ROBERTO RIVELINO CAROBELI";"13691525822";"";"0";"PROPRIA";"33909115";"SENTENÇAS JUDICIAIS DE PEQUENO VALOR";"DESPESAS OBRIGATORIAS E/OU JUDICIAIS(P. FISICAS).";"58796.49";"2025";"L";"16/01/2025";"0";"01/01/2025";"31/01/2025";"8"
"UNIDADE DE GESTÃO DE PROMOÇÃO DA SAÚDE";"10";"SAÚDE";"301";"ATENÇÃO BÁSICA";"2025";"877";"2024";"106";"14";"1005024";"CQC TECNOLOGIA EM SISTEMAS DIAGNOSTICOS LTDA";"46962122000160";"PREGÃO ELETRÔNICO";"5002";"FUNDO NACIONAL DE SAUDE - PAB";"33903036";"MATERIAL HOSPITALAR";"LANCETA DESCARTAVEL PARA PUNCAO DIGITAL. 100 UNIDADES";"1079.2";"2025";"L";"31/01/2025";"0";"01/01/2025";"31/01/2025";"14"
"UNIDADE DE GESTÃO DE PROMOÇÃO DA SAÚDE";"10";"SAÚDE";"302";"ASSISTÊNCIA HOSPITALAR E AMBULATORIAL";"2025";"880";"2023";"428";"14";"100009882";"ONIX BRASIL COMERCIAL LTDA EPP";"02119775000106";"PREGÃO ELETRÔNICO";"0";"PROPRIA";"33903098";"OUTROS MATERIAIS DE CONSUMO DECORRENTE DE DECISÃO";"FRALDA DESCARTAVEL GERIATRICA HOSPITALAR. TAMANHO M";"2598";"2025";"L";"17/01/2025";"0";"01/01/2025";"31/01/2025";"14"
"UNIDADE DE GESTÃO DE PROMOÇÃO DA SAÚDE";"10";"SAÚDE";"302";"ASSISTÊNCIA HOSPITALAR E AMBULATORIAL";"2025";"880";"2023";"428";"14";"100009882";"ONIX BRASIL COMERCIAL LTDA EPP";"02119775000106";"PREGÃO ELETRÔNICO";"0";"PROPRIA";"33903098";"OUTROS MATERIAIS DE CONSUMO DECORRENTE DE DECISÃO";"FRALDA DESCARTAVEL GERIATRICA HOSPITALAR. TAMANHO G";"5796";"2025";"L";"17/01/2025";"0";"01/01/2025";"31/01/2025";"14"
"UNIDADE DE GESTÃO DE PROMOÇÃO DA SAÚDE";"10";"SAÚDE";"302";"ASSISTÊNCIA HOSPITALAR E AMBULATORIAL";"2025";"881";"2023";"428";"14";"100019480";"ROSICLER CIRÚRGICA LTDA EPP";"57365116000141";"PREGÃO ELETRÔNICO";"0";"PROPRIA";"33903098";"OUTROS MATERIAIS DE CONSUMO DECORRENTE DE DECISÃO";"FRALDA DESCARTAVEL GERIATRICA HOSPITALAR. TAMANHO JUVENIL";"780.98";"2025";"L";"24/01/2025";"0";"01/01/2025";"31/01/2025";"14"
"UNIDADE DE GESTÃO DE PROMOÇÃO DA SAÚDE";"10";"SAÚDE";"302";"ASSISTÊNCIA HOSPITALAR E AMBULATORIAL";"2025";"882";"2023";"428";"14";"100028314";"MEDIMPORT COMÉRCIO DE PROD.HOSPITALARES LTDA";"03434334000161";"PREGÃO ELETRÔNICO";"0";"PROPRIA";"33903098";"OUTROS MATERIAIS DE CONSUMO DECORRENTE DE DECISÃO";"FRALDA DESCARTAVEL GERIATRICA HOSPITALAR. TAMANHO XG";"3900";"2025";"L";"22/01/2025";"0";"01/01/2025";"31/01/2025";"14"
"UNIDADE DE GESTÃO DE GOVERNO E FINANÇAS";"28";"ENCARGOS ESPECIAIS";"846";"OUTROS ENCARGOS ESPECIAIS";"2025";"883";"";"0";"0";"100003863";"LUIZ CORAINI";"01678870846";"";"0";"PROPRIA";"33909199";"DIVERSAS SENTENCAS";"DESPESAS OBRIGATORIAS E/OU JUDICIAIS(P. FISICAS).";"1113.04";"2025";"L";"14/01/2025";"0";"01/01/2025";"31/01/2025";"8"
"UNIDADE DE GESTÃO DE GOVERNO E FINANÇAS";"28";"ENCARGOS ESPECIAIS";"846";"OUTROS ENCARGOS ESPECIAIS";"2025";"883";"";"0";"0";"100003863";"LUIZ CORAINI";"01678870846";"";"0";"PROPRIA";"33909199";"DIVERSAS SENTENCAS";"DESPESAS OBRIGATORIAS E/OU JUDICIAIS(P. FISICAS).";"1113.04";"2025";"L";"14/01/2025";"0";"01/01/2025";"31/01/2025";"8"
"UNIDADE DE GESTÃO DE GOVERNO E FINANÇAS";"28";"ENCARGOS ESPECIAIS";"846";"OUTROS ENCARGOS ESPECIAIS";"2025";"883";"";"0";"0";"100003863";"LUIZ CORAINI";"01678870846";"";"0";"PROPRIA";"33909199";"DIVERSAS SENTENCAS";"DESPESAS OBRIGATORIAS E/OU JUDICIAIS(P. FISICAS).";"1113.04";"2025";"L";"14/01/2025";"0";"01/01/2025";"31/01/2025";"8"
"UNIDADE DE GESTÃO DE GOVERNO E FINANÇAS";"28";"ENCARGOS ESPECIAIS";"846";"OUTROS ENCARGOS ESPECIAIS";"2025";"883";"";"0";"0";"100003863";"LUIZ CORAINI";"01678870846";"";"0";"PROPRIA";"33909199";"DIVERSAS SENTENCAS";"DESPESAS OBRIGATORIAS E/OU JUDICIAIS(P. FISICAS).";"1113.04";"2025";"L";"14/01/2025";"0";"01/01/2025";"31/01/2025";"8"
"UNIDADE DE GESTÃO DE GOVERNO E FINANÇAS";"28";"ENCARGOS ESPECIAIS";"846";"OUTROS ENCARGOS ESPECIAIS";"2025";"883";"";"0";"0";"100003863";"LUIZ CORAINI";"01678870846";"";"0";"PROPRIA";"33909199";"DIVERSAS SENTENCAS";"DESPESAS OBRIGATORIAS E/OU JUDICIAIS(P. FISICAS).";"1113.04";"2025";"L";"14/01/2025";"0";"01/01/2025";"31/01/2025";"8"
"UNIDADE DE GESTÃO DE GOVERNO E FINANÇAS";"28";"ENCARGOS ESPECIAIS";"846";"OUTROS ENCARGOS ESPECIAIS";"2025";"883";"";"0";"0";"100003863";"LUIZ CORAINI";"01678870846";"";"0";"PROPRIA";"33909199";"DIVERSAS SENTENCAS";"DESPESAS OBRIGATORIAS E/OU JUDICIAIS(P. FISICAS).";"1113.04";"2025";"L";"14/01/2025";"0";"01/01/2025";"31/01/2025";"8"
"UNIDADE DE GESTÃO DE GOVERNO E FINANÇAS";"28";"ENCARGOS ESPECIAIS";"846";"OUTROS ENCARGOS ESPECIAIS";"2025";"883";"";"0";"0";"100003863";"LUIZ CORAINI";"01678870846";"";"0";"PROPRIA";"33909199";"DIVERSAS SENTENCAS";"DESPESAS OBRIGATORIAS E/OU JUDICIAIS(P. FISICAS).";"1113.04";"2025";"L";"14/01/2025";"0";"01/01/2025";"31/01/2025";"8"
"UNIDADE DE GESTÃO DE GOVERNO E FINANÇAS";"28";"ENCARGOS ESPECIAIS";"846";"OUTROS ENCARGOS ESPECIAIS";"2025";"883";"";"0";"0";"100003863";"LUIZ CORAINI";"01678870846";"";"0";"PROPRIA";"33909199";"DIVERSAS SENTENCAS";"DESPESAS OBRIGATORIAS E/OU JUDICIAIS(P. FISICAS).";"1113.04";"2025";"L";"14/01/2025";"0";"01/01/2025";"31/01/2025";"8"
"UNIDADE DE GESTÃO DE GOVERNO E FINANÇAS";"28";"ENCARGOS ESPECIAIS";"846";"OUTROS ENCARGOS ESPECIAIS";"2025";"883";"";"0";"0";"100003863";"LUIZ CORAINI";"01678870846";"";"0";"PROPRIA";"33909199";"DIVERSAS SENTENCAS";"DESPESAS OBRIGATORIAS E/OU JUDICIAIS(P. FISICAS).";"1113.04";"2025";"L";"14/01/2025";"0";"01/01/2025";"31/01/2025";"8"
"UNIDADE DE GESTÃO DE GOVERNO E FINANÇAS";"28";"ENCARGOS ESPECIAIS";"846";"OUTROS ENCARGOS ESPECIAIS";"2025";"883";"";"0";"0";"100003863";"LUIZ CORAINI";"01678870846";"";"0";"PROPRIA";"33909199";"DIVERSAS SENTENCAS";"DESPESAS OBRIGATORIAS E/OU JUDICIAIS(P. FISICAS).";"1113.04";"2025";"L";"14/01/2025";"0";"01/01/2025";"31/01/2025";"8"
"UNIDADE DE GESTÃO DE GOVERNO E FINANÇAS";"28";"ENCARGOS ESPECIAIS";"846";"OUTROS ENCARGOS ESPECIAIS";"2025";"883";"";"0";"0";"100003863";"LUIZ CORAINI";"01678870846";"";"0";"PROPRIA";"33909199";"DIVERSAS SENTENCAS";"DESPESAS OBRIGATORIAS E/OU JUDICIAIS(P. FISICAS).";"1113.04";"2025";"L";"14/01/2025";"0";"01/01/2025";"31/01/2025";"8"
"UNIDADE DE GESTÃO DE GOVERNO E FINANÇAS";"28";"ENCARGOS ESPECIAIS";"846";"OUTROS ENCARGOS ESPECIAIS";"2025";"883";"";"0";"0";"100003863";"LUIZ CORAINI";"01678870846";"";"0";"PROPRIA";"33909199";"DIVERSAS SENTENCAS";"DESPESAS OBRIGATORIAS E/OU JUDICIAIS(P. FISICAS).";"1113.04";"2025";"L";"14/01/2025";"0";"01/01/2025";"31/01/2025";"8"
"UNIDADE DE GESTÃO DE PROMOÇÃO DA SAÚDE";"10";"SAÚDE";"301";"ATENÇÃO BÁSICA";"2025";"885";"2024";"192";"14";"100002711";"CIRURGICA UNIAO LTDA";"04063331000121";"PREGÃO ELETRÔNICO";"5002";"FUNDO NACIONAL DE SAUDE - PAB";"33903036";"MATERIAL HOSPITALAR";"SODIO HIPOCLORITO SOLUCAO A 2.5% (5 L)";"9987";"2025";"L";"31/01/2025";"0";"01/01/2025";"31/01/2025";"14"
"UNIDADE DE GESTÃO DE EDUCAÇÃO";"12";"EDUCAÇÃO";"306";"ALIMENTAÇÃO E NUTRIÇÃO";"2025";"888";"2024";"70";"14";"1001791";"COMERCIAL JOAO AFONSO LTDA.";"53437315000167";"PREGÃO ELETRÔNICO";"6108";"QUOTA DO SALARIO EDUCACAO";"33903007";"GENEROS DE ALIMENTACAO";"CAFE TORRADO E MOIDO. COM 500G. QUAL. GLOBAL MIN. 4.8 PONTOS";"5745";"2025";"L";"27/01/2025";"0";"01/01/2025";"31/01/2025";"13"
"UNIDADE DE GESTÃO DE PROMOÇÃO DA SAÚDE";"10";"SAÚDE";"301";"ATENÇÃO BÁSICA";"2025";"889";"2024";"192";"14";"1079573";"LUMAR COM. DE PRODUTOS FARMACEUTICOS LTDA";"49228695000152";"PREGÃO ELETRÔNICO";"5002";"FUNDO NACIONAL DE SAUDE - PAB";"33903036";"MATERIAL HOSPITALAR";"ESPATULA DE AYRES. EM MADEIRA (100 UN)";"467.5";"2025";"L";"31/01/2025";"0";"01/01/2025";"31/01/2025";"14"
"UNIDADE DE GESTÃO DE PROMOÇÃO DA SAÚDE";"10";"SAÚDE";"301";"ATENÇÃO BÁSICA";"2025";"894";"2024";"192";"14";"100043983";"M.G. DOMINGUES DISTRIBUIDORA DE MED. LTDA EPP";"33735524000180";"PREGÃO ELETRÔNICO";"5002";"FUNDO NACIONAL DE SAUDE - PAB";"33903036";"MATERIAL HOSPITALAR";"EQUIPO DE SORO COM MACROGOTEJADOR";"11340";"2025";"L";"23/01/2025";"0";"01/01/2025";"31/01/2025";"14"
"UNIDADE GESTÃO DE ASSISTÊNCIA E DESENVOLV. SOCIAL";"8";"ASSISTÊNCIA SOCIAL";"244";"ASSISTÊNCIA COMUNITÁRIA";"2025";"903";"";"0";"0";"100051659";"ALEXANDRA DE JESUS OLIVEIRA";"52160035840";"";"0";"PROPRIA";"33904899";"DEMAIS AUXÍLIOS FINANCEIROS A PESSOAS FÍSICAS";"AUXILIO VULNERABILIDADE";"988.4";"2025";"L";"21/01/2025";"0";"01/01/2025";"31/01/2025";"15"
"UNIDADE GESTÃO DE ASSISTÊNCIA E DESENVOLV. SOCIAL";"8";"ASSISTÊNCIA SOCIAL";"244";"ASSISTÊNCIA COMUNITÁRIA";"2025";"908";"";"0";"0";"100057425";"SHEILA DE SOUZA CARVALHO LOPES";"35689713805";"";"0";"PROPRIA";"33904899";"DEMAIS AUXÍLIOS FINANCEIROS A PESSOAS FÍSICAS";"AUXILIO VULNERABILIDADE";"423.6";"2025";"L";"20/01/2025";"0";"01/01/2025";"31/01/2025";"15"
"UNIDADE GESTÃO DE ASSISTÊNCIA E DESENVOLV. SOCIAL";"8";"ASSISTÊNCIA SOCIAL";"243";"ASSISTÊNCIA À CRIANÇA E AO ADOLESCENTE";"2025";"915";"";"0";"0";"100040116";"JOAO CARLOS EUGENIO";"32290952869";"";"0";"PROPRIA";"33904899";"DEMAIS AUXÍLIOS FINANCEIROS A PESSOAS FÍSICAS";"DESPESAS RESULT.DE LEIS. DEC.. CONV.. ACORDOS(P. FISICAS).";"2824";"2025";"L";"21/01/2025";"0";"01/01/2025";"31/01/2025";"15"
"UNIDADE DE GESTÃO DE EDUCAÇÃO";"12";"EDUCAÇÃO";"306";"ALIMENTAÇÃO E NUTRIÇÃO";"2025";"927";"2023";"384";"14";"100046763";"29.984.504 GESLEY LIMA BARBOSA ME";"29984504000175";"PREGÃO ELETRÔNICO";"6108";"QUOTA DO SALARIO EDUCACAO";"33903007";"GENEROS DE ALIMENTACAO";"AGUA MINERAL SEM GAS. GALAO COM 20 LITROS.";"377.8";"2025";"L";"27/01/2025";"0";"01/01/2025";"31/01/2025";"13"
"UNIDADE DE GESTÃO DE EDUCAÇÃO";"12";"EDUCAÇÃO";"361";"ENSINO FUNDAMENTAL";"2025";"928";"2023";"384";"14";"100046763";"29.984.504 GESLEY LIMA BARBOSA ME";"29984504000175";"PREGÃO ELETRÔNICO";"0";"PROPRIA";"33903007";"GENEROS DE ALIMENTACAO";"AGUA MINERAL SEM GAS. GALAO COM 20 LITROS.";"226.68";"2025";"L";"27/01/2025";"0";"01/01/2025";"31/01/2025";"13"
"UNIDADE DE GESTÃO DE PROMOÇÃO DA SAÚDE";"10";"SAÚDE";"122";"ADMINISTRAÇÃO GERAL";"2025";"930";"";"0";"0";"100012604";"FOLHA DE PAGAMENTO";"45780103000150";"";"0";"PROPRIA";"31900411";"SALÁRIOS - CONTRATO TEMPORÁRIO";"FOLHA DE PAGAMENTO";"1627.66";"2025";"L";"15/01/2025";"0";"01/01/2025";"31/01/2025";"14"
"UNIDADE DE GESTÃO DE PROMOÇÃO DA SAÚDE";"10";"SAÚDE";"122";"ADMINISTRAÇÃO GERAL";"2025";"931";"";"0";"0";"100012604";"FOLHA DE PAGAMENTO";"45780103000150";"";"0";"PROPRIA";"31900411";"SALÁRIOS - CONTRATO TEMPORÁRIO";"FOLHA DE PAGAMENTO";"50.59";"2025";"L";"15/01/2025";"0";"01/01/2025";"31/01/2025";"14"
"UNIDADE DE GESTÃO DE PROMOÇÃO DA SAÚDE";"10";"SAÚDE";"122";"ADMINISTRAÇÃO GERAL";"2025";"932";"";"0";"0";"100012604";"FOLHA DE PAGAMENTO";"45780103000150";"";"0";"PROPRIA";"31900414";"FERIAS - ABONO CONSTITUCIONAL - CONTRATO TEMPORÁRI";"FOLHA DE PAGAMENTO";"13498.8";"2025";"L";"15/01/2025";"0";"01/01/2025";"31/01/2025";"14"
"UNIDADE DE GESTÃO DE PROMOÇÃO DA SAÚDE";"10";"SAÚDE";"122";"ADMINISTRAÇÃO GERAL";"2025";"933";"";"0";"0";"4016168";"I.N.S.S -INST.NACIONAL DE SEGURO SOCIAL";"29979036000140";"";"0";"PROPRIA";"31900416";"OBRIGAÇÕES PATRONAIS - INSS - CONTRATO TEMPORÁRIO";"FOLHA DE PAGAMENTO";"727.86";"2025";"L";"20/01/2025";"0";"01/01/2025";"31/01/2025";"14"
"UNIDADE DE GESTÃO DE PROMOÇÃO DA SAÚDE";"10";"SAÚDE";"122";"ADMINISTRAÇÃO GERAL";"2025";"934";"";"0";"0";"100012604";"FOLHA DE PAGAMENTO";"45780103000150";"";"0";"PROPRIA";"31900499";"OUTRAS CONTRATACOES POR TEMPO DETERMINADO";"FOLHA DE PAGAMENTO";"873.96";"2025";"L";"15/01/2025";"0";"01/01/2025";"31/01/2025";"14"
"UNIDADE DE GESTÃO DE PROMOÇÃO DA SAÚDE";"10";"SAÚDE";"122";"ADMINISTRAÇÃO GERAL";"2025";"935";"";"0";"0";"100012604";"FOLHA DE PAGAMENTO";"45780103000150";"";"0";"PROPRIA";"33904901";"INDENIZACAO AUXILIO TRANSPORTE";"FOLHA DE PAGAMENTO";"44";"2025";"L";"15/01/2025";"0";"01/01/2025";"31/01/2025";"14"
"UNIDADE DE GESTÃO DE PROMOÇÃO DA SAÚDE";"10";"SAÚDE";"301";"ATENÇÃO BÁSICA";"2025";"936";"";"0";"0";"100012604";"FOLHA DE PAGAMENTO";"45780103000150";"";"0";"PROPRIA";"31900411";"SALÁRIOS - CONTRATO TEMPORÁRIO";"FOLHA DE PAGAMENTO";"1497.59";"2025";"L";"15/01/2025";"0";"01/01/2025";"31/01/2025";"14"
"UNIDADE DE GESTÃO DE PROMOÇÃO DA SAÚDE";"10";"SAÚDE";"301";"ATENÇÃO BÁSICA";"2025";"937";"";"0";"0";"100012604";"FOLHA DE PAGAMENTO";"45780103000150";"";"0";"PROPRIA";"31900411";"SALÁRIOS - CONTRATO TEMPORÁRIO";"FOLHA DE PAGAMENTO";"111.34";"2025";"L";"15/01/2025";"0";"01/01/2025";"31/01/2025";"14"
"UNIDADE DE GESTÃO DE PROMOÇÃO DA SAÚDE";"10";"SAÚDE";"301";"ATENÇÃO BÁSICA";"2025";"938";"";"0";"0";"100012604";"FOLHA DE PAGAMENTO";"45780103000150";"";"0";"PROPRIA";"31900414";"FERIAS - ABONO CONSTITUCIONAL - CONTRATO TEMPORÁRI";"FOLHA DE PAGAMENTO";"29170.13";"2025";"L";"15/01/2025";"0";"01/01/2025";"31/01/2025";"14"
"UNIDADE DE GESTÃO DE PROMOÇÃO DA SAÚDE";"10";"SAÚDE";"301";"ATENÇÃO BÁSICA";"2025";"939";"";"0";"0";"4016168";"I.N.S.S -INST.NACIONAL DE SEGURO SOCIAL";"29979036000140";"";"0";"PROPRIA";"31900416";"OBRIGAÇÕES PATRONAIS - INSS - CONTRATO TEMPORÁRIO";"FOLHA DE PAGAMENTO";"1513.8";"2025";"L";"20/01/2025";"0";"01/01/2025";"31/01/2025";"14"
"UNIDADE DE GESTÃO DE PROMOÇÃO DA SAÚDE";"10";"SAÚDE";"301";"ATENÇÃO BÁSICA";"2025";"940";"";"0";"0";"100012604";"FOLHA DE PAGAMENTO";"45780103000150";"";"0";"PROPRIA";"31900499";"OUTRAS CONTRATACOES POR TEMPO DETERMINADO";"FOLHA DE PAGAMENTO";"2178.28";"2025";"L";"15/01/2025";"0";"01/01/2025";"31/01/2025";"14"
"UNIDADE DE GESTÃO DE GOVERNO E FINANÇAS";"28";"ENCARGOS ESPECIAIS";"846";"OUTROS ENCARGOS ESPECIAIS";"2025";"941";"";"0";"0";"100056847";"SUELI MARIA BERNARDES DE MEDEIROS LIRA";"61100340882";"";"5403";"FUNDO MUNICIPAL DE TRANSITO - MULTAS";"33909302";"RESTITUICOES";"INDENIZACOES E/OU RESSARCIMENTOS(P. FISICA).";"39.05";"2025";"L";"16/01/2025";"0";"01/01/2025";"31/01/2025";"8"
"UNIDADE DE GESTÃO DE GOVERNO E FINANÇAS";"28";"ENCARGOS ESPECIAIS";"846";"OUTROS ENCARGOS ESPECIAIS";"2025";"942";"";"0";"0";"100057708";"RICARDO GIROTTI";"02493366859";"";"5403";"FUNDO MUNICIPAL DE TRANSITO - MULTAS";"33909302";"RESTITUICOES";"INDENIZACOES E/OU RESSARCIMENTOS(P. FISICA).";"138.13";"2025";"L";"16/01/2025";"0";"01/01/2025";"31/01/2025";"8"
"UNIDADE DE GESTÃO DE GOVERNO E FINANÇAS";"28";"ENCARGOS ESPECIAIS";"846";"OUTROS ENCARGOS ESPECIAIS";"2025";"943";"";"0";"0";"100057723";"GABRIEL VINICIUS COSTA";"37887093830";"";"5403";"FUNDO MUNICIPAL DE TRANSITO - MULTAS";"33909302";"RESTITUICOES";"INDENIZACOES E/OU RESSARCIMENTOS(P. FISICA).";"234.77";"2025";"L";"16/01/2025";"0";"01/01/2025";"31/01/2025";"8"
"UNIDADE DE GESTÃO DE PROMOÇÃO DA SAÚDE";"10";"SAÚDE";"303";"SUPORTE PROFILÁTICO E TERAPÊUTICO";"2025";"946";"2023";"378";"14";"100049345";"CRISTÁLIA PRODUTOS QUÍMICOS FARMACÊUTICOS LTDA";"44734671002286";"PREGÃO ELETRÔNICO";"0";"PROPRIA";"33903037";"MEDICAMENTOS FORNECIDOS POR DECISÃO JUDICIAL";"SOMATROPINA 12 UI/2ML. PO LIOFILIZADO INJETAVEL";"89755.9";"2025";"L";"22/01/2025";"0";"01/01/2025";"31/01/2025";"14"
"UNIDADE DE GESTÃO DE PROMOÇÃO DA SAÚDE";"10";"SAÚDE";"303";"SUPORTE PROFILÁTICO E TERAPÊUTICO";"2025";"946";"2023";"378";"14";"100049345";"CRISTÁLIA PRODUTOS QUÍMICOS FARMACÊUTICOS LTDA";"44734671002286";"PREGÃO ELETRÔNICO";"0";"PROPRIA";"33903037";"MEDICAMENTOS FORNECIDOS POR DECISÃO JUDICIAL";"ENOXAPARINA SODICA 60MG SERINGAS PREENCHIDAS";"2524.8";"2025";"L";"24/01/2025";"0";"01/01/2025";"31/01/2025";"14"
"UNIDADE DE GESTÃO DE PROMOÇÃO DA SAÚDE";"10";"SAÚDE";"303";"SUPORTE PROFILÁTICO E TERAPÊUTICO";"2025";"946";"2023";"378";"14";"100049345";"CRISTÁLIA PRODUTOS QUÍMICOS FARMACÊUTICOS LTDA";"44734671002286";"PREGÃO ELETRÔNICO";"0";"PROPRIA";"33903037";"MEDICAMENTOS FORNECIDOS POR DECISÃO JUDICIAL";"RILUZOL 50 MG";"834.4";"2025";"L";"28/01/2025";"0";"01/01/2025";"31/01/2025";"14"
"UNIDADE DE GESTÃO DE PROMOÇÃO DA SAÚDE";"10";"SAÚDE";"303";"SUPORTE PROFILÁTICO E TERAPÊUTICO";"2025";"947";"2023";"378";"14";"100049345";"CRISTÁLIA PRODUTOS QUÍMICOS FARMACÊUTICOS LTDA";"44734671002286";"PREGÃO ELETRÔNICO";"0";"PROPRIA";"33903037";"MEDICAMENTOS FORNECIDOS POR DECISÃO JUDICIAL";"SOMATROPINA 12 UI/2ML. PO LIOFILIZADO INJETAVEL";"11311.3";"2025";"L";"22/01/2025";"0";"01/01/2025";"31/01/2025";"14"
"UNIDADE DE GESTÃO DE PROMOÇÃO DA SAÚDE";"10";"SAÚDE";"303";"SUPORTE PROFILÁTICO E TERAPÊUTICO";"2025";"948";"2023";"378";"14";"100052060";"GEMELI MEDICAL LTDA EPP";"42198801000153";"PREGÃO ELETRÔNICO";"0";"PROPRIA";"33903037";"MEDICAMENTOS FORNECIDOS POR DECISÃO JUDICIAL";"LACOSAMIDA 100MG";"1178.38";"2025";"L";"17/01/2025";"0";"01/01/2025";"31/01/2025";"14"
"UNIDADE DE GESTÃO DE PROMOÇÃO DA SAÚDE";"10";"SAÚDE";"303";"SUPORTE PROFILÁTICO E TERAPÊUTICO";"2025";"948";"2023";"378";"14";"100052060";"GEMELI MEDICAL LTDA EPP";"42198801000153";"PREGÃO ELETRÔNICO";"0";"PROPRIA";"33903037";"MEDICAMENTOS FORNECIDOS POR DECISÃO JUDICIAL";"LACOSAMIDA 200MG";"1684.2";"2025";"L";"17/01/2025";"0";"01/01/2025";"31/01/2025";"14"
"UNIDADE DE GESTÃO DE PROMOÇÃO DA SAÚDE";"10";"SAÚDE";"303";"SUPORTE PROFILÁTICO E TERAPÊUTICO";"2025";"949";"2023";"378";"14";"1008572";"INTERLAB FARMACEUTICA LTDA";"43295831000140";"PREGÃO ELETRÔNICO";"0";"PROPRIA";"33903037";"MEDICAMENTOS FORNECIDOS POR DECISÃO JUDICIAL";"COLECALCIFEROL 2000UI";"96";"2025";"L";"22/01/2025";"0";"01/01/2025";"31/01/2025";"14"
"UNIDADE DE GESTÃO DE PROMOÇÃO DA SAÚDE";"10";"SAÚDE";"303";"SUPORTE PROFILÁTICO E TERAPÊUTICO";"2025";"949";"2023";"378";"14";"1008572";"INTERLAB FARMACEUTICA LTDA";"43295831000140";"PREGÃO ELETRÔNICO";"0";"PROPRIA";"33903037";"MEDICAMENTOS FORNECIDOS POR DECISÃO JUDICIAL";"COLECALCIFEROL 50.000UI COMPRIMIDOS REVESTIDOS";"84.8";"2025";"L";"22/01/2025";"0";"01/01/2025";"31/01/2025";"14"
"UNIDADE DE GESTÃO DE PROMOÇÃO DA SAÚDE";"10";"SAÚDE";"303";"SUPORTE PROFILÁTICO E TERAPÊUTICO";"2025";"949";"2023";"378";"14";"1008572";"INTERLAB FARMACEUTICA LTDA";"43295831000140";"PREGÃO ELETRÔNICO";"0";"PROPRIA";"33903037";"MEDICAMENTOS FORNECIDOS POR DECISÃO JUDICIAL";"VORTIOXETINA 10 MG COMPRIMIDO REVESTIDO";"480";"2025";"L";"22/01/2025";"0";"01/01/2025";"31/01/2025";"14"
"UNIDADE DE GESTÃO DE PROMOÇÃO DA SAÚDE";"10";"SAÚDE";"303";"SUPORTE PROFILÁTICO E TERAPÊUTICO";"2025";"949";"2023";"378";"14";"1008572";"INTERLAB FARMACEUTICA LTDA";"43295831000140";"PREGÃO ELETRÔNICO";"0";"PROPRIA";"33903037";"MEDICAMENTOS FORNECIDOS POR DECISÃO JUDICIAL";"COLECALCIFEROL (VITAMINA D3) 1000UI";"72";"2025";"L";"22/01/2025";"0";"01/01/2025";"31/01/2025";"14"
"UNIDADE DE GESTÃO DE PROMOÇÃO DA SAÚDE";"10";"SAÚDE";"303";"SUPORTE PROFILÁTICO E TERAPÊUTICO";"2025";"949";"2023";"378";"14";"1008572";"INTERLAB FARMACEUTICA LTDA";"43295831000140";"PREGÃO ELETRÔNICO";"0";"PROPRIA";"33903037";"MEDICAMENTOS FORNECIDOS POR DECISÃO JUDICIAL";"CARBAMAZEPINA 400MG CPR DISPERSIVEL DE LIBERACAO PROLONGADA";"3410.4";"2025";"L";"24/01/2025";"0";"01/01/2025";"31/01/2025";"14"
"UNIDADE DE GESTÃO DE PROMOÇÃO DA SAÚDE";"10";"SAÚDE";"303";"SUPORTE PROFILÁTICO E TERAPÊUTICO";"2025";"950";"2023";"378";"14";"1066489";"AGLON COMERCIO E REPRESENTACOES LTDA";"65817900000171";"PREGÃO ELETRÔNICO";"0";"PROPRIA";"33903037";"MEDICAMENTOS FORNECIDOS POR DECISÃO JUDICIAL";"DIOSMINA 900MG + HESPERIDINA 100MG";"660";"2025";"L";"17/01/2025";"0";"01/01/2025";"31/01/2025";"14"
"UNIDADE DE GESTÃO DE PROMOÇÃO DA SAÚDE";"10";"SAÚDE";"303";"SUPORTE PROFILÁTICO E TERAPÊUTICO";"2025";"951";"2023";"378";"14";"1066489";"AGLON COMERCIO E REPRESENTACOES LTDA";"65817900000171";"PREGÃO ELETRÔNICO";"0";"PROPRIA";"33903037";"MEDICAMENTOS FORNECIDOS POR DECISÃO JUDICIAL";"AFLIBERCEPTE 40 MG/ML SOLUCAO INJETAVEL COM 0.278 ML";"3217.2";"2025";"L";"17/01/2025";"0";"01/01/2025";"31/01/2025";"14"
"UNIDADE DE GESTÃO DE PROMOÇÃO DA SAÚDE";"10";"SAÚDE";"303";"SUPORTE PROFILÁTICO E TERAPÊUTICO";"2025";"952";"2023";"378";"14";"100015325";"FUTURA COM. PRODS. MED. HOSPIT. LTDA";"08231734000193";"PREGÃO ELETRÔNICO";"0";"PROPRIA";"33903037";"MEDICAMENTOS FORNECIDOS POR DECISÃO JUDICIAL";"LINAGLIPTINA 2.5MG + METFORMINA 850MG COMPRIMIDOS REVESTIDOS";"715.75";"2025";"L";"17/01/2025";"0";"01/01/2025";"31/01/2025";"14"
"UNIDADE DE GESTÃO DE ADMINIST. E GESTÃO DE PESSOAS";"4";"ADMINISTRAÇÃO";"122";"ADMINISTRAÇÃO GERAL";"2025";"960";"2020";"2377";"1";"100031988";"SÃO PAULO CONSIG LTDA";"14265552000136";"COMPRA DIRETA";"0";"PROPRIA";"33903905";"SERVICOS TECNICOS PROFISSIONAIS";"PREST.DE SERV.DE ADM E GERENCIAMENTO DE MARGENS CONSIGNAVEIS";"10";"2025";"L";"20/01/2025";"0";"01/01/2025";"31/01/2025";"7"
"UNIDADE DE GESTÃO DE PROMOÇÃO DA SAÚDE";"10";"SAÚDE";"302";"ASSISTÊNCIA HOSPITALAR E AMBULATORIAL";"2025";"969";"";"0";"0";"100045248";"GABRIELA CHAGAS COELHO";"47042275888";"";"0";"PROPRIA";"33909302";"RESTITUICOES";"INDENIZACOES E/OU RESSARCIMENTOS(P. FISICA).";"200";"2025";"L";"16/01/2025";"0";"01/01/2025";"31/01/2025";"14"
"UNIDADE DE GESTÃO DE CULTURA";"4";"ADMINISTRAÇÃO";"122";"ADMINISTRAÇÃO GERAL";"2025";"970";"";"0";"0";"100053016";"PMJ-FERNANDO COSTA BRAGA";"18633651840";"";"0";"PROPRIA";"33903099";"OUTROS MATERIAIS DE CONSUMO";"ADIANTAMENTOS(SERVIDORES).";"400";"2025";"L";"15/01/2025";"0";"01/01/2025";"31/01/2025";"22"
"UNIDADE DE GESTÃO DE CULTURA";"4";"ADMINISTRAÇÃO";"122";"ADMINISTRAÇÃO GERAL";"2025";"971";"";"0";"0";"100053016";"PMJ-FERNANDO COSTA BRAGA";"18633651840";"";"0";"PROPRIA";"33903999";"OUTROS SERVICOS DE TERCEIROS - PESSOA JURIDICA";"ADIANTAMENTOS(SERVIDORES).";"1000";"2025";"L";"15/01/2025";"0";"01/01/2025";"31/01/2025";"22"
"UNIDADE GESTÃO DE ASSISTÊNCIA E DESENVOLV. SOCIAL";"8";"ASSISTÊNCIA SOCIAL";"244";"ASSISTÊNCIA COMUNITÁRIA";"2025";"977";"";"0";"0";"100054741";"DERALDO CERQUEIRA DA SILVA";"00467028575";"";"5174";"FEAS/COFIN. ESTADUAL DE BENEFÍCIOS EVENTUAIS";"33904899";"DEMAIS AUXÍLIOS FINANCEIROS A PESSOAS FÍSICAS";"AUXILIO VULNERABILIDADE";"988.4";"2025";"L";"21/01/2025";"0";"01/01/2025";"31/01/2025";"15"
"UNIDADE GESTÃO DE ASSISTÊNCIA E DESENVOLV. SOCIAL";"8";"ASSISTÊNCIA SOCIAL";"244";"ASSISTÊNCIA COMUNITÁRIA";"2025";"978";"";"0";"0";"100051758";"DANIELA BARBOSA DE LIMA";"33528587806";"";"5174";"FEAS/COFIN. ESTADUAL DE BENEFÍCIOS EVENTUAIS";"33904899";"DEMAIS AUXÍLIOS FINANCEIROS A PESSOAS FÍSICAS";"AUXILIO VULNERABILIDADE";"423.6";"2025";"L";"21/01/2025";"0";"01/01/2025";"31/01/2025";"15"
"UNIDADE GESTÃO DE ASSISTÊNCIA E DESENVOLV. SOCIAL";"8";"ASSISTÊNCIA SOCIAL";"244";"ASSISTÊNCIA COMUNITÁRIA";"2025";"981";"";"0";"0";"100052420";"IDELFONSO DANIEL ANUNCIACAO";"53594183890";"";"5174";"FEAS/COFIN. ESTADUAL DE BENEFÍCIOS EVENTUAIS";"33904899";"DEMAIS AUXÍLIOS FINANCEIROS A PESSOAS FÍSICAS";"AUXILIO VULNERABILIDADE";"988.4";"2025";"L";"21/01/2025";"0";"01/01/2025";"31/01/2025";"15"
"UNIDADE GESTÃO DE ASSISTÊNCIA E DESENVOLV. SOCIAL";"8";"ASSISTÊNCIA SOCIAL";"244";"ASSISTÊNCIA COMUNITÁRIA";"2025";"982";"";"0";"0";"100056480";"ROSANGELA LOPES PEREIRA";"11774874890";"";"5174";"FEAS/COFIN. ESTADUAL DE BENEFÍCIOS EVENTUAIS";"33904899";"DEMAIS AUXÍLIOS FINANCEIROS A PESSOAS FÍSICAS";"AUXILIO VULNERABILIDADE";"988.4";"2025";"L";"21/01/2025";"0";"01/01/2025";"31/01/2025";"15"
"UNIDADE GESTÃO DE ASSISTÊNCIA E DESENVOLV. SOCIAL";"8";"ASSISTÊNCIA SOCIAL";"244";"ASSISTÊNCIA COMUNITÁRIA";"2025";"983";"";"0";"0";"100051287";"THAIARA COSTA DE ARAUJO";"49898184825";"";"5174";"FEAS/COFIN. ESTADUAL DE BENEFÍCIOS EVENTUAIS";"33904899";"DEMAIS AUXÍLIOS FINANCEIROS A PESSOAS FÍSICAS";"AUXILIO VULNERABILIDADE";"988.4";"2025";"L";"21/01/2025";"0";"01/01/2025";"31/01/2025";"15"
"UNIDADE GESTÃO DE ASSISTÊNCIA E DESENVOLV. SOCIAL";"8";"ASSISTÊNCIA SOCIAL";"244";"ASSISTÊNCIA COMUNITÁRIA";"2025";"984";"";"0";"0";"100056606";"JULIA PANSANI CECCATO";"25889546856";"";"5174";"FEAS/COFIN. ESTADUAL DE BENEFÍCIOS EVENTUAIS";"33904899";"DEMAIS AUXÍLIOS FINANCEIROS A PESSOAS FÍSICAS";"AUXILIO VULNERABILIDADE";"706";"2025";"L";"21/01/2025";"0";"01/01/2025";"31/01/2025";"15"
"UNIDADE GESTÃO DE ASSISTÊNCIA E DESENVOLV. SOCIAL";"8";"ASSISTÊNCIA SOCIAL";"244";"ASSISTÊNCIA COMUNITÁRIA";"2025";"986";"";"0";"0";"100037299";"BRUNA SILVA DE MARCHI";"35237904840";"";"5174";"FEAS/COFIN. ESTADUAL DE BENEFÍCIOS EVENTUAIS";"33904899";"DEMAIS AUXÍLIOS FINANCEIROS A PESSOAS FÍSICAS";"AUXILIO VULNERABILIDADE";"423.6";"2025";"L";"21/01/2025";"0";"01/01/2025";"31/01/2025";"15"
"UNIDADE DE GESTÃO DE PROMOÇÃO DA SAÚDE";"10";"SAÚDE";"305";"VIGILÂNCIA EPIDEMIOLÓGICA";"2025";"989";"2024";"2";"14";"100005039";"PORTAL LTDA";"05005873000100";"PREGÃO ELETRÔNICO";"5004";"FUNDO NACIONAL SAUDE-TETO FIN.EPID.E CONTR.DOENCAS";"33903009";"MATERIAL FARMACOLOGICO";"VALACICLOVIR 500 MG";"8060";"2025";"L";"31/01/2025";"0";"01/01/2025";"31/01/2025";"14"
"UNIDADE DE GESTÃO DE PROMOÇÃO DA SAÚDE";"10";"SAÚDE";"305";"VIGILÂNCIA EPIDEMIOLÓGICA";"2025";"992";"2024";"2";"14";"100049345";"CRISTÁLIA PRODUTOS QUÍMICOS FARMACÊUTICOS LTDA";"44734671002286";"PREGÃO ELETRÔNICO";"5004";"FUNDO NACIONAL SAUDE-TETO FIN.EPID.E CONTR.DOENCAS";"33903009";"MATERIAL FARMACOLOGICO";"CABERGOLINA 0.5 MG";"124.8";"2025";"L";"31/01/2025";"0";"01/01/2025";"31/01/2025";"14"
"UNIDADE DE GESTÃO DE PROMOÇÃO DA SAÚDE";"10";"SAÚDE";"305";"VIGILÂNCIA EPIDEMIOLÓGICA";"2025";"993";"2024";"2";"14";"100049345";"CRISTÁLIA PRODUTOS QUÍMICOS FARMACÊUTICOS LTDA";"44734671002286";"PREGÃO ELETRÔNICO";"5004";"FUNDO NACIONAL SAUDE-TETO FIN.EPID.E CONTR.DOENCAS";"33903009";"MATERIAL FARMACOLOGICO";"CABERGOLINA 0.5 MG";"249.6";"2025";"L";"31/01/2025";"0";"01/01/2025";"31/01/2025";"14"
"UNIDADE DE GESTÃO DE PROMOÇÃO DA SAÚDE";"10";"SAÚDE";"302";"ASSISTÊNCIA HOSPITALAR E AMBULATORIAL";"2025";"998";"";"0";"0";"100038277";"VANUSIA PEREIRA DA SILVA LOPES";"10268298874";"";"0";"PROPRIA";"33909314";"RESSARCIMENTO DE PASSAGENS E DESPESAS COM LOCOMOÇÃ";"INDENIZACOES E/OU RESSARCIMENTOS(P. FISICA).";"952.42";"2025";"L";"17/01/2025";"0";"01/01/2025";"31/01/2025";"14"
"UNIDADE DE GESTÃO DA CASA CIVIL";"4";"ADMINISTRAÇÃO";"122";"ADMINISTRAÇÃO GERAL";"2025";"1006";"";"0";"0";"100002650";"COMPANHIA PIRATININGA DE FORCA E LUZ";"04172213000151";"";"0";"PROPRIA";"33903999";"OUTROS SERVICOS DE TERCEIROS - PESSOA JURIDICA";"ENERGIA ELETRICA(TAXAS E TAR.).";"2492.33";"2025";"L";"17/01/2025";"0";"01/01/2025";"31/01/2025";"3"
"UNIDADE DE GESTÃO DA CASA CIVIL";"6";"SEGURANÇA PÚBLICA";"181";"POLICIAMENTO";"2025";"1008";"";"0";"0";"100002650";"COMPANHIA PIRATININGA DE FORCA E LUZ";"04172213000151";"";"0";"PROPRIA";"33903999";"OUTROS SERVICOS DE TERCEIROS - PESSOA JURIDICA";"ENERGIA ELETRICA(TAXAS E TAR.).";"1388.07";"2025";"L";"15/01/2025";"0";"01/01/2025";"31/01/2025";"3"
"UNIDADE DE GESTÃO DA CASA CIVIL";"6";"SEGURANÇA PÚBLICA";"181";"POLICIAMENTO";"2025";"1008";"";"0";"0";"100002650";"COMPANHIA PIRATININGA DE FORCA E LUZ";"04172213000151";"";"0";"PROPRIA";"33903999";"OUTROS SERVICOS DE TERCEIROS - PESSOA JURIDICA";"ENERGIA ELETRICA(TAXAS E TAR.).";"266.24";"2025";"L";"15/01/2025";"0";"01/01/2025";"31/01/2025";"3"
"UNIDADE DE GESTÃO DA CASA CIVIL";"6";"SEGURANÇA PÚBLICA";"181";"POLICIAMENTO";"2025";"1008";"";"0";"0";"100002650";"COMPANHIA PIRATININGA DE FORCA E LUZ";"04172213000151";"";"0";"PROPRIA";"33903999";"OUTROS SERVICOS DE TERCEIROS - PESSOA JURIDICA";"ENERGIA ELETRICA(TAXAS E TAR.).";"59.11";"2025";"L";"22/01/2025";"0";"01/01/2025";"31/01/2025";"3"
"UNIDADE DE GESTÃO DE EDUCAÇÃO";"12";"EDUCAÇÃO";"361";"ENSINO FUNDAMENTAL";"2025";"1009";"";"0";"0";"100009098";"UNDIME-UNIAO DOS DIRIGENTES MUNIC.EDUC.EST.S.PAULO";"59480558000164";"";"0";"PROPRIA";"33903999";"OUTROS SERVICOS DE TERCEIROS - PESSOA JURIDICA";"CONTRIBUICOES(P. JURIDICAS).";"8765";"2025";"L";"24/01/2025";"0";"01/01/2025";"31/01/2025";"13"
"UNIDADE DE GESTÃO DE PROMOÇÃO DA SAÚDE";"10";"SAÚDE";"302";"ASSISTÊNCIA HOSPITALAR E AMBULATORIAL";"2025";"1011";"";"0";"0";"100036530";"JOSÉ EDUARDO DOMINGUES";"04130665847";"";"0";"PROPRIA";"33909302";"RESTITUICOES";"INDENIZACOES E/OU RESSARCIMENTOS(P. FISICA).";"110";"2025";"L";"17/01/2025";"0";"01/01/2025";"31/01/2025";"14"
"UNIDADE DE GESTÃO DE PROMOÇÃO DA SAÚDE";"10";"SAÚDE";"302";"ASSISTÊNCIA HOSPITALAR E AMBULATORIAL";"2025";"1012";"";"0";"0";"100036530";"JOSÉ EDUARDO DOMINGUES";"04130665847";"";"0";"PROPRIA";"33909302";"RESTITUICOES";"INDENIZACOES E/OU RESSARCIMENTOS(P. FISICA).";"80";"2025";"L";"17/01/2025";"0";"01/01/2025";"31/01/2025";"14"
"UNIDADE DE GESTÃO DA CASA CIVIL";"6";"SEGURANÇA PÚBLICA";"181";"POLICIAMENTO";"2025";"1016";"2019";"9";"6";"100039534";"JOSE MAURICIO PETTIAN E OUTRA";"77242165849";"DISPENSA DE LICITACAO";"0";"PROPRIA";"33903615";"LOCACAO DE IMOVEIS";"LOCACAO-IMOVEL - EQUIPE PER.MED-LEGAIS";"3000";"2025";"L";"30/01/2025";"0";"01/01/2025";"31/01/2025";"3"
"UNIDADE DE GESTÃO DA CASA CIVIL";"6";"SEGURANÇA PÚBLICA";"181";"POLICIAMENTO";"2025";"1017";"2008";"62";"6";"100023797";"DUMONT GOULART PARTIC.ADMINIST.BENS PROPRIOS S/A";"13028997000130";"DISPENSA DE LICITACAO";"0";"PROPRIA";"33903910";"LOCACAO DE IMOVEIS";"LOCACAO-IMOVEL";"16000";"2025";"L";"30/01/2025";"0";"01/01/2025";"31/01/2025";"3"
"UNIDADE DE GESTÃO DE PROMOÇÃO DA SAÚDE";"10";"SAÚDE";"301";"ATENÇÃO BÁSICA";"2025";"1034";"";"0";"0";"100048630";"MONIZE REZENDE DE SOUSA";"11040711693";"";"0";"PROPRIA";"33904899";"DEMAIS AUXÍLIOS FINANCEIROS A PESSOAS FÍSICAS";"AJUDA DE CUSTO";"1100";"2025";"L";"27/01/2025";"0";"01/01/2025";"31/01/2025";"14"
"UNIDADE DE GESTÃO DE PROMOÇÃO DA SAÚDE";"10";"SAÚDE";"301";"ATENÇÃO BÁSICA";"2025";"1035";"";"0";"0";"100049175";"LANA MAYARA MENESES LUSTOSA VARGAS";"05386057316";"";"0";"PROPRIA";"33904899";"DEMAIS AUXÍLIOS FINANCEIROS A PESSOAS FÍSICAS";"AJUDA DE CUSTO";"1100";"2025";"L";"27/01/2025";"0";"01/01/2025";"31/01/2025";"14"
"UNIDADE DE GESTÃO DA CASA CIVIL";"4";"ADMINISTRAÇÃO";"122";"ADMINISTRAÇÃO GERAL";"2025";"1043";"2023";"384";"14";"100046763";"29.984.504 GESLEY LIMA BARBOSA ME";"29984504000175";"PREGÃO ELETRÔNICO";"0";"PROPRIA";"33903007";"GENEROS DE ALIMENTACAO";"AGUA MINERAL SEM GAS. GARRAFA DESCARTAVEL COM 510 ML.";"276";"2025";"L";"20/01/2025";"0";"01/01/2025";"31/01/2025";"3"
"UNIDADE DE GESTÃO DA CASA CIVIL";"4";"ADMINISTRAÇÃO";"122";"ADMINISTRAÇÃO GERAL";"2025";"1044";"2023";"384";"14";"100051699";"C C IGNACIO FIGUEIREDO ME";"51836772000107";"PREGÃO ELETRÔNICO";"0";"PROPRIA";"33903007";"GENEROS DE ALIMENTACAO";"AGUA MINERAL SEM GAS. EMBALAGEM DESCARTAVEL COM 200 ML.";"278.4";"2025";"L";"30/01/2025";"0";"01/01/2025";"31/01/2025";"3"
"UNIDADE DE GESTÃO DE PROMOÇÃO DA SAÚDE";"10";"SAÚDE";"302";"ASSISTÊNCIA HOSPITALAR E AMBULATORIAL";"2025";"1045";"2023";"434";"14";"100009165";"FRESENIUS KABI BRASIL LTDA.";"49324221000104";"PREGÃO ELETRÔNICO";"0";"PROPRIA";"33903299";"OUTROS MATERIAIS DE DISTRIBUIÇÃO GRATUITA";"SUPLEMENTO ORAL. HIPERCALORICO E HIPERPROTEICO";"48153.6";"2025";"L";"30/01/2025";"0";"01/01/2025";"31/01/2025";"14"
"UNIDADE DE GESTÃO DE PROMOÇÃO DA SAÚDE";"10";"SAÚDE";"302";"ASSISTÊNCIA HOSPITALAR E AMBULATORIAL";"2025";"1045";"2023";"434";"14";"100009165";"FRESENIUS KABI BRASIL LTDA.";"49324221000104";"PREGÃO ELETRÔNICO";"0";"PROPRIA";"33903299";"OUTROS MATERIAIS DE DISTRIBUIÇÃO GRATUITA";"EMULSAO DE LIPIDEOS";"1670.4";"2025";"L";"30/01/2025";"0";"01/01/2025";"31/01/2025";"14"
"UNIDADE DE GESTÃO DE PROMOÇÃO DA SAÚDE";"10";"SAÚDE";"302";"ASSISTÊNCIA HOSPITALAR E AMBULATORIAL";"2025";"1048";"2023";"434";"14";"1023613";"NUNESFARMA PRODUTOS FARMACÊUTICOS LTDA.";"75014167000100";"PREGÃO ELETRÔNICO";"0";"PROPRIA";"33903299";"OUTROS MATERIAIS DE DISTRIBUIÇÃO GRATUITA";"DIETA ENTERAL INFANTIL ORAL/ENTERAL A BASE DE PEPTIDEO";"17328";"2025";"L";"30/01/2025";"0";"01/01/2025";"31/01/2025";"14"
"UNIDADE DE GESTÃO DE PROMOÇÃO DA SAÚDE";"10";"SAÚDE";"302";"ASSISTÊNCIA HOSPITALAR E AMBULATORIAL";"2025";"1053";"2023";"434";"14";"100045176";"MB COM DE PROD NUTRIC E HOSPITALARES LTDA";"40613881000130";"PREGÃO ELETRÔNICO";"0";"PROPRIA";"33903299";"OUTROS MATERIAIS DE DISTRIBUIÇÃO GRATUITA";"ESPESSANTE ALIMENTAR EM PO";"3900";"2025";"L";"30/01/2025";"0";"01/01/2025";"31/01/2025";"14"
"UNIDADE DE GESTÃO DE PROMOÇÃO DA SAÚDE";"10";"SAÚDE";"302";"ASSISTÊNCIA HOSPITALAR E AMBULATORIAL";"2025";"1055";"2023";"434";"14";"100031711";"NEWCARE COM DE MAT CIRURGICOS E HOSP LTDA";"07707978000137";"PREGÃO ELETRÔNICO";"0";"PROPRIA";"33903299";"OUTROS MATERIAIS DE DISTRIBUIÇÃO GRATUITA";"FRASCO DESCARTAVEL PARA DIETA ENTERAL (300ML)";"8064";"2025";"L";"30/01/2025";"0";"01/01/2025";"31/01/2025";"14"
"UNIDADE DE GESTÃO DE PROMOÇÃO DA SAÚDE";"10";"SAÚDE";"301";"ATENÇÃO BÁSICA";"2025";"1079";"";"0";"0";"100044328";"PEDRO HENRIQUE OMENA CELESTINO";"01014051118";"";"0";"PROPRIA";"33904899";"DEMAIS AUXÍLIOS FINANCEIROS A PESSOAS FÍSICAS";"AJUDA DE CUSTO";"4037.6";"2025";"L";"27/01/2025";"0";"01/01/2025";"31/01/2025";"14"
"UNIDADE DE GESTÃO DE PROMOÇÃO DA SAÚDE";"10";"SAÚDE";"301";"ATENÇÃO BÁSICA";"2025";"1080";"";"0";"0";"100049624";"AUDELIO TORRES JIMENEZ";"06722763137";"";"0";"PROPRIA";"33904899";"DEMAIS AUXÍLIOS FINANCEIROS A PESSOAS FÍSICAS";"AJUDA DE CUSTO";"4037.6";"2025";"L";"27/01/2025";"0";"01/01/2025";"31/01/2025";"14"
"UNIDADE DE GESTÃO DE PROMOÇÃO DA SAÚDE";"10";"SAÚDE";"301";"ATENÇÃO BÁSICA";"2025";"1081";"";"0";"0";"100052246";"YORDANYS PEREZ DAUDINOT";"06600977108";"";"0";"PROPRIA";"33904899";"DEMAIS AUXÍLIOS FINANCEIROS A PESSOAS FÍSICAS";"AJUDA DE CUSTO";"4037.6";"2025";"L";"27/01/2025";"0";"01/01/2025";"31/01/2025";"14"
"UNIDADE DE GESTÃO DE PROMOÇÃO DA SAÚDE";"10";"SAÚDE";"301";"ATENÇÃO BÁSICA";"2025";"1082";"";"0";"0";"100052247";"XIOMARA HINOJOSA FURONES";"08108777160";"";"0";"PROPRIA";"33904899";"DEMAIS AUXÍLIOS FINANCEIROS A PESSOAS FÍSICAS";"AJUDA DE CUSTO";"4015.3";"2025";"L";"27/01/2025";"0";"01/01/2025";"31/01/2025";"14"
"UNIDADE DE GESTÃO DE PROMOÇÃO DA SAÚDE";"10";"SAÚDE";"301";"ATENÇÃO BÁSICA";"2025";"1083";"";"0";"0";"100052248";"LARISSA DE ASSIS TIMPONE";"22963446829";"";"0";"PROPRIA";"33904899";"DEMAIS AUXÍLIOS FINANCEIROS A PESSOAS FÍSICAS";"AJUDA DE CUSTO";"4037.6";"2025";"L";"27/01/2025";"0";"01/01/2025";"31/01/2025";"14"
"UNIDADE DE GESTÃO DE PROMOÇÃO DA SAÚDE";"10";"SAÚDE";"301";"ATENÇÃO BÁSICA";"2025";"1084";"";"0";"0";"100052249";"ANA PAULA CARVALHO SILVA";"04026583104";"";"0";"PROPRIA";"33904899";"DEMAIS AUXÍLIOS FINANCEIROS A PESSOAS FÍSICAS";"AJUDA DE CUSTO";"3881.52";"2025";"L";"27/01/2025";"0";"01/01/2025";"31/01/2025";"14"
"UNIDADE DE GESTÃO DE PROMOÇÃO DA SAÚDE";"10";"SAÚDE";"301";"ATENÇÃO BÁSICA";"2025";"1085";"";"0";"0";"100053039";"CÁSSIA REGINA GARCIA GUTIERREZ";"36929809810";"";"0";"PROPRIA";"33904899";"DEMAIS AUXÍLIOS FINANCEIROS A PESSOAS FÍSICAS";"AJUDA DE CUSTO";"4037.6";"2025";"L";"27/01/2025";"0";"01/01/2025";"31/01/2025";"14"
"UNIDADE DE GESTÃO DE PROMOÇÃO DA SAÚDE";"10";"SAÚDE";"301";"ATENÇÃO BÁSICA";"2025";"1086";"";"0";"0";"100053041";"GEISIELLE KAWANE DA SILVA";"44330056810";"";"0";"PROPRIA";"33904899";"DEMAIS AUXÍLIOS FINANCEIROS A PESSOAS FÍSICAS";"AJUDA DE CUSTO";"3959.56";"2025";"L";"27/01/2025";"0";"01/01/2025";"31/01/2025";"14"
"UNIDADE DE GESTÃO DE PROMOÇÃO DA SAÚDE";"10";"SAÚDE";"301";"ATENÇÃO BÁSICA";"2025";"1087";"";"0";"0";"100053044";"IANCA JAIANA SILVA";"45293877801";"";"0";"PROPRIA";"33904899";"DEMAIS AUXÍLIOS FINANCEIROS A PESSOAS FÍSICAS";"AJUDA DE CUSTO";"3814.63";"2025";"L";"27/01/2025";"0";"01/01/2025";"31/01/2025";"14"
"UNIDADE DE GESTÃO DE PROMOÇÃO DA SAÚDE";"10";"SAÚDE";"301";"ATENÇÃO BÁSICA";"2025";"1088";"";"0";"0";"100053040";"ELIAS DE BRITO DA SILVA";"02706222255";"";"0";"PROPRIA";"33904899";"DEMAIS AUXÍLIOS FINANCEIROS A PESSOAS FÍSICAS";"AJUDA DE CUSTO";"3859.22";"2025";"L";"27/01/2025";"0";"01/01/2025";"31/01/2025";"14"
"UNIDADE DE GESTÃO DE PROMOÇÃO DA SAÚDE";"10";"SAÚDE";"301";"ATENÇÃO BÁSICA";"2025";"1089";"";"0";"0";"100053045";"ROSEMEIRE APARECIDA BATISTA MOTA";"29035389808";"";"0";"PROPRIA";"33904899";"DEMAIS AUXÍLIOS FINANCEIROS A PESSOAS FÍSICAS";"AJUDA DE CUSTO";"3792.33";"2025";"L";"27/01/2025";"0";"01/01/2025";"31/01/2025";"14"
"UNIDADE DE GESTÃO DE PROMOÇÃO DA SAÚDE";"10";"SAÚDE";"301";"ATENÇÃO BÁSICA";"2025";"1090";"";"0";"0";"100054466";"SIDNEY ALVAREZ FILHO";"60272060399";"";"0";"PROPRIA";"33904899";"DEMAIS AUXÍLIOS FINANCEIROS A PESSOAS FÍSICAS";"AJUDA DE CUSTO";"4037.6";"2025";"L";"27/01/2025";"0";"01/01/2025";"31/01/2025";"14"
"UNIDADE DE GESTÃO DE PROMOÇÃO DA SAÚDE";"10";"SAÚDE";"301";"ATENÇÃO BÁSICA";"2025";"1091";"";"0";"0";"100054474";"MILENA KADAR AQUINO";"03512054110";"";"0";"PROPRIA";"33904899";"DEMAIS AUXÍLIOS FINANCEIROS A PESSOAS FÍSICAS";"AJUDA DE CUSTO";"3981.86";"2025";"L";"27/01/2025";"0";"01/01/2025";"31/01/2025";"14"
"UNIDADE DE GESTÃO DE PROMOÇÃO DA SAÚDE";"10";"SAÚDE";"301";"ATENÇÃO BÁSICA";"2025";"1092";"";"0";"0";"100054479";"WANDEMARCIA DAS NEVES";"40918084172";"";"0";"PROPRIA";"33904899";"DEMAIS AUXÍLIOS FINANCEIROS A PESSOAS FÍSICAS";"AJUDA DE CUSTO";"4037.6";"2025";"L";"27/01/2025";"0";"01/01/2025";"31/01/2025";"14"
"UNIDADE DE GESTÃO DE PROMOÇÃO DA SAÚDE";"10";"SAÚDE";"301";"ATENÇÃO BÁSICA";"2025";"1093";"";"0";"0";"100054482";"HENRIQUE TORRES";"03157982036";"";"0";"PROPRIA";"33904899";"DEMAIS AUXÍLIOS FINANCEIROS A PESSOAS FÍSICAS";"AJUDA DE CUSTO";"4004.15";"2025";"L";"27/01/2025";"0";"01/01/2025";"31/01/2025";"14"
"UNIDADE DE GESTÃO DE PROMOÇÃO DA SAÚDE";"10";"SAÚDE";"301";"ATENÇÃO BÁSICA";"2025";"1094";"";"0";"0";"100055829";"CAMILA MACHADO DOMINGUES";"04643698195";"";"0";"PROPRIA";"33904899";"DEMAIS AUXÍLIOS FINANCEIROS A PESSOAS FÍSICAS";"AJUDA DE CUSTO";"4037.6";"2025";"L";"27/01/2025";"0";"01/01/2025";"31/01/2025";"14"
"UNIDADE DE GESTÃO DE PROMOÇÃO DA SAÚDE";"10";"SAÚDE";"302";"ASSISTÊNCIA HOSPITALAR E AMBULATORIAL";"2025";"1095";"";"0";"0";"100002020";"CTO.ESPEC.TRAT.DEP.ALCOOL E DROGAS CEAD";"03302793000191";"";"0";"PROPRIA";"33503956";"OUTROS SERVIÇOS DE ASSISTÊNCIA À SAÚDE";"SERVICOS DE SAUDE(P. JURIDICAS).";"207056.96";"2025";"L";"16/01/2025";"0";"01/01/2025";"31/01/2025";"14"
"UNIDADE DE GESTÃO DE PROMOÇÃO DA SAÚDE";"10";"SAÚDE";"302";"ASSISTÊNCIA HOSPITALAR E AMBULATORIAL";"2025";"1096";"";"0";"0";"100002020";"CTO.ESPEC.TRAT.DEP.ALCOOL E DROGAS CEAD";"03302793000191";"";"5001";"FUNDO NACIONAL DE SAUDE - MS/SAS";"33503956";"OUTROS SERVIÇOS DE ASSISTÊNCIA À SAÚDE";"SERVICOS DE SAUDE(P. JURIDICAS).";"71875";"2025";"L";"16/01/2025";"0";"01/01/2025";"31/01/2025";"14"
"UNIDADE GESTÃO DE ASSISTÊNCIA E DESENVOLV. SOCIAL";"8";"ASSISTÊNCIA SOCIAL";"244";"ASSISTÊNCIA COMUNITÁRIA";"2025";"1099";"";"0";"0";"100056821";"ANA SENHORINHA DO CARMO SAMPAIO";"01387008854";"";"0";"PROPRIA";"33904899";"DEMAIS AUXÍLIOS FINANCEIROS A PESSOAS FÍSICAS";"AUXILIO VULNERABILIDADE";"988.4";"2025";"L";"21/01/2025";"0";"01/01/2025";"31/01/2025";"15"
"UNIDADE GESTÃO DE ASSISTÊNCIA E DESENVOLV. SOCIAL";"8";"ASSISTÊNCIA SOCIAL";"244";"ASSISTÊNCIA COMUNITÁRIA";"2025";"1100";"";"0";"0";"100056820";"TALITA DE ANDRADE SILVA";"38116166840";"";"0";"PROPRIA";"33904899";"DEMAIS AUXÍLIOS FINANCEIROS A PESSOAS FÍSICAS";"AUXILIO VULNERABILIDADE";"423.6";"2025";"L";"21/01/2025";"0";"01/01/2025";"31/01/2025";"15"
"UNIDADE GESTÃO DE ASSISTÊNCIA E DESENVOLV. SOCIAL";"8";"ASSISTÊNCIA SOCIAL";"244";"ASSISTÊNCIA COMUNITÁRIA";"2025";"1101";"";"0";"0";"100040001";"LUANA FERNANDA FRANCO VIANA";"43182639838";"";"0";"PROPRIA";"33904899";"DEMAIS AUXÍLIOS FINANCEIROS A PESSOAS FÍSICAS";"AUXILIO VULNERABILIDADE";"423.6";"2025";"L";"21/01/2025";"0";"01/01/2025";"31/01/2025";"15"
"UNIDADE GESTÃO DE ASSISTÊNCIA E DESENVOLV. SOCIAL";"8";"ASSISTÊNCIA SOCIAL";"244";"ASSISTÊNCIA COMUNITÁRIA";"2025";"1102";"";"0";"0";"100056823";"BIONDA GABRIELI DA SILVA";"50331980843";"";"0";"PROPRIA";"33904899";"DEMAIS AUXÍLIOS FINANCEIROS A PESSOAS FÍSICAS";"AUXILIO VULNERABILIDADE";"423.6";"2025";"L";"21/01/2025";"0";"01/01/2025";"31/01/2025";"15"
"UNIDADE GESTÃO DE ASSISTÊNCIA E DESENVOLV. SOCIAL";"8";"ASSISTÊNCIA SOCIAL";"244";"ASSISTÊNCIA COMUNITÁRIA";"2025";"1103";"";"0";"0";"100056825";"ANDRESSA RUFINO FERREIRA";"38603571821";"";"0";"PROPRIA";"33904899";"DEMAIS AUXÍLIOS FINANCEIROS A PESSOAS FÍSICAS";"AUXILIO VULNERABILIDADE";"706";"2025";"L";"21/01/2025";"0";"01/01/2025";"31/01/2025";"15"
"UNIDADE GESTÃO DE ASSISTÊNCIA E DESENVOLV. SOCIAL";"8";"ASSISTÊNCIA SOCIAL";"244";"ASSISTÊNCIA COMUNITÁRIA";"2025";"1104";"";"0";"0";"100056826";"SUELLEN MARIA DO NASCIMENTO";"46732308840";"";"0";"PROPRIA";"33904899";"DEMAIS AUXÍLIOS FINANCEIROS A PESSOAS FÍSICAS";"AUXILIO VULNERABILIDADE";"706";"2025";"L";"21/01/2025";"0";"01/01/2025";"31/01/2025";"15"
"UNIDADE GESTÃO DE ASSISTÊNCIA E DESENVOLV. SOCIAL";"8";"ASSISTÊNCIA SOCIAL";"244";"ASSISTÊNCIA COMUNITÁRIA";"2025";"1105";"";"0";"0";"100056819";"ELLEN APARECIDA BARBOSA";"40181019884";"";"0";"PROPRIA";"33904899";"DEMAIS AUXÍLIOS FINANCEIROS A PESSOAS FÍSICAS";"AUXILIO VULNERABILIDADE";"706";"2025";"L";"21/01/2025";"0";"01/01/2025";"31/01/2025";"15"
"UNIDADE GESTÃO DE ASSISTÊNCIA E DESENVOLV. SOCIAL";"8";"ASSISTÊNCIA SOCIAL";"244";"ASSISTÊNCIA COMUNITÁRIA";"2025";"1106";"";"0";"0";"100047179";"MARCILENE RODRIGUES FELIPPE";"36351214874";"";"0";"PROPRIA";"33904899";"DEMAIS AUXÍLIOS FINANCEIROS A PESSOAS FÍSICAS";"AUXILIO VULNERABILIDADE";"423.6";"2025";"L";"21/01/2025";"0";"01/01/2025";"31/01/2025";"15"
"UNIDADE GESTÃO DE ASSISTÊNCIA E DESENVOLV. SOCIAL";"8";"ASSISTÊNCIA SOCIAL";"244";"ASSISTÊNCIA COMUNITÁRIA";"2025";"1107";"";"0";"0";"100040157";"REGIANE APARECIDA TOBIAS";"25239409811";"";"0";"PROPRIA";"33904899";"DEMAIS AUXÍLIOS FINANCEIROS A PESSOAS FÍSICAS";"AUXILIO VULNERABILIDADE";"988.4";"2025";"L";"21/01/2025";"0";"01/01/2025";"31/01/2025";"15"
"UNIDADE GESTÃO DE ASSISTÊNCIA E DESENVOLV. SOCIAL";"8";"ASSISTÊNCIA SOCIAL";"244";"ASSISTÊNCIA COMUNITÁRIA";"2025";"1108";"";"0";"0";"100039282";"JESSICA APARECIDA DE MORAIS";"23422836870";"";"0";"PROPRIA";"33904899";"DEMAIS AUXÍLIOS FINANCEIROS A PESSOAS FÍSICAS";"AUXILIO VULNERABILIDADE";"988.4";"2025";"L";"21/01/2025";"0";"01/01/2025";"31/01/2025";"15"
"UNIDADE DE GESTÃO DE PROMOÇÃO DA SAÚDE";"10";"SAÚDE";"302";"ASSISTÊNCIA HOSPITALAR E AMBULATORIAL";"2025";"1118";"";"0";"0";"100038343";"NAYARA EVELYN CALLEGARI";"47409394870";"";"0";"PROPRIA";"33909302";"RESTITUICOES";"INDENIZACOES E/OU RESSARCIMENTOS(P. FISICA).";"250";"2025";"L";"16/01/2025";"0";"01/01/2025";"31/01/2025";"14"
"UNIDADE DE GESTÃO DE ESPORTE E LAZER";"27";"DESPORTO E LAZER";"812";"DESPORTO COMUNITÁRIO";"2025";"1126";"";"0";"0";"100028692";"ASSOCIACAO JUNDIAIENSE DE ESPORTES PARALIMPICOS";"08812846000138";"";"909";"RECURSOS TRANSFERIDOS PELA LEI COMPLEMENTAR Nº 176";"33503901";"TERMO DE COLABORAÇÃO";"CONVENIO MROSC - LEI 13019/2014 - MARCO REGUL.ORG.SOC.CIVIL";"62480.55";"2025";"L";"16/01/2025";"0";"01/01/2025";"31/01/2025";"23"
"UNIDADE DE GESTÃO DE PROMOÇÃO DA SAÚDE";"10";"SAÚDE";"302";"ASSISTÊNCIA HOSPITALAR E AMBULATORIAL";"2025";"1127";"";"0";"0";"1008168";"ASSOC TERAP DE ESTIMO AUDITIVA E LINGUAGEM";"51910842000111";"";"5809";"MS/FNS/EMEND.PARL.CUSTEIO SERV.ATENCAO ESPEC.SAUDE";"33503953";"SERVIÇOS MÉDICO-HOSPITALARES PRESTADOS NA ATENÇÃO";"SERVICOS DE SAUDE(P. JURIDICAS).";"7300.16";"2025";"L";"22/01/2025";"0";"01/01/2025";"31/01/2025";"14"
"UNIDADE DE GESTÃO DE EDUCAÇÃO";"12";"EDUCAÇÃO";"306";"ALIMENTAÇÃO E NUTRIÇÃO";"2025";"1135";"";"0";"0";"100000736";"SECRETARIA DE ESTADO DA EDUCACAO";"46384111000140";"";"6106";"SEE/MERENDA ESCOLAR";"33909399";"DIVERSAS INDENIZACOES E RESTITUICOES";"DESPESAS RESULT. DE LEIS. DEC.. CONV.. ACORDOS(ORG. PUBL.).";"879.86";"2025";"L";"17/01/2025";"0";"01/01/2025";"31/01/2025";"13"
"UNIDADE DE GESTÃO DE PROMOÇÃO DA SAÚDE";"10";"SAÚDE";"301";"ATENÇÃO BÁSICA";"2025";"1138";"2013";"83";"6";"100047206";"ARFRANGI ADMINISTRACAO DE BENS PROPRIOS LTDA";"43103236000166";"DISPENSA DE LICITACAO";"5002";"FUNDO NACIONAL DE SAUDE - PAB";"33903910";"LOCACAO DE IMOVEIS";"LOCACAO-IMOVEL - UNIDADE DE SAUDE";"6968.5";"2025";"L";"20/01/2025";"0";"01/01/2025";"31/01/2025";"14"
"UNIDADE DE GESTÃO DE CULTURA";"13";"CULTURA";"392";"DIFUSÃO CULTURAL";"2025";"1141";"2024";"3";"11";"100057762";"RAFAEL DA ROSA SEIFERT";"08332554950";"CONCURSO";"0";"PROPRIA";"33903100";"PREMIACOES CULT..ARTIST..CIENTIF..DESP.E OUTRAS";"PREMIACAO";"4000";"2025";"L";"17/01/2025";"0";"01/01/2025";"31/01/2025";"22"
"UNIDADE DE GESTÃO DE CULTURA";"13";"CULTURA";"392";"DIFUSÃO CULTURAL";"2025";"1142";"2024";"3";"11";"100057761";"MARA BRAGA DA FONSECA";"33951941839";"CONCURSO";"0";"PROPRIA";"33903100";"PREMIACOES CULT..ARTIST..CIENTIF..DESP.E OUTRAS";"PREMIACAO";"3000";"2025";"L";"17/01/2025";"0";"01/01/2025";"31/01/2025";"22"
"UNIDADE DE GESTÃO DE CULTURA";"13";"CULTURA";"392";"DIFUSÃO CULTURAL";"2025";"1143";"2024";"3";"11";"100052181";"ANA LUIZA DO AMARAL PINTO";"15269932873";"CONCURSO";"0";"PROPRIA";"33903100";"PREMIACOES CULT..ARTIST..CIENTIF..DESP.E OUTRAS";"PREMIACAO";"2000";"2025";"L";"17/01/2025";"0";"01/01/2025";"31/01/2025";"22"
"UNIDADE DE GESTÃO DE CULTURA";"13";"CULTURA";"392";"DIFUSÃO CULTURAL";"2025";"1157";"2025";"7";"1";"100057756";"58.656.063 SIRLEIDE OLIVEIRA FREIRE ME";"58656063000180";"COMPRA DIRETA";"0";"PROPRIA";"33903923";"FESTIVIDADES E HOMENAGENS";"SHOW MUSICAL";"2500";"2025";"L";"31/01/2025";"0";"01/01/2025";"31/01/2025";"22"
"UNIDADE DE GESTÃO DE EDUCAÇÃO";"12";"EDUCAÇÃO";"361";"ENSINO FUNDAMENTAL";"2025";"1172";"2021";"35";"6";"4022141";"COMPANHIA DE INFORMATICA DE JUNDIAI - CIJUN";"67237644000179";"DISPENSA DE LICITACAO";"0";"PROPRIA";"33904099";"OUTROS SERVIÇOS DE TECNOLOGIA DA INFORMAÇÃO E COMU";"LICENCIAMENTO E SUPORTE DE AMBIENTE GOOGLE FOR EDUCATION";"5123.36";"2025";"L";"27/01/2025";"0";"01/01/2025";"31/01/2025";"13"
"UNIDADE DE GESTÃO DE EDUCAÇÃO";"12";"EDUCAÇÃO";"361";"ENSINO FUNDAMENTAL";"2025";"1180";"2021";"129";"14";"100005727";"DJ LOCAÇÃO DE EQUIPAMENTOS DE TI LTDA";"04839879000110";"PREGÃO ELETRÔNICO";"0";"PROPRIA";"33904001";"LOCAÇÃO DE EQUIPAMENTOS E SOFTWARE";"SERVICOS DE IMPRESSAO COM LOCACAO DE EQUIPAMENTOS";"1971.95";"2025";"L";"28/01/2025";"0";"01/01/2025";"31/01/2025";"13"
"UNIDADE DE GESTÃO DA CASA CIVIL";"6";"SEGURANÇA PÚBLICA";"182";"DEFESA CIVIL";"2025";"1199";"2024";"70";"14";"1001791";"COMERCIAL JOAO AFONSO LTDA.";"53437315000167";"PREGÃO ELETRÔNICO";"0";"PROPRIA";"33903007";"GENEROS DE ALIMENTACAO";"CAFE TORRADO E MOIDO. COM 500G. QUAL. GLOBAL MIN. 4.8 PONTOS";"3064";"2025";"L";"24/01/2025";"0";"01/01/2025";"31/01/2025";"3"
"UNIDADE DE GESTÃO DA CASA CIVIL";"4";"ADMINISTRAÇÃO";"122";"ADMINISTRAÇÃO GERAL";"2025";"1200";"2024";"70";"14";"1001791";"COMERCIAL JOAO AFONSO LTDA.";"53437315000167";"PREGÃO ELETRÔNICO";"0";"PROPRIA";"33903007";"GENEROS DE ALIMENTACAO";"CAFE TORRADO E MOIDO. COM 500G. QUAL. GLOBAL MIN. 4.8 PONTOS";"2872.5";"2025";"L";"22/01/2025";"0";"01/01/2025";"31/01/2025";"3"
"UNIDADE DE GESTÃO DA CASA CIVIL";"4";"ADMINISTRAÇÃO";"122";"ADMINISTRAÇÃO GERAL";"2025";"1201";"2024";"70";"14";"100035037";"VIDILLI & VIDILLI LTDA ME";"14019171000177";"PREGÃO ELETRÔNICO";"0";"PROPRIA";"33903021";"MATERIAL DE COPA E COZINHA";"FILTRO DE PAPEL. PARA COAR CAFE. N.103. 30 UNIDADES";"124.4";"2025";"L";"21/01/2025";"0";"01/01/2025";"31/01/2025";"3"
"UNIDADE DE GESTÃO DE EDUCAÇÃO";"12";"EDUCAÇÃO";"361";"ENSINO FUNDAMENTAL";"2025";"1202";"2022";"55";"6";"4022141";"COMPANHIA DE INFORMATICA DE JUNDIAI - CIJUN";"67237644000179";"DISPENSA DE LICITACAO";"0";"PROPRIA";"33904099";"OUTROS SERVIÇOS DE TECNOLOGIA DA INFORMAÇÃO E COMU";"SERVICO EM TECNOLOGIA DA INFORMACAO";"64961.72";"2025";"L";"27/01/2025";"0";"01/01/2025";"31/01/2025";"13"
"UNIDADE DE GESTÃO DE GOVERNO E FINANÇAS";"28";"ENCARGOS ESPECIAIS";"846";"OUTROS ENCARGOS ESPECIAIS";"2025";"1203";"";"0";"0";"100034023";"PAULECIR BLANCO";"36146584819";"";"0";"PROPRIA";"33909115";"SENTENÇAS JUDICIAIS DE PEQUENO VALOR";"DESPESAS OBRIGATORIAS E/OU JUDICIAIS(P. FISICAS).";"1085.53";"2025";"L";"17/01/2025";"0";"01/01/2025";"31/01/2025";"8"
"UNIDADE DE GESTÃO DE GOVERNO E FINANÇAS";"28";"ENCARGOS ESPECIAIS";"846";"OUTROS ENCARGOS ESPECIAIS";"2025";"1204";"";"0";"0";"100034023";"PAULECIR BLANCO";"36146584819";"";"0";"PROPRIA";"33909115";"SENTENÇAS JUDICIAIS DE PEQUENO VALOR";"DESPESAS OBRIGATORIAS E/OU JUDICIAIS(P. FISICAS).";"1337.42";"2025";"L";"17/01/2025";"0";"01/01/2025";"31/01/2025";"8"
"UNIDADE DE GESTÃO DE GOVERNO E FINANÇAS";"28";"ENCARGOS ESPECIAIS";"846";"OUTROS ENCARGOS ESPECIAIS";"2025";"1205";"";"0";"0";"100057757";"MARIA ALICE CASTRO POSSIDENTE SANITÁ";"41877061867";"";"0";"PROPRIA";"33909115";"SENTENÇAS JUDICIAIS DE PEQUENO VALOR";"DESPESAS OBRIGATORIAS E/OU JUDICIAIS(P. FISICAS).";"7957.71";"2025";"L";"17/01/2025";"0";"01/01/2025";"31/01/2025";"8"
"UNIDADE DE GESTÃO DE GOVERNO E FINANÇAS";"28";"ENCARGOS ESPECIAIS";"846";"OUTROS ENCARGOS ESPECIAIS";"2025";"1206";"";"0";"0";"100034023";"PAULECIR BLANCO";"36146584819";"";"0";"PROPRIA";"33909115";"SENTENÇAS JUDICIAIS DE PEQUENO VALOR";"DESPESAS OBRIGATORIAS E/OU JUDICIAIS(P. FISICAS).";"1345.32";"2025";"L";"17/01/2025";"0";"01/01/2025";"31/01/2025";"8"
"UNIDADE DE GESTÃO DE GOVERNO E FINANÇAS";"28";"ENCARGOS ESPECIAIS";"846";"OUTROS ENCARGOS ESPECIAIS";"2025";"1207";"";"0";"0";"100057759";"SOLANGE GOMES DE ARAUJO";"22540025897";"";"0";"PROPRIA";"33909115";"SENTENÇAS JUDICIAIS DE PEQUENO VALOR";"DESPESAS OBRIGATORIAS E/OU JUDICIAIS(P. FISICAS).";"7137.43";"2025";"L";"17/01/2025";"0";"01/01/2025";"31/01/2025";"8"
"UNIDADE DE GESTÃO DE GOVERNO E FINANÇAS";"28";"ENCARGOS ESPECIAIS";"846";"OUTROS ENCARGOS ESPECIAIS";"2025";"1208";"";"0";"0";"100057760";"RAIMUNDO NELSON FERNANDES TELES";"11932653805";"";"0";"PROPRIA";"33909115";"SENTENÇAS JUDICIAIS DE PEQUENO VALOR";"DESPESAS OBRIGATORIAS E/OU JUDICIAIS(P. FISICAS).";"9515.17";"2025";"L";"17/01/2025";"0";"01/01/2025";"31/01/2025";"8"
"UNIDADE DE GESTÃO DE GOVERNO E FINANÇAS";"28";"ENCARGOS ESPECIAIS";"846";"OUTROS ENCARGOS ESPECIAIS";"2025";"1209";"";"0";"0";"100057763";"WILER GONÇALVES DA SILVA";"09134428879";"";"0";"PROPRIA";"33909115";"SENTENÇAS JUDICIAIS DE PEQUENO VALOR";"DESPESAS OBRIGATORIAS E/OU JUDICIAIS(P. FISICAS).";"5634.57";"2025";"L";"17/01/2025";"0";"01/01/2025";"31/01/2025";"8"
"UNIDADE DE GESTÃO DE GOVERNO E FINANÇAS";"28";"ENCARGOS ESPECIAIS";"846";"OUTROS ENCARGOS ESPECIAIS";"2025";"1210";"";"0";"0";"100035879";"VANIA DE ALMEIDA ROSA";"08316174898";"";"0";"PROPRIA";"33909115";"SENTENÇAS JUDICIAIS DE PEQUENO VALOR";"DESPESAS OBRIGATORIAS E/OU JUDICIAIS(P. FISICAS).";"1336.06";"2025";"L";"17/01/2025";"0";"01/01/2025";"31/01/2025";"8"
"UNIDADE DE GESTÃO DE NEG. JURÍDICOS E CIDADANIA";"4";"ADMINISTRAÇÃO";"122";"ADMINISTRAÇÃO GERAL";"2025";"1211";"";"0";"0";"100012604";"FOLHA DE PAGAMENTO";"45780103000150";"";"0";"PROPRIA";"31901137";"GRATIFICACOES POR TEMPO DE SERVICO";"FOLHA DE PAGAMENTO";"2389.41";"2025";"L";"16/01/2025";"0";"01/01/2025";"31/01/2025";"6"
"UNIDADE DE GESTÃO DE NEG. JURÍDICOS E CIDADANIA";"4";"ADMINISTRAÇÃO";"122";"ADMINISTRAÇÃO GERAL";"2025";"1212";"";"0";"0";"100012604";"FOLHA DE PAGAMENTO";"45780103000150";"";"0";"PROPRIA";"31901144";"FÉRIAS - ABONO PECUNIARIO";"FOLHA DE PAGAMENTO";"10887.62";"2025";"L";"16/01/2025";"0";"01/01/2025";"31/01/2025";"6"
"UNIDADE DE GESTÃO DE NEG. JURÍDICOS E CIDADANIA";"4";"ADMINISTRAÇÃO";"122";"ADMINISTRAÇÃO GERAL";"2025";"1213";"";"0";"0";"100012604";"FOLHA DE PAGAMENTO";"45780103000150";"";"0";"PROPRIA";"31901145";"FÉRIAS - ABONO CONSTITUICOES";"FOLHA DE PAGAMENTO";"9476.97";"2025";"L";"16/01/2025";"0";"01/01/2025";"31/01/2025";"6"
"UNIDADE DE GESTÃO DE NEG. JURÍDICOS E CIDADANIA";"4";"ADMINISTRAÇÃO";"122";"ADMINISTRAÇÃO GERAL";"2025";"1214";"";"0";"0";"100012604";"FOLHA DE PAGAMENTO";"45780103000150";"";"0";"PROPRIA";"31901146";"FÉRIAS - PAGAMENTO ANTECIPADO - RPPS";"FOLHA DE PAGAMENTO";"19877.05";"2025";"L";"16/01/2025";"0";"01/01/2025";"31/01/2025";"6"
"UNIDADE DE GESTÃO DE ADMINIST. E GESTÃO DE PESSOAS";"4";"ADMINISTRAÇÃO";"122";"ADMINISTRAÇÃO GERAL";"2025";"1215";"";"0";"0";"100012604";"FOLHA DE PAGAMENTO";"45780103000150";"";"0";"PROPRIA";"31901109";"ADICIONAL DE PERICULOSIDADE";"FOLHA DE PAGAMENTO";"1391.44";"2025";"L";"16/01/2025";"0";"01/01/2025";"31/01/2025";"7"
"UNIDADE DE GESTÃO DE ADMINIST. E GESTÃO DE PESSOAS";"4";"ADMINISTRAÇÃO";"122";"ADMINISTRAÇÃO GERAL";"2025";"1216";"";"0";"0";"100012604";"FOLHA DE PAGAMENTO";"45780103000150";"";"0";"PROPRIA";"31901110";"ADICIONAL DE INSALUBRIDADE";"FOLHA DE PAGAMENTO";"101.2";"2025";"L";"16/01/2025";"0";"01/01/2025";"31/01/2025";"7"
"UNIDADE DE GESTÃO DE ADMINIST. E GESTÃO DE PESSOAS";"4";"ADMINISTRAÇÃO";"122";"ADMINISTRAÇÃO GERAL";"2025";"1217";"";"0";"0";"100012604";"FOLHA DE PAGAMENTO";"45780103000150";"";"0";"PROPRIA";"31901137";"GRATIFICACOES POR TEMPO DE SERVICO";"FOLHA DE PAGAMENTO";"707.08";"2025";"L";"16/01/2025";"0";"01/01/2025";"31/01/2025";"7"
"UNIDADE DE GESTÃO DE ADMINIST. E GESTÃO DE PESSOAS";"4";"ADMINISTRAÇÃO";"122";"ADMINISTRAÇÃO GERAL";"2025";"1218";"";"0";"0";"100012604";"FOLHA DE PAGAMENTO";"45780103000150";"";"0";"PROPRIA";"31901144";"FÉRIAS - ABONO PECUNIARIO";"FOLHA DE PAGAMENTO";"1696";"2025";"L";"16/01/2025";"0";"01/01/2025";"31/01/2025";"7"
"UNIDADE DE GESTÃO DE ADMINIST. E GESTÃO DE PESSOAS";"4";"ADMINISTRAÇÃO";"122";"ADMINISTRAÇÃO GERAL";"2025";"1219";"";"0";"0";"100012604";"FOLHA DE PAGAMENTO";"45780103000150";"";"0";"PROPRIA";"31901145";"FÉRIAS - ABONO CONSTITUICOES";"FOLHA DE PAGAMENTO";"4860.24";"2025";"L";"16/01/2025";"0";"01/01/2025";"31/01/2025";"7"
"UNIDADE DE GESTÃO DE ADMINIST. E GESTÃO DE PESSOAS";"4";"ADMINISTRAÇÃO";"122";"ADMINISTRAÇÃO GERAL";"2025";"1220";"";"0";"0";"100012604";"FOLHA DE PAGAMENTO";"45780103000150";"";"0";"PROPRIA";"31901146";"FÉRIAS - PAGAMENTO ANTECIPADO - RPPS";"FOLHA DE PAGAMENTO";"8003.2";"2025";"L";"16/01/2025";"0";"01/01/2025";"31/01/2025";"7"
"UNIDADE DE GESTÃO DE ADMINIST. E GESTÃO DE PESSOAS";"4";"ADMINISTRAÇÃO";"122";"ADMINISTRAÇÃO GERAL";"2025";"1221";"";"0";"0";"100012604";"FOLHA DE PAGAMENTO";"45780103000150";"";"0";"PROPRIA";"31901644";"SERVIÇOS EXTRAORDINÁRIOS";"FOLHA DE PAGAMENTO";"726.27";"2025";"L";"16/01/2025";"0";"01/01/2025";"31/01/2025";"7"
"UNIDADE DE GESTÃO DE ADMINIST. E GESTÃO DE PESSOAS";"17";"SANEAMENTO";"122";"ADMINISTRAÇÃO GERAL";"2025";"1222";"";"0";"0";"100012604";"FOLHA DE PAGAMENTO";"45780103000150";"";"902";"RESTITUIÇÕES DAE S/A";"31901109";"ADICIONAL DE PERICULOSIDADE";"FOLHA DE PAGAMENTO";"1728.02";"2025";"L";"16/01/2025";"0";"01/01/2025";"31/01/2025";"7"
"UNIDADE DE GESTÃO DE ADMINIST. E GESTÃO DE PESSOAS";"17";"SANEAMENTO";"122";"ADMINISTRAÇÃO GERAL";"2025";"1223";"";"0";"0";"100012604";"FOLHA DE PAGAMENTO";"45780103000150";"";"902";"RESTITUIÇÕES DAE S/A";"31901137";"GRATIFICACOES POR TEMPO DE SERVICO";"FOLHA DE PAGAMENTO";"6515.03";"2025";"L";"16/01/2025";"0";"01/01/2025";"31/01/2025";"7"
"UNIDADE DE GESTÃO DE ADMINIST. E GESTÃO DE PESSOAS";"17";"SANEAMENTO";"122";"ADMINISTRAÇÃO GERAL";"2025";"1224";"";"0";"0";"100012604";"FOLHA DE PAGAMENTO";"45780103000150";"";"902";"RESTITUIÇÕES DAE S/A";"31901144";"FÉRIAS - ABONO PECUNIARIO";"FOLHA DE PAGAMENTO";"6784.2";"2025";"L";"16/01/2025";"0";"01/01/2025";"31/01/2025";"7"
"UNIDADE DE GESTÃO DE ADMINIST. E GESTÃO DE PESSOAS";"17";"SANEAMENTO";"122";"ADMINISTRAÇÃO GERAL";"2025";"1225";"";"0";"0";"100012604";"FOLHA DE PAGAMENTO";"45780103000150";"";"902";"RESTITUIÇÕES DAE S/A";"31901145";"FÉRIAS - ABONO CONSTITUICOES";"FOLHA DE PAGAMENTO";"7728.91";"2025";"L";"16/01/2025";"0";"01/01/2025";"31/01/2025";"7"
"UNIDADE DE GESTÃO DE ADMINIST. E GESTÃO DE PESSOAS";"17";"SANEAMENTO";"122";"ADMINISTRAÇÃO GERAL";"2025";"1226";"";"0";"0";"100012604";"FOLHA DE PAGAMENTO";"45780103000150";"";"902";"RESTITUIÇÕES DAE S/A";"31901146";"FÉRIAS - PAGAMENTO ANTECIPADO - RPPS";"FOLHA DE PAGAMENTO";"9599.57";"2025";"L";"16/01/2025";"0";"01/01/2025";"31/01/2025";"7"
"UNIDADE DE GESTÃO DE ADMINIST. E GESTÃO DE PESSOAS";"4";"ADMINISTRAÇÃO";"122";"ADMINISTRAÇÃO GERAL";"2025";"1227";"";"0";"0";"100012604";"FOLHA DE PAGAMENTO";"45780103000150";"";"0";"PROPRIA";"31901137";"GRATIFICACOES POR TEMPO DE SERVICO";"FOLHA DE PAGAMENTO";"1711.37";"2025";"L";"16/01/2025";"0";"01/01/2025";"31/01/2025";"7"
"UNIDADE DE GESTÃO DE ADMINIST. E GESTÃO DE PESSOAS";"4";"ADMINISTRAÇÃO";"122";"ADMINISTRAÇÃO GERAL";"2025";"1228";"";"0";"0";"100012604";"FOLHA DE PAGAMENTO";"45780103000150";"";"0";"PROPRIA";"31901145";"FÉRIAS - ABONO CONSTITUICOES";"FOLHA DE PAGAMENTO";"2685.48";"2025";"L";"16/01/2025";"0";"01/01/2025";"31/01/2025";"7"
"UNIDADE DE GESTÃO DE ADMINIST. E GESTÃO DE PESSOAS";"4";"ADMINISTRAÇÃO";"122";"ADMINISTRAÇÃO GERAL";"2025";"1229";"";"0";"0";"100012604";"FOLHA DE PAGAMENTO";"45780103000150";"";"0";"PROPRIA";"31901146";"FÉRIAS - PAGAMENTO ANTECIPADO - RPPS";"FOLHA DE PAGAMENTO";"5203.44";"2025";"L";"16/01/2025";"0";"01/01/2025";"31/01/2025";"7"
"UNIDADE DE GESTÃO DE GOVERNO E FINANÇAS";"4";"ADMINISTRAÇÃO";"122";"ADMINISTRAÇÃO GERAL";"2025";"1230";"";"0";"0";"100012604";"FOLHA DE PAGAMENTO";"45780103000150";"";"0";"PROPRIA";"31901137";"GRATIFICACOES POR TEMPO DE SERVICO";"FOLHA DE PAGAMENTO";"1758.07";"2025";"L";"16/01/2025";"0";"01/01/2025";"31/01/2025";"8"
"UNIDADE DE GESTÃO DE GOVERNO E FINANÇAS";"4";"ADMINISTRAÇÃO";"122";"ADMINISTRAÇÃO GERAL";"2025";"1231";"";"0";"0";"100012604";"FOLHA DE PAGAMENTO";"45780103000150";"";"0";"PROPRIA";"31901144";"FÉRIAS - ABONO PECUNIARIO";"FOLHA DE PAGAMENTO";"2125.35";"2025";"L";"16/01/2025";"0";"01/01/2025";"31/01/2025";"8"
"UNIDADE DE GESTÃO DE GOVERNO E FINANÇAS";"4";"ADMINISTRAÇÃO";"122";"ADMINISTRAÇÃO GERAL";"2025";"1232";"";"0";"0";"100012604";"FOLHA DE PAGAMENTO";"45780103000150";"";"0";"PROPRIA";"31901145";"FÉRIAS - ABONO CONSTITUICOES";"FOLHA DE PAGAMENTO";"6977.6";"2025";"L";"16/01/2025";"0";"01/01/2025";"31/01/2025";"8"
"UNIDADE DE GESTÃO DE GOVERNO E FINANÇAS";"4";"ADMINISTRAÇÃO";"122";"ADMINISTRAÇÃO GERAL";"2025";"1233";"";"0";"0";"100012604";"FOLHA DE PAGAMENTO";"45780103000150";"";"0";"PROPRIA";"31901146";"FÉRIAS - PAGAMENTO ANTECIPADO - RPPS";"FOLHA DE PAGAMENTO";"15975.96";"2025";"L";"16/01/2025";"0";"01/01/2025";"31/01/2025";"8"
"UNIDADE DE GESTÃO DE INFRAEST. E SERVIÇOS PÚBLICOS";"15";"URBANISMO";"122";"ADMINISTRAÇÃO GERAL";"2025";"1234";"";"0";"0";"100012604";"FOLHA DE PAGAMENTO";"45780103000150";"";"0";"PROPRIA";"31901110";"ADICIONAL DE INSALUBRIDADE";"FOLHA DE PAGAMENTO";"404.8";"2025";"L";"16/01/2025";"0";"01/01/2025";"31/01/2025";"10"
"UNIDADE DE GESTÃO DE INFRAEST. E SERVIÇOS PÚBLICOS";"15";"URBANISMO";"122";"ADMINISTRAÇÃO GERAL";"2025";"1235";"";"0";"0";"100012604";"FOLHA DE PAGAMENTO";"45780103000150";"";"0";"PROPRIA";"31901133";"GRATIFICACOES POR EXERCICIO DE  FUNCOES";"FOLHA DE PAGAMENTO";"2087.71";"2025";"L";"16/01/2025";"0";"01/01/2025";"31/01/2025";"10"
"UNIDADE DE GESTÃO DE INFRAEST. E SERVIÇOS PÚBLICOS";"15";"URBANISMO";"122";"ADMINISTRAÇÃO GERAL";"2025";"1236";"";"0";"0";"100012604";"FOLHA DE PAGAMENTO";"45780103000150";"";"0";"PROPRIA";"31901137";"GRATIFICACOES POR TEMPO DE SERVICO";"FOLHA DE PAGAMENTO";"6304.31";"2025";"L";"16/01/2025";"0";"01/01/2025";"31/01/2025";"10"
"UNIDADE DE GESTÃO DE INFRAEST. E SERVIÇOS PÚBLICOS";"15";"URBANISMO";"122";"ADMINISTRAÇÃO GERAL";"2025";"1237";"";"0";"0";"100012604";"FOLHA DE PAGAMENTO";"45780103000150";"";"0";"PROPRIA";"31901144";"FÉRIAS - ABONO PECUNIARIO";"FOLHA DE PAGAMENTO";"9710.92";"2025";"L";"16/01/2025";"0";"01/01/2025";"31/01/2025";"10"
"UNIDADE DE GESTÃO DE INFRAEST. E SERVIÇOS PÚBLICOS";"15";"URBANISMO";"122";"ADMINISTRAÇÃO GERAL";"2025";"1238";"";"0";"0";"100012604";"FOLHA DE PAGAMENTO";"45780103000150";"";"0";"PROPRIA";"31901145";"FÉRIAS - ABONO CONSTITUICOES";"FOLHA DE PAGAMENTO";"12293.68";"2025";"L";"16/01/2025";"0";"01/01/2025";"31/01/2025";"10"
"UNIDADE DE GESTÃO DE INFRAEST. E SERVIÇOS PÚBLICOS";"15";"URBANISMO";"122";"ADMINISTRAÇÃO GERAL";"2025";"1239";"";"0";"0";"100012604";"FOLHA DE PAGAMENTO";"45780103000150";"";"0";"PROPRIA";"31901146";"FÉRIAS - PAGAMENTO ANTECIPADO - RPPS";"FOLHA DE PAGAMENTO";"16173.46";"2025";"L";"16/01/2025";"0";"01/01/2025";"31/01/2025";"10"
"UNIDADE DE GESTÃO DE INFRAEST. E SERVIÇOS PÚBLICOS";"15";"URBANISMO";"122";"ADMINISTRAÇÃO GERAL";"2025";"1240";"";"0";"0";"100012604";"FOLHA DE PAGAMENTO";"45780103000150";"";"0";"PROPRIA";"31901644";"SERVIÇOS EXTRAORDINÁRIOS";"FOLHA DE PAGAMENTO";"3031.57";"2025";"L";"16/01/2025";"0";"01/01/2025";"31/01/2025";"10"
"UNIDADE GESTÃO DE PLANEJ. URBANO E MEIO AMBIENTE";"18";"GESTÃO AMBIENTAL";"122";"ADMINISTRAÇÃO GERAL";"2025";"1241";"";"0";"0";"100012604";"FOLHA DE PAGAMENTO";"45780103000150";"";"0";"PROPRIA";"31901137";"GRATIFICACOES POR TEMPO DE SERVICO";"FOLHA DE PAGAMENTO";"814.18";"2025";"L";"16/01/2025";"0";"01/01/2025";"31/01/2025";"11"
"UNIDADE GESTÃO DE PLANEJ. URBANO E MEIO AMBIENTE";"18";"GESTÃO AMBIENTAL";"122";"ADMINISTRAÇÃO GERAL";"2025";"1242";"";"0";"0";"100012604";"FOLHA DE PAGAMENTO";"45780103000150";"";"0";"PROPRIA";"31901145";"FÉRIAS - ABONO CONSTITUICOES";"FOLHA DE PAGAMENTO";"3663.46";"2025";"L";"16/01/2025";"0";"01/01/2025";"31/01/2025";"11"
"UNIDADE GESTÃO DE PLANEJ. URBANO E MEIO AMBIENTE";"18";"GESTÃO AMBIENTAL";"122";"ADMINISTRAÇÃO GERAL";"2025";"1243";"";"0";"0";"100012604";"FOLHA DE PAGAMENTO";"45780103000150";"";"0";"PROPRIA";"31901146";"FÉRIAS - PAGAMENTO ANTECIPADO - RPPS";"FOLHA DE PAGAMENTO";"8637.55";"2025";"L";"16/01/2025";"0";"01/01/2025";"31/01/2025";"11"
"UNIDADE DE GESTÃO DE MOBILIDADE E TRANSPORTE";"15";"URBANISMO";"122";"ADMINISTRAÇÃO GERAL";"2025";"1244";"";"0";"0";"100012604";"FOLHA DE PAGAMENTO";"45780103000150";"";"0";"PROPRIA";"31901109";"ADICIONAL DE PERICULOSIDADE";"FOLHA DE PAGAMENTO";"1353.95";"2025";"L";"16/01/2025";"0";"01/01/2025";"31/01/2025";"12"
"UNIDADE DE GESTÃO DE MOBILIDADE E TRANSPORTE";"15";"URBANISMO";"122";"ADMINISTRAÇÃO GERAL";"2025";"1245";"";"0";"0";"100012604";"FOLHA DE PAGAMENTO";"45780103000150";"";"0";"PROPRIA";"31901133";"GRATIFICACOES POR EXERCICIO DE  FUNCOES";"FOLHA DE PAGAMENTO";"1313.72";"2025";"L";"16/01/2025";"0";"01/01/2025";"31/01/2025";"12"
"UNIDADE DE GESTÃO DE MOBILIDADE E TRANSPORTE";"15";"URBANISMO";"122";"ADMINISTRAÇÃO GERAL";"2025";"1246";"";"0";"0";"100012604";"FOLHA DE PAGAMENTO";"45780103000150";"";"0";"PROPRIA";"31901137";"GRATIFICACOES POR TEMPO DE SERVICO";"FOLHA DE PAGAMENTO";"3378.15";"2025";"L";"16/01/2025";"0";"01/01/2025";"31/01/2025";"12"
"UNIDADE DE GESTÃO DE MOBILIDADE E TRANSPORTE";"15";"URBANISMO";"122";"ADMINISTRAÇÃO GERAL";"2025";"1247";"";"0";"0";"100012604";"FOLHA DE PAGAMENTO";"45780103000150";"";"0";"PROPRIA";"31901144";"FÉRIAS - ABONO PECUNIARIO";"FOLHA DE PAGAMENTO";"14265.66";"2025";"L";"16/01/2025";"0";"01/01/2025";"31/01/2025";"12"
"UNIDADE DE GESTÃO DE MOBILIDADE E TRANSPORTE";"15";"URBANISMO";"122";"ADMINISTRAÇÃO GERAL";"2025";"1248";"";"0";"0";"100012604";"FOLHA DE PAGAMENTO";"45780103000150";"";"0";"PROPRIA";"31901145";"FÉRIAS - ABONO CONSTITUICOES";"FOLHA DE PAGAMENTO";"8368.77";"2025";"L";"16/01/2025";"0";"01/01/2025";"31/01/2025";"12"
"UNIDADE DE GESTÃO DE MOBILIDADE E TRANSPORTE";"15";"URBANISMO";"122";"ADMINISTRAÇÃO GERAL";"2025";"1249";"";"0";"0";"100012604";"FOLHA DE PAGAMENTO";"45780103000150";"";"0";"PROPRIA";"31901146";"FÉRIAS - PAGAMENTO ANTECIPADO - RPPS";"FOLHA DE PAGAMENTO";"8790.92";"2025";"L";"16/01/2025";"0";"01/01/2025";"31/01/2025";"12"
"UNIDADE DE GESTÃO DE MOBILIDADE E TRANSPORTE";"15";"URBANISMO";"122";"ADMINISTRAÇÃO GERAL";"2025";"1250";"";"0";"0";"100012604";"FOLHA DE PAGAMENTO";"45780103000150";"";"0";"PROPRIA";"31901644";"SERVIÇOS EXTRAORDINÁRIOS";"FOLHA DE PAGAMENTO";"3387.32";"2025";"L";"16/01/2025";"0";"01/01/2025";"31/01/2025";"12"
"UNIDADE DE GESTÃO DE EDUCAÇÃO";"12";"EDUCAÇÃO";"365";"EDUCAÇÃO INFANTIL";"2025";"1251";"";"0";"0";"100012604";"FOLHA DE PAGAMENTO";"45780103000150";"";"0";"PROPRIA";"31901137";"GRATIFICACOES POR TEMPO DE SERVICO";"FOLHA DE PAGAMENTO";"245.57";"2025";"L";"16/01/2025";"0";"01/01/2025";"31/01/2025";"13"
"UNIDADE DE GESTÃO DE EDUCAÇÃO";"12";"EDUCAÇÃO";"365";"EDUCAÇÃO INFANTIL";"2025";"1252";"";"0";"0";"100012604";"FOLHA DE PAGAMENTO";"45780103000150";"";"0";"PROPRIA";"31901145";"FÉRIAS - ABONO CONSTITUICOES";"FOLHA DE PAGAMENTO";"900.42";"2025";"L";"16/01/2025";"0";"01/01/2025";"31/01/2025";"13"
"UNIDADE DE GESTÃO DE EDUCAÇÃO";"12";"EDUCAÇÃO";"365";"EDUCAÇÃO INFANTIL";"2025";"1253";"";"0";"0";"100012604";"FOLHA DE PAGAMENTO";"45780103000150";"";"0";"PROPRIA";"31901146";"FÉRIAS - PAGAMENTO ANTECIPADO - RPPS";"FOLHA DE PAGAMENTO";"1547.58";"2025";"L";"16/01/2025";"0";"01/01/2025";"31/01/2025";"13"
"UNIDADE DE GESTÃO DE EDUCAÇÃO";"12";"EDUCAÇÃO";"361";"ENSINO FUNDAMENTAL";"2025";"1254";"";"0";"0";"100012604";"FOLHA DE PAGAMENTO";"45780103000150";"";"0";"PROPRIA";"31901137";"GRATIFICACOES POR TEMPO DE SERVICO";"FOLHA DE PAGAMENTO";"106.07";"2025";"L";"16/01/2025";"0";"01/01/2025";"31/01/2025";"13"
"UNIDADE DE GESTÃO DE EDUCAÇÃO";"12";"EDUCAÇÃO";"361";"ENSINO FUNDAMENTAL";"2025";"1255";"";"0";"0";"100012604";"FOLHA DE PAGAMENTO";"45780103000150";"";"0";"PROPRIA";"31901145";"FÉRIAS - ABONO CONSTITUICOES";"FOLHA DE PAGAMENTO";"742.46";"2025";"L";"16/01/2025";"0";"01/01/2025";"31/01/2025";"13"
"UNIDADE DE GESTÃO DE EDUCAÇÃO";"12";"EDUCAÇÃO";"361";"ENSINO FUNDAMENTAL";"2025";"1256";"";"0";"0";"100012604";"FOLHA DE PAGAMENTO";"45780103000150";"";"0";"PROPRIA";"31901146";"FÉRIAS - PAGAMENTO ANTECIPADO - RPPS";"FOLHA DE PAGAMENTO";"1342.49";"2025";"L";"16/01/2025";"0";"01/01/2025";"31/01/2025";"13"
"UNIDADE DE GESTÃO DE EDUCAÇÃO";"12";"EDUCAÇÃO";"361";"ENSINO FUNDAMENTAL";"2025";"1257";"";"0";"0";"100012604";"FOLHA DE PAGAMENTO";"45780103000150";"";"0";"PROPRIA";"31901133";"GRATIFICACOES POR EXERCICIO DE  FUNCOES";"FOLHA DE PAGAMENTO";"455.88";"2025";"L";"16/01/2025";"0";"01/01/2025";"31/01/2025";"13"
"UNIDADE DE GESTÃO DE EDUCAÇÃO";"12";"EDUCAÇÃO";"361";"ENSINO FUNDAMENTAL";"2025";"1258";"";"0";"0";"100012604";"FOLHA DE PAGAMENTO";"45780103000150";"";"0";"PROPRIA";"31901137";"GRATIFICACOES POR TEMPO DE SERVICO";"FOLHA DE PAGAMENTO";"1659.96";"2025";"L";"16/01/2025";"0";"01/01/2025";"31/01/2025";"13"
"UNIDADE DE GESTÃO DE EDUCAÇÃO";"12";"EDUCAÇÃO";"361";"ENSINO FUNDAMENTAL";"2025";"1259";"";"0";"0";"100012604";"FOLHA DE PAGAMENTO";"45780103000150";"";"0";"PROPRIA";"31901145";"FÉRIAS - ABONO CONSTITUICOES";"FOLHA DE PAGAMENTO";"3744.52";"2025";"L";"16/01/2025";"0";"01/01/2025";"31/01/2025";"13"
"UNIDADE DE GESTÃO DE EDUCAÇÃO";"12";"EDUCAÇÃO";"361";"ENSINO FUNDAMENTAL";"2025";"1260";"";"0";"0";"100012604";"FOLHA DE PAGAMENTO";"45780103000150";"";"0";"PROPRIA";"31901146";"FÉRIAS - PAGAMENTO ANTECIPADO - RPPS";"FOLHA DE PAGAMENTO";"7141.96";"2025";"L";"16/01/2025";"0";"01/01/2025";"31/01/2025";"13"
"UNIDADE DE GESTÃO DE EDUCAÇÃO";"12";"EDUCAÇÃO";"361";"ENSINO FUNDAMENTAL";"2025";"1261";"";"0";"0";"100012604";"FOLHA DE PAGAMENTO";"45780103000150";"";"5203";"FUNDO MANUT.DES.ED.BÁSICA E VALOR.PROF.MAG.-FUNDEB";"31901133";"GRATIFICACOES POR EXERCICIO DE  FUNCOES";"FOLHA DE PAGAMENTO";"282.62";"2025";"L";"16/01/2025";"0";"01/01/2025";"31/01/2025";"13"
"UNIDADE DE GESTÃO DE EDUCAÇÃO";"12";"EDUCAÇÃO";"361";"ENSINO FUNDAMENTAL";"2025";"1262";"";"0";"0";"100012604";"FOLHA DE PAGAMENTO";"45780103000150";"";"5203";"FUNDO MANUT.DES.ED.BÁSICA E VALOR.PROF.MAG.-FUNDEB";"31901137";"GRATIFICACOES POR TEMPO DE SERVICO";"FOLHA DE PAGAMENTO";"282.62";"2025";"L";"16/01/2025";"0";"01/01/2025";"31/01/2025";"13"
"UNIDADE DE GESTÃO DE EDUCAÇÃO";"12";"EDUCAÇÃO";"361";"ENSINO FUNDAMENTAL";"2025";"1263";"";"0";"0";"100012604";"FOLHA DE PAGAMENTO";"45780103000150";"";"5203";"FUNDO MANUT.DES.ED.BÁSICA E VALOR.PROF.MAG.-FUNDEB";"31901145";"FÉRIAS - ABONO CONSTITUICOES";"FOLHA DE PAGAMENTO";"2072.51";"2025";"L";"16/01/2025";"0";"01/01/2025";"31/01/2025";"13"
"UNIDADE DE GESTÃO DE EDUCAÇÃO";"12";"EDUCAÇÃO";"361";"ENSINO FUNDAMENTAL";"2025";"1264";"";"0";"0";"100012604";"FOLHA DE PAGAMENTO";"45780103000150";"";"5203";"FUNDO MANUT.DES.ED.BÁSICA E VALOR.PROF.MAG.-FUNDEB";"31901146";"FÉRIAS - PAGAMENTO ANTECIPADO - RPPS";"FOLHA DE PAGAMENTO";"3149.22";"2025";"L";"16/01/2025";"0";"01/01/2025";"31/01/2025";"13"
"UNIDADE DE GESTÃO DE EDUCAÇÃO";"12";"EDUCAÇÃO";"361";"ENSINO FUNDAMENTAL";"2025";"1265";"";"0";"0";"100012604";"FOLHA DE PAGAMENTO";"45780103000150";"";"0";"PROPRIA";"31901137";"GRATIFICACOES POR TEMPO DE SERVICO";"FOLHA DE PAGAMENTO";"4055.66";"2025";"L";"16/01/2025";"0";"01/01/2025";"31/01/2025";"13"
"UNIDADE DE GESTÃO DE EDUCAÇÃO";"12";"EDUCAÇÃO";"361";"ENSINO FUNDAMENTAL";"2025";"1266";"";"0";"0";"100012604";"FOLHA DE PAGAMENTO";"45780103000150";"";"0";"PROPRIA";"31901144";"FÉRIAS - ABONO PECUNIARIO";"FOLHA DE PAGAMENTO";"4635.18";"2025";"L";"16/01/2025";"0";"01/01/2025";"31/01/2025";"13"
"UNIDADE DE GESTÃO DE EDUCAÇÃO";"12";"EDUCAÇÃO";"361";"ENSINO FUNDAMENTAL";"2025";"1267";"";"0";"0";"100012604";"FOLHA DE PAGAMENTO";"45780103000150";"";"0";"PROPRIA";"31901145";"FÉRIAS - ABONO CONSTITUICOES";"FOLHA DE PAGAMENTO";"5890.49";"2025";"L";"16/01/2025";"0";"01/01/2025";"31/01/2025";"13"
"UNIDADE DE GESTÃO DE EDUCAÇÃO";"12";"EDUCAÇÃO";"361";"ENSINO FUNDAMENTAL";"2025";"1268";"";"0";"0";"100012604";"FOLHA DE PAGAMENTO";"45780103000150";"";"0";"PROPRIA";"31901146";"FÉRIAS - PAGAMENTO ANTECIPADO - RPPS";"FOLHA DE PAGAMENTO";"9859";"2025";"L";"16/01/2025";"0";"01/01/2025";"31/01/2025";"13"
"UNIDADE DE GESTÃO DE EDUCAÇÃO";"12";"EDUCAÇÃO";"361";"ENSINO FUNDAMENTAL";"2025";"1269";"";"0";"0";"100012604";"FOLHA DE PAGAMENTO";"45780103000150";"";"0";"PROPRIA";"31901644";"SERVIÇOS EXTRAORDINÁRIOS";"FOLHA DE PAGAMENTO";"490.5";"2025";"L";"16/01/2025";"0";"01/01/2025";"31/01/2025";"13"
"UNIDADE DE GESTÃO DE EDUCAÇÃO";"12";"EDUCAÇÃO";"365";"EDUCAÇÃO INFANTIL";"2025";"1270";"";"0";"0";"100012604";"FOLHA DE PAGAMENTO";"45780103000150";"";"0";"PROPRIA";"31901137";"GRATIFICACOES POR TEMPO DE SERVICO";"FOLHA DE PAGAMENTO";"783.94";"2025";"L";"16/01/2025";"0";"01/01/2025";"31/01/2025";"13"
"UNIDADE DE GESTÃO DE EDUCAÇÃO";"12";"EDUCAÇÃO";"365";"EDUCAÇÃO INFANTIL";"2025";"1271";"";"0";"0";"100012604";"FOLHA DE PAGAMENTO";"45780103000150";"";"0";"PROPRIA";"31901144";"FÉRIAS - ABONO PECUNIARIO";"FOLHA DE PAGAMENTO";"1960.17";"2025";"L";"16/01/2025";"0";"01/01/2025";"31/01/2025";"13"
"UNIDADE DE GESTÃO DE EDUCAÇÃO";"12";"EDUCAÇÃO";"365";"EDUCAÇÃO INFANTIL";"2025";"1272";"";"0";"0";"100012604";"FOLHA DE PAGAMENTO";"45780103000150";"";"0";"PROPRIA";"31901145";"FÉRIAS - ABONO CONSTITUICOES";"FOLHA DE PAGAMENTO";"2849.32";"2025";"L";"16/01/2025";"0";"01/01/2025";"31/01/2025";"13"
"UNIDADE DE GESTÃO DE EDUCAÇÃO";"12";"EDUCAÇÃO";"365";"EDUCAÇÃO INFANTIL";"2025";"1273";"";"0";"0";"100012604";"FOLHA DE PAGAMENTO";"45780103000150";"";"0";"PROPRIA";"31901146";"FÉRIAS - PAGAMENTO ANTECIPADO - RPPS";"FOLHA DE PAGAMENTO";"4614.19";"2025";"L";"16/01/2025";"0";"01/01/2025";"31/01/2025";"13"
"UNIDADE DE GESTÃO DE EDUCAÇÃO";"12";"EDUCAÇÃO";"361";"ENSINO FUNDAMENTAL";"2025";"1274";"";"0";"0";"100012604";"FOLHA DE PAGAMENTO";"45780103000150";"";"0";"PROPRIA";"31901137";"GRATIFICACOES POR TEMPO DE SERVICO";"FOLHA DE PAGAMENTO";"243.51";"2025";"L";"16/01/2025";"0";"01/01/2025";"31/01/2025";"13"
"UNIDADE DE GESTÃO DE EDUCAÇÃO";"12";"EDUCAÇÃO";"361";"ENSINO FUNDAMENTAL";"2025";"1275";"";"0";"0";"100012604";"FOLHA DE PAGAMENTO";"45780103000150";"";"0";"PROPRIA";"31901144";"FÉRIAS - ABONO PECUNIARIO";"FOLHA DE PAGAMENTO";"2489.24";"2025";"L";"16/01/2025";"0";"01/01/2025";"31/01/2025";"13"
"UNIDADE DE GESTÃO DE EDUCAÇÃO";"12";"EDUCAÇÃO";"361";"ENSINO FUNDAMENTAL";"2025";"1276";"";"0";"0";"100012604";"FOLHA DE PAGAMENTO";"45780103000150";"";"0";"PROPRIA";"31901145";"FÉRIAS - ABONO CONSTITUICOES";"FOLHA DE PAGAMENTO";"622.31";"2025";"L";"16/01/2025";"0";"01/01/2025";"31/01/2025";"13"
"UNIDADE DE GESTÃO DE EDUCAÇÃO";"12";"EDUCAÇÃO";"361";"ENSINO FUNDAMENTAL";"2025";"1277";"";"0";"0";"100012604";"FOLHA DE PAGAMENTO";"45780103000150";"";"0";"PROPRIA";"31901146";"FÉRIAS - PAGAMENTO ANTECIPADO - RPPS";"FOLHA DE PAGAMENTO";"990.21";"2025";"L";"16/01/2025";"0";"01/01/2025";"31/01/2025";"13"
"UNIDADE DE GESTÃO DE PROMOÇÃO DA SAÚDE";"10";"SAÚDE";"122";"ADMINISTRAÇÃO GERAL";"2025";"1278";"";"0";"0";"100012604";"FOLHA DE PAGAMENTO";"45780103000150";"";"0";"PROPRIA";"31901137";"GRATIFICACOES POR TEMPO DE SERVICO";"FOLHA DE PAGAMENTO";"711.85";"2025";"L";"16/01/2025";"0";"01/01/2025";"31/01/2025";"14"
"UNIDADE DE GESTÃO DE PROMOÇÃO DA SAÚDE";"10";"SAÚDE";"122";"ADMINISTRAÇÃO GERAL";"2025";"1279";"";"0";"0";"100012604";"FOLHA DE PAGAMENTO";"45780103000150";"";"0";"PROPRIA";"31901144";"FÉRIAS - ABONO PECUNIARIO";"FOLHA DE PAGAMENTO";"2773.71";"2025";"L";"16/01/2025";"0";"01/01/2025";"31/01/2025";"14"
"UNIDADE DE GESTÃO DE PROMOÇÃO DA SAÚDE";"10";"SAÚDE";"122";"ADMINISTRAÇÃO GERAL";"2025";"1280";"";"0";"0";"100012604";"FOLHA DE PAGAMENTO";"45780103000150";"";"0";"PROPRIA";"31901145";"FÉRIAS - ABONO CONSTITUICOES";"FOLHA DE PAGAMENTO";"3370.91";"2025";"L";"16/01/2025";"0";"01/01/2025";"31/01/2025";"14"
"UNIDADE DE GESTÃO DE PROMOÇÃO DA SAÚDE";"10";"SAÚDE";"122";"ADMINISTRAÇÃO GERAL";"2025";"1281";"";"0";"0";"100012604";"FOLHA DE PAGAMENTO";"45780103000150";"";"0";"PROPRIA";"31901146";"FÉRIAS - PAGAMENTO ANTECIPADO - RPPS";"FOLHA DE PAGAMENTO";"7641.96";"2025";"L";"16/01/2025";"0";"01/01/2025";"31/01/2025";"14"
"UNIDADE DE GESTÃO DE PROMOÇÃO DA SAÚDE";"10";"SAÚDE";"122";"ADMINISTRAÇÃO GERAL";"2025";"1282";"";"0";"0";"100012604";"FOLHA DE PAGAMENTO";"45780103000150";"";"0";"PROPRIA";"31901644";"SERVIÇOS EXTRAORDINÁRIOS";"FOLHA DE PAGAMENTO";"21.96";"2025";"L";"16/01/2025";"0";"01/01/2025";"31/01/2025";"14"
"UNIDADE DE GESTÃO DE PROMOÇÃO DA SAÚDE";"10";"SAÚDE";"301";"ATENÇÃO BÁSICA";"2025";"1283";"";"0";"0";"100012604";"FOLHA DE PAGAMENTO";"45780103000150";"";"0";"PROPRIA";"31901104";"ADICIONAL NOTURNO";"FOLHA DE PAGAMENTO";"120.85";"2025";"L";"16/01/2025";"0";"01/01/2025";"31/01/2025";"14"
"UNIDADE DE GESTÃO DE PROMOÇÃO DA SAÚDE";"10";"SAÚDE";"301";"ATENÇÃO BÁSICA";"2025";"1284";"";"0";"0";"100012604";"FOLHA DE PAGAMENTO";"45780103000150";"";"0";"PROPRIA";"31901110";"ADICIONAL DE INSALUBRIDADE";"FOLHA DE PAGAMENTO";"50.6";"2025";"L";"16/01/2025";"0";"01/01/2025";"31/01/2025";"14"
"UNIDADE DE GESTÃO DE PROMOÇÃO DA SAÚDE";"10";"SAÚDE";"301";"ATENÇÃO BÁSICA";"2025";"1285";"";"0";"0";"100012604";"FOLHA DE PAGAMENTO";"45780103000150";"";"0";"PROPRIA";"31901110";"ADICIONAL DE INSALUBRIDADE";"FOLHA DE PAGAMENTO";"5200.2";"2025";"L";"16/01/2025";"0";"01/01/2025";"31/01/2025";"14"
"UNIDADE DE GESTÃO DE PROMOÇÃO DA SAÚDE";"10";"SAÚDE";"301";"ATENÇÃO BÁSICA";"2025";"1286";"";"0";"0";"100012604";"FOLHA DE PAGAMENTO";"45780103000150";"";"0";"PROPRIA";"31901137";"GRATIFICACOES POR TEMPO DE SERVICO";"FOLHA DE PAGAMENTO";"15853.77";"2025";"L";"16/01/2025";"0";"01/01/2025";"31/01/2025";"14"
"UNIDADE DE GESTÃO DE PROMOÇÃO DA SAÚDE";"10";"SAÚDE";"301";"ATENÇÃO BÁSICA";"2025";"1287";"";"0";"0";"100012604";"FOLHA DE PAGAMENTO";"45780103000150";"";"0";"PROPRIA";"31901137";"GRATIFICACOES POR TEMPO DE SERVICO";"FOLHA DE PAGAMENTO";"571.08";"2025";"L";"16/01/2025";"0";"01/01/2025";"31/01/2025";"14"
"UNIDADE DE GESTÃO DE PROMOÇÃO DA SAÚDE";"10";"SAÚDE";"301";"ATENÇÃO BÁSICA";"2025";"1288";"";"0";"0";"100012604";"FOLHA DE PAGAMENTO";"45780103000150";"";"0";"PROPRIA";"31901144";"FÉRIAS - ABONO PECUNIARIO";"FOLHA DE PAGAMENTO";"16575.55";"2025";"L";"16/01/2025";"0";"01/01/2025";"31/01/2025";"14"
"UNIDADE DE GESTÃO DE PROMOÇÃO DA SAÚDE";"10";"SAÚDE";"301";"ATENÇÃO BÁSICA";"2025";"1289";"";"0";"0";"100012604";"FOLHA DE PAGAMENTO";"45780103000150";"";"0";"PROPRIA";"31901145";"FÉRIAS - ABONO CONSTITUICOES";"FOLHA DE PAGAMENTO";"751.11";"2025";"L";"16/01/2025";"0";"01/01/2025";"31/01/2025";"14"
"UNIDADE DE GESTÃO DE PROMOÇÃO DA SAÚDE";"10";"SAÚDE";"301";"ATENÇÃO BÁSICA";"2025";"1290";"";"0";"0";"100012604";"FOLHA DE PAGAMENTO";"45780103000150";"";"0";"PROPRIA";"31901145";"FÉRIAS - ABONO CONSTITUICOES";"FOLHA DE PAGAMENTO";"56178.19";"2025";"L";"16/01/2025";"0";"01/01/2025";"31/01/2025";"14"
"UNIDADE DE GESTÃO DE PROMOÇÃO DA SAÚDE";"10";"SAÚDE";"301";"ATENÇÃO BÁSICA";"2025";"1291";"";"0";"0";"100012604";"FOLHA DE PAGAMENTO";"45780103000150";"";"0";"PROPRIA";"31901146";"FÉRIAS - PAGAMENTO ANTECIPADO - RPPS";"FOLHA DE PAGAMENTO";"1372.3";"2025";"L";"16/01/2025";"0";"01/01/2025";"31/01/2025";"14"
"UNIDADE DE GESTÃO DE PROMOÇÃO DA SAÚDE";"10";"SAÚDE";"301";"ATENÇÃO BÁSICA";"2025";"1292";"";"0";"0";"100012604";"FOLHA DE PAGAMENTO";"45780103000150";"";"0";"PROPRIA";"31901146";"FÉRIAS - PAGAMENTO ANTECIPADO - RPPS";"FOLHA DE PAGAMENTO";"112920.73";"2025";"L";"16/01/2025";"0";"01/01/2025";"31/01/2025";"14"
"UNIDADE DE GESTÃO DE PROMOÇÃO DA SAÚDE";"10";"SAÚDE";"301";"ATENÇÃO BÁSICA";"2025";"1293";"";"0";"0";"100012604";"FOLHA DE PAGAMENTO";"45780103000150";"";"0";"PROPRIA";"31901644";"SERVIÇOS EXTRAORDINÁRIOS";"FOLHA DE PAGAMENTO";"5690.4";"2025";"L";"16/01/2025";"0";"01/01/2025";"31/01/2025";"14"
"UNIDADE DE GESTÃO DE PROMOÇÃO DA SAÚDE";"10";"SAÚDE";"302";"ASSISTÊNCIA HOSPITALAR E AMBULATORIAL";"2025";"1294";"";"0";"0";"100012604";"FOLHA DE PAGAMENTO";"45780103000150";"";"0";"PROPRIA";"31901104";"ADICIONAL NOTURNO";"FOLHA DE PAGAMENTO";"2.83";"2025";"L";"16/01/2025";"0";"01/01/2025";"31/01/2025";"14"
"UNIDADE DE GESTÃO DE PROMOÇÃO DA SAÚDE";"10";"SAÚDE";"302";"ASSISTÊNCIA HOSPITALAR E AMBULATORIAL";"2025";"1295";"";"0";"0";"100012604";"FOLHA DE PAGAMENTO";"45780103000150";"";"0";"PROPRIA";"31901110";"ADICIONAL DE INSALUBRIDADE";"FOLHA DE PAGAMENTO";"506";"2025";"L";"16/01/2025";"0";"01/01/2025";"31/01/2025";"14"
"UNIDADE DE GESTÃO DE PROMOÇÃO DA SAÚDE";"10";"SAÚDE";"302";"ASSISTÊNCIA HOSPITALAR E AMBULATORIAL";"2025";"1296";"";"0";"0";"100012604";"FOLHA DE PAGAMENTO";"45780103000150";"";"0";"PROPRIA";"31901137";"GRATIFICACOES POR TEMPO DE SERVICO";"FOLHA DE PAGAMENTO";"1158.82";"2025";"L";"16/01/2025";"0";"01/01/2025";"31/01/2025";"14"
"UNIDADE DE GESTÃO DE PROMOÇÃO DA SAÚDE";"10";"SAÚDE";"302";"ASSISTÊNCIA HOSPITALAR E AMBULATORIAL";"2025";"1297";"";"0";"0";"100012604";"FOLHA DE PAGAMENTO";"45780103000150";"";"0";"PROPRIA";"31901144";"FÉRIAS - ABONO PECUNIARIO";"FOLHA DE PAGAMENTO";"7635.84";"2025";"L";"16/01/2025";"0";"01/01/2025";"31/01/2025";"14"
"UNIDADE DE GESTÃO DE PROMOÇÃO DA SAÚDE";"10";"SAÚDE";"302";"ASSISTÊNCIA HOSPITALAR E AMBULATORIAL";"2025";"1298";"";"0";"0";"100012604";"FOLHA DE PAGAMENTO";"45780103000150";"";"0";"PROPRIA";"31901145";"FÉRIAS - ABONO CONSTITUICOES";"FOLHA DE PAGAMENTO";"8545.3";"2025";"L";"16/01/2025";"0";"01/01/2025";"31/01/2025";"14"
"UNIDADE DE GESTÃO DE PROMOÇÃO DA SAÚDE";"10";"SAÚDE";"302";"ASSISTÊNCIA HOSPITALAR E AMBULATORIAL";"2025";"1299";"";"0";"0";"100012604";"FOLHA DE PAGAMENTO";"45780103000150";"";"0";"PROPRIA";"31901146";"FÉRIAS - PAGAMENTO ANTECIPADO - RPPS";"FOLHA DE PAGAMENTO";"16931.97";"2025";"L";"16/01/2025";"0";"01/01/2025";"31/01/2025";"14"
"UNIDADE DE GESTÃO DE PROMOÇÃO DA SAÚDE";"10";"SAÚDE";"302";"ASSISTÊNCIA HOSPITALAR E AMBULATORIAL";"2025";"1300";"";"0";"0";"100012604";"FOLHA DE PAGAMENTO";"45780103000150";"";"0";"PROPRIA";"31901644";"SERVIÇOS EXTRAORDINÁRIOS";"FOLHA DE PAGAMENTO";"3164.58";"2025";"L";"16/01/2025";"0";"01/01/2025";"31/01/2025";"14"
"UNIDADE DE GESTÃO DE PROMOÇÃO DA SAÚDE";"10";"SAÚDE";"305";"VIGILÂNCIA EPIDEMIOLÓGICA";"2025";"1301";"";"0";"0";"100012604";"FOLHA DE PAGAMENTO";"45780103000150";"";"0";"PROPRIA";"31901110";"ADICIONAL DE INSALUBRIDADE";"FOLHA DE PAGAMENTO";"202.4";"2025";"L";"16/01/2025";"0";"01/01/2025";"31/01/2025";"14"
"UNIDADE DE GESTÃO DE PROMOÇÃO DA SAÚDE";"10";"SAÚDE";"305";"VIGILÂNCIA EPIDEMIOLÓGICA";"2025";"1302";"";"0";"0";"100012604";"FOLHA DE PAGAMENTO";"45780103000150";"";"0";"PROPRIA";"31901137";"GRATIFICACOES POR TEMPO DE SERVICO";"FOLHA DE PAGAMENTO";"1695.14";"2025";"L";"16/01/2025";"0";"01/01/2025";"31/01/2025";"14"
"UNIDADE DE GESTÃO DE PROMOÇÃO DA SAÚDE";"10";"SAÚDE";"305";"VIGILÂNCIA EPIDEMIOLÓGICA";"2025";"1303";"";"0";"0";"100012604";"FOLHA DE PAGAMENTO";"45780103000150";"";"0";"PROPRIA";"31901144";"FÉRIAS - ABONO PECUNIARIO";"FOLHA DE PAGAMENTO";"7277.92";"2025";"L";"16/01/2025";"0";"01/01/2025";"31/01/2025";"14"
"UNIDADE DE GESTÃO DE PROMOÇÃO DA SAÚDE";"10";"SAÚDE";"305";"VIGILÂNCIA EPIDEMIOLÓGICA";"2025";"1304";"";"0";"0";"100012604";"FOLHA DE PAGAMENTO";"45780103000150";"";"0";"PROPRIA";"31901145";"FÉRIAS - ABONO CONSTITUICOES";"FOLHA DE PAGAMENTO";"4940.64";"2025";"L";"16/01/2025";"0";"01/01/2025";"31/01/2025";"14"
"UNIDADE DE GESTÃO DE PROMOÇÃO DA SAÚDE";"10";"SAÚDE";"305";"VIGILÂNCIA EPIDEMIOLÓGICA";"2025";"1305";"";"0";"0";"100012604";"FOLHA DE PAGAMENTO";"45780103000150";"";"0";"PROPRIA";"31901146";"FÉRIAS - PAGAMENTO ANTECIPADO - RPPS";"FOLHA DE PAGAMENTO";"9028.69";"2025";"L";"16/01/2025";"0";"01/01/2025";"31/01/2025";"14"
"UNIDADE DE GESTÃO DE PROMOÇÃO DA SAÚDE";"10";"SAÚDE";"304";"VIGILÂNCIA SANITÁRIA";"2025";"1306";"";"0";"0";"100012604";"FOLHA DE PAGAMENTO";"45780103000150";"";"0";"PROPRIA";"31901110";"ADICIONAL DE INSALUBRIDADE";"FOLHA DE PAGAMENTO";"101.2";"2025";"L";"16/01/2025";"0";"01/01/2025";"31/01/2025";"14"
"UNIDADE DE GESTÃO DE PROMOÇÃO DA SAÚDE";"10";"SAÚDE";"304";"VIGILÂNCIA SANITÁRIA";"2025";"1307";"";"0";"0";"100012604";"FOLHA DE PAGAMENTO";"45780103000150";"";"0";"PROPRIA";"31901137";"GRATIFICACOES POR TEMPO DE SERVICO";"FOLHA DE PAGAMENTO";"695.75";"2025";"L";"16/01/2025";"0";"01/01/2025";"31/01/2025";"14"
"UNIDADE DE GESTÃO DE PROMOÇÃO DA SAÚDE";"10";"SAÚDE";"304";"VIGILÂNCIA SANITÁRIA";"2025";"1308";"";"0";"0";"100012604";"FOLHA DE PAGAMENTO";"45780103000150";"";"0";"PROPRIA";"31901145";"FÉRIAS - ABONO CONSTITUICOES";"FOLHA DE PAGAMENTO";"2650.87";"2025";"L";"16/01/2025";"0";"01/01/2025";"31/01/2025";"14"
"UNIDADE DE GESTÃO DE PROMOÇÃO DA SAÚDE";"10";"SAÚDE";"304";"VIGILÂNCIA SANITÁRIA";"2025";"1309";"";"0";"0";"100012604";"FOLHA DE PAGAMENTO";"45780103000150";"";"0";"PROPRIA";"31901146";"FÉRIAS - PAGAMENTO ANTECIPADO - RPPS";"FOLHA DE PAGAMENTO";"5872.28";"2025";"L";"16/01/2025";"0";"01/01/2025";"31/01/2025";"14"
"UNIDADE DE GESTÃO DE PROMOÇÃO DA SAÚDE";"10";"SAÚDE";"304";"VIGILÂNCIA SANITÁRIA";"2025";"1310";"";"0";"0";"100012604";"FOLHA DE PAGAMENTO";"45780103000150";"";"0";"PROPRIA";"31901644";"SERVIÇOS EXTRAORDINÁRIOS";"FOLHA DE PAGAMENTO";"198.17";"2025";"L";"16/01/2025";"0";"01/01/2025";"31/01/2025";"14"
"UNIDADE DE GESTÃO DE PROMOÇÃO DA SAÚDE";"10";"SAÚDE";"303";"SUPORTE PROFILÁTICO E TERAPÊUTICO";"2025";"1311";"";"0";"0";"100012604";"FOLHA DE PAGAMENTO";"45780103000150";"";"0";"PROPRIA";"31901137";"GRATIFICACOES POR TEMPO DE SERVICO";"FOLHA DE PAGAMENTO";"170.46";"2025";"L";"16/01/2025";"0";"01/01/2025";"31/01/2025";"14"
"UNIDADE DE GESTÃO DE PROMOÇÃO DA SAÚDE";"10";"SAÚDE";"303";"SUPORTE PROFILÁTICO E TERAPÊUTICO";"2025";"1312";"";"0";"0";"100012604";"FOLHA DE PAGAMENTO";"45780103000150";"";"0";"PROPRIA";"31901145";"FÉRIAS - ABONO CONSTITUICOES";"FOLHA DE PAGAMENTO";"639.08";"2025";"L";"16/01/2025";"0";"01/01/2025";"31/01/2025";"14"
"UNIDADE DE GESTÃO DE PROMOÇÃO DA SAÚDE";"10";"SAÚDE";"303";"SUPORTE PROFILÁTICO E TERAPÊUTICO";"2025";"1313";"";"0";"0";"100012604";"FOLHA DE PAGAMENTO";"45780103000150";"";"0";"PROPRIA";"31901146";"FÉRIAS - PAGAMENTO ANTECIPADO - RPPS";"FOLHA DE PAGAMENTO";"1442.08";"2025";"L";"16/01/2025";"0";"01/01/2025";"31/01/2025";"14"
"UNIDADE DE GESTÃO DE PROMOÇÃO DA SAÚDE";"10";"SAÚDE";"303";"SUPORTE PROFILÁTICO E TERAPÊUTICO";"2025";"1314";"";"0";"0";"100012604";"FOLHA DE PAGAMENTO";"45780103000150";"";"0";"PROPRIA";"31901644";"SERVIÇOS EXTRAORDINÁRIOS";"FOLHA DE PAGAMENTO";"42.19";"2025";"L";"16/01/2025";"0";"01/01/2025";"31/01/2025";"14"
"UNIDADE GESTÃO DE ASSISTÊNCIA E DESENVOLV. SOCIAL";"8";"ASSISTÊNCIA SOCIAL";"244";"ASSISTÊNCIA COMUNITÁRIA";"2025";"1315";"";"0";"0";"100012604";"FOLHA DE PAGAMENTO";"45780103000150";"";"0";"PROPRIA";"31901137";"GRATIFICACOES POR TEMPO DE SERVICO";"FOLHA DE PAGAMENTO";"10233.05";"2025";"L";"16/01/2025";"0";"01/01/2025";"31/01/2025";"15"
"UNIDADE GESTÃO DE ASSISTÊNCIA E DESENVOLV. SOCIAL";"8";"ASSISTÊNCIA SOCIAL";"244";"ASSISTÊNCIA COMUNITÁRIA";"2025";"1316";"";"0";"0";"100012604";"FOLHA DE PAGAMENTO";"45780103000150";"";"0";"PROPRIA";"31901144";"FÉRIAS - ABONO PECUNIARIO";"FOLHA DE PAGAMENTO";"2138.28";"2025";"L";"16/01/2025";"0";"01/01/2025";"31/01/2025";"15"
"UNIDADE GESTÃO DE ASSISTÊNCIA E DESENVOLV. SOCIAL";"8";"ASSISTÊNCIA SOCIAL";"244";"ASSISTÊNCIA COMUNITÁRIA";"2025";"1317";"";"0";"0";"100012604";"FOLHA DE PAGAMENTO";"45780103000150";"";"0";"PROPRIA";"31901145";"FÉRIAS - ABONO CONSTITUICOES";"FOLHA DE PAGAMENTO";"15567.46";"2025";"L";"16/01/2025";"0";"01/01/2025";"31/01/2025";"15"
"UNIDADE GESTÃO DE ASSISTÊNCIA E DESENVOLV. SOCIAL";"8";"ASSISTÊNCIA SOCIAL";"244";"ASSISTÊNCIA COMUNITÁRIA";"2025";"1318";"";"0";"0";"100012604";"FOLHA DE PAGAMENTO";"45780103000150";"";"0";"PROPRIA";"31901146";"FÉRIAS - PAGAMENTO ANTECIPADO - RPPS";"FOLHA DE PAGAMENTO";"29727.22";"2025";"L";"16/01/2025";"0";"01/01/2025";"31/01/2025";"15"
"UNIDADE GESTÃO DE ASSISTÊNCIA E DESENVOLV. SOCIAL";"8";"ASSISTÊNCIA SOCIAL";"244";"ASSISTÊNCIA COMUNITÁRIA";"2025";"1319";"";"0";"0";"100012604";"FOLHA DE PAGAMENTO";"45780103000150";"";"0";"PROPRIA";"31901644";"SERVIÇOS EXTRAORDINÁRIOS";"FOLHA DE PAGAMENTO";"125.08";"2025";"L";"16/01/2025";"0";"01/01/2025";"31/01/2025";"15"
"UNIDADE GESTÃO DE ASSISTÊNCIA E DESENVOLV. SOCIAL";"8";"ASSISTÊNCIA SOCIAL";"244";"ASSISTÊNCIA COMUNITÁRIA";"2025";"1320";"";"0";"0";"100012604";"FOLHA DE PAGAMENTO";"45780103000150";"";"0";"PROPRIA";"31901137";"GRATIFICACOES POR TEMPO DE SERVICO";"FOLHA DE PAGAMENTO";"715.94";"2025";"L";"16/01/2025";"0";"01/01/2025";"31/01/2025";"15"
"UNIDADE GESTÃO DE ASSISTÊNCIA E DESENVOLV. SOCIAL";"8";"ASSISTÊNCIA SOCIAL";"244";"ASSISTÊNCIA COMUNITÁRIA";"2025";"1321";"";"0";"0";"100012604";"FOLHA DE PAGAMENTO";"45780103000150";"";"0";"PROPRIA";"31901145";"FÉRIAS - ABONO CONSTITUICOES";"FOLHA DE PAGAMENTO";"1439.03";"2025";"L";"16/01/2025";"0";"01/01/2025";"31/01/2025";"15"
"UNIDADE GESTÃO DE ASSISTÊNCIA E DESENVOLV. SOCIAL";"8";"ASSISTÊNCIA SOCIAL";"244";"ASSISTÊNCIA COMUNITÁRIA";"2025";"1322";"";"0";"0";"100012604";"FOLHA DE PAGAMENTO";"45780103000150";"";"0";"PROPRIA";"31901146";"FÉRIAS - PAGAMENTO ANTECIPADO - RPPS";"FOLHA DE PAGAMENTO";"2366.63";"2025";"L";"16/01/2025";"0";"01/01/2025";"31/01/2025";"15"
"UNIDADE GESTÃO DE ASSISTÊNCIA E DESENVOLV. SOCIAL";"8";"ASSISTÊNCIA SOCIAL";"244";"ASSISTÊNCIA COMUNITÁRIA";"2025";"1323";"";"0";"0";"100012604";"FOLHA DE PAGAMENTO";"45780103000150";"";"0";"PROPRIA";"31901644";"SERVIÇOS EXTRAORDINÁRIOS";"FOLHA DE PAGAMENTO";"21.48";"2025";"L";"16/01/2025";"0";"01/01/2025";"31/01/2025";"15"
"UNIDADE GESTÃO DE ASSISTÊNCIA E DESENVOLV. SOCIAL";"8";"ASSISTÊNCIA SOCIAL";"244";"ASSISTÊNCIA COMUNITÁRIA";"2025";"1324";"";"0";"0";"100012604";"FOLHA DE PAGAMENTO";"45780103000150";"";"0";"PROPRIA";"31901137";"GRATIFICACOES POR TEMPO DE SERVICO";"FOLHA DE PAGAMENTO";"1154.65";"2025";"L";"16/01/2025";"0";"01/01/2025";"31/01/2025";"15"
"UNIDADE GESTÃO DE ASSISTÊNCIA E DESENVOLV. SOCIAL";"8";"ASSISTÊNCIA SOCIAL";"244";"ASSISTÊNCIA COMUNITÁRIA";"2025";"1325";"";"0";"0";"100012604";"FOLHA DE PAGAMENTO";"45780103000150";"";"0";"PROPRIA";"31901144";"FÉRIAS - ABONO PECUNIARIO";"FOLHA DE PAGAMENTO";"2500.07";"2025";"L";"16/01/2025";"0";"01/01/2025";"31/01/2025";"15"
"UNIDADE GESTÃO DE ASSISTÊNCIA E DESENVOLV. SOCIAL";"8";"ASSISTÊNCIA SOCIAL";"244";"ASSISTÊNCIA COMUNITÁRIA";"2025";"1326";"";"0";"0";"100012604";"FOLHA DE PAGAMENTO";"45780103000150";"";"0";"PROPRIA";"31901145";"FÉRIAS - ABONO CONSTITUICOES";"FOLHA DE PAGAMENTO";"5808.49";"2025";"L";"16/01/2025";"0";"01/01/2025";"31/01/2025";"15"
"UNIDADE GESTÃO DE ASSISTÊNCIA E DESENVOLV. SOCIAL";"8";"ASSISTÊNCIA SOCIAL";"244";"ASSISTÊNCIA COMUNITÁRIA";"2025";"1327";"";"0";"0";"100012604";"FOLHA DE PAGAMENTO";"45780103000150";"";"0";"PROPRIA";"31901146";"FÉRIAS - PAGAMENTO ANTECIPADO - RPPS";"FOLHA DE PAGAMENTO";"13342.2";"2025";"L";"16/01/2025";"0";"01/01/2025";"31/01/2025";"15"
"UNIDADE GESTÃO DE ASSISTÊNCIA E DESENVOLV. SOCIAL";"8";"ASSISTÊNCIA SOCIAL";"244";"ASSISTÊNCIA COMUNITÁRIA";"2025";"1328";"";"0";"0";"100012604";"FOLHA DE PAGAMENTO";"45780103000150";"";"0";"PROPRIA";"31901644";"SERVIÇOS EXTRAORDINÁRIOS";"FOLHA DE PAGAMENTO";"321.83";"2025";"L";"16/01/2025";"0";"01/01/2025";"31/01/2025";"15"
"UNIDADE DE GESTÃO DE SEGURANÇA MUNICIPAL";"6";"SEGURANÇA PÚBLICA";"122";"ADMINISTRAÇÃO GERAL";"2025";"1329";"";"0";"0";"100012604";"FOLHA DE PAGAMENTO";"45780103000150";"";"0";"PROPRIA";"31901104";"ADICIONAL NOTURNO";"FOLHA DE PAGAMENTO";"262.02";"2025";"L";"16/01/2025";"0";"01/01/2025";"31/01/2025";"19"
"UNIDADE DE GESTÃO DE SEGURANÇA MUNICIPAL";"6";"SEGURANÇA PÚBLICA";"122";"ADMINISTRAÇÃO GERAL";"2025";"1330";"";"0";"0";"100012604";"FOLHA DE PAGAMENTO";"45780103000150";"";"0";"PROPRIA";"31901133";"GRATIFICACOES POR EXERCICIO DE  FUNCOES";"FOLHA DE PAGAMENTO";"3854.32";"2025";"L";"16/01/2025";"0";"01/01/2025";"31/01/2025";"19"
"UNIDADE DE GESTÃO DE SEGURANÇA MUNICIPAL";"6";"SEGURANÇA PÚBLICA";"122";"ADMINISTRAÇÃO GERAL";"2025";"1331";"";"0";"0";"100012604";"FOLHA DE PAGAMENTO";"45780103000150";"";"0";"PROPRIA";"31901137";"GRATIFICACOES POR TEMPO DE SERVICO";"FOLHA DE PAGAMENTO";"893.83";"2025";"L";"16/01/2025";"0";"01/01/2025";"31/01/2025";"19"
"UNIDADE DE GESTÃO DE SEGURANÇA MUNICIPAL";"6";"SEGURANÇA PÚBLICA";"122";"ADMINISTRAÇÃO GERAL";"2025";"1332";"";"0";"0";"100012604";"FOLHA DE PAGAMENTO";"45780103000150";"";"0";"PROPRIA";"31901144";"FÉRIAS - ABONO PECUNIARIO";"FOLHA DE PAGAMENTO";"16697.05";"2025";"L";"16/01/2025";"0";"01/01/2025";"31/01/2025";"19"
"UNIDADE DE GESTÃO DE SEGURANÇA MUNICIPAL";"6";"SEGURANÇA PÚBLICA";"122";"ADMINISTRAÇÃO GERAL";"2025";"1333";"";"0";"0";"100012604";"FOLHA DE PAGAMENTO";"45780103000150";"";"0";"PROPRIA";"31901145";"FÉRIAS - ABONO CONSTITUICOES";"FOLHA DE PAGAMENTO";"6786.91";"2025";"L";"16/01/2025";"0";"01/01/2025";"31/01/2025";"19"
"UNIDADE DE GESTÃO DE SEGURANÇA MUNICIPAL";"6";"SEGURANÇA PÚBLICA";"122";"ADMINISTRAÇÃO GERAL";"2025";"1334";"";"0";"0";"100012604";"FOLHA DE PAGAMENTO";"45780103000150";"";"0";"PROPRIA";"31901146";"FÉRIAS - PAGAMENTO ANTECIPADO - RPPS";"FOLHA DE PAGAMENTO";"9133.43";"2025";"L";"16/01/2025";"0";"01/01/2025";"31/01/2025";"19"
"UNIDADE DE GESTÃO DE SEGURANÇA MUNICIPAL";"6";"SEGURANÇA PÚBLICA";"122";"ADMINISTRAÇÃO GERAL";"2025";"1335";"";"0";"0";"100012604";"FOLHA DE PAGAMENTO";"45780103000150";"";"0";"PROPRIA";"31901644";"SERVIÇOS EXTRAORDINÁRIOS";"FOLHA DE PAGAMENTO";"2502.8";"2025";"L";"16/01/2025";"0";"01/01/2025";"31/01/2025";"19"
"UNIDADE DE GESTÃO DE CULTURA";"13";"CULTURA";"122";"ADMINISTRAÇÃO GERAL";"2025";"1336";"";"0";"0";"100012604";"FOLHA DE PAGAMENTO";"45780103000150";"";"0";"PROPRIA";"31901104";"ADICIONAL NOTURNO";"FOLHA DE PAGAMENTO";"2.19";"2025";"L";"16/01/2025";"0";"01/01/2025";"31/01/2025";"22"
"UNIDADE DE GESTÃO DE CULTURA";"13";"CULTURA";"122";"ADMINISTRAÇÃO GERAL";"2025";"1337";"";"0";"0";"100012604";"FOLHA DE PAGAMENTO";"45780103000150";"";"0";"PROPRIA";"31901137";"GRATIFICACOES POR TEMPO DE SERVICO";"FOLHA DE PAGAMENTO";"962.5";"2025";"L";"16/01/2025";"0";"01/01/2025";"31/01/2025";"22"
"UNIDADE DE GESTÃO DE CULTURA";"13";"CULTURA";"122";"ADMINISTRAÇÃO GERAL";"2025";"1338";"";"0";"0";"100012604";"FOLHA DE PAGAMENTO";"45780103000150";"";"0";"PROPRIA";"31901144";"FÉRIAS - ABONO PECUNIARIO";"FOLHA DE PAGAMENTO";"1949.07";"2025";"L";"16/01/2025";"0";"01/01/2025";"31/01/2025";"22"
"UNIDADE DE GESTÃO DE CULTURA";"13";"CULTURA";"122";"ADMINISTRAÇÃO GERAL";"2025";"1339";"";"0";"0";"100012604";"FOLHA DE PAGAMENTO";"45780103000150";"";"0";"PROPRIA";"31901145";"FÉRIAS - ABONO CONSTITUICOES";"FOLHA DE PAGAMENTO";"3004.31";"2025";"L";"16/01/2025";"0";"01/01/2025";"31/01/2025";"22"
"UNIDADE DE GESTÃO DE CULTURA";"13";"CULTURA";"122";"ADMINISTRAÇÃO GERAL";"2025";"1340";"";"0";"0";"100012604";"FOLHA DE PAGAMENTO";"45780103000150";"";"0";"PROPRIA";"31901146";"FÉRIAS - PAGAMENTO ANTECIPADO - RPPS";"FOLHA DE PAGAMENTO";"6126.58";"2025";"L";"16/01/2025";"0";"01/01/2025";"31/01/2025";"22"
"UNIDADE DE GESTÃO DE CULTURA";"13";"CULTURA";"122";"ADMINISTRAÇÃO GERAL";"2025";"1341";"";"0";"0";"100012604";"FOLHA DE PAGAMENTO";"45780103000150";"";"0";"PROPRIA";"31901644";"SERVIÇOS EXTRAORDINÁRIOS";"FOLHA DE PAGAMENTO";"735.66";"2025";"L";"16/01/2025";"0";"01/01/2025";"31/01/2025";"22"
"UNIDADE DE GESTÃO DE ESPORTE E LAZER";"27";"DESPORTO E LAZER";"812";"DESPORTO COMUNITÁRIO";"2025";"1342";"";"0";"0";"100012604";"FOLHA DE PAGAMENTO";"45780103000150";"";"0";"PROPRIA";"31901104";"ADICIONAL NOTURNO";"FOLHA DE PAGAMENTO";"119.99";"2025";"L";"16/01/2025";"0";"01/01/2025";"31/01/2025";"23"
"UNIDADE DE GESTÃO DE ESPORTE E LAZER";"27";"DESPORTO E LAZER";"812";"DESPORTO COMUNITÁRIO";"2025";"1343";"";"0";"0";"100012604";"FOLHA DE PAGAMENTO";"45780103000150";"";"0";"PROPRIA";"31901107";"ABONO DE PERMANENCIA";"FOLHA DE PAGAMENTO";"1555.45";"2025";"L";"16/01/2025";"0";"01/01/2025";"31/01/2025";"23"
"UNIDADE DE GESTÃO DE ESPORTE E LAZER";"27";"DESPORTO E LAZER";"812";"DESPORTO COMUNITÁRIO";"2025";"1344";"";"0";"0";"100012604";"FOLHA DE PAGAMENTO";"45780103000150";"";"0";"PROPRIA";"31901137";"GRATIFICACOES POR TEMPO DE SERVICO";"FOLHA DE PAGAMENTO";"3993.36";"2025";"L";"16/01/2025";"0";"01/01/2025";"31/01/2025";"23"
"UNIDADE DE GESTÃO DE ESPORTE E LAZER";"27";"DESPORTO E LAZER";"812";"DESPORTO COMUNITÁRIO";"2025";"1345";"";"0";"0";"100012604";"FOLHA DE PAGAMENTO";"45780103000150";"";"0";"PROPRIA";"31901144";"FÉRIAS - ABONO PECUNIARIO";"FOLHA DE PAGAMENTO";"7626.84";"2025";"L";"16/01/2025";"0";"01/01/2025";"31/01/2025";"23"
"UNIDADE DE GESTÃO DE ESPORTE E LAZER";"27";"DESPORTO E LAZER";"812";"DESPORTO COMUNITÁRIO";"2025";"1346";"";"0";"0";"100012604";"FOLHA DE PAGAMENTO";"45780103000150";"";"0";"PROPRIA";"31901145";"FÉRIAS - ABONO CONSTITUICOES";"FOLHA DE PAGAMENTO";"5492.95";"2025";"L";"16/01/2025";"0";"01/01/2025";"31/01/2025";"23"
"UNIDADE DE GESTÃO DE ESPORTE E LAZER";"27";"DESPORTO E LAZER";"812";"DESPORTO COMUNITÁRIO";"2025";"1347";"";"0";"0";"100012604";"FOLHA DE PAGAMENTO";"45780103000150";"";"0";"PROPRIA";"31901146";"FÉRIAS - PAGAMENTO ANTECIPADO - RPPS";"FOLHA DE PAGAMENTO";"5929.19";"2025";"L";"16/01/2025";"0";"01/01/2025";"31/01/2025";"23"
"UNIDADE DE GESTÃO DE ESPORTE E LAZER";"27";"DESPORTO E LAZER";"812";"DESPORTO COMUNITÁRIO";"2025";"1348";"";"0";"0";"100012604";"FOLHA DE PAGAMENTO";"45780103000150";"";"0";"PROPRIA";"31901644";"SERVIÇOS EXTRAORDINÁRIOS";"FOLHA DE PAGAMENTO";"209.86";"2025";"L";"16/01/2025";"0";"01/01/2025";"31/01/2025";"23"
"UNIDADE DE GESTÃO DE ADMINIST. E GESTÃO DE PESSOAS";"4";"ADMINISTRAÇÃO";"122";"ADMINISTRAÇÃO GERAL";"2025";"1349";"";"0";"0";"5000419";"1o.CARTORIO REG.IMOVEIS ANEXOS JUNDIAI";"51278547000194";"";"0";"PROPRIA";"33903966";"SERVICOS JUDICIARIOS";"SERVICOS DE CARTORIOS(P. JURIDICAS).";"47.67";"2025";"L";"17/01/2025";"0";"01/01/2025";"31/01/2025";"7"
"UNIDADE DE GESTÃO DE ADMINIST. E GESTÃO DE PESSOAS";"4";"ADMINISTRAÇÃO";"122";"ADMINISTRAÇÃO GERAL";"2025";"1350";"";"0";"0";"5000419";"1o.CARTORIO REG.IMOVEIS ANEXOS JUNDIAI";"51278547000194";"";"0";"PROPRIA";"33903966";"SERVICOS JUDICIARIOS";"SERVICOS DE CARTORIOS(P. JURIDICAS).";"47.67";"2025";"L";"17/01/2025";"0";"01/01/2025";"31/01/2025";"7"
"UNIDADE DE GESTÃO DE PROMOÇÃO DA SAÚDE";"10";"SAÚDE";"302";"ASSISTÊNCIA HOSPITALAR E AMBULATORIAL";"2025";"1351";"";"0";"0";"100006254";"CONSELHO DE SECRETÁRIOS MUNIC. SAUDE EST.SAO PAULO";"59995241000160";"";"5001";"FUNDO NACIONAL DE SAUDE - MS/SAS";"33903999";"OUTROS SERVICOS DE TERCEIROS - PESSOA JURIDICA";"CONTRIBUICOES(TAXAS E TAR.).";"3855";"2025";"L";"23/01/2025";"0";"01/01/2025";"31/01/2025";"14"
"UNIDADE DE GESTÃO DE GOVERNO E FINANÇAS";"28";"ENCARGOS ESPECIAIS";"846";"OUTROS ENCARGOS ESPECIAIS";"2025";"1352";"";"0";"0";"100057764";"ANGELO RODRIGO CONCENCIO";"22370963840";"";"0";"PROPRIA";"33909115";"SENTENÇAS JUDICIAIS DE PEQUENO VALOR";"DESPESAS OBRIGATORIAS E/OU JUDICIAIS(P. FISICAS).";"4475.9";"2025";"L";"21/01/2025";"0";"01/01/2025";"31/01/2025";"8"
"UNIDADE DE GESTÃO DE CULTURA";"13";"CULTURA";"392";"DIFUSÃO CULTURAL";"2025";"1353";"";"0";"0";"100057765";"FUNDO NACIONAL DA CULTURA";"37930861000189";"";"5708";"LCF PAULO GUSTAVO N°195/22/AUDIOVISUAL";"33909302";"RESTITUICOES";"DESPESAS RESULT. DE LEIS. DEC.. CONV.. ACORDOS(ORG. PUBL.).";"273517.07";"2025";"L";"15/01/2025";"0";"01/01/2025";"31/01/2025";"22"
"UNIDADE DE GESTÃO DE CULTURA";"13";"CULTURA";"392";"DIFUSÃO CULTURAL";"2025";"1354";"";"0";"0";"100057765";"FUNDO NACIONAL DA CULTURA";"37930861000189";"";"5709";"LCF PAULO GUSTAVO N°195/22/DEMAIS AREAS";"33909302";"RESTITUICOES";"DESPESAS RESULT. DE LEIS. DEC.. CONV.. ACORDOS(ORG. PUBL.).";"81033.75";"2025";"L";"15/01/2025";"0";"01/01/2025";"31/01/2025";"22"
"UNIDADE DE GESTÃO DE MOBILIDADE E TRANSPORTE";"4";"ADMINISTRAÇÃO";"122";"ADMINISTRAÇÃO GERAL";"2025";"1355";"";"0";"0";"100041799";"PMJ - DANIEL DA SILVA PEREIRA";"32383969869";"";"0";"PROPRIA";"33903099";"OUTROS MATERIAIS DE CONSUMO";"ADIANTAMENTOS(SERVIDORES).";"1000";"2025";"L";"16/01/2025";"0";"01/01/2025";"31/01/2025";"12"
"UNIDADE DE GESTÃO DE MOBILIDADE E TRANSPORTE";"4";"ADMINISTRAÇÃO";"122";"ADMINISTRAÇÃO GERAL";"2025";"1356";"";"0";"0";"100041799";"PMJ - DANIEL DA SILVA PEREIRA";"32383969869";"";"0";"PROPRIA";"33903999";"OUTROS SERVICOS DE TERCEIROS - PESSOA JURIDICA";"ADIANTAMENTOS(SERVIDORES).";"5000";"2025";"L";"16/01/2025";"0";"01/01/2025";"31/01/2025";"12"
"UNIDADE DE GESTÃO DE PROMOÇÃO DA SAÚDE";"10";"SAÚDE";"302";"ASSISTÊNCIA HOSPITALAR E AMBULATORIAL";"2025";"1387";"2024";"1129";"1";"100049278";"DIAS E FERNANDES DISTRIBUICAO DE NITROGENIO LTDA";"04752277000121";"COMPRA DIRETA";"0";"PROPRIA";"33903011";"MATERIAL QUÍMICO";"NITROGENIO LIQUIDO N2. FORNEC. EM CILINDRO DE APROX. 15 M3.";"200.46";"2025";"L";"23/01/2025";"0";"01/01/2025";"31/01/2025";"14"
"UNIDADE DE GESTÃO DE MOBILIDADE E TRANSPORTE";"15";"URBANISMO";"451";"INFRA-ESTRUTURA URBANA";"2025";"1389";"2021";"253";"14";"100001377";"J.V.ARTTI COM. E RECUPERAD.PNEUS LTDA-ME";"02784513000166";"PREGÃO ELETRÔNICO";"0";"PROPRIA";"33903919";"MANUTENCAO E CONSERVACAO DE VEICULOS";"BALANCEAMENTO DE RODAS EM VEICULOS LEVES";"200";"2025";"L";"23/01/2025";"0";"01/01/2025";"31/01/2025";"12"
"UNIDADE DE GESTÃO DE MOBILIDADE E TRANSPORTE";"15";"URBANISMO";"451";"INFRA-ESTRUTURA URBANA";"2025";"1389";"2021";"253";"14";"100001377";"J.V.ARTTI COM. E RECUPERAD.PNEUS LTDA-ME";"02784513000166";"PREGÃO ELETRÔNICO";"0";"PROPRIA";"33903919";"MANUTENCAO E CONSERVACAO DE VEICULOS";"CAMBAGEM EM VEICULOS LEVES";"452";"2025";"L";"23/01/2025";"0";"01/01/2025";"31/01/2025";"12"
"UNIDADE DE GESTÃO DE MOBILIDADE E TRANSPORTE";"15";"URBANISMO";"451";"INFRA-ESTRUTURA URBANA";"2025";"1389";"2021";"253";"14";"100001377";"J.V.ARTTI COM. E RECUPERAD.PNEUS LTDA-ME";"02784513000166";"PREGÃO ELETRÔNICO";"0";"PROPRIA";"33903919";"MANUTENCAO E CONSERVACAO DE VEICULOS";"MONTAGEM DE PNEUS-VEICULO LEVE";"144";"2025";"L";"23/01/2025";"0";"01/01/2025";"31/01/2025";"12"
"UNIDADE DE GESTÃO DE MOBILIDADE E TRANSPORTE";"15";"URBANISMO";"451";"INFRA-ESTRUTURA URBANA";"2025";"1389";"2021";"253";"14";"100001377";"J.V.ARTTI COM. E RECUPERAD.PNEUS LTDA-ME";"02784513000166";"PREGÃO ELETRÔNICO";"0";"PROPRIA";"33903919";"MANUTENCAO E CONSERVACAO DE VEICULOS";"MONTAGEM DE PNEUS-VEICULO PESADO";"164";"2025";"L";"23/01/2025";"0";"01/01/2025";"31/01/2025";"12"
"UNIDADE DE GESTÃO DE MOBILIDADE E TRANSPORTE";"15";"URBANISMO";"451";"INFRA-ESTRUTURA URBANA";"2025";"1389";"2021";"253";"14";"100001377";"J.V.ARTTI COM. E RECUPERAD.PNEUS LTDA-ME";"02784513000166";"PREGÃO ELETRÔNICO";"0";"PROPRIA";"33903919";"MANUTENCAO E CONSERVACAO DE VEICULOS";"CAMBAGEM EM VEICULOS PESADOS";"680";"2025";"L";"23/01/2025";"0";"01/01/2025";"31/01/2025";"12"
"UNIDADE DE GESTÃO DE MOBILIDADE E TRANSPORTE";"15";"URBANISMO";"451";"INFRA-ESTRUTURA URBANA";"2025";"1389";"2021";"253";"14";"100001377";"J.V.ARTTI COM. E RECUPERAD.PNEUS LTDA-ME";"02784513000166";"PREGÃO ELETRÔNICO";"0";"PROPRIA";"33903919";"MANUTENCAO E CONSERVACAO DE VEICULOS";"ALINHAMENTO DE DIRECAO EM VEICULOS PESADOS";"135";"2025";"L";"23/01/2025";"0";"01/01/2025";"31/01/2025";"12"
"UNIDADE DE GESTÃO DE MOBILIDADE E TRANSPORTE";"15";"URBANISMO";"451";"INFRA-ESTRUTURA URBANA";"2025";"1389";"2021";"253";"14";"100001377";"J.V.ARTTI COM. E RECUPERAD.PNEUS LTDA-ME";"02784513000166";"PREGÃO ELETRÔNICO";"0";"PROPRIA";"33903919";"MANUTENCAO E CONSERVACAO DE VEICULOS";"ALINHAMENTO DE DIRECAO EM VEICULOS LEVES";"172";"2025";"L";"23/01/2025";"0";"01/01/2025";"31/01/2025";"12"
"UNIDADE DE GESTÃO DE MOBILIDADE E TRANSPORTE";"15";"URBANISMO";"451";"INFRA-ESTRUTURA URBANA";"2025";"1389";"2021";"253";"14";"100001377";"J.V.ARTTI COM. E RECUPERAD.PNEUS LTDA-ME";"02784513000166";"PREGÃO ELETRÔNICO";"0";"PROPRIA";"33903919";"MANUTENCAO E CONSERVACAO DE VEICULOS";"BALANCEAMENTO DE RODAS EM VEICULOS PESADOS";"204";"2025";"L";"23/01/2025";"0";"01/01/2025";"31/01/2025";"12"
"UNIDADE DE GESTÃO DE MOBILIDADE E TRANSPORTE";"15";"URBANISMO";"451";"INFRA-ESTRUTURA URBANA";"2025";"1389";"2021";"253";"14";"100001377";"J.V.ARTTI COM. E RECUPERAD.PNEUS LTDA-ME";"02784513000166";"PREGÃO ELETRÔNICO";"0";"PROPRIA";"33903919";"MANUTENCAO E CONSERVACAO DE VEICULOS";"CAMBAGEM EM VEICULOS LEVES";"678";"2025";"L";"28/01/2025";"0";"01/01/2025";"31/01/2025";"12"
"UNIDADE DE GESTÃO DE MOBILIDADE E TRANSPORTE";"15";"URBANISMO";"451";"INFRA-ESTRUTURA URBANA";"2025";"1389";"2021";"253";"14";"100001377";"J.V.ARTTI COM. E RECUPERAD.PNEUS LTDA-ME";"02784513000166";"PREGÃO ELETRÔNICO";"0";"PROPRIA";"33903919";"MANUTENCAO E CONSERVACAO DE VEICULOS";"BALANCEAMENTO DE RODAS EM VEICULOS LEVES";"300";"2025";"L";"28/01/2025";"0";"01/01/2025";"31/01/2025";"12"
"UNIDADE DE GESTÃO DE MOBILIDADE E TRANSPORTE";"15";"URBANISMO";"451";"INFRA-ESTRUTURA URBANA";"2025";"1389";"2021";"253";"14";"100001377";"J.V.ARTTI COM. E RECUPERAD.PNEUS LTDA-ME";"02784513000166";"PREGÃO ELETRÔNICO";"0";"PROPRIA";"33903919";"MANUTENCAO E CONSERVACAO DE VEICULOS";"MONTAGEM DE PNEUS-VEICULO LEVE";"72";"2025";"L";"28/01/2025";"0";"01/01/2025";"31/01/2025";"12"
"UNIDADE DE GESTÃO DE MOBILIDADE E TRANSPORTE";"15";"URBANISMO";"451";"INFRA-ESTRUTURA URBANA";"2025";"1389";"2021";"253";"14";"100001377";"J.V.ARTTI COM. E RECUPERAD.PNEUS LTDA-ME";"02784513000166";"PREGÃO ELETRÔNICO";"0";"PROPRIA";"33903919";"MANUTENCAO E CONSERVACAO DE VEICULOS";"BALANCEAMENTO DE RODAS EM VEICULOS PESADOS";"102";"2025";"L";"28/01/2025";"0";"01/01/2025";"31/01/2025";"12"
"UNIDADE DE GESTÃO DE MOBILIDADE E TRANSPORTE";"15";"URBANISMO";"451";"INFRA-ESTRUTURA URBANA";"2025";"1389";"2021";"253";"14";"100001377";"J.V.ARTTI COM. E RECUPERAD.PNEUS LTDA-ME";"02784513000166";"PREGÃO ELETRÔNICO";"0";"PROPRIA";"33903919";"MANUTENCAO E CONSERVACAO DE VEICULOS";"CAMBAGEM EM VEICULOS PESADOS";"340";"2025";"L";"28/01/2025";"0";"01/01/2025";"31/01/2025";"12"
"UNIDADE DE GESTÃO DE MOBILIDADE E TRANSPORTE";"15";"URBANISMO";"451";"INFRA-ESTRUTURA URBANA";"2025";"1389";"2021";"253";"14";"100001377";"J.V.ARTTI COM. E RECUPERAD.PNEUS LTDA-ME";"02784513000166";"PREGÃO ELETRÔNICO";"0";"PROPRIA";"33903919";"MANUTENCAO E CONSERVACAO DE VEICULOS";"BALANCEAMENTO DE RODAS EM VEICULOS PESADOS";"102";"2025";"L";"28/01/2025";"0";"01/01/2025";"31/01/2025";"12"
"UNIDADE DE GESTÃO DE MOBILIDADE E TRANSPORTE";"15";"URBANISMO";"451";"INFRA-ESTRUTURA URBANA";"2025";"1389";"2021";"253";"14";"100001377";"J.V.ARTTI COM. E RECUPERAD.PNEUS LTDA-ME";"02784513000166";"PREGÃO ELETRÔNICO";"0";"PROPRIA";"33903919";"MANUTENCAO E CONSERVACAO DE VEICULOS";"MONTAGEM DE PNEUS-VEICULO LEVE";"216";"2025";"L";"28/01/2025";"0";"01/01/2025";"31/01/2025";"12"
"UNIDADE DE GESTÃO DE MOBILIDADE E TRANSPORTE";"15";"URBANISMO";"451";"INFRA-ESTRUTURA URBANA";"2025";"1389";"2021";"253";"14";"100001377";"J.V.ARTTI COM. E RECUPERAD.PNEUS LTDA-ME";"02784513000166";"PREGÃO ELETRÔNICO";"0";"PROPRIA";"33903919";"MANUTENCAO E CONSERVACAO DE VEICULOS";"BALANCEAMENTO DE RODAS EM VEICULOS LEVES";"100";"2025";"L";"28/01/2025";"0";"01/01/2025";"31/01/2025";"12"
"UNIDADE DE GESTÃO DE MOBILIDADE E TRANSPORTE";"15";"URBANISMO";"451";"INFRA-ESTRUTURA URBANA";"2025";"1389";"2021";"253";"14";"100001377";"J.V.ARTTI COM. E RECUPERAD.PNEUS LTDA-ME";"02784513000166";"PREGÃO ELETRÔNICO";"0";"PROPRIA";"33903919";"MANUTENCAO E CONSERVACAO DE VEICULOS";"ALINHAMENTO DE DIRECAO EM VEICULOS LEVES";"86";"2025";"L";"28/01/2025";"0";"01/01/2025";"31/01/2025";"12"
"UNIDADE DE GESTÃO DE MOBILIDADE E TRANSPORTE";"15";"URBANISMO";"451";"INFRA-ESTRUTURA URBANA";"2025";"1389";"2021";"253";"14";"100001377";"J.V.ARTTI COM. E RECUPERAD.PNEUS LTDA-ME";"02784513000166";"PREGÃO ELETRÔNICO";"0";"PROPRIA";"33903919";"MANUTENCAO E CONSERVACAO DE VEICULOS";"MONTAGEM DE PNEUS-VEICULO PESADO";"82";"2025";"L";"28/01/2025";"0";"01/01/2025";"31/01/2025";"12"
"UNIDADE DE GESTÃO DE MOBILIDADE E TRANSPORTE";"15";"URBANISMO";"451";"INFRA-ESTRUTURA URBANA";"2025";"1389";"2021";"253";"14";"100001377";"J.V.ARTTI COM. E RECUPERAD.PNEUS LTDA-ME";"02784513000166";"PREGÃO ELETRÔNICO";"0";"PROPRIA";"33903919";"MANUTENCAO E CONSERVACAO DE VEICULOS";"BALANCEAMENTO DE RODAS EM VEICULOS LEVES";"300";"2025";"L";"28/01/2025";"0";"01/01/2025";"31/01/2025";"12"
"UNIDADE DE GESTÃO DE MOBILIDADE E TRANSPORTE";"15";"URBANISMO";"451";"INFRA-ESTRUTURA URBANA";"2025";"1389";"2021";"253";"14";"100001377";"J.V.ARTTI COM. E RECUPERAD.PNEUS LTDA-ME";"02784513000166";"PREGÃO ELETRÔNICO";"0";"PROPRIA";"33903919";"MANUTENCAO E CONSERVACAO DE VEICULOS";"CAMBAGEM EM VEICULOS LEVES";"226";"2025";"L";"28/01/2025";"0";"01/01/2025";"31/01/2025";"12"
"UNIDADE DE GESTÃO DE MOBILIDADE E TRANSPORTE";"15";"URBANISMO";"451";"INFRA-ESTRUTURA URBANA";"2025";"1389";"2021";"253";"14";"100001377";"J.V.ARTTI COM. E RECUPERAD.PNEUS LTDA-ME";"02784513000166";"PREGÃO ELETRÔNICO";"0";"PROPRIA";"33903919";"MANUTENCAO E CONSERVACAO DE VEICULOS";"MONTAGEM DE PNEUS-VEICULO LEVE";"216";"2025";"L";"28/01/2025";"0";"01/01/2025";"31/01/2025";"12"
"UNIDADE DE GESTÃO DE MOBILIDADE E TRANSPORTE";"15";"URBANISMO";"451";"INFRA-ESTRUTURA URBANA";"2025";"1389";"2021";"253";"14";"100001377";"J.V.ARTTI COM. E RECUPERAD.PNEUS LTDA-ME";"02784513000166";"PREGÃO ELETRÔNICO";"0";"PROPRIA";"33903919";"MANUTENCAO E CONSERVACAO DE VEICULOS";"MONTAGEM DE PNEUS-VEICULO PESADO";"82";"2025";"L";"28/01/2025";"0";"01/01/2025";"31/01/2025";"12"
"UNIDADE DE GESTÃO DE MOBILIDADE E TRANSPORTE";"15";"URBANISMO";"451";"INFRA-ESTRUTURA URBANA";"2025";"1389";"2021";"253";"14";"100001377";"J.V.ARTTI COM. E RECUPERAD.PNEUS LTDA-ME";"02784513000166";"PREGÃO ELETRÔNICO";"0";"PROPRIA";"33903919";"MANUTENCAO E CONSERVACAO DE VEICULOS";"ALINHAMENTO DE DIRECAO EM VEICULOS LEVES";"258";"2025";"L";"28/01/2025";"0";"01/01/2025";"31/01/2025";"12"
"UNIDADE DE GESTÃO DE MOBILIDADE E TRANSPORTE";"15";"URBANISMO";"451";"INFRA-ESTRUTURA URBANA";"2025";"1389";"2021";"253";"14";"100001377";"J.V.ARTTI COM. E RECUPERAD.PNEUS LTDA-ME";"02784513000166";"PREGÃO ELETRÔNICO";"0";"PROPRIA";"33903919";"MANUTENCAO E CONSERVACAO DE VEICULOS";"ALINHAMENTO DE DIRECAO EM VEICULOS PESADOS";"135";"2025";"L";"28/01/2025";"0";"01/01/2025";"31/01/2025";"12"
"UNIDADE DE GESTÃO DE MOBILIDADE E TRANSPORTE";"15";"URBANISMO";"451";"INFRA-ESTRUTURA URBANA";"2025";"1389";"2021";"253";"14";"100001377";"J.V.ARTTI COM. E RECUPERAD.PNEUS LTDA-ME";"02784513000166";"PREGÃO ELETRÔNICO";"0";"PROPRIA";"33903919";"MANUTENCAO E CONSERVACAO DE VEICULOS";"CAMBAGEM EM VEICULOS PESADOS";"340";"2025";"L";"28/01/2025";"0";"01/01/2025";"31/01/2025";"12"
"UNIDADE DE GESTÃO DE MOBILIDADE E TRANSPORTE";"15";"URBANISMO";"451";"INFRA-ESTRUTURA URBANA";"2025";"1389";"2021";"253";"14";"100001377";"J.V.ARTTI COM. E RECUPERAD.PNEUS LTDA-ME";"02784513000166";"PREGÃO ELETRÔNICO";"0";"PROPRIA";"33903919";"MANUTENCAO E CONSERVACAO DE VEICULOS";"MONTAGEM DE PNEUS-VEICULO PESADO";"82";"2025";"L";"28/01/2025";"0";"01/01/2025";"31/01/2025";"12"
"UNIDADE DE GESTÃO DE MOBILIDADE E TRANSPORTE";"15";"URBANISMO";"451";"INFRA-ESTRUTURA URBANA";"2025";"1389";"2021";"253";"14";"100001377";"J.V.ARTTI COM. E RECUPERAD.PNEUS LTDA-ME";"02784513000166";"PREGÃO ELETRÔNICO";"0";"PROPRIA";"33903919";"MANUTENCAO E CONSERVACAO DE VEICULOS";"BALANCEAMENTO DE RODAS EM VEICULOS PESADOS";"102";"2025";"L";"28/01/2025";"0";"01/01/2025";"31/01/2025";"12"
"UNIDADE DE GESTÃO DE MOBILIDADE E TRANSPORTE";"15";"URBANISMO";"451";"INFRA-ESTRUTURA URBANA";"2025";"1389";"2021";"253";"14";"100001377";"J.V.ARTTI COM. E RECUPERAD.PNEUS LTDA-ME";"02784513000166";"PREGÃO ELETRÔNICO";"0";"PROPRIA";"33903919";"MANUTENCAO E CONSERVACAO DE VEICULOS";"ALINHAMENTO DE DIRECAO EM VEICULOS PESADOS";"135";"2025";"L";"28/01/2025";"0";"01/01/2025";"31/01/2025";"12"
"UNIDADE DE GESTÃO DE MOBILIDADE E TRANSPORTE";"15";"URBANISMO";"451";"INFRA-ESTRUTURA URBANA";"2025";"1389";"2021";"253";"14";"100001377";"J.V.ARTTI COM. E RECUPERAD.PNEUS LTDA-ME";"02784513000166";"PREGÃO ELETRÔNICO";"0";"PROPRIA";"33903919";"MANUTENCAO E CONSERVACAO DE VEICULOS";"ALINHAMENTO DE DIRECAO EM VEICULOS LEVES";"258";"2025";"L";"28/01/2025";"0";"01/01/2025";"31/01/2025";"12"
"UNIDADE DE GESTÃO DE MOBILIDADE E TRANSPORTE";"15";"URBANISMO";"451";"INFRA-ESTRUTURA URBANA";"2025";"1389";"2021";"253";"14";"100001377";"J.V.ARTTI COM. E RECUPERAD.PNEUS LTDA-ME";"02784513000166";"PREGÃO ELETRÔNICO";"0";"PROPRIA";"33903919";"MANUTENCAO E CONSERVACAO DE VEICULOS";"CAMBAGEM EM VEICULOS LEVES";"678";"2025";"L";"28/01/2025";"0";"01/01/2025";"31/01/2025";"12"
"UNIDADE DE GESTÃO DE MOBILIDADE E TRANSPORTE";"15";"URBANISMO";"451";"INFRA-ESTRUTURA URBANA";"2025";"1389";"2021";"253";"14";"100001377";"J.V.ARTTI COM. E RECUPERAD.PNEUS LTDA-ME";"02784513000166";"PREGÃO ELETRÔNICO";"0";"PROPRIA";"33903919";"MANUTENCAO E CONSERVACAO DE VEICULOS";"CAMBAGEM EM VEICULOS PESADOS";"340";"2025";"L";"28/01/2025";"0";"01/01/2025";"31/01/2025";"12"
"UNIDADE DE GESTÃO DE MOBILIDADE E TRANSPORTE";"15";"URBANISMO";"451";"INFRA-ESTRUTURA URBANA";"2025";"1389";"2021";"253";"14";"100001377";"J.V.ARTTI COM. E RECUPERAD.PNEUS LTDA-ME";"02784513000166";"PREGÃO ELETRÔNICO";"0";"PROPRIA";"33903919";"MANUTENCAO E CONSERVACAO DE VEICULOS";"ALINHAMENTO DE DIRECAO EM VEICULOS PESADOS";"135";"2025";"L";"28/01/2025";"0";"01/01/2025";"31/01/2025";"12"
"UNIDADE DE GESTÃO DE MOBILIDADE E TRANSPORTE";"15";"URBANISMO";"451";"INFRA-ESTRUTURA URBANA";"2025";"1389";"2021";"253";"14";"100001377";"J.V.ARTTI COM. E RECUPERAD.PNEUS LTDA-ME";"02784513000166";"PREGÃO ELETRÔNICO";"0";"PROPRIA";"33903919";"MANUTENCAO E CONSERVACAO DE VEICULOS";"MONTAGEM DE PNEUS-VEICULO LEVE";"144";"2025";"L";"29/01/2025";"0";"01/01/2025";"31/01/2025";"12"
"UNIDADE DE GESTÃO DE MOBILIDADE E TRANSPORTE";"15";"URBANISMO";"451";"INFRA-ESTRUTURA URBANA";"2025";"1389";"2021";"253";"14";"100001377";"J.V.ARTTI COM. E RECUPERAD.PNEUS LTDA-ME";"02784513000166";"PREGÃO ELETRÔNICO";"0";"PROPRIA";"33903919";"MANUTENCAO E CONSERVACAO DE VEICULOS";"CAMBAGEM EM VEICULOS LEVES";"452";"2025";"L";"29/01/2025";"0";"01/01/2025";"31/01/2025";"12"
"UNIDADE DE GESTÃO DE MOBILIDADE E TRANSPORTE";"15";"URBANISMO";"451";"INFRA-ESTRUTURA URBANA";"2025";"1389";"2021";"253";"14";"100001377";"J.V.ARTTI COM. E RECUPERAD.PNEUS LTDA-ME";"02784513000166";"PREGÃO ELETRÔNICO";"0";"PROPRIA";"33903919";"MANUTENCAO E CONSERVACAO DE VEICULOS";"BALANCEAMENTO DE RODAS EM VEICULOS LEVES";"200";"2025";"L";"29/01/2025";"0";"01/01/2025";"31/01/2025";"12"
"UNIDADE DE GESTÃO DE MOBILIDADE E TRANSPORTE";"15";"URBANISMO";"451";"INFRA-ESTRUTURA URBANA";"2025";"1389";"2021";"253";"14";"100001377";"J.V.ARTTI COM. E RECUPERAD.PNEUS LTDA-ME";"02784513000166";"PREGÃO ELETRÔNICO";"0";"PROPRIA";"33903919";"MANUTENCAO E CONSERVACAO DE VEICULOS";"ALINHAMENTO DE DIRECAO EM VEICULOS LEVES";"172";"2025";"L";"29/01/2025";"0";"01/01/2025";"31/01/2025";"12"
"UNIDADE DE GESTÃO DE EDUCAÇÃO";"12";"EDUCAÇÃO";"361";"ENSINO FUNDAMENTAL";"2025";"1393";"2023";"64";"6";"4022141";"COMPANHIA DE INFORMATICA DE JUNDIAI - CIJUN";"67237644000179";"DISPENSA DE LICITACAO";"0";"PROPRIA";"33904099";"OUTROS SERVIÇOS DE TECNOLOGIA DA INFORMAÇÃO E COMU";"RENOVACAO LICENCIAMENTO GOOGLE WORKSPACE FOR EDUCATION";"620";"2025";"L";"27/01/2025";"0";"01/01/2025";"31/01/2025";"13"
"UNIDADE GESTÃO DE AGRONEGÓCIO. ABASTEC. E TURISMO";"23";"COMÉRCIO E SERVIÇOS";"695";"TURISMO";"2025";"1400";"2023";"413";"14";"100025362";"JGN LTDA EPP";"03302934000176";"PREGÃO ELETRÔNICO";"911";"RECURSO CESSÃO DIREITO OPERAC. FOLHA DE PAGAMENTO";"33903914";"LOCACAO BENS MOVEIS DE OUTRAS NATUREZAS E INTANGIV";"LOCACAO DE GALPAO/PAVILHAO 2 AGUAS. VAO DE 60M X 90M COMPR.";"1293840";"2025";"L";"24/01/2025";"0";"01/01/2025";"31/01/2025";"17"
"UNIDADE DE GESTÃO DE PROMOÇÃO DA SAÚDE";"10";"SAÚDE";"303";"SUPORTE PROFILÁTICO E TERAPÊUTICO";"2025";"1412";"2024";"242";"14";"100037635";"PARTNER FARMA DISTRIB. DE MEDICAMENTOS LTDA";"28123417000160";"PREGÃO ELETRÔNICO";"0";"PROPRIA";"33903037";"MEDICAMENTOS FORNECIDOS POR DECISÃO JUDICIAL";"CERTOLIZUMABE PEGOL 200MG SERINGA PREENCHIDA";"4365.48";"2025";"L";"24/01/2025";"0";"01/01/2025";"31/01/2025";"14"
"UNIDADE GESTÃO DE ASSISTÊNCIA E DESENVOLV. SOCIAL";"8";"ASSISTÊNCIA SOCIAL";"244";"ASSISTÊNCIA COMUNITÁRIA";"2025";"1413";"";"0";"0";"100037080";"ELISANGELA REGINA FLORENCIO";"42509957805";"";"0";"PROPRIA";"33904899";"DEMAIS AUXÍLIOS FINANCEIROS A PESSOAS FÍSICAS";"AUXILIO VULNERABILIDADE";"706";"2025";"L";"21/01/2025";"0";"01/01/2025";"31/01/2025";"15"
"UNIDADE GESTÃO DE ASSISTÊNCIA E DESENVOLV. SOCIAL";"8";"ASSISTÊNCIA SOCIAL";"244";"ASSISTÊNCIA COMUNITÁRIA";"2025";"1414";"";"0";"0";"100036845";"PRISCILA MACHADO LOPES";"35479541854";"";"0";"PROPRIA";"33904899";"DEMAIS AUXÍLIOS FINANCEIROS A PESSOAS FÍSICAS";"AUXILIO VULNERABILIDADE";"988.4";"2025";"L";"21/01/2025";"0";"01/01/2025";"31/01/2025";"15"
"UNIDADE DE GESTÃO DE CULTURA";"4";"ADMINISTRAÇÃO";"122";"ADMINISTRAÇÃO GERAL";"2025";"1415";"2025";"18";"1";"100010655";"CRISTIANE BISSOLI - ME";"05416296000140";"COMPRA DIRETA";"0";"PROPRIA";"33903039";"MATERIAL PARA MANUTENCAO DE VEICULOS";"BICO INFLADOR PARA PNEU VEICULO MEDIO";"120";"2025";"L";"28/01/2025";"0";"01/01/2025";"31/01/2025";"22"
"UNIDADE DE GESTÃO DE CULTURA";"4";"ADMINISTRAÇÃO";"122";"ADMINISTRAÇÃO GERAL";"2025";"1415";"2025";"18";"1";"100010655";"CRISTIANE BISSOLI - ME";"05416296000140";"COMPRA DIRETA";"0";"PROPRIA";"33903039";"MATERIAL PARA MANUTENCAO DE VEICULOS";"PNEU VAN/UTILITARIO RADIAL. 195/75 X R16";"5718";"2025";"L";"28/01/2025";"0";"01/01/2025";"31/01/2025";"22"
"UNIDADE DE GESTÃO DE CULTURA";"4";"ADMINISTRAÇÃO";"122";"ADMINISTRAÇÃO GERAL";"2025";"1416";"2025";"18";"1";"100010655";"CRISTIANE BISSOLI - ME";"05416296000140";"COMPRA DIRETA";"0";"PROPRIA";"33903919";"MANUTENCAO E CONSERVACAO DE VEICULOS";"MONTAGEM DE PNEUS VEICULO MEDIO";"210";"2025";"L";"28/01/2025";"0";"01/01/2025";"31/01/2025";"22"
"UNIDADE DE GESTÃO DE CULTURA";"4";"ADMINISTRAÇÃO";"122";"ADMINISTRAÇÃO GERAL";"2025";"1416";"2025";"18";"1";"100010655";"CRISTIANE BISSOLI - ME";"05416296000140";"COMPRA DIRETA";"0";"PROPRIA";"33903919";"MANUTENCAO E CONSERVACAO DE VEICULOS";"ALINHAMENTO DE DIRECAO EM VEICULOS MEDIOS";"140";"2025";"L";"28/01/2025";"0";"01/01/2025";"31/01/2025";"22"
"UNIDADE DE GESTÃO DE CULTURA";"4";"ADMINISTRAÇÃO";"122";"ADMINISTRAÇÃO GERAL";"2025";"1416";"2025";"18";"1";"100010655";"CRISTIANE BISSOLI - ME";"05416296000140";"COMPRA DIRETA";"0";"PROPRIA";"33903919";"MANUTENCAO E CONSERVACAO DE VEICULOS";"BALANCEAMENTO DE RODAS EM VEICULOS MEDIOS";"300";"2025";"L";"28/01/2025";"0";"01/01/2025";"31/01/2025";"22"
"UNIDADE DE GESTÃO DE CULTURA";"13";"CULTURA";"392";"DIFUSÃO CULTURAL";"2025";"1422";"2025";"21";"1";"100036387";"GEISA JULIANA TOLENTINO CUNHA";"21831796000102";"COMPRA DIRETA";"0";"PROPRIA";"33903923";"FESTIVIDADES E HOMENAGENS";"SHOW MUSICAL";"3000";"2025";"L";"31/01/2025";"0";"01/01/2025";"31/01/2025";"22"
"UNIDADE DE GESTÃO DE CULTURA";"13";"CULTURA";"392";"DIFUSÃO CULTURAL";"2025";"1427";"2025";"22";"1";"100036557";"ROBERTO CARLOS MACHADO 05914840805";"29448881000190";"COMPRA DIRETA";"0";"PROPRIA";"33903970";"CONFECCAO DE UNIFORMES. BANDEIRAS E FLAMULAS";"CONFECCAO DE FIGURINO";"5330";"2025";"L";"31/01/2025";"0";"01/01/2025";"31/01/2025";"22"
"UNIDADE DE GESTÃO DE CULTURA";"13";"CULTURA";"392";"DIFUSÃO CULTURAL";"2025";"1435";"2025";"26";"1";"100053097";"REGIANE DE JESUS DO NASCIMENTO REIS";"51941517000116";"COMPRA DIRETA";"0";"PROPRIA";"33903923";"FESTIVIDADES E HOMENAGENS";"SHOW MUSICAL";"3000";"2025";"L";"31/01/2025";"0";"01/01/2025";"31/01/2025";"22"
"UNIDADE DE GESTÃO DE CULTURA";"13";"CULTURA";"392";"DIFUSÃO CULTURAL";"2025";"1439";"2025";"28";"1";"100047230";"JONATAS CRUZ BRAZ ME";"42740257000120";"COMPRA DIRETA";"0";"PROPRIA";"33903923";"FESTIVIDADES E HOMENAGENS";"SHOW MUSICAL";"2500";"2025";"L";"31/01/2025";"0";"01/01/2025";"31/01/2025";"22"
"UNIDADE DE GESTÃO DE ADMINIST. E GESTÃO DE PESSOAS";"4";"ADMINISTRAÇÃO";"122";"ADMINISTRAÇÃO GERAL";"2025";"1452";"";"0";"0";"100043195";"2º OFICIAL DE REGISTRO DE IMÓVEIS. TÍTULOS E DOC. CIVIL DE PES. JURD. COM. JUNDIAI SP";"36350432000170";"";"0";"PROPRIA";"33903966";"SERVICOS JUDICIARIOS";"SERVICOS DE CARTORIOS(P. JURIDICAS).";"47.67";"2025";"L";"23/01/2025";"0";"01/01/2025";"31/01/2025";"7"
"UNIDADE DE GESTÃO DE GOVERNO E FINANÇAS";"28";"ENCARGOS ESPECIAIS";"846";"OUTROS ENCARGOS ESPECIAIS";"2025";"1458";"";"0";"0";"100031010";"JOÃO HENRIQUE RODRIGUES DE CAMARGO";"17880940855";"";"0";"PROPRIA";"33909115";"SENTENÇAS JUDICIAIS DE PEQUENO VALOR";"DESPESAS OBRIGATORIAS E/OU JUDICIAIS(P. FISICAS).";"1006.2";"2025";"L";"21/01/2025";"0";"01/01/2025";"31/01/2025";"8"
"UNIDADE DE GESTÃO DE GOVERNO E FINANÇAS";"28";"ENCARGOS ESPECIAIS";"846";"OUTROS ENCARGOS ESPECIAIS";"2025";"1459";"";"0";"0";"100035879";"VANIA DE ALMEIDA ROSA";"08316174898";"";"0";"PROPRIA";"33909115";"SENTENÇAS JUDICIAIS DE PEQUENO VALOR";"DESPESAS OBRIGATORIAS E/OU JUDICIAIS(P. FISICAS).";"1337.42";"2025";"L";"22/01/2025";"0";"01/01/2025";"31/01/2025";"8"
"UNIDADE DE GESTÃO DE GOVERNO E FINANÇAS";"28";"ENCARGOS ESPECIAIS";"846";"OUTROS ENCARGOS ESPECIAIS";"2025";"1460";"";"0";"0";"100053884";"DANIELA SALES DA SILVA";"42402813857";"";"0";"PROPRIA";"33909115";"SENTENÇAS JUDICIAIS DE PEQUENO VALOR";"DESPESAS OBRIGATORIAS E/OU JUDICIAIS(P. FISICAS).";"1201.06";"2025";"L";"22/01/2025";"0";"01/01/2025";"31/01/2025";"8"
"UNIDADE GESTÃO DE PLANEJ. URBANO E MEIO AMBIENTE";"18";"GESTÃO AMBIENTAL";"541";"PRESERVAÇÃO E CONSERVAÇÃO AMBIENTAL";"2025";"1464";"";"0";"0";"100006182";"ASSOCIACAO MATA CILIAR";"61056933000195";"";"903";"ROYALTIES";"33503901";"TERMO DE COLABORAÇÃO";"CONVENIO MROSC - LEI 13019/2014 - MARCO REGUL.ORG.SOC.CIVIL";"66235.57";"2025";"L";"20/01/2025";"0";"01/01/2025";"31/01/2025";"11"
"UNIDADE DE GESTÃO DE SEGURANÇA MUNICIPAL";"6";"SEGURANÇA PÚBLICA";"181";"POLICIAMENTO";"2025";"1465";"";"0";"0";"100002650";"COMPANHIA PIRATININGA DE FORCA E LUZ";"04172213000151";"";"5701";"FUNDO MUNICIPAL DE ILUMINAÇÃO PUBLICA/CIP/LC988/14";"33903943";"SERVICOS DE ENERGIA ELETRICA";"ENERGIA ELETRICA(TAXAS E TAR.).";"5882.87";"2025";"L";"20/01/2025";"0";"01/01/2025";"31/01/2025";"19"
"UNIDADE DE GESTÃO DE SEGURANÇA MUNICIPAL";"6";"SEGURANÇA PÚBLICA";"181";"POLICIAMENTO";"2025";"1465";"";"0";"0";"100002650";"COMPANHIA PIRATININGA DE FORCA E LUZ";"04172213000151";"";"5701";"FUNDO MUNICIPAL DE ILUMINAÇÃO PUBLICA/CIP/LC988/14";"33903943";"SERVICOS DE ENERGIA ELETRICA";"ENERGIA ELETRICA(TAXAS E TAR.).";"4619.72";"2025";"L";"20/01/2025";"0";"01/01/2025";"31/01/2025";"19"
"UNIDADE DE GESTÃO DE SEGURANÇA MUNICIPAL";"6";"SEGURANÇA PÚBLICA";"181";"POLICIAMENTO";"2025";"1465";"";"0";"0";"100002650";"COMPANHIA PIRATININGA DE FORCA E LUZ";"04172213000151";"";"5701";"FUNDO MUNICIPAL DE ILUMINAÇÃO PUBLICA/CIP/LC988/14";"33903943";"SERVICOS DE ENERGIA ELETRICA";"ENERGIA ELETRICA(TAXAS E TAR.).";"7051.34";"2025";"L";"20/01/2025";"0";"01/01/2025";"31/01/2025";"19"
"UNIDADE DE GESTÃO DE SEGURANÇA MUNICIPAL";"6";"SEGURANÇA PÚBLICA";"181";"POLICIAMENTO";"2025";"1465";"";"0";"0";"100002650";"COMPANHIA PIRATININGA DE FORCA E LUZ";"04172213000151";"";"5701";"FUNDO MUNICIPAL DE ILUMINAÇÃO PUBLICA/CIP/LC988/14";"33903943";"SERVICOS DE ENERGIA ELETRICA";"ENERGIA ELETRICA(TAXAS E TAR.).";"6768.24";"2025";"L";"20/01/2025";"0";"01/01/2025";"31/01/2025";"19"
"UNIDADE DE GESTÃO DE SEGURANÇA MUNICIPAL";"6";"SEGURANÇA PÚBLICA";"181";"POLICIAMENTO";"2025";"1465";"";"0";"0";"100002650";"COMPANHIA PIRATININGA DE FORCA E LUZ";"04172213000151";"";"5701";"FUNDO MUNICIPAL DE ILUMINAÇÃO PUBLICA/CIP/LC988/14";"33903943";"SERVICOS DE ENERGIA ELETRICA";"ENERGIA ELETRICA(TAXAS E TAR.).";"1150.44";"2025";"L";"20/01/2025";"0";"01/01/2025";"31/01/2025";"19"
"UNIDADE DE GESTÃO DE SEGURANÇA MUNICIPAL";"6";"SEGURANÇA PÚBLICA";"181";"POLICIAMENTO";"2025";"1465";"";"0";"0";"100002650";"COMPANHIA PIRATININGA DE FORCA E LUZ";"04172213000151";"";"5701";"FUNDO MUNICIPAL DE ILUMINAÇÃO PUBLICA/CIP/LC988/14";"33903943";"SERVICOS DE ENERGIA ELETRICA";"ENERGIA ELETRICA(TAXAS E TAR.).";"454.04";"2025";"L";"20/01/2025";"0";"01/01/2025";"31/01/2025";"19"
"UNIDADE DE GESTÃO DE SEGURANÇA MUNICIPAL";"6";"SEGURANÇA PÚBLICA";"181";"POLICIAMENTO";"2025";"1465";"";"0";"0";"100002650";"COMPANHIA PIRATININGA DE FORCA E LUZ";"04172213000151";"";"5701";"FUNDO MUNICIPAL DE ILUMINAÇÃO PUBLICA/CIP/LC988/14";"33903943";"SERVICOS DE ENERGIA ELETRICA";"ENERGIA ELETRICA(TAXAS E TAR.).";"6155.8";"2025";"L";"20/01/2025";"0";"01/01/2025";"31/01/2025";"19"
"UNIDADE DE GESTÃO DE SEGURANÇA MUNICIPAL";"6";"SEGURANÇA PÚBLICA";"181";"POLICIAMENTO";"2025";"1465";"";"0";"0";"100002650";"COMPANHIA PIRATININGA DE FORCA E LUZ";"04172213000151";"";"5701";"FUNDO MUNICIPAL DE ILUMINAÇÃO PUBLICA/CIP/LC988/14";"33903943";"SERVICOS DE ENERGIA ELETRICA";"ENERGIA ELETRICA(TAXAS E TAR.).";"7713.77";"2025";"L";"21/01/2025";"0";"01/01/2025";"31/01/2025";"19"
"UNIDADE DE GESTÃO DE SEGURANÇA MUNICIPAL";"6";"SEGURANÇA PÚBLICA";"181";"POLICIAMENTO";"2025";"1465";"";"0";"0";"100002650";"COMPANHIA PIRATININGA DE FORCA E LUZ";"04172213000151";"";"5701";"FUNDO MUNICIPAL DE ILUMINAÇÃO PUBLICA/CIP/LC988/14";"33903943";"SERVICOS DE ENERGIA ELETRICA";"ENERGIA ELETRICA(TAXAS E TAR.).";"5399.66";"2025";"L";"21/01/2025";"0";"01/01/2025";"31/01/2025";"19"
"UNIDADE DE GESTÃO DE SEGURANÇA MUNICIPAL";"6";"SEGURANÇA PÚBLICA";"181";"POLICIAMENTO";"2025";"1465";"";"0";"0";"100002650";"COMPANHIA PIRATININGA DE FORCA E LUZ";"04172213000151";"";"5701";"FUNDO MUNICIPAL DE ILUMINAÇÃO PUBLICA/CIP/LC988/14";"33903943";"SERVICOS DE ENERGIA ELETRICA";"ENERGIA ELETRICA(TAXAS E TAR.).";"456.37";"2025";"L";"21/01/2025";"0";"01/01/2025";"31/01/2025";"19"
"UNIDADE DE GESTÃO DE SEGURANÇA MUNICIPAL";"6";"SEGURANÇA PÚBLICA";"181";"POLICIAMENTO";"2025";"1465";"";"0";"0";"100002650";"COMPANHIA PIRATININGA DE FORCA E LUZ";"04172213000151";"";"5701";"FUNDO MUNICIPAL DE ILUMINAÇÃO PUBLICA/CIP/LC988/14";"33903943";"SERVICOS DE ENERGIA ELETRICA";"ENERGIA ELETRICA(TAXAS E TAR.).";"455.29";"2025";"L";"21/01/2025";"0";"01/01/2025";"31/01/2025";"19"
"UNIDADE DE GESTÃO DE SEGURANÇA MUNICIPAL";"6";"SEGURANÇA PÚBLICA";"181";"POLICIAMENTO";"2025";"1465";"";"0";"0";"100002650";"COMPANHIA PIRATININGA DE FORCA E LUZ";"04172213000151";"";"5701";"FUNDO MUNICIPAL DE ILUMINAÇÃO PUBLICA/CIP/LC988/14";"33903943";"SERVICOS DE ENERGIA ELETRICA";"ENERGIA ELETRICA(TAXAS E TAR.).";"445.21";"2025";"L";"21/01/2025";"0";"01/01/2025";"31/01/2025";"19"
"UNIDADE DE GESTÃO DE SEGURANÇA MUNICIPAL";"6";"SEGURANÇA PÚBLICA";"181";"POLICIAMENTO";"2025";"1465";"";"0";"0";"100002650";"COMPANHIA PIRATININGA DE FORCA E LUZ";"04172213000151";"";"5701";"FUNDO MUNICIPAL DE ILUMINAÇÃO PUBLICA/CIP/LC988/14";"33903943";"SERVICOS DE ENERGIA ELETRICA";"ENERGIA ELETRICA(TAXAS E TAR.).";"4453.54";"2025";"L";"21/01/2025";"0";"01/01/2025";"31/01/2025";"19"
"UNIDADE DE GESTÃO DE SEGURANÇA MUNICIPAL";"6";"SEGURANÇA PÚBLICA";"181";"POLICIAMENTO";"2025";"1465";"";"0";"0";"100002650";"COMPANHIA PIRATININGA DE FORCA E LUZ";"04172213000151";"";"5701";"FUNDO MUNICIPAL DE ILUMINAÇÃO PUBLICA/CIP/LC988/14";"33903943";"SERVICOS DE ENERGIA ELETRICA";"ENERGIA ELETRICA(TAXAS E TAR.).";"667.66";"2025";"L";"22/01/2025";"0";"01/01/2025";"31/01/2025";"19"
"UNIDADE DE GESTÃO DE SEGURANÇA MUNICIPAL";"6";"SEGURANÇA PÚBLICA";"181";"POLICIAMENTO";"2025";"1465";"";"0";"0";"100002650";"COMPANHIA PIRATININGA DE FORCA E LUZ";"04172213000151";"";"5701";"FUNDO MUNICIPAL DE ILUMINAÇÃO PUBLICA/CIP/LC988/14";"33903943";"SERVICOS DE ENERGIA ELETRICA";"ENERGIA ELETRICA(TAXAS E TAR.).";"566.47";"2025";"L";"22/01/2025";"0";"01/01/2025";"31/01/2025";"19"
"UNIDADE DE GESTÃO DE SEGURANÇA MUNICIPAL";"6";"SEGURANÇA PÚBLICA";"181";"POLICIAMENTO";"2025";"1465";"";"0";"0";"100002650";"COMPANHIA PIRATININGA DE FORCA E LUZ";"04172213000151";"";"5701";"FUNDO MUNICIPAL DE ILUMINAÇÃO PUBLICA/CIP/LC988/14";"33903943";"SERVICOS DE ENERGIA ELETRICA";"ENERGIA ELETRICA(TAXAS E TAR.).";"459.86";"2025";"L";"22/01/2025";"0";"01/01/2025";"31/01/2025";"19"
"UNIDADE DE GESTÃO DE SEGURANÇA MUNICIPAL";"6";"SEGURANÇA PÚBLICA";"181";"POLICIAMENTO";"2025";"1465";"";"0";"0";"100002650";"COMPANHIA PIRATININGA DE FORCA E LUZ";"04172213000151";"";"5701";"FUNDO MUNICIPAL DE ILUMINAÇÃO PUBLICA/CIP/LC988/14";"33903943";"SERVICOS DE ENERGIA ELETRICA";"ENERGIA ELETRICA(TAXAS E TAR.).";"445.57";"2025";"L";"22/01/2025";"0";"01/01/2025";"31/01/2025";"19"
"UNIDADE DE GESTÃO DE SEGURANÇA MUNICIPAL";"6";"SEGURANÇA PÚBLICA";"181";"POLICIAMENTO";"2025";"1465";"";"0";"0";"100002650";"COMPANHIA PIRATININGA DE FORCA E LUZ";"04172213000151";"";"5701";"FUNDO MUNICIPAL DE ILUMINAÇÃO PUBLICA/CIP/LC988/14";"33903943";"SERVICOS DE ENERGIA ELETRICA";"ENERGIA ELETRICA(TAXAS E TAR.).";"824.41";"2025";"L";"27/01/2025";"0";"01/01/2025";"31/01/2025";"19"
"UNIDADE DE GESTÃO DE SEGURANÇA MUNICIPAL";"6";"SEGURANÇA PÚBLICA";"181";"POLICIAMENTO";"2025";"1465";"";"0";"0";"100002650";"COMPANHIA PIRATININGA DE FORCA E LUZ";"04172213000151";"";"5701";"FUNDO MUNICIPAL DE ILUMINAÇÃO PUBLICA/CIP/LC988/14";"33903943";"SERVICOS DE ENERGIA ELETRICA";"ENERGIA ELETRICA(TAXAS E TAR.).";"524.39";"2025";"L";"27/01/2025";"0";"01/01/2025";"31/01/2025";"19"
"UNIDADE DE GESTÃO DE SEGURANÇA MUNICIPAL";"6";"SEGURANÇA PÚBLICA";"181";"POLICIAMENTO";"2025";"1465";"";"0";"0";"100002650";"COMPANHIA PIRATININGA DE FORCA E LUZ";"04172213000151";"";"5701";"FUNDO MUNICIPAL DE ILUMINAÇÃO PUBLICA/CIP/LC988/14";"33903943";"SERVICOS DE ENERGIA ELETRICA";"ENERGIA ELETRICA(TAXAS E TAR.).";"445.57";"2025";"L";"29/01/2025";"0";"01/01/2025";"31/01/2025";"19"
"UNIDADE DE GESTÃO DE GOVERNO E FINANÇAS";"28";"ENCARGOS ESPECIAIS";"846";"OUTROS ENCARGOS ESPECIAIS";"2025";"1471";"";"0";"0";"7032144";"AMELIA ISABEL ANESIO BERNARDI";"16854058864";"";"0";"PROPRIA";"33909302";"RESTITUICOES";"INDENIZACOES E/OU RESSARCIMENTOS(P. FISICA).";"38182.46";"2025";"L";"21/01/2025";"0";"01/01/2025";"31/01/2025";"8"
"UNIDADE DE GESTÃO DE GOVERNO E FINANÇAS";"28";"ENCARGOS ESPECIAIS";"846";"OUTROS ENCARGOS ESPECIAIS";"2025";"1486";"";"0";"0";"100057779";"SEBASTIÃO VALENTIM BARBOZA";"96308931853";"";"0";"PROPRIA";"33909302";"RESTITUICOES";"INDENIZACOES E/OU RESSARCIMENTOS(P. FISICA).";"113904.22";"2025";"L";"21/01/2025";"0";"01/01/2025";"31/01/2025";"8"
"UNIDADE DE GESTÃO DE PROMOÇÃO DA SAÚDE";"10";"SAÚDE";"301";"ATENÇÃO BÁSICA";"2025";"1491";"";"0";"0";"4001269";"HOSPITAL DE CARIDADE S.VICENTE DE PAULA";"50944198000130";"";"5815";"FES/TRANSFERENCIA DO FUNDO ESTADUAL DE SAUDE - APS";"33503953";"SERVIÇOS MÉDICO-HOSPITALARES PRESTADOS NA ATENÇÃO";"SERVICOS DE SAUDE(P. JURIDICAS).";"200000";"2025";"L";"20/01/2025";"0";"01/01/2025";"31/01/2025";"14"
"UNIDADE DE GESTÃO DE EDUCAÇÃO";"12";"EDUCAÇÃO";"361";"ENSINO FUNDAMENTAL";"2025";"1492";"";"0";"0";"100000736";"SECRETARIA DE ESTADO DA EDUCACAO";"46384111000140";"";"5203";"FUNDO MANUT.DES.ED.BÁSICA E VALOR.PROF.MAG.-FUNDEB";"33909299";"OUTRAS DESPESAS CORRENTES";"DESPESAS RESULT.DE LEIS. DEC.. CONV.. ACORDOS(PESSOAL CONV.)";"255889.73";"2025";"L";"23/01/2025";"0";"01/01/2025";"31/01/2025";"13"
"UNIDADE DE GESTÃO DE PROMOÇÃO DA SAÚDE";"10";"SAÚDE";"301";"ATENÇÃO BÁSICA";"2025";"1493";"";"0";"0";"100047961";"SECRETARIA DA FAZENDA E PLANEJ. DO ESTADO DE SP";"46377222000129";"";"5002";"FUNDO NACIONAL DE SAUDE - PAB";"33909399";"DIVERSAS INDENIZACOES E RESTITUICOES";"MULTAS DIVERSAS";"7072";"2025";"L";"22/01/2025";"0";"01/01/2025";"31/01/2025";"14"
"UNIDADE DE GESTÃO DE PROMOÇÃO DA SAÚDE";"10";"SAÚDE";"301";"ATENÇÃO BÁSICA";"2025";"1493";"";"0";"0";"100047961";"SECRETARIA DA FAZENDA E PLANEJ. DO ESTADO DE SP";"46377222000129";"";"5002";"FUNDO NACIONAL DE SAUDE - PAB";"33909399";"DIVERSAS INDENIZACOES E RESTITUICOES";"MULTAS DIVERSAS";"21923.2";"2025";"L";"22/01/2025";"0";"01/01/2025";"31/01/2025";"14"
"UNIDADE DE GESTÃO DE PROMOÇÃO DA SAÚDE";"10";"SAÚDE";"301";"ATENÇÃO BÁSICA";"2025";"1493";"";"0";"0";"100047961";"SECRETARIA DA FAZENDA E PLANEJ. DO ESTADO DE SP";"46377222000129";"";"5002";"FUNDO NACIONAL DE SAUDE - PAB";"33909399";"DIVERSAS INDENIZACOES E RESTITUICOES";"MULTAS DIVERSAS";"4243.2";"2025";"L";"22/01/2025";"0";"01/01/2025";"31/01/2025";"14"
"UNIDADE DE GESTÃO DE PROMOÇÃO DA SAÚDE";"10";"SAÚDE";"301";"ATENÇÃO BÁSICA";"2025";"1493";"";"0";"0";"100047961";"SECRETARIA DA FAZENDA E PLANEJ. DO ESTADO DE SP";"46377222000129";"";"5002";"FUNDO NACIONAL DE SAUDE - PAB";"33909399";"DIVERSAS INDENIZACOES E RESTITUICOES";"MULTAS DIVERSAS";"6364.8";"2025";"L";"22/01/2025";"0";"01/01/2025";"31/01/2025";"14"
"UNIDADE DE GESTÃO DE PROMOÇÃO DA SAÚDE";"10";"SAÚDE";"302";"ASSISTÊNCIA HOSPITALAR E AMBULATORIAL";"2025";"1494";"";"0";"0";"100047961";"SECRETARIA DA FAZENDA E PLANEJ. DO ESTADO DE SP";"46377222000129";"";"5001";"FUNDO NACIONAL DE SAUDE - MS/SAS";"33909399";"DIVERSAS INDENIZACOES E RESTITUICOES";"MULTAS DIVERSAS";"3536";"2025";"L";"22/01/2025";"0";"01/01/2025";"31/01/2025";"14"
"UNIDADE DE GESTÃO DE PROMOÇÃO DA SAÚDE";"10";"SAÚDE";"305";"VIGILÂNCIA EPIDEMIOLÓGICA";"2025";"1495";"";"0";"0";"100047961";"SECRETARIA DA FAZENDA E PLANEJ. DO ESTADO DE SP";"46377222000129";"";"5004";"FUNDO NACIONAL SAUDE-TETO FIN.EPID.E CONTR.DOENCAS";"33909399";"DIVERSAS INDENIZACOES E RESTITUICOES";"MULTAS DIVERSAS";"2121.6";"2025";"L";"22/01/2025";"0";"01/01/2025";"31/01/2025";"14"
"UNIDADE DE GESTÃO DE GOVERNO E FINANÇAS";"28";"ENCARGOS ESPECIAIS";"846";"OUTROS ENCARGOS ESPECIAIS";"2025";"1496";"";"0";"0";"100057784";"SUELÍ APARECIDA FRANCISCO PATELLI";"00206726830";"";"0";"PROPRIA";"33909302";"RESTITUICOES";"INDENIZACOES E/OU RESSARCIMENTOS(P. FISICA).";"10911.86";"2025";"L";"21/01/2025";"0";"01/01/2025";"31/01/2025";"8"
"UNIDADE DE GESTÃO DA CASA CIVIL";"4";"ADMINISTRAÇÃO";"122";"ADMINISTRAÇÃO GERAL";"2025";"1502";"2005";"23";"6";"100042009";"YF-DEL NEGOCIOS IMOBILIARIOS E PARTICIP.LTDA";"34628219000151";"DISPENSA DE LICITACAO";"0";"PROPRIA";"33903910";"LOCACAO DE IMOVEIS";"LOCACAO-IMOVEL - CARTORIO DO SERVICO";"14500";"2025";"L";"30/01/2025";"0";"01/01/2025";"31/01/2025";"3"
"UNIDADE DE GESTÃO DE PROMOÇÃO DA SAÚDE";"10";"SAÚDE";"302";"ASSISTÊNCIA HOSPITALAR E AMBULATORIAL";"2025";"1514";"";"0";"0";"100047961";"SECRETARIA DA FAZENDA E PLANEJ. DO ESTADO DE SP";"46377222000129";"";"0";"PROPRIA";"33909399";"DIVERSAS INDENIZACOES E RESTITUICOES";"MULTAS DIVERSAS";"8486.4";"2025";"L";"22/01/2025";"0";"01/01/2025";"31/01/2025";"14"
"UNIDADE GESTÃO DE AGRONEGÓCIO. ABASTEC. E TURISMO";"4";"ADMINISTRAÇÃO";"122";"ADMINISTRAÇÃO GERAL";"2025";"1515";"2024";"70";"14";"1001791";"COMERCIAL JOAO AFONSO LTDA.";"53437315000167";"PREGÃO ELETRÔNICO";"0";"PROPRIA";"33903007";"GENEROS DE ALIMENTACAO";"CAFE TORRADO E MOIDO. COM 500G. QUAL. GLOBAL MIN. 4.8 PONTOS";"766";"2025";"L";"22/01/2025";"0";"01/01/2025";"31/01/2025";"17"
"UNIDADE DE GESTÃO DE MOBILIDADE E TRANSPORTE";"15";"URBANISMO";"451";"INFRA-ESTRUTURA URBANA";"2025";"1516";"";"0";"0";"4036624";"I.N.S.S.-SERVICOS DE TERCEIROS";"29979036000140";"";"5403";"FUNDO MUNICIPAL DE TRANSITO - MULTAS";"33904718";"CONTRIBUICOES PREVIDENCIARIAS - SERVICOS DE TERCEI";"RECOLHIMENTO OBRIGACOES PREVID. E FISCAIS(P. FISICAS).";"775.34";"2025";"L";"23/01/2025";"0";"01/01/2025";"31/01/2025";"12"
"UNIDADE DE GESTÃO DE GOVERNO E FINANÇAS";"28";"ENCARGOS ESPECIAIS";"846";"OUTROS ENCARGOS ESPECIAIS";"2025";"1517";"";"0";"0";"100023572";"ROBSON PERES";"21044275847";"";"0";"PROPRIA";"33909115";"SENTENÇAS JUDICIAIS DE PEQUENO VALOR";"DESPESAS OBRIGATORIAS E/OU JUDICIAIS(P. FISICAS).";"4684.44";"2025";"L";"17/01/2025";"0";"01/01/2025";"31/01/2025";"8"
"UNIDADE DE GESTÃO DE GOVERNO E FINANÇAS";"28";"ENCARGOS ESPECIAIS";"846";"OUTROS ENCARGOS ESPECIAIS";"2025";"1521";"";"0";"0";"100057781";"LUIZ MAURICIO DA SILVA";"09683132804";"";"0";"PROPRIA";"33909115";"SENTENÇAS JUDICIAIS DE PEQUENO VALOR";"DESPESAS OBRIGATORIAS E/OU JUDICIAIS(P. FISICAS).";"4244.66";"2025";"L";"23/01/2025";"0";"01/01/2025";"31/01/2025";"8"
"UNIDADE DE GESTÃO DE GOVERNO E FINANÇAS";"28";"ENCARGOS ESPECIAIS";"846";"OUTROS ENCARGOS ESPECIAIS";"2025";"1522";"";"0";"0";"100057780";"ISABEL FERNANDA BERTOLINO FERREIRA";"22335629840";"";"0";"PROPRIA";"33909115";"SENTENÇAS JUDICIAIS DE PEQUENO VALOR";"DESPESAS OBRIGATORIAS E/OU JUDICIAIS(P. FISICAS).";"7820.4";"2025";"L";"23/01/2025";"0";"01/01/2025";"31/01/2025";"8"
"UNIDADE DE GESTÃO DE GOVERNO E FINANÇAS";"28";"ENCARGOS ESPECIAIS";"846";"OUTROS ENCARGOS ESPECIAIS";"2025";"1523";"";"0";"0";"100057782";"ROSANA KAZUMI MATSUBARA MIYATA";"31087170818";"";"0";"PROPRIA";"33909115";"SENTENÇAS JUDICIAIS DE PEQUENO VALOR";"DESPESAS OBRIGATORIAS E/OU JUDICIAIS(P. FISICAS).";"3026.04";"2025";"L";"23/01/2025";"0";"01/01/2025";"31/01/2025";"8"
"UNIDADE DE GESTÃO DE GOVERNO E FINANÇAS";"28";"ENCARGOS ESPECIAIS";"846";"OUTROS ENCARGOS ESPECIAIS";"2025";"1524";"";"0";"0";"100057783";"LUANA VALVERDE BOCCHINO";"34148199880";"";"0";"PROPRIA";"33909115";"SENTENÇAS JUDICIAIS DE PEQUENO VALOR";"DESPESAS OBRIGATORIAS E/OU JUDICIAIS(P. FISICAS).";"7962.76";"2025";"L";"23/01/2025";"0";"01/01/2025";"31/01/2025";"8"
"UNIDADE DE GESTÃO DE GOVERNO E FINANÇAS";"28";"ENCARGOS ESPECIAIS";"846";"OUTROS ENCARGOS ESPECIAIS";"2025";"1525";"";"0";"0";"100057785";"MATEUS HAIDAR DE LIMA";"44137948852";"";"0";"PROPRIA";"33909115";"SENTENÇAS JUDICIAIS DE PEQUENO VALOR";"DESPESAS OBRIGATORIAS E/OU JUDICIAIS(P. FISICAS).";"1300.66";"2025";"L";"21/01/2025";"0";"01/01/2025";"31/01/2025";"8"
"UNIDADE DE GESTÃO DE GOVERNO E FINANÇAS";"28";"ENCARGOS ESPECIAIS";"846";"OUTROS ENCARGOS ESPECIAIS";"2025";"1526";"";"0";"0";"100057786";"LUCIMARY BENJAMIN SOARES";"04217363800";"";"0";"PROPRIA";"33909115";"SENTENÇAS JUDICIAIS DE PEQUENO VALOR";"DESPESAS OBRIGATORIAS E/OU JUDICIAIS(P. FISICAS).";"2671.96";"2025";"L";"23/01/2025";"0";"01/01/2025";"31/01/2025";"8"
"UNIDADE DE GESTÃO DE GOVERNO E FINANÇAS";"28";"ENCARGOS ESPECIAIS";"846";"OUTROS ENCARGOS ESPECIAIS";"2025";"1527";"";"0";"0";"100050562";"MARCIO CRISTIANO DE CAMARGO";"16853207831";"";"0";"PROPRIA";"33909115";"SENTENÇAS JUDICIAIS DE PEQUENO VALOR";"DESPESAS OBRIGATORIAS E/OU JUDICIAIS(P. FISICAS).";"45540";"2025";"L";"23/01/2025";"0";"01/01/2025";"31/01/2025";"8"
"UNIDADE DE GESTÃO DE GOVERNO E FINANÇAS";"28";"ENCARGOS ESPECIAIS";"846";"OUTROS ENCARGOS ESPECIAIS";"2025";"1538";"";"0";"0";"100057788";"ANA CLAUDIA DIAS";"05867877477";"";"0";"PROPRIA";"33909115";"SENTENÇAS JUDICIAIS DE PEQUENO VALOR";"DESPESAS OBRIGATORIAS E/OU JUDICIAIS(P. FISICAS).";"10670.04";"2025";"L";"23/01/2025";"0";"01/01/2025";"31/01/2025";"8"
"UNIDADE DE GESTÃO DE GOVERNO E FINANÇAS";"28";"ENCARGOS ESPECIAIS";"846";"OUTROS ENCARGOS ESPECIAIS";"2025";"1539";"";"0";"0";"100057769";"CARINA APARECIDA BONI GALDINI";"30616004850";"";"0";"PROPRIA";"33909115";"SENTENÇAS JUDICIAIS DE PEQUENO VALOR";"DESPESAS OBRIGATORIAS E/OU JUDICIAIS(P. FISICAS).";"4363.48";"2025";"L";"21/01/2025";"0";"01/01/2025";"31/01/2025";"8"
"UNIDADE DE GESTÃO DE GOVERNO E FINANÇAS";"28";"ENCARGOS ESPECIAIS";"846";"OUTROS ENCARGOS ESPECIAIS";"2025";"1540";"";"0";"0";"100052738";"PAULO CARDOSO SOCIE.INDIV.DE ADVOCACIA";"42425500000115";"";"0";"PROPRIA";"33909115";"SENTENÇAS JUDICIAIS DE PEQUENO VALOR";"DESPESAS OBRIGATORIAS E/OU JUDICIAIS(P. JURIDICAS).";"2598.64";"2025";"L";"22/01/2025";"0";"01/01/2025";"31/01/2025";"8"
"UNIDADE DE GESTÃO DE GOVERNO E FINANÇAS";"28";"ENCARGOS ESPECIAIS";"846";"OUTROS ENCARGOS ESPECIAIS";"2025";"1541";"";"0";"0";"100035576";"DIEGO JORGE ALVES DE ARAUJO";"35032974803";"";"0";"PROPRIA";"33909115";"SENTENÇAS JUDICIAIS DE PEQUENO VALOR";"DESPESAS OBRIGATORIAS E/OU JUDICIAIS(P. FISICAS).";"2347.99";"2025";"L";"21/01/2025";"0";"01/01/2025";"31/01/2025";"8"
"UNIDADE DE GESTÃO DE GOVERNO E FINANÇAS";"28";"ENCARGOS ESPECIAIS";"846";"OUTROS ENCARGOS ESPECIAIS";"2025";"1542";"";"0";"0";"100052738";"PAULO CARDOSO SOCIE.INDIV.DE ADVOCACIA";"42425500000115";"";"0";"PROPRIA";"33909115";"SENTENÇAS JUDICIAIS DE PEQUENO VALOR";"DESPESAS OBRIGATORIAS E/OU JUDICIAIS(P. JURIDICAS).";"2306.65";"2025";"L";"23/01/2025";"0";"01/01/2025";"31/01/2025";"8"
"UNIDADE DE GESTÃO DE GOVERNO E FINANÇAS";"28";"ENCARGOS ESPECIAIS";"846";"OUTROS ENCARGOS ESPECIAIS";"2025";"1543";"";"0";"0";"100057793";"LUCIANO CONSOLINI FRANCHI";"15340730867";"";"0";"PROPRIA";"33909115";"SENTENÇAS JUDICIAIS DE PEQUENO VALOR";"DESPESAS OBRIGATORIAS E/OU JUDICIAIS(P. FISICAS).";"11776.52";"2025";"L";"21/01/2025";"0";"01/01/2025";"31/01/2025";"8"
"UNIDADE DE GESTÃO DE GOVERNO E FINANÇAS";"28";"ENCARGOS ESPECIAIS";"846";"OUTROS ENCARGOS ESPECIAIS";"2025";"1544";"";"0";"0";"100057794";"VANDERLEY DONOLA JUNIOR";"28909556803";"";"0";"PROPRIA";"33909115";"SENTENÇAS JUDICIAIS DE PEQUENO VALOR";"DESPESAS OBRIGATORIAS E/OU JUDICIAIS(P. FISICAS).";"4045.51";"2025";"L";"21/01/2025";"0";"01/01/2025";"31/01/2025";"8"
"UNIDADE DE GESTÃO DE GOVERNO E FINANÇAS";"28";"ENCARGOS ESPECIAIS";"846";"OUTROS ENCARGOS ESPECIAIS";"2025";"1545";"";"0";"0";"100057796";"SUZI MARA MATTOS PEPINO";"07954273873";"";"0";"PROPRIA";"33909115";"SENTENÇAS JUDICIAIS DE PEQUENO VALOR";"DESPESAS OBRIGATORIAS E/OU JUDICIAIS(P. FISICAS).";"2689.05";"2025";"L";"21/01/2025";"0";"01/01/2025";"31/01/2025";"8"
"UNIDADE DE GESTÃO DE GOVERNO E FINANÇAS";"28";"ENCARGOS ESPECIAIS";"846";"OUTROS ENCARGOS ESPECIAIS";"2025";"1546";"";"0";"0";"100057798";"MARIA SOELI NAGLIATI MENDES GONCALVES";"12005092851";"";"0";"PROPRIA";"33909115";"SENTENÇAS JUDICIAIS DE PEQUENO VALOR";"DESPESAS OBRIGATORIAS E/OU JUDICIAIS(P. FISICAS).";"15559.63";"2025";"L";"21/01/2025";"0";"01/01/2025";"31/01/2025";"8"
"UNIDADE DE GESTÃO DE GOVERNO E FINANÇAS";"28";"ENCARGOS ESPECIAIS";"846";"OUTROS ENCARGOS ESPECIAIS";"2025";"1547";"";"0";"0";"100042879";"ELIEL JUSTINO DE LIMA";"27217385857";"";"0";"PROPRIA";"33909115";"SENTENÇAS JUDICIAIS DE PEQUENO VALOR";"DESPESAS OBRIGATORIAS E/OU JUDICIAIS(P. FISICAS).";"2309.47";"2025";"L";"21/01/2025";"0";"01/01/2025";"31/01/2025";"8"
"UNIDADE DE GESTÃO DE GOVERNO E FINANÇAS";"28";"ENCARGOS ESPECIAIS";"846";"OUTROS ENCARGOS ESPECIAIS";"2025";"1548";"";"0";"0";"100057799";"JULIANA PAULA GARCIA MARTINEZ";"27781126858";"";"0";"PROPRIA";"33909115";"SENTENÇAS JUDICIAIS DE PEQUENO VALOR";"DESPESAS OBRIGATORIAS E/OU JUDICIAIS(P. FISICAS).";"17723.27";"2025";"L";"21/01/2025";"0";"01/01/2025";"31/01/2025";"8"
"UNIDADE DE GESTÃO DE GOVERNO E FINANÇAS";"28";"ENCARGOS ESPECIAIS";"846";"OUTROS ENCARGOS ESPECIAIS";"2025";"1549";"";"0";"0";"100043308";"EDUARDO DOS REIS CERQUEIRA";"32562153863";"";"0";"PROPRIA";"33909115";"SENTENÇAS JUDICIAIS DE PEQUENO VALOR";"DESPESAS OBRIGATORIAS E/OU JUDICIAIS(P. FISICAS).";"1217.85";"2025";"L";"21/01/2025";"0";"01/01/2025";"31/01/2025";"8"
"UNIDADE DE GESTÃO DE GOVERNO E FINANÇAS";"28";"ENCARGOS ESPECIAIS";"846";"OUTROS ENCARGOS ESPECIAIS";"2025";"1550";"";"0";"0";"100057800";"DENILSON OTERO VILLA";"18041472818";"";"0";"PROPRIA";"33909115";"SENTENÇAS JUDICIAIS DE PEQUENO VALOR";"DESPESAS OBRIGATORIAS E/OU JUDICIAIS(P. FISICAS).";"12959.76";"2025";"L";"21/01/2025";"0";"01/01/2025";"31/01/2025";"8"
"UNIDADE DE GESTÃO DE GOVERNO E FINANÇAS";"28";"ENCARGOS ESPECIAIS";"846";"OUTROS ENCARGOS ESPECIAIS";"2025";"1551";"";"0";"0";"100042293";"MARCIO DA SILVA";"22378660820";"";"0";"PROPRIA";"33909115";"SENTENÇAS JUDICIAIS DE PEQUENO VALOR";"DESPESAS OBRIGATORIAS E/OU JUDICIAIS(P. FISICAS).";"1300";"2025";"L";"21/01/2025";"0";"01/01/2025";"31/01/2025";"8"
"UNIDADE DE GESTÃO DE GOVERNO E FINANÇAS";"28";"ENCARGOS ESPECIAIS";"846";"OUTROS ENCARGOS ESPECIAIS";"2025";"1552";"";"0";"0";"100057801";"ARIANE CRISTINA PESSOTO DE MACEDO";"22952625859";"";"0";"PROPRIA";"33909115";"SENTENÇAS JUDICIAIS DE PEQUENO VALOR";"DESPESAS OBRIGATORIAS E/OU JUDICIAIS(P. FISICAS).";"3105.89";"2025";"L";"23/01/2025";"0";"01/01/2025";"31/01/2025";"8"
"UNIDADE DE GESTÃO DE EDUCAÇÃO";"12";"EDUCAÇÃO";"361";"ENSINO FUNDAMENTAL";"2025";"1555";"";"0";"0";"100000736";"SECRETARIA DE ESTADO DA EDUCACAO";"46384111000140";"";"5203";"FUNDO MANUT.DES.ED.BÁSICA E VALOR.PROF.MAG.-FUNDEB";"33909399";"DIVERSAS INDENIZACOES E RESTITUICOES";"DESPESAS RESULT.DE LEIS. DEC.. CONV.. ACORDOS(PESSOAL CONV.)";"33439.57";"2025";"L";"23/01/2025";"0";"01/01/2025";"31/01/2025";"13"
"UNIDADE DE GESTÃO DE GOVERNO E FINANÇAS";"28";"ENCARGOS ESPECIAIS";"846";"OUTROS ENCARGOS ESPECIAIS";"2025";"1556";"";"0";"0";"100057802";"ADRIANA STOCCO TAFARELLO";"06845655871";"";"0";"PROPRIA";"33909115";"SENTENÇAS JUDICIAIS DE PEQUENO VALOR";"DESPESAS OBRIGATORIAS E/OU JUDICIAIS(P. FISICAS).";"3658.65";"2025";"L";"21/01/2025";"0";"01/01/2025";"31/01/2025";"8"
"UNIDADE DE GESTÃO DE GOVERNO E FINANÇAS";"28";"ENCARGOS ESPECIAIS";"846";"OUTROS ENCARGOS ESPECIAIS";"2025";"1557";"";"0";"0";"100052749";"DANIELLA DE OLIVEIRA DAMASCENO";"26465133806";"";"0";"PROPRIA";"33909115";"SENTENÇAS JUDICIAIS DE PEQUENO VALOR";"DESPESAS OBRIGATORIAS E/OU JUDICIAIS(P. FISICAS).";"782.6";"2025";"L";"21/01/2025";"0";"01/01/2025";"31/01/2025";"8"
"UNIDADE DE GESTÃO DE GOVERNO E FINANÇAS";"28";"ENCARGOS ESPECIAIS";"846";"OUTROS ENCARGOS ESPECIAIS";"2025";"1558";"";"0";"0";"100042293";"MARCIO DA SILVA";"22378660820";"";"0";"PROPRIA";"33909115";"SENTENÇAS JUDICIAIS DE PEQUENO VALOR";"DESPESAS OBRIGATORIAS E/OU JUDICIAIS(P. FISICAS).";"884.13";"2025";"L";"21/01/2025";"0";"01/01/2025";"31/01/2025";"8"
"UNIDADE DE GESTÃO DE GOVERNO E FINANÇAS";"28";"ENCARGOS ESPECIAIS";"846";"OUTROS ENCARGOS ESPECIAIS";"2025";"1559";"";"0";"0";"100052749";"DANIELLA DE OLIVEIRA DAMASCENO";"26465133806";"";"0";"PROPRIA";"33909115";"SENTENÇAS JUDICIAIS DE PEQUENO VALOR";"DESPESAS OBRIGATORIAS E/OU JUDICIAIS(P. FISICAS).";"1248.35";"2025";"L";"22/01/2025";"0";"01/01/2025";"31/01/2025";"8"
"UNIDADE DE GESTÃO DE GOVERNO E FINANÇAS";"28";"ENCARGOS ESPECIAIS";"846";"OUTROS ENCARGOS ESPECIAIS";"2025";"1560";"";"0";"0";"100035879";"VANIA DE ALMEIDA ROSA";"08316174898";"";"0";"PROPRIA";"33909115";"SENTENÇAS JUDICIAIS DE PEQUENO VALOR";"DESPESAS OBRIGATORIAS E/OU JUDICIAIS(P. FISICAS).";"1479.56";"2025";"L";"22/01/2025";"0";"01/01/2025";"31/01/2025";"8"
"UNIDADE DE GESTÃO DE GOVERNO E FINANÇAS";"28";"ENCARGOS ESPECIAIS";"846";"OUTROS ENCARGOS ESPECIAIS";"2025";"1561";"";"0";"0";"100057803";"BRUNA ALINE PACE MORENO";"37525168873";"";"0";"PROPRIA";"33909115";"SENTENÇAS JUDICIAIS DE PEQUENO VALOR";"DESPESAS OBRIGATORIAS E/OU JUDICIAIS(P. FISICAS).";"820.35";"2025";"L";"22/01/2025";"0";"01/01/2025";"31/01/2025";"8"
"UNIDADE DE GESTÃO DE GOVERNO E FINANÇAS";"28";"ENCARGOS ESPECIAIS";"846";"OUTROS ENCARGOS ESPECIAIS";"2025";"1562";"";"0";"0";"100042664";"REINALDO NUNES DA SILVA";"30292702892";"";"0";"PROPRIA";"33909115";"SENTENÇAS JUDICIAIS DE PEQUENO VALOR";"DESPESAS OBRIGATORIAS E/OU JUDICIAIS(P. FISICAS).";"2318.44";"2025";"L";"22/01/2025";"0";"01/01/2025";"31/01/2025";"8"
"UNIDADE DE GESTÃO DE GOVERNO E FINANÇAS";"28";"ENCARGOS ESPECIAIS";"846";"OUTROS ENCARGOS ESPECIAIS";"2025";"1563";"";"0";"0";"100035879";"VANIA DE ALMEIDA ROSA";"08316174898";"";"0";"PROPRIA";"33909115";"SENTENÇAS JUDICIAIS DE PEQUENO VALOR";"DESPESAS OBRIGATORIAS E/OU JUDICIAIS(P. FISICAS).";"1386.35";"2025";"L";"22/01/2025";"0";"01/01/2025";"31/01/2025";"8"
"UNIDADE DE GESTÃO DE GOVERNO E FINANÇAS";"28";"ENCARGOS ESPECIAIS";"846";"OUTROS ENCARGOS ESPECIAIS";"2025";"1564";"";"0";"0";"100056744";"ROBERTO BARBOSA LEAL-SOCI.INDIVIDUAL ADV";"29139187000190";"";"0";"PROPRIA";"33909115";"SENTENÇAS JUDICIAIS DE PEQUENO VALOR";"DESPESAS OBRIGATORIAS E/OU JUDICIAIS(P. JURIDICAS).";"806.99";"2025";"L";"23/01/2025";"0";"01/01/2025";"31/01/2025";"8"
"UNIDADE DE GESTÃO DE GOVERNO E FINANÇAS";"28";"ENCARGOS ESPECIAIS";"846";"OUTROS ENCARGOS ESPECIAIS";"2025";"1565";"";"0";"0";"100056744";"ROBERTO BARBOSA LEAL-SOCI.INDIVIDUAL ADV";"29139187000190";"";"0";"PROPRIA";"33909115";"SENTENÇAS JUDICIAIS DE PEQUENO VALOR";"DESPESAS OBRIGATORIAS E/OU JUDICIAIS(P. JURIDICAS).";"1226.62";"2025";"L";"23/01/2025";"0";"01/01/2025";"31/01/2025";"8"
"UNIDADE DE GESTÃO DE GOVERNO E FINANÇAS";"28";"ENCARGOS ESPECIAIS";"846";"OUTROS ENCARGOS ESPECIAIS";"2025";"1566";"";"0";"0";"100056734";"GUILHERME VINICIUS SILVA DE OLIVEIRA";"40719262879";"";"0";"PROPRIA";"33909115";"SENTENÇAS JUDICIAIS DE PEQUENO VALOR";"DESPESAS OBRIGATORIAS E/OU JUDICIAIS(P. FISICAS).";"2757.88";"2025";"L";"23/01/2025";"0";"01/01/2025";"31/01/2025";"8"
"UNIDADE DE GESTÃO DE ADMINIST. E GESTÃO DE PESSOAS";"4";"ADMINISTRAÇÃO";"122";"ADMINISTRAÇÃO GERAL";"2025";"1570";"2018";"46";"6";"100014363";"UNITY EMPREENDIMENTOS IMOBILIARIOS LTDA.";"03959252000130";"DISPENSA DE LICITACAO";"0";"PROPRIA";"33903910";"LOCACAO DE IMOVEIS";"LOCACAO DE CENTRO DE DISTRIBUICAO COM A.V.C.B.";"3216.86";"2025";"L";"24/01/2025";"0";"01/01/2025";"31/01/2025";"7"
"UNIDADE GESTÃO DE PLANEJ. URBANO E MEIO AMBIENTE";"4";"ADMINISTRAÇÃO";"122";"ADMINISTRAÇÃO GERAL";"2025";"1576";"2022";"194";"14";"100019454";"SDL ELETRO ELETRONICA LTDA EPP";"11354726000149";"PREGÃO ELETRÔNICO";"0";"PROPRIA";"33904001";"LOCAÇÃO DE EQUIPAMENTOS E SOFTWARE";"LOCACAO COMPUTADOR INTERMEDIARIO SOFTWARE MICROSOFT OFFICE";"18444.24";"2025";"L";"20/01/2025";"0";"01/01/2025";"31/01/2025";"11"
"UNIDADE GESTÃO DE PLANEJ. URBANO E MEIO AMBIENTE";"4";"ADMINISTRAÇÃO";"122";"ADMINISTRAÇÃO GERAL";"2025";"1576";"2022";"194";"14";"100019454";"SDL ELETRO ELETRONICA LTDA EPP";"11354726000149";"PREGÃO ELETRÔNICO";"0";"PROPRIA";"33904001";"LOCAÇÃO DE EQUIPAMENTOS E SOFTWARE";"LOCACAO NOTEBOOK INTERMEDIARIO";"3758.04";"2025";"L";"20/01/2025";"0";"01/01/2025";"31/01/2025";"11"
"UNIDADE GESTÃO DE AGRONEGÓCIO. ABASTEC. E TURISMO";"23";"COMÉRCIO E SERVIÇOS";"695";"TURISMO";"2025";"1591";"2023";"420";"14";"100025362";"JGN LTDA EPP";"03302934000176";"PREGÃO ELETRÔNICO";"909";"RECURSOS TRANSFERIDOS PELA LEI COMPLEMENTAR Nº 176";"33903914";"LOCACAO BENS MOVEIS DE OUTRAS NATUREZAS E INTANGIV";"LOCACAO DE CATRACA ELETRONICA";"36000";"2025";"L";"29/01/2025";"0";"01/01/2025";"31/01/2025";"17"
"UNIDADE GESTÃO DE AGRONEGÓCIO. ABASTEC. E TURISMO";"23";"COMÉRCIO E SERVIÇOS";"695";"TURISMO";"2025";"1592";"2023";"411";"14";"100025362";"JGN LTDA EPP";"03302934000176";"PREGÃO ELETRÔNICO";"0";"PROPRIA";"33903914";"LOCACAO BENS MOVEIS DE OUTRAS NATUREZAS E INTANGIV";"LOCACAO DE BALCAO EM OCTANORM";"141132";"2025";"L";"27/01/2025";"0";"01/01/2025";"31/01/2025";"17"
"UNIDADE GESTÃO DE AGRONEGÓCIO. ABASTEC. E TURISMO";"23";"COMÉRCIO E SERVIÇOS";"695";"TURISMO";"2025";"1592";"2023";"411";"14";"100025362";"JGN LTDA EPP";"03302934000176";"PREGÃO ELETRÔNICO";"0";"PROPRIA";"33903914";"LOCACAO BENS MOVEIS DE OUTRAS NATUREZAS E INTANGIV";"LOCACAO DE DIVISORIAS EM OCTANORM";"889836.8";"2025";"L";"27/01/2025";"0";"01/01/2025";"31/01/2025";"17"
"UNIDADE GESTÃO DE AGRONEGÓCIO. ABASTEC. E TURISMO";"23";"COMÉRCIO E SERVIÇOS";"695";"TURISMO";"2025";"1593";"2023";"423";"14";"100025362";"JGN LTDA EPP";"03302934000176";"PREGÃO ELETRÔNICO";"909";"RECURSOS TRANSFERIDOS PELA LEI COMPLEMENTAR Nº 176";"33903912";"LOCACAO DE MAQUINAS E EQUIPAMENTOS";"LOCACAO DE PAINEL DE LED CAPTACAO E TRANSMISSAO AO VIVO";"8082";"2025";"L";"29/01/2025";"0";"01/01/2025";"31/01/2025";"17"
"UNIDADE GESTÃO DE AGRONEGÓCIO. ABASTEC. E TURISMO";"23";"COMÉRCIO E SERVIÇOS";"695";"TURISMO";"2025";"1594";"2023";"410";"14";"100025362";"JGN LTDA EPP";"03302934000176";"PREGÃO ELETRÔNICO";"909";"RECURSOS TRANSFERIDOS PELA LEI COMPLEMENTAR Nº 176";"33903914";"LOCACAO BENS MOVEIS DE OUTRAS NATUREZAS E INTANGIV";"LOCACAO-TENDA 4M X 4M. COM FECHAMENTO LATERAL";"12760";"2025";"L";"29/01/2025";"0";"01/01/2025";"31/01/2025";"17"
"UNIDADE GESTÃO DE AGRONEGÓCIO. ABASTEC. E TURISMO";"23";"COMÉRCIO E SERVIÇOS";"695";"TURISMO";"2025";"1594";"2023";"410";"14";"100025362";"JGN LTDA EPP";"03302934000176";"PREGÃO ELETRÔNICO";"909";"RECURSOS TRANSFERIDOS PELA LEI COMPLEMENTAR Nº 176";"33903914";"LOCACAO BENS MOVEIS DE OUTRAS NATUREZAS E INTANGIV";"LOCACAO-TENDA 6M X 6M. COM FECHAMENTO LATERAL";"38160";"2025";"L";"29/01/2025";"0";"01/01/2025";"31/01/2025";"17"
"UNIDADE GESTÃO DE AGRONEGÓCIO. ABASTEC. E TURISMO";"23";"COMÉRCIO E SERVIÇOS";"695";"TURISMO";"2025";"1594";"2023";"410";"14";"100025362";"JGN LTDA EPP";"03302934000176";"PREGÃO ELETRÔNICO";"909";"RECURSOS TRANSFERIDOS PELA LEI COMPLEMENTAR Nº 176";"33903914";"LOCACAO BENS MOVEIS DE OUTRAS NATUREZAS E INTANGIV";"LOCACAO-TENDA 5M X 5M. COM FECHAMENTO LATERAL";"31840";"2025";"L";"29/01/2025";"0";"01/01/2025";"31/01/2025";"17"
"UNIDADE GESTÃO DE AGRONEGÓCIO. ABASTEC. E TURISMO";"23";"COMÉRCIO E SERVIÇOS";"695";"TURISMO";"2025";"1594";"2023";"410";"14";"100025362";"JGN LTDA EPP";"03302934000176";"PREGÃO ELETRÔNICO";"909";"RECURSOS TRANSFERIDOS PELA LEI COMPLEMENTAR Nº 176";"33903914";"LOCACAO BENS MOVEIS DE OUTRAS NATUREZAS E INTANGIV";"LOCACAO-TENDA 8M X 8M. COM FECHAMENTO LATERAL";"48160";"2025";"L";"29/01/2025";"0";"01/01/2025";"31/01/2025";"17"
"UNIDADE GESTÃO DE AGRONEGÓCIO. ABASTEC. E TURISMO";"23";"COMÉRCIO E SERVIÇOS";"695";"TURISMO";"2025";"1594";"2023";"410";"14";"100025362";"JGN LTDA EPP";"03302934000176";"PREGÃO ELETRÔNICO";"909";"RECURSOS TRANSFERIDOS PELA LEI COMPLEMENTAR Nº 176";"33903914";"LOCACAO BENS MOVEIS DE OUTRAS NATUREZAS E INTANGIV";"LOCACAO-TENDA 10M X 10M. COM FECHAMENTO LATERAL";"212676";"2025";"L";"29/01/2025";"0";"01/01/2025";"31/01/2025";"17"
"UNIDADE GESTÃO DE AGRONEGÓCIO. ABASTEC. E TURISMO";"23";"COMÉRCIO E SERVIÇOS";"695";"TURISMO";"2025";"1596";"2023";"415";"14";"100025362";"JGN LTDA EPP";"03302934000176";"PREGÃO ELETRÔNICO";"909";"RECURSOS TRANSFERIDOS PELA LEI COMPLEMENTAR Nº 176";"33903914";"LOCACAO BENS MOVEIS DE OUTRAS NATUREZAS E INTANGIV";"LOCACAO-CAMARIM. KIT 02";"20800";"2025";"L";"27/01/2025";"0";"01/01/2025";"31/01/2025";"17"
"UNIDADE GESTÃO DE AGRONEGÓCIO. ABASTEC. E TURISMO";"23";"COMÉRCIO E SERVIÇOS";"695";"TURISMO";"2025";"1596";"2023";"415";"14";"100025362";"JGN LTDA EPP";"03302934000176";"PREGÃO ELETRÔNICO";"909";"RECURSOS TRANSFERIDOS PELA LEI COMPLEMENTAR Nº 176";"33903914";"LOCACAO BENS MOVEIS DE OUTRAS NATUREZAS E INTANGIV";"LOCACAO-CAMARIM. KIT 01";"21900";"2025";"L";"27/01/2025";"0";"01/01/2025";"31/01/2025";"17"
"UNIDADE GESTÃO DE AGRONEGÓCIO. ABASTEC. E TURISMO";"23";"COMÉRCIO E SERVIÇOS";"695";"TURISMO";"2025";"1598";"2023";"413";"14";"100025362";"JGN LTDA EPP";"03302934000176";"PREGÃO ELETRÔNICO";"909";"RECURSOS TRANSFERIDOS PELA LEI COMPLEMENTAR Nº 176";"33903910";"LOCACAO DE IMOVEIS";"LOCACAO DE GALPAO/PAVILHAO 2 AGUAS. VAO DE 20M X 70M COMPR.";"192000";"2025";"L";"29/01/2025";"0";"01/01/2025";"31/01/2025";"17"
"UNIDADE GESTÃO DE AGRONEGÓCIO. ABASTEC. E TURISMO";"23";"COMÉRCIO E SERVIÇOS";"695";"TURISMO";"2025";"1598";"2023";"413";"14";"100025362";"JGN LTDA EPP";"03302934000176";"PREGÃO ELETRÔNICO";"909";"RECURSOS TRANSFERIDOS PELA LEI COMPLEMENTAR Nº 176";"33903910";"LOCACAO DE IMOVEIS";"LOCACAO DE GALPAO/PAVILHAO 2 AGUAS. VAO DE 30M X 40M COMPR.";"336000";"2025";"L";"29/01/2025";"0";"01/01/2025";"31/01/2025";"17"
"UNIDADE GESTÃO DE AGRONEGÓCIO. ABASTEC. E TURISMO";"23";"COMÉRCIO E SERVIÇOS";"695";"TURISMO";"2025";"1598";"2023";"413";"14";"100025362";"JGN LTDA EPP";"03302934000176";"PREGÃO ELETRÔNICO";"909";"RECURSOS TRANSFERIDOS PELA LEI COMPLEMENTAR Nº 176";"33903910";"LOCACAO DE IMOVEIS";"LOCACAO DE GALPAO/PAVILHAO DUAS AGUAS COM VAO DE 40 METROS";"280000";"2025";"L";"29/01/2025";"0";"01/01/2025";"31/01/2025";"17"
"UNIDADE GESTÃO DE AGRONEGÓCIO. ABASTEC. E TURISMO";"23";"COMÉRCIO E SERVIÇOS";"695";"TURISMO";"2025";"1598";"2023";"413";"14";"100025362";"JGN LTDA EPP";"03302934000176";"PREGÃO ELETRÔNICO";"909";"RECURSOS TRANSFERIDOS PELA LEI COMPLEMENTAR Nº 176";"33903910";"LOCACAO DE IMOVEIS";"LOCACAO DE GALPAO/PAVILHAO DUAS AGUAS COM VAO DE 50 METROS";"16200";"2025";"L";"29/01/2025";"0";"01/01/2025";"31/01/2025";"17"
"UNIDADE GESTÃO DE AGRONEGÓCIO. ABASTEC. E TURISMO";"23";"COMÉRCIO E SERVIÇOS";"695";"TURISMO";"2025";"1599";"2023";"421";"14";"100025362";"JGN LTDA EPP";"03302934000176";"PREGÃO ELETRÔNICO";"909";"RECURSOS TRANSFERIDOS PELA LEI COMPLEMENTAR Nº 176";"33903914";"LOCACAO BENS MOVEIS DE OUTRAS NATUREZAS E INTANGIV";"LOCACAO TAPUME - PLACAS METALICAS";"68200";"2025";"L";"27/01/2025";"0";"01/01/2025";"31/01/2025";"17"
"UNIDADE GESTÃO DE AGRONEGÓCIO. ABASTEC. E TURISMO";"23";"COMÉRCIO E SERVIÇOS";"695";"TURISMO";"2025";"1599";"2023";"421";"14";"100025362";"JGN LTDA EPP";"03302934000176";"PREGÃO ELETRÔNICO";"909";"RECURSOS TRANSFERIDOS PELA LEI COMPLEMENTAR Nº 176";"33903914";"LOCACAO BENS MOVEIS DE OUTRAS NATUREZAS E INTANGIV";"LOCACAO DE GRADE PROTECAO EM ACO. MED. 2.0 X 1.20 M";"16800";"2025";"L";"27/01/2025";"0";"01/01/2025";"31/01/2025";"17"
"UNIDADE GESTÃO DE AGRONEGÓCIO. ABASTEC. E TURISMO";"23";"COMÉRCIO E SERVIÇOS";"695";"TURISMO";"2025";"1600";"2023";"427";"14";"100025362";"JGN LTDA EPP";"03302934000176";"PREGÃO ELETRÔNICO";"909";"RECURSOS TRANSFERIDOS PELA LEI COMPLEMENTAR Nº 176";"33903914";"LOCACAO BENS MOVEIS DE OUTRAS NATUREZAS E INTANGIV";"LOCACAO- DE PALCO MEDIO";"14400";"2025";"L";"29/01/2025";"0";"01/01/2025";"31/01/2025";"17"
"UNIDADE GESTÃO DE AGRONEGÓCIO. ABASTEC. E TURISMO";"23";"COMÉRCIO E SERVIÇOS";"695";"TURISMO";"2025";"1600";"2023";"427";"14";"100025362";"JGN LTDA EPP";"03302934000176";"PREGÃO ELETRÔNICO";"909";"RECURSOS TRANSFERIDOS PELA LEI COMPLEMENTAR Nº 176";"33903914";"LOCACAO BENS MOVEIS DE OUTRAS NATUREZAS E INTANGIV";"LOCACAO E MONTAGEM DE PALCO DE PEQUENO PORTE";"5200";"2025";"L";"29/01/2025";"0";"01/01/2025";"31/01/2025";"17"
"UNIDADE GESTÃO DE AGRONEGÓCIO. ABASTEC. E TURISMO";"23";"COMÉRCIO E SERVIÇOS";"695";"TURISMO";"2025";"1600";"2023";"427";"14";"100025362";"JGN LTDA EPP";"03302934000176";"PREGÃO ELETRÔNICO";"909";"RECURSOS TRANSFERIDOS PELA LEI COMPLEMENTAR Nº 176";"33903914";"LOCACAO BENS MOVEIS DE OUTRAS NATUREZAS E INTANGIV";"LOCACAO PALCO GRANDE PORTE 2. 18MX14M";"14200";"2025";"L";"29/01/2025";"0";"01/01/2025";"31/01/2025";"17"
"UNIDADE GESTÃO DE AGRONEGÓCIO. ABASTEC. E TURISMO";"23";"COMÉRCIO E SERVIÇOS";"695";"TURISMO";"2025";"1600";"2023";"427";"14";"100025362";"JGN LTDA EPP";"03302934000176";"PREGÃO ELETRÔNICO";"909";"RECURSOS TRANSFERIDOS PELA LEI COMPLEMENTAR Nº 176";"33903914";"LOCACAO BENS MOVEIS DE OUTRAS NATUREZAS E INTANGIV";"LOCACAO PALCO GRANDE PORTE 1 - 12MX10M";"9200";"2025";"L";"29/01/2025";"0";"01/01/2025";"31/01/2025";"17"
"UNIDADE GESTÃO DE AGRONEGÓCIO. ABASTEC. E TURISMO";"23";"COMÉRCIO E SERVIÇOS";"695";"TURISMO";"2025";"1601";"2023";"419";"14";"100025362";"JGN LTDA EPP";"03302934000176";"PREGÃO ELETRÔNICO";"909";"RECURSOS TRANSFERIDOS PELA LEI COMPLEMENTAR Nº 176";"33903914";"LOCACAO BENS MOVEIS DE OUTRAS NATUREZAS E INTANGIV";"LOCACAO - TRELICAS Q 15";"80000";"2025";"L";"27/01/2025";"0";"01/01/2025";"31/01/2025";"17"
"UNIDADE GESTÃO DE AGRONEGÓCIO. ABASTEC. E TURISMO";"23";"COMÉRCIO E SERVIÇOS";"695";"TURISMO";"2025";"1601";"2023";"419";"14";"100025362";"JGN LTDA EPP";"03302934000176";"PREGÃO ELETRÔNICO";"909";"RECURSOS TRANSFERIDOS PELA LEI COMPLEMENTAR Nº 176";"33903914";"LOCACAO BENS MOVEIS DE OUTRAS NATUREZAS E INTANGIV";"LOCACAO - TRELICAS Q 30";"52500";"2025";"L";"27/01/2025";"0";"01/01/2025";"31/01/2025";"17"
"UNIDADE GESTÃO DE AGRONEGÓCIO. ABASTEC. E TURISMO";"23";"COMÉRCIO E SERVIÇOS";"695";"TURISMO";"2025";"1601";"2023";"419";"14";"100025362";"JGN LTDA EPP";"03302934000176";"PREGÃO ELETRÔNICO";"909";"RECURSOS TRANSFERIDOS PELA LEI COMPLEMENTAR Nº 176";"33903914";"LOCACAO BENS MOVEIS DE OUTRAS NATUREZAS E INTANGIV";"LOCACAO - TRELICAS Q 50";"15900";"2025";"L";"27/01/2025";"0";"01/01/2025";"31/01/2025";"17"
"UNIDADE GESTÃO DE AGRONEGÓCIO. ABASTEC. E TURISMO";"23";"COMÉRCIO E SERVIÇOS";"695";"TURISMO";"2025";"1602";"2023";"417";"14";"100025362";"JGN LTDA EPP";"03302934000176";"PREGÃO ELETRÔNICO";"909";"RECURSOS TRANSFERIDOS PELA LEI COMPLEMENTAR Nº 176";"33903912";"LOCACAO DE MAQUINAS E EQUIPAMENTOS";"LOCACAO DE GERADOR DE ENERGIA. 150 KVA";"2700";"2025";"L";"27/01/2025";"0";"01/01/2025";"31/01/2025";"17"
"UNIDADE GESTÃO DE AGRONEGÓCIO. ABASTEC. E TURISMO";"23";"COMÉRCIO E SERVIÇOS";"695";"TURISMO";"2025";"1602";"2023";"417";"14";"100025362";"JGN LTDA EPP";"03302934000176";"PREGÃO ELETRÔNICO";"909";"RECURSOS TRANSFERIDOS PELA LEI COMPLEMENTAR Nº 176";"33903912";"LOCACAO DE MAQUINAS E EQUIPAMENTOS";"LOCACAO DE GERADOR DE ENERGIA. 250 KVA";"7400";"2025";"L";"27/01/2025";"0";"01/01/2025";"31/01/2025";"17"
"UNIDADE GESTÃO DE AGRONEGÓCIO. ABASTEC. E TURISMO";"23";"COMÉRCIO E SERVIÇOS";"695";"TURISMO";"2025";"1604";"2023";"425";"14";"100025362";"JGN LTDA EPP";"03302934000176";"PREGÃO ELETRÔNICO";"909";"RECURSOS TRANSFERIDOS PELA LEI COMPLEMENTAR Nº 176";"33903959";"SERVICOS DE AUDIO. VIDEO E FOTO";"SERVICOS DE SONORIZACAO - MEDIO PORTE";"4990";"2025";"L";"29/01/2025";"0";"01/01/2025";"31/01/2025";"17"
"UNIDADE GESTÃO DE AGRONEGÓCIO. ABASTEC. E TURISMO";"23";"COMÉRCIO E SERVIÇOS";"695";"TURISMO";"2025";"1604";"2023";"425";"14";"100025362";"JGN LTDA EPP";"03302934000176";"PREGÃO ELETRÔNICO";"909";"RECURSOS TRANSFERIDOS PELA LEI COMPLEMENTAR Nº 176";"33903959";"SERVICOS DE AUDIO. VIDEO E FOTO";"SERVICOS DE SONORIZACAO - GRANDE PORTE";"59960";"2025";"L";"29/01/2025";"0";"01/01/2025";"31/01/2025";"17"
"UNIDADE GESTÃO DE AGRONEGÓCIO. ABASTEC. E TURISMO";"23";"COMÉRCIO E SERVIÇOS";"695";"TURISMO";"2025";"1605";"2023";"422";"14";"100025362";"JGN LTDA EPP";"03302934000176";"PREGÃO ELETRÔNICO";"909";"RECURSOS TRANSFERIDOS PELA LEI COMPLEMENTAR Nº 176";"33903914";"LOCACAO BENS MOVEIS DE OUTRAS NATUREZAS E INTANGIV";"LOCACAO- FORRACAO/CARPETE";"270000";"2025";"L";"29/01/2025";"0";"01/01/2025";"31/01/2025";"17"
"UNIDADE GESTÃO DE AGRONEGÓCIO. ABASTEC. E TURISMO";"23";"COMÉRCIO E SERVIÇOS";"695";"TURISMO";"2025";"1605";"2023";"422";"14";"100025362";"JGN LTDA EPP";"03302934000176";"PREGÃO ELETRÔNICO";"909";"RECURSOS TRANSFERIDOS PELA LEI COMPLEMENTAR Nº 176";"33903914";"LOCACAO BENS MOVEIS DE OUTRAS NATUREZAS E INTANGIV";"LOCACAO- PISO PALLET";"204140";"2025";"L";"29/01/2025";"0";"01/01/2025";"31/01/2025";"17"
"UNIDADE GESTÃO DE AGRONEGÓCIO. ABASTEC. E TURISMO";"23";"COMÉRCIO E SERVIÇOS";"695";"TURISMO";"2025";"1605";"2023";"422";"14";"100025362";"JGN LTDA EPP";"03302934000176";"PREGÃO ELETRÔNICO";"909";"RECURSOS TRANSFERIDOS PELA LEI COMPLEMENTAR Nº 176";"33903914";"LOCACAO BENS MOVEIS DE OUTRAS NATUREZAS E INTANGIV";"LOCACAO- TECIDO TENCIONADO. PARA FECHAMENTO E DECORACAO";"255000";"2025";"L";"29/01/2025";"0";"01/01/2025";"31/01/2025";"17"
"UNIDADE GESTÃO DE AGRONEGÓCIO. ABASTEC. E TURISMO";"23";"COMÉRCIO E SERVIÇOS";"695";"TURISMO";"2025";"1605";"2023";"422";"14";"100025362";"JGN LTDA EPP";"03302934000176";"PREGÃO ELETRÔNICO";"909";"RECURSOS TRANSFERIDOS PELA LEI COMPLEMENTAR Nº 176";"33903914";"LOCACAO BENS MOVEIS DE OUTRAS NATUREZAS E INTANGIV";"LOCACAO- PISO EASY-FLOOR";"300000";"2025";"L";"29/01/2025";"0";"01/01/2025";"31/01/2025";"17"
"UNIDADE GESTÃO DE AGRONEGÓCIO. ABASTEC. E TURISMO";"23";"COMÉRCIO E SERVIÇOS";"695";"TURISMO";"2025";"1605";"2023";"422";"14";"100025362";"JGN LTDA EPP";"03302934000176";"PREGÃO ELETRÔNICO";"909";"RECURSOS TRANSFERIDOS PELA LEI COMPLEMENTAR Nº 176";"33903914";"LOCACAO BENS MOVEIS DE OUTRAS NATUREZAS E INTANGIV";"LOCACAO- PISO ESTRUTURADO";"220500";"2025";"L";"29/01/2025";"0";"01/01/2025";"31/01/2025";"17"
"UNIDADE DE GESTÃO DE PROMOÇÃO DA SAÚDE";"10";"SAÚDE";"302";"ASSISTÊNCIA HOSPITALAR E AMBULATORIAL";"2025";"1609";"2024";"63";"6";"100057381";"FENIX DO BRASIL SAUDE - GEST E DES DE POL PUB DE SAUDE";"64029101000178";"DISPENSA DE LICITACAO";"0";"PROPRIA";"33508500";"CONTRATO DE GESTAO";"GESTAO DE UNIDADE DE SAUDE";"233529.93";"2025";"L";"23/01/2025";"0";"01/01/2025";"31/01/2025";"14"
"UNIDADE DE GESTÃO DE PROMOÇÃO DA SAÚDE";"10";"SAÚDE";"302";"ASSISTÊNCIA HOSPITALAR E AMBULATORIAL";"2025";"1609";"2024";"63";"6";"100057381";"FENIX DO BRASIL SAUDE - GEST E DES DE POL PUB DE SAUDE";"64029101000178";"DISPENSA DE LICITACAO";"0";"PROPRIA";"33508500";"CONTRATO DE GESTAO";"GESTAO DE UNIDADE DE SAUDE";"432999";"2025";"L";"28/01/2025";"0";"01/01/2025";"31/01/2025";"14"
"UNIDADE DE GESTÃO DA CASA CIVIL";"6";"SEGURANÇA PÚBLICA";"181";"POLICIAMENTO";"2025";"1610";"";"0";"0";"100002650";"COMPANHIA PIRATININGA DE FORCA E LUZ";"04172213000151";"";"0";"PROPRIA";"33903999";"OUTROS SERVICOS DE TERCEIROS - PESSOA JURIDICA";"ENERGIA ELETRICA(TAXAS E TAR.).";"3652.24";"2025";"L";"22/01/2025";"0";"01/01/2025";"31/01/2025";"3"
"UNIDADE DE GESTÃO DE PROMOÇÃO DA SAÚDE";"10";"SAÚDE";"302";"ASSISTÊNCIA HOSPITALAR E AMBULATORIAL";"2025";"1611";"2024";"63";"6";"100057381";"FENIX DO BRASIL SAUDE - GEST E DES DE POL PUB DE SAUDE";"64029101000178";"DISPENSA DE LICITACAO";"5001";"FUNDO NACIONAL DE SAUDE - MS/SAS";"33508500";"CONTRATO DE GESTAO";"GESTAO DE UNIDADE DE SAUDE";"1298997";"2025";"L";"23/01/2025";"0";"01/01/2025";"31/01/2025";"14"
"UNIDADE GESTÃO DE ASSISTÊNCIA E DESENVOLV. SOCIAL";"8";"ASSISTÊNCIA SOCIAL";"244";"ASSISTÊNCIA COMUNITÁRIA";"2025";"1616";"2021";"54";"6";"100044868";"ANA CRISTINA GASPARI NIVOLONI";"05396307803";"DISPENSA DE LICITACAO";"0";"PROPRIA";"33903615";"LOCACAO DE IMOVEIS";"LOCACAO-IMOVEL";"12000";"2025";"L";"20/01/2025";"0";"01/01/2025";"31/01/2025";"15"
"UNIDADE DE GESTÃO DE CULTURA";"13";"CULTURA";"392";"DIFUSÃO CULTURAL";"2025";"1620";"2025";"39";"1";"100034382";"DANIEL FERNANDO MATEUS";"24235893000112";"COMPRA DIRETA";"0";"PROPRIA";"33903999";"OUTROS SERVICOS DE TERCEIROS - PESSOA JURIDICA";"SHOW ARTISTICO";"1500";"2025";"L";"31/01/2025";"0";"01/01/2025";"31/01/2025";"22"
"UNIDADE DE GESTÃO DE ADMINIST. E GESTÃO DE PESSOAS";"4";"ADMINISTRAÇÃO";"122";"ADMINISTRAÇÃO GERAL";"2025";"1625";"2024";"198";"1";"1097642";"ALFATEL JUNDIAI COMERCIO. TELECOMUNICACOES E INFORMATICA LTDA";"01857631000194";"COMPRA DIRETA";"0";"PROPRIA";"33903917";"MANUTENCAO E CONSERVACAO DE MAQUINAS E EQUIPAMENTO";"MANUTENCAO PREVENTIVA E CORRETIVA EM CANCELA AUTOMATICA";"1750";"2025";"L";"28/01/2025";"0";"01/01/2025";"31/01/2025";"7"
"UNIDADE DE GESTÃO DE PROMOÇÃO DA SAÚDE";"10";"SAÚDE";"302";"ASSISTÊNCIA HOSPITALAR E AMBULATORIAL";"2025";"1627";"";"0";"0";"100053644";"SILVIO APARECIDO DE FREITAS";"10406927880";"";"0";"PROPRIA";"33909302";"RESTITUICOES";"INDENIZACOES E/OU RESSARCIMENTOS(P. FISICA).";"190";"2025";"L";"30/01/2025";"0";"01/01/2025";"31/01/2025";"14"
"UNIDADE DE GESTÃO DE PROMOÇÃO DA SAÚDE";"10";"SAÚDE";"302";"ASSISTÊNCIA HOSPITALAR E AMBULATORIAL";"2025";"1628";"";"0";"0";"100057773";"SARAH LOURENCON MOURA";"22087799830";"";"0";"PROPRIA";"33909302";"RESTITUICOES";"INDENIZACOES E/OU RESSARCIMENTOS(P. FISICA).";"190";"2025";"L";"30/01/2025";"0";"01/01/2025";"31/01/2025";"14"
"UNIDADE DE GESTÃO DE PROMOÇÃO DA SAÚDE";"10";"SAÚDE";"302";"ASSISTÊNCIA HOSPITALAR E AMBULATORIAL";"2025";"1629";"";"0";"0";"100046163";"KATIA L G PEREIRA GUIMARAES GHIRALDI";"10265673860";"";"0";"PROPRIA";"33909302";"RESTITUICOES";"INDENIZACOES E/OU RESSARCIMENTOS(P. FISICA).";"80";"2025";"L";"30/01/2025";"0";"01/01/2025";"31/01/2025";"14"
"UNIDADE DE GESTÃO DE PROMOÇÃO DA SAÚDE";"10";"SAÚDE";"302";"ASSISTÊNCIA HOSPITALAR E AMBULATORIAL";"2025";"1630";"";"0";"0";"100049218";"GIOVANNA DE CARVALHO OLIVEIRA";"45331983847";"";"0";"PROPRIA";"33909302";"RESTITUICOES";"INDENIZACOES E/OU RESSARCIMENTOS(P. FISICA).";"110";"2025";"L";"24/01/2025";"0";"01/01/2025";"31/01/2025";"14"
"UNIDADE DE GESTÃO DE PROMOÇÃO DA SAÚDE";"10";"SAÚDE";"302";"ASSISTÊNCIA HOSPITALAR E AMBULATORIAL";"2025";"1631";"";"0";"0";"100049219";"FABIANA DA SILVA FISNACK RONQUE";"29355138865";"";"0";"PROPRIA";"33909302";"RESTITUICOES";"INDENIZACOES E/OU RESSARCIMENTOS(P. FISICA).";"110";"2025";"L";"24/01/2025";"0";"01/01/2025";"31/01/2025";"14"
"UNIDADE DE GESTÃO DE ADMINIST. E GESTÃO DE PESSOAS";"4";"ADMINISTRAÇÃO";"122";"ADMINISTRAÇÃO GERAL";"2025";"1634";"2024";"307";"1";"1097642";"ALFATEL JUNDIAI COMERCIO. TELECOMUNICACOES E INFORMATICA LTDA";"01857631000194";"COMPRA DIRETA";"0";"PROPRIA";"33903917";"MANUTENCAO E CONSERVACAO DE MAQUINAS E EQUIPAMENTO";"MANUTENCAO-PORTA AUTOMATICA";"1940";"2025";"L";"28/01/2025";"0";"01/01/2025";"31/01/2025";"7"
"UNIDADE DE GESTÃO DE CULTURA";"13";"CULTURA";"392";"DIFUSÃO CULTURAL";"2025";"1644";"2025";"46";"1";"100045768";"EUNICE DE LIMA CAYRES";"40810193000160";"COMPRA DIRETA";"0";"PROPRIA";"33903999";"OUTROS SERVICOS DE TERCEIROS - PESSOA JURIDICA";"SHOW ARTISTICO";"3000";"2025";"L";"31/01/2025";"0";"01/01/2025";"31/01/2025";"22"
"UNIDADE DE GESTÃO DE CULTURA";"13";"CULTURA";"392";"DIFUSÃO CULTURAL";"2025";"1659";"2025";"56";"1";"100026281";"RENATA IACOVINO 10264948858";"17366145000103";"COMPRA DIRETA";"0";"PROPRIA";"33903999";"OUTROS SERVICOS DE TERCEIROS - PESSOA JURIDICA";"SHOW ARTISTICO";"2500";"2025";"L";"31/01/2025";"0";"01/01/2025";"31/01/2025";"22"
"UNIDADE DE GESTÃO DE GOVERNO E FINANÇAS";"28";"ENCARGOS ESPECIAIS";"846";"OUTROS ENCARGOS ESPECIAIS";"2025";"1693";"";"0";"0";"100012130";"TRIBUNAL DE JUSTIÇA DO ESTADO DE SAO PAULO-EPM";"51174001000193";"";"0";"PROPRIA";"33906700";"DEPOSITOS COMPULSORIOS";"DEPOSITO COMPULSORIO";"226";"2025";"L";"22/01/2025";"0";"01/01/2025";"31/01/2025";"8"
"UNIDADE GESTÃO DE ASSISTÊNCIA E DESENVOLV. SOCIAL";"8";"ASSISTÊNCIA SOCIAL";"243";"ASSISTÊNCIA À CRIANÇA E AO ADOLESCENTE";"2025";"1694";"";"0";"0";"100041257";"GLAUCIA DO AMARAL BRUNELLI";"02078515817";"";"0";"PROPRIA";"31901101";"VENCIMENTO E SALARIOS";"REMUNERACAO DE CONSELHEIROS TUTELARES";"8858.02";"2025";"L";"27/01/2025";"0";"01/01/2025";"31/01/2025";"15"
"UNIDADE GESTÃO DE ASSISTÊNCIA E DESENVOLV. SOCIAL";"8";"ASSISTÊNCIA SOCIAL";"243";"ASSISTÊNCIA À CRIANÇA E AO ADOLESCENTE";"2025";"1695";"";"0";"0";"100041261";"MARIO MARTINI";"03611900850";"";"0";"PROPRIA";"31901101";"VENCIMENTO E SALARIOS";"REMUNERACAO DE CONSELHEIROS TUTELARES";"8858.02";"2025";"L";"27/01/2025";"0";"01/01/2025";"31/01/2025";"15"
"UNIDADE GESTÃO DE ASSISTÊNCIA E DESENVOLV. SOCIAL";"8";"ASSISTÊNCIA SOCIAL";"243";"ASSISTÊNCIA À CRIANÇA E AO ADOLESCENTE";"2025";"1696";"";"0";"0";"100053420";"MAYARA SUELEN LOPES";"41759115886";"";"0";"PROPRIA";"31901101";"VENCIMENTO E SALARIOS";"REMUNERACAO DE CONSELHEIROS TUTELARES";"8858.02";"2025";"L";"27/01/2025";"0";"01/01/2025";"31/01/2025";"15"
"UNIDADE GESTÃO DE ASSISTÊNCIA E DESENVOLV. SOCIAL";"8";"ASSISTÊNCIA SOCIAL";"243";"ASSISTÊNCIA À CRIANÇA E AO ADOLESCENTE";"2025";"1697";"";"0";"0";"100053422";"AMANDA DE ALMEIDA";"28072141856";"";"0";"PROPRIA";"31901101";"VENCIMENTO E SALARIOS";"REMUNERACAO DE CONSELHEIROS TUTELARES";"8858.02";"2025";"L";"27/01/2025";"0";"01/01/2025";"31/01/2025";"15"
"UNIDADE GESTÃO DE ASSISTÊNCIA E DESENVOLV. SOCIAL";"8";"ASSISTÊNCIA SOCIAL";"243";"ASSISTÊNCIA À CRIANÇA E AO ADOLESCENTE";"2025";"1698";"";"0";"0";"100041264";"THIAGO CALHEIRO COSTA";"32421809843";"";"0";"PROPRIA";"31901101";"VENCIMENTO E SALARIOS";"REMUNERACAO DE CONSELHEIROS TUTELARES";"10728.05";"2025";"L";"27/01/2025";"0";"01/01/2025";"31/01/2025";"15"
"UNIDADE GESTÃO DE ASSISTÊNCIA E DESENVOLV. SOCIAL";"8";"ASSISTÊNCIA SOCIAL";"243";"ASSISTÊNCIA À CRIANÇA E AO ADOLESCENTE";"2025";"1699";"";"0";"0";"100041259";"JACQUELINE BELTRAMI DA COSTA";"21484936809";"";"0";"PROPRIA";"31901101";"VENCIMENTO E SALARIOS";"REMUNERACAO DE CONSELHEIROS TUTELARES";"8858.02";"2025";"L";"27/01/2025";"0";"01/01/2025";"31/01/2025";"15"
"UNIDADE GESTÃO DE ASSISTÊNCIA E DESENVOLV. SOCIAL";"8";"ASSISTÊNCIA SOCIAL";"243";"ASSISTÊNCIA À CRIANÇA E AO ADOLESCENTE";"2025";"1700";"";"0";"0";"100020284";"ANA PAULA DO NASCIMENTO CORREA";"25195058857";"";"0";"PROPRIA";"31901101";"VENCIMENTO E SALARIOS";"REMUNERACAO DE CONSELHEIROS TUTELARES";"8858.02";"2025";"L";"27/01/2025";"0";"01/01/2025";"31/01/2025";"15"
"UNIDADE GESTÃO DE ASSISTÊNCIA E DESENVOLV. SOCIAL";"8";"ASSISTÊNCIA SOCIAL";"243";"ASSISTÊNCIA À CRIANÇA E AO ADOLESCENTE";"2025";"1701";"";"0";"0";"100053419";"ANA PAULA DA SILVA";"19657198801";"";"0";"PROPRIA";"31901101";"VENCIMENTO E SALARIOS";"REMUNERACAO DE CONSELHEIROS TUTELARES";"10728.05";"2025";"L";"27/01/2025";"0";"01/01/2025";"31/01/2025";"15"
"UNIDADE GESTÃO DE ASSISTÊNCIA E DESENVOLV. SOCIAL";"8";"ASSISTÊNCIA SOCIAL";"243";"ASSISTÊNCIA À CRIANÇA E AO ADOLESCENTE";"2025";"1702";"";"0";"0";"100053418";"SABRINA AGNES DE ALMEIDA BERNARDINO";"40894672843";"";"0";"PROPRIA";"31901101";"VENCIMENTO E SALARIOS";"REMUNERACAO DE CONSELHEIROS TUTELARES";"8858.02";"2025";"L";"27/01/2025";"0";"01/01/2025";"31/01/2025";"15"
"UNIDADE GESTÃO DE ASSISTÊNCIA E DESENVOLV. SOCIAL";"8";"ASSISTÊNCIA SOCIAL";"243";"ASSISTÊNCIA À CRIANÇA E AO ADOLESCENTE";"2025";"1703";"";"0";"0";"100053417";"MARIA JULIA MARANZATO ALVES SIMAO";"42873308893";"";"0";"PROPRIA";"31901101";"VENCIMENTO E SALARIOS";"REMUNERACAO DE CONSELHEIROS TUTELARES";"8858.02";"2025";"L";"27/01/2025";"0";"01/01/2025";"31/01/2025";"15"
"UNIDADE GESTÃO DE ASSISTÊNCIA E DESENVOLV. SOCIAL";"8";"ASSISTÊNCIA SOCIAL";"243";"ASSISTÊNCIA À CRIANÇA E AO ADOLESCENTE";"2025";"1704";"";"0";"0";"100032283";"ADILSON SANTO DE AZEVEDO";"13772410847";"";"0";"PROPRIA";"31901101";"VENCIMENTO E SALARIOS";"REMUNERACAO DE CONSELHEIROS TUTELARES";"8858.02";"2025";"L";"27/01/2025";"0";"01/01/2025";"31/01/2025";"15"
"UNIDADE GESTÃO DE ASSISTÊNCIA E DESENVOLV. SOCIAL";"8";"ASSISTÊNCIA SOCIAL";"243";"ASSISTÊNCIA À CRIANÇA E AO ADOLESCENTE";"2025";"1705";"";"0";"0";"100032289";"CLAUDIA TOFOLI HONORIO";"34218456895";"";"0";"PROPRIA";"31901101";"VENCIMENTO E SALARIOS";"REMUNERACAO DE CONSELHEIROS TUTELARES";"8858.02";"2025";"L";"27/01/2025";"0";"01/01/2025";"31/01/2025";"15"
"UNIDADE GESTÃO DE ASSISTÊNCIA E DESENVOLV. SOCIAL";"8";"ASSISTÊNCIA SOCIAL";"243";"ASSISTÊNCIA À CRIANÇA E AO ADOLESCENTE";"2025";"1706";"";"0";"0";"100041255";"CLEUNICE SANTOS GUEDES";"19451846808";"";"0";"PROPRIA";"31901101";"VENCIMENTO E SALARIOS";"REMUNERACAO DE CONSELHEIROS TUTELARES";"8858.02";"2025";"L";"27/01/2025";"0";"01/01/2025";"31/01/2025";"15"
"UNIDADE GESTÃO DE ASSISTÊNCIA E DESENVOLV. SOCIAL";"8";"ASSISTÊNCIA SOCIAL";"243";"ASSISTÊNCIA À CRIANÇA E AO ADOLESCENTE";"2025";"1707";"";"0";"0";"100045635";"FABIANA ANGÉLICA DE SOUZA";"26962569858";"";"0";"PROPRIA";"31901101";"VENCIMENTO E SALARIOS";"REMUNERACAO DE CONSELHEIROS TUTELARES";"8858.02";"2025";"L";"27/01/2025";"0";"01/01/2025";"31/01/2025";"15"
"UNIDADE GESTÃO DE ASSISTÊNCIA E DESENVOLV. SOCIAL";"8";"ASSISTÊNCIA SOCIAL";"243";"ASSISTÊNCIA À CRIANÇA E AO ADOLESCENTE";"2025";"1708";"";"0";"0";"100043574";"ROSELI ALVES DE PONTES";"04216351859";"";"0";"PROPRIA";"31901101";"VENCIMENTO E SALARIOS";"REMUNERACAO DE CONSELHEIROS TUTELARES";"8858.02";"2025";"L";"27/01/2025";"0";"01/01/2025";"31/01/2025";"15"
"UNIDADE GESTÃO DE ASSISTÊNCIA E DESENVOLV. SOCIAL";"8";"ASSISTÊNCIA SOCIAL";"243";"ASSISTÊNCIA À CRIANÇA E AO ADOLESCENTE";"2025";"1709";"";"0";"0";"4036624";"I.N.S.S.-SERVICOS DE TERCEIROS";"29979036000140";"";"0";"PROPRIA";"31901302";"CONTRIBUICOES PREVIDENCIARIAS - INSS";"RECOLHIMENTO OBRIGACOES PREVID. E FISCAIS(P. FISICAS).";"25550.47";"2025";"L";"27/01/2025";"0";"01/01/2025";"31/01/2025";"15"
"UNIDADE DE GESTÃO DE CULTURA";"13";"CULTURA";"392";"DIFUSÃO CULTURAL";"2025";"1713";"2025";"64";"1";"100029412";"JOAO JOSE FERNANDES SILVA";"20471083000104";"COMPRA DIRETA";"0";"PROPRIA";"33903923";"FESTIVIDADES E HOMENAGENS";"SHOW MUSICAL";"3000";"2025";"L";"31/01/2025";"0";"01/01/2025";"31/01/2025";"22"
"UNIDADE DE GESTÃO DE GOVERNO E FINANÇAS";"28";"ENCARGOS ESPECIAIS";"846";"OUTROS ENCARGOS ESPECIAIS";"2025";"1715";"";"0";"0";"100033020";"ALEX BITTO";"24844046896";"";"0";"PROPRIA";"33909115";"SENTENÇAS JUDICIAIS DE PEQUENO VALOR";"DESPESAS OBRIGATORIAS E/OU JUDICIAIS(P. FISICAS).";"1154.04";"2025";"L";"24/01/2025";"0";"01/01/2025";"31/01/2025";"8"
"UNIDADE DE GESTÃO DE GOVERNO E FINANÇAS";"28";"ENCARGOS ESPECIAIS";"846";"OUTROS ENCARGOS ESPECIAIS";"2025";"1716";"";"0";"0";"100035879";"VANIA DE ALMEIDA ROSA";"08316174898";"";"0";"PROPRIA";"33909115";"SENTENÇAS JUDICIAIS DE PEQUENO VALOR";"DESPESAS OBRIGATORIAS E/OU JUDICIAIS(P. FISICAS).";"1337.42";"2025";"L";"23/01/2025";"0";"01/01/2025";"31/01/2025";"8"
"UNIDADE DE GESTÃO DE GOVERNO E FINANÇAS";"28";"ENCARGOS ESPECIAIS";"846";"OUTROS ENCARGOS ESPECIAIS";"2025";"1717";"";"0";"0";"100035879";"VANIA DE ALMEIDA ROSA";"08316174898";"";"0";"PROPRIA";"33909115";"SENTENÇAS JUDICIAIS DE PEQUENO VALOR";"DESPESAS OBRIGATORIAS E/OU JUDICIAIS(P. FISICAS).";"1332.83";"2025";"L";"24/01/2025";"0";"01/01/2025";"31/01/2025";"8"
"UNIDADE DE GESTÃO DE GOVERNO E FINANÇAS";"28";"ENCARGOS ESPECIAIS";"846";"OUTROS ENCARGOS ESPECIAIS";"2025";"1718";"";"0";"0";"100044859";"CAPPUCCELLI & OLIVEIRA ADVOCACIA";"36712078000186";"";"0";"PROPRIA";"33909115";"SENTENÇAS JUDICIAIS DE PEQUENO VALOR";"DESPESAS OBRIGATORIAS E/OU JUDICIAIS(P. JURIDICAS).";"3362.83";"2025";"L";"24/01/2025";"0";"01/01/2025";"31/01/2025";"8"
"UNIDADE DE GESTÃO DE GOVERNO E FINANÇAS";"28";"ENCARGOS ESPECIAIS";"846";"OUTROS ENCARGOS ESPECIAIS";"2025";"1719";"";"0";"0";"100057117";"DANILO ANTONIO CORREA PINTO";"14784754806";"";"0";"PROPRIA";"33909115";"SENTENÇAS JUDICIAIS DE PEQUENO VALOR";"DESPESAS OBRIGATORIAS E/OU JUDICIAIS(P. FISICAS).";"44257.25";"2025";"L";"24/01/2025";"0";"01/01/2025";"31/01/2025";"8"
"UNIDADE DE GESTÃO DE GOVERNO E FINANÇAS";"28";"ENCARGOS ESPECIAIS";"846";"OUTROS ENCARGOS ESPECIAIS";"2025";"1720";"";"0";"0";"100047095";"SIMONE APARECIDA DA SILVA";"31410906884";"";"0";"PROPRIA";"33909115";"SENTENÇAS JUDICIAIS DE PEQUENO VALOR";"DESPESAS OBRIGATORIAS E/OU JUDICIAIS(P. FISICAS).";"525.11";"2025";"L";"24/01/2025";"0";"01/01/2025";"31/01/2025";"8"
"UNIDADE DE GESTÃO DE GOVERNO E FINANÇAS";"28";"ENCARGOS ESPECIAIS";"846";"OUTROS ENCARGOS ESPECIAIS";"2025";"1721";"";"0";"0";"100034023";"PAULECIR BLANCO";"36146584819";"";"0";"PROPRIA";"33909115";"SENTENÇAS JUDICIAIS DE PEQUENO VALOR";"DESPESAS OBRIGATORIAS E/OU JUDICIAIS(P. FISICAS).";"1869.65";"2025";"L";"24/01/2025";"0";"01/01/2025";"31/01/2025";"8"
"UNIDADE DE GESTÃO DE GOVERNO E FINANÇAS";"28";"ENCARGOS ESPECIAIS";"846";"OUTROS ENCARGOS ESPECIAIS";"2025";"1723";"";"0";"0";"100057816";"LARISSA MARIA FERREIRA";"47352373802";"";"0";"PROPRIA";"33909115";"SENTENÇAS JUDICIAIS DE PEQUENO VALOR";"DESPESAS OBRIGATORIAS E/OU JUDICIAIS(P. FISICAS).";"1846.32";"2025";"L";"24/01/2025";"0";"01/01/2025";"31/01/2025";"8"
"UNIDADE DE GESTÃO DE GOVERNO E FINANÇAS";"28";"ENCARGOS ESPECIAIS";"846";"OUTROS ENCARGOS ESPECIAIS";"2025";"1724";"";"0";"0";"100057817";"GISELE ALVES DOS SANTOS";"34361151857";"";"0";"PROPRIA";"33909115";"SENTENÇAS JUDICIAIS DE PEQUENO VALOR";"DESPESAS OBRIGATORIAS E/OU JUDICIAIS(P. FISICAS).";"9231.58";"2025";"L";"24/01/2025";"0";"01/01/2025";"31/01/2025";"8"
"UNIDADE DE GESTÃO DE GOVERNO E FINANÇAS";"28";"ENCARGOS ESPECIAIS";"846";"OUTROS ENCARGOS ESPECIAIS";"2025";"1725";"";"0";"0";"100034023";"PAULECIR BLANCO";"36146584819";"";"0";"PROPRIA";"33909115";"SENTENÇAS JUDICIAIS DE PEQUENO VALOR";"DESPESAS OBRIGATORIAS E/OU JUDICIAIS(P. FISICAS).";"1337.36";"2025";"L";"24/01/2025";"0";"01/01/2025";"31/01/2025";"8"
"UNIDADE DE GESTÃO DE GOVERNO E FINANÇAS";"28";"ENCARGOS ESPECIAIS";"846";"OUTROS ENCARGOS ESPECIAIS";"2025";"1726";"";"0";"0";"100035879";"VANIA DE ALMEIDA ROSA";"08316174898";"";"0";"PROPRIA";"33909115";"SENTENÇAS JUDICIAIS DE PEQUENO VALOR";"DESPESAS OBRIGATORIAS E/OU JUDICIAIS(P. FISICAS).";"1346.59";"2025";"L";"24/01/2025";"0";"01/01/2025";"31/01/2025";"8"
"UNIDADE DE GESTÃO DE GOVERNO E FINANÇAS";"28";"ENCARGOS ESPECIAIS";"846";"OUTROS ENCARGOS ESPECIAIS";"2025";"1727";"";"0";"0";"100034023";"PAULECIR BLANCO";"36146584819";"";"0";"PROPRIA";"33909115";"SENTENÇAS JUDICIAIS DE PEQUENO VALOR";"DESPESAS OBRIGATORIAS E/OU JUDICIAIS(P. FISICAS).";"1377.96";"2025";"L";"24/01/2025";"0";"01/01/2025";"31/01/2025";"8"
"UNIDADE DE GESTÃO DE GOVERNO E FINANÇAS";"28";"ENCARGOS ESPECIAIS";"846";"OUTROS ENCARGOS ESPECIAIS";"2025";"1728";"";"0";"0";"100056734";"GUILHERME VINICIUS SILVA DE OLIVEIRA";"40719262879";"";"0";"PROPRIA";"33909115";"SENTENÇAS JUDICIAIS DE PEQUENO VALOR";"DESPESAS OBRIGATORIAS E/OU JUDICIAIS(P. FISICAS).";"1369.54";"2025";"L";"24/01/2025";"0";"01/01/2025";"31/01/2025";"8"
"UNIDADE DE GESTÃO DE PROMOÇÃO DA SAÚDE";"10";"SAÚDE";"303";"SUPORTE PROFILÁTICO E TERAPÊUTICO";"2025";"1742";"2024";"88";"14";"100054568";"LONGEVITY PHARMA LTDA ME";"32179973000126";"PREGÃO ELETRÔNICO";"0";"PROPRIA";"33903037";"MEDICAMENTOS FORNECIDOS POR DECISÃO JUDICIAL";"FORMULA MANIPULADA-CRANBERRY 400MG";"48";"2025";"L";"30/01/2025";"0";"01/01/2025";"31/01/2025";"14"
"UNIDADE GESTÃO DE AGRONEGÓCIO. ABASTEC. E TURISMO";"23";"COMÉRCIO E SERVIÇOS";"695";"TURISMO";"2025";"1745";"2023";"384";"14";"100046763";"29.984.504 GESLEY LIMA BARBOSA ME";"29984504000175";"PREGÃO ELETRÔNICO";"0";"PROPRIA";"33903007";"GENEROS DE ALIMENTACAO";"AGUA MINERAL SEM GAS. GALAO COM 20 LITROS.";"56.67";"2025";"L";"28/01/2025";"0";"01/01/2025";"31/01/2025";"17"
"UNIDADE DE GESTÃO DE GOVERNO E FINANÇAS";"28";"ENCARGOS ESPECIAIS";"846";"OUTROS ENCARGOS ESPECIAIS";"2025";"1751";"";"0";"0";"7031922";"SUELI GONCALVES";"11937917827";"";"0";"PROPRIA";"33909115";"SENTENÇAS JUDICIAIS DE PEQUENO VALOR";"DESPESAS OBRIGATORIAS E/OU JUDICIAIS(P. FISICAS).";"9296.25";"2025";"L";"24/01/2025";"0";"01/01/2025";"31/01/2025";"8"
"UNIDADE DE GESTÃO DE GOVERNO E FINANÇAS";"28";"ENCARGOS ESPECIAIS";"846";"OUTROS ENCARGOS ESPECIAIS";"2025";"1752";"";"0";"0";"100050580";"VALERIA LORENTI";"10268453861";"";"0";"PROPRIA";"33909115";"SENTENÇAS JUDICIAIS DE PEQUENO VALOR";"DESPESAS OBRIGATORIAS E/OU JUDICIAIS(P. FISICAS).";"5965.53";"2025";"L";"23/01/2025";"0";"01/01/2025";"31/01/2025";"8"
"UNIDADE DE GESTÃO DE GOVERNO E FINANÇAS";"4";"ADMINISTRAÇÃO";"129";"ADMINISTRAÇÃO DE RECEITAS";"2025";"1754";"2024";"221";"14";"100004568";"INDUSTRIA GRAFICA BRASILEIRA LTDA";"61418141000113";"PREGÃO ELETRÔNICO";"0";"PROPRIA";"33903963";"SERVICOS GRAFICOS";"CARNE DE IPTU - SERVICOS DE IMPRESSAO";"81264.6";"2025";"L";"28/01/2025";"0";"01/01/2025";"31/01/2025";"8"
"UNIDADE DE GESTÃO DE GOVERNO E FINANÇAS";"4";"ADMINISTRAÇÃO";"129";"ADMINISTRAÇÃO DE RECEITAS";"2025";"1766";"2016";"26";"6";"100033013";"SERGIO TOSHIHARU KUROCAVA";"10256531811";"DISPENSA DE LICITACAO";"0";"PROPRIA";"33903615";"LOCACAO DE IMOVEIS";"LOCACAO-IMOVEL - CENTRO AVANCADO DA SMF/DFC";"2951.84";"2025";"L";"30/01/2025";"0";"01/01/2025";"31/01/2025";"8"
"UNIDADE DE GESTÃO DE ADMINIST. E GESTÃO DE PESSOAS";"4";"ADMINISTRAÇÃO";"122";"ADMINISTRAÇÃO GERAL";"2025";"1772";"";"0";"0";"100043195";"2º OFICIAL DE REGISTRO DE IMÓVEIS. TÍTULOS E DOC. CIVIL DE PES. JURD. COM. JUNDIAI SP";"36350432000170";"";"0";"PROPRIA";"33903966";"SERVICOS JUDICIARIOS";"SERVICOS DE CARTORIOS(P. JURIDICAS).";"47.67";"2025";"L";"23/01/2025";"0";"01/01/2025";"31/01/2025";"7"
"UNIDADE DE GESTÃO DE ESPORTE E LAZER";"27";"DESPORTO E LAZER";"811";"DESPORTO DE RENDIMENTO";"2025";"1774";"";"0";"0";"100023111";"MINISTERIO DO ESPORTE";"02961362000174";"";"6606";"ME/CEF/CONTRATO 814303/CENTRO DE EXCEL.ESPORTE";"44909300";"INDENIZAÇÕES E RESTITUIÇÕES";"DESPESAS RESULT. DE LEIS. DEC.. CONV.. ACORDOS(ORG. PUBL.).";"1980622.16";"2025";"L";"29/01/2025";"0";"01/01/2025";"31/01/2025";"23"
"UNIDADE DE GESTÃO DE PROMOÇÃO DA SAÚDE";"10";"SAÚDE";"301";"ATENÇÃO BÁSICA";"2025";"1778";"2022";"87";"4";"100049035";"SETEE. SERV. TEC. ESPECIALIZADOS LTDA EPP";"23306485000141";"CONVITE-OBRAS";"5002";"FUNDO NACIONAL DE SAUDE - PAB";"33903905";"SERVICOS TECNICOS PROFISSIONAIS";"ELABORACAO-PROJETO";"56366.53";"2025";"L";"24/01/2025";"0";"01/01/2025";"31/01/2025";"14"
"UNIDADE DE GESTÃO DE GOVERNO E FINANÇAS";"28";"ENCARGOS ESPECIAIS";"846";"OUTROS ENCARGOS ESPECIAIS";"2025";"1803";"";"0";"0";"100057825";"RENI APARECIDA NASCIMENTO";"02496882807";"";"0";"PROPRIA";"33909115";"SENTENÇAS JUDICIAIS DE PEQUENO VALOR";"DESPESAS OBRIGATORIAS E/OU JUDICIAIS(P. FISICAS).";"2175.09";"2025";"L";"27/01/2025";"0";"01/01/2025";"31/01/2025";"8"
"UNIDADE DE GESTÃO DE GOVERNO E FINANÇAS";"28";"ENCARGOS ESPECIAIS";"846";"OUTROS ENCARGOS ESPECIAIS";"2025";"1804";"";"0";"0";"100037095";"MARCOS CREPALDI";"26514503837";"";"0";"PROPRIA";"33909115";"SENTENÇAS JUDICIAIS DE PEQUENO VALOR";"DESPESAS OBRIGATORIAS E/OU JUDICIAIS(P. FISICAS).";"30542.39";"2025";"L";"27/01/2025";"0";"01/01/2025";"31/01/2025";"8"
"UNIDADE DE GESTÃO DE GOVERNO E FINANÇAS";"28";"ENCARGOS ESPECIAIS";"846";"OUTROS ENCARGOS ESPECIAIS";"2025";"1805";"";"0";"0";"100048007";"JEFFERSON PEREIRA PORPHIRIO";"17883693867";"";"0";"PROPRIA";"33909115";"SENTENÇAS JUDICIAIS DE PEQUENO VALOR";"DESPESAS OBRIGATORIAS E/OU JUDICIAIS(P. FISICAS).";"15596.18";"2025";"L";"27/01/2025";"0";"01/01/2025";"31/01/2025";"8"
"UNIDADE DE GESTÃO DE GOVERNO E FINANÇAS";"28";"ENCARGOS ESPECIAIS";"846";"OUTROS ENCARGOS ESPECIAIS";"2025";"1806";"";"0";"0";"100048126";"JOSE ROBERTO DO REGO";"27726838850";"";"0";"PROPRIA";"33909115";"SENTENÇAS JUDICIAIS DE PEQUENO VALOR";"DESPESAS OBRIGATORIAS E/OU JUDICIAIS(P. FISICAS).";"23179.47";"2025";"L";"27/01/2025";"0";"01/01/2025";"31/01/2025";"8"
"UNIDADE DE GESTÃO DE GOVERNO E FINANÇAS";"28";"ENCARGOS ESPECIAIS";"846";"OUTROS ENCARGOS ESPECIAIS";"2025";"1807";"";"0";"0";"100057827";"NEURI PIRES DA ROSA";"13904526898";"";"0";"PROPRIA";"33909115";"SENTENÇAS JUDICIAIS DE PEQUENO VALOR";"DESPESAS OBRIGATORIAS E/OU JUDICIAIS(P. FISICAS).";"28637.45";"2025";"L";"27/01/2025";"0";"01/01/2025";"31/01/2025";"8"
"UNIDADE DE GESTÃO DE GOVERNO E FINANÇAS";"28";"ENCARGOS ESPECIAIS";"846";"OUTROS ENCARGOS ESPECIAIS";"2025";"1810";"";"0";"0";"100050568";"LUIZ CARLOS EMIDIO PIVA";"10248690833";"";"0";"PROPRIA";"33909115";"SENTENÇAS JUDICIAIS DE PEQUENO VALOR";"DESPESAS OBRIGATORIAS E/OU JUDICIAIS(P. FISICAS).";"30567.62";"2025";"L";"27/01/2025";"0";"01/01/2025";"31/01/2025";"8"
"UNIDADE DE GESTÃO DE GOVERNO E FINANÇAS";"28";"ENCARGOS ESPECIAIS";"846";"OUTROS ENCARGOS ESPECIAIS";"2025";"1811";"";"0";"0";"100057831";"TATIANE DE CAMPOS BARBOSA";"26335319896";"";"0";"PROPRIA";"33909115";"SENTENÇAS JUDICIAIS DE PEQUENO VALOR";"DESPESAS OBRIGATORIAS E/OU JUDICIAIS(P. FISICAS).";"4601.95";"2025";"L";"27/01/2025";"0";"01/01/2025";"31/01/2025";"8"
"UNIDADE DE GESTÃO DE GOVERNO E FINANÇAS";"28";"ENCARGOS ESPECIAIS";"846";"OUTROS ENCARGOS ESPECIAIS";"2025";"1812";"";"0";"0";"100052670";"MARIA ELISA CESARINO MORASSUTTI";"11621874842";"";"0";"PROPRIA";"33909115";"SENTENÇAS JUDICIAIS DE PEQUENO VALOR";"DESPESAS OBRIGATORIAS E/OU JUDICIAIS(P. FISICAS).";"3695.88";"2025";"L";"27/01/2025";"0";"01/01/2025";"31/01/2025";"8"
"UNIDADE DE GESTÃO DE GOVERNO E FINANÇAS";"28";"ENCARGOS ESPECIAIS";"846";"OUTROS ENCARGOS ESPECIAIS";"2025";"1813";"";"0";"0";"100035879";"VANIA DE ALMEIDA ROSA";"08316174898";"";"0";"PROPRIA";"33909115";"SENTENÇAS JUDICIAIS DE PEQUENO VALOR";"DESPESAS OBRIGATORIAS E/OU JUDICIAIS(P. FISICAS).";"3183.73";"2025";"L";"24/01/2025";"0";"01/01/2025";"31/01/2025";"8"
"UNIDADE DE GESTÃO DE GOVERNO E FINANÇAS";"28";"ENCARGOS ESPECIAIS";"846";"OUTROS ENCARGOS ESPECIAIS";"2025";"1814";"";"0";"0";"100057832";"EVANA LUCIA GUTIERRES FERIGATTI";"10050417843";"";"0";"PROPRIA";"33909115";"SENTENÇAS JUDICIAIS DE PEQUENO VALOR";"DESPESAS OBRIGATORIAS E/OU JUDICIAIS(P. FISICAS).";"466.35";"2025";"L";"24/01/2025";"0";"01/01/2025";"31/01/2025";"8"
"UNIDADE DE GESTÃO DE GOVERNO E FINANÇAS";"28";"ENCARGOS ESPECIAIS";"846";"OUTROS ENCARGOS ESPECIAIS";"2025";"1815";"";"0";"0";"100048338";"SERGIO MENESES DA SILVA";"13431649823";"";"0";"PROPRIA";"33909115";"SENTENÇAS JUDICIAIS DE PEQUENO VALOR";"DESPESAS OBRIGATORIAS E/OU JUDICIAIS(P. FISICAS).";"27654.63";"2025";"L";"24/01/2025";"0";"01/01/2025";"31/01/2025";"8"
"UNIDADE DE GESTÃO DE GOVERNO E FINANÇAS";"28";"ENCARGOS ESPECIAIS";"846";"OUTROS ENCARGOS ESPECIAIS";"2025";"1816";"";"0";"0";"100051273";"ADILSON CESÁRIO SATURNINO";"16843791808";"";"0";"PROPRIA";"33909115";"SENTENÇAS JUDICIAIS DE PEQUENO VALOR";"DESPESAS OBRIGATORIAS E/OU JUDICIAIS(P. FISICAS).";"4427.42";"2025";"L";"24/01/2025";"0";"01/01/2025";"31/01/2025";"8"
"UNIDADE DE GESTÃO DE GOVERNO E FINANÇAS";"28";"ENCARGOS ESPECIAIS";"846";"OUTROS ENCARGOS ESPECIAIS";"2025";"1817";"";"0";"0";"100031836";"DANIEL DA SILVA ROSA";"32934945871";"";"0";"PROPRIA";"33909115";"SENTENÇAS JUDICIAIS DE PEQUENO VALOR";"DESPESAS OBRIGATORIAS E/OU JUDICIAIS(P. FISICAS).";"8129.47";"2025";"L";"24/01/2025";"0";"01/01/2025";"31/01/2025";"8"
"UNIDADE DE GESTÃO DE GOVERNO E FINANÇAS";"28";"ENCARGOS ESPECIAIS";"846";"OUTROS ENCARGOS ESPECIAIS";"2025";"1818";"";"0";"0";"100035879";"VANIA DE ALMEIDA ROSA";"08316174898";"";"0";"PROPRIA";"33909115";"SENTENÇAS JUDICIAIS DE PEQUENO VALOR";"DESPESAS OBRIGATORIAS E/OU JUDICIAIS(P. FISICAS).";"6102.09";"2025";"L";"24/01/2025";"0";"01/01/2025";"31/01/2025";"8"
"UNIDADE DE GESTÃO DE GOVERNO E FINANÇAS";"28";"ENCARGOS ESPECIAIS";"846";"OUTROS ENCARGOS ESPECIAIS";"2025";"1819";"";"0";"0";"100035102";"VILMA BELO PEREIRA";"29614506830";"";"0";"PROPRIA";"33909115";"SENTENÇAS JUDICIAIS DE PEQUENO VALOR";"DESPESAS OBRIGATORIAS E/OU JUDICIAIS(P. FISICAS).";"24987.12";"2025";"L";"23/01/2025";"0";"01/01/2025";"31/01/2025";"8"
"UNIDADE DE GESTÃO DE ADMINIST. E GESTÃO DE PESSOAS";"4";"ADMINISTRAÇÃO";"122";"ADMINISTRAÇÃO GERAL";"2025";"1835";"";"0";"0";"100012604";"FOLHA DE PAGAMENTO";"45780103000150";"";"0";"PROPRIA";"31901137";"GRATIFICACOES POR TEMPO DE SERVICO";"FOLHA DE PAGAMENTO";"347.41";"2025";"L";"23/01/2025";"0";"01/01/2025";"31/01/2025";"7"
"UNIDADE DE GESTÃO DE ADMINIST. E GESTÃO DE PESSOAS";"4";"ADMINISTRAÇÃO";"122";"ADMINISTRAÇÃO GERAL";"2025";"1836";"";"0";"0";"100012604";"FOLHA DE PAGAMENTO";"45780103000150";"";"0";"PROPRIA";"31901145";"FÉRIAS - ABONO CONSTITUICOES";"FOLHA DE PAGAMENTO";"2442.61";"2025";"L";"23/01/2025";"0";"01/01/2025";"31/01/2025";"7"
"UNIDADE DE GESTÃO DE ADMINIST. E GESTÃO DE PESSOAS";"4";"ADMINISTRAÇÃO";"122";"ADMINISTRAÇÃO GERAL";"2025";"1837";"";"0";"0";"100012604";"FOLHA DE PAGAMENTO";"45780103000150";"";"0";"PROPRIA";"31901146";"FÉRIAS - PAGAMENTO ANTECIPADO - RPPS";"FOLHA DE PAGAMENTO";"4061.3";"2025";"L";"23/01/2025";"0";"01/01/2025";"31/01/2025";"7"
"UNIDADE DE GESTÃO DE ADMINIST. E GESTÃO DE PESSOAS";"4";"ADMINISTRAÇÃO";"122";"ADMINISTRAÇÃO GERAL";"2025";"1838";"";"0";"0";"100012604";"FOLHA DE PAGAMENTO";"45780103000150";"";"0";"PROPRIA";"31901644";"SERVIÇOS EXTRAORDINÁRIOS";"FOLHA DE PAGAMENTO";"32.16";"2025";"L";"23/01/2025";"0";"01/01/2025";"31/01/2025";"7"
"UNIDADE DE GESTÃO DE ADMINIST. E GESTÃO DE PESSOAS";"4";"ADMINISTRAÇÃO";"122";"ADMINISTRAÇÃO GERAL";"2025";"1839";"";"0";"0";"100012604";"FOLHA DE PAGAMENTO";"45780103000150";"";"0";"PROPRIA";"31901137";"GRATIFICACOES POR TEMPO DE SERVICO";"FOLHA DE PAGAMENTO";"3164.27";"2025";"L";"23/01/2025";"0";"01/01/2025";"31/01/2025";"7"
"UNIDADE DE GESTÃO DE ADMINIST. E GESTÃO DE PESSOAS";"4";"ADMINISTRAÇÃO";"122";"ADMINISTRAÇÃO GERAL";"2025";"1840";"";"0";"0";"100012604";"FOLHA DE PAGAMENTO";"45780103000150";"";"0";"PROPRIA";"31901145";"FÉRIAS - ABONO CONSTITUICOES";"FOLHA DE PAGAMENTO";"3585.97";"2025";"L";"23/01/2025";"0";"01/01/2025";"31/01/2025";"7"
"UNIDADE DE GESTÃO DE ADMINIST. E GESTÃO DE PESSOAS";"4";"ADMINISTRAÇÃO";"122";"ADMINISTRAÇÃO GERAL";"2025";"1841";"";"0";"0";"100012604";"FOLHA DE PAGAMENTO";"45780103000150";"";"0";"PROPRIA";"31901146";"FÉRIAS - PAGAMENTO ANTECIPADO - RPPS";"FOLHA DE PAGAMENTO";"4001.28";"2025";"L";"23/01/2025";"0";"01/01/2025";"31/01/2025";"7"
"UNIDADE DE GESTÃO DE GOVERNO E FINANÇAS";"4";"ADMINISTRAÇÃO";"122";"ADMINISTRAÇÃO GERAL";"2025";"1842";"";"0";"0";"100012604";"FOLHA DE PAGAMENTO";"45780103000150";"";"0";"PROPRIA";"31901133";"GRATIFICACOES POR EXERCICIO DE  FUNCOES";"FOLHA DE PAGAMENTO";"1861.48";"2025";"L";"23/01/2025";"0";"01/01/2025";"31/01/2025";"8"
"UNIDADE DE GESTÃO DE GOVERNO E FINANÇAS";"4";"ADMINISTRAÇÃO";"122";"ADMINISTRAÇÃO GERAL";"2025";"1843";"";"0";"0";"100012604";"FOLHA DE PAGAMENTO";"45780103000150";"";"0";"PROPRIA";"31901137";"GRATIFICACOES POR TEMPO DE SERVICO";"FOLHA DE PAGAMENTO";"1232.65";"2025";"L";"23/01/2025";"0";"01/01/2025";"31/01/2025";"8"
"UNIDADE DE GESTÃO DE GOVERNO E FINANÇAS";"4";"ADMINISTRAÇÃO";"122";"ADMINISTRAÇÃO GERAL";"2025";"1844";"";"0";"0";"100012604";"FOLHA DE PAGAMENTO";"45780103000150";"";"0";"PROPRIA";"31901144";"FÉRIAS - ABONO PECUNIARIO";"FOLHA DE PAGAMENTO";"6039.78";"2025";"L";"23/01/2025";"0";"01/01/2025";"31/01/2025";"8"
"UNIDADE DE GESTÃO DE GOVERNO E FINANÇAS";"4";"ADMINISTRAÇÃO";"122";"ADMINISTRAÇÃO GERAL";"2025";"1845";"";"0";"0";"100012604";"FOLHA DE PAGAMENTO";"45780103000150";"";"0";"PROPRIA";"31901145";"FÉRIAS - ABONO CONSTITUICOES";"FOLHA DE PAGAMENTO";"7975.42";"2025";"L";"23/01/2025";"0";"01/01/2025";"31/01/2025";"8"
"UNIDADE DE GESTÃO DE GOVERNO E FINANÇAS";"4";"ADMINISTRAÇÃO";"122";"ADMINISTRAÇÃO GERAL";"2025";"1846";"";"0";"0";"100012604";"FOLHA DE PAGAMENTO";"45780103000150";"";"0";"PROPRIA";"31901146";"FÉRIAS - PAGAMENTO ANTECIPADO - RPPS";"FOLHA DE PAGAMENTO";"16455.65";"2025";"L";"23/01/2025";"0";"01/01/2025";"31/01/2025";"8"
"UNIDADE DE GESTÃO DE GOVERNO E FINANÇAS";"4";"ADMINISTRAÇÃO";"122";"ADMINISTRAÇÃO GERAL";"2025";"1847";"";"0";"0";"100012604";"FOLHA DE PAGAMENTO";"45780103000150";"";"0";"PROPRIA";"31901644";"SERVIÇOS EXTRAORDINÁRIOS";"FOLHA DE PAGAMENTO";"413.44";"2025";"L";"23/01/2025";"0";"01/01/2025";"31/01/2025";"8"
"UNIDADE DE GESTÃO DE INFRAEST. E SERVIÇOS PÚBLICOS";"15";"URBANISMO";"122";"ADMINISTRAÇÃO GERAL";"2025";"1848";"";"0";"0";"100012604";"FOLHA DE PAGAMENTO";"45780103000150";"";"0";"PROPRIA";"31901137";"GRATIFICACOES POR TEMPO DE SERVICO";"FOLHA DE PAGAMENTO";"4232.52";"2025";"L";"23/01/2025";"0";"01/01/2025";"31/01/2025";"10"
"UNIDADE DE GESTÃO DE INFRAEST. E SERVIÇOS PÚBLICOS";"15";"URBANISMO";"122";"ADMINISTRAÇÃO GERAL";"2025";"1849";"";"0";"0";"100012604";"FOLHA DE PAGAMENTO";"45780103000150";"";"0";"PROPRIA";"31901145";"FÉRIAS - ABONO CONSTITUICOES";"FOLHA DE PAGAMENTO";"10456.99";"2025";"L";"23/01/2025";"0";"01/01/2025";"31/01/2025";"10"
"UNIDADE DE GESTÃO DE INFRAEST. E SERVIÇOS PÚBLICOS";"15";"URBANISMO";"122";"ADMINISTRAÇÃO GERAL";"2025";"1850";"";"0";"0";"100012604";"FOLHA DE PAGAMENTO";"45780103000150";"";"0";"PROPRIA";"31901146";"FÉRIAS - PAGAMENTO ANTECIPADO - RPPS";"FOLHA DE PAGAMENTO";"18779.94";"2025";"L";"23/01/2025";"0";"01/01/2025";"31/01/2025";"10"
"UNIDADE DE GESTÃO DE INFRAEST. E SERVIÇOS PÚBLICOS";"15";"URBANISMO";"122";"ADMINISTRAÇÃO GERAL";"2025";"1851";"";"0";"0";"100012604";"FOLHA DE PAGAMENTO";"45780103000150";"";"0";"PROPRIA";"31901644";"SERVIÇOS EXTRAORDINÁRIOS";"FOLHA DE PAGAMENTO";"2419.65";"2025";"L";"23/01/2025";"0";"01/01/2025";"31/01/2025";"10"
"UNIDADE GESTÃO DE PLANEJ. URBANO E MEIO AMBIENTE";"18";"GESTÃO AMBIENTAL";"122";"ADMINISTRAÇÃO GERAL";"2025";"1852";"";"0";"0";"100012604";"FOLHA DE PAGAMENTO";"45780103000150";"";"0";"PROPRIA";"31901137";"GRATIFICACOES POR TEMPO DE SERVICO";"FOLHA DE PAGAMENTO";"101.72";"2025";"L";"23/01/2025";"0";"01/01/2025";"31/01/2025";"11"
"UNIDADE GESTÃO DE PLANEJ. URBANO E MEIO AMBIENTE";"18";"GESTÃO AMBIENTAL";"122";"ADMINISTRAÇÃO GERAL";"2025";"1853";"";"0";"0";"100012604";"FOLHA DE PAGAMENTO";"45780103000150";"";"0";"PROPRIA";"31901145";"FÉRIAS - ABONO CONSTITUICOES";"FOLHA DE PAGAMENTO";"712.04";"2025";"L";"23/01/2025";"0";"01/01/2025";"31/01/2025";"11"
"UNIDADE GESTÃO DE PLANEJ. URBANO E MEIO AMBIENTE";"18";"GESTÃO AMBIENTAL";"122";"ADMINISTRAÇÃO GERAL";"2025";"1854";"";"0";"0";"100012604";"FOLHA DE PAGAMENTO";"45780103000150";"";"0";"PROPRIA";"31901146";"FÉRIAS - PAGAMENTO ANTECIPADO - RPPS";"FOLHA DE PAGAMENTO";"1735.35";"2025";"L";"23/01/2025";"0";"01/01/2025";"31/01/2025";"11"
"UNIDADE DE GESTÃO DE MOBILIDADE E TRANSPORTE";"15";"URBANISMO";"122";"ADMINISTRAÇÃO GERAL";"2025";"1855";"";"0";"0";"100012604";"FOLHA DE PAGAMENTO";"45780103000150";"";"0";"PROPRIA";"31901104";"ADICIONAL NOTURNO";"FOLHA DE PAGAMENTO";"490.43";"2025";"L";"23/01/2025";"0";"01/01/2025";"31/01/2025";"12"
"UNIDADE DE GESTÃO DE MOBILIDADE E TRANSPORTE";"15";"URBANISMO";"122";"ADMINISTRAÇÃO GERAL";"2025";"1856";"";"0";"0";"100012604";"FOLHA DE PAGAMENTO";"45780103000150";"";"0";"PROPRIA";"31901133";"GRATIFICACOES POR EXERCICIO DE  FUNCOES";"FOLHA DE PAGAMENTO";"3661.93";"2025";"L";"23/01/2025";"0";"01/01/2025";"31/01/2025";"12"
"UNIDADE DE GESTÃO DE MOBILIDADE E TRANSPORTE";"15";"URBANISMO";"122";"ADMINISTRAÇÃO GERAL";"2025";"1857";"";"0";"0";"100012604";"FOLHA DE PAGAMENTO";"45780103000150";"";"0";"PROPRIA";"31901137";"GRATIFICACOES POR TEMPO DE SERVICO";"FOLHA DE PAGAMENTO";"4481.8";"2025";"L";"23/01/2025";"0";"01/01/2025";"31/01/2025";"12"
"UNIDADE DE GESTÃO DE MOBILIDADE E TRANSPORTE";"15";"URBANISMO";"122";"ADMINISTRAÇÃO GERAL";"2025";"1858";"";"0";"0";"100012604";"FOLHA DE PAGAMENTO";"45780103000150";"";"0";"PROPRIA";"31901144";"FÉRIAS - ABONO PECUNIARIO";"FOLHA DE PAGAMENTO";"3071";"2025";"L";"23/01/2025";"0";"01/01/2025";"31/01/2025";"12"
"UNIDADE DE GESTÃO DE MOBILIDADE E TRANSPORTE";"15";"URBANISMO";"122";"ADMINISTRAÇÃO GERAL";"2025";"1859";"";"0";"0";"100012604";"FOLHA DE PAGAMENTO";"45780103000150";"";"0";"PROPRIA";"31901145";"FÉRIAS - ABONO CONSTITUICOES";"FOLHA DE PAGAMENTO";"12060.55";"2025";"L";"23/01/2025";"0";"01/01/2025";"31/01/2025";"12"
"UNIDADE DE GESTÃO DE MOBILIDADE E TRANSPORTE";"15";"URBANISMO";"122";"ADMINISTRAÇÃO GERAL";"2025";"1860";"";"0";"0";"100012604";"FOLHA DE PAGAMENTO";"45780103000150";"";"0";"PROPRIA";"31901146";"FÉRIAS - PAGAMENTO ANTECIPADO - RPPS";"FOLHA DE PAGAMENTO";"16819.88";"2025";"L";"23/01/2025";"0";"01/01/2025";"31/01/2025";"12"
"UNIDADE DE GESTÃO DE MOBILIDADE E TRANSPORTE";"15";"URBANISMO";"122";"ADMINISTRAÇÃO GERAL";"2025";"1861";"";"0";"0";"100012604";"FOLHA DE PAGAMENTO";"45780103000150";"";"0";"PROPRIA";"31901644";"SERVIÇOS EXTRAORDINÁRIOS";"FOLHA DE PAGAMENTO";"5071.43";"2025";"L";"23/01/2025";"0";"01/01/2025";"31/01/2025";"12"
"UNIDADE DE GESTÃO DE EDUCAÇÃO";"12";"EDUCAÇÃO";"361";"ENSINO FUNDAMENTAL";"2025";"1862";"";"0";"0";"100012604";"FOLHA DE PAGAMENTO";"45780103000150";"";"0";"PROPRIA";"31901145";"FÉRIAS - ABONO CONSTITUICOES";"FOLHA DE PAGAMENTO";"467.46";"2025";"L";"23/01/2025";"0";"01/01/2025";"31/01/2025";"13"
"UNIDADE DE GESTÃO DE EDUCAÇÃO";"12";"EDUCAÇÃO";"361";"ENSINO FUNDAMENTAL";"2025";"1863";"";"0";"0";"100012604";"FOLHA DE PAGAMENTO";"45780103000150";"";"0";"PROPRIA";"31901146";"FÉRIAS - PAGAMENTO ANTECIPADO - RPPS";"FOLHA DE PAGAMENTO";"1063.05";"2025";"L";"23/01/2025";"0";"01/01/2025";"31/01/2025";"13"
"UNIDADE DE GESTÃO DE PROMOÇÃO DA SAÚDE";"10";"SAÚDE";"122";"ADMINISTRAÇÃO GERAL";"2025";"1864";"";"0";"0";"100012604";"FOLHA DE PAGAMENTO";"45780103000150";"";"0";"PROPRIA";"31901137";"GRATIFICACOES POR TEMPO DE SERVICO";"FOLHA DE PAGAMENTO";"70.12";"2025";"L";"23/01/2025";"0";"01/01/2025";"31/01/2025";"14"
"UNIDADE DE GESTÃO DE PROMOÇÃO DA SAÚDE";"10";"SAÚDE";"122";"ADMINISTRAÇÃO GERAL";"2025";"1865";"";"0";"0";"100012604";"FOLHA DE PAGAMENTO";"45780103000150";"";"0";"PROPRIA";"31901145";"FÉRIAS - ABONO CONSTITUICOES";"FOLHA DE PAGAMENTO";"919.78";"2025";"L";"23/01/2025";"0";"01/01/2025";"31/01/2025";"14"
"UNIDADE DE GESTÃO DE PROMOÇÃO DA SAÚDE";"10";"SAÚDE";"122";"ADMINISTRAÇÃO GERAL";"2025";"1866";"";"0";"0";"100012604";"FOLHA DE PAGAMENTO";"45780103000150";"";"0";"PROPRIA";"31901146";"FÉRIAS - PAGAMENTO ANTECIPADO - RPPS";"FOLHA DE PAGAMENTO";"2290.14";"2025";"L";"23/01/2025";"0";"01/01/2025";"31/01/2025";"14"
"UNIDADE DE GESTÃO DE PROMOÇÃO DA SAÚDE";"10";"SAÚDE";"122";"ADMINISTRAÇÃO GERAL";"2025";"1867";"";"0";"0";"100012604";"FOLHA DE PAGAMENTO";"45780103000150";"";"0";"PROPRIA";"31901644";"SERVIÇOS EXTRAORDINÁRIOS";"FOLHA DE PAGAMENTO";"14.84";"2025";"L";"23/01/2025";"0";"01/01/2025";"31/01/2025";"14"
"UNIDADE DE GESTÃO DE PROMOÇÃO DA SAÚDE";"10";"SAÚDE";"301";"ATENÇÃO BÁSICA";"2025";"1868";"";"0";"0";"100012604";"FOLHA DE PAGAMENTO";"45780103000150";"";"0";"PROPRIA";"31901110";"ADICIONAL DE INSALUBRIDADE";"FOLHA DE PAGAMENTO";"1136.81";"2025";"L";"23/01/2025";"0";"01/01/2025";"31/01/2025";"14"
"UNIDADE DE GESTÃO DE PROMOÇÃO DA SAÚDE";"10";"SAÚDE";"301";"ATENÇÃO BÁSICA";"2025";"1869";"";"0";"0";"100012604";"FOLHA DE PAGAMENTO";"45780103000150";"";"0";"PROPRIA";"31901137";"GRATIFICACOES POR TEMPO DE SERVICO";"FOLHA DE PAGAMENTO";"2216.9";"2025";"L";"23/01/2025";"0";"01/01/2025";"31/01/2025";"14"
"UNIDADE DE GESTÃO DE PROMOÇÃO DA SAÚDE";"10";"SAÚDE";"301";"ATENÇÃO BÁSICA";"2025";"1870";"";"0";"0";"100012604";"FOLHA DE PAGAMENTO";"45780103000150";"";"0";"PROPRIA";"31901144";"FÉRIAS - ABONO PECUNIARIO";"FOLHA DE PAGAMENTO";"9147.9";"2025";"L";"23/01/2025";"0";"01/01/2025";"31/01/2025";"14"
"UNIDADE DE GESTÃO DE PROMOÇÃO DA SAÚDE";"10";"SAÚDE";"301";"ATENÇÃO BÁSICA";"2025";"1871";"";"0";"0";"100012604";"FOLHA DE PAGAMENTO";"45780103000150";"";"0";"PROPRIA";"31901145";"FÉRIAS - ABONO CONSTITUICOES";"FOLHA DE PAGAMENTO";"11146.26";"2025";"L";"23/01/2025";"0";"01/01/2025";"31/01/2025";"14"
"UNIDADE DE GESTÃO DE PROMOÇÃO DA SAÚDE";"10";"SAÚDE";"301";"ATENÇÃO BÁSICA";"2025";"1872";"";"0";"0";"100012604";"FOLHA DE PAGAMENTO";"45780103000150";"";"0";"PROPRIA";"31901146";"FÉRIAS - PAGAMENTO ANTECIPADO - RPPS";"FOLHA DE PAGAMENTO";"21100.05";"2025";"L";"23/01/2025";"0";"01/01/2025";"31/01/2025";"14"
"UNIDADE DE GESTÃO DE PROMOÇÃO DA SAÚDE";"10";"SAÚDE";"301";"ATENÇÃO BÁSICA";"2025";"1873";"";"0";"0";"100012604";"FOLHA DE PAGAMENTO";"45780103000150";"";"0";"PROPRIA";"31901644";"SERVIÇOS EXTRAORDINÁRIOS";"FOLHA DE PAGAMENTO";"1827.52";"2025";"L";"23/01/2025";"0";"01/01/2025";"31/01/2025";"14"
"UNIDADE DE GESTÃO DE PROMOÇÃO DA SAÚDE";"10";"SAÚDE";"302";"ASSISTÊNCIA HOSPITALAR E AMBULATORIAL";"2025";"1874";"";"0";"0";"100012604";"FOLHA DE PAGAMENTO";"45780103000150";"";"0";"PROPRIA";"31901104";"ADICIONAL NOTURNO";"FOLHA DE PAGAMENTO";"34.54";"2025";"L";"23/01/2025";"0";"01/01/2025";"31/01/2025";"14"
"UNIDADE DE GESTÃO DE PROMOÇÃO DA SAÚDE";"10";"SAÚDE";"302";"ASSISTÊNCIA HOSPITALAR E AMBULATORIAL";"2025";"1875";"";"0";"0";"100012604";"FOLHA DE PAGAMENTO";"45780103000150";"";"0";"PROPRIA";"31901110";"ADICIONAL DE INSALUBRIDADE";"FOLHA DE PAGAMENTO";"607.2";"2025";"L";"23/01/2025";"0";"01/01/2025";"31/01/2025";"14"
"UNIDADE DE GESTÃO DE PROMOÇÃO DA SAÚDE";"10";"SAÚDE";"302";"ASSISTÊNCIA HOSPITALAR E AMBULATORIAL";"2025";"1876";"";"0";"0";"100012604";"FOLHA DE PAGAMENTO";"45780103000150";"";"0";"PROPRIA";"31901137";"GRATIFICACOES POR TEMPO DE SERVICO";"FOLHA DE PAGAMENTO";"1849.6";"2025";"L";"23/01/2025";"0";"01/01/2025";"31/01/2025";"14"
"UNIDADE DE GESTÃO DE PROMOÇÃO DA SAÚDE";"10";"SAÚDE";"302";"ASSISTÊNCIA HOSPITALAR E AMBULATORIAL";"2025";"1877";"";"0";"0";"100012604";"FOLHA DE PAGAMENTO";"45780103000150";"";"0";"PROPRIA";"31901144";"FÉRIAS - ABONO PECUNIARIO";"FOLHA DE PAGAMENTO";"3959.72";"2025";"L";"23/01/2025";"0";"01/01/2025";"31/01/2025";"14"
"UNIDADE DE GESTÃO DE PROMOÇÃO DA SAÚDE";"10";"SAÚDE";"302";"ASSISTÊNCIA HOSPITALAR E AMBULATORIAL";"2025";"1878";"";"0";"0";"100012604";"FOLHA DE PAGAMENTO";"45780103000150";"";"0";"PROPRIA";"31901145";"FÉRIAS - ABONO CONSTITUICOES";"FOLHA DE PAGAMENTO";"7399.81";"2025";"L";"23/01/2025";"0";"01/01/2025";"31/01/2025";"14"
"UNIDADE DE GESTÃO DE PROMOÇÃO DA SAÚDE";"10";"SAÚDE";"302";"ASSISTÊNCIA HOSPITALAR E AMBULATORIAL";"2025";"1879";"";"0";"0";"100012604";"FOLHA DE PAGAMENTO";"45780103000150";"";"0";"PROPRIA";"31901146";"FÉRIAS - PAGAMENTO ANTECIPADO - RPPS";"FOLHA DE PAGAMENTO";"13803.9";"2025";"L";"23/01/2025";"0";"01/01/2025";"31/01/2025";"14"
"UNIDADE DE GESTÃO DE PROMOÇÃO DA SAÚDE";"10";"SAÚDE";"302";"ASSISTÊNCIA HOSPITALAR E AMBULATORIAL";"2025";"1880";"";"0";"0";"100012604";"FOLHA DE PAGAMENTO";"45780103000150";"";"0";"PROPRIA";"31901644";"SERVIÇOS EXTRAORDINÁRIOS";"FOLHA DE PAGAMENTO";"2265.54";"2025";"L";"23/01/2025";"0";"01/01/2025";"31/01/2025";"14"
"UNIDADE DE GESTÃO DE PROMOÇÃO DA SAÚDE";"10";"SAÚDE";"305";"VIGILÂNCIA EPIDEMIOLÓGICA";"2025";"1881";"";"0";"0";"100012604";"FOLHA DE PAGAMENTO";"45780103000150";"";"0";"PROPRIA";"31901110";"ADICIONAL DE INSALUBRIDADE";"FOLHA DE PAGAMENTO";"404.8";"2025";"L";"23/01/2025";"0";"01/01/2025";"31/01/2025";"14"
"UNIDADE DE GESTÃO DE PROMOÇÃO DA SAÚDE";"10";"SAÚDE";"305";"VIGILÂNCIA EPIDEMIOLÓGICA";"2025";"1882";"";"0";"0";"100012604";"FOLHA DE PAGAMENTO";"45780103000150";"";"0";"PROPRIA";"31901137";"GRATIFICACOES POR TEMPO DE SERVICO";"FOLHA DE PAGAMENTO";"154.61";"2025";"L";"23/01/2025";"0";"01/01/2025";"31/01/2025";"14"
"UNIDADE DE GESTÃO DE PROMOÇÃO DA SAÚDE";"10";"SAÚDE";"305";"VIGILÂNCIA EPIDEMIOLÓGICA";"2025";"1883";"";"0";"0";"100012604";"FOLHA DE PAGAMENTO";"45780103000150";"";"0";"PROPRIA";"31901145";"FÉRIAS - ABONO CONSTITUICOES";"FOLHA DE PAGAMENTO";"3236.23";"2025";"L";"23/01/2025";"0";"01/01/2025";"31/01/2025";"14"
"UNIDADE DE GESTÃO DE PROMOÇÃO DA SAÚDE";"10";"SAÚDE";"305";"VIGILÂNCIA EPIDEMIOLÓGICA";"2025";"1884";"";"0";"0";"100012604";"FOLHA DE PAGAMENTO";"45780103000150";"";"0";"PROPRIA";"31901146";"FÉRIAS - PAGAMENTO ANTECIPADO - RPPS";"FOLHA DE PAGAMENTO";"7021.74";"2025";"L";"23/01/2025";"0";"01/01/2025";"31/01/2025";"14"
"UNIDADE DE GESTÃO DE PROMOÇÃO DA SAÚDE";"10";"SAÚDE";"303";"SUPORTE PROFILÁTICO E TERAPÊUTICO";"2025";"1885";"";"0";"0";"100012604";"FOLHA DE PAGAMENTO";"45780103000150";"";"0";"PROPRIA";"31901110";"ADICIONAL DE INSALUBRIDADE";"FOLHA DE PAGAMENTO";"101.2";"2025";"L";"23/01/2025";"0";"01/01/2025";"31/01/2025";"14"
"UNIDADE DE GESTÃO DE PROMOÇÃO DA SAÚDE";"10";"SAÚDE";"303";"SUPORTE PROFILÁTICO E TERAPÊUTICO";"2025";"1886";"";"0";"0";"100012604";"FOLHA DE PAGAMENTO";"45780103000150";"";"0";"PROPRIA";"31901137";"GRATIFICACOES POR TEMPO DE SERVICO";"FOLHA DE PAGAMENTO";"170.46";"2025";"L";"23/01/2025";"0";"01/01/2025";"31/01/2025";"14"
"UNIDADE DE GESTÃO DE PROMOÇÃO DA SAÚDE";"10";"SAÚDE";"303";"SUPORTE PROFILÁTICO E TERAPÊUTICO";"2025";"1887";"";"0";"0";"100012604";"FOLHA DE PAGAMENTO";"45780103000150";"";"0";"PROPRIA";"31901145";"FÉRIAS - ABONO CONSTITUICOES";"FOLHA DE PAGAMENTO";"658.75";"2025";"L";"23/01/2025";"0";"01/01/2025";"31/01/2025";"14"
"UNIDADE DE GESTÃO DE PROMOÇÃO DA SAÚDE";"10";"SAÚDE";"303";"SUPORTE PROFILÁTICO E TERAPÊUTICO";"2025";"1888";"";"0";"0";"100012604";"FOLHA DE PAGAMENTO";"45780103000150";"";"0";"PROPRIA";"31901146";"FÉRIAS - PAGAMENTO ANTECIPADO - RPPS";"FOLHA DE PAGAMENTO";"1007.51";"2025";"L";"23/01/2025";"0";"01/01/2025";"31/01/2025";"14"
"UNIDADE GESTÃO DE ASSISTÊNCIA E DESENVOLV. SOCIAL";"8";"ASSISTÊNCIA SOCIAL";"244";"ASSISTÊNCIA COMUNITÁRIA";"2025";"1889";"";"0";"0";"100012604";"FOLHA DE PAGAMENTO";"45780103000150";"";"0";"PROPRIA";"31901137";"GRATIFICACOES POR TEMPO DE SERVICO";"FOLHA DE PAGAMENTO";"69.27";"2025";"L";"23/01/2025";"0";"01/01/2025";"31/01/2025";"15"
"UNIDADE GESTÃO DE ASSISTÊNCIA E DESENVOLV. SOCIAL";"8";"ASSISTÊNCIA SOCIAL";"244";"ASSISTÊNCIA COMUNITÁRIA";"2025";"1890";"";"0";"0";"100012604";"FOLHA DE PAGAMENTO";"45780103000150";"";"0";"PROPRIA";"31901145";"FÉRIAS - ABONO CONSTITUICOES";"FOLHA DE PAGAMENTO";"484.87";"2025";"L";"23/01/2025";"0";"01/01/2025";"31/01/2025";"15"
"UNIDADE GESTÃO DE ASSISTÊNCIA E DESENVOLV. SOCIAL";"8";"ASSISTÊNCIA SOCIAL";"244";"ASSISTÊNCIA COMUNITÁRIA";"2025";"1891";"";"0";"0";"100012604";"FOLHA DE PAGAMENTO";"45780103000150";"";"0";"PROPRIA";"31901146";"FÉRIAS - PAGAMENTO ANTECIPADO - RPPS";"FOLHA DE PAGAMENTO";"1001.51";"2025";"L";"23/01/2025";"0";"01/01/2025";"31/01/2025";"15"
"UNIDADE DE GESTÃO DE SEGURANÇA MUNICIPAL";"6";"SEGURANÇA PÚBLICA";"122";"ADMINISTRAÇÃO GERAL";"2025";"1892";"";"0";"0";"100012604";"FOLHA DE PAGAMENTO";"45780103000150";"";"0";"PROPRIA";"31901133";"GRATIFICACOES POR EXERCICIO DE  FUNCOES";"FOLHA DE PAGAMENTO";"3709.81";"2025";"L";"23/01/2025";"0";"01/01/2025";"31/01/2025";"19"
"UNIDADE DE GESTÃO DE SEGURANÇA MUNICIPAL";"6";"SEGURANÇA PÚBLICA";"122";"ADMINISTRAÇÃO GERAL";"2025";"1893";"";"0";"0";"100012604";"FOLHA DE PAGAMENTO";"45780103000150";"";"0";"PROPRIA";"31901137";"GRATIFICACOES POR TEMPO DE SERVICO";"FOLHA DE PAGAMENTO";"1060.4";"2025";"L";"23/01/2025";"0";"01/01/2025";"31/01/2025";"19"
"UNIDADE DE GESTÃO DE SEGURANÇA MUNICIPAL";"6";"SEGURANÇA PÚBLICA";"122";"ADMINISTRAÇÃO GERAL";"2025";"1894";"";"0";"0";"100012604";"FOLHA DE PAGAMENTO";"45780103000150";"";"0";"PROPRIA";"31901144";"FÉRIAS - ABONO PECUNIARIO";"FOLHA DE PAGAMENTO";"14456.21";"2025";"L";"23/01/2025";"0";"01/01/2025";"31/01/2025";"19"
"UNIDADE DE GESTÃO DE SEGURANÇA MUNICIPAL";"6";"SEGURANÇA PÚBLICA";"122";"ADMINISTRAÇÃO GERAL";"2025";"1895";"";"0";"0";"100012604";"FOLHA DE PAGAMENTO";"45780103000150";"";"0";"PROPRIA";"31901145";"FÉRIAS - ABONO CONSTITUICOES";"FOLHA DE PAGAMENTO";"6433.43";"2025";"L";"23/01/2025";"0";"01/01/2025";"31/01/2025";"19"
"UNIDADE DE GESTÃO DE SEGURANÇA MUNICIPAL";"6";"SEGURANÇA PÚBLICA";"122";"ADMINISTRAÇÃO GERAL";"2025";"1896";"";"0";"0";"100012604";"FOLHA DE PAGAMENTO";"45780103000150";"";"0";"PROPRIA";"31901146";"FÉRIAS - PAGAMENTO ANTECIPADO - RPPS";"FOLHA DE PAGAMENTO";"8332.73";"2025";"L";"23/01/2025";"0";"01/01/2025";"31/01/2025";"19"
"UNIDADE DE GESTÃO DE SEGURANÇA MUNICIPAL";"6";"SEGURANÇA PÚBLICA";"122";"ADMINISTRAÇÃO GERAL";"2025";"1897";"";"0";"0";"100012604";"FOLHA DE PAGAMENTO";"45780103000150";"";"0";"PROPRIA";"31901644";"SERVIÇOS EXTRAORDINÁRIOS";"FOLHA DE PAGAMENTO";"2164.06";"2025";"L";"23/01/2025";"0";"01/01/2025";"31/01/2025";"19"
"UNIDADE DE GESTÃO DE CULTURA";"13";"CULTURA";"122";"ADMINISTRAÇÃO GERAL";"2025";"1898";"";"0";"0";"100012604";"FOLHA DE PAGAMENTO";"45780103000150";"";"0";"PROPRIA";"31901137";"GRATIFICACOES POR TEMPO DE SERVICO";"FOLHA DE PAGAMENTO";"111.37";"2025";"L";"23/01/2025";"0";"01/01/2025";"31/01/2025";"22"
"UNIDADE DE GESTÃO DE CULTURA";"13";"CULTURA";"122";"ADMINISTRAÇÃO GERAL";"2025";"1899";"";"0";"0";"100012604";"FOLHA DE PAGAMENTO";"45780103000150";"";"0";"PROPRIA";"31901145";"FÉRIAS - ABONO CONSTITUICOES";"FOLHA DE PAGAMENTO";"783.41";"2025";"L";"23/01/2025";"0";"01/01/2025";"31/01/2025";"22"
"UNIDADE DE GESTÃO DE CULTURA";"13";"CULTURA";"122";"ADMINISTRAÇÃO GERAL";"2025";"1900";"";"0";"0";"100012604";"FOLHA DE PAGAMENTO";"45780103000150";"";"0";"PROPRIA";"31901146";"FÉRIAS - PAGAMENTO ANTECIPADO - RPPS";"FOLHA DE PAGAMENTO";"1686.04";"2025";"L";"23/01/2025";"0";"01/01/2025";"31/01/2025";"22"
"UNIDADE DE GESTÃO DE CULTURA";"13";"CULTURA";"122";"ADMINISTRAÇÃO GERAL";"2025";"1901";"";"0";"0";"100012604";"FOLHA DE PAGAMENTO";"45780103000150";"";"0";"PROPRIA";"31901644";"SERVIÇOS EXTRAORDINÁRIOS";"FOLHA DE PAGAMENTO";"11.5";"2025";"L";"23/01/2025";"0";"01/01/2025";"31/01/2025";"22"
"UNIDADE DE GESTÃO DE ESPORTE E LAZER";"27";"DESPORTO E LAZER";"811";"DESPORTO DE RENDIMENTO";"2025";"1909";"";"0";"0";"100023111";"MINISTERIO DO ESPORTE";"02961362000174";"";"0";"PROPRIA";"44909300";"INDENIZAÇÕES E RESTITUIÇÕES";"DESPESAS RESULT. DE LEIS. DEC.. CONV.. ACORDOS(ORG. PUBL.).";"5122.49";"2025";"L";"29/01/2025";"0";"01/01/2025";"31/01/2025";"23"
"UNIDADE GESTÃO DE ASSISTÊNCIA E DESENVOLV. SOCIAL";"8";"ASSISTÊNCIA SOCIAL";"243";"ASSISTÊNCIA À CRIANÇA E AO ADOLESCENTE";"2025";"1917";"";"0";"0";"100004453";"IPREJUN-INST.PREVIDENCIA DO MUN.JUNDIAI";"05507216000161";"";"0";"PROPRIA";"31911308";"CONTRIBUIÇÕES PREVIDENCIÁRIAS - RPPS - PESSOAL ATI";"FOLHA DE PAGAMENTO";"1277.93";"2025";"L";"27/01/2025";"0";"01/01/2025";"31/01/2025";"15"
"UNIDADE DE GESTÃO DE MOBILIDADE E TRANSPORTE";"4";"ADMINISTRAÇÃO";"122";"ADMINISTRAÇÃO GERAL";"2025";"1926";"2025";"34";"1";"100046830";"ART ALIMENTACAO LTDA ME";"45922939000141";"COMPRA DIRETA";"0";"PROPRIA";"33903021";"MATERIAL DE COPA E COZINHA";"CHALEIRA ELETRICA. CAPACIDADE 1.8 LTS";"291.92";"2025";"L";"29/01/2025";"0";"01/01/2025";"31/01/2025";"12"
"UNIDADE DE GESTÃO DE CULTURA";"4";"ADMINISTRAÇÃO";"122";"ADMINISTRAÇÃO GERAL";"2025";"1944";"2024";"931";"1";"100019433";"A.TELECAMP COM. DE EQUIPS. DE TELEFONIA LTDA EPP";"58672171000147";"COMPRA DIRETA";"0";"PROPRIA";"33903912";"LOCACAO DE MAQUINAS E EQUIPAMENTOS";"LOCACAO DE SISTEMA DE TELEFONIA";"358";"2025";"L";"28/01/2025";"0";"01/01/2025";"31/01/2025";"22"
"UNIDADE DE GESTÃO DE CULTURA";"13";"CULTURA";"392";"DIFUSÃO CULTURAL";"2025";"1958";"2025";"81";"1";"100029777";"NEW AGUAS JUNDIAI DISTR.DE AGUA MINERAL LTDA ME";"03204180000111";"COMPRA DIRETA";"0";"PROPRIA";"33903007";"GENEROS DE ALIMENTACAO";"AGUA MINERAL SEM GAS. EMBALAGEM DESCARTAVEL COM 200 ML.";"1699.2";"2025";"L";"28/01/2025";"0";"01/01/2025";"31/01/2025";"22"
"UNIDADE DE GESTÃO DE CULTURA";"13";"CULTURA";"392";"DIFUSÃO CULTURAL";"2025";"1958";"2025";"81";"1";"100029777";"NEW AGUAS JUNDIAI DISTR.DE AGUA MINERAL LTDA ME";"03204180000111";"COMPRA DIRETA";"0";"PROPRIA";"33903007";"GENEROS DE ALIMENTACAO";"AGUA MINERAL SEM GAS. EMBALAGEM DESCARTAVEL COM 200 ML.";"3398.4";"2025";"L";"28/01/2025";"0";"01/01/2025";"31/01/2025";"22"
"UNIDADE DE GESTÃO DE CULTURA";"4";"ADMINISTRAÇÃO";"122";"ADMINISTRAÇÃO GERAL";"2025";"1965";"";"0";"0";"100002650";"COMPANHIA PIRATININGA DE FORCA E LUZ";"04172213000151";"";"0";"PROPRIA";"33903943";"SERVICOS DE ENERGIA ELETRICA";"ENERGIA ELETRICA(TAXAS E TAR.).";"447.01";"2025";"L";"24/01/2025";"0";"01/01/2025";"31/01/2025";"22"
"UNIDADE DE GESTÃO DE CULTURA";"4";"ADMINISTRAÇÃO";"122";"ADMINISTRAÇÃO GERAL";"2025";"1965";"";"0";"0";"100002650";"COMPANHIA PIRATININGA DE FORCA E LUZ";"04172213000151";"";"0";"PROPRIA";"33903943";"SERVICOS DE ENERGIA ELETRICA";"ENERGIA ELETRICA(TAXAS E TAR.).";"1576.93";"2025";"L";"24/01/2025";"0";"01/01/2025";"31/01/2025";"22"
"UNIDADE DE GESTÃO DE GOVERNO E FINANÇAS";"28";"ENCARGOS ESPECIAIS";"846";"OUTROS ENCARGOS ESPECIAIS";"2025";"1966";"";"0";"0";"100057845";"THEO ARGENTIN SOC IND DE ADVOCACIA";"27172160000174";"";"0";"PROPRIA";"33909115";"SENTENÇAS JUDICIAIS DE PEQUENO VALOR";"DESPESAS OBRIGATORIAS E/OU JUDICIAIS(P. JURIDICAS).";"9102.44";"2025";"L";"24/01/2025";"0";"01/01/2025";"31/01/2025";"8"
"UNIDADE DE GESTÃO DE MOBILIDADE E TRANSPORTE";"4";"ADMINISTRAÇÃO";"122";"ADMINISTRAÇÃO GERAL";"2025";"1967";"2024";"70";"14";"1001791";"COMERCIAL JOAO AFONSO LTDA.";"53437315000167";"PREGÃO ELETRÔNICO";"0";"PROPRIA";"33903007";"GENEROS DE ALIMENTACAO";"CAFE TORRADO E MOIDO. COM 500G. QUAL. GLOBAL MIN. 4.8 PONTOS";"7660";"2025";"L";"29/01/2025";"0";"01/01/2025";"31/01/2025";"12"
"UNIDADE DE GESTÃO DE GOVERNO E FINANÇAS";"28";"ENCARGOS ESPECIAIS";"846";"OUTROS ENCARGOS ESPECIAIS";"2025";"1982";"";"0";"0";"100033020";"ALEX BITTO";"24844046896";"";"0";"PROPRIA";"33909115";"SENTENÇAS JUDICIAIS DE PEQUENO VALOR";"DESPESAS OBRIGATORIAS E/OU JUDICIAIS(P. FISICAS).";"890.48";"2025";"L";"24/01/2025";"0";"01/01/2025";"31/01/2025";"8"
"UNIDADE GESTÃO DE ASSISTÊNCIA E DESENVOLV. SOCIAL";"8";"ASSISTÊNCIA SOCIAL";"244";"ASSISTÊNCIA COMUNITÁRIA";"2025";"1983";"";"0";"0";"100057840";"ANDSON MORAIS DA SILVA";"27949336803";"";"0";"PROPRIA";"33904899";"DEMAIS AUXÍLIOS FINANCEIROS A PESSOAS FÍSICAS";"AUXILIO VULNERABILIDADE";"1062.6";"2025";"L";"27/01/2025";"0";"01/01/2025";"31/01/2025";"15"
"UNIDADE GESTÃO DE ASSISTÊNCIA E DESENVOLV. SOCIAL";"8";"ASSISTÊNCIA SOCIAL";"244";"ASSISTÊNCIA COMUNITÁRIA";"2025";"1984";"";"0";"0";"100057841";"ALESSANDRA BELISARIO";"15510128801";"";"0";"PROPRIA";"33904899";"DEMAIS AUXÍLIOS FINANCEIROS A PESSOAS FÍSICAS";"AUXILIO VULNERABILIDADE";"1062.6";"2025";"L";"27/01/2025";"0";"01/01/2025";"31/01/2025";"15"
"UNIDADE GESTÃO DE ASSISTÊNCIA E DESENVOLV. SOCIAL";"8";"ASSISTÊNCIA SOCIAL";"244";"ASSISTÊNCIA COMUNITÁRIA";"2025";"1985";"";"0";"0";"100057843";"DAIANE DOS SANTOS ALVES";"13490045700";"";"0";"PROPRIA";"33904899";"DEMAIS AUXÍLIOS FINANCEIROS A PESSOAS FÍSICAS";"AUXILIO VULNERABILIDADE";"1062.6";"2025";"L";"27/01/2025";"0";"01/01/2025";"31/01/2025";"15"
"UNIDADE GESTÃO DE ASSISTÊNCIA E DESENVOLV. SOCIAL";"8";"ASSISTÊNCIA SOCIAL";"244";"ASSISTÊNCIA COMUNITÁRIA";"2025";"1986";"";"0";"0";"100057844";"ELIOMARIA TAILENE FERREIRA DE SOUZA";"09869209408";"";"0";"PROPRIA";"33904899";"DEMAIS AUXÍLIOS FINANCEIROS A PESSOAS FÍSICAS";"AUXILIO VULNERABILIDADE";"1062.6";"2025";"L";"27/01/2025";"0";"01/01/2025";"31/01/2025";"15"
"UNIDADE GESTÃO DE ASSISTÊNCIA E DESENVOLV. SOCIAL";"8";"ASSISTÊNCIA SOCIAL";"244";"ASSISTÊNCIA COMUNITÁRIA";"2025";"1987";"";"0";"0";"100057838";"RIZE ERONILDE DE SOUSA ROSA";"09232888483";"";"0";"PROPRIA";"33904899";"DEMAIS AUXÍLIOS FINANCEIROS A PESSOAS FÍSICAS";"AUXILIO VULNERABILIDADE";"1062.6";"2025";"L";"27/01/2025";"0";"01/01/2025";"31/01/2025";"15"
"UNIDADE GESTÃO DE ASSISTÊNCIA E DESENVOLV. SOCIAL";"8";"ASSISTÊNCIA SOCIAL";"244";"ASSISTÊNCIA COMUNITÁRIA";"2025";"1988";"";"0";"0";"100057839";"JACIARA MARIA DA SILVA";"09986252482";"";"0";"PROPRIA";"33904899";"DEMAIS AUXÍLIOS FINANCEIROS A PESSOAS FÍSICAS";"AUXILIO VULNERABILIDADE";"1062.6";"2025";"L";"27/01/2025";"0";"01/01/2025";"31/01/2025";"15"
"UNIDADE GESTÃO DE ASSISTÊNCIA E DESENVOLV. SOCIAL";"8";"ASSISTÊNCIA SOCIAL";"244";"ASSISTÊNCIA COMUNITÁRIA";"2025";"1989";"";"0";"0";"100057842";"MARIA LEANDRA DA SILVA";"60621996807";"";"0";"PROPRIA";"33904899";"DEMAIS AUXÍLIOS FINANCEIROS A PESSOAS FÍSICAS";"AUXILIO VULNERABILIDADE";"1062.6";"2025";"L";"27/01/2025";"0";"01/01/2025";"31/01/2025";"15"
"UNIDADE DE GESTÃO DE GOVERNO E FINANÇAS";"28";"ENCARGOS ESPECIAIS";"846";"OUTROS ENCARGOS ESPECIAIS";"2025";"1992";"";"0";"0";"100042293";"MARCIO DA SILVA";"22378660820";"";"0";"PROPRIA";"33909115";"SENTENÇAS JUDICIAIS DE PEQUENO VALOR";"DESPESAS OBRIGATORIAS E/OU JUDICIAIS(P. FISICAS).";"1204.08";"2025";"L";"24/01/2025";"0";"01/01/2025";"31/01/2025";"8"
"UNIDADE DE GESTÃO DE GOVERNO E FINANÇAS";"28";"ENCARGOS ESPECIAIS";"846";"OUTROS ENCARGOS ESPECIAIS";"2025";"1993";"";"0";"0";"100057830";"HOSANA ALVES BATISTA BETINI";"27755570827";"";"0";"PROPRIA";"33909115";"SENTENÇAS JUDICIAIS DE PEQUENO VALOR";"DESPESAS OBRIGATORIAS E/OU JUDICIAIS(P. FISICAS).";"2619.86";"2025";"L";"27/01/2025";"0";"01/01/2025";"31/01/2025";"8"
"UNIDADE DE GESTÃO DE INFRAEST. E SERVIÇOS PÚBLICOS";"15";"URBANISMO";"452";"SERVIÇOS URBANOS";"2025";"2018";"2008";"49";"5";"100002650";"COMPANHIA PIRATININGA DE FORCA E LUZ";"04172213000151";"INEXIGIBILIDADE";"0";"PROPRIA";"33903999";"OUTROS SERVICOS DE TERCEIROS - PESSOA JURIDICA";"ENERGIA ELETRICA(TAXAS E TAR.).";"9665.53";"2025";"L";"27/01/2025";"0";"01/01/2025";"31/01/2025";"10"
"UNIDADE DE GESTÃO DE INFRAEST. E SERVIÇOS PÚBLICOS";"15";"URBANISMO";"452";"SERVIÇOS URBANOS";"2025";"2018";"2008";"49";"5";"100002650";"COMPANHIA PIRATININGA DE FORCA E LUZ";"04172213000151";"INEXIGIBILIDADE";"0";"PROPRIA";"33903999";"OUTROS SERVICOS DE TERCEIROS - PESSOA JURIDICA";"ENERGIA ELETRICA(TAXAS E TAR.).";"5132.11";"2025";"L";"27/01/2025";"0";"01/01/2025";"31/01/2025";"10"
"UNIDADE DE GESTÃO DE INFRAEST. E SERVIÇOS PÚBLICOS";"15";"URBANISMO";"452";"SERVIÇOS URBANOS";"2025";"2018";"2008";"49";"5";"100002650";"COMPANHIA PIRATININGA DE FORCA E LUZ";"04172213000151";"INEXIGIBILIDADE";"0";"PROPRIA";"33903999";"OUTROS SERVICOS DE TERCEIROS - PESSOA JURIDICA";"ENERGIA ELETRICA(TAXAS E TAR.).";"6379.65";"2025";"L";"28/01/2025";"0";"01/01/2025";"31/01/2025";"10"
"UNIDADE DE GESTÃO DE INFRAEST. E SERVIÇOS PÚBLICOS";"15";"URBANISMO";"452";"SERVIÇOS URBANOS";"2025";"2018";"2008";"49";"5";"100002650";"COMPANHIA PIRATININGA DE FORCA E LUZ";"04172213000151";"INEXIGIBILIDADE";"0";"PROPRIA";"33903999";"OUTROS SERVICOS DE TERCEIROS - PESSOA JURIDICA";"ENERGIA ELETRICA(TAXAS E TAR.).";"17400.29";"2025";"L";"28/01/2025";"0";"01/01/2025";"31/01/2025";"10"
"UNIDADE DE GESTÃO DE INFRAEST. E SERVIÇOS PÚBLICOS";"15";"URBANISMO";"452";"SERVIÇOS URBANOS";"2025";"2018";"2008";"49";"5";"100002650";"COMPANHIA PIRATININGA DE FORCA E LUZ";"04172213000151";"INEXIGIBILIDADE";"0";"PROPRIA";"33903999";"OUTROS SERVICOS DE TERCEIROS - PESSOA JURIDICA";"ENERGIA ELETRICA(TAXAS E TAR.).";"2601.54";"2025";"L";"28/01/2025";"0";"01/01/2025";"31/01/2025";"10"
"UNIDADE DE GESTÃO DE INFRAEST. E SERVIÇOS PÚBLICOS";"15";"URBANISMO";"452";"SERVIÇOS URBANOS";"2025";"2018";"2008";"49";"5";"100002650";"COMPANHIA PIRATININGA DE FORCA E LUZ";"04172213000151";"INEXIGIBILIDADE";"0";"PROPRIA";"33903999";"OUTROS SERVICOS DE TERCEIROS - PESSOA JURIDICA";"ENERGIA ELETRICA(TAXAS E TAR.).";"239.63";"2025";"L";"28/01/2025";"0";"01/01/2025";"31/01/2025";"10"
"UNIDADE DE GESTÃO DE INFRAEST. E SERVIÇOS PÚBLICOS";"15";"URBANISMO";"452";"SERVIÇOS URBANOS";"2025";"2018";"2008";"49";"5";"100002650";"COMPANHIA PIRATININGA DE FORCA E LUZ";"04172213000151";"INEXIGIBILIDADE";"0";"PROPRIA";"33903999";"OUTROS SERVICOS DE TERCEIROS - PESSOA JURIDICA";"ENERGIA ELETRICA(TAXAS E TAR.).";"16357.82";"2025";"L";"28/01/2025";"0";"01/01/2025";"31/01/2025";"10"
"UNIDADE DE GESTÃO DE INFRAEST. E SERVIÇOS PÚBLICOS";"15";"URBANISMO";"452";"SERVIÇOS URBANOS";"2025";"2018";"2008";"49";"5";"100002650";"COMPANHIA PIRATININGA DE FORCA E LUZ";"04172213000151";"INEXIGIBILIDADE";"0";"PROPRIA";"33903999";"OUTROS SERVICOS DE TERCEIROS - PESSOA JURIDICA";"ENERGIA ELETRICA(TAXAS E TAR.).";"24494.6";"2025";"L";"28/01/2025";"0";"01/01/2025";"31/01/2025";"10"
"UNIDADE DE GESTÃO DE INFRAEST. E SERVIÇOS PÚBLICOS";"15";"URBANISMO";"452";"SERVIÇOS URBANOS";"2025";"2018";"2008";"49";"5";"100002650";"COMPANHIA PIRATININGA DE FORCA E LUZ";"04172213000151";"INEXIGIBILIDADE";"0";"PROPRIA";"33903999";"OUTROS SERVICOS DE TERCEIROS - PESSOA JURIDICA";"ENERGIA ELETRICA(TAXAS E TAR.).";"18629.11";"2025";"L";"28/01/2025";"0";"01/01/2025";"31/01/2025";"10"
"UNIDADE DE GESTÃO DE INFRAEST. E SERVIÇOS PÚBLICOS";"15";"URBANISMO";"452";"SERVIÇOS URBANOS";"2025";"2018";"2008";"49";"5";"100002650";"COMPANHIA PIRATININGA DE FORCA E LUZ";"04172213000151";"INEXIGIBILIDADE";"0";"PROPRIA";"33903999";"OUTROS SERVICOS DE TERCEIROS - PESSOA JURIDICA";"ENERGIA ELETRICA(TAXAS E TAR.).";"29547.64";"2025";"L";"28/01/2025";"0";"01/01/2025";"31/01/2025";"10"
"UNIDADE DE GESTÃO DE INFRAEST. E SERVIÇOS PÚBLICOS";"15";"URBANISMO";"452";"SERVIÇOS URBANOS";"2025";"2018";"2008";"49";"5";"100002650";"COMPANHIA PIRATININGA DE FORCA E LUZ";"04172213000151";"INEXIGIBILIDADE";"0";"PROPRIA";"33903999";"OUTROS SERVICOS DE TERCEIROS - PESSOA JURIDICA";"ENERGIA ELETRICA(TAXAS E TAR.).";"3299.67";"2025";"L";"28/01/2025";"0";"01/01/2025";"31/01/2025";"10"
"UNIDADE DE GESTÃO DE INFRAEST. E SERVIÇOS PÚBLICOS";"15";"URBANISMO";"452";"SERVIÇOS URBANOS";"2025";"2018";"2008";"49";"5";"100002650";"COMPANHIA PIRATININGA DE FORCA E LUZ";"04172213000151";"INEXIGIBILIDADE";"0";"PROPRIA";"33903999";"OUTROS SERVICOS DE TERCEIROS - PESSOA JURIDICA";"ENERGIA ELETRICA(TAXAS E TAR.).";"17316.03";"2025";"L";"28/01/2025";"0";"01/01/2025";"31/01/2025";"10"
"UNIDADE DE GESTÃO DE INFRAEST. E SERVIÇOS PÚBLICOS";"15";"URBANISMO";"452";"SERVIÇOS URBANOS";"2025";"2018";"2008";"49";"5";"100002650";"COMPANHIA PIRATININGA DE FORCA E LUZ";"04172213000151";"INEXIGIBILIDADE";"0";"PROPRIA";"33903999";"OUTROS SERVICOS DE TERCEIROS - PESSOA JURIDICA";"ENERGIA ELETRICA(TAXAS E TAR.).";"29805.65";"2025";"L";"28/01/2025";"0";"01/01/2025";"31/01/2025";"10"
"UNIDADE DE GESTÃO DE INFRAEST. E SERVIÇOS PÚBLICOS";"15";"URBANISMO";"452";"SERVIÇOS URBANOS";"2025";"2018";"2008";"49";"5";"100002650";"COMPANHIA PIRATININGA DE FORCA E LUZ";"04172213000151";"INEXIGIBILIDADE";"0";"PROPRIA";"33903999";"OUTROS SERVICOS DE TERCEIROS - PESSOA JURIDICA";"ENERGIA ELETRICA(TAXAS E TAR.).";"15014.31";"2025";"L";"28/01/2025";"0";"01/01/2025";"31/01/2025";"10"
"UNIDADE DE GESTÃO DE PROMOÇÃO DA SAÚDE";"10";"SAÚDE";"302";"ASSISTÊNCIA HOSPITALAR E AMBULATORIAL";"2025";"2036";"";"0";"0";"100055443";"ELCIO GERALDO DE REZENDE";"85040894872";"";"0";"PROPRIA";"33909302";"RESTITUICOES";"INDENIZACOES E/OU RESSARCIMENTOS(P. FISICA).";"50";"2025";"L";"27/01/2025";"0";"01/01/2025";"31/01/2025";"14"
"UNIDADE DE GESTÃO DE PROMOÇÃO DA SAÚDE";"10";"SAÚDE";"302";"ASSISTÊNCIA HOSPITALAR E AMBULATORIAL";"2025";"2037";"";"0";"0";"100057150";"VANESSA RODRIGUES BASTOS";"13536499899";"";"0";"PROPRIA";"33909302";"RESTITUICOES";"INDENIZACOES E/OU RESSARCIMENTOS(P. FISICA).";"534.97";"2025";"L";"27/01/2025";"0";"01/01/2025";"31/01/2025";"14"
"UNIDADE DE GESTÃO DE GOVERNO E FINANÇAS";"28";"ENCARGOS ESPECIAIS";"846";"OUTROS ENCARGOS ESPECIAIS";"2025";"2039";"";"0";"0";"100057883";"ARNOLDO DE F JUNIOR ADV. ASSOCIADOS ME";"05006442000169";"";"0";"PROPRIA";"33909115";"SENTENÇAS JUDICIAIS DE PEQUENO VALOR";"DESPESAS OBRIGATORIAS E/OU JUDICIAIS(P. JURIDICAS).";"3946.6";"2025";"L";"30/01/2025";"0";"01/01/2025";"31/01/2025";"8"
"UNIDADE DE GESTÃO DE ESPORTE E LAZER";"27";"DESPORTO E LAZER";"811";"DESPORTO DE RENDIMENTO";"2025";"2045";"";"0";"0";"100023111";"MINISTERIO DO ESPORTE";"02961362000174";"";"909";"RECURSOS TRANSFERIDOS PELA LEI COMPLEMENTAR Nº 176";"33909301";"INDENIZACOES";"DESPESAS RESULT. DE LEIS. DEC.. CONV.. ACORDOS(ORG. PUBL.).";"653383.55";"2025";"L";"24/01/2025";"0";"01/01/2025";"31/01/2025";"23"
"UNIDADE DE GESTÃO DE GOVERNO E FINANÇAS";"28";"ENCARGOS ESPECIAIS";"846";"OUTROS ENCARGOS ESPECIAIS";"2025";"2046";"";"0";"0";"100004453";"IPREJUN-INST.PREVIDENCIA DO MUN.JUNDIAI";"05507216000161";"";"0";"PROPRIA";"31909299";"OUTRAS DESPESAS DE EXERCICIOS ANTERIORES";"INDENIZACOES E/OU RESSARCIMENTOS(P. JURIDICA).";"257982.96";"2025";"L";"24/01/2025";"0";"01/01/2025";"31/01/2025";"8"
"UNIDADE DE GESTÃO DE GOVERNO E FINANÇAS";"28";"ENCARGOS ESPECIAIS";"846";"OUTROS ENCARGOS ESPECIAIS";"2025";"2047";"";"0";"0";"100004453";"IPREJUN-INST.PREVIDENCIA DO MUN.JUNDIAI";"05507216000161";"";"0";"PROPRIA";"31909299";"OUTRAS DESPESAS DE EXERCICIOS ANTERIORES";"INDENIZACOES E/OU RESSARCIMENTOS(P. JURIDICA).";"272669.83";"2025";"L";"24/01/2025";"0";"01/01/2025";"31/01/2025";"8"
"UNIDADE GESTÃO DE AGRONEGÓCIO. ABASTEC. E TURISMO";"23";"COMÉRCIO E SERVIÇOS";"695";"TURISMO";"2025";"2089";"";"0";"0";"100034367";"ASSOCIACAO AGRICOLA DE JUNDIAI";"50980432000184";"";"0";"PROPRIA";"33503902";"TERMO DE FOMENTO";"CONVENIO MROSC - LEI 13019/2014 - MARCO REGUL.ORG.SOC.CIVIL";"1795000";"2025";"L";"27/01/2025";"0";"01/01/2025";"31/01/2025";"17"
"UNIDADE DE GESTÃO DE GOVERNO E FINANÇAS";"28";"ENCARGOS ESPECIAIS";"846";"OUTROS ENCARGOS ESPECIAIS";"2025";"2094";"";"0";"0";"100057889";"ANA CLAUDIA RODRIGUES SILVA";"32828533867";"";"0";"PROPRIA";"33909115";"SENTENÇAS JUDICIAIS DE PEQUENO VALOR";"DESPESAS OBRIGATORIAS E/OU JUDICIAIS(P. FISICAS).";"3580.66";"2025";"L";"29/01/2025";"0";"01/01/2025";"31/01/2025";"8"
"UNIDADE DE GESTÃO DE GOVERNO E FINANÇAS";"28";"ENCARGOS ESPECIAIS";"846";"OUTROS ENCARGOS ESPECIAIS";"2025";"2095";"";"0";"0";"100057891";"TAMARA REGINA TRACCI KARNER";"11108542859";"";"0";"PROPRIA";"33909115";"SENTENÇAS JUDICIAIS DE PEQUENO VALOR";"DESPESAS OBRIGATORIAS E/OU JUDICIAIS(P. FISICAS).";"12917.41";"2025";"L";"29/01/2025";"0";"01/01/2025";"31/01/2025";"8"
"UNIDADE DE GESTÃO DE GOVERNO E FINANÇAS";"28";"ENCARGOS ESPECIAIS";"846";"OUTROS ENCARGOS ESPECIAIS";"2025";"2096";"";"0";"0";"100057893";"MATIA FALBEL";"08910551852";"";"0";"PROPRIA";"33909115";"SENTENÇAS JUDICIAIS DE PEQUENO VALOR";"DESPESAS OBRIGATORIAS E/OU JUDICIAIS(P. FISICAS).";"4073.56";"2025";"L";"29/01/2025";"0";"01/01/2025";"31/01/2025";"8"
"UNIDADE DE GESTÃO DE GOVERNO E FINANÇAS";"28";"ENCARGOS ESPECIAIS";"846";"OUTROS ENCARGOS ESPECIAIS";"2025";"2097";"";"0";"0";"100057257";"MICHEL DA SILVA E VIANA-SOC.DE ADVOGADOS";"29070673000108";"";"0";"PROPRIA";"33909115";"SENTENÇAS JUDICIAIS DE PEQUENO VALOR";"DESPESAS OBRIGATORIAS E/OU JUDICIAIS(P. JURIDICAS).";"2315.41";"2025";"L";"29/01/2025";"0";"01/01/2025";"31/01/2025";"8"
"UNIDADE DE GESTÃO DE GOVERNO E FINANÇAS";"28";"ENCARGOS ESPECIAIS";"846";"OUTROS ENCARGOS ESPECIAIS";"2025";"2098";"";"0";"0";"100028475";"EBERSON JAMES DA SILVA MARTINS";"31126408883";"";"0";"PROPRIA";"33909115";"SENTENÇAS JUDICIAIS DE PEQUENO VALOR";"DESPESAS OBRIGATORIAS E/OU JUDICIAIS(P. FISICAS).";"11577.05";"2025";"L";"29/01/2025";"0";"01/01/2025";"31/01/2025";"8"
"UNIDADE DE GESTÃO DE GOVERNO E FINANÇAS";"28";"ENCARGOS ESPECIAIS";"846";"OUTROS ENCARGOS ESPECIAIS";"2025";"2099";"";"0";"0";"100044130";"LEANDRO ZONATTI DEBASTIANI";"31347247823";"";"0";"PROPRIA";"33909115";"SENTENÇAS JUDICIAIS DE PEQUENO VALOR";"DESPESAS OBRIGATORIAS E/OU JUDICIAIS(P. FISICAS).";"14718.4";"2025";"L";"29/01/2025";"0";"01/01/2025";"31/01/2025";"8"
"UNIDADE DE GESTÃO DE GOVERNO E FINANÇAS";"28";"ENCARGOS ESPECIAIS";"846";"OUTROS ENCARGOS ESPECIAIS";"2025";"2100";"";"0";"0";"100028437";"LUCIMARA FAVARETTO SILVA";"17363216843";"";"0";"PROPRIA";"33909115";"SENTENÇAS JUDICIAIS DE PEQUENO VALOR";"DESPESAS OBRIGATORIAS E/OU JUDICIAIS(P. FISICAS).";"7828.1";"2025";"L";"29/01/2025";"0";"01/01/2025";"31/01/2025";"8"
"UNIDADE DE GESTÃO DE GOVERNO E FINANÇAS";"28";"ENCARGOS ESPECIAIS";"846";"OUTROS ENCARGOS ESPECIAIS";"2025";"2101";"";"0";"0";"100057897";"NIVALDO DA SILVA GOMES";"10268400822";"";"0";"PROPRIA";"33909115";"SENTENÇAS JUDICIAIS DE PEQUENO VALOR";"DESPESAS OBRIGATORIAS E/OU JUDICIAIS(P. FISICAS).";"2493.72";"2025";"L";"29/01/2025";"0";"01/01/2025";"31/01/2025";"8"
"UNIDADE DE GESTÃO DE GOVERNO E FINANÇAS";"28";"ENCARGOS ESPECIAIS";"846";"OUTROS ENCARGOS ESPECIAIS";"2025";"2102";"";"0";"0";"100057338";"SIMONE SOUZA VENINI";"86724363500";"";"0";"PROPRIA";"33909115";"SENTENÇAS JUDICIAIS DE PEQUENO VALOR";"DESPESAS OBRIGATORIAS E/OU JUDICIAIS(P. FISICAS).";"1460.28";"2025";"L";"29/01/2025";"0";"01/01/2025";"31/01/2025";"8"
"UNIDADE DE GESTÃO DE GOVERNO E FINANÇAS";"28";"ENCARGOS ESPECIAIS";"846";"OUTROS ENCARGOS ESPECIAIS";"2025";"2147";"";"0";"0";"100044859";"CAPPUCCELLI & OLIVEIRA ADVOCACIA";"36712078000186";"";"0";"PROPRIA";"33909115";"SENTENÇAS JUDICIAIS DE PEQUENO VALOR";"DESPESAS OBRIGATORIAS E/OU JUDICIAIS(P. JURIDICAS).";"46.63";"2025";"L";"28/01/2025";"0";"01/01/2025";"31/01/2025";"8"
"UNIDADE DE GESTÃO DE GOVERNO E FINANÇAS";"28";"ENCARGOS ESPECIAIS";"846";"OUTROS ENCARGOS ESPECIAIS";"2025";"2153";"";"0";"0";"100057905";"ALESSANDRA CORTEZ TRINQUINATO";"27154708867";"";"0";"PROPRIA";"33909115";"SENTENÇAS JUDICIAIS DE PEQUENO VALOR";"DESPESAS OBRIGATORIAS E/OU JUDICIAIS(P. FISICAS).";"3998.78";"2025";"L";"28/01/2025";"0";"01/01/2025";"31/01/2025";"8"
"UNIDADE DE GESTÃO DE GOVERNO E FINANÇAS";"28";"ENCARGOS ESPECIAIS";"846";"OUTROS ENCARGOS ESPECIAIS";"2025";"2154";"";"0";"0";"100057908";"CARLA RODRIGUES DOS SANTOS";"17449153858";"";"0";"PROPRIA";"33909115";"SENTENÇAS JUDICIAIS DE PEQUENO VALOR";"DESPESAS OBRIGATORIAS E/OU JUDICIAIS(P. FISICAS).";"15035.06";"2025";"L";"28/01/2025";"0";"01/01/2025";"31/01/2025";"8"
"UNIDADE DE GESTÃO DE GOVERNO E FINANÇAS";"28";"ENCARGOS ESPECIAIS";"846";"OUTROS ENCARGOS ESPECIAIS";"2025";"2155";"";"0";"0";"100036779";"ROBERTA KANDAS DE MEIROZ GRILO";"03890357857";"";"0";"PROPRIA";"33909115";"SENTENÇAS JUDICIAIS DE PEQUENO VALOR";"DESPESAS OBRIGATORIAS E/OU JUDICIAIS(P. FISICAS).";"7634.22";"2025";"L";"28/01/2025";"0";"01/01/2025";"31/01/2025";"8"
"UNIDADE DE GESTÃO DE GOVERNO E FINANÇAS";"28";"ENCARGOS ESPECIAIS";"846";"OUTROS ENCARGOS ESPECIAIS";"2025";"2156";"";"0";"0";"100009751";"DORIVAL CASTELLUBER";"72181877815";"";"0";"PROPRIA";"33909115";"SENTENÇAS JUDICIAIS DE PEQUENO VALOR";"DESPESAS OBRIGATORIAS E/OU JUDICIAIS(P. FISICAS).";"5972.53";"2025";"L";"29/01/2025";"0";"01/01/2025";"31/01/2025";"8"
"UNIDADE DE GESTÃO DE CULTURA";"13";"CULTURA";"392";"DIFUSÃO CULTURAL";"2025";"2159";"2025";"113";"1";"100010483";"RAQUEL MATIAS MEDEIA 32660213801 ME";"48195105000170";"COMPRA DIRETA";"0";"PROPRIA";"33903999";"OUTROS SERVICOS DE TERCEIROS - PESSOA JURIDICA";"SHOW ARTISTICO";"700";"2025";"L";"31/01/2025";"0";"01/01/2025";"31/01/2025";"22"
"UNIDADE DE GESTÃO DE ADMINIST. E GESTÃO DE PESSOAS";"4";"ADMINISTRAÇÃO";"122";"ADMINISTRAÇÃO GERAL";"2025";"2189";"";"0";"0";"5000419";"1o.CARTORIO REG.IMOVEIS ANEXOS JUNDIAI";"51278547000194";"";"0";"PROPRIA";"33903966";"SERVICOS JUDICIARIOS";"SERVICOS DE CARTORIOS(P. JURIDICAS).";"47.67";"2025";"L";"28/01/2025";"0";"01/01/2025";"31/01/2025";"7"
"UNIDADE GESTÃO DE ASSISTÊNCIA E DESENVOLV. SOCIAL";"8";"ASSISTÊNCIA SOCIAL";"244";"ASSISTÊNCIA COMUNITÁRIA";"2025";"2190";"";"0";"0";"100050117";"GIRLANE DOS SANTOS SILVA";"37523542832";"";"0";"PROPRIA";"33904899";"DEMAIS AUXÍLIOS FINANCEIROS A PESSOAS FÍSICAS";"AUXILIO VULNERABILIDADE";"706";"2025";"L";"29/01/2025";"0";"01/01/2025";"31/01/2025";"15"
"UNIDADE GESTÃO DE ASSISTÊNCIA E DESENVOLV. SOCIAL";"8";"ASSISTÊNCIA SOCIAL";"244";"ASSISTÊNCIA COMUNITÁRIA";"2025";"2191";"";"0";"0";"100035810";"WELIDA DE OLIVEIRA ALVES";"40336440839";"";"0";"PROPRIA";"33904899";"DEMAIS AUXÍLIOS FINANCEIROS A PESSOAS FÍSICAS";"AUXILIO VULNERABILIDADE";"706";"2025";"L";"29/01/2025";"0";"01/01/2025";"31/01/2025";"15"
"UNIDADE GESTÃO DE ASSISTÊNCIA E DESENVOLV. SOCIAL";"8";"ASSISTÊNCIA SOCIAL";"244";"ASSISTÊNCIA COMUNITÁRIA";"2025";"2192";"";"0";"0";"100057855";"JULIANA CARNEIRO SCHMIT";"39748690857";"";"0";"PROPRIA";"33904899";"DEMAIS AUXÍLIOS FINANCEIROS A PESSOAS FÍSICAS";"AUXILIO VULNERABILIDADE";"759";"2025";"L";"29/01/2025";"0";"01/01/2025";"31/01/2025";"15"
"UNIDADE GESTÃO DE ASSISTÊNCIA E DESENVOLV. SOCIAL";"8";"ASSISTÊNCIA SOCIAL";"244";"ASSISTÊNCIA COMUNITÁRIA";"2025";"2193";"";"0";"0";"100057854";"ANA CAROLINA DIAS LOPES";"46068255883";"";"0";"PROPRIA";"33904899";"DEMAIS AUXÍLIOS FINANCEIROS A PESSOAS FÍSICAS";"AUXILIO VULNERABILIDADE";"759";"2025";"L";"29/01/2025";"0";"01/01/2025";"31/01/2025";"15"
"UNIDADE GESTÃO DE ASSISTÊNCIA E DESENVOLV. SOCIAL";"8";"ASSISTÊNCIA SOCIAL";"244";"ASSISTÊNCIA COMUNITÁRIA";"2025";"2194";"";"0";"0";"100057852";"ALLYCE ALMEIDA CALADO";"54288115876";"";"0";"PROPRIA";"33904899";"DEMAIS AUXÍLIOS FINANCEIROS A PESSOAS FÍSICAS";"AUXILIO VULNERABILIDADE";"706";"2025";"L";"29/01/2025";"0";"01/01/2025";"31/01/2025";"15"
"UNIDADE GESTÃO DE ASSISTÊNCIA E DESENVOLV. SOCIAL";"8";"ASSISTÊNCIA SOCIAL";"244";"ASSISTÊNCIA COMUNITÁRIA";"2025";"2195";"";"0";"0";"100057853";"ARZOO LEWANKHIL";"90195306821";"";"0";"PROPRIA";"33904899";"DEMAIS AUXÍLIOS FINANCEIROS A PESSOAS FÍSICAS";"AUXILIO VULNERABILIDADE";"706";"2025";"L";"29/01/2025";"0";"01/01/2025";"31/01/2025";"15"
"UNIDADE GESTÃO DE ASSISTÊNCIA E DESENVOLV. SOCIAL";"8";"ASSISTÊNCIA SOCIAL";"244";"ASSISTÊNCIA COMUNITÁRIA";"2025";"2196";"";"0";"0";"100057851";"THAINA MARIA DA SILVA DORTA";"44674336864";"";"0";"PROPRIA";"33904899";"DEMAIS AUXÍLIOS FINANCEIROS A PESSOAS FÍSICAS";"AUXILIO VULNERABILIDADE";"706";"2025";"L";"29/01/2025";"0";"01/01/2025";"31/01/2025";"15"
"UNIDADE GESTÃO DE ASSISTÊNCIA E DESENVOLV. SOCIAL";"8";"ASSISTÊNCIA SOCIAL";"244";"ASSISTÊNCIA COMUNITÁRIA";"2025";"2197";"";"0";"0";"100057850";"SANDY MAIA FERREIRA";"50161943861";"";"0";"PROPRIA";"33904899";"DEMAIS AUXÍLIOS FINANCEIROS A PESSOAS FÍSICAS";"AUXILIO VULNERABILIDADE";"706";"2025";"L";"29/01/2025";"0";"01/01/2025";"31/01/2025";"15"
"UNIDADE GESTÃO DE ASSISTÊNCIA E DESENVOLV. SOCIAL";"8";"ASSISTÊNCIA SOCIAL";"244";"ASSISTÊNCIA COMUNITÁRIA";"2025";"2198";"";"0";"0";"100057849";"LARISSA THAIS SANTOS DE ALMEIDA";"53510223896";"";"0";"PROPRIA";"33904899";"DEMAIS AUXÍLIOS FINANCEIROS A PESSOAS FÍSICAS";"AUXILIO VULNERABILIDADE";"706";"2025";"L";"29/01/2025";"0";"01/01/2025";"31/01/2025";"15"
"UNIDADE GESTÃO DE ASSISTÊNCIA E DESENVOLV. SOCIAL";"8";"ASSISTÊNCIA SOCIAL";"244";"ASSISTÊNCIA COMUNITÁRIA";"2025";"2199";"";"0";"0";"100057864";"ROZIMARA CARVALHO BARBOSA TEIXEIRA";"12285930607";"";"0";"PROPRIA";"33904899";"DEMAIS AUXÍLIOS FINANCEIROS A PESSOAS FÍSICAS";"AUXILIO VULNERABILIDADE";"759";"2025";"L";"29/01/2025";"0";"01/01/2025";"31/01/2025";"15"
"UNIDADE GESTÃO DE ASSISTÊNCIA E DESENVOLV. SOCIAL";"8";"ASSISTÊNCIA SOCIAL";"244";"ASSISTÊNCIA COMUNITÁRIA";"2025";"2200";"";"0";"0";"100057862";"DAIANE APARECIDA RODRIGUES DOS SANTOS";"43813583848";"";"0";"PROPRIA";"33904899";"DEMAIS AUXÍLIOS FINANCEIROS A PESSOAS FÍSICAS";"AUXILIO VULNERABILIDADE";"759";"2025";"L";"29/01/2025";"0";"01/01/2025";"31/01/2025";"15"
"UNIDADE GESTÃO DE ASSISTÊNCIA E DESENVOLV. SOCIAL";"8";"ASSISTÊNCIA SOCIAL";"244";"ASSISTÊNCIA COMUNITÁRIA";"2025";"2201";"";"0";"0";"100057869";"CRISLANIA SILVA ANDRADE";"56244833848";"";"0";"PROPRIA";"33904899";"DEMAIS AUXÍLIOS FINANCEIROS A PESSOAS FÍSICAS";"AUXILIO VULNERABILIDADE";"706";"2025";"L";"29/01/2025";"0";"01/01/2025";"31/01/2025";"15"
"UNIDADE GESTÃO DE ASSISTÊNCIA E DESENVOLV. SOCIAL";"8";"ASSISTÊNCIA SOCIAL";"244";"ASSISTÊNCIA COMUNITÁRIA";"2025";"2202";"";"0";"0";"100057868";"KELLI SILVA DE SOUSA";"37984638837";"";"0";"PROPRIA";"33904899";"DEMAIS AUXÍLIOS FINANCEIROS A PESSOAS FÍSICAS";"AUXILIO VULNERABILIDADE";"706";"2025";"L";"29/01/2025";"0";"01/01/2025";"31/01/2025";"15"
"UNIDADE GESTÃO DE ASSISTÊNCIA E DESENVOLV. SOCIAL";"8";"ASSISTÊNCIA SOCIAL";"244";"ASSISTÊNCIA COMUNITÁRIA";"2025";"2203";"";"0";"0";"100057874";"KAMILA MARTINS BATISTA";"42118337825";"";"0";"PROPRIA";"33904899";"DEMAIS AUXÍLIOS FINANCEIROS A PESSOAS FÍSICAS";"AUXILIO VULNERABILIDADE";"706";"2025";"L";"29/01/2025";"0";"01/01/2025";"31/01/2025";"15"
"UNIDADE GESTÃO DE ASSISTÊNCIA E DESENVOLV. SOCIAL";"8";"ASSISTÊNCIA SOCIAL";"244";"ASSISTÊNCIA COMUNITÁRIA";"2025";"2204";"";"0";"0";"100057873";"NATIELY SOUZA SILVA";"50288234804";"";"0";"PROPRIA";"33904899";"DEMAIS AUXÍLIOS FINANCEIROS A PESSOAS FÍSICAS";"AUXILIO VULNERABILIDADE";"706";"2025";"L";"29/01/2025";"0";"01/01/2025";"31/01/2025";"15"
"UNIDADE GESTÃO DE ASSISTÊNCIA E DESENVOLV. SOCIAL";"8";"ASSISTÊNCIA SOCIAL";"244";"ASSISTÊNCIA COMUNITÁRIA";"2025";"2205";"";"0";"0";"100057872";"IASMIM SOUSA DE ARAUJO";"62556364378";"";"0";"PROPRIA";"33904899";"DEMAIS AUXÍLIOS FINANCEIROS A PESSOAS FÍSICAS";"AUXILIO VULNERABILIDADE";"706";"2025";"L";"29/01/2025";"0";"01/01/2025";"31/01/2025";"15"
"UNIDADE GESTÃO DE ASSISTÊNCIA E DESENVOLV. SOCIAL";"8";"ASSISTÊNCIA SOCIAL";"244";"ASSISTÊNCIA COMUNITÁRIA";"2025";"2206";"";"0";"0";"100057871";"ROSINEI SANTOS SOUZA";"07384781990";"";"0";"PROPRIA";"33904899";"DEMAIS AUXÍLIOS FINANCEIROS A PESSOAS FÍSICAS";"AUXILIO VULNERABILIDADE";"706";"2025";"L";"29/01/2025";"0";"01/01/2025";"31/01/2025";"15"
"UNIDADE GESTÃO DE ASSISTÊNCIA E DESENVOLV. SOCIAL";"8";"ASSISTÊNCIA SOCIAL";"244";"ASSISTÊNCIA COMUNITÁRIA";"2025";"2207";"";"0";"0";"100057861";"ILDA APARECIDA DA SILVA JACINTO";"14604438889";"";"0";"PROPRIA";"33904899";"DEMAIS AUXÍLIOS FINANCEIROS A PESSOAS FÍSICAS";"AUXILIO VULNERABILIDADE";"423.6";"2025";"L";"29/01/2025";"0";"01/01/2025";"31/01/2025";"15"
"UNIDADE GESTÃO DE ASSISTÊNCIA E DESENVOLV. SOCIAL";"8";"ASSISTÊNCIA SOCIAL";"244";"ASSISTÊNCIA COMUNITÁRIA";"2025";"2208";"";"0";"0";"100057860";"VANICLEA PEREIRA ALVES";"08739249409";"";"0";"PROPRIA";"33904899";"DEMAIS AUXÍLIOS FINANCEIROS A PESSOAS FÍSICAS";"AUXILIO VULNERABILIDADE";"423.6";"2025";"L";"29/01/2025";"0";"01/01/2025";"31/01/2025";"15"
"UNIDADE GESTÃO DE ASSISTÊNCIA E DESENVOLV. SOCIAL";"8";"ASSISTÊNCIA SOCIAL";"244";"ASSISTÊNCIA COMUNITÁRIA";"2025";"2209";"";"0";"0";"100057859";"SILVIANE VIEIRA ARAUJO DA SILVA";"39468515842";"";"0";"PROPRIA";"33904899";"DEMAIS AUXÍLIOS FINANCEIROS A PESSOAS FÍSICAS";"AUXILIO VULNERABILIDADE";"759";"2025";"L";"29/01/2025";"0";"01/01/2025";"31/01/2025";"15"
"UNIDADE GESTÃO DE ASSISTÊNCIA E DESENVOLV. SOCIAL";"8";"ASSISTÊNCIA SOCIAL";"244";"ASSISTÊNCIA COMUNITÁRIA";"2025";"2210";"";"0";"0";"100057867";"MIRIAM DEL CARMEM VERA LOPEZ";"71246159252";"";"0";"PROPRIA";"33904899";"DEMAIS AUXÍLIOS FINANCEIROS A PESSOAS FÍSICAS";"AUXILIO VULNERABILIDADE";"423.6";"2025";"L";"29/01/2025";"0";"01/01/2025";"31/01/2025";"15"
"UNIDADE GESTÃO DE ASSISTÊNCIA E DESENVOLV. SOCIAL";"8";"ASSISTÊNCIA SOCIAL";"244";"ASSISTÊNCIA COMUNITÁRIA";"2025";"2211";"";"0";"0";"100043011";"GENALVA ALVES DA SILVA";"09082416409";"";"0";"PROPRIA";"33904899";"DEMAIS AUXÍLIOS FINANCEIROS A PESSOAS FÍSICAS";"AUXILIO VULNERABILIDADE";"455.4";"2025";"L";"29/01/2025";"0";"01/01/2025";"31/01/2025";"15"
"UNIDADE GESTÃO DE ASSISTÊNCIA E DESENVOLV. SOCIAL";"8";"ASSISTÊNCIA SOCIAL";"244";"ASSISTÊNCIA COMUNITÁRIA";"2025";"2212";"";"0";"0";"100044948";"LUIS RICARDO AUGUSTO";"40279429819";"";"0";"PROPRIA";"33904899";"DEMAIS AUXÍLIOS FINANCEIROS A PESSOAS FÍSICAS";"AUXILIO VULNERABILIDADE";"423.6";"2025";"L";"29/01/2025";"0";"01/01/2025";"31/01/2025";"15"
"UNIDADE GESTÃO DE ASSISTÊNCIA E DESENVOLV. SOCIAL";"8";"ASSISTÊNCIA SOCIAL";"244";"ASSISTÊNCIA COMUNITÁRIA";"2025";"2213";"";"0";"0";"100057870";"MARISSOL SOARES RODRIGUES";"21893338819";"";"0";"PROPRIA";"33904899";"DEMAIS AUXÍLIOS FINANCEIROS A PESSOAS FÍSICAS";"AUXILIO VULNERABILIDADE";"423.6";"2025";"L";"29/01/2025";"0";"01/01/2025";"31/01/2025";"15"
"UNIDADE GESTÃO DE ASSISTÊNCIA E DESENVOLV. SOCIAL";"8";"ASSISTÊNCIA SOCIAL";"244";"ASSISTÊNCIA COMUNITÁRIA";"2025";"2214";"";"0";"0";"100057863";"MARIANE STEPHANIE RAMOS";"47569070836";"";"0";"PROPRIA";"33904899";"DEMAIS AUXÍLIOS FINANCEIROS A PESSOAS FÍSICAS";"AUXILIO VULNERABILIDADE";"706";"2025";"L";"29/01/2025";"0";"01/01/2025";"31/01/2025";"15"
"UNIDADE DE GESTÃO DE INFRAEST. E SERVIÇOS PÚBLICOS";"15";"URBANISMO";"451";"INFRA-ESTRUTURA URBANA";"2025";"2215";"";"0";"0";"100043195";"2º OFICIAL DE REGISTRO DE IMÓVEIS. TÍTULOS E DOC. CIVIL DE PES. JURD. COM. JUNDIAI SP";"36350432000170";"";"8029";"CAF REEMBOLSO/PROG. DESENV. SOCIAL URBANO";"44903900";"OUTROS SERV TERCEIROS-PESSOA JURÍDICA";"SERVICOS DE CARTORIOS(P. JURIDICAS).";"2210.33";"2025";"L";"27/01/2025";"0";"01/01/2025";"31/01/2025";"10"
"UNIDADE DE GESTÃO DE GOVERNO E FINANÇAS";"28";"ENCARGOS ESPECIAIS";"846";"OUTROS ENCARGOS ESPECIAIS";"2025";"2219";"";"0";"0";"100057916";"CAMILA RAMOS SENA";"32269426894";"";"0";"PROPRIA";"33909115";"SENTENÇAS JUDICIAIS DE PEQUENO VALOR";"DESPESAS OBRIGATORIAS E/OU JUDICIAIS(P. FISICAS).";"1496.76";"2025";"L";"31/01/2025";"0";"01/01/2025";"31/01/2025";"8"
"UNIDADE DE GESTÃO DE GOVERNO E FINANÇAS";"28";"ENCARGOS ESPECIAIS";"846";"OUTROS ENCARGOS ESPECIAIS";"2025";"2220";"";"0";"0";"100057917";"VERA LUCIA VAZ PINTO DE ALMEIDA";"01678497860";"";"0";"PROPRIA";"33909115";"SENTENÇAS JUDICIAIS DE PEQUENO VALOR";"DESPESAS OBRIGATORIAS E/OU JUDICIAIS(P. FISICAS).";"4295.75";"2025";"L";"31/01/2025";"0";"01/01/2025";"31/01/2025";"8"
"UNIDADE DE GESTÃO DE GOVERNO E FINANÇAS";"28";"ENCARGOS ESPECIAIS";"846";"OUTROS ENCARGOS ESPECIAIS";"2025";"2222";"";"0";"0";"7038067";"ANA LUCIA OLIVATO";"26628405877";"";"0";"PROPRIA";"33909115";"SENTENÇAS JUDICIAIS DE PEQUENO VALOR";"DESPESAS OBRIGATORIAS E/OU JUDICIAIS(P. FISICAS).";"15638.39";"2025";"L";"31/01/2025";"0";"01/01/2025";"31/01/2025";"8"
"UNIDADE DE GESTÃO DE GOVERNO E FINANÇAS";"28";"ENCARGOS ESPECIAIS";"846";"OUTROS ENCARGOS ESPECIAIS";"2025";"2223";"";"0";"0";"100057918";"JOSE RUBENS BASILIO";"86970747891";"";"0";"PROPRIA";"33909115";"SENTENÇAS JUDICIAIS DE PEQUENO VALOR";"DESPESAS OBRIGATORIAS E/OU JUDICIAIS(P. FISICAS).";"14081.9";"2025";"L";"31/01/2025";"0";"01/01/2025";"31/01/2025";"8"
"UNIDADE DE GESTÃO DE GOVERNO E FINANÇAS";"28";"ENCARGOS ESPECIAIS";"846";"OUTROS ENCARGOS ESPECIAIS";"2025";"2224";"";"0";"0";"100057919";"LEDIR CODIGNOLLE DOS SANTOS";"85574082691";"";"0";"PROPRIA";"33909115";"SENTENÇAS JUDICIAIS DE PEQUENO VALOR";"DESPESAS OBRIGATORIAS E/OU JUDICIAIS(P. FISICAS).";"4751.65";"2025";"L";"30/01/2025";"0";"01/01/2025";"31/01/2025";"8"
"UNIDADE DE GESTÃO DE GOVERNO E FINANÇAS";"28";"ENCARGOS ESPECIAIS";"846";"OUTROS ENCARGOS ESPECIAIS";"2025";"2225";"";"0";"0";"100036493";"DAMIAO OLIVEIRA FREITAS";"34122848822";"";"0";"PROPRIA";"33909115";"SENTENÇAS JUDICIAIS DE PEQUENO VALOR";"DESPESAS OBRIGATORIAS E/OU JUDICIAIS(P. FISICAS).";"4455.61";"2025";"L";"30/01/2025";"0";"01/01/2025";"31/01/2025";"8"
"UNIDADE DE GESTÃO DE GOVERNO E FINANÇAS";"28";"ENCARGOS ESPECIAIS";"846";"OUTROS ENCARGOS ESPECIAIS";"2025";"2226";"";"0";"0";"100057926";"LILIAN MARTINS DE JESUS SOARES";"15856090802";"";"0";"PROPRIA";"33909115";"SENTENÇAS JUDICIAIS DE PEQUENO VALOR";"DESPESAS OBRIGATORIAS E/OU JUDICIAIS(P. FISICAS).";"7806.49";"2025";"L";"30/01/2025";"0";"01/01/2025";"31/01/2025";"8"
"UNIDADE DE GESTÃO DE GOVERNO E FINANÇAS";"28";"ENCARGOS ESPECIAIS";"846";"OUTROS ENCARGOS ESPECIAIS";"2025";"2227";"";"0";"0";"100050404";"ANA CRISTINA QUEIROZ PERES";"12725130840";"";"0";"PROPRIA";"33909115";"SENTENÇAS JUDICIAIS DE PEQUENO VALOR";"DESPESAS OBRIGATORIAS E/OU JUDICIAIS(P. FISICAS).";"3586.51";"2025";"L";"31/01/2025";"0";"01/01/2025";"31/01/2025";"8"
"UNIDADE DE GESTÃO DE GOVERNO E FINANÇAS";"28";"ENCARGOS ESPECIAIS";"846";"OUTROS ENCARGOS ESPECIAIS";"2025";"2228";"";"0";"0";"100057928";"PRISCILA BUENO DOS SANTOS ESPERANDIO";"22476798894";"";"0";"PROPRIA";"33909115";"SENTENÇAS JUDICIAIS DE PEQUENO VALOR";"DESPESAS OBRIGATORIAS E/OU JUDICIAIS(P. FISICAS).";"9672.82";"2025";"L";"31/01/2025";"0";"01/01/2025";"31/01/2025";"8"
"UNIDADE DE GESTÃO DE GOVERNO E FINANÇAS";"28";"ENCARGOS ESPECIAIS";"846";"OUTROS ENCARGOS ESPECIAIS";"2025";"2230";"";"0";"0";"7040337";"FAZENDA DO ESTADO DE SAO PAULO";"46379400000150";"";"0";"PROPRIA";"33909115";"SENTENÇAS JUDICIAIS DE PEQUENO VALOR";"DESPESAS OBRIGATORIAS E/OU JUDICIAIS(P. JURIDICAS).";"1754.49";"2025";"L";"31/01/2025";"0";"01/01/2025";"31/01/2025";"8"
"UNIDADE DE GESTÃO DE GOVERNO E FINANÇAS";"28";"ENCARGOS ESPECIAIS";"846";"OUTROS ENCARGOS ESPECIAIS";"2025";"2231";"";"0";"0";"100054558";"VÂNIA M.G.R.MOUTINHO";"07637999807";"";"0";"PROPRIA";"33909199";"DIVERSAS SENTENCAS";"DESPESAS OBRIGATORIAS E/OU JUDICIAIS(P. FISICAS).";"1300";"2025";"L";"28/01/2025";"0";"01/01/2025";"31/01/2025";"8"
"UNIDADE DE GESTÃO DE GOVERNO E FINANÇAS";"28";"ENCARGOS ESPECIAIS";"846";"OUTROS ENCARGOS ESPECIAIS";"2025";"2234";"";"0";"0";"100044859";"CAPPUCCELLI & OLIVEIRA ADVOCACIA";"36712078000186";"";"0";"PROPRIA";"33909115";"SENTENÇAS JUDICIAIS DE PEQUENO VALOR";"DESPESAS OBRIGATORIAS E/OU JUDICIAIS(P. JURIDICAS).";"217.51";"2025";"L";"27/01/2025";"0";"01/01/2025";"31/01/2025";"8"
"UNIDADE DE GESTÃO DE GOVERNO E FINANÇAS";"28";"ENCARGOS ESPECIAIS";"846";"OUTROS ENCARGOS ESPECIAIS";"2025";"2236";"";"0";"0";"100012130";"TRIBUNAL DE JUSTIÇA DO ESTADO DE SAO PAULO-EPM";"51174001000193";"";"0";"PROPRIA";"33906700";"DEPOSITOS COMPULSORIOS";"DEPOSITO COMPULSORIO";"100.99";"2025";"L";"28/01/2025";"0";"01/01/2025";"31/01/2025";"8"
"UNIDADE DE GESTÃO DE GOVERNO E FINANÇAS";"28";"ENCARGOS ESPECIAIS";"846";"OUTROS ENCARGOS ESPECIAIS";"2025";"2238";"";"0";"0";"100028432";"ANA PAULA ANTONELLI";"26625042854";"";"0";"PROPRIA";"33909115";"SENTENÇAS JUDICIAIS DE PEQUENO VALOR";"DESPESAS OBRIGATORIAS E/OU JUDICIAIS(P. FISICAS).";"15439.67";"2025";"L";"31/01/2025";"0";"01/01/2025";"31/01/2025";"8"
"UNIDADE DE GESTÃO DE GOVERNO E FINANÇAS";"28";"ENCARGOS ESPECIAIS";"846";"OUTROS ENCARGOS ESPECIAIS";"2025";"2239";"";"0";"0";"100052285";"GABRIEL NORMANTON PENTEADO";"23425893874";"";"0";"PROPRIA";"33909115";"SENTENÇAS JUDICIAIS DE PEQUENO VALOR";"DESPESAS OBRIGATORIAS E/OU JUDICIAIS(P. FISICAS).";"5540";"2025";"L";"31/01/2025";"0";"01/01/2025";"31/01/2025";"8"
"UNIDADE DE GESTÃO DE GOVERNO E FINANÇAS";"28";"ENCARGOS ESPECIAIS";"846";"OUTROS ENCARGOS ESPECIAIS";"2025";"2240";"";"0";"0";"100057933";"JULIANA MAIRA MIATELLO B CARDOSO";"22732561835";"";"0";"PROPRIA";"33909115";"SENTENÇAS JUDICIAIS DE PEQUENO VALOR";"DESPESAS OBRIGATORIAS E/OU JUDICIAIS(P. FISICAS).";"6380.36";"2025";"L";"31/01/2025";"0";"01/01/2025";"31/01/2025";"8"
"UNIDADE DE GESTÃO DE GOVERNO E FINANÇAS";"28";"ENCARGOS ESPECIAIS";"846";"OUTROS ENCARGOS ESPECIAIS";"2025";"2241";"";"0";"0";"100057935";"CARMEN SILVIA DE OLIVEIRA";"10251378845";"";"0";"PROPRIA";"33909115";"SENTENÇAS JUDICIAIS DE PEQUENO VALOR";"DESPESAS OBRIGATORIAS E/OU JUDICIAIS(P. FISICAS).";"10328.45";"2025";"L";"31/01/2025";"0";"01/01/2025";"31/01/2025";"8"
"UNIDADE DE GESTÃO DE GOVERNO E FINANÇAS";"28";"ENCARGOS ESPECIAIS";"846";"OUTROS ENCARGOS ESPECIAIS";"2025";"2242";"";"0";"0";"100023244";"ADILSON ALVES DA SILVA";"27396330840";"";"0";"PROPRIA";"33909115";"SENTENÇAS JUDICIAIS DE PEQUENO VALOR";"DESPESAS OBRIGATORIAS E/OU JUDICIAIS(P. FISICAS).";"16300.15";"2025";"L";"31/01/2025";"0";"01/01/2025";"31/01/2025";"8"
"UNIDADE DE GESTÃO DE GOVERNO E FINANÇAS";"28";"ENCARGOS ESPECIAIS";"846";"OUTROS ENCARGOS ESPECIAIS";"2025";"2243";"";"0";"0";"100044336";"ANA PAULA JOHANSEN RIBEIRO";"28306377800";"";"0";"PROPRIA";"33909115";"SENTENÇAS JUDICIAIS DE PEQUENO VALOR";"DESPESAS OBRIGATORIAS E/OU JUDICIAIS(P. FISICAS).";"5058.95";"2025";"L";"31/01/2025";"0";"01/01/2025";"31/01/2025";"8"
"UNIDADE DE GESTÃO DE GOVERNO E FINANÇAS";"28";"ENCARGOS ESPECIAIS";"846";"OUTROS ENCARGOS ESPECIAIS";"2025";"2244";"";"0";"0";"100057938";"FABIANA SANCHES TRISTAO";"27746541810";"";"0";"PROPRIA";"33909115";"SENTENÇAS JUDICIAIS DE PEQUENO VALOR";"DESPESAS OBRIGATORIAS E/OU JUDICIAIS(P. FISICAS).";"8288.95";"2025";"L";"30/01/2025";"0";"01/01/2025";"31/01/2025";"8"
"UNIDADE DE GESTÃO DA CASA CIVIL";"4";"ADMINISTRAÇÃO";"122";"ADMINISTRAÇÃO GERAL";"2025";"2263";"2025";"135";"1";"100025337";"PANIFICADORA MUSSOLINI EIRELI EPP";"15835468000173";"COMPRA DIRETA";"0";"PROPRIA";"33903941";"FORNECIMENTO DE ALIMENTACAO";"FORNECIMENTO DE COFFEE BREAK PARA EVENTOS/CURSOS.";"1357";"2025";"L";"31/01/2025";"0";"01/01/2025";"31/01/2025";"3"
"UNIDADE GESTÃO DE ASSISTÊNCIA E DESENVOLV. SOCIAL";"8";"ASSISTÊNCIA SOCIAL";"244";"ASSISTÊNCIA COMUNITÁRIA";"2025";"2280";"";"0";"0";"100057924";"ADRIANA ANSELMO GABRIEL";"27056553877";"";"0";"PROPRIA";"33904899";"DEMAIS AUXÍLIOS FINANCEIROS A PESSOAS FÍSICAS";"AUXILIO VULNERABILIDADE";"423.6";"2025";"L";"29/01/2025";"0";"01/01/2025";"31/01/2025";"15"
"UNIDADE GESTÃO DE ASSISTÊNCIA E DESENVOLV. SOCIAL";"8";"ASSISTÊNCIA SOCIAL";"244";"ASSISTÊNCIA COMUNITÁRIA";"2025";"2281";"";"0";"0";"100057943";"RAMONA CABALLERO DE CONTRERAS";"70870716298";"";"0";"PROPRIA";"33904899";"DEMAIS AUXÍLIOS FINANCEIROS A PESSOAS FÍSICAS";"AUXILIO VULNERABILIDADE";"988.4";"2025";"L";"29/01/2025";"0";"01/01/2025";"31/01/2025";"15"
"UNIDADE GESTÃO DE ASSISTÊNCIA E DESENVOLV. SOCIAL";"8";"ASSISTÊNCIA SOCIAL";"244";"ASSISTÊNCIA COMUNITÁRIA";"2025";"2282";"";"0";"0";"100057942";"EDILAINE CRISTINA CORREDORI CONCEICAO";"19549702855";"";"0";"PROPRIA";"33904899";"DEMAIS AUXÍLIOS FINANCEIROS A PESSOAS FÍSICAS";"AUXILIO VULNERABILIDADE";"423.6";"2025";"L";"29/01/2025";"0";"01/01/2025";"31/01/2025";"15"
"UNIDADE GESTÃO DE ASSISTÊNCIA E DESENVOLV. SOCIAL";"8";"ASSISTÊNCIA SOCIAL";"244";"ASSISTÊNCIA COMUNITÁRIA";"2025";"2283";"";"0";"0";"100046035";"JULIANA CRISTINA MORELATTO";"32885561890";"";"0";"PROPRIA";"33904899";"DEMAIS AUXÍLIOS FINANCEIROS A PESSOAS FÍSICAS";"AUXILIO VULNERABILIDADE";"423.6";"2025";"L";"29/01/2025";"0";"01/01/2025";"31/01/2025";"15"
"UNIDADE GESTÃO DE ASSISTÊNCIA E DESENVOLV. SOCIAL";"8";"ASSISTÊNCIA SOCIAL";"244";"ASSISTÊNCIA COMUNITÁRIA";"2025";"2285";"";"0";"0";"100057932";"THAIS ALINE BRAQUINO DE SENA";"37441288819";"";"0";"PROPRIA";"33904899";"DEMAIS AUXÍLIOS FINANCEIROS A PESSOAS FÍSICAS";"AUXILIO VULNERABILIDADE";"706";"2025";"L";"29/01/2025";"0";"01/01/2025";"31/01/2025";"15"
"UNIDADE GESTÃO DE ASSISTÊNCIA E DESENVOLV. SOCIAL";"8";"ASSISTÊNCIA SOCIAL";"244";"ASSISTÊNCIA COMUNITÁRIA";"2025";"2286";"";"0";"0";"100057941";"SONIA REGINA CECATO DE LIMA";"39286705816";"";"0";"PROPRIA";"33904899";"DEMAIS AUXÍLIOS FINANCEIROS A PESSOAS FÍSICAS";"AUXILIO VULNERABILIDADE";"423.6";"2025";"L";"29/01/2025";"0";"01/01/2025";"31/01/2025";"15"
"UNIDADE GESTÃO DE ASSISTÊNCIA E DESENVOLV. SOCIAL";"8";"ASSISTÊNCIA SOCIAL";"244";"ASSISTÊNCIA COMUNITÁRIA";"2025";"2287";"";"0";"0";"100047873";"CLAUDINEIA SILVERIO DA SILVA";"38096723863";"";"0";"PROPRIA";"33904899";"DEMAIS AUXÍLIOS FINANCEIROS A PESSOAS FÍSICAS";"AUXILIO VULNERABILIDADE";"423.6";"2025";"L";"29/01/2025";"0";"01/01/2025";"31/01/2025";"15"
"UNIDADE GESTÃO DE ASSISTÊNCIA E DESENVOLV. SOCIAL";"8";"ASSISTÊNCIA SOCIAL";"244";"ASSISTÊNCIA COMUNITÁRIA";"2025";"2290";"";"0";"0";"100039357";"MAYARA LARISSA SILVA GIANINI";"50051796821";"";"0";"PROPRIA";"33904899";"DEMAIS AUXÍLIOS FINANCEIROS A PESSOAS FÍSICAS";"AUXILIO VULNERABILIDADE";"759";"2025";"L";"29/01/2025";"0";"01/01/2025";"31/01/2025";"15"
"UNIDADE GESTÃO DE ASSISTÊNCIA E DESENVOLV. SOCIAL";"8";"ASSISTÊNCIA SOCIAL";"244";"ASSISTÊNCIA COMUNITÁRIA";"2025";"2291";"";"0";"0";"100053366";"JAILTON DA SILVA SANTIAGO";"09070286599";"";"0";"PROPRIA";"33904899";"DEMAIS AUXÍLIOS FINANCEIROS A PESSOAS FÍSICAS";"AUXILIO VULNERABILIDADE";"706";"2025";"L";"29/01/2025";"0";"01/01/2025";"31/01/2025";"15"
"UNIDADE GESTÃO DE ASSISTÊNCIA E DESENVOLV. SOCIAL";"8";"ASSISTÊNCIA SOCIAL";"244";"ASSISTÊNCIA COMUNITÁRIA";"2025";"2292";"";"0";"0";"100057920";"ANDREIA SILVA PRADO";"32448571830";"";"0";"PROPRIA";"33904899";"DEMAIS AUXÍLIOS FINANCEIROS A PESSOAS FÍSICAS";"AUXILIO VULNERABILIDADE";"706";"2025";"L";"29/01/2025";"0";"01/01/2025";"31/01/2025";"15"
"UNIDADE GESTÃO DE ASSISTÊNCIA E DESENVOLV. SOCIAL";"8";"ASSISTÊNCIA SOCIAL";"244";"ASSISTÊNCIA COMUNITÁRIA";"2025";"2293";"";"0";"0";"100057931";"TAMIRES ROSA FERREIRA CAPISTRANO";"43191914803";"";"0";"PROPRIA";"33904899";"DEMAIS AUXÍLIOS FINANCEIROS A PESSOAS FÍSICAS";"AUXILIO VULNERABILIDADE";"706";"2025";"L";"29/01/2025";"0";"01/01/2025";"31/01/2025";"15"
"UNIDADE GESTÃO DE ASSISTÊNCIA E DESENVOLV. SOCIAL";"8";"ASSISTÊNCIA SOCIAL";"244";"ASSISTÊNCIA COMUNITÁRIA";"2025";"2294";"";"0";"0";"100057930";"MONIQUE DA SILVA MARTINS";"44472529882";"";"0";"PROPRIA";"33904899";"DEMAIS AUXÍLIOS FINANCEIROS A PESSOAS FÍSICAS";"AUXILIO VULNERABILIDADE";"759";"2025";"L";"29/01/2025";"0";"01/01/2025";"31/01/2025";"15"
"UNIDADE GESTÃO DE ASSISTÊNCIA E DESENVOLV. SOCIAL";"8";"ASSISTÊNCIA SOCIAL";"244";"ASSISTÊNCIA COMUNITÁRIA";"2025";"2295";"";"0";"0";"100057929";"ALEXIA SOARES";"50522541801";"";"0";"PROPRIA";"33904899";"DEMAIS AUXÍLIOS FINANCEIROS A PESSOAS FÍSICAS";"AUXILIO VULNERABILIDADE";"759";"2025";"L";"29/01/2025";"0";"01/01/2025";"31/01/2025";"15"
"UNIDADE GESTÃO DE ASSISTÊNCIA E DESENVOLV. SOCIAL";"8";"ASSISTÊNCIA SOCIAL";"244";"ASSISTÊNCIA COMUNITÁRIA";"2025";"2296";"";"0";"0";"100057937";"CAMILA NASCIMENTO NARCISO";"46483959800";"";"0";"PROPRIA";"33904899";"DEMAIS AUXÍLIOS FINANCEIROS A PESSOAS FÍSICAS";"AUXILIO VULNERABILIDADE";"759";"2025";"L";"29/01/2025";"0";"01/01/2025";"31/01/2025";"15"
"UNIDADE GESTÃO DE ASSISTÊNCIA E DESENVOLV. SOCIAL";"8";"ASSISTÊNCIA SOCIAL";"244";"ASSISTÊNCIA COMUNITÁRIA";"2025";"2297";"";"0";"0";"100057936";"MARIA JOSIANE RIBEIRO";"35339774805";"";"0";"PROPRIA";"33904899";"DEMAIS AUXÍLIOS FINANCEIROS A PESSOAS FÍSICAS";"AUXILIO VULNERABILIDADE";"759";"2025";"L";"29/01/2025";"0";"01/01/2025";"31/01/2025";"15"
"UNIDADE GESTÃO DE ASSISTÊNCIA E DESENVOLV. SOCIAL";"8";"ASSISTÊNCIA SOCIAL";"244";"ASSISTÊNCIA COMUNITÁRIA";"2025";"2298";"";"0";"0";"100057939";"VICTORIA CAROLINE SOUZA LIMA";"59709060856";"";"0";"PROPRIA";"33904899";"DEMAIS AUXÍLIOS FINANCEIROS A PESSOAS FÍSICAS";"AUXILIO VULNERABILIDADE";"706";"2025";"L";"29/01/2025";"0";"01/01/2025";"31/01/2025";"15"
"UNIDADE GESTÃO DE ASSISTÊNCIA E DESENVOLV. SOCIAL";"8";"ASSISTÊNCIA SOCIAL";"244";"ASSISTÊNCIA COMUNITÁRIA";"2025";"2299";"";"0";"0";"100046800";"RAFAELA CRISTINE GOMES";"51421597802";"";"0";"PROPRIA";"33904899";"DEMAIS AUXÍLIOS FINANCEIROS A PESSOAS FÍSICAS";"AUXILIO VULNERABILIDADE";"706";"2025";"L";"29/01/2025";"0";"01/01/2025";"31/01/2025";"15"
"UNIDADE GESTÃO DE ASSISTÊNCIA E DESENVOLV. SOCIAL";"8";"ASSISTÊNCIA SOCIAL";"244";"ASSISTÊNCIA COMUNITÁRIA";"2025";"2300";"";"0";"0";"100046801";"NAUANY MORAES DOS SANTOS";"48305160890";"";"0";"PROPRIA";"33904899";"DEMAIS AUXÍLIOS FINANCEIROS A PESSOAS FÍSICAS";"AUXILIO VULNERABILIDADE";"706";"2025";"L";"29/01/2025";"0";"01/01/2025";"31/01/2025";"15"
"UNIDADE GESTÃO DE ASSISTÊNCIA E DESENVOLV. SOCIAL";"8";"ASSISTÊNCIA SOCIAL";"244";"ASSISTÊNCIA COMUNITÁRIA";"2025";"2301";"";"0";"0";"100057946";"JAIANE FERREIRA CERQUEIRA";"09002736584";"";"0";"PROPRIA";"33904899";"DEMAIS AUXÍLIOS FINANCEIROS A PESSOAS FÍSICAS";"AUXILIO VULNERABILIDADE";"759";"2025";"L";"29/01/2025";"0";"01/01/2025";"31/01/2025";"15"
"UNIDADE GESTÃO DE ASSISTÊNCIA E DESENVOLV. SOCIAL";"8";"ASSISTÊNCIA SOCIAL";"244";"ASSISTÊNCIA COMUNITÁRIA";"2025";"2302";"";"0";"0";"100057945";"MARINA ALVES DA SILVA";"04620516414";"";"0";"PROPRIA";"33904899";"DEMAIS AUXÍLIOS FINANCEIROS A PESSOAS FÍSICAS";"AUXILIO VULNERABILIDADE";"706";"2025";"L";"29/01/2025";"0";"01/01/2025";"31/01/2025";"15"
"UNIDADE GESTÃO DE ASSISTÊNCIA E DESENVOLV. SOCIAL";"8";"ASSISTÊNCIA SOCIAL";"243";"ASSISTÊNCIA À CRIANÇA E AO ADOLESCENTE";"2025";"2303";"";"0";"0";"100028405";"PAULA SAITO BATISTA";"32652863800";"";"0";"PROPRIA";"33904899";"DEMAIS AUXÍLIOS FINANCEIROS A PESSOAS FÍSICAS";"DESPESAS RESULT.DE LEIS. DEC.. CONV.. ACORDOS(P. FISICAS).";"1412";"2025";"L";"29/01/2025";"0";"01/01/2025";"31/01/2025";"15"
"UNIDADE GESTÃO DE ASSISTÊNCIA E DESENVOLV. SOCIAL";"8";"ASSISTÊNCIA SOCIAL";"244";"ASSISTÊNCIA COMUNITÁRIA";"2025";"2305";"";"0";"0";"100057940";"KAYLANE ROCHA DA SILVA";"58884154804";"";"0";"PROPRIA";"33904899";"DEMAIS AUXÍLIOS FINANCEIROS A PESSOAS FÍSICAS";"AUXILIO VULNERABILIDADE";"1062.6";"2025";"L";"29/01/2025";"0";"01/01/2025";"31/01/2025";"15"
"UNIDADE GESTÃO DE ASSISTÊNCIA E DESENVOLV. SOCIAL";"8";"ASSISTÊNCIA SOCIAL";"244";"ASSISTÊNCIA COMUNITÁRIA";"2025";"2306";"";"0";"0";"100053897";"CICERA CARLA DA SILVA MARCELINO";"27414737810";"";"0";"PROPRIA";"33904899";"DEMAIS AUXÍLIOS FINANCEIROS A PESSOAS FÍSICAS";"AUXILIO VULNERABILIDADE";"988.4";"2025";"L";"29/01/2025";"0";"01/01/2025";"31/01/2025";"15"
"UNIDADE DE GESTÃO DE GOVERNO E FINANÇAS";"28";"ENCARGOS ESPECIAIS";"846";"OUTROS ENCARGOS ESPECIAIS";"2025";"2314";"";"0";"0";"100035089";"CLAUDETE LUCAS OLIVEIRA";"25847986890";"";"0";"PROPRIA";"33909115";"SENTENÇAS JUDICIAIS DE PEQUENO VALOR";"DESPESAS OBRIGATORIAS E/OU JUDICIAIS(P. FISICAS).";"3166.58";"2025";"L";"30/01/2025";"0";"01/01/2025";"31/01/2025";"8"
"UNIDADE DE GESTÃO DE GOVERNO E FINANÇAS";"28";"ENCARGOS ESPECIAIS";"846";"OUTROS ENCARGOS ESPECIAIS";"2025";"2315";"";"0";"0";"100036236";"SIMONE CONCEICAO PINTO DE OLIVEIRA SANTO";"13613490854";"";"0";"PROPRIA";"33909115";"SENTENÇAS JUDICIAIS DE PEQUENO VALOR";"DESPESAS OBRIGATORIAS E/OU JUDICIAIS(P. FISICAS).";"21748.19";"2025";"L";"30/01/2025";"0";"01/01/2025";"31/01/2025";"8"
"UNIDADE DE GESTÃO DE PROMOÇÃO DA SAÚDE";"10";"SAÚDE";"302";"ASSISTÊNCIA HOSPITALAR E AMBULATORIAL";"2025";"2316";"";"0";"0";"100046610";"NILVA INACIO DE PAULA";"10924413875";"";"0";"PROPRIA";"33909302";"RESTITUICOES";"INDENIZACOES E/OU RESSARCIMENTOS(P. FISICA).";"443";"2025";"L";"30/01/2025";"0";"01/01/2025";"31/01/2025";"14"
"UNIDADE DE GESTÃO DE PROMOÇÃO DA SAÚDE";"10";"SAÚDE";"302";"ASSISTÊNCIA HOSPITALAR E AMBULATORIAL";"2025";"2317";"";"0";"0";"100057904";"ELISANGELA DA SILVA";"21257453807";"";"0";"PROPRIA";"33909302";"RESTITUICOES";"INDENIZACOES E/OU RESSARCIMENTOS(P. FISICA).";"193.4";"2025";"L";"30/01/2025";"0";"01/01/2025";"31/01/2025";"14"
"UNIDADE GESTÃO DE ASSISTÊNCIA E DESENVOLV. SOCIAL";"8";"ASSISTÊNCIA SOCIAL";"244";"ASSISTÊNCIA COMUNITÁRIA";"2025";"2330";"";"0";"0";"100057944";"RAILDA BEATRIZ GABRIELA COUTINHO";"48133836883";"";"0";"PROPRIA";"33904899";"DEMAIS AUXÍLIOS FINANCEIROS A PESSOAS FÍSICAS";"AUXILIO VULNERABILIDADE";"706";"2025";"L";"29/01/2025";"0";"01/01/2025";"31/01/2025";"15"
"UNIDADE GESTÃO DE ASSISTÊNCIA E DESENVOLV. SOCIAL";"8";"ASSISTÊNCIA SOCIAL";"244";"ASSISTÊNCIA COMUNITÁRIA";"2025";"2331";"";"0";"0";"100039998";"BRUNA CRISTINA DA SILVA TEIXEIRA";"46753811893";"";"0";"PROPRIA";"33904899";"DEMAIS AUXÍLIOS FINANCEIROS A PESSOAS FÍSICAS";"AUXILIO VULNERABILIDADE";"423.6";"2025";"L";"29/01/2025";"0";"01/01/2025";"31/01/2025";"15"
"UNIDADE DE GESTÃO DE ADMINIST. E GESTÃO DE PESSOAS";"4";"ADMINISTRAÇÃO";"122";"ADMINISTRAÇÃO GERAL";"2025";"2349";"";"0";"0";"100012604";"FOLHA DE PAGAMENTO";"45780103000150";"";"0";"PROPRIA";"31901142";"FÉRIAS INDENIZADAS";"FOLHA DE PAGAMENTO";"70410.43";"2025";"L";"29/01/2025";"0";"01/01/2025";"31/01/2025";"7"
"UNIDADE DE GESTÃO DE ADMINIST. E GESTÃO DE PESSOAS";"9";"PREVIDÊNCIA SOCIAL";"271";"PREVIDÊNCIA BÁSICA";"2025";"2350";"";"0";"0";"100012604";"FOLHA DE PAGAMENTO";"45780103000150";"";"0";"PROPRIA";"31900101";"PROVENTOS - PESSOAL CIVIL";"FOLHA DE PAGAMENTO";"25.25";"2025";"L";"29/01/2025";"0";"01/01/2025";"31/01/2025";"7"
"UNIDADE DE GESTÃO DE ADMINIST. E GESTÃO DE PESSOAS";"17";"SANEAMENTO";"122";"ADMINISTRAÇÃO GERAL";"2025";"2351";"";"0";"0";"100012604";"FOLHA DE PAGAMENTO";"45780103000150";"";"902";"RESTITUIÇÕES DAE S/A";"31901142";"FÉRIAS INDENIZADAS";"FOLHA DE PAGAMENTO";"64064.41";"2025";"L";"29/01/2025";"0";"01/01/2025";"31/01/2025";"7"
"UNIDADE DE GESTÃO DE ADMINIST. E GESTÃO DE PESSOAS";"4";"ADMINISTRAÇÃO";"122";"ADMINISTRAÇÃO GERAL";"2025";"2352";"";"0";"0";"100012604";"FOLHA DE PAGAMENTO";"45780103000150";"";"0";"PROPRIA";"31901142";"FÉRIAS INDENIZADAS";"FOLHA DE PAGAMENTO";"70888.46";"2025";"L";"29/01/2025";"0";"01/01/2025";"31/01/2025";"7"
"UNIDADE DE GESTÃO DE INFRAEST. E SERVIÇOS PÚBLICOS";"15";"URBANISMO";"122";"ADMINISTRAÇÃO GERAL";"2025";"2353";"";"0";"0";"100012604";"FOLHA DE PAGAMENTO";"45780103000150";"";"0";"PROPRIA";"31901142";"FÉRIAS INDENIZADAS";"FOLHA DE PAGAMENTO";"118084.39";"2025";"L";"29/01/2025";"0";"01/01/2025";"31/01/2025";"10"
"UNIDADE DE GESTÃO DE INFRAEST. E SERVIÇOS PÚBLICOS";"15";"URBANISMO";"122";"ADMINISTRAÇÃO GERAL";"2025";"2354";"";"0";"0";"100012604";"FOLHA DE PAGAMENTO";"45780103000150";"";"0";"PROPRIA";"31901644";"SERVIÇOS EXTRAORDINÁRIOS";"FOLHA DE PAGAMENTO";"1810.44";"2025";"L";"29/01/2025";"0";"01/01/2025";"31/01/2025";"10"
"UNIDADE DE GESTÃO DE EDUCAÇÃO";"12";"EDUCAÇÃO";"365";"EDUCAÇÃO INFANTIL";"2025";"2355";"";"0";"0";"100012604";"FOLHA DE PAGAMENTO";"45780103000150";"";"0";"PROPRIA";"31901142";"FÉRIAS INDENIZADAS";"FOLHA DE PAGAMENTO";"23973.85";"2025";"L";"29/01/2025";"0";"01/01/2025";"31/01/2025";"13"
"UNIDADE DE GESTÃO DE EDUCAÇÃO";"12";"EDUCAÇÃO";"361";"ENSINO FUNDAMENTAL";"2025";"2356";"";"0";"0";"100012604";"FOLHA DE PAGAMENTO";"45780103000150";"";"0";"PROPRIA";"31901142";"FÉRIAS INDENIZADAS";"FOLHA DE PAGAMENTO";"26173.71";"2025";"L";"29/01/2025";"0";"01/01/2025";"31/01/2025";"13"
"UNIDADE DE GESTÃO DE EDUCAÇÃO";"12";"EDUCAÇÃO";"361";"ENSINO FUNDAMENTAL";"2025";"2357";"";"0";"0";"100012604";"FOLHA DE PAGAMENTO";"45780103000150";"";"0";"PROPRIA";"31901644";"SERVIÇOS EXTRAORDINÁRIOS";"FOLHA DE PAGAMENTO";"330.19";"2025";"L";"29/01/2025";"0";"01/01/2025";"31/01/2025";"13"
"UNIDADE DE GESTÃO DE EDUCAÇÃO";"12";"EDUCAÇÃO";"361";"ENSINO FUNDAMENTAL";"2025";"2358";"";"0";"0";"100012604";"FOLHA DE PAGAMENTO";"45780103000150";"";"5203";"FUNDO MANUT.DES.ED.BÁSICA E VALOR.PROF.MAG.-FUNDEB";"31901101";"VENCIMENTO E SALARIOS";"FOLHA DE PAGAMENTO";"282.62";"2025";"L";"29/01/2025";"0";"01/01/2025";"31/01/2025";"13"
"UNIDADE DE GESTÃO DE EDUCAÇÃO";"12";"EDUCAÇÃO";"361";"ENSINO FUNDAMENTAL";"2025";"2359";"";"0";"0";"100012604";"FOLHA DE PAGAMENTO";"45780103000150";"";"5203";"FUNDO MANUT.DES.ED.BÁSICA E VALOR.PROF.MAG.-FUNDEB";"31901137";"GRATIFICACOES POR TEMPO DE SERVICO";"FOLHA DE PAGAMENTO";"28.26";"2025";"L";"29/01/2025";"0";"01/01/2025";"31/01/2025";"13"
"UNIDADE DE GESTÃO DE EDUCAÇÃO";"12";"EDUCAÇÃO";"361";"ENSINO FUNDAMENTAL";"2025";"2360";"";"0";"0";"100012604";"FOLHA DE PAGAMENTO";"45780103000150";"";"5203";"FUNDO MANUT.DES.ED.BÁSICA E VALOR.PROF.MAG.-FUNDEB";"31901142";"FÉRIAS INDENIZADAS";"FOLHA DE PAGAMENTO";"189968.23";"2025";"L";"29/01/2025";"0";"01/01/2025";"31/01/2025";"13"
"UNIDADE DE GESTÃO DE EDUCAÇÃO";"12";"EDUCAÇÃO";"361";"ENSINO FUNDAMENTAL";"2025";"2361";"";"0";"0";"100012604";"FOLHA DE PAGAMENTO";"45780103000150";"";"5203";"FUNDO MANUT.DES.ED.BÁSICA E VALOR.PROF.MAG.-FUNDEB";"31901644";"SERVIÇOS EXTRAORDINÁRIOS";"FOLHA DE PAGAMENTO";"32.12";"2025";"L";"29/01/2025";"0";"01/01/2025";"31/01/2025";"13"
"UNIDADE DE GESTÃO DE EDUCAÇÃO";"12";"EDUCAÇÃO";"361";"ENSINO FUNDAMENTAL";"2025";"2362";"";"0";"0";"100004453";"IPREJUN-INST.PREVIDENCIA DO MUN.JUNDIAI";"05507216000161";"";"5203";"FUNDO MANUT.DES.ED.BÁSICA E VALOR.PROF.MAG.-FUNDEB";"31911308";"CONTRIBUIÇÕES PREVIDENCIÁRIAS - RPPS - PESSOAL ATI";"FOLHA DE PAGAMENTO";"44.55";"2025";"L";"29/01/2025";"0";"01/01/2025";"31/01/2025";"13"
"UNIDADE DE GESTÃO DE EDUCAÇÃO";"12";"EDUCAÇÃO";"361";"ENSINO FUNDAMENTAL";"2025";"2363";"";"0";"0";"100004453";"IPREJUN-INST.PREVIDENCIA DO MUN.JUNDIAI";"05507216000161";"";"5203";"FUNDO MANUT.DES.ED.BÁSICA E VALOR.PROF.MAG.-FUNDEB";"31911320";"ALÍQUOTA SUPLEMENTAR DE CONTRIBUIÇÃO PREVIDENCIÁRI";"FOLHA DE PAGAMENTO";"64.69";"2025";"L";"29/01/2025";"0";"01/01/2025";"31/01/2025";"13"
"UNIDADE DE GESTÃO DE EDUCAÇÃO";"12";"EDUCAÇÃO";"361";"ENSINO FUNDAMENTAL";"2025";"2364";"";"0";"0";"100012604";"FOLHA DE PAGAMENTO";"45780103000150";"";"5203";"FUNDO MANUT.DES.ED.BÁSICA E VALOR.PROF.MAG.-FUNDEB";"33904901";"INDENIZACAO AUXILIO TRANSPORTE";"FOLHA DE PAGAMENTO";"22";"2025";"L";"29/01/2025";"0";"01/01/2025";"31/01/2025";"13"
"UNIDADE DE GESTÃO DE EDUCAÇÃO";"12";"EDUCAÇÃO";"365";"EDUCAÇÃO INFANTIL";"2025";"2365";"";"0";"0";"100012604";"FOLHA DE PAGAMENTO";"45780103000150";"";"0";"PROPRIA";"31901142";"FÉRIAS INDENIZADAS";"FOLHA DE PAGAMENTO";"113438.49";"2025";"L";"29/01/2025";"0";"01/01/2025";"31/01/2025";"13"
"UNIDADE DE GESTÃO DE EDUCAÇÃO";"12";"EDUCAÇÃO";"365";"EDUCAÇÃO INFANTIL";"2025";"2366";"";"0";"0";"100012604";"FOLHA DE PAGAMENTO";"45780103000150";"";"0";"PROPRIA";"31901644";"SERVIÇOS EXTRAORDINÁRIOS";"FOLHA DE PAGAMENTO";"49.31";"2025";"L";"29/01/2025";"0";"01/01/2025";"31/01/2025";"13"
"UNIDADE DE GESTÃO DE EDUCAÇÃO";"12";"EDUCAÇÃO";"365";"EDUCAÇÃO INFANTIL";"2025";"2367";"";"0";"0";"100012604";"FOLHA DE PAGAMENTO";"45780103000150";"";"0";"PROPRIA";"31901142";"FÉRIAS INDENIZADAS";"FOLHA DE PAGAMENTO";"82901.62";"2025";"L";"29/01/2025";"0";"01/01/2025";"31/01/2025";"13"
"UNIDADE DE GESTÃO DE EDUCAÇÃO";"12";"EDUCAÇÃO";"365";"EDUCAÇÃO INFANTIL";"2025";"2368";"";"0";"0";"100012604";"FOLHA DE PAGAMENTO";"45780103000150";"";"5203";"FUNDO MANUT.DES.ED.BÁSICA E VALOR.PROF.MAG.-FUNDEB";"31901142";"FÉRIAS INDENIZADAS";"FOLHA DE PAGAMENTO";"178551.52";"2025";"L";"29/01/2025";"0";"01/01/2025";"31/01/2025";"13"
"UNIDADE DE GESTÃO DE EDUCAÇÃO";"12";"EDUCAÇÃO";"365";"EDUCAÇÃO INFANTIL";"2025";"2369";"";"0";"0";"100012604";"FOLHA DE PAGAMENTO";"45780103000150";"";"0";"PROPRIA";"31901644";"SERVIÇOS EXTRAORDINÁRIOS";"FOLHA DE PAGAMENTO";"581.11";"2025";"L";"29/01/2025";"0";"01/01/2025";"31/01/2025";"13"
"UNIDADE DE GESTÃO DE EDUCAÇÃO";"12";"EDUCAÇÃO";"365";"EDUCAÇÃO INFANTIL";"2025";"2370";"";"0";"0";"100012604";"FOLHA DE PAGAMENTO";"45780103000150";"";"5203";"FUNDO MANUT.DES.ED.BÁSICA E VALOR.PROF.MAG.-FUNDEB";"31901644";"SERVIÇOS EXTRAORDINÁRIOS";"FOLHA DE PAGAMENTO";"10.03";"2025";"L";"29/01/2025";"0";"01/01/2025";"31/01/2025";"13"
"UNIDADE DE GESTÃO DE EDUCAÇÃO";"12";"EDUCAÇÃO";"365";"EDUCAÇÃO INFANTIL";"2025";"2371";"";"0";"0";"100012604";"FOLHA DE PAGAMENTO";"45780103000150";"";"0";"PROPRIA";"31901142";"FÉRIAS INDENIZADAS";"FOLHA DE PAGAMENTO";"24417.23";"2025";"L";"29/01/2025";"0";"01/01/2025";"31/01/2025";"13"
"UNIDADE DE GESTÃO DE EDUCAÇÃO";"12";"EDUCAÇÃO";"365";"EDUCAÇÃO INFANTIL";"2025";"2372";"";"0";"0";"100004453";"IPREJUN-INST.PREVIDENCIA DO MUN.JUNDIAI";"05507216000161";"";"0";"PROPRIA";"31911308";"CONTRIBUIÇÕES PREVIDENCIÁRIAS - RPPS - PESSOAL ATI";"FOLHA DE PAGAMENTO";"171.5";"2025";"L";"29/01/2025";"0";"01/01/2025";"31/01/2025";"13"
"UNIDADE DE GESTÃO DE EDUCAÇÃO";"12";"EDUCAÇÃO";"365";"EDUCAÇÃO INFANTIL";"2025";"2373";"";"0";"0";"100004453";"IPREJUN-INST.PREVIDENCIA DO MUN.JUNDIAI";"05507216000161";"";"0";"PROPRIA";"31911320";"ALÍQUOTA SUPLEMENTAR DE CONTRIBUIÇÃO PREVIDENCIÁRI";"FOLHA DE PAGAMENTO";"249.05";"2025";"L";"29/01/2025";"0";"01/01/2025";"31/01/2025";"13"
"UNIDADE DE GESTÃO DE EDUCAÇÃO";"12";"EDUCAÇÃO";"365";"EDUCAÇÃO INFANTIL";"2025";"2374";"";"0";"0";"100012604";"FOLHA DE PAGAMENTO";"45780103000150";"";"0";"PROPRIA";"33904901";"INDENIZACAO AUXILIO TRANSPORTE";"FOLHA DE PAGAMENTO";"110";"2025";"L";"29/01/2025";"0";"01/01/2025";"31/01/2025";"13"
"UNIDADE DE GESTÃO DE EDUCAÇÃO";"12";"EDUCAÇÃO";"365";"EDUCAÇÃO INFANTIL";"2025";"2375";"";"0";"0";"100012604";"FOLHA DE PAGAMENTO";"45780103000150";"";"0";"PROPRIA";"31901142";"FÉRIAS INDENIZADAS";"FOLHA DE PAGAMENTO";"25227.92";"2025";"L";"29/01/2025";"0";"01/01/2025";"31/01/2025";"13"
"UNIDADE DE GESTÃO DE PROMOÇÃO DA SAÚDE";"10";"SAÚDE";"301";"ATENÇÃO BÁSICA";"2025";"2376";"";"0";"0";"100012604";"FOLHA DE PAGAMENTO";"45780103000150";"";"0";"PROPRIA";"31901101";"VENCIMENTO E SALARIOS";"FOLHA DE PAGAMENTO";"576.01";"2025";"L";"29/01/2025";"0";"01/01/2025";"31/01/2025";"14"
"UNIDADE DE GESTÃO DE PROMOÇÃO DA SAÚDE";"10";"SAÚDE";"301";"ATENÇÃO BÁSICA";"2025";"2377";"";"0";"0";"100012604";"FOLHA DE PAGAMENTO";"45780103000150";"";"0";"PROPRIA";"31901110";"ADICIONAL DE INSALUBRIDADE";"FOLHA DE PAGAMENTO";"20.25";"2025";"L";"29/01/2025";"0";"01/01/2025";"31/01/2025";"14"
"UNIDADE DE GESTÃO DE PROMOÇÃO DA SAÚDE";"10";"SAÚDE";"301";"ATENÇÃO BÁSICA";"2025";"2378";"";"0";"0";"100012604";"FOLHA DE PAGAMENTO";"45780103000150";"";"0";"PROPRIA";"31901142";"FÉRIAS INDENIZADAS";"FOLHA DE PAGAMENTO";"119449.51";"2025";"L";"29/01/2025";"0";"01/01/2025";"31/01/2025";"14"
"UNIDADE DE GESTÃO DE PROMOÇÃO DA SAÚDE";"10";"SAÚDE";"301";"ATENÇÃO BÁSICA";"2025";"2379";"";"0";"0";"100012604";"FOLHA DE PAGAMENTO";"45780103000150";"";"0";"PROPRIA";"31901644";"SERVIÇOS EXTRAORDINÁRIOS";"FOLHA DE PAGAMENTO";"942.82";"2025";"L";"29/01/2025";"0";"01/01/2025";"31/01/2025";"14"
"UNIDADE DE GESTÃO DE PROMOÇÃO DA SAÚDE";"10";"SAÚDE";"301";"ATENÇÃO BÁSICA";"2025";"2380";"";"0";"0";"100004453";"IPREJUN-INST.PREVIDENCIA DO MUN.JUNDIAI";"05507216000161";"";"0";"PROPRIA";"31911308";"CONTRIBUIÇÕES PREVIDENCIÁRIAS - RPPS - PESSOAL ATI";"FOLHA DE PAGAMENTO";"86.8";"2025";"L";"29/01/2025";"0";"01/01/2025";"31/01/2025";"14"
"UNIDADE DE GESTÃO DE PROMOÇÃO DA SAÚDE";"10";"SAÚDE";"301";"ATENÇÃO BÁSICA";"2025";"2381";"";"0";"0";"100004453";"IPREJUN-INST.PREVIDENCIA DO MUN.JUNDIAI";"05507216000161";"";"0";"PROPRIA";"31911320";"ALÍQUOTA SUPLEMENTAR DE CONTRIBUIÇÃO PREVIDENCIÁRI";"FOLHA DE PAGAMENTO";"126.05";"2025";"L";"29/01/2025";"0";"01/01/2025";"31/01/2025";"14"
"UNIDADE DE GESTÃO DE PROMOÇÃO DA SAÚDE";"10";"SAÚDE";"305";"VIGILÂNCIA EPIDEMIOLÓGICA";"2025";"2382";"";"0";"0";"100012604";"FOLHA DE PAGAMENTO";"45780103000150";"";"0";"PROPRIA";"31901101";"VENCIMENTO E SALARIOS";"FOLHA DE PAGAMENTO";"111.37";"2025";"L";"29/01/2025";"0";"01/01/2025";"31/01/2025";"14"
"UNIDADE DE GESTÃO DE PROMOÇÃO DA SAÚDE";"10";"SAÚDE";"305";"VIGILÂNCIA EPIDEMIOLÓGICA";"2025";"2383";"";"0";"0";"100012604";"FOLHA DE PAGAMENTO";"45780103000150";"";"0";"PROPRIA";"31901110";"ADICIONAL DE INSALUBRIDADE";"FOLHA DE PAGAMENTO";"10.13";"2025";"L";"29/01/2025";"0";"01/01/2025";"31/01/2025";"14"
"UNIDADE DE GESTÃO DE PROMOÇÃO DA SAÚDE";"10";"SAÚDE";"305";"VIGILÂNCIA EPIDEMIOLÓGICA";"2025";"2384";"";"0";"0";"100012604";"FOLHA DE PAGAMENTO";"45780103000150";"";"0";"PROPRIA";"31901137";"GRATIFICACOES POR TEMPO DE SERVICO";"FOLHA DE PAGAMENTO";"11.14";"2025";"L";"29/01/2025";"0";"01/01/2025";"31/01/2025";"14"
"UNIDADE DE GESTÃO DE PROMOÇÃO DA SAÚDE";"10";"SAÚDE";"305";"VIGILÂNCIA EPIDEMIOLÓGICA";"2025";"2385";"";"0";"0";"100012604";"FOLHA DE PAGAMENTO";"45780103000150";"";"0";"PROPRIA";"31901142";"FÉRIAS INDENIZADAS";"FOLHA DE PAGAMENTO";"15108.3";"2025";"L";"29/01/2025";"0";"01/01/2025";"31/01/2025";"14"
"UNIDADE DE GESTÃO DE PROMOÇÃO DA SAÚDE";"10";"SAÚDE";"305";"VIGILÂNCIA EPIDEMIOLÓGICA";"2025";"2386";"";"0";"0";"100012604";"FOLHA DE PAGAMENTO";"45780103000150";"";"0";"PROPRIA";"31901644";"SERVIÇOS EXTRAORDINÁRIOS";"FOLHA DE PAGAMENTO";"1577.35";"2025";"L";"29/01/2025";"0";"01/01/2025";"31/01/2025";"14"
"UNIDADE DE GESTÃO DE PROMOÇÃO DA SAÚDE";"10";"SAÚDE";"305";"VIGILÂNCIA EPIDEMIOLÓGICA";"2025";"2387";"";"0";"0";"100004453";"IPREJUN-INST.PREVIDENCIA DO MUN.JUNDIAI";"05507216000161";"";"0";"PROPRIA";"31911308";"CONTRIBUIÇÕES PREVIDENCIÁRIAS - RPPS - PESSOAL ATI";"FOLHA DE PAGAMENTO";"17.55";"2025";"L";"29/01/2025";"0";"01/01/2025";"31/01/2025";"14"
"UNIDADE DE GESTÃO DE PROMOÇÃO DA SAÚDE";"10";"SAÚDE";"305";"VIGILÂNCIA EPIDEMIOLÓGICA";"2025";"2388";"";"0";"0";"100004453";"IPREJUN-INST.PREVIDENCIA DO MUN.JUNDIAI";"05507216000161";"";"0";"PROPRIA";"31911320";"ALÍQUOTA SUPLEMENTAR DE CONTRIBUIÇÃO PREVIDENCIÁRI";"FOLHA DE PAGAMENTO";"25.49";"2025";"L";"29/01/2025";"0";"01/01/2025";"31/01/2025";"14"
"UNIDADE GESTÃO DE ASSISTÊNCIA E DESENVOLV. SOCIAL";"8";"ASSISTÊNCIA SOCIAL";"244";"ASSISTÊNCIA COMUNITÁRIA";"2025";"2389";"";"0";"0";"100012604";"FOLHA DE PAGAMENTO";"45780103000150";"";"0";"PROPRIA";"31901142";"FÉRIAS INDENIZADAS";"FOLHA DE PAGAMENTO";"49030.97";"2025";"L";"29/01/2025";"0";"01/01/2025";"31/01/2025";"15"
"UNIDADE GESTÃO DE ASSISTÊNCIA E DESENVOLV. SOCIAL";"8";"ASSISTÊNCIA SOCIAL";"244";"ASSISTÊNCIA COMUNITÁRIA";"2025";"2390";"";"0";"0";"100012604";"FOLHA DE PAGAMENTO";"45780103000150";"";"0";"PROPRIA";"31901644";"SERVIÇOS EXTRAORDINÁRIOS";"FOLHA DE PAGAMENTO";"11.72";"2025";"L";"29/01/2025";"0";"01/01/2025";"31/01/2025";"15"
"UNIDADE GESTÃO DE ASSISTÊNCIA E DESENVOLV. SOCIAL";"8";"ASSISTÊNCIA SOCIAL";"244";"ASSISTÊNCIA COMUNITÁRIA";"2025";"2391";"";"0";"0";"100012604";"FOLHA DE PAGAMENTO";"45780103000150";"";"0";"PROPRIA";"31901142";"FÉRIAS INDENIZADAS";"FOLHA DE PAGAMENTO";"62738.42";"2025";"L";"29/01/2025";"0";"01/01/2025";"31/01/2025";"15"
"UNIDADE GESTÃO DE ASSISTÊNCIA E DESENVOLV. SOCIAL";"8";"ASSISTÊNCIA SOCIAL";"244";"ASSISTÊNCIA COMUNITÁRIA";"2025";"2392";"";"0";"0";"100012604";"FOLHA DE PAGAMENTO";"45780103000150";"";"0";"PROPRIA";"31901644";"SERVIÇOS EXTRAORDINÁRIOS";"FOLHA DE PAGAMENTO";"1308";"2025";"L";"29/01/2025";"0";"01/01/2025";"31/01/2025";"15"
"UNIDADE DE GESTÃO DE ESPORTE E LAZER";"27";"DESPORTO E LAZER";"812";"DESPORTO COMUNITÁRIO";"2025";"2393";"";"0";"0";"100012604";"FOLHA DE PAGAMENTO";"45780103000150";"";"0";"PROPRIA";"31901104";"ADICIONAL NOTURNO";"FOLHA DE PAGAMENTO";"36.9";"2025";"L";"29/01/2025";"0";"01/01/2025";"31/01/2025";"23"
"UNIDADE DE GESTÃO DE ESPORTE E LAZER";"27";"DESPORTO E LAZER";"812";"DESPORTO COMUNITÁRIO";"2025";"2394";"";"0";"0";"100012604";"FOLHA DE PAGAMENTO";"45780103000150";"";"0";"PROPRIA";"31901142";"FÉRIAS INDENIZADAS";"FOLHA DE PAGAMENTO";"21053.19";"2025";"L";"29/01/2025";"0";"01/01/2025";"31/01/2025";"23"
"UNIDADE DE GESTÃO DE ESPORTE E LAZER";"27";"DESPORTO E LAZER";"812";"DESPORTO COMUNITÁRIO";"2025";"2395";"";"0";"0";"100012604";"FOLHA DE PAGAMENTO";"45780103000150";"";"0";"PROPRIA";"31901644";"SERVIÇOS EXTRAORDINÁRIOS";"FOLHA DE PAGAMENTO";"2030.96";"2025";"L";"29/01/2025";"0";"01/01/2025";"31/01/2025";"23"
"UNIDADE DE GESTÃO DE PROMOÇÃO DA SAÚDE";"10";"SAÚDE";"302";"ASSISTÊNCIA HOSPITALAR E AMBULATORIAL";"2025";"2413";"";"0";"0";"100012604";"FOLHA DE PAGAMENTO";"45780103000150";"";"0";"PROPRIA";"31900411";"SALÁRIOS - CONTRATO TEMPORÁRIO";"FOLHA DE PAGAMENTO";"1185.14";"2025";"L";"30/01/2025";"0";"01/01/2025";"31/01/2025";"14"
"UNIDADE DE GESTÃO DE PROMOÇÃO DA SAÚDE";"10";"SAÚDE";"302";"ASSISTÊNCIA HOSPITALAR E AMBULATORIAL";"2025";"2414";"";"0";"0";"100012604";"FOLHA DE PAGAMENTO";"45780103000150";"";"0";"PROPRIA";"31900411";"SALÁRIOS - CONTRATO TEMPORÁRIO";"FOLHA DE PAGAMENTO";"293.47";"2025";"L";"30/01/2025";"0";"01/01/2025";"31/01/2025";"14"
"UNIDADE DE GESTÃO DE PROMOÇÃO DA SAÚDE";"10";"SAÚDE";"302";"ASSISTÊNCIA HOSPITALAR E AMBULATORIAL";"2025";"2415";"";"0";"0";"100012604";"FOLHA DE PAGAMENTO";"45780103000150";"";"0";"PROPRIA";"31900413";"13º SALÁRIO - CONTRATO TEMPORÁRIO";"FOLHA DE PAGAMENTO";"423.8";"2025";"L";"30/01/2025";"0";"01/01/2025";"31/01/2025";"14"
"UNIDADE DE GESTÃO DE PROMOÇÃO DA SAÚDE";"10";"SAÚDE";"302";"ASSISTÊNCIA HOSPITALAR E AMBULATORIAL";"2025";"2416";"";"0";"0";"100012604";"FOLHA DE PAGAMENTO";"45780103000150";"";"0";"PROPRIA";"31900414";"FERIAS - ABONO CONSTITUCIONAL - CONTRATO TEMPORÁRI";"FOLHA DE PAGAMENTO";"6573.32";"2025";"L";"30/01/2025";"0";"01/01/2025";"31/01/2025";"14"
"UNIDADE DE GESTÃO DE PROMOÇÃO DA SAÚDE";"10";"SAÚDE";"302";"ASSISTÊNCIA HOSPITALAR E AMBULATORIAL";"2025";"2417";"";"0";"0";"4016168";"I.N.S.S -INST.NACIONAL DE SEGURO SOCIAL";"29979036000140";"";"0";"PROPRIA";"31900416";"OBRIGAÇÕES PATRONAIS - INSS - CONTRATO TEMPORÁRIO";"FOLHA DE PAGAMENTO";"1023.96";"2025";"L";"30/01/2025";"0";"01/01/2025";"31/01/2025";"14"
"UNIDADE DE GESTÃO DE PROMOÇÃO DA SAÚDE";"10";"SAÚDE";"302";"ASSISTÊNCIA HOSPITALAR E AMBULATORIAL";"2025";"2418";"";"0";"0";"100012604";"FOLHA DE PAGAMENTO";"45780103000150";"";"0";"PROPRIA";"31900499";"OUTRAS CONTRATACOES POR TEMPO DETERMINADO";"FOLHA DE PAGAMENTO";"126.33";"2025";"L";"30/01/2025";"0";"01/01/2025";"31/01/2025";"14"
"UNIDADE DE GESTÃO DE PROMOÇÃO DA SAÚDE";"10";"SAÚDE";"302";"ASSISTÊNCIA HOSPITALAR E AMBULATORIAL";"2025";"2419";"";"0";"0";"100012604";"FOLHA DE PAGAMENTO";"45780103000150";"";"0";"PROPRIA";"33904901";"INDENIZACAO AUXILIO TRANSPORTE";"FOLHA DE PAGAMENTO";"308";"2025";"L";"30/01/2025";"0";"01/01/2025";"31/01/2025";"14"
"UNIDADE DE GESTÃO DA CASA CIVIL";"4";"ADMINISTRAÇÃO";"122";"ADMINISTRAÇÃO GERAL";"2025";"2420";"";"0";"0";"100012604";"FOLHA DE PAGAMENTO";"45780103000150";"";"0";"PROPRIA";"31901101";"VENCIMENTO E SALARIOS";"FOLHA DE PAGAMENTO";"163500.23";"2025";"L";"29/01/2025";"0";"01/01/2025";"31/01/2025";"3"
"UNIDADE DE GESTÃO DA CASA CIVIL";"4";"ADMINISTRAÇÃO";"122";"ADMINISTRAÇÃO GERAL";"2025";"2421";"";"0";"0";"100012604";"FOLHA DE PAGAMENTO";"45780103000150";"";"0";"PROPRIA";"31901101";"VENCIMENTO E SALARIOS";"FOLHA DE PAGAMENTO";"196291.01";"2025";"L";"29/01/2025";"0";"01/01/2025";"31/01/2025";"3"
"UNIDADE DE GESTÃO DA CASA CIVIL";"4";"ADMINISTRAÇÃO";"122";"ADMINISTRAÇÃO GERAL";"2025";"2422";"";"0";"0";"100012604";"FOLHA DE PAGAMENTO";"45780103000150";"";"0";"PROPRIA";"31901101";"VENCIMENTO E SALARIOS";"FOLHA DE PAGAMENTO";"13225.11";"2025";"L";"29/01/2025";"0";"01/01/2025";"31/01/2025";"3"
"UNIDADE DE GESTÃO DA CASA CIVIL";"4";"ADMINISTRAÇÃO";"122";"ADMINISTRAÇÃO GERAL";"2025";"2423";"";"0";"0";"100012604";"FOLHA DE PAGAMENTO";"45780103000150";"";"0";"PROPRIA";"31901104";"ADICIONAL NOTURNO";"FOLHA DE PAGAMENTO";"1358.56";"2025";"L";"29/01/2025";"0";"01/01/2025";"31/01/2025";"3"
"UNIDADE DE GESTÃO DA CASA CIVIL";"4";"ADMINISTRAÇÃO";"122";"ADMINISTRAÇÃO GERAL";"2025";"2424";"";"0";"0";"100012604";"FOLHA DE PAGAMENTO";"45780103000150";"";"0";"PROPRIA";"31901105";"INCORPORADOS";"FOLHA DE PAGAMENTO";"3963.89";"2025";"L";"29/01/2025";"0";"01/01/2025";"31/01/2025";"3"
"UNIDADE DE GESTÃO DA CASA CIVIL";"4";"ADMINISTRAÇÃO";"122";"ADMINISTRAÇÃO GERAL";"2025";"2425";"";"0";"0";"100012604";"FOLHA DE PAGAMENTO";"45780103000150";"";"0";"PROPRIA";"31901107";"ABONO DE PERMANENCIA";"FOLHA DE PAGAMENTO";"902.08";"2025";"L";"29/01/2025";"0";"01/01/2025";"31/01/2025";"3"
"UNIDADE DE GESTÃO DA CASA CIVIL";"4";"ADMINISTRAÇÃO";"122";"ADMINISTRAÇÃO GERAL";"2025";"2426";"";"0";"0";"100012604";"FOLHA DE PAGAMENTO";"45780103000150";"";"0";"PROPRIA";"31901110";"ADICIONAL DE INSALUBRIDADE";"FOLHA DE PAGAMENTO";"303.6";"2025";"L";"29/01/2025";"0";"01/01/2025";"31/01/2025";"3"
"UNIDADE DE GESTÃO DA CASA CIVIL";"4";"ADMINISTRAÇÃO";"122";"ADMINISTRAÇÃO GERAL";"2025";"2427";"";"0";"0";"100012604";"FOLHA DE PAGAMENTO";"45780103000150";"";"0";"PROPRIA";"31901131";"GRATIFICACOES POR EXERCICIO DE  CARGO";"FOLHA DE PAGAMENTO";"5285.09";"2025";"L";"29/01/2025";"0";"01/01/2025";"31/01/2025";"3"
"UNIDADE DE GESTÃO DA CASA CIVIL";"4";"ADMINISTRAÇÃO";"122";"ADMINISTRAÇÃO GERAL";"2025";"2428";"";"0";"0";"100012604";"FOLHA DE PAGAMENTO";"45780103000150";"";"0";"PROPRIA";"31901133";"GRATIFICACOES POR EXERCICIO DE  FUNCOES";"FOLHA DE PAGAMENTO";"24704.07";"2025";"L";"29/01/2025";"0";"01/01/2025";"31/01/2025";"3"
"UNIDADE DE GESTÃO DA CASA CIVIL";"4";"ADMINISTRAÇÃO";"122";"ADMINISTRAÇÃO GERAL";"2025";"2429";"";"0";"0";"100012604";"FOLHA DE PAGAMENTO";"45780103000150";"";"0";"PROPRIA";"31901137";"GRATIFICACOES POR TEMPO DE SERVICO";"FOLHA DE PAGAMENTO";"6833.41";"2025";"L";"29/01/2025";"0";"01/01/2025";"31/01/2025";"3"
"UNIDADE DE GESTÃO DA CASA CIVIL";"4";"ADMINISTRAÇÃO";"122";"ADMINISTRAÇÃO GERAL";"2025";"2430";"";"0";"0";"100012604";"FOLHA DE PAGAMENTO";"45780103000150";"";"0";"PROPRIA";"31901137";"GRATIFICACOES POR TEMPO DE SERVICO";"FOLHA DE PAGAMENTO";"31729.91";"2025";"L";"29/01/2025";"0";"01/01/2025";"31/01/2025";"3"
"UNIDADE DE GESTÃO DA CASA CIVIL";"4";"ADMINISTRAÇÃO";"122";"ADMINISTRAÇÃO GERAL";"2025";"2431";"";"0";"0";"100012604";"FOLHA DE PAGAMENTO";"45780103000150";"";"0";"PROPRIA";"31901145";"FÉRIAS - ABONO CONSTITUICOES";"FOLHA DE PAGAMENTO";"619.95";"2025";"L";"29/01/2025";"0";"01/01/2025";"31/01/2025";"3"
"UNIDADE DE GESTÃO DA CASA CIVIL";"4";"ADMINISTRAÇÃO";"122";"ADMINISTRAÇÃO GERAL";"2025";"2432";"";"0";"0";"100012604";"FOLHA DE PAGAMENTO";"45780103000150";"";"0";"PROPRIA";"31901175";"SUBSÍDIOS - AGENTES POLÍTICOS";"FOLHA DE PAGAMENTO";"30456.89";"2025";"L";"29/01/2025";"0";"01/01/2025";"31/01/2025";"3"
"UNIDADE DE GESTÃO DA CASA CIVIL";"4";"ADMINISTRAÇÃO";"122";"ADMINISTRAÇÃO GERAL";"2025";"2433";"";"0";"0";"4000055";"FUNDO DE GARANTIA POR TEMPO DE SERVICO";"00360305000104";"";"0";"PROPRIA";"31901301";"FGTS";"FOLHA DE PAGAMENTO";"2973.45";"2025";"L";"29/01/2025";"0";"01/01/2025";"31/01/2025";"3"
"UNIDADE DE GESTÃO DA CASA CIVIL";"4";"ADMINISTRAÇÃO";"122";"ADMINISTRAÇÃO GERAL";"2025";"2434";"";"0";"0";"4016168";"I.N.S.S -INST.NACIONAL DE SEGURO SOCIAL";"29979036000140";"";"0";"PROPRIA";"31901302";"CONTRIBUICOES PREVIDENCIARIAS - INSS";"FOLHA DE PAGAMENTO";"8369.93";"2025";"L";"29/01/2025";"0";"01/01/2025";"31/01/2025";"3"
"UNIDADE DE GESTÃO DA CASA CIVIL";"4";"ADMINISTRAÇÃO";"122";"ADMINISTRAÇÃO GERAL";"2025";"2435";"";"0";"0";"4016168";"I.N.S.S -INST.NACIONAL DE SEGURO SOCIAL";"29979036000140";"";"0";"PROPRIA";"31901302";"CONTRIBUICOES PREVIDENCIARIAS - INSS";"FOLHA DE PAGAMENTO";"6858.59";"2025";"L";"29/01/2025";"0";"01/01/2025";"31/01/2025";"3"
"UNIDADE DE GESTÃO DA CASA CIVIL";"4";"ADMINISTRAÇÃO";"122";"ADMINISTRAÇÃO GERAL";"2025";"2436";"";"0";"0";"4016168";"I.N.S.S -INST.NACIONAL DE SEGURO SOCIAL";"29979036000140";"";"0";"PROPRIA";"31901302";"CONTRIBUICOES PREVIDENCIARIAS - INSS";"FOLHA DE PAGAMENTO";"44202.76";"2025";"L";"29/01/2025";"0";"01/01/2025";"31/01/2025";"3"
"UNIDADE DE GESTÃO DA CASA CIVIL";"4";"ADMINISTRAÇÃO";"122";"ADMINISTRAÇÃO GERAL";"2025";"2437";"";"0";"0";"100012604";"FOLHA DE PAGAMENTO";"45780103000150";"";"0";"PROPRIA";"31901632";"SUBSTITUIÇÕES  RPPS";"FOLHA DE PAGAMENTO";"19562.68";"2025";"L";"29/01/2025";"0";"01/01/2025";"31/01/2025";"3"
"UNIDADE DE GESTÃO DA CASA CIVIL";"4";"ADMINISTRAÇÃO";"122";"ADMINISTRAÇÃO GERAL";"2025";"2438";"";"0";"0";"100012604";"FOLHA DE PAGAMENTO";"45780103000150";"";"0";"PROPRIA";"31901644";"SERVIÇOS EXTRAORDINÁRIOS";"FOLHA DE PAGAMENTO";"25628.65";"2025";"L";"29/01/2025";"0";"01/01/2025";"31/01/2025";"3"
"UNIDADE DE GESTÃO DA CASA CIVIL";"4";"ADMINISTRAÇÃO";"122";"ADMINISTRAÇÃO GERAL";"2025";"2439";"";"0";"0";"100012604";"FOLHA DE PAGAMENTO";"45780103000150";"";"0";"PROPRIA";"31901644";"SERVIÇOS EXTRAORDINÁRIOS";"FOLHA DE PAGAMENTO";"6309.06";"2025";"L";"29/01/2025";"0";"01/01/2025";"31/01/2025";"3"
"UNIDADE DE GESTÃO DA CASA CIVIL";"4";"ADMINISTRAÇÃO";"122";"ADMINISTRAÇÃO GERAL";"2025";"2440";"";"0";"0";"100004453";"IPREJUN-INST.PREVIDENCIA DO MUN.JUNDIAI";"05507216000161";"";"0";"PROPRIA";"31911308";"CONTRIBUIÇÕES PREVIDENCIÁRIAS - RPPS - PESSOAL ATI";"FOLHA DE PAGAMENTO";"44605.56";"2025";"L";"29/01/2025";"0";"01/01/2025";"31/01/2025";"3"
"UNIDADE DE GESTÃO DA CASA CIVIL";"4";"ADMINISTRAÇÃO";"122";"ADMINISTRAÇÃO GERAL";"2025";"2441";"";"0";"0";"100004453";"IPREJUN-INST.PREVIDENCIA DO MUN.JUNDIAI";"05507216000161";"";"0";"PROPRIA";"31911320";"ALÍQUOTA SUPLEMENTAR DE CONTRIBUIÇÃO PREVIDENCIÁRI";"FOLHA DE PAGAMENTO";"64776.04";"2025";"L";"29/01/2025";"0";"01/01/2025";"31/01/2025";"3"
"UNIDADE DE GESTÃO DA CASA CIVIL";"4";"ADMINISTRAÇÃO";"122";"ADMINISTRAÇÃO GERAL";"2025";"2442";"";"0";"0";"100012604";"FOLHA DE PAGAMENTO";"45780103000150";"";"0";"PROPRIA";"33904901";"INDENIZACAO AUXILIO TRANSPORTE";"FOLHA DE PAGAMENTO";"15466";"2025";"L";"29/01/2025";"0";"01/01/2025";"31/01/2025";"3"
"UNIDADE DE GESTÃO DA CASA CIVIL";"4";"ADMINISTRAÇÃO";"122";"ADMINISTRAÇÃO GERAL";"2025";"2443";"";"0";"0";"100012604";"FOLHA DE PAGAMENTO";"45780103000150";"";"0";"PROPRIA";"33904901";"INDENIZACAO AUXILIO TRANSPORTE";"FOLHA DE PAGAMENTO";"6446";"2025";"L";"29/01/2025";"0";"01/01/2025";"31/01/2025";"3"
"UNIDADE DE GESTÃO DA CASA CIVIL";"4";"ADMINISTRAÇÃO";"122";"ADMINISTRAÇÃO GERAL";"2025";"2444";"";"0";"0";"100012604";"FOLHA DE PAGAMENTO";"45780103000150";"";"0";"PROPRIA";"33904901";"INDENIZACAO AUXILIO TRANSPORTE";"FOLHA DE PAGAMENTO";"880";"2025";"L";"29/01/2025";"0";"01/01/2025";"31/01/2025";"3"
"UNIDADE GESTÃO DE INOVAÇÃO E RELAÇÃO COM O CIDADÃO";"4";"ADMINISTRAÇÃO";"122";"ADMINISTRAÇÃO GERAL";"2025";"2445";"";"0";"0";"100012604";"FOLHA DE PAGAMENTO";"45780103000150";"";"0";"PROPRIA";"31901101";"VENCIMENTO E SALARIOS";"FOLHA DE PAGAMENTO";"120402.17";"2025";"L";"29/01/2025";"0";"01/01/2025";"31/01/2025";"4"
"UNIDADE GESTÃO DE INOVAÇÃO E RELAÇÃO COM O CIDADÃO";"4";"ADMINISTRAÇÃO";"122";"ADMINISTRAÇÃO GERAL";"2025";"2446";"";"0";"0";"100012604";"FOLHA DE PAGAMENTO";"45780103000150";"";"0";"PROPRIA";"31901101";"VENCIMENTO E SALARIOS";"FOLHA DE PAGAMENTO";"21617.69";"2025";"L";"29/01/2025";"0";"01/01/2025";"31/01/2025";"4"
"UNIDADE GESTÃO DE INOVAÇÃO E RELAÇÃO COM O CIDADÃO";"4";"ADMINISTRAÇÃO";"122";"ADMINISTRAÇÃO GERAL";"2025";"2447";"";"0";"0";"100012604";"FOLHA DE PAGAMENTO";"45780103000150";"";"0";"PROPRIA";"31901131";"GRATIFICACOES POR EXERCICIO DE  CARGO";"FOLHA DE PAGAMENTO";"3187.1";"2025";"L";"29/01/2025";"0";"01/01/2025";"31/01/2025";"4"
"UNIDADE GESTÃO DE INOVAÇÃO E RELAÇÃO COM O CIDADÃO";"4";"ADMINISTRAÇÃO";"122";"ADMINISTRAÇÃO GERAL";"2025";"2448";"";"0";"0";"100012604";"FOLHA DE PAGAMENTO";"45780103000150";"";"0";"PROPRIA";"31901137";"GRATIFICACOES POR TEMPO DE SERVICO";"FOLHA DE PAGAMENTO";"1938.45";"2025";"L";"29/01/2025";"0";"01/01/2025";"31/01/2025";"4"
"UNIDADE GESTÃO DE INOVAÇÃO E RELAÇÃO COM O CIDADÃO";"4";"ADMINISTRAÇÃO";"122";"ADMINISTRAÇÃO GERAL";"2025";"2449";"";"0";"0";"100012604";"FOLHA DE PAGAMENTO";"45780103000150";"";"0";"PROPRIA";"31901175";"SUBSÍDIOS - AGENTES POLÍTICOS";"FOLHA DE PAGAMENTO";"24562.97";"2025";"L";"29/01/2025";"0";"01/01/2025";"31/01/2025";"4"
"UNIDADE GESTÃO DE INOVAÇÃO E RELAÇÃO COM O CIDADÃO";"4";"ADMINISTRAÇÃO";"122";"ADMINISTRAÇÃO GERAL";"2025";"2450";"";"0";"0";"4016168";"I.N.S.S -INST.NACIONAL DE SEGURO SOCIAL";"29979036000140";"";"0";"PROPRIA";"31901302";"CONTRIBUICOES PREVIDENCIARIAS - INSS";"FOLHA DE PAGAMENTO";"5531.34";"2025";"L";"29/01/2025";"0";"01/01/2025";"31/01/2025";"4"
"UNIDADE GESTÃO DE INOVAÇÃO E RELAÇÃO COM O CIDADÃO";"4";"ADMINISTRAÇÃO";"122";"ADMINISTRAÇÃO GERAL";"2025";"2451";"";"0";"0";"4016168";"I.N.S.S -INST.NACIONAL DE SEGURO SOCIAL";"29979036000140";"";"0";"PROPRIA";"31901302";"CONTRIBUICOES PREVIDENCIARIAS - INSS";"FOLHA DE PAGAMENTO";"27113.35";"2025";"L";"29/01/2025";"0";"01/01/2025";"31/01/2025";"4"
"UNIDADE GESTÃO DE INOVAÇÃO E RELAÇÃO COM O CIDADÃO";"4";"ADMINISTRAÇÃO";"122";"ADMINISTRAÇÃO GERAL";"2025";"2452";"";"0";"0";"100012604";"FOLHA DE PAGAMENTO";"45780103000150";"";"0";"PROPRIA";"31901632";"SUBSTITUIÇÕES  RPPS";"FOLHA DE PAGAMENTO";"7049.56";"2025";"L";"29/01/2025";"0";"01/01/2025";"31/01/2025";"4"
"UNIDADE GESTÃO DE INOVAÇÃO E RELAÇÃO COM O CIDADÃO";"4";"ADMINISTRAÇÃO";"122";"ADMINISTRAÇÃO GERAL";"2025";"2453";"";"0";"0";"100012604";"FOLHA DE PAGAMENTO";"45780103000150";"";"0";"PROPRIA";"31901644";"SERVIÇOS EXTRAORDINÁRIOS";"FOLHA DE PAGAMENTO";"605.68";"2025";"L";"29/01/2025";"0";"01/01/2025";"31/01/2025";"4"
"UNIDADE GESTÃO DE INOVAÇÃO E RELAÇÃO COM O CIDADÃO";"4";"ADMINISTRAÇÃO";"122";"ADMINISTRAÇÃO GERAL";"2025";"2454";"";"0";"0";"100004453";"IPREJUN-INST.PREVIDENCIA DO MUN.JUNDIAI";"05507216000161";"";"0";"PROPRIA";"31911308";"CONTRIBUIÇÕES PREVIDENCIÁRIAS - RPPS - PESSOAL ATI";"FOLHA DE PAGAMENTO";"5297.57";"2025";"L";"29/01/2025";"0";"01/01/2025";"31/01/2025";"4"
"UNIDADE GESTÃO DE INOVAÇÃO E RELAÇÃO COM O CIDADÃO";"4";"ADMINISTRAÇÃO";"122";"ADMINISTRAÇÃO GERAL";"2025";"2455";"";"0";"0";"100004453";"IPREJUN-INST.PREVIDENCIA DO MUN.JUNDIAI";"05507216000161";"";"0";"PROPRIA";"31911320";"ALÍQUOTA SUPLEMENTAR DE CONTRIBUIÇÃO PREVIDENCIÁRI";"FOLHA DE PAGAMENTO";"7693.14";"2025";"L";"29/01/2025";"0";"01/01/2025";"31/01/2025";"4"
"UNIDADE GESTÃO DE INOVAÇÃO E RELAÇÃO COM O CIDADÃO";"4";"ADMINISTRAÇÃO";"122";"ADMINISTRAÇÃO GERAL";"2025";"2456";"";"0";"0";"100012604";"FOLHA DE PAGAMENTO";"45780103000150";"";"0";"PROPRIA";"33904901";"INDENIZACAO AUXILIO TRANSPORTE";"FOLHA DE PAGAMENTO";"6226";"2025";"L";"29/01/2025";"0";"01/01/2025";"31/01/2025";"4"
"UNIDADE GESTÃO DE INOVAÇÃO E RELAÇÃO COM O CIDADÃO";"4";"ADMINISTRAÇÃO";"122";"ADMINISTRAÇÃO GERAL";"2025";"2457";"";"0";"0";"100012604";"FOLHA DE PAGAMENTO";"45780103000150";"";"0";"PROPRIA";"33904901";"INDENIZACAO AUXILIO TRANSPORTE";"FOLHA DE PAGAMENTO";"2750";"2025";"L";"29/01/2025";"0";"01/01/2025";"31/01/2025";"4"
"UNIDADE DE GESTÃO DE NEG. JURÍDICOS E CIDADANIA";"4";"ADMINISTRAÇÃO";"122";"ADMINISTRAÇÃO GERAL";"2025";"2458";"";"0";"0";"100012604";"FOLHA DE PAGAMENTO";"45780103000150";"";"0";"PROPRIA";"31901101";"VENCIMENTO E SALARIOS";"FOLHA DE PAGAMENTO";"24576.29";"2025";"L";"29/01/2025";"0";"01/01/2025";"31/01/2025";"6"
"UNIDADE DE GESTÃO DE NEG. JURÍDICOS E CIDADANIA";"4";"ADMINISTRAÇÃO";"122";"ADMINISTRAÇÃO GERAL";"2025";"2459";"";"0";"0";"100012604";"FOLHA DE PAGAMENTO";"45780103000150";"";"0";"PROPRIA";"31901101";"VENCIMENTO E SALARIOS";"FOLHA DE PAGAMENTO";"65108.97";"2025";"L";"29/01/2025";"0";"01/01/2025";"31/01/2025";"6"
"UNIDADE DE GESTÃO DE NEG. JURÍDICOS E CIDADANIA";"4";"ADMINISTRAÇÃO";"122";"ADMINISTRAÇÃO GERAL";"2025";"2460";"";"0";"0";"100012604";"FOLHA DE PAGAMENTO";"45780103000150";"";"0";"PROPRIA";"31901101";"VENCIMENTO E SALARIOS";"FOLHA DE PAGAMENTO";"423395.05";"2025";"L";"29/01/2025";"0";"01/01/2025";"31/01/2025";"6"
"UNIDADE DE GESTÃO DE NEG. JURÍDICOS E CIDADANIA";"4";"ADMINISTRAÇÃO";"122";"ADMINISTRAÇÃO GERAL";"2025";"2461";"";"0";"0";"100012604";"FOLHA DE PAGAMENTO";"45780103000150";"";"0";"PROPRIA";"31901105";"INCORPORADOS";"FOLHA DE PAGAMENTO";"3751.46";"2025";"L";"29/01/2025";"0";"01/01/2025";"31/01/2025";"6"
"UNIDADE DE GESTÃO DE NEG. JURÍDICOS E CIDADANIA";"4";"ADMINISTRAÇÃO";"122";"ADMINISTRAÇÃO GERAL";"2025";"2462";"";"0";"0";"100012604";"FOLHA DE PAGAMENTO";"45780103000150";"";"0";"PROPRIA";"31901105";"INCORPORADOS";"FOLHA DE PAGAMENTO";"7324.18";"2025";"L";"29/01/2025";"0";"01/01/2025";"31/01/2025";"6"
"UNIDADE DE GESTÃO DE NEG. JURÍDICOS E CIDADANIA";"4";"ADMINISTRAÇÃO";"122";"ADMINISTRAÇÃO GERAL";"2025";"2463";"";"0";"0";"100012604";"FOLHA DE PAGAMENTO";"45780103000150";"";"0";"PROPRIA";"31901107";"ABONO DE PERMANENCIA";"FOLHA DE PAGAMENTO";"12479.23";"2025";"L";"29/01/2025";"0";"01/01/2025";"31/01/2025";"6"
"UNIDADE DE GESTÃO DE NEG. JURÍDICOS E CIDADANIA";"4";"ADMINISTRAÇÃO";"122";"ADMINISTRAÇÃO GERAL";"2025";"2464";"";"0";"0";"100012604";"FOLHA DE PAGAMENTO";"45780103000150";"";"0";"PROPRIA";"31901131";"GRATIFICACOES POR EXERCICIO DE  CARGO";"FOLHA DE PAGAMENTO";"42237.59";"2025";"L";"29/01/2025";"0";"01/01/2025";"31/01/2025";"6"
"UNIDADE DE GESTÃO DE NEG. JURÍDICOS E CIDADANIA";"4";"ADMINISTRAÇÃO";"122";"ADMINISTRAÇÃO GERAL";"2025";"2465";"";"0";"0";"100012604";"FOLHA DE PAGAMENTO";"45780103000150";"";"0";"PROPRIA";"31901133";"GRATIFICACOES POR EXERCICIO DE  FUNCOES";"FOLHA DE PAGAMENTO";"8516.11";"2025";"L";"29/01/2025";"0";"01/01/2025";"31/01/2025";"6"
"UNIDADE DE GESTÃO DE NEG. JURÍDICOS E CIDADANIA";"4";"ADMINISTRAÇÃO";"122";"ADMINISTRAÇÃO GERAL";"2025";"2466";"";"0";"0";"100012604";"FOLHA DE PAGAMENTO";"45780103000150";"";"0";"PROPRIA";"31901137";"GRATIFICACOES POR TEMPO DE SERVICO";"FOLHA DE PAGAMENTO";"69604.63";"2025";"L";"29/01/2025";"0";"01/01/2025";"31/01/2025";"6"
"UNIDADE DE GESTÃO DE NEG. JURÍDICOS E CIDADANIA";"4";"ADMINISTRAÇÃO";"122";"ADMINISTRAÇÃO GERAL";"2025";"2467";"";"0";"0";"100012604";"FOLHA DE PAGAMENTO";"45780103000150";"";"0";"PROPRIA";"31901137";"GRATIFICACOES POR TEMPO DE SERVICO";"FOLHA DE PAGAMENTO";"23305.23";"2025";"L";"29/01/2025";"0";"01/01/2025";"31/01/2025";"6"
"UNIDADE DE GESTÃO DE NEG. JURÍDICOS E CIDADANIA";"4";"ADMINISTRAÇÃO";"122";"ADMINISTRAÇÃO GERAL";"2025";"2468";"";"0";"0";"100012604";"FOLHA DE PAGAMENTO";"45780103000150";"";"0";"PROPRIA";"31901175";"SUBSÍDIOS - AGENTES POLÍTICOS";"FOLHA DE PAGAMENTO";"24562.97";"2025";"L";"29/01/2025";"0";"01/01/2025";"31/01/2025";"6"
"UNIDADE DE GESTÃO DE NEG. JURÍDICOS E CIDADANIA";"4";"ADMINISTRAÇÃO";"122";"ADMINISTRAÇÃO GERAL";"2025";"2469";"";"0";"0";"4000055";"FUNDO DE GARANTIA POR TEMPO DE SERVICO";"00360305000104";"";"0";"PROPRIA";"31901301";"FGTS";"FOLHA DE PAGAMENTO";"6354.82";"2025";"L";"29/01/2025";"0";"01/01/2025";"31/01/2025";"6"
"UNIDADE DE GESTÃO DE NEG. JURÍDICOS E CIDADANIA";"4";"ADMINISTRAÇÃO";"122";"ADMINISTRAÇÃO GERAL";"2025";"2470";"";"0";"0";"4016168";"I.N.S.S -INST.NACIONAL DE SEGURO SOCIAL";"29979036000140";"";"0";"PROPRIA";"31901302";"CONTRIBUICOES PREVIDENCIARIAS - INSS";"FOLHA DE PAGAMENTO";"17888.04";"2025";"L";"29/01/2025";"0";"01/01/2025";"31/01/2025";"6"
"UNIDADE DE GESTÃO DE NEG. JURÍDICOS E CIDADANIA";"4";"ADMINISTRAÇÃO";"122";"ADMINISTRAÇÃO GERAL";"2025";"2471";"";"0";"0";"4016168";"I.N.S.S -INST.NACIONAL DE SEGURO SOCIAL";"29979036000140";"";"0";"PROPRIA";"31901302";"CONTRIBUICOES PREVIDENCIARIAS - INSS";"FOLHA DE PAGAMENTO";"5531.34";"2025";"L";"29/01/2025";"0";"01/01/2025";"31/01/2025";"6"
"UNIDADE DE GESTÃO DE NEG. JURÍDICOS E CIDADANIA";"4";"ADMINISTRAÇÃO";"122";"ADMINISTRAÇÃO GERAL";"2025";"2472";"";"0";"0";"4016168";"I.N.S.S -INST.NACIONAL DE SEGURO SOCIAL";"29979036000140";"";"0";"PROPRIA";"31901302";"CONTRIBUICOES PREVIDENCIARIAS - INSS";"FOLHA DE PAGAMENTO";"14661.89";"2025";"L";"29/01/2025";"0";"01/01/2025";"31/01/2025";"6"
"UNIDADE DE GESTÃO DE NEG. JURÍDICOS E CIDADANIA";"4";"ADMINISTRAÇÃO";"122";"ADMINISTRAÇÃO GERAL";"2025";"2473";"";"0";"0";"100004453";"IPREJUN-INST.PREVIDENCIA DO MUN.JUNDIAI";"05507216000161";"";"0";"PROPRIA";"31911308";"CONTRIBUIÇÕES PREVIDENCIÁRIAS - RPPS - PESSOAL ATI";"FOLHA DE PAGAMENTO";"118504.1";"2025";"L";"29/01/2025";"0";"01/01/2025";"31/01/2025";"6"
"UNIDADE DE GESTÃO DE NEG. JURÍDICOS E CIDADANIA";"4";"ADMINISTRAÇÃO";"122";"ADMINISTRAÇÃO GERAL";"2025";"2474";"";"0";"0";"100004453";"IPREJUN-INST.PREVIDENCIA DO MUN.JUNDIAI";"05507216000161";"";"0";"PROPRIA";"31911320";"ALÍQUOTA SUPLEMENTAR DE CONTRIBUIÇÃO PREVIDENCIÁRI";"FOLHA DE PAGAMENTO";"172091.56";"2025";"L";"29/01/2025";"0";"01/01/2025";"31/01/2025";"6"
"UNIDADE DE GESTÃO DE NEG. JURÍDICOS E CIDADANIA";"4";"ADMINISTRAÇÃO";"122";"ADMINISTRAÇÃO GERAL";"2025";"2475";"";"0";"0";"100012604";"FOLHA DE PAGAMENTO";"45780103000150";"";"0";"PROPRIA";"33904901";"INDENIZACAO AUXILIO TRANSPORTE";"FOLHA DE PAGAMENTO";"16302";"2025";"L";"29/01/2025";"0";"01/01/2025";"31/01/2025";"6"
"UNIDADE DE GESTÃO DE NEG. JURÍDICOS E CIDADANIA";"4";"ADMINISTRAÇÃO";"122";"ADMINISTRAÇÃO GERAL";"2025";"2476";"";"0";"0";"100012604";"FOLHA DE PAGAMENTO";"45780103000150";"";"0";"PROPRIA";"33904901";"INDENIZACAO AUXILIO TRANSPORTE";"FOLHA DE PAGAMENTO";"880";"2025";"L";"29/01/2025";"0";"01/01/2025";"31/01/2025";"6"
"UNIDADE DE GESTÃO DE NEG. JURÍDICOS E CIDADANIA";"4";"ADMINISTRAÇÃO";"122";"ADMINISTRAÇÃO GERAL";"2025";"2477";"";"0";"0";"100012604";"FOLHA DE PAGAMENTO";"45780103000150";"";"0";"PROPRIA";"33904901";"INDENIZACAO AUXILIO TRANSPORTE";"FOLHA DE PAGAMENTO";"3080";"2025";"L";"29/01/2025";"0";"01/01/2025";"31/01/2025";"6"
"UNIDADE DE GESTÃO DE NEG. JURÍDICOS E CIDADANIA";"4";"ADMINISTRAÇÃO";"422";"DIREITOS INDIVIDUAIS. COLETIVOS E DIFUSOS";"2025";"2478";"";"0";"0";"100012604";"FOLHA DE PAGAMENTO";"45780103000150";"";"0";"PROPRIA";"31901101";"VENCIMENTO E SALARIOS";"FOLHA DE PAGAMENTO";"30755.05";"2025";"L";"29/01/2025";"0";"01/01/2025";"31/01/2025";"6"
"UNIDADE DE GESTÃO DE NEG. JURÍDICOS E CIDADANIA";"4";"ADMINISTRAÇÃO";"422";"DIREITOS INDIVIDUAIS. COLETIVOS E DIFUSOS";"2025";"2479";"";"0";"0";"100012604";"FOLHA DE PAGAMENTO";"45780103000150";"";"0";"PROPRIA";"31901137";"GRATIFICACOES POR TEMPO DE SERVICO";"FOLHA DE PAGAMENTO";"2623.58";"2025";"L";"29/01/2025";"0";"01/01/2025";"31/01/2025";"6"
"UNIDADE DE GESTÃO DE NEG. JURÍDICOS E CIDADANIA";"4";"ADMINISTRAÇÃO";"422";"DIREITOS INDIVIDUAIS. COLETIVOS E DIFUSOS";"2025";"2480";"";"0";"0";"100004453";"IPREJUN-INST.PREVIDENCIA DO MUN.JUNDIAI";"05507216000161";"";"0";"PROPRIA";"31911308";"CONTRIBUIÇÕES PREVIDENCIÁRIAS - RPPS - PESSOAL ATI";"FOLHA DE PAGAMENTO";"7694.63";"2025";"L";"29/01/2025";"0";"01/01/2025";"31/01/2025";"6"
"UNIDADE DE GESTÃO DE NEG. JURÍDICOS E CIDADANIA";"4";"ADMINISTRAÇÃO";"422";"DIREITOS INDIVIDUAIS. COLETIVOS E DIFUSOS";"2025";"2481";"";"0";"0";"100004453";"IPREJUN-INST.PREVIDENCIA DO MUN.JUNDIAI";"05507216000161";"";"0";"PROPRIA";"31911320";"ALÍQUOTA SUPLEMENTAR DE CONTRIBUIÇÃO PREVIDENCIÁRI";"FOLHA DE PAGAMENTO";"11174.14";"2025";"L";"29/01/2025";"0";"01/01/2025";"31/01/2025";"6"
"UNIDADE DE GESTÃO DE NEG. JURÍDICOS E CIDADANIA";"4";"ADMINISTRAÇÃO";"422";"DIREITOS INDIVIDUAIS. COLETIVOS E DIFUSOS";"2025";"2482";"";"0";"0";"100012604";"FOLHA DE PAGAMENTO";"45780103000150";"";"0";"PROPRIA";"33904901";"INDENIZACAO AUXILIO TRANSPORTE";"FOLHA DE PAGAMENTO";"4708";"2025";"L";"29/01/2025";"0";"01/01/2025";"31/01/2025";"6"
"UNIDADE DE GESTÃO DE ADMINIST. E GESTÃO DE PESSOAS";"4";"ADMINISTRAÇÃO";"122";"ADMINISTRAÇÃO GERAL";"2025";"2483";"";"0";"0";"100012604";"FOLHA DE PAGAMENTO";"45780103000150";"";"0";"PROPRIA";"31901101";"VENCIMENTO E SALARIOS";"FOLHA DE PAGAMENTO";"59230.06";"2025";"L";"29/01/2025";"0";"01/01/2025";"31/01/2025";"7"
"UNIDADE DE GESTÃO DE ADMINIST. E GESTÃO DE PESSOAS";"4";"ADMINISTRAÇÃO";"122";"ADMINISTRAÇÃO GERAL";"2025";"2484";"";"0";"0";"100012604";"FOLHA DE PAGAMENTO";"45780103000150";"";"0";"PROPRIA";"31901101";"VENCIMENTO E SALARIOS";"FOLHA DE PAGAMENTO";"51675.03";"2025";"L";"29/01/2025";"0";"01/01/2025";"31/01/2025";"7"
"UNIDADE DE GESTÃO DE ADMINIST. E GESTÃO DE PESSOAS";"4";"ADMINISTRAÇÃO";"122";"ADMINISTRAÇÃO GERAL";"2025";"2485";"";"0";"0";"100012604";"FOLHA DE PAGAMENTO";"45780103000150";"";"0";"PROPRIA";"31901101";"VENCIMENTO E SALARIOS";"FOLHA DE PAGAMENTO";"552837.83";"2025";"L";"29/01/2025";"0";"01/01/2025";"31/01/2025";"7"
"UNIDADE DE GESTÃO DE ADMINIST. E GESTÃO DE PESSOAS";"4";"ADMINISTRAÇÃO";"122";"ADMINISTRAÇÃO GERAL";"2025";"2486";"";"0";"0";"100012604";"FOLHA DE PAGAMENTO";"45780103000150";"";"0";"PROPRIA";"31901105";"INCORPORADOS";"FOLHA DE PAGAMENTO";"1981.95";"2025";"L";"29/01/2025";"0";"01/01/2025";"31/01/2025";"7"
"UNIDADE DE GESTÃO DE ADMINIST. E GESTÃO DE PESSOAS";"4";"ADMINISTRAÇÃO";"122";"ADMINISTRAÇÃO GERAL";"2025";"2487";"";"0";"0";"100012604";"FOLHA DE PAGAMENTO";"45780103000150";"";"0";"PROPRIA";"31901107";"ABONO DE PERMANENCIA";"FOLHA DE PAGAMENTO";"14189.49";"2025";"L";"29/01/2025";"0";"01/01/2025";"31/01/2025";"7"
"UNIDADE DE GESTÃO DE ADMINIST. E GESTÃO DE PESSOAS";"4";"ADMINISTRAÇÃO";"122";"ADMINISTRAÇÃO GERAL";"2025";"2488";"";"0";"0";"100012604";"FOLHA DE PAGAMENTO";"45780103000150";"";"0";"PROPRIA";"31901109";"ADICIONAL DE PERICULOSIDADE";"FOLHA DE PAGAMENTO";"19874.42";"2025";"L";"29/01/2025";"0";"01/01/2025";"31/01/2025";"7"
"UNIDADE DE GESTÃO DE ADMINIST. E GESTÃO DE PESSOAS";"4";"ADMINISTRAÇÃO";"122";"ADMINISTRAÇÃO GERAL";"2025";"2489";"";"0";"0";"100012604";"FOLHA DE PAGAMENTO";"45780103000150";"";"0";"PROPRIA";"31901110";"ADICIONAL DE INSALUBRIDADE";"FOLHA DE PAGAMENTO";"4169.44";"2025";"L";"29/01/2025";"0";"01/01/2025";"31/01/2025";"7"
"UNIDADE DE GESTÃO DE ADMINIST. E GESTÃO DE PESSOAS";"4";"ADMINISTRAÇÃO";"122";"ADMINISTRAÇÃO GERAL";"2025";"2490";"";"0";"0";"100012604";"FOLHA DE PAGAMENTO";"45780103000150";"";"0";"PROPRIA";"31901131";"GRATIFICACOES POR EXERCICIO DE  CARGO";"FOLHA DE PAGAMENTO";"20564.04";"2025";"L";"29/01/2025";"0";"01/01/2025";"31/01/2025";"7"
"UNIDADE DE GESTÃO DE ADMINIST. E GESTÃO DE PESSOAS";"4";"ADMINISTRAÇÃO";"122";"ADMINISTRAÇÃO GERAL";"2025";"2491";"";"0";"0";"100012604";"FOLHA DE PAGAMENTO";"45780103000150";"";"0";"PROPRIA";"31901133";"GRATIFICACOES POR EXERCICIO DE  FUNCOES";"FOLHA DE PAGAMENTO";"70337.05";"2025";"L";"29/01/2025";"0";"01/01/2025";"31/01/2025";"7"
"UNIDADE DE GESTÃO DE ADMINIST. E GESTÃO DE PESSOAS";"4";"ADMINISTRAÇÃO";"122";"ADMINISTRAÇÃO GERAL";"2025";"2492";"";"0";"0";"100012604";"FOLHA DE PAGAMENTO";"45780103000150";"";"0";"PROPRIA";"31901137";"GRATIFICACOES POR TEMPO DE SERVICO";"FOLHA DE PAGAMENTO";"73563.44";"2025";"L";"29/01/2025";"0";"01/01/2025";"31/01/2025";"7"
"UNIDADE DE GESTÃO DE ADMINIST. E GESTÃO DE PESSOAS";"4";"ADMINISTRAÇÃO";"122";"ADMINISTRAÇÃO GERAL";"2025";"2493";"";"0";"0";"100012604";"FOLHA DE PAGAMENTO";"45780103000150";"";"0";"PROPRIA";"31901137";"GRATIFICACOES POR TEMPO DE SERVICO";"FOLHA DE PAGAMENTO";"30087.01";"2025";"L";"29/01/2025";"0";"01/01/2025";"31/01/2025";"7"
"UNIDADE DE GESTÃO DE ADMINIST. E GESTÃO DE PESSOAS";"4";"ADMINISTRAÇÃO";"122";"ADMINISTRAÇÃO GERAL";"2025";"2494";"";"0";"0";"100012604";"FOLHA DE PAGAMENTO";"45780103000150";"";"0";"PROPRIA";"31901144";"FÉRIAS - ABONO PECUNIARIO";"FOLHA DE PAGAMENTO";"522.07";"2025";"L";"29/01/2025";"0";"01/01/2025";"31/01/2025";"7"
"UNIDADE DE GESTÃO DE ADMINIST. E GESTÃO DE PESSOAS";"4";"ADMINISTRAÇÃO";"122";"ADMINISTRAÇÃO GERAL";"2025";"2495";"";"0";"0";"100012604";"FOLHA DE PAGAMENTO";"45780103000150";"";"0";"PROPRIA";"31901145";"FÉRIAS - ABONO CONSTITUICOES";"FOLHA DE PAGAMENTO";"1071.2";"2025";"L";"29/01/2025";"0";"01/01/2025";"31/01/2025";"7"
"UNIDADE DE GESTÃO DE ADMINIST. E GESTÃO DE PESSOAS";"4";"ADMINISTRAÇÃO";"122";"ADMINISTRAÇÃO GERAL";"2025";"2496";"";"0";"0";"4000055";"FUNDO DE GARANTIA POR TEMPO DE SERVICO";"00360305000104";"";"0";"PROPRIA";"31901301";"FGTS";"FOLHA DE PAGAMENTO";"10065.31";"2025";"L";"29/01/2025";"0";"01/01/2025";"31/01/2025";"7"
"UNIDADE DE GESTÃO DE ADMINIST. E GESTÃO DE PESSOAS";"4";"ADMINISTRAÇÃO";"122";"ADMINISTRAÇÃO GERAL";"2025";"2497";"";"0";"0";"4016168";"I.N.S.S -INST.NACIONAL DE SEGURO SOCIAL";"29979036000140";"";"0";"PROPRIA";"31901302";"CONTRIBUICOES PREVIDENCIARIAS - INSS";"FOLHA DE PAGAMENTO";"28332.62";"2025";"L";"29/01/2025";"0";"01/01/2025";"31/01/2025";"7"
"UNIDADE DE GESTÃO DE ADMINIST. E GESTÃO DE PESSOAS";"4";"ADMINISTRAÇÃO";"122";"ADMINISTRAÇÃO GERAL";"2025";"2498";"";"0";"0";"4016168";"I.N.S.S -INST.NACIONAL DE SEGURO SOCIAL";"29979036000140";"";"0";"PROPRIA";"31901302";"CONTRIBUICOES PREVIDENCIARIAS - INSS";"FOLHA DE PAGAMENTO";"13338.01";"2025";"L";"29/01/2025";"0";"01/01/2025";"31/01/2025";"7"
"UNIDADE DE GESTÃO DE ADMINIST. E GESTÃO DE PESSOAS";"4";"ADMINISTRAÇÃO";"122";"ADMINISTRAÇÃO GERAL";"2025";"2499";"";"0";"0";"100012604";"FOLHA DE PAGAMENTO";"45780103000150";"";"0";"PROPRIA";"31901632";"SUBSTITUIÇÕES  RPPS";"FOLHA DE PAGAMENTO";"51799.65";"2025";"L";"29/01/2025";"0";"01/01/2025";"31/01/2025";"7"
"UNIDADE DE GESTÃO DE ADMINIST. E GESTÃO DE PESSOAS";"4";"ADMINISTRAÇÃO";"122";"ADMINISTRAÇÃO GERAL";"2025";"2500";"";"0";"0";"100012604";"FOLHA DE PAGAMENTO";"45780103000150";"";"0";"PROPRIA";"31901644";"SERVIÇOS EXTRAORDINÁRIOS";"FOLHA DE PAGAMENTO";"5234.91";"2025";"L";"29/01/2025";"0";"01/01/2025";"31/01/2025";"7"
"UNIDADE DE GESTÃO DE ADMINIST. E GESTÃO DE PESSOAS";"4";"ADMINISTRAÇÃO";"122";"ADMINISTRAÇÃO GERAL";"2025";"2501";"";"0";"0";"100004453";"IPREJUN-INST.PREVIDENCIA DO MUN.JUNDIAI";"05507216000161";"";"0";"PROPRIA";"31911308";"CONTRIBUIÇÕES PREVIDENCIÁRIAS - RPPS - PESSOAL ATI";"FOLHA DE PAGAMENTO";"149493.44";"2025";"L";"29/01/2025";"0";"01/01/2025";"31/01/2025";"7"
"UNIDADE DE GESTÃO DE ADMINIST. E GESTÃO DE PESSOAS";"4";"ADMINISTRAÇÃO";"122";"ADMINISTRAÇÃO GERAL";"2025";"2502";"";"0";"0";"100004453";"IPREJUN-INST.PREVIDENCIA DO MUN.JUNDIAI";"05507216000161";"";"0";"PROPRIA";"31911320";"ALÍQUOTA SUPLEMENTAR DE CONTRIBUIÇÃO PREVIDENCIÁRI";"FOLHA DE PAGAMENTO";"217094.06";"2025";"L";"29/01/2025";"0";"01/01/2025";"31/01/2025";"7"
"UNIDADE DE GESTÃO DE ADMINIST. E GESTÃO DE PESSOAS";"4";"ADMINISTRAÇÃO";"122";"ADMINISTRAÇÃO GERAL";"2025";"2503";"";"0";"0";"100012604";"FOLHA DE PAGAMENTO";"45780103000150";"";"0";"PROPRIA";"33904901";"INDENIZACAO AUXILIO TRANSPORTE";"FOLHA DE PAGAMENTO";"2420";"2025";"L";"29/01/2025";"0";"01/01/2025";"31/01/2025";"7"
"UNIDADE DE GESTÃO DE ADMINIST. E GESTÃO DE PESSOAS";"4";"ADMINISTRAÇÃO";"122";"ADMINISTRAÇÃO GERAL";"2025";"2504";"";"0";"0";"100012604";"FOLHA DE PAGAMENTO";"45780103000150";"";"0";"PROPRIA";"33904901";"INDENIZACAO AUXILIO TRANSPORTE";"FOLHA DE PAGAMENTO";"56144";"2025";"L";"29/01/2025";"0";"01/01/2025";"31/01/2025";"7"
"UNIDADE DE GESTÃO DE ADMINIST. E GESTÃO DE PESSOAS";"4";"ADMINISTRAÇÃO";"122";"ADMINISTRAÇÃO GERAL";"2025";"2505";"";"0";"0";"100012604";"FOLHA DE PAGAMENTO";"45780103000150";"";"0";"PROPRIA";"33904901";"INDENIZACAO AUXILIO TRANSPORTE";"FOLHA DE PAGAMENTO";"2640";"2025";"L";"29/01/2025";"0";"01/01/2025";"31/01/2025";"7"
"UNIDADE DE GESTÃO DE ADMINIST. E GESTÃO DE PESSOAS";"9";"PREVIDÊNCIA SOCIAL";"271";"PREVIDÊNCIA BÁSICA";"2025";"2506";"";"0";"0";"100012604";"FOLHA DE PAGAMENTO";"45780103000150";"";"0";"PROPRIA";"31900101";"PROVENTOS - PESSOAL CIVIL";"FOLHA DE PAGAMENTO";"53865.95";"2025";"L";"29/01/2025";"0";"01/01/2025";"31/01/2025";"7"
"UNIDADE DE GESTÃO DE ADMINIST. E GESTÃO DE PESSOAS";"9";"PREVIDÊNCIA SOCIAL";"271";"PREVIDÊNCIA BÁSICA";"2025";"2507";"";"0";"0";"100012604";"FOLHA DE PAGAMENTO";"45780103000150";"";"0";"PROPRIA";"31900101";"PROVENTOS - PESSOAL CIVIL";"FOLHA DE PAGAMENTO";"277632.09";"2025";"L";"29/01/2025";"0";"01/01/2025";"31/01/2025";"7"
"UNIDADE DE GESTÃO DE ADMINIST. E GESTÃO DE PESSOAS";"9";"PREVIDÊNCIA SOCIAL";"271";"PREVIDÊNCIA BÁSICA";"2025";"2508";"";"0";"0";"100012604";"FOLHA DE PAGAMENTO";"45780103000150";"";"0";"PROPRIA";"31900101";"PROVENTOS - PESSOAL CIVIL";"FOLHA DE PAGAMENTO";"124848.5";"2025";"L";"29/01/2025";"0";"01/01/2025";"31/01/2025";"7"
"UNIDADE DE GESTÃO DE ADMINIST. E GESTÃO DE PESSOAS";"9";"PREVIDÊNCIA SOCIAL";"271";"PREVIDÊNCIA BÁSICA";"2025";"2509";"";"0";"0";"100012604";"FOLHA DE PAGAMENTO";"45780103000150";"";"0";"PROPRIA";"31900101";"PROVENTOS - PESSOAL CIVIL";"FOLHA DE PAGAMENTO";"3541.49";"2025";"L";"29/01/2025";"0";"01/01/2025";"31/01/2025";"7"
"UNIDADE DE GESTÃO DE ADMINIST. E GESTÃO DE PESSOAS";"9";"PREVIDÊNCIA SOCIAL";"271";"PREVIDÊNCIA BÁSICA";"2025";"2510";"";"0";"0";"100012604";"FOLHA DE PAGAMENTO";"45780103000150";"";"0";"PROPRIA";"31900106";"13 SALARIO - PESOAL CIVIL";"FOLHA DE PAGAMENTO";"1323.06";"2025";"L";"29/01/2025";"0";"01/01/2025";"31/01/2025";"7"
"UNIDADE DE GESTÃO DE ADMINIST. E GESTÃO DE PESSOAS";"9";"PREVIDÊNCIA SOCIAL";"271";"PREVIDÊNCIA BÁSICA";"2025";"2511";"";"0";"0";"100012604";"FOLHA DE PAGAMENTO";"45780103000150";"";"0";"PROPRIA";"31900151";"ADICIONAIS. VANTAGENS. GRATIFICAÇÕES E OUTROS COMP";"FOLHA DE PAGAMENTO";"1718.15";"2025";"L";"29/01/2025";"0";"01/01/2025";"31/01/2025";"7"
"UNIDADE DE GESTÃO DE ADMINIST. E GESTÃO DE PESSOAS";"9";"PREVIDÊNCIA SOCIAL";"271";"PREVIDÊNCIA BÁSICA";"2025";"2512";"";"0";"0";"100012604";"FOLHA DE PAGAMENTO";"45780103000150";"";"0";"PROPRIA";"31900151";"ADICIONAIS. VANTAGENS. GRATIFICAÇÕES E OUTROS COMP";"FOLHA DE PAGAMENTO";"7864.39";"2025";"L";"29/01/2025";"0";"01/01/2025";"31/01/2025";"7"
"UNIDADE DE GESTÃO DE ADMINIST. E GESTÃO DE PESSOAS";"9";"PREVIDÊNCIA SOCIAL";"271";"PREVIDÊNCIA BÁSICA";"2025";"2513";"";"0";"0";"100012604";"FOLHA DE PAGAMENTO";"45780103000150";"";"0";"PROPRIA";"31900151";"ADICIONAIS. VANTAGENS. GRATIFICAÇÕES E OUTROS COMP";"FOLHA DE PAGAMENTO";"97820.12";"2025";"L";"29/01/2025";"0";"01/01/2025";"31/01/2025";"7"
"UNIDADE DE GESTÃO DE ADMINIST. E GESTÃO DE PESSOAS";"9";"PREVIDÊNCIA SOCIAL";"271";"PREVIDÊNCIA BÁSICA";"2025";"2514";"";"0";"0";"100012604";"FOLHA DE PAGAMENTO";"45780103000150";"";"0";"PROPRIA";"31900151";"ADICIONAIS. VANTAGENS. GRATIFICAÇÕES E OUTROS COMP";"FOLHA DE PAGAMENTO";"131.47";"2025";"L";"29/01/2025";"0";"01/01/2025";"31/01/2025";"7"
"UNIDADE DE GESTÃO DE ADMINIST. E GESTÃO DE PESSOAS";"9";"PREVIDÊNCIA SOCIAL";"271";"PREVIDÊNCIA BÁSICA";"2025";"2515";"";"0";"0";"100012604";"FOLHA DE PAGAMENTO";"45780103000150";"";"0";"PROPRIA";"31900151";"ADICIONAIS. VANTAGENS. GRATIFICAÇÕES E OUTROS COMP";"FOLHA DE PAGAMENTO";"63781.64";"2025";"L";"29/01/2025";"0";"01/01/2025";"31/01/2025";"7"
"UNIDADE DE GESTÃO DE ADMINIST. E GESTÃO DE PESSOAS";"9";"PREVIDÊNCIA SOCIAL";"271";"PREVIDÊNCIA BÁSICA";"2025";"2516";"";"0";"0";"100012604";"FOLHA DE PAGAMENTO";"45780103000150";"";"0";"PROPRIA";"31900301";"PESSOAL CIVIL";"FOLHA DE PAGAMENTO";"5071.61";"2025";"L";"29/01/2025";"0";"01/01/2025";"31/01/2025";"7"
"UNIDADE DE GESTÃO DE ADMINIST. E GESTÃO DE PESSOAS";"9";"PREVIDÊNCIA SOCIAL";"271";"PREVIDÊNCIA BÁSICA";"2025";"2517";"";"0";"0";"100012604";"FOLHA DE PAGAMENTO";"45780103000150";"";"0";"PROPRIA";"31900301";"PESSOAL CIVIL";"FOLHA DE PAGAMENTO";"43356.95";"2025";"L";"29/01/2025";"0";"01/01/2025";"31/01/2025";"7"
"UNIDADE DE GESTÃO DE ADMINIST. E GESTÃO DE PESSOAS";"9";"PREVIDÊNCIA SOCIAL";"271";"PREVIDÊNCIA BÁSICA";"2025";"2518";"";"0";"0";"100012604";"FOLHA DE PAGAMENTO";"45780103000150";"";"0";"PROPRIA";"31900301";"PESSOAL CIVIL";"FOLHA DE PAGAMENTO";"68310.26";"2025";"L";"29/01/2025";"0";"01/01/2025";"31/01/2025";"7"
"UNIDADE DE GESTÃO DE ADMINIST. E GESTÃO DE PESSOAS";"9";"PREVIDÊNCIA SOCIAL";"271";"PREVIDÊNCIA BÁSICA";"2025";"2519";"";"0";"0";"100012604";"FOLHA DE PAGAMENTO";"45780103000150";"";"0";"PROPRIA";"31900351";"ADICIONAIS. VANTAGENS. GRATIFICAÇÕES E OUTROS COMP";"FOLHA DE PAGAMENTO";"145.82";"2025";"L";"29/01/2025";"0";"01/01/2025";"31/01/2025";"7"
"UNIDADE DE GESTÃO DE ADMINIST. E GESTÃO DE PESSOAS";"9";"PREVIDÊNCIA SOCIAL";"271";"PREVIDÊNCIA BÁSICA";"2025";"2520";"";"0";"0";"100012604";"FOLHA DE PAGAMENTO";"45780103000150";"";"0";"PROPRIA";"31900351";"ADICIONAIS. VANTAGENS. GRATIFICAÇÕES E OUTROS COMP";"FOLHA DE PAGAMENTO";"26150.67";"2025";"L";"29/01/2025";"0";"01/01/2025";"31/01/2025";"7"
"UNIDADE DE GESTÃO DE ADMINIST. E GESTÃO DE PESSOAS";"9";"PREVIDÊNCIA SOCIAL";"271";"PREVIDÊNCIA BÁSICA";"2025";"2521";"";"0";"0";"100012604";"FOLHA DE PAGAMENTO";"45780103000150";"";"0";"PROPRIA";"31900351";"ADICIONAIS. VANTAGENS. GRATIFICAÇÕES E OUTROS COMP";"FOLHA DE PAGAMENTO";"125.79";"2025";"L";"29/01/2025";"0";"01/01/2025";"31/01/2025";"7"
"UNIDADE DE GESTÃO DE ADMINIST. E GESTÃO DE PESSOAS";"9";"PREVIDÊNCIA SOCIAL";"271";"PREVIDÊNCIA BÁSICA";"2025";"2522";"";"0";"0";"100012604";"FOLHA DE PAGAMENTO";"45780103000150";"";"0";"PROPRIA";"31900101";"PROVENTOS - PESSOAL CIVIL";"FOLHA DE PAGAMENTO";"379613.8";"2025";"L";"29/01/2025";"0";"01/01/2025";"31/01/2025";"7"
"UNIDADE DE GESTÃO DE ADMINIST. E GESTÃO DE PESSOAS";"9";"PREVIDÊNCIA SOCIAL";"271";"PREVIDÊNCIA BÁSICA";"2025";"2523";"";"0";"0";"100012604";"FOLHA DE PAGAMENTO";"45780103000150";"";"0";"PROPRIA";"31900151";"ADICIONAIS. VANTAGENS. GRATIFICAÇÕES E OUTROS COMP";"FOLHA DE PAGAMENTO";"132177.92";"2025";"L";"29/01/2025";"0";"01/01/2025";"31/01/2025";"7"
"UNIDADE DE GESTÃO DE ADMINIST. E GESTÃO DE PESSOAS";"9";"PREVIDÊNCIA SOCIAL";"271";"PREVIDÊNCIA BÁSICA";"2025";"2524";"";"0";"0";"100012604";"FOLHA DE PAGAMENTO";"45780103000150";"";"0";"PROPRIA";"31900151";"ADICIONAIS. VANTAGENS. GRATIFICAÇÕES E OUTROS COMP";"FOLHA DE PAGAMENTO";"2860.14";"2025";"L";"29/01/2025";"0";"01/01/2025";"31/01/2025";"7"
"UNIDADE DE GESTÃO DE ADMINIST. E GESTÃO DE PESSOAS";"9";"PREVIDÊNCIA SOCIAL";"271";"PREVIDÊNCIA BÁSICA";"2025";"2525";"";"0";"0";"100012604";"FOLHA DE PAGAMENTO";"45780103000150";"";"0";"PROPRIA";"31900151";"ADICIONAIS. VANTAGENS. GRATIFICAÇÕES E OUTROS COMP";"FOLHA DE PAGAMENTO";"18294.9";"2025";"L";"29/01/2025";"0";"01/01/2025";"31/01/2025";"7"
"UNIDADE DE GESTÃO DE ADMINIST. E GESTÃO DE PESSOAS";"9";"PREVIDÊNCIA SOCIAL";"271";"PREVIDÊNCIA BÁSICA";"2025";"2526";"";"0";"0";"100012604";"FOLHA DE PAGAMENTO";"45780103000150";"";"0";"PROPRIA";"31900301";"PESSOAL CIVIL";"FOLHA DE PAGAMENTO";"136041.36";"2025";"L";"29/01/2025";"0";"01/01/2025";"31/01/2025";"7"
"UNIDADE DE GESTÃO DE ADMINIST. E GESTÃO DE PESSOAS";"9";"PREVIDÊNCIA SOCIAL";"271";"PREVIDÊNCIA BÁSICA";"2025";"2527";"";"0";"0";"100012604";"FOLHA DE PAGAMENTO";"45780103000150";"";"0";"PROPRIA";"31900351";"ADICIONAIS. VANTAGENS. GRATIFICAÇÕES E OUTROS COMP";"FOLHA DE PAGAMENTO";"3184.54";"2025";"L";"29/01/2025";"0";"01/01/2025";"31/01/2025";"7"
"UNIDADE DE GESTÃO DE ADMINIST. E GESTÃO DE PESSOAS";"9";"PREVIDÊNCIA SOCIAL";"271";"PREVIDÊNCIA BÁSICA";"2025";"2528";"";"0";"0";"100012604";"FOLHA DE PAGAMENTO";"45780103000150";"";"0";"PROPRIA";"31900351";"ADICIONAIS. VANTAGENS. GRATIFICAÇÕES E OUTROS COMP";"FOLHA DE PAGAMENTO";"64284.01";"2025";"L";"29/01/2025";"0";"01/01/2025";"31/01/2025";"7"
"UNIDADE DE GESTÃO DE ADMINIST. E GESTÃO DE PESSOAS";"17";"SANEAMENTO";"122";"ADMINISTRAÇÃO GERAL";"2025";"2529";"";"0";"0";"100012604";"FOLHA DE PAGAMENTO";"45780103000150";"";"902";"RESTITUIÇÕES DAE S/A";"31901101";"VENCIMENTO E SALARIOS";"FOLHA DE PAGAMENTO";"6507.71";"2025";"L";"30/01/2025";"0";"01/01/2025";"31/01/2025";"7"
"UNIDADE DE GESTÃO DE ADMINIST. E GESTÃO DE PESSOAS";"17";"SANEAMENTO";"122";"ADMINISTRAÇÃO GERAL";"2025";"2530";"";"0";"0";"100012604";"FOLHA DE PAGAMENTO";"45780103000150";"";"902";"RESTITUIÇÕES DAE S/A";"31901101";"VENCIMENTO E SALARIOS";"FOLHA DE PAGAMENTO";"525275.61";"2025";"L";"30/01/2025";"0";"01/01/2025";"31/01/2025";"7"
"UNIDADE DE GESTÃO DE ADMINIST. E GESTÃO DE PESSOAS";"17";"SANEAMENTO";"122";"ADMINISTRAÇÃO GERAL";"2025";"2531";"";"0";"0";"100012604";"FOLHA DE PAGAMENTO";"45780103000150";"";"902";"RESTITUIÇÕES DAE S/A";"31901107";"ABONO DE PERMANENCIA";"FOLHA DE PAGAMENTO";"32727.23";"2025";"L";"30/01/2025";"0";"01/01/2025";"31/01/2025";"7"
"UNIDADE DE GESTÃO DE ADMINIST. E GESTÃO DE PESSOAS";"17";"SANEAMENTO";"122";"ADMINISTRAÇÃO GERAL";"2025";"2532";"";"0";"0";"100012604";"FOLHA DE PAGAMENTO";"45780103000150";"";"902";"RESTITUIÇÕES DAE S/A";"31901109";"ADICIONAL DE PERICULOSIDADE";"FOLHA DE PAGAMENTO";"19128.06";"2025";"L";"30/01/2025";"0";"01/01/2025";"31/01/2025";"7"
"UNIDADE DE GESTÃO DE ADMINIST. E GESTÃO DE PESSOAS";"17";"SANEAMENTO";"122";"ADMINISTRAÇÃO GERAL";"2025";"2533";"";"0";"0";"100012604";"FOLHA DE PAGAMENTO";"45780103000150";"";"902";"RESTITUIÇÕES DAE S/A";"31901110";"ADICIONAL DE INSALUBRIDADE";"FOLHA DE PAGAMENTO";"17824.2";"2025";"L";"30/01/2025";"0";"01/01/2025";"31/01/2025";"7"
"UNIDADE DE GESTÃO DE ADMINIST. E GESTÃO DE PESSOAS";"17";"SANEAMENTO";"122";"ADMINISTRAÇÃO GERAL";"2025";"2534";"";"0";"0";"100012604";"FOLHA DE PAGAMENTO";"45780103000150";"";"902";"RESTITUIÇÕES DAE S/A";"31901137";"GRATIFICACOES POR TEMPO DE SERVICO";"FOLHA DE PAGAMENTO";"216033.3";"2025";"L";"30/01/2025";"0";"01/01/2025";"31/01/2025";"7"
"UNIDADE DE GESTÃO DE ADMINIST. E GESTÃO DE PESSOAS";"17";"SANEAMENTO";"122";"ADMINISTRAÇÃO GERAL";"2025";"2535";"";"0";"0";"100012604";"FOLHA DE PAGAMENTO";"45780103000150";"";"902";"RESTITUIÇÕES DAE S/A";"31901137";"GRATIFICACOES POR TEMPO DE SERVICO";"FOLHA DE PAGAMENTO";"1742.16";"2025";"L";"30/01/2025";"0";"01/01/2025";"31/01/2025";"7"
"UNIDADE DE GESTÃO DE ADMINIST. E GESTÃO DE PESSOAS";"17";"SANEAMENTO";"122";"ADMINISTRAÇÃO GERAL";"2025";"2536";"";"0";"0";"100012604";"FOLHA DE PAGAMENTO";"45780103000150";"";"902";"RESTITUIÇÕES DAE S/A";"31901145";"FÉRIAS - ABONO CONSTITUICOES";"FOLHA DE PAGAMENTO";"16.48";"2025";"L";"30/01/2025";"0";"01/01/2025";"31/01/2025";"7"
"UNIDADE DE GESTÃO DE ADMINIST. E GESTÃO DE PESSOAS";"17";"SANEAMENTO";"122";"ADMINISTRAÇÃO GERAL";"2025";"2537";"";"0";"0";"100012604";"FOLHA DE PAGAMENTO";"45780103000150";"";"902";"RESTITUIÇÕES DAE S/A";"31901147";"LICENÇA PRÊMIO";"FOLHA DE PAGAMENTO";"83915.65";"2025";"L";"30/01/2025";"0";"01/01/2025";"31/01/2025";"7"
"UNIDADE DE GESTÃO DE ADMINIST. E GESTÃO DE PESSOAS";"17";"SANEAMENTO";"122";"ADMINISTRAÇÃO GERAL";"2025";"2538";"";"0";"0";"4000055";"FUNDO DE GARANTIA POR TEMPO DE SERVICO";"00360305000104";"";"902";"RESTITUIÇÕES DAE S/A";"31901301";"FGTS";"FOLHA DE PAGAMENTO";"949.57";"2025";"L";"29/01/2025";"0";"01/01/2025";"31/01/2025";"7"
"UNIDADE DE GESTÃO DE ADMINIST. E GESTÃO DE PESSOAS";"17";"SANEAMENTO";"122";"ADMINISTRAÇÃO GERAL";"2025";"2539";"";"0";"0";"4016168";"I.N.S.S -INST.NACIONAL DE SEGURO SOCIAL";"29979036000140";"";"902";"RESTITUIÇÕES DAE S/A";"31901302";"CONTRIBUICOES PREVIDENCIARIAS - INSS";"FOLHA DE PAGAMENTO";"2672.93";"2025";"L";"29/01/2025";"0";"01/01/2025";"31/01/2025";"7"
"UNIDADE DE GESTÃO DE ADMINIST. E GESTÃO DE PESSOAS";"17";"SANEAMENTO";"122";"ADMINISTRAÇÃO GERAL";"2025";"2540";"";"0";"0";"100004453";"IPREJUN-INST.PREVIDENCIA DO MUN.JUNDIAI";"05507216000161";"";"902";"RESTITUIÇÕES DAE S/A";"31911308";"CONTRIBUIÇÕES PREVIDENCIÁRIAS - RPPS - PESSOAL ATI";"FOLHA DE PAGAMENTO";"166999.51";"2025";"L";"29/01/2025";"0";"01/01/2025";"31/01/2025";"7"
"UNIDADE DE GESTÃO DE ADMINIST. E GESTÃO DE PESSOAS";"17";"SANEAMENTO";"122";"ADMINISTRAÇÃO GERAL";"2025";"2541";"";"0";"0";"100004453";"IPREJUN-INST.PREVIDENCIA DO MUN.JUNDIAI";"05507216000161";"";"902";"RESTITUIÇÕES DAE S/A";"31911320";"ALÍQUOTA SUPLEMENTAR DE CONTRIBUIÇÃO PREVIDENCIÁRI";"FOLHA DE PAGAMENTO";"242516.63";"2025";"L";"29/01/2025";"0";"01/01/2025";"31/01/2025";"7"
"UNIDADE DE GESTÃO DE ADMINIST. E GESTÃO DE PESSOAS";"17";"SANEAMENTO";"122";"ADMINISTRAÇÃO GERAL";"2025";"2542";"";"0";"0";"100012604";"FOLHA DE PAGAMENTO";"45780103000150";"";"902";"RESTITUIÇÕES DAE S/A";"33904901";"INDENIZACAO AUXILIO TRANSPORTE";"FOLHA DE PAGAMENTO";"440";"2025";"L";"30/01/2025";"0";"01/01/2025";"31/01/2025";"7"
"UNIDADE DE GESTÃO DE ADMINIST. E GESTÃO DE PESSOAS";"17";"SANEAMENTO";"122";"ADMINISTRAÇÃO GERAL";"2025";"2543";"";"0";"0";"100012604";"FOLHA DE PAGAMENTO";"45780103000150";"";"902";"RESTITUIÇÕES DAE S/A";"33904901";"INDENIZACAO AUXILIO TRANSPORTE";"FOLHA DE PAGAMENTO";"37422";"2025";"L";"30/01/2025";"0";"01/01/2025";"31/01/2025";"7"
"UNIDADE DE GESTÃO DE ADMINIST. E GESTÃO DE PESSOAS";"4";"ADMINISTRAÇÃO";"122";"ADMINISTRAÇÃO GERAL";"2025";"2544";"";"0";"0";"100012604";"FOLHA DE PAGAMENTO";"45780103000150";"";"0";"PROPRIA";"31901101";"VENCIMENTO E SALARIOS";"FOLHA DE PAGAMENTO";"360889.17";"2025";"L";"29/01/2025";"0";"01/01/2025";"31/01/2025";"7"
"UNIDADE DE GESTÃO DE ADMINIST. E GESTÃO DE PESSOAS";"4";"ADMINISTRAÇÃO";"122";"ADMINISTRAÇÃO GERAL";"2025";"2545";"";"0";"0";"100012604";"FOLHA DE PAGAMENTO";"45780103000150";"";"0";"PROPRIA";"31901101";"VENCIMENTO E SALARIOS";"FOLHA DE PAGAMENTO";"35237.18";"2025";"L";"29/01/2025";"0";"01/01/2025";"31/01/2025";"7"
"UNIDADE DE GESTÃO DE ADMINIST. E GESTÃO DE PESSOAS";"4";"ADMINISTRAÇÃO";"122";"ADMINISTRAÇÃO GERAL";"2025";"2546";"";"0";"0";"100012604";"FOLHA DE PAGAMENTO";"45780103000150";"";"0";"PROPRIA";"31901104";"ADICIONAL NOTURNO";"FOLHA DE PAGAMENTO";"6714.43";"2025";"L";"29/01/2025";"0";"01/01/2025";"31/01/2025";"7"
"UNIDADE DE GESTÃO DE ADMINIST. E GESTÃO DE PESSOAS";"4";"ADMINISTRAÇÃO";"122";"ADMINISTRAÇÃO GERAL";"2025";"2547";"";"0";"0";"100012604";"FOLHA DE PAGAMENTO";"45780103000150";"";"0";"PROPRIA";"31901107";"ABONO DE PERMANENCIA";"FOLHA DE PAGAMENTO";"20883.77";"2025";"L";"29/01/2025";"0";"01/01/2025";"31/01/2025";"7"
"UNIDADE DE GESTÃO DE ADMINIST. E GESTÃO DE PESSOAS";"4";"ADMINISTRAÇÃO";"122";"ADMINISTRAÇÃO GERAL";"2025";"2548";"";"0";"0";"100012604";"FOLHA DE PAGAMENTO";"45780103000150";"";"0";"PROPRIA";"31901110";"ADICIONAL DE INSALUBRIDADE";"FOLHA DE PAGAMENTO";"303.6";"2025";"L";"29/01/2025";"0";"01/01/2025";"31/01/2025";"7"
"UNIDADE DE GESTÃO DE ADMINIST. E GESTÃO DE PESSOAS";"4";"ADMINISTRAÇÃO";"122";"ADMINISTRAÇÃO GERAL";"2025";"2549";"";"0";"0";"100012604";"FOLHA DE PAGAMENTO";"45780103000150";"";"0";"PROPRIA";"31901133";"GRATIFICACOES POR EXERCICIO DE  FUNCOES";"FOLHA DE PAGAMENTO";"17833.92";"2025";"L";"29/01/2025";"0";"01/01/2025";"31/01/2025";"7"
"UNIDADE DE GESTÃO DE ADMINIST. E GESTÃO DE PESSOAS";"4";"ADMINISTRAÇÃO";"122";"ADMINISTRAÇÃO GERAL";"2025";"2550";"";"0";"0";"100012604";"FOLHA DE PAGAMENTO";"45780103000150";"";"0";"PROPRIA";"31901137";"GRATIFICACOES POR TEMPO DE SERVICO";"FOLHA DE PAGAMENTO";"69483.94";"2025";"L";"29/01/2025";"0";"01/01/2025";"31/01/2025";"7"
"UNIDADE DE GESTÃO DE ADMINIST. E GESTÃO DE PESSOAS";"4";"ADMINISTRAÇÃO";"122";"ADMINISTRAÇÃO GERAL";"2025";"2551";"";"0";"0";"100012604";"FOLHA DE PAGAMENTO";"45780103000150";"";"0";"PROPRIA";"31901137";"GRATIFICACOES POR TEMPO DE SERVICO";"FOLHA DE PAGAMENTO";"16068.85";"2025";"L";"29/01/2025";"0";"01/01/2025";"31/01/2025";"7"
"UNIDADE DE GESTÃO DE ADMINIST. E GESTÃO DE PESSOAS";"4";"ADMINISTRAÇÃO";"122";"ADMINISTRAÇÃO GERAL";"2025";"2552";"";"0";"0";"4000055";"FUNDO DE GARANTIA POR TEMPO DE SERVICO";"00360305000104";"";"0";"PROPRIA";"31901301";"FGTS";"FOLHA DE PAGAMENTO";"6338.84";"2025";"L";"29/01/2025";"0";"01/01/2025";"31/01/2025";"7"
"UNIDADE DE GESTÃO DE ADMINIST. E GESTÃO DE PESSOAS";"4";"ADMINISTRAÇÃO";"122";"ADMINISTRAÇÃO GERAL";"2025";"2553";"";"0";"0";"4016168";"I.N.S.S -INST.NACIONAL DE SEGURO SOCIAL";"29979036000140";"";"0";"PROPRIA";"31901302";"CONTRIBUICOES PREVIDENCIARIAS - INSS";"FOLHA DE PAGAMENTO";"17843.15";"2025";"L";"29/01/2025";"0";"01/01/2025";"31/01/2025";"7"
"UNIDADE DE GESTÃO DE ADMINIST. E GESTÃO DE PESSOAS";"4";"ADMINISTRAÇÃO";"122";"ADMINISTRAÇÃO GERAL";"2025";"2554";"";"0";"0";"100012604";"FOLHA DE PAGAMENTO";"45780103000150";"";"0";"PROPRIA";"31901644";"SERVIÇOS EXTRAORDINÁRIOS";"FOLHA DE PAGAMENTO";"4173.4";"2025";"L";"29/01/2025";"0";"01/01/2025";"31/01/2025";"7"
"UNIDADE DE GESTÃO DE ADMINIST. E GESTÃO DE PESSOAS";"4";"ADMINISTRAÇÃO";"122";"ADMINISTRAÇÃO GERAL";"2025";"2555";"";"0";"0";"100004453";"IPREJUN-INST.PREVIDENCIA DO MUN.JUNDIAI";"05507216000161";"";"0";"PROPRIA";"31911308";"CONTRIBUIÇÕES PREVIDENCIÁRIAS - RPPS - PESSOAL ATI";"FOLHA DE PAGAMENTO";"103171.8";"2025";"L";"29/01/2025";"0";"01/01/2025";"31/01/2025";"7"
"UNIDADE DE GESTÃO DE ADMINIST. E GESTÃO DE PESSOAS";"4";"ADMINISTRAÇÃO";"122";"ADMINISTRAÇÃO GERAL";"2025";"2556";"";"0";"0";"100004453";"IPREJUN-INST.PREVIDENCIA DO MUN.JUNDIAI";"05507216000161";"";"0";"PROPRIA";"31911320";"ALÍQUOTA SUPLEMENTAR DE CONTRIBUIÇÃO PREVIDENCIÁRI";"FOLHA DE PAGAMENTO";"149825.77";"2025";"L";"29/01/2025";"0";"01/01/2025";"31/01/2025";"7"
"UNIDADE DE GESTÃO DE ADMINIST. E GESTÃO DE PESSOAS";"4";"ADMINISTRAÇÃO";"122";"ADMINISTRAÇÃO GERAL";"2025";"2557";"";"0";"0";"100012604";"FOLHA DE PAGAMENTO";"45780103000150";"";"0";"PROPRIA";"33904901";"INDENIZACAO AUXILIO TRANSPORTE";"FOLHA DE PAGAMENTO";"32692";"2025";"L";"29/01/2025";"0";"01/01/2025";"31/01/2025";"7"
"UNIDADE DE GESTÃO DE ADMINIST. E GESTÃO DE PESSOAS";"4";"ADMINISTRAÇÃO";"122";"ADMINISTRAÇÃO GERAL";"2025";"2558";"";"0";"0";"100012604";"FOLHA DE PAGAMENTO";"45780103000150";"";"0";"PROPRIA";"33904901";"INDENIZACAO AUXILIO TRANSPORTE";"FOLHA DE PAGAMENTO";"2200";"2025";"L";"29/01/2025";"0";"01/01/2025";"31/01/2025";"7"
"UNIDADE DE GESTÃO DE GOVERNO E FINANÇAS";"4";"ADMINISTRAÇÃO";"122";"ADMINISTRAÇÃO GERAL";"2025";"2559";"";"0";"0";"100049213";"BB-PREVIDENCIA FUNDO DE PENSAO";"00544659000109";"";"0";"PROPRIA";"31900711";"CONTRIBUIÇÃO PATRONAL A ENTIDADES FECHADAS DE PREV";"FOLHA DE PAGAMENTO";"949.32";"2025";"L";"30/01/2025";"0";"01/01/2025";"31/01/2025";"8"
"UNIDADE DE GESTÃO DE GOVERNO E FINANÇAS";"4";"ADMINISTRAÇÃO";"122";"ADMINISTRAÇÃO GERAL";"2025";"2560";"";"0";"0";"100012604";"FOLHA DE PAGAMENTO";"45780103000150";"";"0";"PROPRIA";"31901101";"VENCIMENTO E SALARIOS";"FOLHA DE PAGAMENTO";"63314.62";"2025";"L";"29/01/2025";"0";"01/01/2025";"31/01/2025";"8"
"UNIDADE DE GESTÃO DE GOVERNO E FINANÇAS";"4";"ADMINISTRAÇÃO";"122";"ADMINISTRAÇÃO GERAL";"2025";"2561";"";"0";"0";"100012604";"FOLHA DE PAGAMENTO";"45780103000150";"";"0";"PROPRIA";"31901101";"VENCIMENTO E SALARIOS";"FOLHA DE PAGAMENTO";"927374.91";"2025";"L";"29/01/2025";"0";"01/01/2025";"31/01/2025";"8"
"UNIDADE DE GESTÃO DE GOVERNO E FINANÇAS";"4";"ADMINISTRAÇÃO";"122";"ADMINISTRAÇÃO GERAL";"2025";"2562";"";"0";"0";"100012604";"FOLHA DE PAGAMENTO";"45780103000150";"";"0";"PROPRIA";"31901101";"VENCIMENTO E SALARIOS";"FOLHA DE PAGAMENTO";"91141.58";"2025";"L";"29/01/2025";"0";"01/01/2025";"31/01/2025";"8"
"UNIDADE DE GESTÃO DE GOVERNO E FINANÇAS";"4";"ADMINISTRAÇÃO";"122";"ADMINISTRAÇÃO GERAL";"2025";"2563";"";"0";"0";"100012604";"FOLHA DE PAGAMENTO";"45780103000150";"";"0";"PROPRIA";"31901104";"ADICIONAL NOTURNO";"FOLHA DE PAGAMENTO";"101.31";"2025";"L";"29/01/2025";"0";"01/01/2025";"31/01/2025";"8"
"UNIDADE DE GESTÃO DE GOVERNO E FINANÇAS";"4";"ADMINISTRAÇÃO";"122";"ADMINISTRAÇÃO GERAL";"2025";"2564";"";"0";"0";"100012604";"FOLHA DE PAGAMENTO";"45780103000150";"";"0";"PROPRIA";"31901105";"INCORPORADOS";"FOLHA DE PAGAMENTO";"10504.19";"2025";"L";"29/01/2025";"0";"01/01/2025";"31/01/2025";"8"
"UNIDADE DE GESTÃO DE GOVERNO E FINANÇAS";"4";"ADMINISTRAÇÃO";"122";"ADMINISTRAÇÃO GERAL";"2025";"2565";"";"0";"0";"100012604";"FOLHA DE PAGAMENTO";"45780103000150";"";"0";"PROPRIA";"31901105";"INCORPORADOS";"FOLHA DE PAGAMENTO";"11526.78";"2025";"L";"29/01/2025";"0";"01/01/2025";"31/01/2025";"8"
"UNIDADE DE GESTÃO DE GOVERNO E FINANÇAS";"4";"ADMINISTRAÇÃO";"122";"ADMINISTRAÇÃO GERAL";"2025";"2566";"";"0";"0";"100012604";"FOLHA DE PAGAMENTO";"45780103000150";"";"0";"PROPRIA";"31901107";"ABONO DE PERMANENCIA";"FOLHA DE PAGAMENTO";"24944.02";"2025";"L";"29/01/2025";"0";"01/01/2025";"31/01/2025";"8"
"UNIDADE DE GESTÃO DE GOVERNO E FINANÇAS";"4";"ADMINISTRAÇÃO";"122";"ADMINISTRAÇÃO GERAL";"2025";"2567";"";"0";"0";"100012604";"FOLHA DE PAGAMENTO";"45780103000150";"";"0";"PROPRIA";"31901109";"ADICIONAL DE PERICULOSIDADE";"FOLHA DE PAGAMENTO";"2535.89";"2025";"L";"29/01/2025";"0";"01/01/2025";"31/01/2025";"8"
"UNIDADE DE GESTÃO DE GOVERNO E FINANÇAS";"4";"ADMINISTRAÇÃO";"122";"ADMINISTRAÇÃO GERAL";"2025";"2568";"";"0";"0";"100012604";"FOLHA DE PAGAMENTO";"45780103000150";"";"0";"PROPRIA";"31901131";"GRATIFICACOES POR EXERCICIO DE  CARGO";"FOLHA DE PAGAMENTO";"12793.98";"2025";"L";"29/01/2025";"0";"01/01/2025";"31/01/2025";"8"
"UNIDADE DE GESTÃO DE GOVERNO E FINANÇAS";"4";"ADMINISTRAÇÃO";"122";"ADMINISTRAÇÃO GERAL";"2025";"2569";"";"0";"0";"100012604";"FOLHA DE PAGAMENTO";"45780103000150";"";"0";"PROPRIA";"31901133";"GRATIFICACOES POR EXERCICIO DE  FUNCOES";"FOLHA DE PAGAMENTO";"112108.94";"2025";"L";"29/01/2025";"0";"01/01/2025";"31/01/2025";"8"
"UNIDADE DE GESTÃO DE GOVERNO E FINANÇAS";"4";"ADMINISTRAÇÃO";"122";"ADMINISTRAÇÃO GERAL";"2025";"2570";"";"0";"0";"100012604";"FOLHA DE PAGAMENTO";"45780103000150";"";"0";"PROPRIA";"31901137";"GRATIFICACOES POR TEMPO DE SERVICO";"FOLHA DE PAGAMENTO";"36062.15";"2025";"L";"29/01/2025";"0";"01/01/2025";"31/01/2025";"8"
"UNIDADE DE GESTÃO DE GOVERNO E FINANÇAS";"4";"ADMINISTRAÇÃO";"122";"ADMINISTRAÇÃO GERAL";"2025";"2571";"";"0";"0";"100012604";"FOLHA DE PAGAMENTO";"45780103000150";"";"0";"PROPRIA";"31901137";"GRATIFICACOES POR TEMPO DE SERVICO";"FOLHA DE PAGAMENTO";"163133.02";"2025";"L";"29/01/2025";"0";"01/01/2025";"31/01/2025";"8"
"UNIDADE DE GESTÃO DE GOVERNO E FINANÇAS";"4";"ADMINISTRAÇÃO";"122";"ADMINISTRAÇÃO GERAL";"2025";"2572";"";"0";"0";"100012604";"FOLHA DE PAGAMENTO";"45780103000150";"";"0";"PROPRIA";"31901145";"FÉRIAS - ABONO CONSTITUICOES";"FOLHA DE PAGAMENTO";"740.28";"2025";"L";"29/01/2025";"0";"01/01/2025";"31/01/2025";"8"
"UNIDADE DE GESTÃO DE GOVERNO E FINANÇAS";"4";"ADMINISTRAÇÃO";"122";"ADMINISTRAÇÃO GERAL";"2025";"2573";"";"0";"0";"100012604";"FOLHA DE PAGAMENTO";"45780103000150";"";"0";"PROPRIA";"31901175";"SUBSÍDIOS - AGENTES POLÍTICOS";"FOLHA DE PAGAMENTO";"24562.97";"2025";"L";"29/01/2025";"0";"01/01/2025";"31/01/2025";"8"
"UNIDADE DE GESTÃO DE GOVERNO E FINANÇAS";"4";"ADMINISTRAÇÃO";"122";"ADMINISTRAÇÃO GERAL";"2025";"2574";"";"0";"0";"4000055";"FUNDO DE GARANTIA POR TEMPO DE SERVICO";"00360305000104";"";"0";"PROPRIA";"31901301";"FGTS";"FOLHA DE PAGAMENTO";"13867.04";"2025";"L";"29/01/2025";"0";"01/01/2025";"31/01/2025";"8"
"UNIDADE DE GESTÃO DE GOVERNO E FINANÇAS";"4";"ADMINISTRAÇÃO";"122";"ADMINISTRAÇÃO GERAL";"2025";"2575";"";"0";"0";"4016168";"I.N.S.S -INST.NACIONAL DE SEGURO SOCIAL";"29979036000140";"";"0";"PROPRIA";"31901302";"CONTRIBUICOES PREVIDENCIARIAS - INSS";"FOLHA DE PAGAMENTO";"20524.16";"2025";"L";"29/01/2025";"0";"01/01/2025";"31/01/2025";"8"
"UNIDADE DE GESTÃO DE GOVERNO E FINANÇAS";"4";"ADMINISTRAÇÃO";"122";"ADMINISTRAÇÃO GERAL";"2025";"2576";"";"0";"0";"4016168";"I.N.S.S -INST.NACIONAL DE SEGURO SOCIAL";"29979036000140";"";"0";"PROPRIA";"31901302";"CONTRIBUICOES PREVIDENCIARIAS - INSS";"FOLHA DE PAGAMENTO";"39034.09";"2025";"L";"29/01/2025";"0";"01/01/2025";"31/01/2025";"8"
"UNIDADE DE GESTÃO DE GOVERNO E FINANÇAS";"4";"ADMINISTRAÇÃO";"122";"ADMINISTRAÇÃO GERAL";"2025";"2577";"";"0";"0";"4016168";"I.N.S.S -INST.NACIONAL DE SEGURO SOCIAL";"29979036000140";"";"0";"PROPRIA";"31901302";"CONTRIBUICOES PREVIDENCIARIAS - INSS";"FOLHA DE PAGAMENTO";"5531.34";"2025";"L";"29/01/2025";"0";"01/01/2025";"31/01/2025";"8"
"UNIDADE DE GESTÃO DE GOVERNO E FINANÇAS";"4";"ADMINISTRAÇÃO";"122";"ADMINISTRAÇÃO GERAL";"2025";"2578";"";"0";"0";"100012604";"FOLHA DE PAGAMENTO";"45780103000150";"";"0";"PROPRIA";"31901632";"SUBSTITUIÇÕES  RPPS";"FOLHA DE PAGAMENTO";"4316.26";"2025";"L";"29/01/2025";"0";"01/01/2025";"31/01/2025";"8"
"UNIDADE DE GESTÃO DE GOVERNO E FINANÇAS";"4";"ADMINISTRAÇÃO";"122";"ADMINISTRAÇÃO GERAL";"2025";"2579";"";"0";"0";"100012604";"FOLHA DE PAGAMENTO";"45780103000150";"";"0";"PROPRIA";"31901644";"SERVIÇOS EXTRAORDINÁRIOS";"FOLHA DE PAGAMENTO";"46150.54";"2025";"L";"29/01/2025";"0";"01/01/2025";"31/01/2025";"8"
"UNIDADE DE GESTÃO DE GOVERNO E FINANÇAS";"4";"ADMINISTRAÇÃO";"122";"ADMINISTRAÇÃO GERAL";"2025";"2580";"";"0";"0";"100004453";"IPREJUN-INST.PREVIDENCIA DO MUN.JUNDIAI";"05507216000161";"";"0";"PROPRIA";"31911308";"CONTRIBUIÇÕES PREVIDENCIÁRIAS - RPPS - PESSOAL ATI";"FOLHA DE PAGAMENTO";"256751.28";"2025";"L";"29/01/2025";"0";"01/01/2025";"31/01/2025";"8"
"UNIDADE DE GESTÃO DE GOVERNO E FINANÇAS";"4";"ADMINISTRAÇÃO";"122";"ADMINISTRAÇÃO GERAL";"2025";"2581";"";"0";"0";"100004453";"IPREJUN-INST.PREVIDENCIA DO MUN.JUNDIAI";"05507216000161";"";"0";"PROPRIA";"31911320";"ALÍQUOTA SUPLEMENTAR DE CONTRIBUIÇÃO PREVIDENCIÁRI";"FOLHA DE PAGAMENTO";"372853.55";"2025";"L";"29/01/2025";"0";"01/01/2025";"31/01/2025";"8"
"UNIDADE DE GESTÃO DE GOVERNO E FINANÇAS";"4";"ADMINISTRAÇÃO";"122";"ADMINISTRAÇÃO GERAL";"2025";"2582";"";"0";"0";"100012604";"FOLHA DE PAGAMENTO";"45780103000150";"";"0";"PROPRIA";"33904899";"DEMAIS AUXÍLIOS FINANCEIROS A PESSOAS FÍSICAS";"FOLHA DE PAGAMENTO";"3796.87";"2025";"L";"29/01/2025";"0";"01/01/2025";"31/01/2025";"8"
"UNIDADE DE GESTÃO DE GOVERNO E FINANÇAS";"4";"ADMINISTRAÇÃO";"122";"ADMINISTRAÇÃO GERAL";"2025";"2583";"";"0";"0";"100012604";"FOLHA DE PAGAMENTO";"45780103000150";"";"0";"PROPRIA";"33904901";"INDENIZACAO AUXILIO TRANSPORTE";"FOLHA DE PAGAMENTO";"3630";"2025";"L";"29/01/2025";"0";"01/01/2025";"31/01/2025";"8"
"UNIDADE DE GESTÃO DE GOVERNO E FINANÇAS";"4";"ADMINISTRAÇÃO";"122";"ADMINISTRAÇÃO GERAL";"2025";"2584";"";"0";"0";"100012604";"FOLHA DE PAGAMENTO";"45780103000150";"";"0";"PROPRIA";"33904901";"INDENIZACAO AUXILIO TRANSPORTE";"FOLHA DE PAGAMENTO";"58542";"2025";"L";"29/01/2025";"0";"01/01/2025";"31/01/2025";"8"
"UNIDADE DE GESTÃO DE GOVERNO E FINANÇAS";"4";"ADMINISTRAÇÃO";"122";"ADMINISTRAÇÃO GERAL";"2025";"2585";"";"0";"0";"100012604";"FOLHA DE PAGAMENTO";"45780103000150";"";"0";"PROPRIA";"33904901";"INDENIZACAO AUXILIO TRANSPORTE";"FOLHA DE PAGAMENTO";"3102";"2025";"L";"29/01/2025";"0";"01/01/2025";"31/01/2025";"8"
"UNIDADE DE GESTÃO DE INFRAEST. E SERVIÇOS PÚBLICOS";"15";"URBANISMO";"122";"ADMINISTRAÇÃO GERAL";"2025";"2586";"";"0";"0";"100012604";"FOLHA DE PAGAMENTO";"45780103000150";"";"0";"PROPRIA";"31901101";"VENCIMENTO E SALARIOS";"FOLHA DE PAGAMENTO";"81915.49";"2025";"L";"29/01/2025";"0";"01/01/2025";"31/01/2025";"10"
"UNIDADE DE GESTÃO DE INFRAEST. E SERVIÇOS PÚBLICOS";"15";"URBANISMO";"122";"ADMINISTRAÇÃO GERAL";"2025";"2587";"";"0";"0";"100012604";"FOLHA DE PAGAMENTO";"45780103000150";"";"0";"PROPRIA";"31901101";"VENCIMENTO E SALARIOS";"FOLHA DE PAGAMENTO";"152398.19";"2025";"L";"29/01/2025";"0";"01/01/2025";"31/01/2025";"10"
"UNIDADE DE GESTÃO DE INFRAEST. E SERVIÇOS PÚBLICOS";"15";"URBANISMO";"122";"ADMINISTRAÇÃO GERAL";"2025";"2588";"";"0";"0";"100012604";"FOLHA DE PAGAMENTO";"45780103000150";"";"0";"PROPRIA";"31901101";"VENCIMENTO E SALARIOS";"FOLHA DE PAGAMENTO";"1278039";"2025";"L";"29/01/2025";"0";"01/01/2025";"31/01/2025";"10"
"UNIDADE DE GESTÃO DE INFRAEST. E SERVIÇOS PÚBLICOS";"15";"URBANISMO";"122";"ADMINISTRAÇÃO GERAL";"2025";"2589";"";"0";"0";"100012604";"FOLHA DE PAGAMENTO";"45780103000150";"";"0";"PROPRIA";"31901107";"ABONO DE PERMANENCIA";"FOLHA DE PAGAMENTO";"28236.46";"2025";"L";"29/01/2025";"0";"01/01/2025";"31/01/2025";"10"
"UNIDADE DE GESTÃO DE INFRAEST. E SERVIÇOS PÚBLICOS";"15";"URBANISMO";"122";"ADMINISTRAÇÃO GERAL";"2025";"2590";"";"0";"0";"100012604";"FOLHA DE PAGAMENTO";"45780103000150";"";"0";"PROPRIA";"31901109";"ADICIONAL DE PERICULOSIDADE";"FOLHA DE PAGAMENTO";"2098.3";"2025";"L";"29/01/2025";"0";"01/01/2025";"31/01/2025";"10"
"UNIDADE DE GESTÃO DE INFRAEST. E SERVIÇOS PÚBLICOS";"15";"URBANISMO";"122";"ADMINISTRAÇÃO GERAL";"2025";"2591";"";"0";"0";"100012604";"FOLHA DE PAGAMENTO";"45780103000150";"";"0";"PROPRIA";"31901109";"ADICIONAL DE PERICULOSIDADE";"FOLHA DE PAGAMENTO";"14058.28";"2025";"L";"29/01/2025";"0";"01/01/2025";"31/01/2025";"10"
"UNIDADE DE GESTÃO DE INFRAEST. E SERVIÇOS PÚBLICOS";"15";"URBANISMO";"122";"ADMINISTRAÇÃO GERAL";"2025";"2592";"";"0";"0";"100012604";"FOLHA DE PAGAMENTO";"45780103000150";"";"0";"PROPRIA";"31901110";"ADICIONAL DE INSALUBRIDADE";"FOLHA DE PAGAMENTO";"28072.79";"2025";"L";"29/01/2025";"0";"01/01/2025";"31/01/2025";"10"
"UNIDADE DE GESTÃO DE INFRAEST. E SERVIÇOS PÚBLICOS";"15";"URBANISMO";"122";"ADMINISTRAÇÃO GERAL";"2025";"2593";"";"0";"0";"100012604";"FOLHA DE PAGAMENTO";"45780103000150";"";"0";"PROPRIA";"31901110";"ADICIONAL DE INSALUBRIDADE";"FOLHA DE PAGAMENTO";"2428.8";"2025";"L";"29/01/2025";"0";"01/01/2025";"31/01/2025";"10"
"UNIDADE DE GESTÃO DE INFRAEST. E SERVIÇOS PÚBLICOS";"15";"URBANISMO";"122";"ADMINISTRAÇÃO GERAL";"2025";"2594";"";"0";"0";"100012604";"FOLHA DE PAGAMENTO";"45780103000150";"";"0";"PROPRIA";"31901133";"GRATIFICACOES POR EXERCICIO DE  FUNCOES";"FOLHA DE PAGAMENTO";"30690.3";"2025";"L";"29/01/2025";"0";"01/01/2025";"31/01/2025";"10"
"UNIDADE DE GESTÃO DE INFRAEST. E SERVIÇOS PÚBLICOS";"15";"URBANISMO";"122";"ADMINISTRAÇÃO GERAL";"2025";"2595";"";"0";"0";"100012604";"FOLHA DE PAGAMENTO";"45780103000150";"";"0";"PROPRIA";"31901137";"GRATIFICACOES POR TEMPO DE SERVICO";"FOLHA DE PAGAMENTO";"267598.02";"2025";"L";"29/01/2025";"0";"01/01/2025";"31/01/2025";"10"
"UNIDADE DE GESTÃO DE INFRAEST. E SERVIÇOS PÚBLICOS";"15";"URBANISMO";"122";"ADMINISTRAÇÃO GERAL";"2025";"2596";"";"0";"0";"100012604";"FOLHA DE PAGAMENTO";"45780103000150";"";"0";"PROPRIA";"31901137";"GRATIFICACOES POR TEMPO DE SERVICO";"FOLHA DE PAGAMENTO";"36089.26";"2025";"L";"29/01/2025";"0";"01/01/2025";"31/01/2025";"10"
"UNIDADE DE GESTÃO DE INFRAEST. E SERVIÇOS PÚBLICOS";"15";"URBANISMO";"122";"ADMINISTRAÇÃO GERAL";"2025";"2597";"";"0";"0";"100012604";"FOLHA DE PAGAMENTO";"45780103000150";"";"0";"PROPRIA";"31901144";"FÉRIAS - ABONO PECUNIARIO";"FOLHA DE PAGAMENTO";"34.43";"2025";"L";"29/01/2025";"0";"01/01/2025";"31/01/2025";"10"
"UNIDADE DE GESTÃO DE INFRAEST. E SERVIÇOS PÚBLICOS";"15";"URBANISMO";"122";"ADMINISTRAÇÃO GERAL";"2025";"2598";"";"0";"0";"100012604";"FOLHA DE PAGAMENTO";"45780103000150";"";"0";"PROPRIA";"31901145";"FÉRIAS - ABONO CONSTITUICOES";"FOLHA DE PAGAMENTO";"174.82";"2025";"L";"29/01/2025";"0";"01/01/2025";"31/01/2025";"10"
"UNIDADE DE GESTÃO DE INFRAEST. E SERVIÇOS PÚBLICOS";"15";"URBANISMO";"122";"ADMINISTRAÇÃO GERAL";"2025";"2599";"";"0";"0";"100012604";"FOLHA DE PAGAMENTO";"45780103000150";"";"0";"PROPRIA";"31901175";"SUBSÍDIOS - AGENTES POLÍTICOS";"FOLHA DE PAGAMENTO";"24562.97";"2025";"L";"29/01/2025";"0";"01/01/2025";"31/01/2025";"10"
"UNIDADE DE GESTÃO DE INFRAEST. E SERVIÇOS PÚBLICOS";"15";"URBANISMO";"122";"ADMINISTRAÇÃO GERAL";"2025";"2600";"";"0";"0";"4000055";"FUNDO DE GARANTIA POR TEMPO DE SERVICO";"00360305000104";"";"0";"PROPRIA";"31901301";"FGTS";"FOLHA DE PAGAMENTO";"16022.53";"2025";"L";"29/01/2025";"0";"01/01/2025";"31/01/2025";"10"
"UNIDADE DE GESTÃO DE INFRAEST. E SERVIÇOS PÚBLICOS";"15";"URBANISMO";"122";"ADMINISTRAÇÃO GERAL";"2025";"2601";"";"0";"0";"4016168";"I.N.S.S -INST.NACIONAL DE SEGURO SOCIAL";"29979036000140";"";"0";"PROPRIA";"31901302";"CONTRIBUICOES PREVIDENCIARIAS - INSS";"FOLHA DE PAGAMENTO";"5531.34";"2025";"L";"29/01/2025";"0";"01/01/2025";"31/01/2025";"10"
"UNIDADE DE GESTÃO DE INFRAEST. E SERVIÇOS PÚBLICOS";"15";"URBANISMO";"122";"ADMINISTRAÇÃO GERAL";"2025";"2602";"";"0";"0";"4016168";"I.N.S.S -INST.NACIONAL DE SEGURO SOCIAL";"29979036000140";"";"0";"PROPRIA";"31901302";"CONTRIBUICOES PREVIDENCIARIAS - INSS";"FOLHA DE PAGAMENTO";"48213.19";"2025";"L";"29/01/2025";"0";"01/01/2025";"31/01/2025";"10"
"UNIDADE DE GESTÃO DE INFRAEST. E SERVIÇOS PÚBLICOS";"15";"URBANISMO";"122";"ADMINISTRAÇÃO GERAL";"2025";"2603";"";"0";"0";"4016168";"I.N.S.S -INST.NACIONAL DE SEGURO SOCIAL";"29979036000140";"";"0";"PROPRIA";"31901302";"CONTRIBUICOES PREVIDENCIARIAS - INSS";"FOLHA DE PAGAMENTO";"34318.52";"2025";"L";"29/01/2025";"0";"01/01/2025";"31/01/2025";"10"
"UNIDADE DE GESTÃO DE INFRAEST. E SERVIÇOS PÚBLICOS";"15";"URBANISMO";"122";"ADMINISTRAÇÃO GERAL";"2025";"2604";"";"0";"0";"100012604";"FOLHA DE PAGAMENTO";"45780103000150";"";"0";"PROPRIA";"31901632";"SUBSTITUIÇÕES  RPPS";"FOLHA DE PAGAMENTO";"14303.37";"2025";"L";"29/01/2025";"0";"01/01/2025";"31/01/2025";"10"
"UNIDADE DE GESTÃO DE INFRAEST. E SERVIÇOS PÚBLICOS";"15";"URBANISMO";"122";"ADMINISTRAÇÃO GERAL";"2025";"2605";"";"0";"0";"100012604";"FOLHA DE PAGAMENTO";"45780103000150";"";"0";"PROPRIA";"31901644";"SERVIÇOS EXTRAORDINÁRIOS";"FOLHA DE PAGAMENTO";"170643.62";"2025";"L";"29/01/2025";"0";"01/01/2025";"31/01/2025";"10"
"UNIDADE DE GESTÃO DE INFRAEST. E SERVIÇOS PÚBLICOS";"15";"URBANISMO";"122";"ADMINISTRAÇÃO GERAL";"2025";"2606";"";"0";"0";"100012604";"FOLHA DE PAGAMENTO";"45780103000150";"";"0";"PROPRIA";"31901644";"SERVIÇOS EXTRAORDINÁRIOS";"FOLHA DE PAGAMENTO";"7054.28";"2025";"L";"29/01/2025";"0";"01/01/2025";"31/01/2025";"10"
"UNIDADE DE GESTÃO DE INFRAEST. E SERVIÇOS PÚBLICOS";"15";"URBANISMO";"122";"ADMINISTRAÇÃO GERAL";"2025";"2607";"";"0";"0";"100004453";"IPREJUN-INST.PREVIDENCIA DO MUN.JUNDIAI";"05507216000161";"";"0";"PROPRIA";"31911308";"CONTRIBUIÇÕES PREVIDENCIÁRIAS - RPPS - PESSOAL ATI";"FOLHA DE PAGAMENTO";"360597.3";"2025";"L";"29/01/2025";"0";"01/01/2025";"31/01/2025";"10"
"UNIDADE DE GESTÃO DE INFRAEST. E SERVIÇOS PÚBLICOS";"15";"URBANISMO";"122";"ADMINISTRAÇÃO GERAL";"2025";"2608";"";"0";"0";"100004453";"IPREJUN-INST.PREVIDENCIA DO MUN.JUNDIAI";"05507216000161";"";"0";"PROPRIA";"31911320";"ALÍQUOTA SUPLEMENTAR DE CONTRIBUIÇÃO PREVIDENCIÁRI";"FOLHA DE PAGAMENTO";"523658.65";"2025";"L";"29/01/2025";"0";"01/01/2025";"31/01/2025";"10"
"UNIDADE DE GESTÃO DE INFRAEST. E SERVIÇOS PÚBLICOS";"15";"URBANISMO";"122";"ADMINISTRAÇÃO GERAL";"2025";"2609";"";"0";"0";"100012604";"FOLHA DE PAGAMENTO";"45780103000150";"";"0";"PROPRIA";"33904901";"INDENIZACAO AUXILIO TRANSPORTE";"FOLHA DE PAGAMENTO";"5346";"2025";"L";"29/01/2025";"0";"01/01/2025";"31/01/2025";"10"
"UNIDADE DE GESTÃO DE INFRAEST. E SERVIÇOS PÚBLICOS";"15";"URBANISMO";"122";"ADMINISTRAÇÃO GERAL";"2025";"2610";"";"0";"0";"100012604";"FOLHA DE PAGAMENTO";"45780103000150";"";"0";"PROPRIA";"33904901";"INDENIZACAO AUXILIO TRANSPORTE";"FOLHA DE PAGAMENTO";"5478";"2025";"L";"29/01/2025";"0";"01/01/2025";"31/01/2025";"10"
"UNIDADE DE GESTÃO DE INFRAEST. E SERVIÇOS PÚBLICOS";"15";"URBANISMO";"122";"ADMINISTRAÇÃO GERAL";"2025";"2611";"";"0";"0";"100012604";"FOLHA DE PAGAMENTO";"45780103000150";"";"0";"PROPRIA";"33904901";"INDENIZACAO AUXILIO TRANSPORTE";"FOLHA DE PAGAMENTO";"102586";"2025";"L";"29/01/2025";"0";"01/01/2025";"31/01/2025";"10"
"UNIDADE GESTÃO DE PLANEJ. URBANO E MEIO AMBIENTE";"18";"GESTÃO AMBIENTAL";"122";"ADMINISTRAÇÃO GERAL";"2025";"2612";"";"0";"0";"100049213";"BB-PREVIDENCIA FUNDO DE PENSAO";"00544659000109";"";"0";"PROPRIA";"31900711";"CONTRIBUIÇÃO PATRONAL A ENTIDADES FECHADAS DE PREV";"FOLHA DE PAGAMENTO";"1053.74";"2025";"L";"30/01/2025";"0";"01/01/2025";"31/01/2025";"11"
"UNIDADE GESTÃO DE PLANEJ. URBANO E MEIO AMBIENTE";"18";"GESTÃO AMBIENTAL";"122";"ADMINISTRAÇÃO GERAL";"2025";"2613";"";"0";"0";"100012604";"FOLHA DE PAGAMENTO";"45780103000150";"";"0";"PROPRIA";"31901101";"VENCIMENTO E SALARIOS";"FOLHA DE PAGAMENTO";"9891.18";"2025";"L";"29/01/2025";"0";"01/01/2025";"31/01/2025";"11"
"UNIDADE GESTÃO DE PLANEJ. URBANO E MEIO AMBIENTE";"18";"GESTÃO AMBIENTAL";"122";"ADMINISTRAÇÃO GERAL";"2025";"2614";"";"0";"0";"100012604";"FOLHA DE PAGAMENTO";"45780103000150";"";"0";"PROPRIA";"31901101";"VENCIMENTO E SALARIOS";"FOLHA DE PAGAMENTO";"41538.59";"2025";"L";"29/01/2025";"0";"01/01/2025";"31/01/2025";"11"
"UNIDADE GESTÃO DE PLANEJ. URBANO E MEIO AMBIENTE";"18";"GESTÃO AMBIENTAL";"122";"ADMINISTRAÇÃO GERAL";"2025";"2615";"";"0";"0";"100012604";"FOLHA DE PAGAMENTO";"45780103000150";"";"0";"PROPRIA";"31901101";"VENCIMENTO E SALARIOS";"FOLHA DE PAGAMENTO";"634135.15";"2025";"L";"29/01/2025";"0";"01/01/2025";"31/01/2025";"11"
"UNIDADE GESTÃO DE PLANEJ. URBANO E MEIO AMBIENTE";"18";"GESTÃO AMBIENTAL";"122";"ADMINISTRAÇÃO GERAL";"2025";"2616";"";"0";"0";"100012604";"FOLHA DE PAGAMENTO";"45780103000150";"";"0";"PROPRIA";"31901107";"ABONO DE PERMANENCIA";"FOLHA DE PAGAMENTO";"5301.83";"2025";"L";"29/01/2025";"0";"01/01/2025";"31/01/2025";"11"
"UNIDADE GESTÃO DE PLANEJ. URBANO E MEIO AMBIENTE";"18";"GESTÃO AMBIENTAL";"122";"ADMINISTRAÇÃO GERAL";"2025";"2617";"";"0";"0";"100012604";"FOLHA DE PAGAMENTO";"45780103000150";"";"0";"PROPRIA";"31901109";"ADICIONAL DE PERICULOSIDADE";"FOLHA DE PAGAMENTO";"7666.66";"2025";"L";"29/01/2025";"0";"01/01/2025";"31/01/2025";"11"
"UNIDADE GESTÃO DE PLANEJ. URBANO E MEIO AMBIENTE";"18";"GESTÃO AMBIENTAL";"122";"ADMINISTRAÇÃO GERAL";"2025";"2618";"";"0";"0";"100012604";"FOLHA DE PAGAMENTO";"45780103000150";"";"0";"PROPRIA";"31901109";"ADICIONAL DE PERICULOSIDADE";"FOLHA DE PAGAMENTO";"15654.01";"2025";"L";"29/01/2025";"0";"01/01/2025";"31/01/2025";"11"
"UNIDADE GESTÃO DE PLANEJ. URBANO E MEIO AMBIENTE";"18";"GESTÃO AMBIENTAL";"122";"ADMINISTRAÇÃO GERAL";"2025";"2619";"";"0";"0";"100012604";"FOLHA DE PAGAMENTO";"45780103000150";"";"0";"PROPRIA";"31901110";"ADICIONAL DE INSALUBRIDADE";"FOLHA DE PAGAMENTO";"3107.16";"2025";"L";"29/01/2025";"0";"01/01/2025";"31/01/2025";"11"
"UNIDADE GESTÃO DE PLANEJ. URBANO E MEIO AMBIENTE";"18";"GESTÃO AMBIENTAL";"122";"ADMINISTRAÇÃO GERAL";"2025";"2620";"";"0";"0";"100012604";"FOLHA DE PAGAMENTO";"45780103000150";"";"0";"PROPRIA";"31901131";"GRATIFICACOES POR EXERCICIO DE  CARGO";"FOLHA DE PAGAMENTO";"15245.44";"2025";"L";"29/01/2025";"0";"01/01/2025";"31/01/2025";"11"
"UNIDADE GESTÃO DE PLANEJ. URBANO E MEIO AMBIENTE";"18";"GESTÃO AMBIENTAL";"122";"ADMINISTRAÇÃO GERAL";"2025";"2621";"";"0";"0";"100012604";"FOLHA DE PAGAMENTO";"45780103000150";"";"0";"PROPRIA";"31901133";"GRATIFICACOES POR EXERCICIO DE  FUNCOES";"FOLHA DE PAGAMENTO";"23915.43";"2025";"L";"29/01/2025";"0";"01/01/2025";"31/01/2025";"11"
"UNIDADE GESTÃO DE PLANEJ. URBANO E MEIO AMBIENTE";"18";"GESTÃO AMBIENTAL";"122";"ADMINISTRAÇÃO GERAL";"2025";"2622";"";"0";"0";"100012604";"FOLHA DE PAGAMENTO";"45780103000150";"";"0";"PROPRIA";"31901137";"GRATIFICACOES POR TEMPO DE SERVICO";"FOLHA DE PAGAMENTO";"18787.5";"2025";"L";"29/01/2025";"0";"01/01/2025";"31/01/2025";"11"
"UNIDADE GESTÃO DE PLANEJ. URBANO E MEIO AMBIENTE";"18";"GESTÃO AMBIENTAL";"122";"ADMINISTRAÇÃO GERAL";"2025";"2623";"";"0";"0";"100012604";"FOLHA DE PAGAMENTO";"45780103000150";"";"0";"PROPRIA";"31901137";"GRATIFICACOES POR TEMPO DE SERVICO";"FOLHA DE PAGAMENTO";"92543.3";"2025";"L";"29/01/2025";"0";"01/01/2025";"31/01/2025";"11"
"UNIDADE GESTÃO DE PLANEJ. URBANO E MEIO AMBIENTE";"18";"GESTÃO AMBIENTAL";"122";"ADMINISTRAÇÃO GERAL";"2025";"2624";"";"0";"0";"100012604";"FOLHA DE PAGAMENTO";"45780103000150";"";"0";"PROPRIA";"31901145";"FÉRIAS - ABONO CONSTITUICOES";"FOLHA DE PAGAMENTO";"442.93";"2025";"L";"29/01/2025";"0";"01/01/2025";"31/01/2025";"11"
"UNIDADE GESTÃO DE PLANEJ. URBANO E MEIO AMBIENTE";"18";"GESTÃO AMBIENTAL";"122";"ADMINISTRAÇÃO GERAL";"2025";"2625";"";"0";"0";"100012604";"FOLHA DE PAGAMENTO";"45780103000150";"";"0";"PROPRIA";"31901175";"SUBSÍDIOS - AGENTES POLÍTICOS";"FOLHA DE PAGAMENTO";"24562.97";"2025";"L";"29/01/2025";"0";"01/01/2025";"31/01/2025";"11"
"UNIDADE GESTÃO DE PLANEJ. URBANO E MEIO AMBIENTE";"18";"GESTÃO AMBIENTAL";"122";"ADMINISTRAÇÃO GERAL";"2025";"2626";"";"0";"0";"4000055";"FUNDO DE GARANTIA POR TEMPO DE SERVICO";"00360305000104";"";"0";"PROPRIA";"31901301";"FGTS";"FOLHA DE PAGAMENTO";"8038.06";"2025";"L";"29/01/2025";"0";"01/01/2025";"31/01/2025";"11"
"UNIDADE GESTÃO DE PLANEJ. URBANO E MEIO AMBIENTE";"18";"GESTÃO AMBIENTAL";"122";"ADMINISTRAÇÃO GERAL";"2025";"2627";"";"0";"0";"4016168";"I.N.S.S -INST.NACIONAL DE SEGURO SOCIAL";"29979036000140";"";"0";"PROPRIA";"31901302";"CONTRIBUICOES PREVIDENCIARIAS - INSS";"FOLHA DE PAGAMENTO";"2227.38";"2025";"L";"29/01/2025";"0";"01/01/2025";"31/01/2025";"11"
"UNIDADE GESTÃO DE PLANEJ. URBANO E MEIO AMBIENTE";"18";"GESTÃO AMBIENTAL";"122";"ADMINISTRAÇÃO GERAL";"2025";"2628";"";"0";"0";"4016168";"I.N.S.S -INST.NACIONAL DE SEGURO SOCIAL";"29979036000140";"";"0";"PROPRIA";"31901302";"CONTRIBUICOES PREVIDENCIARIAS - INSS";"FOLHA DE PAGAMENTO";"5531.34";"2025";"L";"29/01/2025";"0";"01/01/2025";"31/01/2025";"11"
"UNIDADE GESTÃO DE PLANEJ. URBANO E MEIO AMBIENTE";"18";"GESTÃO AMBIENTAL";"122";"ADMINISTRAÇÃO GERAL";"2025";"2629";"";"0";"0";"4016168";"I.N.S.S -INST.NACIONAL DE SEGURO SOCIAL";"29979036000140";"";"0";"PROPRIA";"31901302";"CONTRIBUICOES PREVIDENCIARIAS - INSS";"FOLHA DE PAGAMENTO";"22626.2";"2025";"L";"29/01/2025";"0";"01/01/2025";"31/01/2025";"11"
"UNIDADE GESTÃO DE PLANEJ. URBANO E MEIO AMBIENTE";"18";"GESTÃO AMBIENTAL";"122";"ADMINISTRAÇÃO GERAL";"2025";"2630";"";"0";"0";"100012604";"FOLHA DE PAGAMENTO";"45780103000150";"";"0";"PROPRIA";"31901632";"SUBSTITUIÇÕES  RPPS";"FOLHA DE PAGAMENTO";"10029.46";"2025";"L";"29/01/2025";"0";"01/01/2025";"31/01/2025";"11"
"UNIDADE GESTÃO DE PLANEJ. URBANO E MEIO AMBIENTE";"18";"GESTÃO AMBIENTAL";"122";"ADMINISTRAÇÃO GERAL";"2025";"2631";"";"0";"0";"100012604";"FOLHA DE PAGAMENTO";"45780103000150";"";"0";"PROPRIA";"31901644";"SERVIÇOS EXTRAORDINÁRIOS";"FOLHA DE PAGAMENTO";"4230.17";"2025";"L";"29/01/2025";"0";"01/01/2025";"31/01/2025";"11"
"UNIDADE GESTÃO DE PLANEJ. URBANO E MEIO AMBIENTE";"18";"GESTÃO AMBIENTAL";"122";"ADMINISTRAÇÃO GERAL";"2025";"2632";"";"0";"0";"100004453";"IPREJUN-INST.PREVIDENCIA DO MUN.JUNDIAI";"05507216000161";"";"0";"PROPRIA";"31911308";"CONTRIBUIÇÕES PREVIDENCIÁRIAS - RPPS - PESSOAL ATI";"FOLHA DE PAGAMENTO";"172811.63";"2025";"L";"29/01/2025";"0";"01/01/2025";"31/01/2025";"11"
"UNIDADE GESTÃO DE PLANEJ. URBANO E MEIO AMBIENTE";"18";"GESTÃO AMBIENTAL";"122";"ADMINISTRAÇÃO GERAL";"2025";"2633";"";"0";"0";"100004453";"IPREJUN-INST.PREVIDENCIA DO MUN.JUNDIAI";"05507216000161";"";"0";"PROPRIA";"31911320";"ALÍQUOTA SUPLEMENTAR DE CONTRIBUIÇÃO PREVIDENCIÁRI";"FOLHA DE PAGAMENTO";"250956.62";"2025";"L";"29/01/2025";"0";"01/01/2025";"31/01/2025";"11"
"UNIDADE GESTÃO DE PLANEJ. URBANO E MEIO AMBIENTE";"18";"GESTÃO AMBIENTAL";"122";"ADMINISTRAÇÃO GERAL";"2025";"2634";"";"0";"0";"100012604";"FOLHA DE PAGAMENTO";"45780103000150";"";"0";"PROPRIA";"33904901";"INDENIZACAO AUXILIO TRANSPORTE";"FOLHA DE PAGAMENTO";"38148";"2025";"L";"29/01/2025";"0";"01/01/2025";"31/01/2025";"11"
"UNIDADE GESTÃO DE PLANEJ. URBANO E MEIO AMBIENTE";"18";"GESTÃO AMBIENTAL";"122";"ADMINISTRAÇÃO GERAL";"2025";"2635";"";"0";"0";"100012604";"FOLHA DE PAGAMENTO";"45780103000150";"";"0";"PROPRIA";"33904901";"INDENIZACAO AUXILIO TRANSPORTE";"FOLHA DE PAGAMENTO";"660";"2025";"L";"29/01/2025";"0";"01/01/2025";"31/01/2025";"11"
"UNIDADE GESTÃO DE PLANEJ. URBANO E MEIO AMBIENTE";"18";"GESTÃO AMBIENTAL";"122";"ADMINISTRAÇÃO GERAL";"2025";"2636";"";"0";"0";"100012604";"FOLHA DE PAGAMENTO";"45780103000150";"";"0";"PROPRIA";"33904901";"INDENIZACAO AUXILIO TRANSPORTE";"FOLHA DE PAGAMENTO";"2200";"2025";"L";"29/01/2025";"0";"01/01/2025";"31/01/2025";"11"
"UNIDADE DE GESTÃO DE MOBILIDADE E TRANSPORTE";"15";"URBANISMO";"122";"ADMINISTRAÇÃO GERAL";"2025";"2637";"";"0";"0";"100012604";"FOLHA DE PAGAMENTO";"45780103000150";"";"0";"PROPRIA";"31901101";"VENCIMENTO E SALARIOS";"FOLHA DE PAGAMENTO";"47801.19";"2025";"L";"29/01/2025";"0";"01/01/2025";"31/01/2025";"12"
"UNIDADE DE GESTÃO DE MOBILIDADE E TRANSPORTE";"15";"URBANISMO";"122";"ADMINISTRAÇÃO GERAL";"2025";"2638";"";"0";"0";"100012604";"FOLHA DE PAGAMENTO";"45780103000150";"";"0";"PROPRIA";"31901101";"VENCIMENTO E SALARIOS";"FOLHA DE PAGAMENTO";"35410.24";"2025";"L";"29/01/2025";"0";"01/01/2025";"31/01/2025";"12"
"UNIDADE DE GESTÃO DE MOBILIDADE E TRANSPORTE";"15";"URBANISMO";"122";"ADMINISTRAÇÃO GERAL";"2025";"2639";"";"0";"0";"100012604";"FOLHA DE PAGAMENTO";"45780103000150";"";"0";"PROPRIA";"31901101";"VENCIMENTO E SALARIOS";"FOLHA DE PAGAMENTO";"1027937.48";"2025";"L";"29/01/2025";"0";"01/01/2025";"31/01/2025";"12"
"UNIDADE DE GESTÃO DE MOBILIDADE E TRANSPORTE";"15";"URBANISMO";"122";"ADMINISTRAÇÃO GERAL";"2025";"2640";"";"0";"0";"100012604";"FOLHA DE PAGAMENTO";"45780103000150";"";"0";"PROPRIA";"31901104";"ADICIONAL NOTURNO";"FOLHA DE PAGAMENTO";"21548.06";"2025";"L";"29/01/2025";"0";"01/01/2025";"31/01/2025";"12"
"UNIDADE DE GESTÃO DE MOBILIDADE E TRANSPORTE";"15";"URBANISMO";"122";"ADMINISTRAÇÃO GERAL";"2025";"2641";"";"0";"0";"100012604";"FOLHA DE PAGAMENTO";"45780103000150";"";"0";"PROPRIA";"31901107";"ABONO DE PERMANENCIA";"FOLHA DE PAGAMENTO";"28861.26";"2025";"L";"29/01/2025";"0";"01/01/2025";"31/01/2025";"12"
"UNIDADE DE GESTÃO DE MOBILIDADE E TRANSPORTE";"15";"URBANISMO";"122";"ADMINISTRAÇÃO GERAL";"2025";"2642";"";"0";"0";"100012604";"FOLHA DE PAGAMENTO";"45780103000150";"";"0";"PROPRIA";"31901109";"ADICIONAL DE PERICULOSIDADE";"FOLHA DE PAGAMENTO";"4406.43";"2025";"L";"29/01/2025";"0";"01/01/2025";"31/01/2025";"12"
"UNIDADE DE GESTÃO DE MOBILIDADE E TRANSPORTE";"15";"URBANISMO";"122";"ADMINISTRAÇÃO GERAL";"2025";"2643";"";"0";"0";"100012604";"FOLHA DE PAGAMENTO";"45780103000150";"";"0";"PROPRIA";"31901109";"ADICIONAL DE PERICULOSIDADE";"FOLHA DE PAGAMENTO";"58559.09";"2025";"L";"29/01/2025";"0";"01/01/2025";"31/01/2025";"12"
"UNIDADE DE GESTÃO DE MOBILIDADE E TRANSPORTE";"15";"URBANISMO";"122";"ADMINISTRAÇÃO GERAL";"2025";"2644";"";"0";"0";"100012604";"FOLHA DE PAGAMENTO";"45780103000150";"";"0";"PROPRIA";"31901110";"ADICIONAL DE INSALUBRIDADE";"FOLHA DE PAGAMENTO";"6618.48";"2025";"L";"29/01/2025";"0";"01/01/2025";"31/01/2025";"12"
"UNIDADE DE GESTÃO DE MOBILIDADE E TRANSPORTE";"15";"URBANISMO";"122";"ADMINISTRAÇÃO GERAL";"2025";"2645";"";"0";"0";"100012604";"FOLHA DE PAGAMENTO";"45780103000150";"";"0";"PROPRIA";"31901131";"GRATIFICACOES POR EXERCICIO DE  CARGO";"FOLHA DE PAGAMENTO";"12269.12";"2025";"L";"29/01/2025";"0";"01/01/2025";"31/01/2025";"12"
"UNIDADE DE GESTÃO DE MOBILIDADE E TRANSPORTE";"15";"URBANISMO";"122";"ADMINISTRAÇÃO GERAL";"2025";"2646";"";"0";"0";"100012604";"FOLHA DE PAGAMENTO";"45780103000150";"";"0";"PROPRIA";"31901133";"GRATIFICACOES POR EXERCICIO DE  FUNCOES";"FOLHA DE PAGAMENTO";"130969";"2025";"L";"29/01/2025";"0";"01/01/2025";"31/01/2025";"12"
"UNIDADE DE GESTÃO DE MOBILIDADE E TRANSPORTE";"15";"URBANISMO";"122";"ADMINISTRAÇÃO GERAL";"2025";"2647";"";"0";"0";"100012604";"FOLHA DE PAGAMENTO";"45780103000150";"";"0";"PROPRIA";"31901137";"GRATIFICACOES POR TEMPO DE SERVICO";"FOLHA DE PAGAMENTO";"214122.44";"2025";"L";"29/01/2025";"0";"01/01/2025";"31/01/2025";"12"
"UNIDADE DE GESTÃO DE MOBILIDADE E TRANSPORTE";"15";"URBANISMO";"122";"ADMINISTRAÇÃO GERAL";"2025";"2648";"";"0";"0";"100012604";"FOLHA DE PAGAMENTO";"45780103000150";"";"0";"PROPRIA";"31901137";"GRATIFICACOES POR TEMPO DE SERVICO";"FOLHA DE PAGAMENTO";"22814.98";"2025";"L";"29/01/2025";"0";"01/01/2025";"31/01/2025";"12"
"UNIDADE DE GESTÃO DE MOBILIDADE E TRANSPORTE";"15";"URBANISMO";"122";"ADMINISTRAÇÃO GERAL";"2025";"2649";"";"0";"0";"100012604";"FOLHA DE PAGAMENTO";"45780103000150";"";"0";"PROPRIA";"31901144";"FÉRIAS - ABONO PECUNIARIO";"FOLHA DE PAGAMENTO";"261.03";"2025";"L";"29/01/2025";"0";"01/01/2025";"31/01/2025";"12"
"UNIDADE DE GESTÃO DE MOBILIDADE E TRANSPORTE";"15";"URBANISMO";"122";"ADMINISTRAÇÃO GERAL";"2025";"2650";"";"0";"0";"100012604";"FOLHA DE PAGAMENTO";"45780103000150";"";"0";"PROPRIA";"31901145";"FÉRIAS - ABONO CONSTITUICOES";"FOLHA DE PAGAMENTO";"1307.41";"2025";"L";"29/01/2025";"0";"01/01/2025";"31/01/2025";"12"
"UNIDADE DE GESTÃO DE MOBILIDADE E TRANSPORTE";"15";"URBANISMO";"122";"ADMINISTRAÇÃO GERAL";"2025";"2651";"";"0";"0";"100012604";"FOLHA DE PAGAMENTO";"45780103000150";"";"0";"PROPRIA";"31901175";"SUBSÍDIOS - AGENTES POLÍTICOS";"FOLHA DE PAGAMENTO";"24562.97";"2025";"L";"29/01/2025";"0";"01/01/2025";"31/01/2025";"12"
"UNIDADE DE GESTÃO DE MOBILIDADE E TRANSPORTE";"15";"URBANISMO";"122";"ADMINISTRAÇÃO GERAL";"2025";"2652";"";"0";"0";"4000055";"FUNDO DE GARANTIA POR TEMPO DE SERVICO";"00360305000104";"";"0";"PROPRIA";"31901301";"FGTS";"FOLHA DE PAGAMENTO";"9753.61";"2025";"L";"29/01/2025";"0";"01/01/2025";"31/01/2025";"12"
"UNIDADE DE GESTÃO DE MOBILIDADE E TRANSPORTE";"15";"URBANISMO";"122";"ADMINISTRAÇÃO GERAL";"2025";"2653";"";"0";"0";"4016168";"I.N.S.S -INST.NACIONAL DE SEGURO SOCIAL";"29979036000140";"";"0";"PROPRIA";"31901302";"CONTRIBUICOES PREVIDENCIARIAS - INSS";"FOLHA DE PAGAMENTO";"5531.34";"2025";"L";"29/01/2025";"0";"01/01/2025";"31/01/2025";"12"
"UNIDADE DE GESTÃO DE MOBILIDADE E TRANSPORTE";"15";"URBANISMO";"122";"ADMINISTRAÇÃO GERAL";"2025";"2654";"";"0";"0";"4016168";"I.N.S.S -INST.NACIONAL DE SEGURO SOCIAL";"29979036000140";"";"0";"PROPRIA";"31901302";"CONTRIBUICOES PREVIDENCIARIAS - INSS";"FOLHA DE PAGAMENTO";"27455.32";"2025";"L";"29/01/2025";"0";"01/01/2025";"31/01/2025";"12"
"UNIDADE DE GESTÃO DE MOBILIDADE E TRANSPORTE";"15";"URBANISMO";"122";"ADMINISTRAÇÃO GERAL";"2025";"2655";"";"0";"0";"4016168";"I.N.S.S -INST.NACIONAL DE SEGURO SOCIAL";"29979036000140";"";"0";"PROPRIA";"31901302";"CONTRIBUICOES PREVIDENCIARIAS - INSS";"FOLHA DE PAGAMENTO";"7974.03";"2025";"L";"29/01/2025";"0";"01/01/2025";"31/01/2025";"12"
"UNIDADE DE GESTÃO DE MOBILIDADE E TRANSPORTE";"15";"URBANISMO";"122";"ADMINISTRAÇÃO GERAL";"2025";"2656";"";"0";"0";"100012604";"FOLHA DE PAGAMENTO";"45780103000150";"";"0";"PROPRIA";"31901632";"SUBSTITUIÇÕES  RPPS";"FOLHA DE PAGAMENTO";"10077.98";"2025";"L";"29/01/2025";"0";"01/01/2025";"31/01/2025";"12"
"UNIDADE DE GESTÃO DE MOBILIDADE E TRANSPORTE";"15";"URBANISMO";"122";"ADMINISTRAÇÃO GERAL";"2025";"2657";"";"0";"0";"100012604";"FOLHA DE PAGAMENTO";"45780103000150";"";"0";"PROPRIA";"31901644";"SERVIÇOS EXTRAORDINÁRIOS";"FOLHA DE PAGAMENTO";"393259.04";"2025";"L";"29/01/2025";"0";"01/01/2025";"31/01/2025";"12"
"UNIDADE DE GESTÃO DE MOBILIDADE E TRANSPORTE";"15";"URBANISMO";"122";"ADMINISTRAÇÃO GERAL";"2025";"2658";"";"0";"0";"100012604";"FOLHA DE PAGAMENTO";"45780103000150";"";"0";"PROPRIA";"31901644";"SERVIÇOS EXTRAORDINÁRIOS";"FOLHA DE PAGAMENTO";"8598.3";"2025";"L";"29/01/2025";"0";"01/01/2025";"31/01/2025";"12"
"UNIDADE DE GESTÃO DE MOBILIDADE E TRANSPORTE";"15";"URBANISMO";"122";"ADMINISTRAÇÃO GERAL";"2025";"2659";"";"0";"0";"100004453";"IPREJUN-INST.PREVIDENCIA DO MUN.JUNDIAI";"05507216000161";"";"0";"PROPRIA";"31911308";"CONTRIBUIÇÕES PREVIDENCIÁRIAS - RPPS - PESSOAL ATI";"FOLHA DE PAGAMENTO";"303900.32";"2025";"L";"29/01/2025";"0";"01/01/2025";"31/01/2025";"12"
"UNIDADE DE GESTÃO DE MOBILIDADE E TRANSPORTE";"15";"URBANISMO";"122";"ADMINISTRAÇÃO GERAL";"2025";"2660";"";"0";"0";"100004453";"IPREJUN-INST.PREVIDENCIA DO MUN.JUNDIAI";"05507216000161";"";"0";"PROPRIA";"31911320";"ALÍQUOTA SUPLEMENTAR DE CONTRIBUIÇÃO PREVIDENCIÁRI";"FOLHA DE PAGAMENTO";"441323.29";"2025";"L";"29/01/2025";"0";"01/01/2025";"31/01/2025";"12"
"UNIDADE DE GESTÃO DE MOBILIDADE E TRANSPORTE";"15";"URBANISMO";"122";"ADMINISTRAÇÃO GERAL";"2025";"2661";"";"0";"0";"100012604";"FOLHA DE PAGAMENTO";"45780103000150";"";"0";"PROPRIA";"33903645";"JETONS A CONSELHEIROS";"FOLHA DE PAGAMENTO";"7753.32";"2025";"L";"29/01/2025";"0";"01/01/2025";"31/01/2025";"12"
"UNIDADE DE GESTÃO DE MOBILIDADE E TRANSPORTE";"15";"URBANISMO";"122";"ADMINISTRAÇÃO GERAL";"2025";"2662";"";"0";"0";"100012604";"FOLHA DE PAGAMENTO";"45780103000150";"";"0";"PROPRIA";"33904901";"INDENIZACAO AUXILIO TRANSPORTE";"FOLHA DE PAGAMENTO";"1298";"2025";"L";"29/01/2025";"0";"01/01/2025";"31/01/2025";"12"
"UNIDADE DE GESTÃO DE MOBILIDADE E TRANSPORTE";"15";"URBANISMO";"122";"ADMINISTRAÇÃO GERAL";"2025";"2663";"";"0";"0";"100012604";"FOLHA DE PAGAMENTO";"45780103000150";"";"0";"PROPRIA";"33904901";"INDENIZACAO AUXILIO TRANSPORTE";"FOLHA DE PAGAMENTO";"3080";"2025";"L";"29/01/2025";"0";"01/01/2025";"31/01/2025";"12"
"UNIDADE DE GESTÃO DE MOBILIDADE E TRANSPORTE";"15";"URBANISMO";"122";"ADMINISTRAÇÃO GERAL";"2025";"2664";"";"0";"0";"100012604";"FOLHA DE PAGAMENTO";"45780103000150";"";"0";"PROPRIA";"33904901";"INDENIZACAO AUXILIO TRANSPORTE";"FOLHA DE PAGAMENTO";"83314";"2025";"L";"29/01/2025";"0";"01/01/2025";"31/01/2025";"12"
"UNIDADE DE GESTÃO DE EDUCAÇÃO";"12";"EDUCAÇÃO";"365";"EDUCAÇÃO INFANTIL";"2025";"2665";"";"0";"0";"100012604";"FOLHA DE PAGAMENTO";"45780103000150";"";"0";"PROPRIA";"31901101";"VENCIMENTO E SALARIOS";"FOLHA DE PAGAMENTO";"225910.69";"2025";"L";"29/01/2025";"0";"01/01/2025";"31/01/2025";"13"
"UNIDADE DE GESTÃO DE EDUCAÇÃO";"12";"EDUCAÇÃO";"365";"EDUCAÇÃO INFANTIL";"2025";"2666";"";"0";"0";"100012604";"FOLHA DE PAGAMENTO";"45780103000150";"";"0";"PROPRIA";"31901104";"ADICIONAL NOTURNO";"FOLHA DE PAGAMENTO";"84.51";"2025";"L";"29/01/2025";"0";"01/01/2025";"31/01/2025";"13"
"UNIDADE DE GESTÃO DE EDUCAÇÃO";"12";"EDUCAÇÃO";"365";"EDUCAÇÃO INFANTIL";"2025";"2667";"";"0";"0";"100012604";"FOLHA DE PAGAMENTO";"45780103000150";"";"0";"PROPRIA";"31901107";"ABONO DE PERMANENCIA";"FOLHA DE PAGAMENTO";"275.8";"2025";"L";"29/01/2025";"0";"01/01/2025";"31/01/2025";"13"
"UNIDADE DE GESTÃO DE EDUCAÇÃO";"12";"EDUCAÇÃO";"365";"EDUCAÇÃO INFANTIL";"2025";"2668";"";"0";"0";"100012604";"FOLHA DE PAGAMENTO";"45780103000150";"";"0";"PROPRIA";"31901137";"GRATIFICACOES POR TEMPO DE SERVICO";"FOLHA DE PAGAMENTO";"12220.04";"2025";"L";"29/01/2025";"0";"01/01/2025";"31/01/2025";"13"
"UNIDADE DE GESTÃO DE EDUCAÇÃO";"12";"EDUCAÇÃO";"365";"EDUCAÇÃO INFANTIL";"2025";"2669";"";"0";"0";"100004453";"IPREJUN-INST.PREVIDENCIA DO MUN.JUNDIAI";"05507216000161";"";"0";"PROPRIA";"31911308";"CONTRIBUIÇÕES PREVIDENCIÁRIAS - RPPS - PESSOAL ATI";"FOLHA DE PAGAMENTO";"62396.6";"2025";"L";"29/01/2025";"0";"01/01/2025";"31/01/2025";"13"
"UNIDADE DE GESTÃO DE EDUCAÇÃO";"12";"EDUCAÇÃO";"365";"EDUCAÇÃO INFANTIL";"2025";"2670";"";"0";"0";"100004453";"IPREJUN-INST.PREVIDENCIA DO MUN.JUNDIAI";"05507216000161";"";"0";"PROPRIA";"31911320";"ALÍQUOTA SUPLEMENTAR DE CONTRIBUIÇÃO PREVIDENCIÁRI";"FOLHA DE PAGAMENTO";"90612.15";"2025";"L";"29/01/2025";"0";"01/01/2025";"31/01/2025";"13"
"UNIDADE DE GESTÃO DE EDUCAÇÃO";"12";"EDUCAÇÃO";"365";"EDUCAÇÃO INFANTIL";"2025";"2671";"";"0";"0";"100012604";"FOLHA DE PAGAMENTO";"45780103000150";"";"0";"PROPRIA";"33904901";"INDENIZACAO AUXILIO TRANSPORTE";"FOLHA DE PAGAMENTO";"12210";"2025";"L";"29/01/2025";"0";"01/01/2025";"31/01/2025";"13"
"UNIDADE DE GESTÃO DE EDUCAÇÃO";"12";"EDUCAÇÃO";"365";"EDUCAÇÃO INFANTIL";"2025";"2672";"";"0";"0";"100012604";"FOLHA DE PAGAMENTO";"45780103000150";"";"0";"PROPRIA";"31901101";"VENCIMENTO E SALARIOS";"FOLHA DE PAGAMENTO";"138863.2";"2025";"L";"29/01/2025";"0";"01/01/2025";"31/01/2025";"13"
"UNIDADE DE GESTÃO DE EDUCAÇÃO";"12";"EDUCAÇÃO";"365";"EDUCAÇÃO INFANTIL";"2025";"2673";"";"0";"0";"100012604";"FOLHA DE PAGAMENTO";"45780103000150";"";"0";"PROPRIA";"31901107";"ABONO DE PERMANENCIA";"FOLHA DE PAGAMENTO";"275.8";"2025";"L";"29/01/2025";"0";"01/01/2025";"31/01/2025";"13"
"UNIDADE DE GESTÃO DE EDUCAÇÃO";"12";"EDUCAÇÃO";"365";"EDUCAÇÃO INFANTIL";"2025";"2674";"";"0";"0";"100012604";"FOLHA DE PAGAMENTO";"45780103000150";"";"0";"PROPRIA";"31901137";"GRATIFICACOES POR TEMPO DE SERVICO";"FOLHA DE PAGAMENTO";"10061.66";"2025";"L";"29/01/2025";"0";"01/01/2025";"31/01/2025";"13"
"UNIDADE DE GESTÃO DE EDUCAÇÃO";"12";"EDUCAÇÃO";"365";"EDUCAÇÃO INFANTIL";"2025";"2675";"";"0";"0";"100004453";"IPREJUN-INST.PREVIDENCIA DO MUN.JUNDIAI";"05507216000161";"";"0";"PROPRIA";"31911308";"CONTRIBUIÇÕES PREVIDENCIÁRIAS - RPPS - PESSOAL ATI";"FOLHA DE PAGAMENTO";"40010.68";"2025";"L";"29/01/2025";"0";"01/01/2025";"31/01/2025";"13"
"UNIDADE DE GESTÃO DE EDUCAÇÃO";"12";"EDUCAÇÃO";"365";"EDUCAÇÃO INFANTIL";"2025";"2676";"";"0";"0";"100004453";"IPREJUN-INST.PREVIDENCIA DO MUN.JUNDIAI";"05507216000161";"";"0";"PROPRIA";"31911320";"ALÍQUOTA SUPLEMENTAR DE CONTRIBUIÇÃO PREVIDENCIÁRI";"FOLHA DE PAGAMENTO";"58103.37";"2025";"L";"29/01/2025";"0";"01/01/2025";"31/01/2025";"13"
"UNIDADE DE GESTÃO DE EDUCAÇÃO";"12";"EDUCAÇÃO";"365";"EDUCAÇÃO INFANTIL";"2025";"2677";"";"0";"0";"100012604";"FOLHA DE PAGAMENTO";"45780103000150";"";"0";"PROPRIA";"33904901";"INDENIZACAO AUXILIO TRANSPORTE";"FOLHA DE PAGAMENTO";"7150";"2025";"L";"29/01/2025";"0";"01/01/2025";"31/01/2025";"13"
"UNIDADE DE GESTÃO DE EDUCAÇÃO";"12";"EDUCAÇÃO";"361";"ENSINO FUNDAMENTAL";"2025";"2678";"";"0";"0";"100012604";"FOLHA DE PAGAMENTO";"45780103000150";"";"0";"PROPRIA";"31901101";"VENCIMENTO E SALARIOS";"FOLHA DE PAGAMENTO";"489443.93";"2025";"L";"29/01/2025";"0";"01/01/2025";"31/01/2025";"13"
"UNIDADE DE GESTÃO DE EDUCAÇÃO";"12";"EDUCAÇÃO";"361";"ENSINO FUNDAMENTAL";"2025";"2679";"";"0";"0";"100012604";"FOLHA DE PAGAMENTO";"45780103000150";"";"0";"PROPRIA";"31901104";"ADICIONAL NOTURNO";"FOLHA DE PAGAMENTO";"230.41";"2025";"L";"29/01/2025";"0";"01/01/2025";"31/01/2025";"13"
"UNIDADE DE GESTÃO DE EDUCAÇÃO";"12";"EDUCAÇÃO";"361";"ENSINO FUNDAMENTAL";"2025";"2680";"";"0";"0";"100012604";"FOLHA DE PAGAMENTO";"45780103000150";"";"0";"PROPRIA";"31901107";"ABONO DE PERMANENCIA";"FOLHA DE PAGAMENTO";"1019.34";"2025";"L";"29/01/2025";"0";"01/01/2025";"31/01/2025";"13"
"UNIDADE DE GESTÃO DE EDUCAÇÃO";"12";"EDUCAÇÃO";"361";"ENSINO FUNDAMENTAL";"2025";"2681";"";"0";"0";"100012604";"FOLHA DE PAGAMENTO";"45780103000150";"";"0";"PROPRIA";"31901133";"GRATIFICACOES POR EXERCICIO DE  FUNCOES";"FOLHA DE PAGAMENTO";"1468.28";"2025";"L";"29/01/2025";"0";"01/01/2025";"31/01/2025";"13"
"UNIDADE DE GESTÃO DE EDUCAÇÃO";"12";"EDUCAÇÃO";"361";"ENSINO FUNDAMENTAL";"2025";"2682";"";"0";"0";"100012604";"FOLHA DE PAGAMENTO";"45780103000150";"";"0";"PROPRIA";"31901137";"GRATIFICACOES POR TEMPO DE SERVICO";"FOLHA DE PAGAMENTO";"42397.89";"2025";"L";"29/01/2025";"0";"01/01/2025";"31/01/2025";"13"
"UNIDADE DE GESTÃO DE EDUCAÇÃO";"12";"EDUCAÇÃO";"361";"ENSINO FUNDAMENTAL";"2025";"2683";"";"0";"0";"100012604";"FOLHA DE PAGAMENTO";"45780103000150";"";"0";"PROPRIA";"31901144";"FÉRIAS - ABONO PECUNIARIO";"FOLHA DE PAGAMENTO";"331.72";"2025";"L";"29/01/2025";"0";"01/01/2025";"31/01/2025";"13"
"UNIDADE DE GESTÃO DE EDUCAÇÃO";"12";"EDUCAÇÃO";"361";"ENSINO FUNDAMENTAL";"2025";"2684";"";"0";"0";"100012604";"FOLHA DE PAGAMENTO";"45780103000150";"";"0";"PROPRIA";"31901145";"FÉRIAS - ABONO CONSTITUICOES";"FOLHA DE PAGAMENTO";"157.57";"2025";"L";"29/01/2025";"0";"01/01/2025";"31/01/2025";"13"
"UNIDADE DE GESTÃO DE EDUCAÇÃO";"12";"EDUCAÇÃO";"361";"ENSINO FUNDAMENTAL";"2025";"2685";"";"0";"0";"100004453";"IPREJUN-INST.PREVIDENCIA DO MUN.JUNDIAI";"05507216000161";"";"0";"PROPRIA";"31911308";"CONTRIBUIÇÕES PREVIDENCIÁRIAS - RPPS - PESSOAL ATI";"FOLHA DE PAGAMENTO";"135433.38";"2025";"L";"29/01/2025";"0";"01/01/2025";"31/01/2025";"13"
"UNIDADE DE GESTÃO DE EDUCAÇÃO";"12";"EDUCAÇÃO";"361";"ENSINO FUNDAMENTAL";"2025";"2686";"";"0";"0";"100004453";"IPREJUN-INST.PREVIDENCIA DO MUN.JUNDIAI";"05507216000161";"";"0";"PROPRIA";"31911320";"ALÍQUOTA SUPLEMENTAR DE CONTRIBUIÇÃO PREVIDENCIÁRI";"FOLHA DE PAGAMENTO";"196675.97";"2025";"L";"29/01/2025";"0";"01/01/2025";"31/01/2025";"13"
"UNIDADE DE GESTÃO DE EDUCAÇÃO";"12";"EDUCAÇÃO";"361";"ENSINO FUNDAMENTAL";"2025";"2687";"";"0";"0";"100012604";"FOLHA DE PAGAMENTO";"45780103000150";"";"0";"PROPRIA";"33904901";"INDENIZACAO AUXILIO TRANSPORTE";"FOLHA DE PAGAMENTO";"26180";"2025";"L";"29/01/2025";"0";"01/01/2025";"31/01/2025";"13"
"UNIDADE DE GESTÃO DE EDUCAÇÃO";"12";"EDUCAÇÃO";"361";"ENSINO FUNDAMENTAL";"2025";"2688";"";"0";"0";"100012604";"FOLHA DE PAGAMENTO";"45780103000150";"";"0";"PROPRIA";"31901101";"VENCIMENTO E SALARIOS";"FOLHA DE PAGAMENTO";"109163.68";"2025";"L";"29/01/2025";"0";"01/01/2025";"31/01/2025";"13"
"UNIDADE DE GESTÃO DE EDUCAÇÃO";"12";"EDUCAÇÃO";"361";"ENSINO FUNDAMENTAL";"2025";"2689";"";"0";"0";"100012604";"FOLHA DE PAGAMENTO";"45780103000150";"";"0";"PROPRIA";"31901104";"ADICIONAL NOTURNO";"FOLHA DE PAGAMENTO";"1589.03";"2025";"L";"29/01/2025";"0";"01/01/2025";"31/01/2025";"13"
"UNIDADE DE GESTÃO DE EDUCAÇÃO";"12";"EDUCAÇÃO";"361";"ENSINO FUNDAMENTAL";"2025";"2690";"";"0";"0";"100012604";"FOLHA DE PAGAMENTO";"45780103000150";"";"0";"PROPRIA";"31901107";"ABONO DE PERMANENCIA";"FOLHA DE PAGAMENTO";"551.81";"2025";"L";"29/01/2025";"0";"01/01/2025";"31/01/2025";"13"
"UNIDADE DE GESTÃO DE EDUCAÇÃO";"12";"EDUCAÇÃO";"361";"ENSINO FUNDAMENTAL";"2025";"2691";"";"0";"0";"100012604";"FOLHA DE PAGAMENTO";"45780103000150";"";"0";"PROPRIA";"31901133";"GRATIFICACOES POR EXERCICIO DE  FUNCOES";"FOLHA DE PAGAMENTO";"4043.2";"2025";"L";"29/01/2025";"0";"01/01/2025";"31/01/2025";"13"
"UNIDADE DE GESTÃO DE EDUCAÇÃO";"12";"EDUCAÇÃO";"361";"ENSINO FUNDAMENTAL";"2025";"2692";"";"0";"0";"100012604";"FOLHA DE PAGAMENTO";"45780103000150";"";"0";"PROPRIA";"31901137";"GRATIFICACOES POR TEMPO DE SERVICO";"FOLHA DE PAGAMENTO";"9064.61";"2025";"L";"29/01/2025";"0";"01/01/2025";"31/01/2025";"13"
"UNIDADE DE GESTÃO DE EDUCAÇÃO";"12";"EDUCAÇÃO";"361";"ENSINO FUNDAMENTAL";"2025";"2693";"";"0";"0";"100004453";"IPREJUN-INST.PREVIDENCIA DO MUN.JUNDIAI";"05507216000161";"";"0";"PROPRIA";"31911308";"CONTRIBUIÇÕES PREVIDENCIÁRIAS - RPPS - PESSOAL ATI";"FOLHA DE PAGAMENTO";"35415.34";"2025";"L";"29/01/2025";"0";"01/01/2025";"31/01/2025";"13"
"UNIDADE DE GESTÃO DE EDUCAÇÃO";"12";"EDUCAÇÃO";"361";"ENSINO FUNDAMENTAL";"2025";"2694";"";"0";"0";"100004453";"IPREJUN-INST.PREVIDENCIA DO MUN.JUNDIAI";"05507216000161";"";"0";"PROPRIA";"31911320";"ALÍQUOTA SUPLEMENTAR DE CONTRIBUIÇÃO PREVIDENCIÁRI";"FOLHA DE PAGAMENTO";"51430.04";"2025";"L";"29/01/2025";"0";"01/01/2025";"31/01/2025";"13"
"UNIDADE DE GESTÃO DE EDUCAÇÃO";"12";"EDUCAÇÃO";"361";"ENSINO FUNDAMENTAL";"2025";"2695";"";"0";"0";"100012604";"FOLHA DE PAGAMENTO";"45780103000150";"";"0";"PROPRIA";"33904901";"INDENIZACAO AUXILIO TRANSPORTE";"FOLHA DE PAGAMENTO";"2904";"2025";"L";"29/01/2025";"0";"01/01/2025";"31/01/2025";"13"
"UNIDADE DE GESTÃO DE EDUCAÇÃO";"12";"EDUCAÇÃO";"361";"ENSINO FUNDAMENTAL";"2025";"2696";"";"0";"0";"100012604";"FOLHA DE PAGAMENTO";"45780103000150";"";"0";"PROPRIA";"31900411";"SALÁRIOS - CONTRATO TEMPORÁRIO";"FOLHA DE PAGAMENTO";"10628.94";"2025";"L";"29/01/2025";"0";"01/01/2025";"31/01/2025";"13"
"UNIDADE DE GESTÃO DE EDUCAÇÃO";"12";"EDUCAÇÃO";"361";"ENSINO FUNDAMENTAL";"2025";"2697";"";"0";"0";"100012604";"FOLHA DE PAGAMENTO";"45780103000150";"";"0";"PROPRIA";"31900411";"SALÁRIOS - CONTRATO TEMPORÁRIO";"FOLHA DE PAGAMENTO";"23915.14";"2025";"L";"29/01/2025";"0";"01/01/2025";"31/01/2025";"13"
"UNIDADE DE GESTÃO DE EDUCAÇÃO";"12";"EDUCAÇÃO";"361";"ENSINO FUNDAMENTAL";"2025";"2698";"";"0";"0";"4016168";"I.N.S.S -INST.NACIONAL DE SEGURO SOCIAL";"29979036000140";"";"0";"PROPRIA";"31900416";"OBRIGAÇÕES PATRONAIS - INSS - CONTRATO TEMPORÁRIO";"FOLHA DE PAGAMENTO";"9574.14";"2025";"L";"29/01/2025";"0";"01/01/2025";"31/01/2025";"13"
"UNIDADE DE GESTÃO DE EDUCAÇÃO";"12";"EDUCAÇÃO";"361";"ENSINO FUNDAMENTAL";"2025";"2699";"";"0";"0";"100012604";"FOLHA DE PAGAMENTO";"45780103000150";"";"0";"PROPRIA";"31901101";"VENCIMENTO E SALARIOS";"FOLHA DE PAGAMENTO";"1838756.85";"2025";"L";"29/01/2025";"0";"01/01/2025";"31/01/2025";"13"
"UNIDADE DE GESTÃO DE EDUCAÇÃO";"12";"EDUCAÇÃO";"361";"ENSINO FUNDAMENTAL";"2025";"2700";"";"0";"0";"100012604";"FOLHA DE PAGAMENTO";"45780103000150";"";"0";"PROPRIA";"31901104";"ADICIONAL NOTURNO";"FOLHA DE PAGAMENTO";"1557.17";"2025";"L";"29/01/2025";"0";"01/01/2025";"31/01/2025";"13"
"UNIDADE DE GESTÃO DE EDUCAÇÃO";"12";"EDUCAÇÃO";"361";"ENSINO FUNDAMENTAL";"2025";"2701";"";"0";"0";"100012604";"FOLHA DE PAGAMENTO";"45780103000150";"";"0";"PROPRIA";"31901107";"ABONO DE PERMANENCIA";"FOLHA DE PAGAMENTO";"14067.76";"2025";"L";"29/01/2025";"0";"01/01/2025";"31/01/2025";"13"
"UNIDADE DE GESTÃO DE EDUCAÇÃO";"12";"EDUCAÇÃO";"361";"ENSINO FUNDAMENTAL";"2025";"2702";"";"0";"0";"100012604";"FOLHA DE PAGAMENTO";"45780103000150";"";"0";"PROPRIA";"31901131";"GRATIFICACOES POR EXERCICIO DE  CARGO";"FOLHA DE PAGAMENTO";"11789.84";"2025";"L";"29/01/2025";"0";"01/01/2025";"31/01/2025";"13"
"UNIDADE DE GESTÃO DE EDUCAÇÃO";"12";"EDUCAÇÃO";"361";"ENSINO FUNDAMENTAL";"2025";"2703";"";"0";"0";"100012604";"FOLHA DE PAGAMENTO";"45780103000150";"";"0";"PROPRIA";"31901133";"GRATIFICACOES POR EXERCICIO DE  FUNCOES";"FOLHA DE PAGAMENTO";"102981.97";"2025";"L";"29/01/2025";"0";"01/01/2025";"31/01/2025";"13"
"UNIDADE DE GESTÃO DE EDUCAÇÃO";"12";"EDUCAÇÃO";"361";"ENSINO FUNDAMENTAL";"2025";"2704";"";"0";"0";"100012604";"FOLHA DE PAGAMENTO";"45780103000150";"";"0";"PROPRIA";"31901137";"GRATIFICACOES POR TEMPO DE SERVICO";"FOLHA DE PAGAMENTO";"145753.1";"2025";"L";"29/01/2025";"0";"01/01/2025";"31/01/2025";"13"
"UNIDADE DE GESTÃO DE EDUCAÇÃO";"12";"EDUCAÇÃO";"361";"ENSINO FUNDAMENTAL";"2025";"2705";"";"0";"0";"100012604";"FOLHA DE PAGAMENTO";"45780103000150";"";"0";"PROPRIA";"31901145";"FÉRIAS - ABONO CONSTITUICOES";"FOLHA DE PAGAMENTO";"135.97";"2025";"L";"29/01/2025";"0";"01/01/2025";"31/01/2025";"13"
"UNIDADE DE GESTÃO DE EDUCAÇÃO";"12";"EDUCAÇÃO";"361";"ENSINO FUNDAMENTAL";"2025";"2706";"";"0";"0";"100012604";"FOLHA DE PAGAMENTO";"45780103000150";"";"0";"PROPRIA";"31901151";"OUTROS ADICIONAIS. VANTAGENS. GRATIFICAÇÕES E OUTR";"FOLHA DE PAGAMENTO";"173205.86";"2025";"L";"29/01/2025";"0";"01/01/2025";"31/01/2025";"13"
"UNIDADE DE GESTÃO DE EDUCAÇÃO";"12";"EDUCAÇÃO";"361";"ENSINO FUNDAMENTAL";"2025";"2707";"";"0";"0";"100012604";"FOLHA DE PAGAMENTO";"45780103000150";"";"5203";"FUNDO MANUT.DES.ED.BÁSICA E VALOR.PROF.MAG.-FUNDEB";"31901101";"VENCIMENTO E SALARIOS";"FOLHA DE PAGAMENTO";"3870246.88";"2025";"L";"29/01/2025";"0";"01/01/2025";"31/01/2025";"13"
"UNIDADE DE GESTÃO DE EDUCAÇÃO";"12";"EDUCAÇÃO";"361";"ENSINO FUNDAMENTAL";"2025";"2708";"";"0";"0";"100012604";"FOLHA DE PAGAMENTO";"45780103000150";"";"5203";"FUNDO MANUT.DES.ED.BÁSICA E VALOR.PROF.MAG.-FUNDEB";"31901104";"ADICIONAL NOTURNO";"FOLHA DE PAGAMENTO";"118.11";"2025";"L";"29/01/2025";"0";"01/01/2025";"31/01/2025";"13"
"UNIDADE DE GESTÃO DE EDUCAÇÃO";"12";"EDUCAÇÃO";"361";"ENSINO FUNDAMENTAL";"2025";"2709";"";"0";"0";"100012604";"FOLHA DE PAGAMENTO";"45780103000150";"";"5203";"FUNDO MANUT.DES.ED.BÁSICA E VALOR.PROF.MAG.-FUNDEB";"31901107";"ABONO DE PERMANENCIA";"FOLHA DE PAGAMENTO";"19147.23";"2025";"L";"29/01/2025";"0";"01/01/2025";"31/01/2025";"13"
"UNIDADE DE GESTÃO DE EDUCAÇÃO";"12";"EDUCAÇÃO";"361";"ENSINO FUNDAMENTAL";"2025";"2710";"";"0";"0";"100012604";"FOLHA DE PAGAMENTO";"45780103000150";"";"5203";"FUNDO MANUT.DES.ED.BÁSICA E VALOR.PROF.MAG.-FUNDEB";"31901133";"GRATIFICACOES POR EXERCICIO DE  FUNCOES";"FOLHA DE PAGAMENTO";"108799.83";"2025";"L";"29/01/2025";"0";"01/01/2025";"31/01/2025";"13"
"UNIDADE DE GESTÃO DE EDUCAÇÃO";"12";"EDUCAÇÃO";"361";"ENSINO FUNDAMENTAL";"2025";"2711";"";"0";"0";"100012604";"FOLHA DE PAGAMENTO";"45780103000150";"";"5203";"FUNDO MANUT.DES.ED.BÁSICA E VALOR.PROF.MAG.-FUNDEB";"31901137";"GRATIFICACOES POR TEMPO DE SERVICO";"FOLHA DE PAGAMENTO";"270305.81";"2025";"L";"29/01/2025";"0";"01/01/2025";"31/01/2025";"13"
"UNIDADE DE GESTÃO DE EDUCAÇÃO";"12";"EDUCAÇÃO";"361";"ENSINO FUNDAMENTAL";"2025";"2712";"";"0";"0";"100012604";"FOLHA DE PAGAMENTO";"45780103000150";"";"5203";"FUNDO MANUT.DES.ED.BÁSICA E VALOR.PROF.MAG.-FUNDEB";"31901145";"FÉRIAS - ABONO CONSTITUICOES";"FOLHA DE PAGAMENTO";"28.67";"2025";"L";"29/01/2025";"0";"01/01/2025";"31/01/2025";"13"
"UNIDADE DE GESTÃO DE EDUCAÇÃO";"12";"EDUCAÇÃO";"361";"ENSINO FUNDAMENTAL";"2025";"2713";"";"0";"0";"100012604";"FOLHA DE PAGAMENTO";"45780103000150";"";"0";"PROPRIA";"31901644";"SERVIÇOS EXTRAORDINÁRIOS";"FOLHA DE PAGAMENTO";"1.9";"2025";"L";"29/01/2025";"0";"01/01/2025";"31/01/2025";"13"
"UNIDADE DE GESTÃO DE EDUCAÇÃO";"12";"EDUCAÇÃO";"361";"ENSINO FUNDAMENTAL";"2025";"2714";"";"0";"0";"100004453";"IPREJUN-INST.PREVIDENCIA DO MUN.JUNDIAI";"05507216000161";"";"0";"PROPRIA";"31911308";"CONTRIBUIÇÕES PREVIDENCIÁRIAS - RPPS - PESSOAL ATI";"FOLHA DE PAGAMENTO";"592989.85";"2025";"L";"29/01/2025";"0";"01/01/2025";"31/01/2025";"13"
"UNIDADE DE GESTÃO DE EDUCAÇÃO";"12";"EDUCAÇÃO";"361";"ENSINO FUNDAMENTAL";"2025";"2715";"";"0";"0";"100004453";"IPREJUN-INST.PREVIDENCIA DO MUN.JUNDIAI";"05507216000161";"";"0";"PROPRIA";"31911320";"ALÍQUOTA SUPLEMENTAR DE CONTRIBUIÇÃO PREVIDENCIÁRI";"FOLHA DE PAGAMENTO";"861138.39";"2025";"L";"29/01/2025";"0";"01/01/2025";"31/01/2025";"13"
"UNIDADE DE GESTÃO DE EDUCAÇÃO";"12";"EDUCAÇÃO";"361";"ENSINO FUNDAMENTAL";"2025";"2716";"";"0";"0";"100004453";"IPREJUN-INST.PREVIDENCIA DO MUN.JUNDIAI";"05507216000161";"";"5203";"FUNDO MANUT.DES.ED.BÁSICA E VALOR.PROF.MAG.-FUNDEB";"31911308";"CONTRIBUIÇÕES PREVIDENCIÁRIAS - RPPS - PESSOAL ATI";"FOLHA DE PAGAMENTO";"1178671.93";"2025";"L";"29/01/2025";"0";"01/01/2025";"31/01/2025";"13"
"UNIDADE DE GESTÃO DE EDUCAÇÃO";"12";"EDUCAÇÃO";"361";"ENSINO FUNDAMENTAL";"2025";"2717";"";"0";"0";"100004453";"IPREJUN-INST.PREVIDENCIA DO MUN.JUNDIAI";"05507216000161";"";"5203";"FUNDO MANUT.DES.ED.BÁSICA E VALOR.PROF.MAG.-FUNDEB";"31911320";"ALÍQUOTA SUPLEMENTAR DE CONTRIBUIÇÃO PREVIDENCIÁRI";"FOLHA DE PAGAMENTO";"1711664.28";"2025";"L";"29/01/2025";"0";"01/01/2025";"31/01/2025";"13"
"UNIDADE DE GESTÃO DE EDUCAÇÃO";"12";"EDUCAÇÃO";"361";"ENSINO FUNDAMENTAL";"2025";"2718";"";"0";"0";"100012604";"FOLHA DE PAGAMENTO";"45780103000150";"";"0";"PROPRIA";"33904901";"INDENIZACAO AUXILIO TRANSPORTE";"FOLHA DE PAGAMENTO";"2640";"2025";"L";"29/01/2025";"0";"01/01/2025";"31/01/2025";"13"
"UNIDADE DE GESTÃO DE EDUCAÇÃO";"12";"EDUCAÇÃO";"361";"ENSINO FUNDAMENTAL";"2025";"2719";"";"0";"0";"100012604";"FOLHA DE PAGAMENTO";"45780103000150";"";"0";"PROPRIA";"33904901";"INDENIZACAO AUXILIO TRANSPORTE";"FOLHA DE PAGAMENTO";"72512";"2025";"L";"29/01/2025";"0";"01/01/2025";"31/01/2025";"13"
"UNIDADE DE GESTÃO DE EDUCAÇÃO";"12";"EDUCAÇÃO";"361";"ENSINO FUNDAMENTAL";"2025";"2720";"";"0";"0";"100012604";"FOLHA DE PAGAMENTO";"45780103000150";"";"5203";"FUNDO MANUT.DES.ED.BÁSICA E VALOR.PROF.MAG.-FUNDEB";"33904901";"INDENIZACAO AUXILIO TRANSPORTE";"FOLHA DE PAGAMENTO";"95194";"2025";"L";"29/01/2025";"0";"01/01/2025";"31/01/2025";"13"
"UNIDADE DE GESTÃO DE EDUCAÇÃO";"12";"EDUCAÇÃO";"365";"EDUCAÇÃO INFANTIL";"2025";"2721";"";"0";"0";"100012604";"FOLHA DE PAGAMENTO";"45780103000150";"";"0";"PROPRIA";"31900411";"SALÁRIOS - CONTRATO TEMPORÁRIO";"FOLHA DE PAGAMENTO";"4318.01";"2025";"L";"29/01/2025";"0";"01/01/2025";"31/01/2025";"13"
"UNIDADE DE GESTÃO DE EDUCAÇÃO";"12";"EDUCAÇÃO";"365";"EDUCAÇÃO INFANTIL";"2025";"2722";"";"0";"0";"4016168";"I.N.S.S -INST.NACIONAL DE SEGURO SOCIAL";"29979036000140";"";"0";"PROPRIA";"31900416";"OBRIGAÇÕES PATRONAIS - INSS - CONTRATO TEMPORÁRIO";"FOLHA DE PAGAMENTO";"1495.96";"2025";"L";"29/01/2025";"0";"01/01/2025";"31/01/2025";"13"
"UNIDADE DE GESTÃO DE EDUCAÇÃO";"12";"EDUCAÇÃO";"365";"EDUCAÇÃO INFANTIL";"2025";"2723";"";"0";"0";"100012604";"FOLHA DE PAGAMENTO";"45780103000150";"";"0";"PROPRIA";"31901101";"VENCIMENTO E SALARIOS";"FOLHA DE PAGAMENTO";"1227462.69";"2025";"L";"29/01/2025";"0";"01/01/2025";"31/01/2025";"13"
"UNIDADE DE GESTÃO DE EDUCAÇÃO";"12";"EDUCAÇÃO";"365";"EDUCAÇÃO INFANTIL";"2025";"2724";"";"0";"0";"100012604";"FOLHA DE PAGAMENTO";"45780103000150";"";"0";"PROPRIA";"31901104";"ADICIONAL NOTURNO";"FOLHA DE PAGAMENTO";"564.95";"2025";"L";"29/01/2025";"0";"01/01/2025";"31/01/2025";"13"
"UNIDADE DE GESTÃO DE EDUCAÇÃO";"12";"EDUCAÇÃO";"365";"EDUCAÇÃO INFANTIL";"2025";"2725";"";"0";"0";"100012604";"FOLHA DE PAGAMENTO";"45780103000150";"";"0";"PROPRIA";"31901107";"ABONO DE PERMANENCIA";"FOLHA DE PAGAMENTO";"15130.57";"2025";"L";"29/01/2025";"0";"01/01/2025";"31/01/2025";"13"
"UNIDADE DE GESTÃO DE EDUCAÇÃO";"12";"EDUCAÇÃO";"365";"EDUCAÇÃO INFANTIL";"2025";"2726";"";"0";"0";"100012604";"FOLHA DE PAGAMENTO";"45780103000150";"";"0";"PROPRIA";"31901131";"GRATIFICACOES POR EXERCICIO DE  CARGO";"FOLHA DE PAGAMENTO";"33404.87";"2025";"L";"29/01/2025";"0";"01/01/2025";"31/01/2025";"13"
"UNIDADE DE GESTÃO DE EDUCAÇÃO";"12";"EDUCAÇÃO";"365";"EDUCAÇÃO INFANTIL";"2025";"2727";"";"0";"0";"100012604";"FOLHA DE PAGAMENTO";"45780103000150";"";"0";"PROPRIA";"31901133";"GRATIFICACOES POR EXERCICIO DE  FUNCOES";"FOLHA DE PAGAMENTO";"60355.04";"2025";"L";"29/01/2025";"0";"01/01/2025";"31/01/2025";"13"
"UNIDADE DE GESTÃO DE EDUCAÇÃO";"12";"EDUCAÇÃO";"365";"EDUCAÇÃO INFANTIL";"2025";"2728";"";"0";"0";"100012604";"FOLHA DE PAGAMENTO";"45780103000150";"";"0";"PROPRIA";"31901137";"GRATIFICACOES POR TEMPO DE SERVICO";"FOLHA DE PAGAMENTO";"121837.64";"2025";"L";"29/01/2025";"0";"01/01/2025";"31/01/2025";"13"
"UNIDADE DE GESTÃO DE EDUCAÇÃO";"12";"EDUCAÇÃO";"365";"EDUCAÇÃO INFANTIL";"2025";"2729";"";"0";"0";"100012604";"FOLHA DE PAGAMENTO";"45780103000150";"";"0";"PROPRIA";"31901145";"FÉRIAS - ABONO CONSTITUICOES";"FOLHA DE PAGAMENTO";"362.67";"2025";"L";"29/01/2025";"0";"01/01/2025";"31/01/2025";"13"
"UNIDADE DE GESTÃO DE EDUCAÇÃO";"12";"EDUCAÇÃO";"365";"EDUCAÇÃO INFANTIL";"2025";"2730";"";"0";"0";"100012604";"FOLHA DE PAGAMENTO";"45780103000150";"";"0";"PROPRIA";"31901632";"SUBSTITUIÇÕES  RPPS";"FOLHA DE PAGAMENTO";"9631.03";"2025";"L";"29/01/2025";"0";"01/01/2025";"31/01/2025";"13"
"UNIDADE DE GESTÃO DE EDUCAÇÃO";"12";"EDUCAÇÃO";"365";"EDUCAÇÃO INFANTIL";"2025";"2731";"";"0";"0";"100004453";"IPREJUN-INST.PREVIDENCIA DO MUN.JUNDIAI";"05507216000161";"";"0";"PROPRIA";"31911308";"CONTRIBUIÇÕES PREVIDENCIÁRIAS - RPPS - PESSOAL ATI";"FOLHA DE PAGAMENTO";"408053.81";"2025";"L";"29/01/2025";"0";"01/01/2025";"31/01/2025";"13"
"UNIDADE DE GESTÃO DE EDUCAÇÃO";"12";"EDUCAÇÃO";"365";"EDUCAÇÃO INFANTIL";"2025";"2732";"";"0";"0";"100004453";"IPREJUN-INST.PREVIDENCIA DO MUN.JUNDIAI";"05507216000161";"";"0";"PROPRIA";"31911320";"ALÍQUOTA SUPLEMENTAR DE CONTRIBUIÇÃO PREVIDENCIÁRI";"FOLHA DE PAGAMENTO";"592574.93";"2025";"L";"29/01/2025";"0";"01/01/2025";"31/01/2025";"13"
"UNIDADE DE GESTÃO DE EDUCAÇÃO";"12";"EDUCAÇÃO";"365";"EDUCAÇÃO INFANTIL";"2025";"2733";"";"0";"0";"100012604";"FOLHA DE PAGAMENTO";"45780103000150";"";"0";"PROPRIA";"33904901";"INDENIZACAO AUXILIO TRANSPORTE";"FOLHA DE PAGAMENTO";"35068";"2025";"L";"29/01/2025";"0";"01/01/2025";"31/01/2025";"13"
"UNIDADE DE GESTÃO DE EDUCAÇÃO";"12";"EDUCAÇÃO";"365";"EDUCAÇÃO INFANTIL";"2025";"2734";"";"0";"0";"100012604";"FOLHA DE PAGAMENTO";"45780103000150";"";"0";"PROPRIA";"33904901";"INDENIZACAO AUXILIO TRANSPORTE";"FOLHA DE PAGAMENTO";"418";"2025";"L";"29/01/2025";"0";"01/01/2025";"31/01/2025";"13"
"UNIDADE DE GESTÃO DE EDUCAÇÃO";"12";"EDUCAÇÃO";"365";"EDUCAÇÃO INFANTIL";"2025";"2735";"";"0";"0";"100012604";"FOLHA DE PAGAMENTO";"45780103000150";"";"0";"PROPRIA";"31900411";"SALÁRIOS - CONTRATO TEMPORÁRIO";"FOLHA DE PAGAMENTO";"6643.09";"2025";"L";"29/01/2025";"0";"01/01/2025";"31/01/2025";"13"
"UNIDADE DE GESTÃO DE EDUCAÇÃO";"12";"EDUCAÇÃO";"365";"EDUCAÇÃO INFANTIL";"2025";"2736";"";"0";"0";"4016168";"I.N.S.S -INST.NACIONAL DE SEGURO SOCIAL";"29979036000140";"";"0";"PROPRIA";"31900416";"OBRIGAÇÕES PATRONAIS - INSS - CONTRATO TEMPORÁRIO";"FOLHA DE PAGAMENTO";"1495.96";"2025";"L";"29/01/2025";"0";"01/01/2025";"31/01/2025";"13"
"UNIDADE DE GESTÃO DE EDUCAÇÃO";"12";"EDUCAÇÃO";"365";"EDUCAÇÃO INFANTIL";"2025";"2737";"";"0";"0";"100049213";"BB-PREVIDENCIA FUNDO DE PENSAO";"00544659000109";"";"0";"PROPRIA";"31900711";"CONTRIBUIÇÃO PATRONAL A ENTIDADES FECHADAS DE PREV";"FOLHA DE PAGAMENTO";"419.04";"2025";"L";"29/01/2025";"0";"01/01/2025";"31/01/2025";"13"
"UNIDADE DE GESTÃO DE EDUCAÇÃO";"12";"EDUCAÇÃO";"365";"EDUCAÇÃO INFANTIL";"2025";"2738";"";"0";"0";"100012604";"FOLHA DE PAGAMENTO";"45780103000150";"";"0";"PROPRIA";"31901101";"VENCIMENTO E SALARIOS";"FOLHA DE PAGAMENTO";"773660.9";"2025";"L";"29/01/2025";"0";"01/01/2025";"31/01/2025";"13"
"UNIDADE DE GESTÃO DE EDUCAÇÃO";"12";"EDUCAÇÃO";"365";"EDUCAÇÃO INFANTIL";"2025";"2739";"";"0";"0";"100012604";"FOLHA DE PAGAMENTO";"45780103000150";"";"0";"PROPRIA";"31901104";"ADICIONAL NOTURNO";"FOLHA DE PAGAMENTO";"415.73";"2025";"L";"29/01/2025";"0";"01/01/2025";"31/01/2025";"13"
"UNIDADE DE GESTÃO DE EDUCAÇÃO";"12";"EDUCAÇÃO";"365";"EDUCAÇÃO INFANTIL";"2025";"2740";"";"0";"0";"100012604";"FOLHA DE PAGAMENTO";"45780103000150";"";"0";"PROPRIA";"31901107";"ABONO DE PERMANENCIA";"FOLHA DE PAGAMENTO";"7201.72";"2025";"L";"29/01/2025";"0";"01/01/2025";"31/01/2025";"13"
"UNIDADE DE GESTÃO DE EDUCAÇÃO";"12";"EDUCAÇÃO";"365";"EDUCAÇÃO INFANTIL";"2025";"2741";"";"0";"0";"100012604";"FOLHA DE PAGAMENTO";"45780103000150";"";"0";"PROPRIA";"31901131";"GRATIFICACOES POR EXERCICIO DE  CARGO";"FOLHA DE PAGAMENTO";"5895.12";"2025";"L";"29/01/2025";"0";"01/01/2025";"31/01/2025";"13"
"UNIDADE DE GESTÃO DE EDUCAÇÃO";"12";"EDUCAÇÃO";"365";"EDUCAÇÃO INFANTIL";"2025";"2742";"";"0";"0";"100012604";"FOLHA DE PAGAMENTO";"45780103000150";"";"0";"PROPRIA";"31901133";"GRATIFICACOES POR EXERCICIO DE  FUNCOES";"FOLHA DE PAGAMENTO";"49363.5";"2025";"L";"29/01/2025";"0";"01/01/2025";"31/01/2025";"13"
"UNIDADE DE GESTÃO DE EDUCAÇÃO";"12";"EDUCAÇÃO";"365";"EDUCAÇÃO INFANTIL";"2025";"2743";"";"0";"0";"100012604";"FOLHA DE PAGAMENTO";"45780103000150";"";"0";"PROPRIA";"31901137";"GRATIFICACOES POR TEMPO DE SERVICO";"FOLHA DE PAGAMENTO";"69874.4";"2025";"L";"29/01/2025";"0";"01/01/2025";"31/01/2025";"13"
"UNIDADE DE GESTÃO DE EDUCAÇÃO";"12";"EDUCAÇÃO";"365";"EDUCAÇÃO INFANTIL";"2025";"2744";"";"0";"0";"100012604";"FOLHA DE PAGAMENTO";"45780103000150";"";"0";"PROPRIA";"31901145";"FÉRIAS - ABONO CONSTITUICOES";"FOLHA DE PAGAMENTO";"1372.64";"2025";"L";"29/01/2025";"0";"01/01/2025";"31/01/2025";"13"
"UNIDADE DE GESTÃO DE EDUCAÇÃO";"12";"EDUCAÇÃO";"365";"EDUCAÇÃO INFANTIL";"2025";"2745";"";"0";"0";"100012604";"FOLHA DE PAGAMENTO";"45780103000150";"";"5203";"FUNDO MANUT.DES.ED.BÁSICA E VALOR.PROF.MAG.-FUNDEB";"31901101";"VENCIMENTO E SALARIOS";"FOLHA DE PAGAMENTO";"1691706.2";"2025";"L";"29/01/2025";"0";"01/01/2025";"31/01/2025";"13"
"UNIDADE DE GESTÃO DE EDUCAÇÃO";"12";"EDUCAÇÃO";"365";"EDUCAÇÃO INFANTIL";"2025";"2746";"";"0";"0";"100012604";"FOLHA DE PAGAMENTO";"45780103000150";"";"5203";"FUNDO MANUT.DES.ED.BÁSICA E VALOR.PROF.MAG.-FUNDEB";"31901104";"ADICIONAL NOTURNO";"FOLHA DE PAGAMENTO";"31.35";"2025";"L";"29/01/2025";"0";"01/01/2025";"31/01/2025";"13"
"UNIDADE DE GESTÃO DE EDUCAÇÃO";"12";"EDUCAÇÃO";"365";"EDUCAÇÃO INFANTIL";"2025";"2747";"";"0";"0";"100012604";"FOLHA DE PAGAMENTO";"45780103000150";"";"5203";"FUNDO MANUT.DES.ED.BÁSICA E VALOR.PROF.MAG.-FUNDEB";"31901107";"ABONO DE PERMANENCIA";"FOLHA DE PAGAMENTO";"13562.37";"2025";"L";"29/01/2025";"0";"01/01/2025";"31/01/2025";"13"
"UNIDADE DE GESTÃO DE EDUCAÇÃO";"12";"EDUCAÇÃO";"365";"EDUCAÇÃO INFANTIL";"2025";"2748";"";"0";"0";"100012604";"FOLHA DE PAGAMENTO";"45780103000150";"";"5203";"FUNDO MANUT.DES.ED.BÁSICA E VALOR.PROF.MAG.-FUNDEB";"31901133";"GRATIFICACOES POR EXERCICIO DE  FUNCOES";"FOLHA DE PAGAMENTO";"57060.94";"2025";"L";"29/01/2025";"0";"01/01/2025";"31/01/2025";"13"
"UNIDADE DE GESTÃO DE EDUCAÇÃO";"12";"EDUCAÇÃO";"365";"EDUCAÇÃO INFANTIL";"2025";"2749";"";"0";"0";"100012604";"FOLHA DE PAGAMENTO";"45780103000150";"";"5203";"FUNDO MANUT.DES.ED.BÁSICA E VALOR.PROF.MAG.-FUNDEB";"31901137";"GRATIFICACOES POR TEMPO DE SERVICO";"FOLHA DE PAGAMENTO";"138157.79";"2025";"L";"29/01/2025";"0";"01/01/2025";"31/01/2025";"13"
"UNIDADE DE GESTÃO DE EDUCAÇÃO";"12";"EDUCAÇÃO";"365";"EDUCAÇÃO INFANTIL";"2025";"2750";"";"0";"0";"100012604";"FOLHA DE PAGAMENTO";"45780103000150";"";"5203";"FUNDO MANUT.DES.ED.BÁSICA E VALOR.PROF.MAG.-FUNDEB";"31901145";"FÉRIAS - ABONO CONSTITUICOES";"FOLHA DE PAGAMENTO";"380.8";"2025";"L";"29/01/2025";"0";"01/01/2025";"31/01/2025";"13"
"UNIDADE DE GESTÃO DE EDUCAÇÃO";"12";"EDUCAÇÃO";"365";"EDUCAÇÃO INFANTIL";"2025";"2751";"";"0";"0";"100004453";"IPREJUN-INST.PREVIDENCIA DO MUN.JUNDIAI";"05507216000161";"";"0";"PROPRIA";"31911308";"CONTRIBUIÇÕES PREVIDENCIÁRIAS - RPPS - PESSOAL ATI";"FOLHA DE PAGAMENTO";"253733.37";"2025";"L";"29/01/2025";"0";"01/01/2025";"31/01/2025";"13"
"UNIDADE DE GESTÃO DE EDUCAÇÃO";"12";"EDUCAÇÃO";"365";"EDUCAÇÃO INFANTIL";"2025";"2752";"";"0";"0";"100004453";"IPREJUN-INST.PREVIDENCIA DO MUN.JUNDIAI";"05507216000161";"";"0";"PROPRIA";"31911320";"ALÍQUOTA SUPLEMENTAR DE CONTRIBUIÇÃO PREVIDENCIÁRI";"FOLHA DE PAGAMENTO";"368471.17";"2025";"L";"29/01/2025";"0";"01/01/2025";"31/01/2025";"13"
"UNIDADE DE GESTÃO DE EDUCAÇÃO";"12";"EDUCAÇÃO";"365";"EDUCAÇÃO INFANTIL";"2025";"2753";"";"0";"0";"100004453";"IPREJUN-INST.PREVIDENCIA DO MUN.JUNDIAI";"05507216000161";"";"5203";"FUNDO MANUT.DES.ED.BÁSICA E VALOR.PROF.MAG.-FUNDEB";"31911308";"CONTRIBUIÇÕES PREVIDENCIÁRIAS - RPPS - PESSOAL ATI";"FOLHA DE PAGAMENTO";"536827.89";"2025";"L";"29/01/2025";"0";"01/01/2025";"31/01/2025";"13"
"UNIDADE DE GESTÃO DE EDUCAÇÃO";"12";"EDUCAÇÃO";"365";"EDUCAÇÃO INFANTIL";"2025";"2754";"";"0";"0";"100004453";"IPREJUN-INST.PREVIDENCIA DO MUN.JUNDIAI";"05507216000161";"";"5203";"FUNDO MANUT.DES.ED.BÁSICA E VALOR.PROF.MAG.-FUNDEB";"31911320";"ALÍQUOTA SUPLEMENTAR DE CONTRIBUIÇÃO PREVIDENCIÁRI";"FOLHA DE PAGAMENTO";"779580.1";"2025";"L";"29/01/2025";"0";"01/01/2025";"31/01/2025";"13"
"UNIDADE DE GESTÃO DE EDUCAÇÃO";"12";"EDUCAÇÃO";"365";"EDUCAÇÃO INFANTIL";"2025";"2755";"";"0";"0";"100012604";"FOLHA DE PAGAMENTO";"45780103000150";"";"0";"PROPRIA";"33904901";"INDENIZACAO AUXILIO TRANSPORTE";"FOLHA DE PAGAMENTO";"440";"2025";"L";"29/01/2025";"0";"01/01/2025";"31/01/2025";"13"
"UNIDADE DE GESTÃO DE EDUCAÇÃO";"12";"EDUCAÇÃO";"365";"EDUCAÇÃO INFANTIL";"2025";"2756";"";"0";"0";"100012604";"FOLHA DE PAGAMENTO";"45780103000150";"";"0";"PROPRIA";"33904901";"INDENIZACAO AUXILIO TRANSPORTE";"FOLHA DE PAGAMENTO";"28248";"2025";"L";"29/01/2025";"0";"01/01/2025";"31/01/2025";"13"
"UNIDADE DE GESTÃO DE EDUCAÇÃO";"12";"EDUCAÇÃO";"365";"EDUCAÇÃO INFANTIL";"2025";"2757";"";"0";"0";"100012604";"FOLHA DE PAGAMENTO";"45780103000150";"";"5203";"FUNDO MANUT.DES.ED.BÁSICA E VALOR.PROF.MAG.-FUNDEB";"33904901";"INDENIZACAO AUXILIO TRANSPORTE";"FOLHA DE PAGAMENTO";"41844";"2025";"L";"29/01/2025";"0";"01/01/2025";"31/01/2025";"13"
"UNIDADE DE GESTÃO DE EDUCAÇÃO";"12";"EDUCAÇÃO";"361";"ENSINO FUNDAMENTAL";"2025";"2758";"";"0";"0";"100049213";"BB-PREVIDENCIA FUNDO DE PENSAO";"00544659000109";"";"0";"PROPRIA";"31900711";"CONTRIBUIÇÃO PATRONAL A ENTIDADES FECHADAS DE PREV";"FOLHA DE PAGAMENTO";"273.46";"2025";"L";"29/01/2025";"0";"01/01/2025";"31/01/2025";"13"
"UNIDADE DE GESTÃO DE EDUCAÇÃO";"12";"EDUCAÇÃO";"361";"ENSINO FUNDAMENTAL";"2025";"2759";"";"0";"0";"100012604";"FOLHA DE PAGAMENTO";"45780103000150";"";"0";"PROPRIA";"31901101";"VENCIMENTO E SALARIOS";"FOLHA DE PAGAMENTO";"507913.4";"2025";"L";"29/01/2025";"0";"01/01/2025";"31/01/2025";"13"
"UNIDADE DE GESTÃO DE EDUCAÇÃO";"12";"EDUCAÇÃO";"361";"ENSINO FUNDAMENTAL";"2025";"2760";"";"0";"0";"100012604";"FOLHA DE PAGAMENTO";"45780103000150";"";"0";"PROPRIA";"31901101";"VENCIMENTO E SALARIOS";"FOLHA DE PAGAMENTO";"21209.81";"2025";"L";"29/01/2025";"0";"01/01/2025";"31/01/2025";"13"
"UNIDADE DE GESTÃO DE EDUCAÇÃO";"12";"EDUCAÇÃO";"361";"ENSINO FUNDAMENTAL";"2025";"2761";"";"0";"0";"100012604";"FOLHA DE PAGAMENTO";"45780103000150";"";"0";"PROPRIA";"31901101";"VENCIMENTO E SALARIOS";"FOLHA DE PAGAMENTO";"15902.46";"2025";"L";"29/01/2025";"0";"01/01/2025";"31/01/2025";"13"
"UNIDADE DE GESTÃO DE EDUCAÇÃO";"12";"EDUCAÇÃO";"361";"ENSINO FUNDAMENTAL";"2025";"2762";"";"0";"0";"100012604";"FOLHA DE PAGAMENTO";"45780103000150";"";"0";"PROPRIA";"31901104";"ADICIONAL NOTURNO";"FOLHA DE PAGAMENTO";"144.15";"2025";"L";"29/01/2025";"0";"01/01/2025";"31/01/2025";"13"
"UNIDADE DE GESTÃO DE EDUCAÇÃO";"12";"EDUCAÇÃO";"361";"ENSINO FUNDAMENTAL";"2025";"2763";"";"0";"0";"100012604";"FOLHA DE PAGAMENTO";"45780103000150";"";"0";"PROPRIA";"31901105";"INCORPORADOS";"FOLHA DE PAGAMENTO";"1284.19";"2025";"L";"29/01/2025";"0";"01/01/2025";"31/01/2025";"13"
"UNIDADE DE GESTÃO DE EDUCAÇÃO";"12";"EDUCAÇÃO";"361";"ENSINO FUNDAMENTAL";"2025";"2764";"";"0";"0";"100012604";"FOLHA DE PAGAMENTO";"45780103000150";"";"0";"PROPRIA";"31901107";"ABONO DE PERMANENCIA";"FOLHA DE PAGAMENTO";"3161.37";"2025";"L";"29/01/2025";"0";"01/01/2025";"31/01/2025";"13"
"UNIDADE DE GESTÃO DE EDUCAÇÃO";"12";"EDUCAÇÃO";"361";"ENSINO FUNDAMENTAL";"2025";"2765";"";"0";"0";"100012604";"FOLHA DE PAGAMENTO";"45780103000150";"";"0";"PROPRIA";"31901109";"ADICIONAL DE PERICULOSIDADE";"FOLHA DE PAGAMENTO";"6114.42";"2025";"L";"29/01/2025";"0";"01/01/2025";"31/01/2025";"13"
"UNIDADE DE GESTÃO DE EDUCAÇÃO";"12";"EDUCAÇÃO";"361";"ENSINO FUNDAMENTAL";"2025";"2766";"";"0";"0";"100012604";"FOLHA DE PAGAMENTO";"45780103000150";"";"0";"PROPRIA";"31901131";"GRATIFICACOES POR EXERCICIO DE  CARGO";"FOLHA DE PAGAMENTO";"11789.84";"2025";"L";"29/01/2025";"0";"01/01/2025";"31/01/2025";"13"
"UNIDADE DE GESTÃO DE EDUCAÇÃO";"12";"EDUCAÇÃO";"361";"ENSINO FUNDAMENTAL";"2025";"2767";"";"0";"0";"100012604";"FOLHA DE PAGAMENTO";"45780103000150";"";"0";"PROPRIA";"31901133";"GRATIFICACOES POR EXERCICIO DE  FUNCOES";"FOLHA DE PAGAMENTO";"29965.89";"2025";"L";"29/01/2025";"0";"01/01/2025";"31/01/2025";"13"
"UNIDADE DE GESTÃO DE EDUCAÇÃO";"12";"EDUCAÇÃO";"361";"ENSINO FUNDAMENTAL";"2025";"2768";"";"0";"0";"100012604";"FOLHA DE PAGAMENTO";"45780103000150";"";"0";"PROPRIA";"31901137";"GRATIFICACOES POR TEMPO DE SERVICO";"FOLHA DE PAGAMENTO";"6139.4";"2025";"L";"29/01/2025";"0";"01/01/2025";"31/01/2025";"13"
"UNIDADE DE GESTÃO DE EDUCAÇÃO";"12";"EDUCAÇÃO";"361";"ENSINO FUNDAMENTAL";"2025";"2769";"";"0";"0";"100012604";"FOLHA DE PAGAMENTO";"45780103000150";"";"0";"PROPRIA";"31901137";"GRATIFICACOES POR TEMPO DE SERVICO";"FOLHA DE PAGAMENTO";"39764.51";"2025";"L";"29/01/2025";"0";"01/01/2025";"31/01/2025";"13"
"UNIDADE DE GESTÃO DE EDUCAÇÃO";"12";"EDUCAÇÃO";"361";"ENSINO FUNDAMENTAL";"2025";"2770";"";"0";"0";"100012604";"FOLHA DE PAGAMENTO";"45780103000150";"";"0";"PROPRIA";"31901144";"FÉRIAS - ABONO PECUNIARIO";"FOLHA DE PAGAMENTO";"1044.14";"2025";"L";"29/01/2025";"0";"01/01/2025";"31/01/2025";"13"
"UNIDADE DE GESTÃO DE EDUCAÇÃO";"12";"EDUCAÇÃO";"361";"ENSINO FUNDAMENTAL";"2025";"2771";"";"0";"0";"100012604";"FOLHA DE PAGAMENTO";"45780103000150";"";"0";"PROPRIA";"31901145";"FÉRIAS - ABONO CONSTITUICOES";"FOLHA DE PAGAMENTO";"1569.42";"2025";"L";"29/01/2025";"0";"01/01/2025";"31/01/2025";"13"
"UNIDADE DE GESTÃO DE EDUCAÇÃO";"12";"EDUCAÇÃO";"361";"ENSINO FUNDAMENTAL";"2025";"2772";"";"0";"0";"4000055";"FUNDO DE GARANTIA POR TEMPO DE SERVICO";"00360305000104";"";"0";"PROPRIA";"31901301";"FGTS";"FOLHA DE PAGAMENTO";"2987.97";"2025";"L";"29/01/2025";"0";"01/01/2025";"31/01/2025";"13"
"UNIDADE DE GESTÃO DE EDUCAÇÃO";"12";"EDUCAÇÃO";"361";"ENSINO FUNDAMENTAL";"2025";"2773";"";"0";"0";"4016168";"I.N.S.S -INST.NACIONAL DE SEGURO SOCIAL";"29979036000140";"";"0";"PROPRIA";"31901302";"CONTRIBUICOES PREVIDENCIARIAS - INSS";"FOLHA DE PAGAMENTO";"4776.24";"2025";"L";"29/01/2025";"0";"01/01/2025";"31/01/2025";"13"
"UNIDADE DE GESTÃO DE EDUCAÇÃO";"12";"EDUCAÇÃO";"361";"ENSINO FUNDAMENTAL";"2025";"2774";"";"0";"0";"4016168";"I.N.S.S -INST.NACIONAL DE SEGURO SOCIAL";"29979036000140";"";"0";"PROPRIA";"31901302";"CONTRIBUICOES PREVIDENCIARIAS - INSS";"FOLHA DE PAGAMENTO";"8410.83";"2025";"L";"29/01/2025";"0";"01/01/2025";"31/01/2025";"13"
"UNIDADE DE GESTÃO DE EDUCAÇÃO";"12";"EDUCAÇÃO";"361";"ENSINO FUNDAMENTAL";"2025";"2775";"";"0";"0";"100004453";"IPREJUN-INST.PREVIDENCIA DO MUN.JUNDIAI";"05507216000161";"";"0";"PROPRIA";"31911308";"CONTRIBUIÇÕES PREVIDENCIÁRIAS - RPPS - PESSOAL ATI";"FOLHA DE PAGAMENTO";"135980.65";"2025";"L";"29/01/2025";"0";"01/01/2025";"31/01/2025";"13"
"UNIDADE DE GESTÃO DE EDUCAÇÃO";"12";"EDUCAÇÃO";"361";"ENSINO FUNDAMENTAL";"2025";"2776";"";"0";"0";"100004453";"IPREJUN-INST.PREVIDENCIA DO MUN.JUNDIAI";"05507216000161";"";"0";"PROPRIA";"31911320";"ALÍQUOTA SUPLEMENTAR DE CONTRIBUIÇÃO PREVIDENCIÁRI";"FOLHA DE PAGAMENTO";"197471.46";"2025";"L";"29/01/2025";"0";"01/01/2025";"31/01/2025";"13"
"UNIDADE DE GESTÃO DE EDUCAÇÃO";"12";"EDUCAÇÃO";"361";"ENSINO FUNDAMENTAL";"2025";"2777";"";"0";"0";"100012604";"FOLHA DE PAGAMENTO";"45780103000150";"";"0";"PROPRIA";"33904901";"INDENIZACAO AUXILIO TRANSPORTE";"FOLHA DE PAGAMENTO";"990";"2025";"L";"29/01/2025";"0";"01/01/2025";"31/01/2025";"13"
"UNIDADE DE GESTÃO DE EDUCAÇÃO";"12";"EDUCAÇÃO";"361";"ENSINO FUNDAMENTAL";"2025";"2778";"";"0";"0";"100012604";"FOLHA DE PAGAMENTO";"45780103000150";"";"0";"PROPRIA";"33904901";"INDENIZACAO AUXILIO TRANSPORTE";"FOLHA DE PAGAMENTO";"45012";"2025";"L";"29/01/2025";"0";"01/01/2025";"31/01/2025";"13"
"UNIDADE DE GESTÃO DE EDUCAÇÃO";"12";"EDUCAÇÃO";"361";"ENSINO FUNDAMENTAL";"2025";"2779";"";"0";"0";"100012604";"FOLHA DE PAGAMENTO";"45780103000150";"";"0";"PROPRIA";"33904901";"INDENIZACAO AUXILIO TRANSPORTE";"FOLHA DE PAGAMENTO";"1100";"2025";"L";"29/01/2025";"0";"01/01/2025";"31/01/2025";"13"
"UNIDADE DE GESTÃO DE EDUCAÇÃO";"12";"EDUCAÇÃO";"366";"EDUCAÇÃO DE JOVENS E ADULTOS";"2025";"2780";"";"0";"0";"100012604";"FOLHA DE PAGAMENTO";"45780103000150";"";"0";"PROPRIA";"31901101";"VENCIMENTO E SALARIOS";"FOLHA DE PAGAMENTO";"116112.3";"2025";"L";"29/01/2025";"0";"01/01/2025";"31/01/2025";"13"
"UNIDADE DE GESTÃO DE EDUCAÇÃO";"12";"EDUCAÇÃO";"366";"EDUCAÇÃO DE JOVENS E ADULTOS";"2025";"2781";"";"0";"0";"100012604";"FOLHA DE PAGAMENTO";"45780103000150";"";"0";"PROPRIA";"31901104";"ADICIONAL NOTURNO";"FOLHA DE PAGAMENTO";"3692";"2025";"L";"29/01/2025";"0";"01/01/2025";"31/01/2025";"13"
"UNIDADE DE GESTÃO DE EDUCAÇÃO";"12";"EDUCAÇÃO";"366";"EDUCAÇÃO DE JOVENS E ADULTOS";"2025";"2782";"";"0";"0";"100012604";"FOLHA DE PAGAMENTO";"45780103000150";"";"0";"PROPRIA";"31901107";"ABONO DE PERMANENCIA";"FOLHA DE PAGAMENTO";"715.44";"2025";"L";"29/01/2025";"0";"01/01/2025";"31/01/2025";"13"
"UNIDADE DE GESTÃO DE EDUCAÇÃO";"12";"EDUCAÇÃO";"366";"EDUCAÇÃO DE JOVENS E ADULTOS";"2025";"2783";"";"0";"0";"100012604";"FOLHA DE PAGAMENTO";"45780103000150";"";"0";"PROPRIA";"31901133";"GRATIFICACOES POR EXERCICIO DE  FUNCOES";"FOLHA DE PAGAMENTO";"13811.95";"2025";"L";"29/01/2025";"0";"01/01/2025";"31/01/2025";"13"
"UNIDADE DE GESTÃO DE EDUCAÇÃO";"12";"EDUCAÇÃO";"366";"EDUCAÇÃO DE JOVENS E ADULTOS";"2025";"2784";"";"0";"0";"100012604";"FOLHA DE PAGAMENTO";"45780103000150";"";"0";"PROPRIA";"31901137";"GRATIFICACOES POR TEMPO DE SERVICO";"FOLHA DE PAGAMENTO";"12601.85";"2025";"L";"29/01/2025";"0";"01/01/2025";"31/01/2025";"13"
"UNIDADE DE GESTÃO DE EDUCAÇÃO";"12";"EDUCAÇÃO";"366";"EDUCAÇÃO DE JOVENS E ADULTOS";"2025";"2785";"";"0";"0";"100004453";"IPREJUN-INST.PREVIDENCIA DO MUN.JUNDIAI";"05507216000161";"";"0";"PROPRIA";"31911308";"CONTRIBUIÇÕES PREVIDENCIÁRIAS - RPPS - PESSOAL ATI";"FOLHA DE PAGAMENTO";"38393.55";"2025";"L";"29/01/2025";"0";"01/01/2025";"31/01/2025";"13"
"UNIDADE DE GESTÃO DE EDUCAÇÃO";"12";"EDUCAÇÃO";"366";"EDUCAÇÃO DE JOVENS E ADULTOS";"2025";"2786";"";"0";"0";"100004453";"IPREJUN-INST.PREVIDENCIA DO MUN.JUNDIAI";"05507216000161";"";"0";"PROPRIA";"31911320";"ALÍQUOTA SUPLEMENTAR DE CONTRIBUIÇÃO PREVIDENCIÁRI";"FOLHA DE PAGAMENTO";"55754.97";"2025";"L";"29/01/2025";"0";"01/01/2025";"31/01/2025";"13"
"UNIDADE DE GESTÃO DE EDUCAÇÃO";"12";"EDUCAÇÃO";"366";"EDUCAÇÃO DE JOVENS E ADULTOS";"2025";"2787";"";"0";"0";"100012604";"FOLHA DE PAGAMENTO";"45780103000150";"";"0";"PROPRIA";"33904901";"INDENIZACAO AUXILIO TRANSPORTE";"FOLHA DE PAGAMENTO";"2684";"2025";"L";"29/01/2025";"0";"01/01/2025";"31/01/2025";"13"
"UNIDADE DE GESTÃO DE EDUCAÇÃO";"12";"EDUCAÇÃO";"365";"EDUCAÇÃO INFANTIL";"2025";"2788";"";"0";"0";"100012604";"FOLHA DE PAGAMENTO";"45780103000150";"";"0";"PROPRIA";"31901101";"VENCIMENTO E SALARIOS";"FOLHA DE PAGAMENTO";"1829865.94";"2025";"L";"29/01/2025";"0";"01/01/2025";"31/01/2025";"13"
"UNIDADE DE GESTÃO DE EDUCAÇÃO";"12";"EDUCAÇÃO";"365";"EDUCAÇÃO INFANTIL";"2025";"2789";"";"0";"0";"100012604";"FOLHA DE PAGAMENTO";"45780103000150";"";"0";"PROPRIA";"31901104";"ADICIONAL NOTURNO";"FOLHA DE PAGAMENTO";"4.21";"2025";"L";"29/01/2025";"0";"01/01/2025";"31/01/2025";"13"
"UNIDADE DE GESTÃO DE EDUCAÇÃO";"12";"EDUCAÇÃO";"365";"EDUCAÇÃO INFANTIL";"2025";"2790";"";"0";"0";"100012604";"FOLHA DE PAGAMENTO";"45780103000150";"";"0";"PROPRIA";"31901107";"ABONO DE PERMANENCIA";"FOLHA DE PAGAMENTO";"4390.69";"2025";"L";"29/01/2025";"0";"01/01/2025";"31/01/2025";"13"
"UNIDADE DE GESTÃO DE EDUCAÇÃO";"12";"EDUCAÇÃO";"365";"EDUCAÇÃO INFANTIL";"2025";"2791";"";"0";"0";"100012604";"FOLHA DE PAGAMENTO";"45780103000150";"";"0";"PROPRIA";"31901110";"ADICIONAL DE INSALUBRIDADE";"FOLHA DE PAGAMENTO";"445.28";"2025";"L";"29/01/2025";"0";"01/01/2025";"31/01/2025";"13"
"UNIDADE DE GESTÃO DE EDUCAÇÃO";"12";"EDUCAÇÃO";"365";"EDUCAÇÃO INFANTIL";"2025";"2792";"";"0";"0";"100012604";"FOLHA DE PAGAMENTO";"45780103000150";"";"0";"PROPRIA";"31901133";"GRATIFICACOES POR EXERCICIO DE  FUNCOES";"FOLHA DE PAGAMENTO";"2615.32";"2025";"L";"29/01/2025";"0";"01/01/2025";"31/01/2025";"13"
"UNIDADE DE GESTÃO DE EDUCAÇÃO";"12";"EDUCAÇÃO";"365";"EDUCAÇÃO INFANTIL";"2025";"2793";"";"0";"0";"100012604";"FOLHA DE PAGAMENTO";"45780103000150";"";"0";"PROPRIA";"31901137";"GRATIFICACOES POR TEMPO DE SERVICO";"FOLHA DE PAGAMENTO";"109153.51";"2025";"L";"29/01/2025";"0";"01/01/2025";"31/01/2025";"13"
"UNIDADE DE GESTÃO DE EDUCAÇÃO";"12";"EDUCAÇÃO";"365";"EDUCAÇÃO INFANTIL";"2025";"2794";"";"0";"0";"100012604";"FOLHA DE PAGAMENTO";"45780103000150";"";"0";"PROPRIA";"31901145";"FÉRIAS - ABONO CONSTITUICOES";"FOLHA DE PAGAMENTO";"163.14";"2025";"L";"29/01/2025";"0";"01/01/2025";"31/01/2025";"13"
"UNIDADE DE GESTÃO DE EDUCAÇÃO";"12";"EDUCAÇÃO";"365";"EDUCAÇÃO INFANTIL";"2025";"2795";"";"0";"0";"100004453";"IPREJUN-INST.PREVIDENCIA DO MUN.JUNDIAI";"05507216000161";"";"0";"PROPRIA";"31911308";"CONTRIBUIÇÕES PREVIDENCIÁRIAS - RPPS - PESSOAL ATI";"FOLHA DE PAGAMENTO";"508609.12";"2025";"L";"29/01/2025";"0";"01/01/2025";"31/01/2025";"13"
"UNIDADE DE GESTÃO DE EDUCAÇÃO";"12";"EDUCAÇÃO";"365";"EDUCAÇÃO INFANTIL";"2025";"2796";"";"0";"0";"100004453";"IPREJUN-INST.PREVIDENCIA DO MUN.JUNDIAI";"05507216000161";"";"0";"PROPRIA";"31911320";"ALÍQUOTA SUPLEMENTAR DE CONTRIBUIÇÃO PREVIDENCIÁRI";"FOLHA DE PAGAMENTO";"738602.24";"2025";"L";"29/01/2025";"0";"01/01/2025";"31/01/2025";"13"
"UNIDADE DE GESTÃO DE EDUCAÇÃO";"12";"EDUCAÇÃO";"365";"EDUCAÇÃO INFANTIL";"2025";"2797";"";"0";"0";"100012604";"FOLHA DE PAGAMENTO";"45780103000150";"";"0";"PROPRIA";"33904901";"INDENIZACAO AUXILIO TRANSPORTE";"FOLHA DE PAGAMENTO";"118184";"2025";"L";"29/01/2025";"0";"01/01/2025";"31/01/2025";"13"
"UNIDADE DE GESTÃO DE EDUCAÇÃO";"12";"EDUCAÇÃO";"365";"EDUCAÇÃO INFANTIL";"2025";"2798";"";"0";"0";"100012604";"FOLHA DE PAGAMENTO";"45780103000150";"";"0";"PROPRIA";"31901101";"VENCIMENTO E SALARIOS";"FOLHA DE PAGAMENTO";"231562.35";"2025";"L";"29/01/2025";"0";"01/01/2025";"31/01/2025";"13"
"UNIDADE DE GESTÃO DE EDUCAÇÃO";"12";"EDUCAÇÃO";"365";"EDUCAÇÃO INFANTIL";"2025";"2799";"";"0";"0";"100012604";"FOLHA DE PAGAMENTO";"45780103000150";"";"0";"PROPRIA";"31901104";"ADICIONAL NOTURNO";"FOLHA DE PAGAMENTO";"18.55";"2025";"L";"29/01/2025";"0";"01/01/2025";"31/01/2025";"13"
"UNIDADE DE GESTÃO DE EDUCAÇÃO";"12";"EDUCAÇÃO";"365";"EDUCAÇÃO INFANTIL";"2025";"2800";"";"0";"0";"100012604";"FOLHA DE PAGAMENTO";"45780103000150";"";"0";"PROPRIA";"31901107";"ABONO DE PERMANENCIA";"FOLHA DE PAGAMENTO";"2009.75";"2025";"L";"29/01/2025";"0";"01/01/2025";"31/01/2025";"13"
"UNIDADE DE GESTÃO DE EDUCAÇÃO";"12";"EDUCAÇÃO";"365";"EDUCAÇÃO INFANTIL";"2025";"2801";"";"0";"0";"100012604";"FOLHA DE PAGAMENTO";"45780103000150";"";"0";"PROPRIA";"31901110";"ADICIONAL DE INSALUBRIDADE";"FOLHA DE PAGAMENTO";"4452.8";"2025";"L";"29/01/2025";"0";"01/01/2025";"31/01/2025";"13"
"UNIDADE DE GESTÃO DE EDUCAÇÃO";"12";"EDUCAÇÃO";"365";"EDUCAÇÃO INFANTIL";"2025";"2802";"";"0";"0";"100012604";"FOLHA DE PAGAMENTO";"45780103000150";"";"0";"PROPRIA";"31901133";"GRATIFICACOES POR EXERCICIO DE  FUNCOES";"FOLHA DE PAGAMENTO";"1171.6";"2025";"L";"29/01/2025";"0";"01/01/2025";"31/01/2025";"13"
"UNIDADE DE GESTÃO DE EDUCAÇÃO";"12";"EDUCAÇÃO";"365";"EDUCAÇÃO INFANTIL";"2025";"2803";"";"0";"0";"100012604";"FOLHA DE PAGAMENTO";"45780103000150";"";"0";"PROPRIA";"31901137";"GRATIFICACOES POR TEMPO DE SERVICO";"FOLHA DE PAGAMENTO";"18334.99";"2025";"L";"29/01/2025";"0";"01/01/2025";"31/01/2025";"13"
"UNIDADE DE GESTÃO DE EDUCAÇÃO";"12";"EDUCAÇÃO";"365";"EDUCAÇÃO INFANTIL";"2025";"2804";"";"0";"0";"100004453";"IPREJUN-INST.PREVIDENCIA DO MUN.JUNDIAI";"05507216000161";"";"0";"PROPRIA";"31911308";"CONTRIBUIÇÕES PREVIDENCIÁRIAS - RPPS - PESSOAL ATI";"FOLHA DE PAGAMENTO";"67305.4";"2025";"L";"29/01/2025";"0";"01/01/2025";"31/01/2025";"13"
"UNIDADE DE GESTÃO DE EDUCAÇÃO";"12";"EDUCAÇÃO";"365";"EDUCAÇÃO INFANTIL";"2025";"2805";"";"0";"0";"100004453";"IPREJUN-INST.PREVIDENCIA DO MUN.JUNDIAI";"05507216000161";"";"0";"PROPRIA";"31911320";"ALÍQUOTA SUPLEMENTAR DE CONTRIBUIÇÃO PREVIDENCIÁRI";"FOLHA DE PAGAMENTO";"97740.82";"2025";"L";"29/01/2025";"0";"01/01/2025";"31/01/2025";"13"
"UNIDADE DE GESTÃO DE EDUCAÇÃO";"12";"EDUCAÇÃO";"365";"EDUCAÇÃO INFANTIL";"2025";"2806";"";"0";"0";"100012604";"FOLHA DE PAGAMENTO";"45780103000150";"";"0";"PROPRIA";"33904901";"INDENIZACAO AUXILIO TRANSPORTE";"FOLHA DE PAGAMENTO";"12320";"2025";"L";"29/01/2025";"0";"01/01/2025";"31/01/2025";"13"
"UNIDADE DE GESTÃO DE EDUCAÇÃO";"12";"EDUCAÇÃO";"361";"ENSINO FUNDAMENTAL";"2025";"2807";"";"0";"0";"100012604";"FOLHA DE PAGAMENTO";"45780103000150";"";"0";"PROPRIA";"31901101";"VENCIMENTO E SALARIOS";"FOLHA DE PAGAMENTO";"13789.63";"2025";"L";"29/01/2025";"0";"01/01/2025";"31/01/2025";"13"
"UNIDADE DE GESTÃO DE EDUCAÇÃO";"12";"EDUCAÇÃO";"361";"ENSINO FUNDAMENTAL";"2025";"2808";"";"0";"0";"100012604";"FOLHA DE PAGAMENTO";"45780103000150";"";"0";"PROPRIA";"31901107";"ABONO DE PERMANENCIA";"FOLHA DE PAGAMENTO";"681.84";"2025";"L";"29/01/2025";"0";"01/01/2025";"31/01/2025";"13"
"UNIDADE DE GESTÃO DE EDUCAÇÃO";"12";"EDUCAÇÃO";"361";"ENSINO FUNDAMENTAL";"2025";"2809";"";"0";"0";"100012604";"FOLHA DE PAGAMENTO";"45780103000150";"";"0";"PROPRIA";"31901133";"GRATIFICACOES POR EXERCICIO DE  FUNCOES";"FOLHA DE PAGAMENTO";"1468.28";"2025";"L";"29/01/2025";"0";"01/01/2025";"31/01/2025";"13"
"UNIDADE DE GESTÃO DE EDUCAÇÃO";"12";"EDUCAÇÃO";"361";"ENSINO FUNDAMENTAL";"2025";"2810";"";"0";"0";"100012604";"FOLHA DE PAGAMENTO";"45780103000150";"";"0";"PROPRIA";"31901137";"GRATIFICACOES POR TEMPO DE SERVICO";"FOLHA DE PAGAMENTO";"743.4";"2025";"L";"29/01/2025";"0";"01/01/2025";"31/01/2025";"13"
"UNIDADE DE GESTÃO DE EDUCAÇÃO";"12";"EDUCAÇÃO";"361";"ENSINO FUNDAMENTAL";"2025";"2811";"";"0";"0";"100004453";"IPREJUN-INST.PREVIDENCIA DO MUN.JUNDIAI";"05507216000161";"";"0";"PROPRIA";"31911308";"CONTRIBUIÇÕES PREVIDENCIÁRIAS - RPPS - PESSOAL ATI";"FOLHA DE PAGAMENTO";"3607.77";"2025";"L";"29/01/2025";"0";"01/01/2025";"31/01/2025";"13"
"UNIDADE DE GESTÃO DE EDUCAÇÃO";"12";"EDUCAÇÃO";"361";"ENSINO FUNDAMENTAL";"2025";"2812";"";"0";"0";"100004453";"IPREJUN-INST.PREVIDENCIA DO MUN.JUNDIAI";"05507216000161";"";"0";"PROPRIA";"31911320";"ALÍQUOTA SUPLEMENTAR DE CONTRIBUIÇÃO PREVIDENCIÁRI";"FOLHA DE PAGAMENTO";"5239.2";"2025";"L";"29/01/2025";"0";"01/01/2025";"31/01/2025";"13"
"UNIDADE DE GESTÃO DE EDUCAÇÃO";"12";"EDUCAÇÃO";"361";"ENSINO FUNDAMENTAL";"2025";"2813";"";"0";"0";"100012604";"FOLHA DE PAGAMENTO";"45780103000150";"";"0";"PROPRIA";"33904901";"INDENIZACAO AUXILIO TRANSPORTE";"FOLHA DE PAGAMENTO";"1210";"2025";"L";"29/01/2025";"0";"01/01/2025";"31/01/2025";"13"
"UNIDADE DE GESTÃO DE EDUCAÇÃO";"12";"EDUCAÇÃO";"361";"ENSINO FUNDAMENTAL";"2025";"2814";"";"0";"0";"100012604";"FOLHA DE PAGAMENTO";"45780103000150";"";"0";"PROPRIA";"31901101";"VENCIMENTO E SALARIOS";"FOLHA DE PAGAMENTO";"369846.9";"2025";"L";"29/01/2025";"0";"01/01/2025";"31/01/2025";"13"
"UNIDADE DE GESTÃO DE EDUCAÇÃO";"12";"EDUCAÇÃO";"361";"ENSINO FUNDAMENTAL";"2025";"2815";"";"0";"0";"100012604";"FOLHA DE PAGAMENTO";"45780103000150";"";"0";"PROPRIA";"31901101";"VENCIMENTO E SALARIOS";"FOLHA DE PAGAMENTO";"8306.89";"2025";"L";"29/01/2025";"0";"01/01/2025";"31/01/2025";"13"
"UNIDADE DE GESTÃO DE EDUCAÇÃO";"12";"EDUCAÇÃO";"361";"ENSINO FUNDAMENTAL";"2025";"2816";"";"0";"0";"100012604";"FOLHA DE PAGAMENTO";"45780103000150";"";"0";"PROPRIA";"31901104";"ADICIONAL NOTURNO";"FOLHA DE PAGAMENTO";"76.37";"2025";"L";"29/01/2025";"0";"01/01/2025";"31/01/2025";"13"
"UNIDADE DE GESTÃO DE EDUCAÇÃO";"12";"EDUCAÇÃO";"361";"ENSINO FUNDAMENTAL";"2025";"2817";"";"0";"0";"100012604";"FOLHA DE PAGAMENTO";"45780103000150";"";"0";"PROPRIA";"31901107";"ABONO DE PERMANENCIA";"FOLHA DE PAGAMENTO";"1665.26";"2025";"L";"29/01/2025";"0";"01/01/2025";"31/01/2025";"13"
"UNIDADE DE GESTÃO DE EDUCAÇÃO";"12";"EDUCAÇÃO";"361";"ENSINO FUNDAMENTAL";"2025";"2818";"";"0";"0";"100012604";"FOLHA DE PAGAMENTO";"45780103000150";"";"0";"PROPRIA";"31901110";"ADICIONAL DE INSALUBRIDADE";"FOLHA DE PAGAMENTO";"4128.96";"2025";"L";"29/01/2025";"0";"01/01/2025";"31/01/2025";"13"
"UNIDADE DE GESTÃO DE EDUCAÇÃO";"12";"EDUCAÇÃO";"361";"ENSINO FUNDAMENTAL";"2025";"2819";"";"0";"0";"100012604";"FOLHA DE PAGAMENTO";"45780103000150";"";"0";"PROPRIA";"31901133";"GRATIFICACOES POR EXERCICIO DE  FUNCOES";"FOLHA DE PAGAMENTO";"2427.42";"2025";"L";"29/01/2025";"0";"01/01/2025";"31/01/2025";"13"
"UNIDADE DE GESTÃO DE EDUCAÇÃO";"12";"EDUCAÇÃO";"361";"ENSINO FUNDAMENTAL";"2025";"2820";"";"0";"0";"100012604";"FOLHA DE PAGAMENTO";"45780103000150";"";"0";"PROPRIA";"31901137";"GRATIFICACOES POR TEMPO DE SERVICO";"FOLHA DE PAGAMENTO";"2350.16";"2025";"L";"29/01/2025";"0";"01/01/2025";"31/01/2025";"13"
"UNIDADE DE GESTÃO DE EDUCAÇÃO";"12";"EDUCAÇÃO";"361";"ENSINO FUNDAMENTAL";"2025";"2821";"";"0";"0";"100012604";"FOLHA DE PAGAMENTO";"45780103000150";"";"0";"PROPRIA";"31901137";"GRATIFICACOES POR TEMPO DE SERVICO";"FOLHA DE PAGAMENTO";"31107.93";"2025";"L";"29/01/2025";"0";"01/01/2025";"31/01/2025";"13"
"UNIDADE DE GESTÃO DE EDUCAÇÃO";"12";"EDUCAÇÃO";"361";"ENSINO FUNDAMENTAL";"2025";"2822";"";"0";"0";"100012604";"FOLHA DE PAGAMENTO";"45780103000150";"";"0";"PROPRIA";"31901145";"FÉRIAS - ABONO CONSTITUICOES";"FOLHA DE PAGAMENTO";"81.57";"2025";"L";"29/01/2025";"0";"01/01/2025";"31/01/2025";"13"
"UNIDADE DE GESTÃO DE EDUCAÇÃO";"12";"EDUCAÇÃO";"361";"ENSINO FUNDAMENTAL";"2025";"2823";"";"0";"0";"4000055";"FUNDO DE GARANTIA POR TEMPO DE SERVICO";"00360305000104";"";"0";"PROPRIA";"31901301";"FGTS";"FOLHA DE PAGAMENTO";"1534.96";"2025";"L";"29/01/2025";"0";"01/01/2025";"31/01/2025";"13"
"UNIDADE DE GESTÃO DE EDUCAÇÃO";"12";"EDUCAÇÃO";"361";"ENSINO FUNDAMENTAL";"2025";"2824";"";"0";"0";"4016168";"I.N.S.S -INST.NACIONAL DE SEGURO SOCIAL";"29979036000140";"";"0";"PROPRIA";"31901302";"CONTRIBUICOES PREVIDENCIARIAS - INSS";"FOLHA DE PAGAMENTO";"4320.74";"2025";"L";"29/01/2025";"0";"01/01/2025";"31/01/2025";"13"
"UNIDADE DE GESTÃO DE EDUCAÇÃO";"12";"EDUCAÇÃO";"361";"ENSINO FUNDAMENTAL";"2025";"2825";"";"0";"0";"100004453";"IPREJUN-INST.PREVIDENCIA DO MUN.JUNDIAI";"05507216000161";"";"0";"PROPRIA";"31911308";"CONTRIBUIÇÕES PREVIDENCIÁRIAS - RPPS - PESSOAL ATI";"FOLHA DE PAGAMENTO";"107717.58";"2025";"L";"29/01/2025";"0";"01/01/2025";"31/01/2025";"13"
"UNIDADE DE GESTÃO DE EDUCAÇÃO";"12";"EDUCAÇÃO";"361";"ENSINO FUNDAMENTAL";"2025";"2826";"";"0";"0";"100004453";"IPREJUN-INST.PREVIDENCIA DO MUN.JUNDIAI";"05507216000161";"";"0";"PROPRIA";"31911320";"ALÍQUOTA SUPLEMENTAR DE CONTRIBUIÇÃO PREVIDENCIÁRI";"FOLHA DE PAGAMENTO";"156427.37";"2025";"L";"29/01/2025";"0";"01/01/2025";"31/01/2025";"13"
"UNIDADE DE GESTÃO DE EDUCAÇÃO";"12";"EDUCAÇÃO";"361";"ENSINO FUNDAMENTAL";"2025";"2827";"";"0";"0";"100012604";"FOLHA DE PAGAMENTO";"45780103000150";"";"0";"PROPRIA";"33904901";"INDENIZACAO AUXILIO TRANSPORTE";"FOLHA DE PAGAMENTO";"550";"2025";"L";"29/01/2025";"0";"01/01/2025";"31/01/2025";"13"
"UNIDADE DE GESTÃO DE EDUCAÇÃO";"12";"EDUCAÇÃO";"361";"ENSINO FUNDAMENTAL";"2025";"2828";"";"0";"0";"100012604";"FOLHA DE PAGAMENTO";"45780103000150";"";"0";"PROPRIA";"33904901";"INDENIZACAO AUXILIO TRANSPORTE";"FOLHA DE PAGAMENTO";"18282";"2025";"L";"29/01/2025";"0";"01/01/2025";"31/01/2025";"13"
"UNIDADE DE GESTÃO DE EDUCAÇÃO";"12";"EDUCAÇÃO";"122";"ADMINISTRAÇÃO GERAL";"2025";"2829";"";"0";"0";"100012604";"FOLHA DE PAGAMENTO";"45780103000150";"";"0";"PROPRIA";"31901101";"VENCIMENTO E SALARIOS";"FOLHA DE PAGAMENTO";"86218.42";"2025";"L";"29/01/2025";"0";"01/01/2025";"31/01/2025";"13"
"UNIDADE DE GESTÃO DE EDUCAÇÃO";"12";"EDUCAÇÃO";"122";"ADMINISTRAÇÃO GERAL";"2025";"2830";"";"0";"0";"100012604";"FOLHA DE PAGAMENTO";"45780103000150";"";"0";"PROPRIA";"31901104";"ADICIONAL NOTURNO";"FOLHA DE PAGAMENTO";"297.9";"2025";"L";"29/01/2025";"0";"01/01/2025";"31/01/2025";"13"
"UNIDADE DE GESTÃO DE EDUCAÇÃO";"12";"EDUCAÇÃO";"122";"ADMINISTRAÇÃO GERAL";"2025";"2831";"";"0";"0";"100012604";"FOLHA DE PAGAMENTO";"45780103000150";"";"0";"PROPRIA";"31901107";"ABONO DE PERMANENCIA";"FOLHA DE PAGAMENTO";"4681.18";"2025";"L";"29/01/2025";"0";"01/01/2025";"31/01/2025";"13"
"UNIDADE DE GESTÃO DE EDUCAÇÃO";"12";"EDUCAÇÃO";"122";"ADMINISTRAÇÃO GERAL";"2025";"2832";"";"0";"0";"100012604";"FOLHA DE PAGAMENTO";"45780103000150";"";"0";"PROPRIA";"31901133";"GRATIFICACOES POR EXERCICIO DE  FUNCOES";"FOLHA DE PAGAMENTO";"6234.54";"2025";"L";"29/01/2025";"0";"01/01/2025";"31/01/2025";"13"
"UNIDADE DE GESTÃO DE EDUCAÇÃO";"12";"EDUCAÇÃO";"122";"ADMINISTRAÇÃO GERAL";"2025";"2833";"";"0";"0";"100012604";"FOLHA DE PAGAMENTO";"45780103000150";"";"0";"PROPRIA";"31901137";"GRATIFICACOES POR TEMPO DE SERVICO";"FOLHA DE PAGAMENTO";"8933.19";"2025";"L";"29/01/2025";"0";"01/01/2025";"31/01/2025";"13"
"UNIDADE DE GESTÃO DE EDUCAÇÃO";"12";"EDUCAÇÃO";"122";"ADMINISTRAÇÃO GERAL";"2025";"2834";"";"0";"0";"100012604";"FOLHA DE PAGAMENTO";"45780103000150";"";"0";"PROPRIA";"31901145";"FÉRIAS - ABONO CONSTITUICOES";"FOLHA DE PAGAMENTO";"110.45";"2025";"L";"29/01/2025";"0";"01/01/2025";"31/01/2025";"13"
"UNIDADE DE GESTÃO DE EDUCAÇÃO";"12";"EDUCAÇÃO";"122";"ADMINISTRAÇÃO GERAL";"2025";"2835";"";"0";"0";"100004453";"IPREJUN-INST.PREVIDENCIA DO MUN.JUNDIAI";"05507216000161";"";"0";"PROPRIA";"31911308";"CONTRIBUIÇÕES PREVIDENCIÁRIAS - RPPS - PESSOAL ATI";"FOLHA DE PAGAMENTO";"28703.46";"2025";"L";"29/01/2025";"0";"01/01/2025";"31/01/2025";"13"
"UNIDADE DE GESTÃO DE EDUCAÇÃO";"12";"EDUCAÇÃO";"122";"ADMINISTRAÇÃO GERAL";"2025";"2836";"";"0";"0";"100004453";"IPREJUN-INST.PREVIDENCIA DO MUN.JUNDIAI";"05507216000161";"";"0";"PROPRIA";"31911320";"ALÍQUOTA SUPLEMENTAR DE CONTRIBUIÇÃO PREVIDENCIÁRI";"FOLHA DE PAGAMENTO";"41683.13";"2025";"L";"29/01/2025";"0";"01/01/2025";"31/01/2025";"13"
"UNIDADE DE GESTÃO DE EDUCAÇÃO";"12";"EDUCAÇÃO";"122";"ADMINISTRAÇÃO GERAL";"2025";"2837";"";"0";"0";"100012604";"FOLHA DE PAGAMENTO";"45780103000150";"";"0";"PROPRIA";"33904901";"INDENIZACAO AUXILIO TRANSPORTE";"FOLHA DE PAGAMENTO";"2332";"2025";"L";"29/01/2025";"0";"01/01/2025";"31/01/2025";"13"
"UNIDADE DE GESTÃO DE PROMOÇÃO DA SAÚDE";"10";"SAÚDE";"122";"ADMINISTRAÇÃO GERAL";"2025";"2838";"";"0";"0";"100049213";"BB-PREVIDENCIA FUNDO DE PENSAO";"00544659000109";"";"0";"PROPRIA";"31900711";"CONTRIBUIÇÃO PATRONAL A ENTIDADES FECHADAS DE PREV";"FOLHA DE PAGAMENTO";"1523.73";"2025";"L";"30/01/2025";"0";"01/01/2025";"31/01/2025";"14"
"UNIDADE DE GESTÃO DE PROMOÇÃO DA SAÚDE";"10";"SAÚDE";"122";"ADMINISTRAÇÃO GERAL";"2025";"2839";"";"0";"0";"100012604";"FOLHA DE PAGAMENTO";"45780103000150";"";"0";"PROPRIA";"31901101";"VENCIMENTO E SALARIOS";"FOLHA DE PAGAMENTO";"31225.95";"2025";"L";"30/01/2025";"0";"01/01/2025";"31/01/2025";"14"
"UNIDADE DE GESTÃO DE PROMOÇÃO DA SAÚDE";"10";"SAÚDE";"122";"ADMINISTRAÇÃO GERAL";"2025";"2840";"";"0";"0";"100012604";"FOLHA DE PAGAMENTO";"45780103000150";"";"0";"PROPRIA";"31901101";"VENCIMENTO E SALARIOS";"FOLHA DE PAGAMENTO";"11822.67";"2025";"L";"30/01/2025";"0";"01/01/2025";"31/01/2025";"14"
"UNIDADE DE GESTÃO DE PROMOÇÃO DA SAÚDE";"10";"SAÚDE";"122";"ADMINISTRAÇÃO GERAL";"2025";"2841";"";"0";"0";"100012604";"FOLHA DE PAGAMENTO";"45780103000150";"";"0";"PROPRIA";"31901101";"VENCIMENTO E SALARIOS";"FOLHA DE PAGAMENTO";"445007.12";"2025";"L";"30/01/2025";"0";"01/01/2025";"31/01/2025";"14"
"UNIDADE DE GESTÃO DE PROMOÇÃO DA SAÚDE";"10";"SAÚDE";"122";"ADMINISTRAÇÃO GERAL";"2025";"2842";"";"0";"0";"100012604";"FOLHA DE PAGAMENTO";"45780103000150";"";"0";"PROPRIA";"31901105";"INCORPORADOS";"FOLHA DE PAGAMENTO";"2553.38";"2025";"L";"30/01/2025";"0";"01/01/2025";"31/01/2025";"14"
"UNIDADE DE GESTÃO DE PROMOÇÃO DA SAÚDE";"10";"SAÚDE";"122";"ADMINISTRAÇÃO GERAL";"2025";"2843";"";"0";"0";"100012604";"FOLHA DE PAGAMENTO";"45780103000150";"";"0";"PROPRIA";"31901107";"ABONO DE PERMANENCIA";"FOLHA DE PAGAMENTO";"7896.71";"2025";"L";"30/01/2025";"0";"01/01/2025";"31/01/2025";"14"
"UNIDADE DE GESTÃO DE PROMOÇÃO DA SAÚDE";"10";"SAÚDE";"122";"ADMINISTRAÇÃO GERAL";"2025";"2844";"";"0";"0";"100012604";"FOLHA DE PAGAMENTO";"45780103000150";"";"0";"PROPRIA";"31901110";"ADICIONAL DE INSALUBRIDADE";"FOLHA DE PAGAMENTO";"3501.52";"2025";"L";"30/01/2025";"0";"01/01/2025";"31/01/2025";"14"
"UNIDADE DE GESTÃO DE PROMOÇÃO DA SAÚDE";"10";"SAÚDE";"122";"ADMINISTRAÇÃO GERAL";"2025";"2845";"";"0";"0";"100012604";"FOLHA DE PAGAMENTO";"45780103000150";"";"0";"PROPRIA";"31901133";"GRATIFICACOES POR EXERCICIO DE  FUNCOES";"FOLHA DE PAGAMENTO";"32387.23";"2025";"L";"30/01/2025";"0";"01/01/2025";"31/01/2025";"14"
"UNIDADE DE GESTÃO DE PROMOÇÃO DA SAÚDE";"10";"SAÚDE";"122";"ADMINISTRAÇÃO GERAL";"2025";"2846";"";"0";"0";"100012604";"FOLHA DE PAGAMENTO";"45780103000150";"";"0";"PROPRIA";"31901137";"GRATIFICACOES POR TEMPO DE SERVICO";"FOLHA DE PAGAMENTO";"47184.61";"2025";"L";"30/01/2025";"0";"01/01/2025";"31/01/2025";"14"
"UNIDADE DE GESTÃO DE PROMOÇÃO DA SAÚDE";"10";"SAÚDE";"122";"ADMINISTRAÇÃO GERAL";"2025";"2847";"";"0";"0";"100012604";"FOLHA DE PAGAMENTO";"45780103000150";"";"0";"PROPRIA";"31901137";"GRATIFICACOES POR TEMPO DE SERVICO";"FOLHA DE PAGAMENTO";"4137.93";"2025";"L";"30/01/2025";"0";"01/01/2025";"31/01/2025";"14"
"UNIDADE DE GESTÃO DE PROMOÇÃO DA SAÚDE";"10";"SAÚDE";"122";"ADMINISTRAÇÃO GERAL";"2025";"2848";"";"0";"0";"100012604";"FOLHA DE PAGAMENTO";"45780103000150";"";"0";"PROPRIA";"31901144";"FÉRIAS - ABONO PECUNIARIO";"FOLHA DE PAGAMENTO";"652.57";"2025";"L";"30/01/2025";"0";"01/01/2025";"31/01/2025";"14"
"UNIDADE DE GESTÃO DE PROMOÇÃO DA SAÚDE";"10";"SAÚDE";"122";"ADMINISTRAÇÃO GERAL";"2025";"2849";"";"0";"0";"100012604";"FOLHA DE PAGAMENTO";"45780103000150";"";"0";"PROPRIA";"31901145";"FÉRIAS - ABONO CONSTITUICOES";"FOLHA DE PAGAMENTO";"1219.95";"2025";"L";"30/01/2025";"0";"01/01/2025";"31/01/2025";"14"
"UNIDADE DE GESTÃO DE PROMOÇÃO DA SAÚDE";"10";"SAÚDE";"122";"ADMINISTRAÇÃO GERAL";"2025";"2850";"";"0";"0";"100012604";"FOLHA DE PAGAMENTO";"45780103000150";"";"0";"PROPRIA";"31901175";"SUBSÍDIOS - AGENTES POLÍTICOS";"FOLHA DE PAGAMENTO";"24562.97";"2025";"L";"30/01/2025";"0";"01/01/2025";"31/01/2025";"14"
"UNIDADE DE GESTÃO DE PROMOÇÃO DA SAÚDE";"10";"SAÚDE";"122";"ADMINISTRAÇÃO GERAL";"2025";"2851";"";"0";"0";"4000055";"FUNDO DE GARANTIA POR TEMPO DE SERVICO";"00360305000104";"";"0";"PROPRIA";"31901301";"FGTS";"FOLHA DE PAGAMENTO";"1977.45";"2025";"L";"30/01/2025";"0";"01/01/2025";"31/01/2025";"14"
"UNIDADE DE GESTÃO DE PROMOÇÃO DA SAÚDE";"10";"SAÚDE";"122";"ADMINISTRAÇÃO GERAL";"2025";"2852";"";"0";"0";"4016168";"I.N.S.S -INST.NACIONAL DE SEGURO SOCIAL";"29979036000140";"";"0";"PROPRIA";"31901302";"CONTRIBUICOES PREVIDENCIARIAS - INSS";"FOLHA DE PAGAMENTO";"5566.28";"2025";"L";"30/01/2025";"0";"01/01/2025";"31/01/2025";"14"
"UNIDADE DE GESTÃO DE PROMOÇÃO DA SAÚDE";"10";"SAÚDE";"122";"ADMINISTRAÇÃO GERAL";"2025";"2853";"";"0";"0";"4016168";"I.N.S.S -INST.NACIONAL DE SEGURO SOCIAL";"29979036000140";"";"0";"PROPRIA";"31901302";"CONTRIBUICOES PREVIDENCIARIAS - INSS";"FOLHA DE PAGAMENTO";"7031.77";"2025";"L";"30/01/2025";"0";"01/01/2025";"31/01/2025";"14"
"UNIDADE DE GESTÃO DE PROMOÇÃO DA SAÚDE";"10";"SAÚDE";"122";"ADMINISTRAÇÃO GERAL";"2025";"2854";"";"0";"0";"4016168";"I.N.S.S -INST.NACIONAL DE SEGURO SOCIAL";"29979036000140";"";"0";"PROPRIA";"31901302";"CONTRIBUICOES PREVIDENCIARIAS - INSS";"FOLHA DE PAGAMENTO";"5531.34";"2025";"L";"30/01/2025";"0";"01/01/2025";"31/01/2025";"14"
"UNIDADE DE GESTÃO DE PROMOÇÃO DA SAÚDE";"10";"SAÚDE";"122";"ADMINISTRAÇÃO GERAL";"2025";"2855";"";"0";"0";"100012604";"FOLHA DE PAGAMENTO";"45780103000150";"";"0";"PROPRIA";"31901632";"SUBSTITUIÇÕES  RPPS";"FOLHA DE PAGAMENTO";"11688.32";"2025";"L";"30/01/2025";"0";"01/01/2025";"31/01/2025";"14"
"UNIDADE DE GESTÃO DE PROMOÇÃO DA SAÚDE";"10";"SAÚDE";"122";"ADMINISTRAÇÃO GERAL";"2025";"2856";"";"0";"0";"100012604";"FOLHA DE PAGAMENTO";"45780103000150";"";"0";"PROPRIA";"31901644";"SERVIÇOS EXTRAORDINÁRIOS";"FOLHA DE PAGAMENTO";"2938.53";"2025";"L";"30/01/2025";"0";"01/01/2025";"31/01/2025";"14"
"UNIDADE DE GESTÃO DE PROMOÇÃO DA SAÚDE";"10";"SAÚDE";"122";"ADMINISTRAÇÃO GERAL";"2025";"2857";"";"0";"0";"100004453";"IPREJUN-INST.PREVIDENCIA DO MUN.JUNDIAI";"05507216000161";"";"0";"PROPRIA";"31911308";"CONTRIBUIÇÕES PREVIDENCIÁRIAS - RPPS - PESSOAL ATI";"FOLHA DE PAGAMENTO";"114440.36";"2025";"L";"30/01/2025";"0";"01/01/2025";"31/01/2025";"14"
"UNIDADE DE GESTÃO DE PROMOÇÃO DA SAÚDE";"10";"SAÚDE";"122";"ADMINISTRAÇÃO GERAL";"2025";"2858";"";"0";"0";"100004453";"IPREJUN-INST.PREVIDENCIA DO MUN.JUNDIAI";"05507216000161";"";"0";"PROPRIA";"31911320";"ALÍQUOTA SUPLEMENTAR DE CONTRIBUIÇÃO PREVIDENCIÁRI";"FOLHA DE PAGAMENTO";"166190.03";"2025";"L";"30/01/2025";"0";"01/01/2025";"31/01/2025";"14"
"UNIDADE DE GESTÃO DE PROMOÇÃO DA SAÚDE";"10";"SAÚDE";"122";"ADMINISTRAÇÃO GERAL";"2025";"2859";"";"0";"0";"100012604";"FOLHA DE PAGAMENTO";"45780103000150";"";"0";"PROPRIA";"33904901";"INDENIZACAO AUXILIO TRANSPORTE";"FOLHA DE PAGAMENTO";"880";"2025";"L";"30/01/2025";"0";"01/01/2025";"31/01/2025";"14"
"UNIDADE DE GESTÃO DE PROMOÇÃO DA SAÚDE";"10";"SAÚDE";"122";"ADMINISTRAÇÃO GERAL";"2025";"2860";"";"0";"0";"100012604";"FOLHA DE PAGAMENTO";"45780103000150";"";"0";"PROPRIA";"33904901";"INDENIZACAO AUXILIO TRANSPORTE";"FOLHA DE PAGAMENTO";"32274";"2025";"L";"30/01/2025";"0";"01/01/2025";"31/01/2025";"14"
"UNIDADE DE GESTÃO DE PROMOÇÃO DA SAÚDE";"10";"SAÚDE";"122";"ADMINISTRAÇÃO GERAL";"2025";"2861";"";"0";"0";"100012604";"FOLHA DE PAGAMENTO";"45780103000150";"";"0";"PROPRIA";"33904901";"INDENIZACAO AUXILIO TRANSPORTE";"FOLHA DE PAGAMENTO";"880";"2025";"L";"30/01/2025";"0";"01/01/2025";"31/01/2025";"14"
"UNIDADE DE GESTÃO DE PROMOÇÃO DA SAÚDE";"10";"SAÚDE";"301";"ATENÇÃO BÁSICA";"2025";"2862";"";"0";"0";"100012604";"FOLHA DE PAGAMENTO";"45780103000150";"";"0";"PROPRIA";"31900411";"SALÁRIOS - CONTRATO TEMPORÁRIO";"FOLHA DE PAGAMENTO";"9200.78";"2025";"L";"30/01/2025";"0";"01/01/2025";"31/01/2025";"14"
"UNIDADE DE GESTÃO DE PROMOÇÃO DA SAÚDE";"10";"SAÚDE";"301";"ATENÇÃO BÁSICA";"2025";"2863";"";"0";"0";"100012604";"FOLHA DE PAGAMENTO";"45780103000150";"";"0";"PROPRIA";"31900411";"SALÁRIOS - CONTRATO TEMPORÁRIO";"FOLHA DE PAGAMENTO";"5085.62";"2025";"L";"30/01/2025";"0";"01/01/2025";"31/01/2025";"14"
"UNIDADE DE GESTÃO DE PROMOÇÃO DA SAÚDE";"10";"SAÚDE";"301";"ATENÇÃO BÁSICA";"2025";"2864";"";"0";"0";"100012604";"FOLHA DE PAGAMENTO";"45780103000150";"";"0";"PROPRIA";"31900411";"SALÁRIOS - CONTRATO TEMPORÁRIO";"FOLHA DE PAGAMENTO";"73095.01";"2025";"L";"30/01/2025";"0";"01/01/2025";"31/01/2025";"14"
"UNIDADE DE GESTÃO DE PROMOÇÃO DA SAÚDE";"10";"SAÚDE";"301";"ATENÇÃO BÁSICA";"2025";"2865";"";"0";"0";"4016168";"I.N.S.S -INST.NACIONAL DE SEGURO SOCIAL";"29979036000140";"";"0";"PROPRIA";"31900416";"OBRIGAÇÕES PATRONAIS - INSS - CONTRATO TEMPORÁRIO";"FOLHA DE PAGAMENTO";"38914.47";"2025";"L";"30/01/2025";"0";"01/01/2025";"31/01/2025";"14"
"UNIDADE DE GESTÃO DE PROMOÇÃO DA SAÚDE";"10";"SAÚDE";"301";"ATENÇÃO BÁSICA";"2025";"2866";"";"0";"0";"4000055";"FUNDO DE GARANTIA POR TEMPO DE SERVICO";"00360305000104";"";"0";"PROPRIA";"31900417";"OBRIGAÇÕES PATRONAIS - FGTS - CONTRATO TEMPORÁRIO";"FOLHA DE PAGAMENTO";"3753.6";"2025";"L";"30/01/2025";"0";"01/01/2025";"31/01/2025";"14"
"UNIDADE DE GESTÃO DE PROMOÇÃO DA SAÚDE";"10";"SAÚDE";"301";"ATENÇÃO BÁSICA";"2025";"2867";"";"0";"0";"100049213";"BB-PREVIDENCIA FUNDO DE PENSAO";"00544659000109";"";"0";"PROPRIA";"31900711";"CONTRIBUIÇÃO PATRONAL A ENTIDADES FECHADAS DE PREV";"FOLHA DE PAGAMENTO";"7001.09";"2025";"L";"30/01/2025";"0";"01/01/2025";"31/01/2025";"14"
"UNIDADE DE GESTÃO DE PROMOÇÃO DA SAÚDE";"10";"SAÚDE";"301";"ATENÇÃO BÁSICA";"2025";"2868";"";"0";"0";"100012604";"FOLHA DE PAGAMENTO";"45780103000150";"";"0";"PROPRIA";"31901101";"VENCIMENTO E SALARIOS";"FOLHA DE PAGAMENTO";"61418.13";"2025";"L";"30/01/2025";"0";"01/01/2025";"31/01/2025";"14"
"UNIDADE DE GESTÃO DE PROMOÇÃO DA SAÚDE";"10";"SAÚDE";"301";"ATENÇÃO BÁSICA";"2025";"2869";"";"0";"0";"100012604";"FOLHA DE PAGAMENTO";"45780103000150";"";"0";"PROPRIA";"31901101";"VENCIMENTO E SALARIOS";"FOLHA DE PAGAMENTO";"3841226.63";"2025";"L";"30/01/2025";"0";"01/01/2025";"31/01/2025";"14"
"UNIDADE DE GESTÃO DE PROMOÇÃO DA SAÚDE";"10";"SAÚDE";"301";"ATENÇÃO BÁSICA";"2025";"2870";"";"0";"0";"100012604";"FOLHA DE PAGAMENTO";"45780103000150";"";"0";"PROPRIA";"31901101";"VENCIMENTO E SALARIOS";"FOLHA DE PAGAMENTO";"3297.06";"2025";"L";"30/01/2025";"0";"01/01/2025";"31/01/2025";"14"
"UNIDADE DE GESTÃO DE PROMOÇÃO DA SAÚDE";"10";"SAÚDE";"301";"ATENÇÃO BÁSICA";"2025";"2871";"";"0";"0";"100012604";"FOLHA DE PAGAMENTO";"45780103000150";"";"0";"PROPRIA";"31901104";"ADICIONAL NOTURNO";"FOLHA DE PAGAMENTO";"862.39";"2025";"L";"30/01/2025";"0";"01/01/2025";"31/01/2025";"14"
"UNIDADE DE GESTÃO DE PROMOÇÃO DA SAÚDE";"10";"SAÚDE";"301";"ATENÇÃO BÁSICA";"2025";"2872";"";"0";"0";"100012604";"FOLHA DE PAGAMENTO";"45780103000150";"";"0";"PROPRIA";"31901107";"ABONO DE PERMANENCIA";"FOLHA DE PAGAMENTO";"30949.17";"2025";"L";"30/01/2025";"0";"01/01/2025";"31/01/2025";"14"
"UNIDADE DE GESTÃO DE PROMOÇÃO DA SAÚDE";"10";"SAÚDE";"301";"ATENÇÃO BÁSICA";"2025";"2873";"";"0";"0";"100012604";"FOLHA DE PAGAMENTO";"45780103000150";"";"0";"PROPRIA";"31901110";"ADICIONAL DE INSALUBRIDADE";"FOLHA DE PAGAMENTO";"304347.46";"2025";"L";"30/01/2025";"0";"01/01/2025";"31/01/2025";"14"
"UNIDADE DE GESTÃO DE PROMOÇÃO DA SAÚDE";"10";"SAÚDE";"301";"ATENÇÃO BÁSICA";"2025";"2874";"";"0";"0";"100012604";"FOLHA DE PAGAMENTO";"45780103000150";"";"0";"PROPRIA";"31901110";"ADICIONAL DE INSALUBRIDADE";"FOLHA DE PAGAMENTO";"1892.44";"2025";"L";"30/01/2025";"0";"01/01/2025";"31/01/2025";"14"
"UNIDADE DE GESTÃO DE PROMOÇÃO DA SAÚDE";"10";"SAÚDE";"301";"ATENÇÃO BÁSICA";"2025";"2875";"";"0";"0";"100012604";"FOLHA DE PAGAMENTO";"45780103000150";"";"0";"PROPRIA";"31901131";"GRATIFICACOES POR EXERCICIO DE  CARGO";"FOLHA DE PAGAMENTO";"11180.01";"2025";"L";"30/01/2025";"0";"01/01/2025";"31/01/2025";"14"
"UNIDADE DE GESTÃO DE PROMOÇÃO DA SAÚDE";"10";"SAÚDE";"301";"ATENÇÃO BÁSICA";"2025";"2876";"";"0";"0";"100012604";"FOLHA DE PAGAMENTO";"45780103000150";"";"0";"PROPRIA";"31901137";"GRATIFICACOES POR TEMPO DE SERVICO";"FOLHA DE PAGAMENTO";"340065.81";"2025";"L";"30/01/2025";"0";"01/01/2025";"31/01/2025";"14"
"UNIDADE DE GESTÃO DE PROMOÇÃO DA SAÚDE";"10";"SAÚDE";"301";"ATENÇÃO BÁSICA";"2025";"2877";"";"0";"0";"100012604";"FOLHA DE PAGAMENTO";"45780103000150";"";"0";"PROPRIA";"31901137";"GRATIFICACOES POR TEMPO DE SERVICO";"FOLHA DE PAGAMENTO";"22276.78";"2025";"L";"30/01/2025";"0";"01/01/2025";"31/01/2025";"14"
"UNIDADE DE GESTÃO DE PROMOÇÃO DA SAÚDE";"10";"SAÚDE";"301";"ATENÇÃO BÁSICA";"2025";"2878";"";"0";"0";"100012604";"FOLHA DE PAGAMENTO";"45780103000150";"";"0";"PROPRIA";"31901144";"FÉRIAS - ABONO PECUNIARIO";"FOLHA DE PAGAMENTO";"7667.7";"2025";"L";"30/01/2025";"0";"01/01/2025";"31/01/2025";"14"
"UNIDADE DE GESTÃO DE PROMOÇÃO DA SAÚDE";"10";"SAÚDE";"301";"ATENÇÃO BÁSICA";"2025";"2879";"";"0";"0";"100012604";"FOLHA DE PAGAMENTO";"45780103000150";"";"0";"PROPRIA";"31901145";"FÉRIAS - ABONO CONSTITUICOES";"FOLHA DE PAGAMENTO";"4.25";"2025";"L";"30/01/2025";"0";"01/01/2025";"31/01/2025";"14"
"UNIDADE DE GESTÃO DE PROMOÇÃO DA SAÚDE";"10";"SAÚDE";"301";"ATENÇÃO BÁSICA";"2025";"2880";"";"0";"0";"100012604";"FOLHA DE PAGAMENTO";"45780103000150";"";"0";"PROPRIA";"31901145";"FÉRIAS - ABONO CONSTITUICOES";"FOLHA DE PAGAMENTO";"8515.08";"2025";"L";"30/01/2025";"0";"01/01/2025";"31/01/2025";"14"
"UNIDADE DE GESTÃO DE PROMOÇÃO DA SAÚDE";"10";"SAÚDE";"301";"ATENÇÃO BÁSICA";"2025";"2881";"";"0";"0";"100012604";"FOLHA DE PAGAMENTO";"45780103000150";"";"0";"PROPRIA";"31901151";"OUTROS ADICIONAIS. VANTAGENS. GRATIFICAÇÕES E OUTR";"FOLHA DE PAGAMENTO";"39327.54";"2025";"L";"30/01/2025";"0";"01/01/2025";"31/01/2025";"14"
"UNIDADE DE GESTÃO DE PROMOÇÃO DA SAÚDE";"10";"SAÚDE";"301";"ATENÇÃO BÁSICA";"2025";"2882";"";"0";"0";"4000055";"FUNDO DE GARANTIA POR TEMPO DE SERVICO";"00360305000104";"";"0";"PROPRIA";"31901301";"FGTS";"FOLHA DE PAGAMENTO";"11390.57";"2025";"L";"30/01/2025";"0";"01/01/2025";"31/01/2025";"14"
"UNIDADE DE GESTÃO DE PROMOÇÃO DA SAÚDE";"10";"SAÚDE";"301";"ATENÇÃO BÁSICA";"2025";"2883";"";"0";"0";"4016168";"I.N.S.S -INST.NACIONAL DE SEGURO SOCIAL";"29979036000140";"";"0";"PROPRIA";"31901302";"CONTRIBUICOES PREVIDENCIARIAS - INSS";"FOLHA DE PAGAMENTO";"40606.08";"2025";"L";"30/01/2025";"0";"01/01/2025";"31/01/2025";"14"
"UNIDADE DE GESTÃO DE PROMOÇÃO DA SAÚDE";"10";"SAÚDE";"301";"ATENÇÃO BÁSICA";"2025";"2884";"";"0";"0";"4016168";"I.N.S.S -INST.NACIONAL DE SEGURO SOCIAL";"29979036000140";"";"0";"PROPRIA";"31901302";"CONTRIBUICOES PREVIDENCIARIAS - INSS";"FOLHA DE PAGAMENTO";"742.46";"2025";"L";"30/01/2025";"0";"01/01/2025";"31/01/2025";"14"
"UNIDADE DE GESTÃO DE PROMOÇÃO DA SAÚDE";"10";"SAÚDE";"301";"ATENÇÃO BÁSICA";"2025";"2885";"";"0";"0";"100012604";"FOLHA DE PAGAMENTO";"45780103000150";"";"0";"PROPRIA";"31901644";"SERVIÇOS EXTRAORDINÁRIOS";"FOLHA DE PAGAMENTO";"15548.12";"2025";"L";"30/01/2025";"0";"01/01/2025";"31/01/2025";"14"
"UNIDADE DE GESTÃO DE PROMOÇÃO DA SAÚDE";"10";"SAÚDE";"301";"ATENÇÃO BÁSICA";"2025";"2886";"";"0";"0";"100004453";"IPREJUN-INST.PREVIDENCIA DO MUN.JUNDIAI";"05507216000161";"";"0";"PROPRIA";"31911308";"CONTRIBUIÇÕES PREVIDENCIÁRIAS - RPPS - PESSOAL ATI";"FOLHA DE PAGAMENTO";"998237.55";"2025";"L";"30/01/2025";"0";"01/01/2025";"31/01/2025";"14"
"UNIDADE DE GESTÃO DE PROMOÇÃO DA SAÚDE";"10";"SAÚDE";"301";"ATENÇÃO BÁSICA";"2025";"2887";"";"0";"0";"100004453";"IPREJUN-INST.PREVIDENCIA DO MUN.JUNDIAI";"05507216000161";"";"0";"PROPRIA";"31911320";"ALÍQUOTA SUPLEMENTAR DE CONTRIBUIÇÃO PREVIDENCIÁRI";"FOLHA DE PAGAMENTO";"1449637.97";"2025";"L";"30/01/2025";"0";"01/01/2025";"31/01/2025";"14"
"UNIDADE DE GESTÃO DE PROMOÇÃO DA SAÚDE";"10";"SAÚDE";"301";"ATENÇÃO BÁSICA";"2025";"2888";"";"0";"0";"100012604";"FOLHA DE PAGAMENTO";"45780103000150";"";"0";"PROPRIA";"33904901";"INDENIZACAO AUXILIO TRANSPORTE";"FOLHA DE PAGAMENTO";"220";"2025";"L";"30/01/2025";"0";"01/01/2025";"31/01/2025";"14"
"UNIDADE DE GESTÃO DE PROMOÇÃO DA SAÚDE";"10";"SAÚDE";"301";"ATENÇÃO BÁSICA";"2025";"2889";"";"0";"0";"100012604";"FOLHA DE PAGAMENTO";"45780103000150";"";"0";"PROPRIA";"33904901";"INDENIZACAO AUXILIO TRANSPORTE";"FOLHA DE PAGAMENTO";"2288";"2025";"L";"30/01/2025";"0";"01/01/2025";"31/01/2025";"14"
"UNIDADE DE GESTÃO DE PROMOÇÃO DA SAÚDE";"10";"SAÚDE";"301";"ATENÇÃO BÁSICA";"2025";"2890";"";"0";"0";"100012604";"FOLHA DE PAGAMENTO";"45780103000150";"";"0";"PROPRIA";"33904901";"INDENIZACAO AUXILIO TRANSPORTE";"FOLHA DE PAGAMENTO";"7590";"2025";"L";"30/01/2025";"0";"01/01/2025";"31/01/2025";"14"
"UNIDADE DE GESTÃO DE PROMOÇÃO DA SAÚDE";"10";"SAÚDE";"301";"ATENÇÃO BÁSICA";"2025";"2891";"";"0";"0";"100012604";"FOLHA DE PAGAMENTO";"45780103000150";"";"0";"PROPRIA";"33904901";"INDENIZACAO AUXILIO TRANSPORTE";"FOLHA DE PAGAMENTO";"266002";"2025";"L";"30/01/2025";"0";"01/01/2025";"31/01/2025";"14"
"UNIDADE DE GESTÃO DE PROMOÇÃO DA SAÚDE";"10";"SAÚDE";"302";"ASSISTÊNCIA HOSPITALAR E AMBULATORIAL";"2025";"2892";"";"0";"0";"100012604";"FOLHA DE PAGAMENTO";"45780103000150";"";"0";"PROPRIA";"31900411";"SALÁRIOS - CONTRATO TEMPORÁRIO";"FOLHA DE PAGAMENTO";"32205.57";"2025";"L";"30/01/2025";"0";"01/01/2025";"31/01/2025";"14"
"UNIDADE DE GESTÃO DE PROMOÇÃO DA SAÚDE";"10";"SAÚDE";"302";"ASSISTÊNCIA HOSPITALAR E AMBULATORIAL";"2025";"2893";"";"0";"0";"100012604";"FOLHA DE PAGAMENTO";"45780103000150";"";"0";"PROPRIA";"31900411";"SALÁRIOS - CONTRATO TEMPORÁRIO";"FOLHA DE PAGAMENTO";"2125.2";"2025";"L";"30/01/2025";"0";"01/01/2025";"31/01/2025";"14"
"UNIDADE DE GESTÃO DE PROMOÇÃO DA SAÚDE";"10";"SAÚDE";"302";"ASSISTÊNCIA HOSPITALAR E AMBULATORIAL";"2025";"2894";"";"0";"0";"4016168";"I.N.S.S -INST.NACIONAL DE SEGURO SOCIAL";"29979036000140";"";"0";"PROPRIA";"31900416";"OBRIGAÇÕES PATRONAIS - INSS - CONTRATO TEMPORÁRIO";"FOLHA DE PAGAMENTO";"16640.16";"2025";"L";"30/01/2025";"0";"01/01/2025";"31/01/2025";"14"
"UNIDADE DE GESTÃO DE PROMOÇÃO DA SAÚDE";"10";"SAÚDE";"302";"ASSISTÊNCIA HOSPITALAR E AMBULATORIAL";"2025";"2895";"";"0";"0";"100012604";"FOLHA DE PAGAMENTO";"45780103000150";"";"0";"PROPRIA";"31900499";"OUTRAS CONTRATACOES POR TEMPO DETERMINADO";"FOLHA DE PAGAMENTO";"6392.15";"2025";"L";"30/01/2025";"0";"01/01/2025";"31/01/2025";"14"
"UNIDADE DE GESTÃO DE PROMOÇÃO DA SAÚDE";"10";"SAÚDE";"302";"ASSISTÊNCIA HOSPITALAR E AMBULATORIAL";"2025";"2896";"";"0";"0";"100049213";"BB-PREVIDENCIA FUNDO DE PENSAO";"00544659000109";"";"0";"PROPRIA";"31900711";"CONTRIBUIÇÃO PATRONAL A ENTIDADES FECHADAS DE PREV";"FOLHA DE PAGAMENTO";"3549.64";"2025";"L";"30/01/2025";"0";"01/01/2025";"31/01/2025";"14"
"UNIDADE DE GESTÃO DE PROMOÇÃO DA SAÚDE";"10";"SAÚDE";"302";"ASSISTÊNCIA HOSPITALAR E AMBULATORIAL";"2025";"2897";"";"0";"0";"100012604";"FOLHA DE PAGAMENTO";"45780103000150";"";"0";"PROPRIA";"31901101";"VENCIMENTO E SALARIOS";"FOLHA DE PAGAMENTO";"19257.59";"2025";"L";"30/01/2025";"0";"01/01/2025";"31/01/2025";"14"
"UNIDADE DE GESTÃO DE PROMOÇÃO DA SAÚDE";"10";"SAÚDE";"302";"ASSISTÊNCIA HOSPITALAR E AMBULATORIAL";"2025";"2898";"";"0";"0";"100012604";"FOLHA DE PAGAMENTO";"45780103000150";"";"0";"PROPRIA";"31901101";"VENCIMENTO E SALARIOS";"FOLHA DE PAGAMENTO";"8308.6";"2025";"L";"30/01/2025";"0";"01/01/2025";"31/01/2025";"14"
"UNIDADE DE GESTÃO DE PROMOÇÃO DA SAÚDE";"10";"SAÚDE";"302";"ASSISTÊNCIA HOSPITALAR E AMBULATORIAL";"2025";"2899";"";"0";"0";"100012604";"FOLHA DE PAGAMENTO";"45780103000150";"";"0";"PROPRIA";"31901101";"VENCIMENTO E SALARIOS";"FOLHA DE PAGAMENTO";"1598709.23";"2025";"L";"30/01/2025";"0";"01/01/2025";"31/01/2025";"14"
"UNIDADE DE GESTÃO DE PROMOÇÃO DA SAÚDE";"10";"SAÚDE";"302";"ASSISTÊNCIA HOSPITALAR E AMBULATORIAL";"2025";"2900";"";"0";"0";"100012604";"FOLHA DE PAGAMENTO";"45780103000150";"";"0";"PROPRIA";"31901104";"ADICIONAL NOTURNO";"FOLHA DE PAGAMENTO";"6790.71";"2025";"L";"30/01/2025";"0";"01/01/2025";"31/01/2025";"14"
"UNIDADE DE GESTÃO DE PROMOÇÃO DA SAÚDE";"10";"SAÚDE";"302";"ASSISTÊNCIA HOSPITALAR E AMBULATORIAL";"2025";"2901";"";"0";"0";"100012604";"FOLHA DE PAGAMENTO";"45780103000150";"";"0";"PROPRIA";"31901107";"ABONO DE PERMANENCIA";"FOLHA DE PAGAMENTO";"19129.14";"2025";"L";"30/01/2025";"0";"01/01/2025";"31/01/2025";"14"
"UNIDADE DE GESTÃO DE PROMOÇÃO DA SAÚDE";"10";"SAÚDE";"302";"ASSISTÊNCIA HOSPITALAR E AMBULATORIAL";"2025";"2902";"";"0";"0";"100012604";"FOLHA DE PAGAMENTO";"45780103000150";"";"0";"PROPRIA";"31901109";"ADICIONAL DE PERICULOSIDADE";"FOLHA DE PAGAMENTO";"2289.46";"2025";"L";"30/01/2025";"0";"01/01/2025";"31/01/2025";"14"
"UNIDADE DE GESTÃO DE PROMOÇÃO DA SAÚDE";"10";"SAÚDE";"302";"ASSISTÊNCIA HOSPITALAR E AMBULATORIAL";"2025";"2903";"";"0";"0";"100012604";"FOLHA DE PAGAMENTO";"45780103000150";"";"0";"PROPRIA";"31901110";"ADICIONAL DE INSALUBRIDADE";"FOLHA DE PAGAMENTO";"151.8";"2025";"L";"30/01/2025";"0";"01/01/2025";"31/01/2025";"14"
"UNIDADE DE GESTÃO DE PROMOÇÃO DA SAÚDE";"10";"SAÚDE";"302";"ASSISTÊNCIA HOSPITALAR E AMBULATORIAL";"2025";"2904";"";"0";"0";"100012604";"FOLHA DE PAGAMENTO";"45780103000150";"";"0";"PROPRIA";"31901110";"ADICIONAL DE INSALUBRIDADE";"FOLHA DE PAGAMENTO";"81623.57";"2025";"L";"30/01/2025";"0";"01/01/2025";"31/01/2025";"14"
"UNIDADE DE GESTÃO DE PROMOÇÃO DA SAÚDE";"10";"SAÚDE";"302";"ASSISTÊNCIA HOSPITALAR E AMBULATORIAL";"2025";"2905";"";"0";"0";"100012604";"FOLHA DE PAGAMENTO";"45780103000150";"";"0";"PROPRIA";"31901137";"GRATIFICACOES POR TEMPO DE SERVICO";"FOLHA DE PAGAMENTO";"160245.32";"2025";"L";"30/01/2025";"0";"01/01/2025";"31/01/2025";"14"
"UNIDADE DE GESTÃO DE PROMOÇÃO DA SAÚDE";"10";"SAÚDE";"302";"ASSISTÊNCIA HOSPITALAR E AMBULATORIAL";"2025";"2906";"";"0";"0";"100012604";"FOLHA DE PAGAMENTO";"45780103000150";"";"0";"PROPRIA";"31901137";"GRATIFICACOES POR TEMPO DE SERVICO";"FOLHA DE PAGAMENTO";"2589.91";"2025";"L";"30/01/2025";"0";"01/01/2025";"31/01/2025";"14"
"UNIDADE DE GESTÃO DE PROMOÇÃO DA SAÚDE";"10";"SAÚDE";"302";"ASSISTÊNCIA HOSPITALAR E AMBULATORIAL";"2025";"2907";"";"0";"0";"100012604";"FOLHA DE PAGAMENTO";"45780103000150";"";"0";"PROPRIA";"31901143";"13 SALARIO";"FOLHA DE PAGAMENTO";"1090.04";"2025";"L";"30/01/2025";"0";"01/01/2025";"31/01/2025";"14"
"UNIDADE DE GESTÃO DE PROMOÇÃO DA SAÚDE";"10";"SAÚDE";"302";"ASSISTÊNCIA HOSPITALAR E AMBULATORIAL";"2025";"2908";"";"0";"0";"100012604";"FOLHA DE PAGAMENTO";"45780103000150";"";"0";"PROPRIA";"31901144";"FÉRIAS - ABONO PECUNIARIO";"FOLHA DE PAGAMENTO";"174.57";"2025";"L";"30/01/2025";"0";"01/01/2025";"31/01/2025";"14"
"UNIDADE DE GESTÃO DE PROMOÇÃO DA SAÚDE";"10";"SAÚDE";"302";"ASSISTÊNCIA HOSPITALAR E AMBULATORIAL";"2025";"2909";"";"0";"0";"100012604";"FOLHA DE PAGAMENTO";"45780103000150";"";"0";"PROPRIA";"31901145";"FÉRIAS - ABONO CONSTITUICOES";"FOLHA DE PAGAMENTO";"133.81";"2025";"L";"30/01/2025";"0";"01/01/2025";"31/01/2025";"14"
"UNIDADE DE GESTÃO DE PROMOÇÃO DA SAÚDE";"10";"SAÚDE";"302";"ASSISTÊNCIA HOSPITALAR E AMBULATORIAL";"2025";"2910";"";"0";"0";"100012604";"FOLHA DE PAGAMENTO";"45780103000150";"";"0";"PROPRIA";"31901151";"OUTROS ADICIONAIS. VANTAGENS. GRATIFICAÇÕES E OUTR";"FOLHA DE PAGAMENTO";"15822.17";"2025";"L";"30/01/2025";"0";"01/01/2025";"31/01/2025";"14"
"UNIDADE DE GESTÃO DE PROMOÇÃO DA SAÚDE";"10";"SAÚDE";"302";"ASSISTÊNCIA HOSPITALAR E AMBULATORIAL";"2025";"2911";"";"0";"0";"4000055";"FUNDO DE GARANTIA POR TEMPO DE SERVICO";"00360305000104";"";"0";"PROPRIA";"31901301";"FGTS";"FOLHA DE PAGAMENTO";"1893.07";"2025";"L";"30/01/2025";"0";"01/01/2025";"31/01/2025";"14"
"UNIDADE DE GESTÃO DE PROMOÇÃO DA SAÚDE";"10";"SAÚDE";"302";"ASSISTÊNCIA HOSPITALAR E AMBULATORIAL";"2025";"2912";"";"0";"0";"4016168";"I.N.S.S -INST.NACIONAL DE SEGURO SOCIAL";"29979036000140";"";"0";"PROPRIA";"31901302";"CONTRIBUICOES PREVIDENCIARIAS - INSS";"FOLHA DE PAGAMENTO";"6748.57";"2025";"L";"30/01/2025";"0";"01/01/2025";"31/01/2025";"14"
"UNIDADE DE GESTÃO DE PROMOÇÃO DA SAÚDE";"10";"SAÚDE";"302";"ASSISTÊNCIA HOSPITALAR E AMBULATORIAL";"2025";"2913";"";"0";"0";"4016168";"I.N.S.S -INST.NACIONAL DE SEGURO SOCIAL";"29979036000140";"";"0";"PROPRIA";"31901302";"CONTRIBUICOES PREVIDENCIARIAS - INSS";"FOLHA DE PAGAMENTO";"4336.61";"2025";"L";"30/01/2025";"0";"01/01/2025";"31/01/2025";"14"
"UNIDADE DE GESTÃO DE PROMOÇÃO DA SAÚDE";"10";"SAÚDE";"302";"ASSISTÊNCIA HOSPITALAR E AMBULATORIAL";"2025";"2914";"";"0";"0";"100012604";"FOLHA DE PAGAMENTO";"45780103000150";"";"0";"PROPRIA";"31901644";"SERVIÇOS EXTRAORDINÁRIOS";"FOLHA DE PAGAMENTO";"47266.29";"2025";"L";"30/01/2025";"0";"01/01/2025";"31/01/2025";"14"
"UNIDADE DE GESTÃO DE PROMOÇÃO DA SAÚDE";"10";"SAÚDE";"302";"ASSISTÊNCIA HOSPITALAR E AMBULATORIAL";"2025";"2915";"";"0";"0";"100004453";"IPREJUN-INST.PREVIDENCIA DO MUN.JUNDIAI";"05507216000161";"";"0";"PROPRIA";"31911308";"CONTRIBUIÇÕES PREVIDENCIÁRIAS - RPPS - PESSOAL ATI";"FOLHA DE PAGAMENTO";"397283.77";"2025";"L";"30/01/2025";"0";"01/01/2025";"31/01/2025";"14"
"UNIDADE DE GESTÃO DE PROMOÇÃO DA SAÚDE";"10";"SAÚDE";"302";"ASSISTÊNCIA HOSPITALAR E AMBULATORIAL";"2025";"2916";"";"0";"0";"100004453";"IPREJUN-INST.PREVIDENCIA DO MUN.JUNDIAI";"05507216000161";"";"0";"PROPRIA";"31911320";"ALÍQUOTA SUPLEMENTAR DE CONTRIBUIÇÃO PREVIDENCIÁRI";"FOLHA DE PAGAMENTO";"576934.8";"2025";"L";"30/01/2025";"0";"01/01/2025";"31/01/2025";"14"
"UNIDADE DE GESTÃO DE PROMOÇÃO DA SAÚDE";"10";"SAÚDE";"302";"ASSISTÊNCIA HOSPITALAR E AMBULATORIAL";"2025";"2917";"";"0";"0";"100012604";"FOLHA DE PAGAMENTO";"45780103000150";"";"0";"PROPRIA";"33904901";"INDENIZACAO AUXILIO TRANSPORTE";"FOLHA DE PAGAMENTO";"2398";"2025";"L";"30/01/2025";"0";"01/01/2025";"31/01/2025";"14"
"UNIDADE DE GESTÃO DE PROMOÇÃO DA SAÚDE";"10";"SAÚDE";"302";"ASSISTÊNCIA HOSPITALAR E AMBULATORIAL";"2025";"2918";"";"0";"0";"100012604";"FOLHA DE PAGAMENTO";"45780103000150";"";"0";"PROPRIA";"33904901";"INDENIZACAO AUXILIO TRANSPORTE";"FOLHA DE PAGAMENTO";"836";"2025";"L";"30/01/2025";"0";"01/01/2025";"31/01/2025";"14"
"UNIDADE DE GESTÃO DE PROMOÇÃO DA SAÚDE";"10";"SAÚDE";"302";"ASSISTÊNCIA HOSPITALAR E AMBULATORIAL";"2025";"2919";"";"0";"0";"100012604";"FOLHA DE PAGAMENTO";"45780103000150";"";"0";"PROPRIA";"33904901";"INDENIZACAO AUXILIO TRANSPORTE";"FOLHA DE PAGAMENTO";"66";"2025";"L";"30/01/2025";"0";"01/01/2025";"31/01/2025";"14"
"UNIDADE DE GESTÃO DE PROMOÇÃO DA SAÚDE";"10";"SAÚDE";"302";"ASSISTÊNCIA HOSPITALAR E AMBULATORIAL";"2025";"2920";"";"0";"0";"100012604";"FOLHA DE PAGAMENTO";"45780103000150";"";"0";"PROPRIA";"33904901";"INDENIZACAO AUXILIO TRANSPORTE";"FOLHA DE PAGAMENTO";"89518";"2025";"L";"30/01/2025";"0";"01/01/2025";"31/01/2025";"14"
"UNIDADE DE GESTÃO DE PROMOÇÃO DA SAÚDE";"10";"SAÚDE";"305";"VIGILÂNCIA EPIDEMIOLÓGICA";"2025";"2921";"";"0";"0";"100012604";"FOLHA DE PAGAMENTO";"45780103000150";"";"0";"PROPRIA";"31900411";"SALÁRIOS - CONTRATO TEMPORÁRIO";"FOLHA DE PAGAMENTO";"3108.31";"2025";"L";"30/01/2025";"0";"01/01/2025";"31/01/2025";"14"
"UNIDADE DE GESTÃO DE PROMOÇÃO DA SAÚDE";"10";"SAÚDE";"305";"VIGILÂNCIA EPIDEMIOLÓGICA";"2025";"2922";"";"0";"0";"100012604";"FOLHA DE PAGAMENTO";"45780103000150";"";"0";"PROPRIA";"31900411";"SALÁRIOS - CONTRATO TEMPORÁRIO";"FOLHA DE PAGAMENTO";"303.6";"2025";"L";"30/01/2025";"0";"01/01/2025";"31/01/2025";"14"
"UNIDADE DE GESTÃO DE PROMOÇÃO DA SAÚDE";"10";"SAÚDE";"305";"VIGILÂNCIA EPIDEMIOLÓGICA";"2025";"2923";"";"0";"0";"4016168";"I.N.S.S -INST.NACIONAL DE SEGURO SOCIAL";"29979036000140";"";"0";"PROPRIA";"31900416";"OBRIGAÇÕES PATRONAIS - INSS - CONTRATO TEMPORÁRIO";"FOLHA DE PAGAMENTO";"1450.37";"2025";"L";"30/01/2025";"0";"01/01/2025";"31/01/2025";"14"
"UNIDADE DE GESTÃO DE PROMOÇÃO DA SAÚDE";"10";"SAÚDE";"305";"VIGILÂNCIA EPIDEMIOLÓGICA";"2025";"2924";"";"0";"0";"100049213";"BB-PREVIDENCIA FUNDO DE PENSAO";"00544659000109";"";"0";"PROPRIA";"31900711";"CONTRIBUIÇÃO PATRONAL A ENTIDADES FECHADAS DE PREV";"FOLHA DE PAGAMENTO";"78.89";"2025";"L";"30/01/2025";"0";"01/01/2025";"31/01/2025";"14"
"UNIDADE DE GESTÃO DE PROMOÇÃO DA SAÚDE";"10";"SAÚDE";"305";"VIGILÂNCIA EPIDEMIOLÓGICA";"2025";"2925";"";"0";"0";"100012604";"FOLHA DE PAGAMENTO";"45780103000150";"";"0";"PROPRIA";"31901101";"VENCIMENTO E SALARIOS";"FOLHA DE PAGAMENTO";"5862.85";"2025";"L";"30/01/2025";"0";"01/01/2025";"31/01/2025";"14"
"UNIDADE DE GESTÃO DE PROMOÇÃO DA SAÚDE";"10";"SAÚDE";"305";"VIGILÂNCIA EPIDEMIOLÓGICA";"2025";"2926";"";"0";"0";"100012604";"FOLHA DE PAGAMENTO";"45780103000150";"";"0";"PROPRIA";"31901101";"VENCIMENTO E SALARIOS";"FOLHA DE PAGAMENTO";"323841.73";"2025";"L";"30/01/2025";"0";"01/01/2025";"31/01/2025";"14"
"UNIDADE DE GESTÃO DE PROMOÇÃO DA SAÚDE";"10";"SAÚDE";"305";"VIGILÂNCIA EPIDEMIOLÓGICA";"2025";"2927";"";"0";"0";"100012604";"FOLHA DE PAGAMENTO";"45780103000150";"";"0";"PROPRIA";"31901104";"ADICIONAL NOTURNO";"FOLHA DE PAGAMENTO";"136.89";"2025";"L";"30/01/2025";"0";"01/01/2025";"31/01/2025";"14"
"UNIDADE DE GESTÃO DE PROMOÇÃO DA SAÚDE";"10";"SAÚDE";"305";"VIGILÂNCIA EPIDEMIOLÓGICA";"2025";"2928";"";"0";"0";"100012604";"FOLHA DE PAGAMENTO";"45780103000150";"";"0";"PROPRIA";"31901107";"ABONO DE PERMANENCIA";"FOLHA DE PAGAMENTO";"7099.69";"2025";"L";"30/01/2025";"0";"01/01/2025";"31/01/2025";"14"
"UNIDADE DE GESTÃO DE PROMOÇÃO DA SAÚDE";"10";"SAÚDE";"305";"VIGILÂNCIA EPIDEMIOLÓGICA";"2025";"2929";"";"0";"0";"100012604";"FOLHA DE PAGAMENTO";"45780103000150";"";"0";"PROPRIA";"31901110";"ADICIONAL DE INSALUBRIDADE";"FOLHA DE PAGAMENTO";"11506.44";"2025";"L";"30/01/2025";"0";"01/01/2025";"31/01/2025";"14"
"UNIDADE DE GESTÃO DE PROMOÇÃO DA SAÚDE";"10";"SAÚDE";"305";"VIGILÂNCIA EPIDEMIOLÓGICA";"2025";"2930";"";"0";"0";"100012604";"FOLHA DE PAGAMENTO";"45780103000150";"";"0";"PROPRIA";"31901110";"ADICIONAL DE INSALUBRIDADE";"FOLHA DE PAGAMENTO";"303.6";"2025";"L";"30/01/2025";"0";"01/01/2025";"31/01/2025";"14"
"UNIDADE DE GESTÃO DE PROMOÇÃO DA SAÚDE";"10";"SAÚDE";"305";"VIGILÂNCIA EPIDEMIOLÓGICA";"2025";"2931";"";"0";"0";"100012604";"FOLHA DE PAGAMENTO";"45780103000150";"";"0";"PROPRIA";"31901137";"GRATIFICACOES POR TEMPO DE SERVICO";"FOLHA DE PAGAMENTO";"2052";"2025";"L";"30/01/2025";"0";"01/01/2025";"31/01/2025";"14"
"UNIDADE DE GESTÃO DE PROMOÇÃO DA SAÚDE";"10";"SAÚDE";"305";"VIGILÂNCIA EPIDEMIOLÓGICA";"2025";"2932";"";"0";"0";"100012604";"FOLHA DE PAGAMENTO";"45780103000150";"";"0";"PROPRIA";"31901137";"GRATIFICACOES POR TEMPO DE SERVICO";"FOLHA DE PAGAMENTO";"48948.84";"2025";"L";"30/01/2025";"0";"01/01/2025";"31/01/2025";"14"
"UNIDADE DE GESTÃO DE PROMOÇÃO DA SAÚDE";"10";"SAÚDE";"305";"VIGILÂNCIA EPIDEMIOLÓGICA";"2025";"2933";"";"0";"0";"100012604";"FOLHA DE PAGAMENTO";"45780103000150";"";"0";"PROPRIA";"31901145";"FÉRIAS - ABONO CONSTITUICOES";"FOLHA DE PAGAMENTO";"842.69";"2025";"L";"30/01/2025";"0";"01/01/2025";"31/01/2025";"14"
"UNIDADE DE GESTÃO DE PROMOÇÃO DA SAÚDE";"10";"SAÚDE";"305";"VIGILÂNCIA EPIDEMIOLÓGICA";"2025";"2934";"";"0";"0";"100012604";"FOLHA DE PAGAMENTO";"45780103000150";"";"0";"PROPRIA";"31901151";"OUTROS ADICIONAIS. VANTAGENS. GRATIFICAÇÕES E OUTR";"FOLHA DE PAGAMENTO";"1030.68";"2025";"L";"30/01/2025";"0";"01/01/2025";"31/01/2025";"14"
"UNIDADE DE GESTÃO DE PROMOÇÃO DA SAÚDE";"10";"SAÚDE";"305";"VIGILÂNCIA EPIDEMIOLÓGICA";"2025";"2935";"";"0";"0";"4000055";"FUNDO DE GARANTIA POR TEMPO DE SERVICO";"00360305000104";"";"0";"PROPRIA";"31901301";"FGTS";"FOLHA DE PAGAMENTO";"998.42";"2025";"L";"30/01/2025";"0";"01/01/2025";"31/01/2025";"14"
"UNIDADE DE GESTÃO DE PROMOÇÃO DA SAÚDE";"10";"SAÚDE";"305";"VIGILÂNCIA EPIDEMIOLÓGICA";"2025";"2936";"";"0";"0";"4016168";"I.N.S.S -INST.NACIONAL DE SEGURO SOCIAL";"29979036000140";"";"0";"PROPRIA";"31901302";"CONTRIBUICOES PREVIDENCIARIAS - INSS";"FOLHA DE PAGAMENTO";"3559.25";"2025";"L";"30/01/2025";"0";"01/01/2025";"31/01/2025";"14"
"UNIDADE DE GESTÃO DE PROMOÇÃO DA SAÚDE";"10";"SAÚDE";"305";"VIGILÂNCIA EPIDEMIOLÓGICA";"2025";"2937";"";"0";"0";"100012604";"FOLHA DE PAGAMENTO";"45780103000150";"";"0";"PROPRIA";"31901644";"SERVIÇOS EXTRAORDINÁRIOS";"FOLHA DE PAGAMENTO";"1227.54";"2025";"L";"30/01/2025";"0";"01/01/2025";"31/01/2025";"14"
"UNIDADE DE GESTÃO DE PROMOÇÃO DA SAÚDE";"10";"SAÚDE";"305";"VIGILÂNCIA EPIDEMIOLÓGICA";"2025";"2938";"";"0";"0";"100004453";"IPREJUN-INST.PREVIDENCIA DO MUN.JUNDIAI";"05507216000161";"";"0";"PROPRIA";"31911308";"CONTRIBUIÇÕES PREVIDENCIÁRIAS - RPPS - PESSOAL ATI";"FOLHA DE PAGAMENTO";"90258.64";"2025";"L";"30/01/2025";"0";"01/01/2025";"31/01/2025";"14"
"UNIDADE DE GESTÃO DE PROMOÇÃO DA SAÚDE";"10";"SAÚDE";"305";"VIGILÂNCIA EPIDEMIOLÓGICA";"2025";"2939";"";"0";"0";"100004453";"IPREJUN-INST.PREVIDENCIA DO MUN.JUNDIAI";"05507216000161";"";"0";"PROPRIA";"31911320";"ALÍQUOTA SUPLEMENTAR DE CONTRIBUIÇÃO PREVIDENCIÁRI";"FOLHA DE PAGAMENTO";"131073.43";"2025";"L";"30/01/2025";"0";"01/01/2025";"31/01/2025";"14"
"UNIDADE DE GESTÃO DE PROMOÇÃO DA SAÚDE";"10";"SAÚDE";"305";"VIGILÂNCIA EPIDEMIOLÓGICA";"2025";"2940";"";"0";"0";"100012604";"FOLHA DE PAGAMENTO";"45780103000150";"";"0";"PROPRIA";"33904901";"INDENIZACAO AUXILIO TRANSPORTE";"FOLHA DE PAGAMENTO";"440";"2025";"L";"30/01/2025";"0";"01/01/2025";"31/01/2025";"14"
"UNIDADE DE GESTÃO DE PROMOÇÃO DA SAÚDE";"10";"SAÚDE";"305";"VIGILÂNCIA EPIDEMIOLÓGICA";"2025";"2941";"";"0";"0";"100012604";"FOLHA DE PAGAMENTO";"45780103000150";"";"0";"PROPRIA";"33904901";"INDENIZACAO AUXILIO TRANSPORTE";"FOLHA DE PAGAMENTO";"440";"2025";"L";"30/01/2025";"0";"01/01/2025";"31/01/2025";"14"
"UNIDADE DE GESTÃO DE PROMOÇÃO DA SAÚDE";"10";"SAÚDE";"305";"VIGILÂNCIA EPIDEMIOLÓGICA";"2025";"2942";"";"0";"0";"100012604";"FOLHA DE PAGAMENTO";"45780103000150";"";"0";"PROPRIA";"33904901";"INDENIZACAO AUXILIO TRANSPORTE";"FOLHA DE PAGAMENTO";"12650";"2025";"L";"30/01/2025";"0";"01/01/2025";"31/01/2025";"14"
"UNIDADE DE GESTÃO DE PROMOÇÃO DA SAÚDE";"10";"SAÚDE";"304";"VIGILÂNCIA SANITÁRIA";"2025";"2943";"";"0";"0";"100049213";"BB-PREVIDENCIA FUNDO DE PENSAO";"00544659000109";"";"0";"PROPRIA";"31900711";"CONTRIBUIÇÃO PATRONAL A ENTIDADES FECHADAS DE PREV";"FOLHA DE PAGAMENTO";"2681.08";"2025";"L";"30/01/2025";"0";"01/01/2025";"31/01/2025";"14"
"UNIDADE DE GESTÃO DE PROMOÇÃO DA SAÚDE";"10";"SAÚDE";"304";"VIGILÂNCIA SANITÁRIA";"2025";"2944";"";"0";"0";"100012604";"FOLHA DE PAGAMENTO";"45780103000150";"";"0";"PROPRIA";"31901101";"VENCIMENTO E SALARIOS";"FOLHA DE PAGAMENTO";"619112.34";"2025";"L";"30/01/2025";"0";"01/01/2025";"31/01/2025";"14"
"UNIDADE DE GESTÃO DE PROMOÇÃO DA SAÚDE";"10";"SAÚDE";"304";"VIGILÂNCIA SANITÁRIA";"2025";"2945";"";"0";"0";"100012604";"FOLHA DE PAGAMENTO";"45780103000150";"";"0";"PROPRIA";"31901101";"VENCIMENTO E SALARIOS";"FOLHA DE PAGAMENTO";"12694.91";"2025";"L";"30/01/2025";"0";"01/01/2025";"31/01/2025";"14"
"UNIDADE DE GESTÃO DE PROMOÇÃO DA SAÚDE";"10";"SAÚDE";"304";"VIGILÂNCIA SANITÁRIA";"2025";"2946";"";"0";"0";"100012604";"FOLHA DE PAGAMENTO";"45780103000150";"";"0";"PROPRIA";"31901107";"ABONO DE PERMANENCIA";"FOLHA DE PAGAMENTO";"13493.34";"2025";"L";"30/01/2025";"0";"01/01/2025";"31/01/2025";"14"
"UNIDADE DE GESTÃO DE PROMOÇÃO DA SAÚDE";"10";"SAÚDE";"304";"VIGILÂNCIA SANITÁRIA";"2025";"2947";"";"0";"0";"100012604";"FOLHA DE PAGAMENTO";"45780103000150";"";"0";"PROPRIA";"31901110";"ADICIONAL DE INSALUBRIDADE";"FOLHA DE PAGAMENTO";"40250.67";"2025";"L";"30/01/2025";"0";"01/01/2025";"31/01/2025";"14"
"UNIDADE DE GESTÃO DE PROMOÇÃO DA SAÚDE";"10";"SAÚDE";"304";"VIGILÂNCIA SANITÁRIA";"2025";"2948";"";"0";"0";"100012604";"FOLHA DE PAGAMENTO";"45780103000150";"";"0";"PROPRIA";"31901110";"ADICIONAL DE INSALUBRIDADE";"FOLHA DE PAGAMENTO";"303.6";"2025";"L";"30/01/2025";"0";"01/01/2025";"31/01/2025";"14"
"UNIDADE DE GESTÃO DE PROMOÇÃO DA SAÚDE";"10";"SAÚDE";"304";"VIGILÂNCIA SANITÁRIA";"2025";"2949";"";"0";"0";"100012604";"FOLHA DE PAGAMENTO";"45780103000150";"";"0";"PROPRIA";"31901131";"GRATIFICACOES POR EXERCICIO DE  CARGO";"FOLHA DE PAGAMENTO";"4824.67";"2025";"L";"30/01/2025";"0";"01/01/2025";"31/01/2025";"14"
"UNIDADE DE GESTÃO DE PROMOÇÃO DA SAÚDE";"10";"SAÚDE";"304";"VIGILÂNCIA SANITÁRIA";"2025";"2950";"";"0";"0";"100012604";"FOLHA DE PAGAMENTO";"45780103000150";"";"0";"PROPRIA";"31901133";"GRATIFICACOES POR EXERCICIO DE  FUNCOES";"FOLHA DE PAGAMENTO";"23092.35";"2025";"L";"30/01/2025";"0";"01/01/2025";"31/01/2025";"14"
"UNIDADE DE GESTÃO DE PROMOÇÃO DA SAÚDE";"10";"SAÚDE";"304";"VIGILÂNCIA SANITÁRIA";"2025";"2951";"";"0";"0";"100012604";"FOLHA DE PAGAMENTO";"45780103000150";"";"0";"PROPRIA";"31901137";"GRATIFICACOES POR TEMPO DE SERVICO";"FOLHA DE PAGAMENTO";"71423.93";"2025";"L";"30/01/2025";"0";"01/01/2025";"31/01/2025";"14"
"UNIDADE DE GESTÃO DE PROMOÇÃO DA SAÚDE";"10";"SAÚDE";"304";"VIGILÂNCIA SANITÁRIA";"2025";"2952";"";"0";"0";"100012604";"FOLHA DE PAGAMENTO";"45780103000150";"";"0";"PROPRIA";"31901137";"GRATIFICACOES POR TEMPO DE SERVICO";"FOLHA DE PAGAMENTO";"6904.73";"2025";"L";"30/01/2025";"0";"01/01/2025";"31/01/2025";"14"
"UNIDADE DE GESTÃO DE PROMOÇÃO DA SAÚDE";"10";"SAÚDE";"304";"VIGILÂNCIA SANITÁRIA";"2025";"2953";"";"0";"0";"100012604";"FOLHA DE PAGAMENTO";"45780103000150";"";"0";"PROPRIA";"31901144";"FÉRIAS - ABONO PECUNIARIO";"FOLHA DE PAGAMENTO";"1003.69";"2025";"L";"30/01/2025";"0";"01/01/2025";"31/01/2025";"14"
"UNIDADE DE GESTÃO DE PROMOÇÃO DA SAÚDE";"10";"SAÚDE";"304";"VIGILÂNCIA SANITÁRIA";"2025";"2954";"";"0";"0";"100012604";"FOLHA DE PAGAMENTO";"45780103000150";"";"0";"PROPRIA";"31901145";"FÉRIAS - ABONO CONSTITUICOES";"FOLHA DE PAGAMENTO";"1343.94";"2025";"L";"30/01/2025";"0";"01/01/2025";"31/01/2025";"14"
"UNIDADE DE GESTÃO DE PROMOÇÃO DA SAÚDE";"10";"SAÚDE";"304";"VIGILÂNCIA SANITÁRIA";"2025";"2955";"";"0";"0";"4000055";"FUNDO DE GARANTIA POR TEMPO DE SERVICO";"00360305000104";"";"0";"PROPRIA";"31901301";"FGTS";"FOLHA DE PAGAMENTO";"2436.55";"2025";"L";"30/01/2025";"0";"01/01/2025";"31/01/2025";"14"
"UNIDADE DE GESTÃO DE PROMOÇÃO DA SAÚDE";"10";"SAÚDE";"304";"VIGILÂNCIA SANITÁRIA";"2025";"2956";"";"0";"0";"4016168";"I.N.S.S -INST.NACIONAL DE SEGURO SOCIAL";"29979036000140";"";"0";"PROPRIA";"31901302";"CONTRIBUICOES PREVIDENCIARIAS - INSS";"FOLHA DE PAGAMENTO";"8686";"2025";"L";"30/01/2025";"0";"01/01/2025";"31/01/2025";"14"
"UNIDADE DE GESTÃO DE PROMOÇÃO DA SAÚDE";"10";"SAÚDE";"304";"VIGILÂNCIA SANITÁRIA";"2025";"2957";"";"0";"0";"100012604";"FOLHA DE PAGAMENTO";"45780103000150";"";"0";"PROPRIA";"31901644";"SERVIÇOS EXTRAORDINÁRIOS";"FOLHA DE PAGAMENTO";"12751.67";"2025";"L";"30/01/2025";"0";"01/01/2025";"31/01/2025";"14"
"UNIDADE DE GESTÃO DE PROMOÇÃO DA SAÚDE";"10";"SAÚDE";"304";"VIGILÂNCIA SANITÁRIA";"2025";"2958";"";"0";"0";"100004453";"IPREJUN-INST.PREVIDENCIA DO MUN.JUNDIAI";"05507216000161";"";"0";"PROPRIA";"31911308";"CONTRIBUIÇÕES PREVIDENCIÁRIAS - RPPS - PESSOAL ATI";"FOLHA DE PAGAMENTO";"154308.58";"2025";"L";"30/01/2025";"0";"01/01/2025";"31/01/2025";"14"
"UNIDADE DE GESTÃO DE PROMOÇÃO DA SAÚDE";"10";"SAÚDE";"304";"VIGILÂNCIA SANITÁRIA";"2025";"2959";"";"0";"0";"100004453";"IPREJUN-INST.PREVIDENCIA DO MUN.JUNDIAI";"05507216000161";"";"0";"PROPRIA";"31911320";"ALÍQUOTA SUPLEMENTAR DE CONTRIBUIÇÃO PREVIDENCIÁRI";"FOLHA DE PAGAMENTO";"224086.55";"2025";"L";"30/01/2025";"0";"01/01/2025";"31/01/2025";"14"
"UNIDADE DE GESTÃO DE PROMOÇÃO DA SAÚDE";"10";"SAÚDE";"304";"VIGILÂNCIA SANITÁRIA";"2025";"2960";"";"0";"0";"100012604";"FOLHA DE PAGAMENTO";"45780103000150";"";"0";"PROPRIA";"33904901";"INDENIZACAO AUXILIO TRANSPORTE";"FOLHA DE PAGAMENTO";"37070";"2025";"L";"30/01/2025";"0";"01/01/2025";"31/01/2025";"14"
"UNIDADE DE GESTÃO DE PROMOÇÃO DA SAÚDE";"10";"SAÚDE";"304";"VIGILÂNCIA SANITÁRIA";"2025";"2961";"";"0";"0";"100012604";"FOLHA DE PAGAMENTO";"45780103000150";"";"0";"PROPRIA";"33904901";"INDENIZACAO AUXILIO TRANSPORTE";"FOLHA DE PAGAMENTO";"198";"2025";"L";"30/01/2025";"0";"01/01/2025";"31/01/2025";"14"
"UNIDADE DE GESTÃO DE PROMOÇÃO DA SAÚDE";"10";"SAÚDE";"303";"SUPORTE PROFILÁTICO E TERAPÊUTICO";"2025";"2962";"";"0";"0";"100012604";"FOLHA DE PAGAMENTO";"45780103000150";"";"0";"PROPRIA";"31900411";"SALÁRIOS - CONTRATO TEMPORÁRIO";"FOLHA DE PAGAMENTO";"6347.87";"2025";"L";"30/01/2025";"0";"01/01/2025";"31/01/2025";"14"
"UNIDADE DE GESTÃO DE PROMOÇÃO DA SAÚDE";"10";"SAÚDE";"303";"SUPORTE PROFILÁTICO E TERAPÊUTICO";"2025";"2963";"";"0";"0";"100012604";"FOLHA DE PAGAMENTO";"45780103000150";"";"0";"PROPRIA";"31900411";"SALÁRIOS - CONTRATO TEMPORÁRIO";"FOLHA DE PAGAMENTO";"303.6";"2025";"L";"30/01/2025";"0";"01/01/2025";"31/01/2025";"14"
"UNIDADE DE GESTÃO DE PROMOÇÃO DA SAÚDE";"10";"SAÚDE";"303";"SUPORTE PROFILÁTICO E TERAPÊUTICO";"2025";"2964";"";"0";"0";"4016168";"I.N.S.S -INST.NACIONAL DE SEGURO SOCIAL";"29979036000140";"";"0";"PROPRIA";"31900416";"OBRIGAÇÕES PATRONAIS - INSS - CONTRATO TEMPORÁRIO";"FOLHA DE PAGAMENTO";"3366.3";"2025";"L";"30/01/2025";"0";"01/01/2025";"31/01/2025";"14"
"UNIDADE DE GESTÃO DE PROMOÇÃO DA SAÚDE";"10";"SAÚDE";"303";"SUPORTE PROFILÁTICO E TERAPÊUTICO";"2025";"2965";"";"0";"0";"100012604";"FOLHA DE PAGAMENTO";"45780103000150";"";"0";"PROPRIA";"31900499";"OUTRAS CONTRATACOES POR TEMPO DETERMINADO";"FOLHA DE PAGAMENTO";"1734.17";"2025";"L";"30/01/2025";"0";"01/01/2025";"31/01/2025";"14"
"UNIDADE DE GESTÃO DE PROMOÇÃO DA SAÚDE";"10";"SAÚDE";"303";"SUPORTE PROFILÁTICO E TERAPÊUTICO";"2025";"2966";"";"0";"0";"100012604";"FOLHA DE PAGAMENTO";"45780103000150";"";"0";"PROPRIA";"31901101";"VENCIMENTO E SALARIOS";"FOLHA DE PAGAMENTO";"200808.22";"2025";"L";"30/01/2025";"0";"01/01/2025";"31/01/2025";"14"
"UNIDADE DE GESTÃO DE PROMOÇÃO DA SAÚDE";"10";"SAÚDE";"303";"SUPORTE PROFILÁTICO E TERAPÊUTICO";"2025";"2967";"";"0";"0";"100012604";"FOLHA DE PAGAMENTO";"45780103000150";"";"0";"PROPRIA";"31901101";"VENCIMENTO E SALARIOS";"FOLHA DE PAGAMENTO";"5969.35";"2025";"L";"30/01/2025";"0";"01/01/2025";"31/01/2025";"14"
"UNIDADE DE GESTÃO DE PROMOÇÃO DA SAÚDE";"10";"SAÚDE";"303";"SUPORTE PROFILÁTICO E TERAPÊUTICO";"2025";"2968";"";"0";"0";"100012604";"FOLHA DE PAGAMENTO";"45780103000150";"";"0";"PROPRIA";"31901107";"ABONO DE PERMANENCIA";"FOLHA DE PAGAMENTO";"5159.46";"2025";"L";"30/01/2025";"0";"01/01/2025";"31/01/2025";"14"
"UNIDADE DE GESTÃO DE PROMOÇÃO DA SAÚDE";"10";"SAÚDE";"303";"SUPORTE PROFILÁTICO E TERAPÊUTICO";"2025";"2969";"";"0";"0";"100012604";"FOLHA DE PAGAMENTO";"45780103000150";"";"0";"PROPRIA";"31901110";"ADICIONAL DE INSALUBRIDADE";"FOLHA DE PAGAMENTO";"9796.16";"2025";"L";"30/01/2025";"0";"01/01/2025";"31/01/2025";"14"
"UNIDADE DE GESTÃO DE PROMOÇÃO DA SAÚDE";"10";"SAÚDE";"303";"SUPORTE PROFILÁTICO E TERAPÊUTICO";"2025";"2970";"";"0";"0";"100012604";"FOLHA DE PAGAMENTO";"45780103000150";"";"0";"PROPRIA";"31901110";"ADICIONAL DE INSALUBRIDADE";"FOLHA DE PAGAMENTO";"303.6";"2025";"L";"30/01/2025";"0";"01/01/2025";"31/01/2025";"14"
"UNIDADE DE GESTÃO DE PROMOÇÃO DA SAÚDE";"10";"SAÚDE";"303";"SUPORTE PROFILÁTICO E TERAPÊUTICO";"2025";"2971";"";"0";"0";"100012604";"FOLHA DE PAGAMENTO";"45780103000150";"";"0";"PROPRIA";"31901133";"GRATIFICACOES POR EXERCICIO DE  FUNCOES";"FOLHA DE PAGAMENTO";"9120.82";"2025";"L";"30/01/2025";"0";"01/01/2025";"31/01/2025";"14"
"UNIDADE DE GESTÃO DE PROMOÇÃO DA SAÚDE";"10";"SAÚDE";"303";"SUPORTE PROFILÁTICO E TERAPÊUTICO";"2025";"2972";"";"0";"0";"100012604";"FOLHA DE PAGAMENTO";"45780103000150";"";"0";"PROPRIA";"31901137";"GRATIFICACOES POR TEMPO DE SERVICO";"FOLHA DE PAGAMENTO";"19552.43";"2025";"L";"30/01/2025";"0";"01/01/2025";"31/01/2025";"14"
"UNIDADE DE GESTÃO DE PROMOÇÃO DA SAÚDE";"10";"SAÚDE";"303";"SUPORTE PROFILÁTICO E TERAPÊUTICO";"2025";"2973";"";"0";"0";"100012604";"FOLHA DE PAGAMENTO";"45780103000150";"";"0";"PROPRIA";"31901137";"GRATIFICACOES POR TEMPO DE SERVICO";"FOLHA DE PAGAMENTO";"2089.27";"2025";"L";"30/01/2025";"0";"01/01/2025";"31/01/2025";"14"
"UNIDADE DE GESTÃO DE PROMOÇÃO DA SAÚDE";"10";"SAÚDE";"303";"SUPORTE PROFILÁTICO E TERAPÊUTICO";"2025";"2974";"";"0";"0";"4000055";"FUNDO DE GARANTIA POR TEMPO DE SERVICO";"00360305000104";"";"0";"PROPRIA";"31901301";"FGTS";"FOLHA DE PAGAMENTO";"1016.11";"2025";"L";"30/01/2025";"0";"01/01/2025";"31/01/2025";"14"
"UNIDADE DE GESTÃO DE PROMOÇÃO DA SAÚDE";"10";"SAÚDE";"303";"SUPORTE PROFILÁTICO E TERAPÊUTICO";"2025";"2975";"";"0";"0";"4016168";"I.N.S.S -INST.NACIONAL DE SEGURO SOCIAL";"29979036000140";"";"0";"PROPRIA";"31901302";"CONTRIBUICOES PREVIDENCIARIAS - INSS";"FOLHA DE PAGAMENTO";"3622.33";"2025";"L";"30/01/2025";"0";"01/01/2025";"31/01/2025";"14"
"UNIDADE DE GESTÃO DE PROMOÇÃO DA SAÚDE";"10";"SAÚDE";"303";"SUPORTE PROFILÁTICO E TERAPÊUTICO";"2025";"2976";"";"0";"0";"100012604";"FOLHA DE PAGAMENTO";"45780103000150";"";"0";"PROPRIA";"31901644";"SERVIÇOS EXTRAORDINÁRIOS";"FOLHA DE PAGAMENTO";"1247.14";"2025";"L";"30/01/2025";"0";"01/01/2025";"31/01/2025";"14"
"UNIDADE DE GESTÃO DE PROMOÇÃO DA SAÚDE";"10";"SAÚDE";"303";"SUPORTE PROFILÁTICO E TERAPÊUTICO";"2025";"2977";"";"0";"0";"100004453";"IPREJUN-INST.PREVIDENCIA DO MUN.JUNDIAI";"05507216000161";"";"0";"PROPRIA";"31911308";"CONTRIBUIÇÕES PREVIDENCIÁRIAS - RPPS - PESSOAL ATI";"FOLHA DE PAGAMENTO";"51848.72";"2025";"L";"30/01/2025";"0";"01/01/2025";"31/01/2025";"14"
"UNIDADE DE GESTÃO DE PROMOÇÃO DA SAÚDE";"10";"SAÚDE";"303";"SUPORTE PROFILÁTICO E TERAPÊUTICO";"2025";"2978";"";"0";"0";"100004453";"IPREJUN-INST.PREVIDENCIA DO MUN.JUNDIAI";"05507216000161";"";"0";"PROPRIA";"31911320";"ALÍQUOTA SUPLEMENTAR DE CONTRIBUIÇÃO PREVIDENCIÁRI";"FOLHA DE PAGAMENTO";"75294.63";"2025";"L";"30/01/2025";"0";"01/01/2025";"31/01/2025";"14"
"UNIDADE DE GESTÃO DE PROMOÇÃO DA SAÚDE";"10";"SAÚDE";"303";"SUPORTE PROFILÁTICO E TERAPÊUTICO";"2025";"2979";"";"0";"0";"100012604";"FOLHA DE PAGAMENTO";"45780103000150";"";"0";"PROPRIA";"33904901";"INDENIZACAO AUXILIO TRANSPORTE";"FOLHA DE PAGAMENTO";"16126";"2025";"L";"30/01/2025";"0";"01/01/2025";"31/01/2025";"14"
"UNIDADE DE GESTÃO DE PROMOÇÃO DA SAÚDE";"10";"SAÚDE";"303";"SUPORTE PROFILÁTICO E TERAPÊUTICO";"2025";"2980";"";"0";"0";"100012604";"FOLHA DE PAGAMENTO";"45780103000150";"";"0";"PROPRIA";"33904901";"INDENIZACAO AUXILIO TRANSPORTE";"FOLHA DE PAGAMENTO";"440";"2025";"L";"30/01/2025";"0";"01/01/2025";"31/01/2025";"14"
"UNIDADE DE GESTÃO DE PROMOÇÃO DA SAÚDE";"10";"SAÚDE";"303";"SUPORTE PROFILÁTICO E TERAPÊUTICO";"2025";"2981";"";"0";"0";"100012604";"FOLHA DE PAGAMENTO";"45780103000150";"";"0";"PROPRIA";"33904901";"INDENIZACAO AUXILIO TRANSPORTE";"FOLHA DE PAGAMENTO";"440";"2025";"L";"30/01/2025";"0";"01/01/2025";"31/01/2025";"14"
"UNIDADE GESTÃO DE ASSISTÊNCIA E DESENVOLV. SOCIAL";"8";"ASSISTÊNCIA SOCIAL";"244";"ASSISTÊNCIA COMUNITÁRIA";"2025";"2982";"";"0";"0";"100049213";"BB-PREVIDENCIA FUNDO DE PENSAO";"00544659000109";"";"0";"PROPRIA";"31900711";"CONTRIBUIÇÃO PATRONAL A ENTIDADES FECHADAS DE PREV";"FOLHA DE PAGAMENTO";"136.73";"2025";"L";"30/01/2025";"0";"01/01/2025";"31/01/2025";"15"
"UNIDADE GESTÃO DE ASSISTÊNCIA E DESENVOLV. SOCIAL";"8";"ASSISTÊNCIA SOCIAL";"244";"ASSISTÊNCIA COMUNITÁRIA";"2025";"2983";"";"0";"0";"100012604";"FOLHA DE PAGAMENTO";"45780103000150";"";"0";"PROPRIA";"31901101";"VENCIMENTO E SALARIOS";"FOLHA DE PAGAMENTO";"6098.3";"2025";"L";"29/01/2025";"0";"01/01/2025";"31/01/2025";"15"
"UNIDADE GESTÃO DE ASSISTÊNCIA E DESENVOLV. SOCIAL";"8";"ASSISTÊNCIA SOCIAL";"244";"ASSISTÊNCIA COMUNITÁRIA";"2025";"2984";"";"0";"0";"100012604";"FOLHA DE PAGAMENTO";"45780103000150";"";"0";"PROPRIA";"31901101";"VENCIMENTO E SALARIOS";"FOLHA DE PAGAMENTO";"277263.36";"2025";"L";"29/01/2025";"0";"01/01/2025";"31/01/2025";"15"
"UNIDADE GESTÃO DE ASSISTÊNCIA E DESENVOLV. SOCIAL";"8";"ASSISTÊNCIA SOCIAL";"244";"ASSISTÊNCIA COMUNITÁRIA";"2025";"2985";"";"0";"0";"100012604";"FOLHA DE PAGAMENTO";"45780103000150";"";"0";"PROPRIA";"31901107";"ABONO DE PERMANENCIA";"FOLHA DE PAGAMENTO";"5691.83";"2025";"L";"29/01/2025";"0";"01/01/2025";"31/01/2025";"15"
"UNIDADE GESTÃO DE ASSISTÊNCIA E DESENVOLV. SOCIAL";"8";"ASSISTÊNCIA SOCIAL";"244";"ASSISTÊNCIA COMUNITÁRIA";"2025";"2986";"";"0";"0";"100012604";"FOLHA DE PAGAMENTO";"45780103000150";"";"0";"PROPRIA";"31901133";"GRATIFICACOES POR EXERCICIO DE  FUNCOES";"FOLHA DE PAGAMENTO";"12920.88";"2025";"L";"29/01/2025";"0";"01/01/2025";"31/01/2025";"15"
"UNIDADE GESTÃO DE ASSISTÊNCIA E DESENVOLV. SOCIAL";"8";"ASSISTÊNCIA SOCIAL";"244";"ASSISTÊNCIA COMUNITÁRIA";"2025";"2987";"";"0";"0";"100012604";"FOLHA DE PAGAMENTO";"45780103000150";"";"0";"PROPRIA";"31901137";"GRATIFICACOES POR TEMPO DE SERVICO";"FOLHA DE PAGAMENTO";"31090.31";"2025";"L";"29/01/2025";"0";"01/01/2025";"31/01/2025";"15"
"UNIDADE GESTÃO DE ASSISTÊNCIA E DESENVOLV. SOCIAL";"8";"ASSISTÊNCIA SOCIAL";"244";"ASSISTÊNCIA COMUNITÁRIA";"2025";"2988";"";"0";"0";"100012604";"FOLHA DE PAGAMENTO";"45780103000150";"";"0";"PROPRIA";"31901145";"FÉRIAS - ABONO CONSTITUICOES";"FOLHA DE PAGAMENTO";"542.45";"2025";"L";"29/01/2025";"0";"01/01/2025";"31/01/2025";"15"
"UNIDADE GESTÃO DE ASSISTÊNCIA E DESENVOLV. SOCIAL";"8";"ASSISTÊNCIA SOCIAL";"244";"ASSISTÊNCIA COMUNITÁRIA";"2025";"2989";"";"0";"0";"4016168";"I.N.S.S -INST.NACIONAL DE SEGURO SOCIAL";"29979036000140";"";"0";"PROPRIA";"31901302";"CONTRIBUICOES PREVIDENCIARIAS - INSS";"FOLHA DE PAGAMENTO";"1373.28";"2025";"L";"29/01/2025";"0";"01/01/2025";"31/01/2025";"15"
"UNIDADE GESTÃO DE ASSISTÊNCIA E DESENVOLV. SOCIAL";"8";"ASSISTÊNCIA SOCIAL";"244";"ASSISTÊNCIA COMUNITÁRIA";"2025";"2990";"";"0";"0";"100012604";"FOLHA DE PAGAMENTO";"45780103000150";"";"0";"PROPRIA";"31901644";"SERVIÇOS EXTRAORDINÁRIOS";"FOLHA DE PAGAMENTO";"8418.42";"2025";"L";"29/01/2025";"0";"01/01/2025";"31/01/2025";"15"
"UNIDADE GESTÃO DE ASSISTÊNCIA E DESENVOLV. SOCIAL";"8";"ASSISTÊNCIA SOCIAL";"244";"ASSISTÊNCIA COMUNITÁRIA";"2025";"2991";"";"0";"0";"100004453";"IPREJUN-INST.PREVIDENCIA DO MUN.JUNDIAI";"05507216000161";"";"0";"PROPRIA";"31911308";"CONTRIBUIÇÕES PREVIDENCIÁRIAS - RPPS - PESSOAL ATI";"FOLHA DE PAGAMENTO";"70198.77";"2025";"L";"29/01/2025";"0";"01/01/2025";"31/01/2025";"15"
"UNIDADE GESTÃO DE ASSISTÊNCIA E DESENVOLV. SOCIAL";"8";"ASSISTÊNCIA SOCIAL";"244";"ASSISTÊNCIA COMUNITÁRIA";"2025";"2992";"";"0";"0";"100004453";"IPREJUN-INST.PREVIDENCIA DO MUN.JUNDIAI";"05507216000161";"";"0";"PROPRIA";"31911320";"ALÍQUOTA SUPLEMENTAR DE CONTRIBUIÇÃO PREVIDENCIÁRI";"FOLHA DE PAGAMENTO";"101942.47";"2025";"L";"29/01/2025";"0";"01/01/2025";"31/01/2025";"15"
"UNIDADE GESTÃO DE ASSISTÊNCIA E DESENVOLV. SOCIAL";"8";"ASSISTÊNCIA SOCIAL";"244";"ASSISTÊNCIA COMUNITÁRIA";"2025";"2993";"";"0";"0";"100012604";"FOLHA DE PAGAMENTO";"45780103000150";"";"0";"PROPRIA";"33904901";"INDENIZACAO AUXILIO TRANSPORTE";"FOLHA DE PAGAMENTO";"15928";"2025";"L";"29/01/2025";"0";"01/01/2025";"31/01/2025";"15"
"UNIDADE GESTÃO DE ASSISTÊNCIA E DESENVOLV. SOCIAL";"8";"ASSISTÊNCIA SOCIAL";"244";"ASSISTÊNCIA COMUNITÁRIA";"2025";"2994";"";"0";"0";"100012604";"FOLHA DE PAGAMENTO";"45780103000150";"";"0";"PROPRIA";"33904901";"INDENIZACAO AUXILIO TRANSPORTE";"FOLHA DE PAGAMENTO";"220";"2025";"L";"29/01/2025";"0";"01/01/2025";"31/01/2025";"15"
"UNIDADE GESTÃO DE ASSISTÊNCIA E DESENVOLV. SOCIAL";"8";"ASSISTÊNCIA SOCIAL";"244";"ASSISTÊNCIA COMUNITÁRIA";"2025";"2995";"";"0";"0";"100049213";"BB-PREVIDENCIA FUNDO DE PENSAO";"00544659000109";"";"0";"PROPRIA";"31900711";"CONTRIBUIÇÃO PATRONAL A ENTIDADES FECHADAS DE PREV";"FOLHA DE PAGAMENTO";"949.32";"2025";"L";"30/01/2025";"0";"01/01/2025";"31/01/2025";"15"
"UNIDADE GESTÃO DE ASSISTÊNCIA E DESENVOLV. SOCIAL";"8";"ASSISTÊNCIA SOCIAL";"244";"ASSISTÊNCIA COMUNITÁRIA";"2025";"2996";"";"0";"0";"100012604";"FOLHA DE PAGAMENTO";"45780103000150";"";"0";"PROPRIA";"31901101";"VENCIMENTO E SALARIOS";"FOLHA DE PAGAMENTO";"10494.37";"2025";"L";"29/01/2025";"0";"01/01/2025";"31/01/2025";"15"
"UNIDADE GESTÃO DE ASSISTÊNCIA E DESENVOLV. SOCIAL";"8";"ASSISTÊNCIA SOCIAL";"244";"ASSISTÊNCIA COMUNITÁRIA";"2025";"2997";"";"0";"0";"100012604";"FOLHA DE PAGAMENTO";"45780103000150";"";"0";"PROPRIA";"31901101";"VENCIMENTO E SALARIOS";"FOLHA DE PAGAMENTO";"4942.65";"2025";"L";"29/01/2025";"0";"01/01/2025";"31/01/2025";"15"
"UNIDADE GESTÃO DE ASSISTÊNCIA E DESENVOLV. SOCIAL";"8";"ASSISTÊNCIA SOCIAL";"244";"ASSISTÊNCIA COMUNITÁRIA";"2025";"2998";"";"0";"0";"100012604";"FOLHA DE PAGAMENTO";"45780103000150";"";"0";"PROPRIA";"31901101";"VENCIMENTO E SALARIOS";"FOLHA DE PAGAMENTO";"136228.4";"2025";"L";"29/01/2025";"0";"01/01/2025";"31/01/2025";"15"
"UNIDADE GESTÃO DE ASSISTÊNCIA E DESENVOLV. SOCIAL";"8";"ASSISTÊNCIA SOCIAL";"244";"ASSISTÊNCIA COMUNITÁRIA";"2025";"2999";"";"0";"0";"100012604";"FOLHA DE PAGAMENTO";"45780103000150";"";"0";"PROPRIA";"31901107";"ABONO DE PERMANENCIA";"FOLHA DE PAGAMENTO";"3581.17";"2025";"L";"29/01/2025";"0";"01/01/2025";"31/01/2025";"15"
"UNIDADE GESTÃO DE ASSISTÊNCIA E DESENVOLV. SOCIAL";"8";"ASSISTÊNCIA SOCIAL";"244";"ASSISTÊNCIA COMUNITÁRIA";"2025";"3000";"";"0";"0";"100012604";"FOLHA DE PAGAMENTO";"45780103000150";"";"0";"PROPRIA";"31901133";"GRATIFICACOES POR EXERCICIO DE  FUNCOES";"FOLHA DE PAGAMENTO";"9102.6";"2025";"L";"29/01/2025";"0";"01/01/2025";"31/01/2025";"15"
"UNIDADE GESTÃO DE ASSISTÊNCIA E DESENVOLV. SOCIAL";"8";"ASSISTÊNCIA SOCIAL";"244";"ASSISTÊNCIA COMUNITÁRIA";"2025";"3001";"";"0";"0";"100012604";"FOLHA DE PAGAMENTO";"45780103000150";"";"0";"PROPRIA";"31901137";"GRATIFICACOES POR TEMPO DE SERVICO";"FOLHA DE PAGAMENTO";"1636.85";"2025";"L";"29/01/2025";"0";"01/01/2025";"31/01/2025";"15"
"UNIDADE GESTÃO DE ASSISTÊNCIA E DESENVOLV. SOCIAL";"8";"ASSISTÊNCIA SOCIAL";"244";"ASSISTÊNCIA COMUNITÁRIA";"2025";"3002";"";"0";"0";"100012604";"FOLHA DE PAGAMENTO";"45780103000150";"";"0";"PROPRIA";"31901137";"GRATIFICACOES POR TEMPO DE SERVICO";"FOLHA DE PAGAMENTO";"14844.49";"2025";"L";"29/01/2025";"0";"01/01/2025";"31/01/2025";"15"
"UNIDADE GESTÃO DE ASSISTÊNCIA E DESENVOLV. SOCIAL";"8";"ASSISTÊNCIA SOCIAL";"244";"ASSISTÊNCIA COMUNITÁRIA";"2025";"3003";"";"0";"0";"100012604";"FOLHA DE PAGAMENTO";"45780103000150";"";"0";"PROPRIA";"31901145";"FÉRIAS - ABONO CONSTITUICOES";"FOLHA DE PAGAMENTO";"130.52";"2025";"L";"29/01/2025";"0";"01/01/2025";"31/01/2025";"15"
"UNIDADE GESTÃO DE ASSISTÊNCIA E DESENVOLV. SOCIAL";"8";"ASSISTÊNCIA SOCIAL";"244";"ASSISTÊNCIA COMUNITÁRIA";"2025";"3004";"";"0";"0";"100012604";"FOLHA DE PAGAMENTO";"45780103000150";"";"0";"PROPRIA";"31901175";"SUBSÍDIOS - AGENTES POLÍTICOS";"FOLHA DE PAGAMENTO";"24562.97";"2025";"L";"29/01/2025";"0";"01/01/2025";"31/01/2025";"15"
"UNIDADE GESTÃO DE ASSISTÊNCIA E DESENVOLV. SOCIAL";"8";"ASSISTÊNCIA SOCIAL";"244";"ASSISTÊNCIA COMUNITÁRIA";"2025";"3005";"";"0";"0";"4000055";"FUNDO DE GARANTIA POR TEMPO DE SERVICO";"00360305000104";"";"0";"PROPRIA";"31901301";"FGTS";"FOLHA DE PAGAMENTO";"1269.66";"2025";"L";"29/01/2025";"0";"01/01/2025";"31/01/2025";"15"
"UNIDADE GESTÃO DE ASSISTÊNCIA E DESENVOLV. SOCIAL";"8";"ASSISTÊNCIA SOCIAL";"244";"ASSISTÊNCIA COMUNITÁRIA";"2025";"3006";"";"0";"0";"4016168";"I.N.S.S -INST.NACIONAL DE SEGURO SOCIAL";"29979036000140";"";"0";"PROPRIA";"31901302";"CONTRIBUICOES PREVIDENCIARIAS - INSS";"FOLHA DE PAGAMENTO";"5531.34";"2025";"L";"29/01/2025";"0";"01/01/2025";"31/01/2025";"15"
"UNIDADE GESTÃO DE ASSISTÊNCIA E DESENVOLV. SOCIAL";"8";"ASSISTÊNCIA SOCIAL";"244";"ASSISTÊNCIA COMUNITÁRIA";"2025";"3007";"";"0";"0";"4016168";"I.N.S.S -INST.NACIONAL DE SEGURO SOCIAL";"29979036000140";"";"0";"PROPRIA";"31901302";"CONTRIBUICOES PREVIDENCIARIAS - INSS";"FOLHA DE PAGAMENTO";"3573.95";"2025";"L";"29/01/2025";"0";"01/01/2025";"31/01/2025";"15"
"UNIDADE GESTÃO DE ASSISTÊNCIA E DESENVOLV. SOCIAL";"8";"ASSISTÊNCIA SOCIAL";"244";"ASSISTÊNCIA COMUNITÁRIA";"2025";"3008";"";"0";"0";"4016168";"I.N.S.S -INST.NACIONAL DE SEGURO SOCIAL";"29979036000140";"";"0";"PROPRIA";"31901302";"CONTRIBUICOES PREVIDENCIARIAS - INSS";"FOLHA DE PAGAMENTO";"2363.23";"2025";"L";"29/01/2025";"0";"01/01/2025";"31/01/2025";"15"
"UNIDADE GESTÃO DE ASSISTÊNCIA E DESENVOLV. SOCIAL";"8";"ASSISTÊNCIA SOCIAL";"244";"ASSISTÊNCIA COMUNITÁRIA";"2025";"3009";"";"0";"0";"100012604";"FOLHA DE PAGAMENTO";"45780103000150";"";"0";"PROPRIA";"31901644";"SERVIÇOS EXTRAORDINÁRIOS";"FOLHA DE PAGAMENTO";"2863.85";"2025";"L";"29/01/2025";"0";"01/01/2025";"31/01/2025";"15"
"UNIDADE GESTÃO DE ASSISTÊNCIA E DESENVOLV. SOCIAL";"8";"ASSISTÊNCIA SOCIAL";"244";"ASSISTÊNCIA COMUNITÁRIA";"2025";"3010";"";"0";"0";"100004453";"IPREJUN-INST.PREVIDENCIA DO MUN.JUNDIAI";"05507216000161";"";"0";"PROPRIA";"31911308";"CONTRIBUIÇÕES PREVIDENCIÁRIAS - RPPS - PESSOAL ATI";"FOLHA DE PAGAMENTO";"33051.27";"2025";"L";"29/01/2025";"0";"01/01/2025";"31/01/2025";"15"
"UNIDADE GESTÃO DE ASSISTÊNCIA E DESENVOLV. SOCIAL";"8";"ASSISTÊNCIA SOCIAL";"244";"ASSISTÊNCIA COMUNITÁRIA";"2025";"3011";"";"0";"0";"100004453";"IPREJUN-INST.PREVIDENCIA DO MUN.JUNDIAI";"05507216000161";"";"0";"PROPRIA";"31911320";"ALÍQUOTA SUPLEMENTAR DE CONTRIBUIÇÃO PREVIDENCIÁRI";"FOLHA DE PAGAMENTO";"47997.05";"2025";"L";"29/01/2025";"0";"01/01/2025";"31/01/2025";"15"
"UNIDADE GESTÃO DE ASSISTÊNCIA E DESENVOLV. SOCIAL";"8";"ASSISTÊNCIA SOCIAL";"244";"ASSISTÊNCIA COMUNITÁRIA";"2025";"3012";"";"0";"0";"100012604";"FOLHA DE PAGAMENTO";"45780103000150";"";"0";"PROPRIA";"33904901";"INDENIZACAO AUXILIO TRANSPORTE";"FOLHA DE PAGAMENTO";"13178";"2025";"L";"29/01/2025";"0";"01/01/2025";"31/01/2025";"15"
"UNIDADE GESTÃO DE ASSISTÊNCIA E DESENVOLV. SOCIAL";"8";"ASSISTÊNCIA SOCIAL";"244";"ASSISTÊNCIA COMUNITÁRIA";"2025";"3013";"";"0";"0";"100012604";"FOLHA DE PAGAMENTO";"45780103000150";"";"0";"PROPRIA";"33904901";"INDENIZACAO AUXILIO TRANSPORTE";"FOLHA DE PAGAMENTO";"484";"2025";"L";"29/01/2025";"0";"01/01/2025";"31/01/2025";"15"
"UNIDADE GESTÃO DE ASSISTÊNCIA E DESENVOLV. SOCIAL";"8";"ASSISTÊNCIA SOCIAL";"244";"ASSISTÊNCIA COMUNITÁRIA";"2025";"3014";"";"0";"0";"100012604";"FOLHA DE PAGAMENTO";"45780103000150";"";"0";"PROPRIA";"33904901";"INDENIZACAO AUXILIO TRANSPORTE";"FOLHA DE PAGAMENTO";"110";"2025";"L";"29/01/2025";"0";"01/01/2025";"31/01/2025";"15"
"UNIDADE GESTÃO DE ASSISTÊNCIA E DESENVOLV. SOCIAL";"8";"ASSISTÊNCIA SOCIAL";"244";"ASSISTÊNCIA COMUNITÁRIA";"2025";"3015";"";"0";"0";"100049213";"BB-PREVIDENCIA FUNDO DE PENSAO";"00544659000109";"";"0";"PROPRIA";"31900711";"CONTRIBUIÇÃO PATRONAL A ENTIDADES FECHADAS DE PREV";"FOLHA DE PAGAMENTO";"136.73";"2025";"L";"30/01/2025";"0";"01/01/2025";"31/01/2025";"15"
"UNIDADE GESTÃO DE ASSISTÊNCIA E DESENVOLV. SOCIAL";"8";"ASSISTÊNCIA SOCIAL";"244";"ASSISTÊNCIA COMUNITÁRIA";"2025";"3016";"";"0";"0";"100012604";"FOLHA DE PAGAMENTO";"45780103000150";"";"0";"PROPRIA";"31901101";"VENCIMENTO E SALARIOS";"FOLHA DE PAGAMENTO";"228030.51";"2025";"L";"29/01/2025";"0";"01/01/2025";"31/01/2025";"15"
"UNIDADE GESTÃO DE ASSISTÊNCIA E DESENVOLV. SOCIAL";"8";"ASSISTÊNCIA SOCIAL";"244";"ASSISTÊNCIA COMUNITÁRIA";"2025";"3017";"";"0";"0";"100012604";"FOLHA DE PAGAMENTO";"45780103000150";"";"0";"PROPRIA";"31901101";"VENCIMENTO E SALARIOS";"FOLHA DE PAGAMENTO";"12196.6";"2025";"L";"29/01/2025";"0";"01/01/2025";"31/01/2025";"15"
"UNIDADE GESTÃO DE ASSISTÊNCIA E DESENVOLV. SOCIAL";"8";"ASSISTÊNCIA SOCIAL";"244";"ASSISTÊNCIA COMUNITÁRIA";"2025";"3018";"";"0";"0";"100012604";"FOLHA DE PAGAMENTO";"45780103000150";"";"0";"PROPRIA";"31901133";"GRATIFICACOES POR EXERCICIO DE  FUNCOES";"FOLHA DE PAGAMENTO";"20975.78";"2025";"L";"29/01/2025";"0";"01/01/2025";"31/01/2025";"15"
"UNIDADE GESTÃO DE ASSISTÊNCIA E DESENVOLV. SOCIAL";"8";"ASSISTÊNCIA SOCIAL";"244";"ASSISTÊNCIA COMUNITÁRIA";"2025";"3019";"";"0";"0";"100012604";"FOLHA DE PAGAMENTO";"45780103000150";"";"0";"PROPRIA";"31901137";"GRATIFICACOES POR TEMPO DE SERVICO";"FOLHA DE PAGAMENTO";"13934.28";"2025";"L";"29/01/2025";"0";"01/01/2025";"31/01/2025";"15"
"UNIDADE GESTÃO DE ASSISTÊNCIA E DESENVOLV. SOCIAL";"8";"ASSISTÊNCIA SOCIAL";"244";"ASSISTÊNCIA COMUNITÁRIA";"2025";"3020";"";"0";"0";"100012604";"FOLHA DE PAGAMENTO";"45780103000150";"";"0";"PROPRIA";"31901145";"FÉRIAS - ABONO CONSTITUICOES";"FOLHA DE PAGAMENTO";"318.99";"2025";"L";"29/01/2025";"0";"01/01/2025";"31/01/2025";"15"
"UNIDADE GESTÃO DE ASSISTÊNCIA E DESENVOLV. SOCIAL";"8";"ASSISTÊNCIA SOCIAL";"244";"ASSISTÊNCIA COMUNITÁRIA";"2025";"3021";"";"0";"0";"4016168";"I.N.S.S -INST.NACIONAL DE SEGURO SOCIAL";"29979036000140";"";"0";"PROPRIA";"31901302";"CONTRIBUICOES PREVIDENCIARIAS - INSS";"FOLHA DE PAGAMENTO";"2746.55";"2025";"L";"29/01/2025";"0";"01/01/2025";"31/01/2025";"15"
"UNIDADE GESTÃO DE ASSISTÊNCIA E DESENVOLV. SOCIAL";"8";"ASSISTÊNCIA SOCIAL";"244";"ASSISTÊNCIA COMUNITÁRIA";"2025";"3022";"";"0";"0";"100012604";"FOLHA DE PAGAMENTO";"45780103000150";"";"0";"PROPRIA";"31901644";"SERVIÇOS EXTRAORDINÁRIOS";"FOLHA DE PAGAMENTO";"12529.05";"2025";"L";"29/01/2025";"0";"01/01/2025";"31/01/2025";"15"
"UNIDADE GESTÃO DE ASSISTÊNCIA E DESENVOLV. SOCIAL";"8";"ASSISTÊNCIA SOCIAL";"244";"ASSISTÊNCIA COMUNITÁRIA";"2025";"3023";"";"0";"0";"100004453";"IPREJUN-INST.PREVIDENCIA DO MUN.JUNDIAI";"05507216000161";"";"0";"PROPRIA";"31911308";"CONTRIBUIÇÕES PREVIDENCIÁRIAS - RPPS - PESSOAL ATI";"FOLHA DE PAGAMENTO";"60115.64";"2025";"L";"29/01/2025";"0";"01/01/2025";"31/01/2025";"15"
"UNIDADE GESTÃO DE ASSISTÊNCIA E DESENVOLV. SOCIAL";"8";"ASSISTÊNCIA SOCIAL";"244";"ASSISTÊNCIA COMUNITÁRIA";"2025";"3024";"";"0";"0";"100004453";"IPREJUN-INST.PREVIDENCIA DO MUN.JUNDIAI";"05507216000161";"";"0";"PROPRIA";"31911320";"ALÍQUOTA SUPLEMENTAR DE CONTRIBUIÇÃO PREVIDENCIÁRI";"FOLHA DE PAGAMENTO";"87299.82";"2025";"L";"29/01/2025";"0";"01/01/2025";"31/01/2025";"15"
"UNIDADE GESTÃO DE ASSISTÊNCIA E DESENVOLV. SOCIAL";"8";"ASSISTÊNCIA SOCIAL";"244";"ASSISTÊNCIA COMUNITÁRIA";"2025";"3025";"";"0";"0";"100012604";"FOLHA DE PAGAMENTO";"45780103000150";"";"0";"PROPRIA";"33904901";"INDENIZACAO AUXILIO TRANSPORTE";"FOLHA DE PAGAMENTO";"396";"2025";"L";"29/01/2025";"0";"01/01/2025";"31/01/2025";"15"
"UNIDADE GESTÃO DE ASSISTÊNCIA E DESENVOLV. SOCIAL";"8";"ASSISTÊNCIA SOCIAL";"244";"ASSISTÊNCIA COMUNITÁRIA";"2025";"3026";"";"0";"0";"100012604";"FOLHA DE PAGAMENTO";"45780103000150";"";"0";"PROPRIA";"33904901";"INDENIZACAO AUXILIO TRANSPORTE";"FOLHA DE PAGAMENTO";"15972";"2025";"L";"29/01/2025";"0";"01/01/2025";"31/01/2025";"15"
"UNIDADE DE GESTÃO DES. ECON. CIÊNCIA E TECNOLOGIA";"11";"TRABALHO";"122";"ADMINISTRAÇÃO GERAL";"2025";"3027";"";"0";"0";"100012604";"FOLHA DE PAGAMENTO";"45780103000150";"";"0";"PROPRIA";"31901101";"VENCIMENTO E SALARIOS";"FOLHA DE PAGAMENTO";"37323.97";"2025";"L";"29/01/2025";"0";"01/01/2025";"31/01/2025";"16"
"UNIDADE DE GESTÃO DES. ECON. CIÊNCIA E TECNOLOGIA";"11";"TRABALHO";"122";"ADMINISTRAÇÃO GERAL";"2025";"3028";"";"0";"0";"100012604";"FOLHA DE PAGAMENTO";"45780103000150";"";"0";"PROPRIA";"31901101";"VENCIMENTO E SALARIOS";"FOLHA DE PAGAMENTO";"44188.14";"2025";"L";"29/01/2025";"0";"01/01/2025";"31/01/2025";"16"
"UNIDADE DE GESTÃO DES. ECON. CIÊNCIA E TECNOLOGIA";"11";"TRABALHO";"122";"ADMINISTRAÇÃO GERAL";"2025";"3029";"";"0";"0";"100012604";"FOLHA DE PAGAMENTO";"45780103000150";"";"0";"PROPRIA";"31901133";"GRATIFICACOES POR EXERCICIO DE  FUNCOES";"FOLHA DE PAGAMENTO";"5873";"2025";"L";"29/01/2025";"0";"01/01/2025";"31/01/2025";"16"
"UNIDADE DE GESTÃO DES. ECON. CIÊNCIA E TECNOLOGIA";"11";"TRABALHO";"122";"ADMINISTRAÇÃO GERAL";"2025";"3030";"";"0";"0";"100012604";"FOLHA DE PAGAMENTO";"45780103000150";"";"0";"PROPRIA";"31901137";"GRATIFICACOES POR TEMPO DE SERVICO";"FOLHA DE PAGAMENTO";"3904.38";"2025";"L";"29/01/2025";"0";"01/01/2025";"31/01/2025";"16"
"UNIDADE DE GESTÃO DES. ECON. CIÊNCIA E TECNOLOGIA";"11";"TRABALHO";"122";"ADMINISTRAÇÃO GERAL";"2025";"3031";"";"0";"0";"100012604";"FOLHA DE PAGAMENTO";"45780103000150";"";"0";"PROPRIA";"31901175";"SUBSÍDIOS - AGENTES POLÍTICOS";"FOLHA DE PAGAMENTO";"24562.97";"2025";"L";"29/01/2025";"0";"01/01/2025";"31/01/2025";"16"
"UNIDADE DE GESTÃO DES. ECON. CIÊNCIA E TECNOLOGIA";"11";"TRABALHO";"122";"ADMINISTRAÇÃO GERAL";"2025";"3032";"";"0";"0";"4016168";"I.N.S.S -INST.NACIONAL DE SEGURO SOCIAL";"29979036000140";"";"0";"PROPRIA";"31901302";"CONTRIBUICOES PREVIDENCIARIAS - INSS";"FOLHA DE PAGAMENTO";"5531.34";"2025";"L";"29/01/2025";"0";"01/01/2025";"31/01/2025";"16"
"UNIDADE DE GESTÃO DES. ECON. CIÊNCIA E TECNOLOGIA";"11";"TRABALHO";"122";"ADMINISTRAÇÃO GERAL";"2025";"3033";"";"0";"0";"4016168";"I.N.S.S -INST.NACIONAL DE SEGURO SOCIAL";"29979036000140";"";"0";"PROPRIA";"31901302";"CONTRIBUICOES PREVIDENCIARIAS - INSS";"FOLHA DE PAGAMENTO";"9950.73";"2025";"L";"29/01/2025";"0";"01/01/2025";"31/01/2025";"16"
"UNIDADE DE GESTÃO DES. ECON. CIÊNCIA E TECNOLOGIA";"11";"TRABALHO";"122";"ADMINISTRAÇÃO GERAL";"2025";"3034";"";"0";"0";"100004453";"IPREJUN-INST.PREVIDENCIA DO MUN.JUNDIAI";"05507216000161";"";"0";"PROPRIA";"31911308";"CONTRIBUIÇÕES PREVIDENCIÁRIAS - RPPS - PESSOAL ATI";"FOLHA DE PAGAMENTO";"9096.88";"2025";"L";"29/01/2025";"0";"01/01/2025";"31/01/2025";"16"
"UNIDADE DE GESTÃO DES. ECON. CIÊNCIA E TECNOLOGIA";"11";"TRABALHO";"122";"ADMINISTRAÇÃO GERAL";"2025";"3035";"";"0";"0";"100004453";"IPREJUN-INST.PREVIDENCIA DO MUN.JUNDIAI";"05507216000161";"";"0";"PROPRIA";"31911320";"ALÍQUOTA SUPLEMENTAR DE CONTRIBUIÇÃO PREVIDENCIÁRI";"FOLHA DE PAGAMENTO";"13210.48";"2025";"L";"29/01/2025";"0";"01/01/2025";"31/01/2025";"16"
"UNIDADE DE GESTÃO DES. ECON. CIÊNCIA E TECNOLOGIA";"11";"TRABALHO";"122";"ADMINISTRAÇÃO GERAL";"2025";"3036";"";"0";"0";"100012604";"FOLHA DE PAGAMENTO";"45780103000150";"";"0";"PROPRIA";"33904901";"INDENIZACAO AUXILIO TRANSPORTE";"FOLHA DE PAGAMENTO";"3520";"2025";"L";"29/01/2025";"0";"01/01/2025";"31/01/2025";"16"
"UNIDADE DE GESTÃO DES. ECON. CIÊNCIA E TECNOLOGIA";"11";"TRABALHO";"122";"ADMINISTRAÇÃO GERAL";"2025";"3037";"";"0";"0";"100012604";"FOLHA DE PAGAMENTO";"45780103000150";"";"0";"PROPRIA";"33904901";"INDENIZACAO AUXILIO TRANSPORTE";"FOLHA DE PAGAMENTO";"1980";"2025";"L";"29/01/2025";"0";"01/01/2025";"31/01/2025";"16"
"UNIDADE GESTÃO DE AGRONEGÓCIO. ABASTEC. E TURISMO";"20";"AGRICULTURA";"122";"ADMINISTRAÇÃO GERAL";"2025";"3038";"";"0";"0";"100049213";"BB-PREVIDENCIA FUNDO DE PENSAO";"00544659000109";"";"0";"PROPRIA";"31900711";"CONTRIBUIÇÃO PATRONAL A ENTIDADES FECHADAS DE PREV";"FOLHA DE PAGAMENTO";"1053.74";"2025";"L";"30/01/2025";"0";"01/01/2025";"31/01/2025";"17"
"UNIDADE GESTÃO DE AGRONEGÓCIO. ABASTEC. E TURISMO";"20";"AGRICULTURA";"122";"ADMINISTRAÇÃO GERAL";"2025";"3039";"";"0";"0";"100012604";"FOLHA DE PAGAMENTO";"45780103000150";"";"0";"PROPRIA";"31901101";"VENCIMENTO E SALARIOS";"FOLHA DE PAGAMENTO";"43485.75";"2025";"L";"29/01/2025";"0";"01/01/2025";"31/01/2025";"17"
"UNIDADE GESTÃO DE AGRONEGÓCIO. ABASTEC. E TURISMO";"20";"AGRICULTURA";"122";"ADMINISTRAÇÃO GERAL";"2025";"3040";"";"0";"0";"100012604";"FOLHA DE PAGAMENTO";"45780103000150";"";"0";"PROPRIA";"31901101";"VENCIMENTO E SALARIOS";"FOLHA DE PAGAMENTO";"130638.17";"2025";"L";"29/01/2025";"0";"01/01/2025";"31/01/2025";"17"
"UNIDADE GESTÃO DE AGRONEGÓCIO. ABASTEC. E TURISMO";"20";"AGRICULTURA";"122";"ADMINISTRAÇÃO GERAL";"2025";"3041";"";"0";"0";"100012604";"FOLHA DE PAGAMENTO";"45780103000150";"";"0";"PROPRIA";"31901131";"GRATIFICACOES POR EXERCICIO DE  CARGO";"FOLHA DE PAGAMENTO";"5252.57";"2025";"L";"29/01/2025";"0";"01/01/2025";"31/01/2025";"17"
"UNIDADE GESTÃO DE AGRONEGÓCIO. ABASTEC. E TURISMO";"20";"AGRICULTURA";"122";"ADMINISTRAÇÃO GERAL";"2025";"3042";"";"0";"0";"100012604";"FOLHA DE PAGAMENTO";"45780103000150";"";"0";"PROPRIA";"31901133";"GRATIFICACOES POR EXERCICIO DE  FUNCOES";"FOLHA DE PAGAMENTO";"19350.88";"2025";"L";"29/01/2025";"0";"01/01/2025";"31/01/2025";"17"
"UNIDADE GESTÃO DE AGRONEGÓCIO. ABASTEC. E TURISMO";"20";"AGRICULTURA";"122";"ADMINISTRAÇÃO GERAL";"2025";"3043";"";"0";"0";"100012604";"FOLHA DE PAGAMENTO";"45780103000150";"";"0";"PROPRIA";"31901137";"GRATIFICACOES POR TEMPO DE SERVICO";"FOLHA DE PAGAMENTO";"19249.72";"2025";"L";"29/01/2025";"0";"01/01/2025";"31/01/2025";"17"
"UNIDADE GESTÃO DE AGRONEGÓCIO. ABASTEC. E TURISMO";"20";"AGRICULTURA";"122";"ADMINISTRAÇÃO GERAL";"2025";"3044";"";"0";"0";"100012604";"FOLHA DE PAGAMENTO";"45780103000150";"";"0";"PROPRIA";"31901145";"FÉRIAS - ABONO CONSTITUICOES";"FOLHA DE PAGAMENTO";"316.26";"2025";"L";"29/01/2025";"0";"01/01/2025";"31/01/2025";"17"
"UNIDADE GESTÃO DE AGRONEGÓCIO. ABASTEC. E TURISMO";"20";"AGRICULTURA";"122";"ADMINISTRAÇÃO GERAL";"2025";"3045";"";"0";"0";"100012604";"FOLHA DE PAGAMENTO";"45780103000150";"";"0";"PROPRIA";"31901175";"SUBSÍDIOS - AGENTES POLÍTICOS";"FOLHA DE PAGAMENTO";"24562.97";"2025";"L";"29/01/2025";"0";"01/01/2025";"31/01/2025";"17"
"UNIDADE GESTÃO DE AGRONEGÓCIO. ABASTEC. E TURISMO";"20";"AGRICULTURA";"122";"ADMINISTRAÇÃO GERAL";"2025";"3046";"";"0";"0";"4016168";"I.N.S.S -INST.NACIONAL DE SEGURO SOCIAL";"29979036000140";"";"0";"PROPRIA";"31901302";"CONTRIBUICOES PREVIDENCIARIAS - INSS";"FOLHA DE PAGAMENTO";"9792.55";"2025";"L";"29/01/2025";"0";"01/01/2025";"31/01/2025";"17"
"UNIDADE GESTÃO DE AGRONEGÓCIO. ABASTEC. E TURISMO";"20";"AGRICULTURA";"122";"ADMINISTRAÇÃO GERAL";"2025";"3047";"";"0";"0";"4016168";"I.N.S.S -INST.NACIONAL DE SEGURO SOCIAL";"29979036000140";"";"0";"PROPRIA";"31901302";"CONTRIBUICOES PREVIDENCIARIAS - INSS";"FOLHA DE PAGAMENTO";"5531.34";"2025";"L";"29/01/2025";"0";"01/01/2025";"31/01/2025";"17"
"UNIDADE GESTÃO DE AGRONEGÓCIO. ABASTEC. E TURISMO";"20";"AGRICULTURA";"122";"ADMINISTRAÇÃO GERAL";"2025";"3048";"";"0";"0";"100012604";"FOLHA DE PAGAMENTO";"45780103000150";"";"0";"PROPRIA";"31901632";"SUBSTITUIÇÕES  RPPS";"FOLHA DE PAGAMENTO";"10098.14";"2025";"L";"29/01/2025";"0";"01/01/2025";"31/01/2025";"17"
"UNIDADE GESTÃO DE AGRONEGÓCIO. ABASTEC. E TURISMO";"20";"AGRICULTURA";"122";"ADMINISTRAÇÃO GERAL";"2025";"3049";"";"0";"0";"100012604";"FOLHA DE PAGAMENTO";"45780103000150";"";"0";"PROPRIA";"31901644";"SERVIÇOS EXTRAORDINÁRIOS";"FOLHA DE PAGAMENTO";"12102.71";"2025";"L";"29/01/2025";"0";"01/01/2025";"31/01/2025";"17"
"UNIDADE GESTÃO DE AGRONEGÓCIO. ABASTEC. E TURISMO";"20";"AGRICULTURA";"122";"ADMINISTRAÇÃO GERAL";"2025";"3050";"";"0";"0";"100004453";"IPREJUN-INST.PREVIDENCIA DO MUN.JUNDIAI";"05507216000161";"";"0";"PROPRIA";"31911308";"CONTRIBUIÇÕES PREVIDENCIÁRIAS - RPPS - PESSOAL ATI";"FOLHA DE PAGAMENTO";"32675.85";"2025";"L";"29/01/2025";"0";"01/01/2025";"31/01/2025";"17"
"UNIDADE GESTÃO DE AGRONEGÓCIO. ABASTEC. E TURISMO";"20";"AGRICULTURA";"122";"ADMINISTRAÇÃO GERAL";"2025";"3051";"";"0";"0";"100004453";"IPREJUN-INST.PREVIDENCIA DO MUN.JUNDIAI";"05507216000161";"";"0";"PROPRIA";"31911320";"ALÍQUOTA SUPLEMENTAR DE CONTRIBUIÇÃO PREVIDENCIÁRI";"FOLHA DE PAGAMENTO";"47451.82";"2025";"L";"29/01/2025";"0";"01/01/2025";"31/01/2025";"17"
"UNIDADE GESTÃO DE AGRONEGÓCIO. ABASTEC. E TURISMO";"20";"AGRICULTURA";"122";"ADMINISTRAÇÃO GERAL";"2025";"3052";"";"0";"0";"100012604";"FOLHA DE PAGAMENTO";"45780103000150";"";"0";"PROPRIA";"33904901";"INDENIZACAO AUXILIO TRANSPORTE";"FOLHA DE PAGAMENTO";"9306";"2025";"L";"29/01/2025";"0";"01/01/2025";"31/01/2025";"17"
"UNIDADE GESTÃO DE AGRONEGÓCIO. ABASTEC. E TURISMO";"20";"AGRICULTURA";"122";"ADMINISTRAÇÃO GERAL";"2025";"3053";"";"0";"0";"100012604";"FOLHA DE PAGAMENTO";"45780103000150";"";"0";"PROPRIA";"33904901";"INDENIZACAO AUXILIO TRANSPORTE";"FOLHA DE PAGAMENTO";"2200";"2025";"L";"29/01/2025";"0";"01/01/2025";"31/01/2025";"17"
"UNIDADE DE GESTÃO DE SEGURANÇA MUNICIPAL";"6";"SEGURANÇA PÚBLICA";"122";"ADMINISTRAÇÃO GERAL";"2025";"3054";"";"0";"0";"100012604";"FOLHA DE PAGAMENTO";"45780103000150";"";"0";"PROPRIA";"31901101";"VENCIMENTO E SALARIOS";"FOLHA DE PAGAMENTO";"12513.84";"2025";"L";"29/01/2025";"0";"01/01/2025";"31/01/2025";"19"
"UNIDADE DE GESTÃO DE SEGURANÇA MUNICIPAL";"6";"SEGURANÇA PÚBLICA";"122";"ADMINISTRAÇÃO GERAL";"2025";"3055";"";"0";"0";"100012604";"FOLHA DE PAGAMENTO";"45780103000150";"";"0";"PROPRIA";"31901101";"VENCIMENTO E SALARIOS";"FOLHA DE PAGAMENTO";"32771.86";"2025";"L";"29/01/2025";"0";"01/01/2025";"31/01/2025";"19"
"UNIDADE DE GESTÃO DE SEGURANÇA MUNICIPAL";"6";"SEGURANÇA PÚBLICA";"122";"ADMINISTRAÇÃO GERAL";"2025";"3056";"";"0";"0";"100012604";"FOLHA DE PAGAMENTO";"45780103000150";"";"0";"PROPRIA";"31901101";"VENCIMENTO E SALARIOS";"FOLHA DE PAGAMENTO";"2353648.41";"2025";"L";"29/01/2025";"0";"01/01/2025";"31/01/2025";"19"
"UNIDADE DE GESTÃO DE SEGURANÇA MUNICIPAL";"6";"SEGURANÇA PÚBLICA";"122";"ADMINISTRAÇÃO GERAL";"2025";"3057";"";"0";"0";"100012604";"FOLHA DE PAGAMENTO";"45780103000150";"";"0";"PROPRIA";"31901104";"ADICIONAL NOTURNO";"FOLHA DE PAGAMENTO";"113898.73";"2025";"L";"29/01/2025";"0";"01/01/2025";"31/01/2025";"19"
"UNIDADE DE GESTÃO DE SEGURANÇA MUNICIPAL";"6";"SEGURANÇA PÚBLICA";"122";"ADMINISTRAÇÃO GERAL";"2025";"3058";"";"0";"0";"100012604";"FOLHA DE PAGAMENTO";"45780103000150";"";"0";"PROPRIA";"31901107";"ABONO DE PERMANENCIA";"FOLHA DE PAGAMENTO";"40163.96";"2025";"L";"29/01/2025";"0";"01/01/2025";"31/01/2025";"19"
"UNIDADE DE GESTÃO DE SEGURANÇA MUNICIPAL";"6";"SEGURANÇA PÚBLICA";"122";"ADMINISTRAÇÃO GERAL";"2025";"3059";"";"0";"0";"100012604";"FOLHA DE PAGAMENTO";"45780103000150";"";"0";"PROPRIA";"31901110";"ADICIONAL DE INSALUBRIDADE";"FOLHA DE PAGAMENTO";"1518";"2025";"L";"29/01/2025";"0";"01/01/2025";"31/01/2025";"19"
"UNIDADE DE GESTÃO DE SEGURANÇA MUNICIPAL";"6";"SEGURANÇA PÚBLICA";"122";"ADMINISTRAÇÃO GERAL";"2025";"3060";"";"0";"0";"100012604";"FOLHA DE PAGAMENTO";"45780103000150";"";"0";"PROPRIA";"31901131";"GRATIFICACOES POR EXERCICIO DE  CARGO";"FOLHA DE PAGAMENTO";"22174.2";"2025";"L";"29/01/2025";"0";"01/01/2025";"31/01/2025";"19"
"UNIDADE DE GESTÃO DE SEGURANÇA MUNICIPAL";"6";"SEGURANÇA PÚBLICA";"122";"ADMINISTRAÇÃO GERAL";"2025";"3061";"";"0";"0";"100012604";"FOLHA DE PAGAMENTO";"45780103000150";"";"0";"PROPRIA";"31901133";"GRATIFICACOES POR EXERCICIO DE  FUNCOES";"FOLHA DE PAGAMENTO";"2030.13";"2025";"L";"29/01/2025";"0";"01/01/2025";"31/01/2025";"19"
"UNIDADE DE GESTÃO DE SEGURANÇA MUNICIPAL";"6";"SEGURANÇA PÚBLICA";"122";"ADMINISTRAÇÃO GERAL";"2025";"3062";"";"0";"0";"100012604";"FOLHA DE PAGAMENTO";"45780103000150";"";"0";"PROPRIA";"31901133";"GRATIFICACOES POR EXERCICIO DE  FUNCOES";"FOLHA DE PAGAMENTO";"513288.86";"2025";"L";"29/01/2025";"0";"01/01/2025";"31/01/2025";"19"
"UNIDADE DE GESTÃO DE SEGURANÇA MUNICIPAL";"6";"SEGURANÇA PÚBLICA";"122";"ADMINISTRAÇÃO GERAL";"2025";"3063";"";"0";"0";"100012604";"FOLHA DE PAGAMENTO";"45780103000150";"";"0";"PROPRIA";"31901137";"GRATIFICACOES POR TEMPO DE SERVICO";"FOLHA DE PAGAMENTO";"378233.64";"2025";"L";"29/01/2025";"0";"01/01/2025";"31/01/2025";"19"
"UNIDADE DE GESTÃO DE SEGURANÇA MUNICIPAL";"6";"SEGURANÇA PÚBLICA";"122";"ADMINISTRAÇÃO GERAL";"2025";"3064";"";"0";"0";"100012604";"FOLHA DE PAGAMENTO";"45780103000150";"";"0";"PROPRIA";"31901137";"GRATIFICACOES POR TEMPO DE SERVICO";"FOLHA DE PAGAMENTO";"11952.5";"2025";"L";"29/01/2025";"0";"01/01/2025";"31/01/2025";"19"
"UNIDADE DE GESTÃO DE SEGURANÇA MUNICIPAL";"6";"SEGURANÇA PÚBLICA";"122";"ADMINISTRAÇÃO GERAL";"2025";"3065";"";"0";"0";"100012604";"FOLHA DE PAGAMENTO";"45780103000150";"";"0";"PROPRIA";"31901145";"FÉRIAS - ABONO CONSTITUICOES";"FOLHA DE PAGAMENTO";"336.84";"2025";"L";"29/01/2025";"0";"01/01/2025";"31/01/2025";"19"
"UNIDADE DE GESTÃO DE SEGURANÇA MUNICIPAL";"6";"SEGURANÇA PÚBLICA";"122";"ADMINISTRAÇÃO GERAL";"2025";"3066";"";"0";"0";"4000055";"FUNDO DE GARANTIA POR TEMPO DE SERVICO";"00360305000104";"";"0";"PROPRIA";"31901301";"FGTS";"FOLHA DE PAGAMENTO";"6260.97";"2025";"L";"29/01/2025";"0";"01/01/2025";"31/01/2025";"19"
"UNIDADE DE GESTÃO DE SEGURANÇA MUNICIPAL";"6";"SEGURANÇA PÚBLICA";"122";"ADMINISTRAÇÃO GERAL";"2025";"3067";"";"0";"0";"4016168";"I.N.S.S -INST.NACIONAL DE SEGURO SOCIAL";"29979036000140";"";"0";"PROPRIA";"31901302";"CONTRIBUICOES PREVIDENCIARIAS - INSS";"FOLHA DE PAGAMENTO";"17623.87";"2025";"L";"29/01/2025";"0";"01/01/2025";"31/01/2025";"19"
"UNIDADE DE GESTÃO DE SEGURANÇA MUNICIPAL";"6";"SEGURANÇA PÚBLICA";"122";"ADMINISTRAÇÃO GERAL";"2025";"3068";"";"0";"0";"4016168";"I.N.S.S -INST.NACIONAL DE SEGURO SOCIAL";"29979036000140";"";"0";"PROPRIA";"31901302";"CONTRIBUICOES PREVIDENCIARIAS - INSS";"FOLHA DE PAGAMENTO";"2817.99";"2025";"L";"29/01/2025";"0";"01/01/2025";"31/01/2025";"19"
"UNIDADE DE GESTÃO DE SEGURANÇA MUNICIPAL";"6";"SEGURANÇA PÚBLICA";"122";"ADMINISTRAÇÃO GERAL";"2025";"3069";"";"0";"0";"100012604";"FOLHA DE PAGAMENTO";"45780103000150";"";"0";"PROPRIA";"31901632";"SUBSTITUIÇÕES  RPPS";"FOLHA DE PAGAMENTO";"27296.87";"2025";"L";"29/01/2025";"0";"01/01/2025";"31/01/2025";"19"
"UNIDADE DE GESTÃO DE SEGURANÇA MUNICIPAL";"6";"SEGURANÇA PÚBLICA";"122";"ADMINISTRAÇÃO GERAL";"2025";"3070";"";"0";"0";"100012604";"FOLHA DE PAGAMENTO";"45780103000150";"";"0";"PROPRIA";"31901644";"SERVIÇOS EXTRAORDINÁRIOS";"FOLHA DE PAGAMENTO";"481672.22";"2025";"L";"29/01/2025";"0";"01/01/2025";"31/01/2025";"19"
"UNIDADE DE GESTÃO DE SEGURANÇA MUNICIPAL";"6";"SEGURANÇA PÚBLICA";"122";"ADMINISTRAÇÃO GERAL";"2025";"3071";"";"0";"0";"100004453";"IPREJUN-INST.PREVIDENCIA DO MUN.JUNDIAI";"05507216000161";"";"0";"PROPRIA";"31911308";"CONTRIBUIÇÕES PREVIDENCIÁRIAS - RPPS - PESSOAL ATI";"FOLHA DE PAGAMENTO";"628748.36";"2025";"L";"29/01/2025";"0";"01/01/2025";"31/01/2025";"19"
"UNIDADE DE GESTÃO DE SEGURANÇA MUNICIPAL";"6";"SEGURANÇA PÚBLICA";"122";"ADMINISTRAÇÃO GERAL";"2025";"3072";"";"0";"0";"100004453";"IPREJUN-INST.PREVIDENCIA DO MUN.JUNDIAI";"05507216000161";"";"0";"PROPRIA";"31911320";"ALÍQUOTA SUPLEMENTAR DE CONTRIBUIÇÃO PREVIDENCIÁRI";"FOLHA DE PAGAMENTO";"913067";"2025";"L";"29/01/2025";"0";"01/01/2025";"31/01/2025";"19"
"UNIDADE DE GESTÃO DE SEGURANÇA MUNICIPAL";"6";"SEGURANÇA PÚBLICA";"122";"ADMINISTRAÇÃO GERAL";"2025";"3073";"";"0";"0";"100012604";"FOLHA DE PAGAMENTO";"45780103000150";"";"0";"PROPRIA";"33904901";"INDENIZACAO AUXILIO TRANSPORTE";"FOLHA DE PAGAMENTO";"135674";"2025";"L";"29/01/2025";"0";"01/01/2025";"31/01/2025";"19"
"UNIDADE DE GESTÃO DE SEGURANÇA MUNICIPAL";"6";"SEGURANÇA PÚBLICA";"122";"ADMINISTRAÇÃO GERAL";"2025";"3074";"";"0";"0";"100012604";"FOLHA DE PAGAMENTO";"45780103000150";"";"0";"PROPRIA";"33904901";"INDENIZACAO AUXILIO TRANSPORTE";"FOLHA DE PAGAMENTO";"880";"2025";"L";"29/01/2025";"0";"01/01/2025";"31/01/2025";"19"
"UNIDADE DE GESTÃO DE SEGURANÇA MUNICIPAL";"6";"SEGURANÇA PÚBLICA";"122";"ADMINISTRAÇÃO GERAL";"2025";"3075";"";"0";"0";"100012604";"FOLHA DE PAGAMENTO";"45780103000150";"";"0";"PROPRIA";"33904901";"INDENIZACAO AUXILIO TRANSPORTE";"FOLHA DE PAGAMENTO";"1122";"2025";"L";"29/01/2025";"0";"01/01/2025";"31/01/2025";"19"
"UNIDADE DE GESTÃO DE CULTURA";"13";"CULTURA";"122";"ADMINISTRAÇÃO GERAL";"2025";"3076";"";"0";"0";"100012604";"FOLHA DE PAGAMENTO";"45780103000150";"";"0";"PROPRIA";"31901101";"VENCIMENTO E SALARIOS";"FOLHA DE PAGAMENTO";"52935.21";"2025";"L";"29/01/2025";"0";"01/01/2025";"31/01/2025";"22"
"UNIDADE DE GESTÃO DE CULTURA";"13";"CULTURA";"122";"ADMINISTRAÇÃO GERAL";"2025";"3077";"";"0";"0";"100012604";"FOLHA DE PAGAMENTO";"45780103000150";"";"0";"PROPRIA";"31901101";"VENCIMENTO E SALARIOS";"FOLHA DE PAGAMENTO";"18389.71";"2025";"L";"29/01/2025";"0";"01/01/2025";"31/01/2025";"22"
"UNIDADE DE GESTÃO DE CULTURA";"13";"CULTURA";"122";"ADMINISTRAÇÃO GERAL";"2025";"3078";"";"0";"0";"100012604";"FOLHA DE PAGAMENTO";"45780103000150";"";"0";"PROPRIA";"31901101";"VENCIMENTO E SALARIOS";"FOLHA DE PAGAMENTO";"247343.31";"2025";"L";"29/01/2025";"0";"01/01/2025";"31/01/2025";"22"
"UNIDADE DE GESTÃO DE CULTURA";"13";"CULTURA";"122";"ADMINISTRAÇÃO GERAL";"2025";"3079";"";"0";"0";"100012604";"FOLHA DE PAGAMENTO";"45780103000150";"";"0";"PROPRIA";"31901104";"ADICIONAL NOTURNO";"FOLHA DE PAGAMENTO";"740.86";"2025";"L";"29/01/2025";"0";"01/01/2025";"31/01/2025";"22"
"UNIDADE DE GESTÃO DE CULTURA";"13";"CULTURA";"122";"ADMINISTRAÇÃO GERAL";"2025";"3080";"";"0";"0";"100012604";"FOLHA DE PAGAMENTO";"45780103000150";"";"0";"PROPRIA";"31901107";"ABONO DE PERMANENCIA";"FOLHA DE PAGAMENTO";"1854.23";"2025";"L";"29/01/2025";"0";"01/01/2025";"31/01/2025";"22"
"UNIDADE DE GESTÃO DE CULTURA";"13";"CULTURA";"122";"ADMINISTRAÇÃO GERAL";"2025";"3081";"";"0";"0";"100012604";"FOLHA DE PAGAMENTO";"45780103000150";"";"0";"PROPRIA";"31901109";"ADICIONAL DE PERICULOSIDADE";"FOLHA DE PAGAMENTO";"8146.84";"2025";"L";"29/01/2025";"0";"01/01/2025";"31/01/2025";"22"
"UNIDADE DE GESTÃO DE CULTURA";"13";"CULTURA";"122";"ADMINISTRAÇÃO GERAL";"2025";"3082";"";"0";"0";"100012604";"FOLHA DE PAGAMENTO";"45780103000150";"";"0";"PROPRIA";"31901110";"ADICIONAL DE INSALUBRIDADE";"FOLHA DE PAGAMENTO";"829.84";"2025";"L";"29/01/2025";"0";"01/01/2025";"31/01/2025";"22"
"UNIDADE DE GESTÃO DE CULTURA";"13";"CULTURA";"122";"ADMINISTRAÇÃO GERAL";"2025";"3083";"";"0";"0";"100012604";"FOLHA DE PAGAMENTO";"45780103000150";"";"0";"PROPRIA";"31901133";"GRATIFICACOES POR EXERCICIO DE  FUNCOES";"FOLHA DE PAGAMENTO";"7374.41";"2025";"L";"29/01/2025";"0";"01/01/2025";"31/01/2025";"22"
"UNIDADE DE GESTÃO DE CULTURA";"13";"CULTURA";"122";"ADMINISTRAÇÃO GERAL";"2025";"3084";"";"0";"0";"100012604";"FOLHA DE PAGAMENTO";"45780103000150";"";"0";"PROPRIA";"31901137";"GRATIFICACOES POR TEMPO DE SERVICO";"FOLHA DE PAGAMENTO";"48656.29";"2025";"L";"29/01/2025";"0";"01/01/2025";"31/01/2025";"22"
"UNIDADE DE GESTÃO DE CULTURA";"13";"CULTURA";"122";"ADMINISTRAÇÃO GERAL";"2025";"3085";"";"0";"0";"100012604";"FOLHA DE PAGAMENTO";"45780103000150";"";"0";"PROPRIA";"31901137";"GRATIFICACOES POR TEMPO DE SERVICO";"FOLHA DE PAGAMENTO";"9501.97";"2025";"L";"29/01/2025";"0";"01/01/2025";"31/01/2025";"22"
"UNIDADE DE GESTÃO DE CULTURA";"13";"CULTURA";"122";"ADMINISTRAÇÃO GERAL";"2025";"3086";"";"0";"0";"100012604";"FOLHA DE PAGAMENTO";"45780103000150";"";"0";"PROPRIA";"31901145";"FÉRIAS - ABONO CONSTITUICOES";"FOLHA DE PAGAMENTO";"289.37";"2025";"L";"29/01/2025";"0";"01/01/2025";"31/01/2025";"22"
"UNIDADE DE GESTÃO DE CULTURA";"13";"CULTURA";"122";"ADMINISTRAÇÃO GERAL";"2025";"3087";"";"0";"0";"100012604";"FOLHA DE PAGAMENTO";"45780103000150";"";"0";"PROPRIA";"31901175";"SUBSÍDIOS - AGENTES POLÍTICOS";"FOLHA DE PAGAMENTO";"24562.97";"2025";"L";"29/01/2025";"0";"01/01/2025";"31/01/2025";"22"
"UNIDADE DE GESTÃO DE CULTURA";"13";"CULTURA";"122";"ADMINISTRAÇÃO GERAL";"2025";"3088";"";"0";"0";"4000055";"FUNDO DE GARANTIA POR TEMPO DE SERVICO";"00360305000104";"";"0";"PROPRIA";"31901301";"FGTS";"FOLHA DE PAGAMENTO";"3432.8";"2025";"L";"29/01/2025";"0";"01/01/2025";"31/01/2025";"22"
"UNIDADE DE GESTÃO DE CULTURA";"13";"CULTURA";"122";"ADMINISTRAÇÃO GERAL";"2025";"3089";"";"0";"0";"4016168";"I.N.S.S -INST.NACIONAL DE SEGURO SOCIAL";"29979036000140";"";"0";"PROPRIA";"31901302";"CONTRIBUICOES PREVIDENCIARIAS - INSS";"FOLHA DE PAGAMENTO";"9662.97";"2025";"L";"29/01/2025";"0";"01/01/2025";"31/01/2025";"22"
"UNIDADE DE GESTÃO DE CULTURA";"13";"CULTURA";"122";"ADMINISTRAÇÃO GERAL";"2025";"3090";"";"0";"0";"4016168";"I.N.S.S -INST.NACIONAL DE SEGURO SOCIAL";"29979036000140";"";"0";"PROPRIA";"31901302";"CONTRIBUICOES PREVIDENCIARIAS - INSS";"FOLHA DE PAGAMENTO";"5531.34";"2025";"L";"29/01/2025";"0";"01/01/2025";"31/01/2025";"22"
"UNIDADE DE GESTÃO DE CULTURA";"13";"CULTURA";"122";"ADMINISTRAÇÃO GERAL";"2025";"3091";"";"0";"0";"4016168";"I.N.S.S -INST.NACIONAL DE SEGURO SOCIAL";"29979036000140";"";"0";"PROPRIA";"31901302";"CONTRIBUICOES PREVIDENCIARIAS - INSS";"FOLHA DE PAGAMENTO";"11920.47";"2025";"L";"29/01/2025";"0";"01/01/2025";"31/01/2025";"22"
"UNIDADE DE GESTÃO DE CULTURA";"13";"CULTURA";"122";"ADMINISTRAÇÃO GERAL";"2025";"3092";"";"0";"0";"100012604";"FOLHA DE PAGAMENTO";"45780103000150";"";"0";"PROPRIA";"31901632";"SUBSTITUIÇÕES  RPPS";"FOLHA DE PAGAMENTO";"38594.09";"2025";"L";"29/01/2025";"0";"01/01/2025";"31/01/2025";"22"
"UNIDADE DE GESTÃO DE CULTURA";"13";"CULTURA";"122";"ADMINISTRAÇÃO GERAL";"2025";"3093";"";"0";"0";"100004453";"IPREJUN-INST.PREVIDENCIA DO MUN.JUNDIAI";"05507216000161";"";"0";"PROPRIA";"31911308";"CONTRIBUIÇÕES PREVIDENCIÁRIAS - RPPS - PESSOAL ATI";"FOLHA DE PAGAMENTO";"66567.9";"2025";"L";"29/01/2025";"0";"01/01/2025";"31/01/2025";"22"
"UNIDADE DE GESTÃO DE CULTURA";"13";"CULTURA";"122";"ADMINISTRAÇÃO GERAL";"2025";"3094";"";"0";"0";"100004453";"IPREJUN-INST.PREVIDENCIA DO MUN.JUNDIAI";"05507216000161";"";"0";"PROPRIA";"31911320";"ALÍQUOTA SUPLEMENTAR DE CONTRIBUIÇÃO PREVIDENCIÁRI";"FOLHA DE PAGAMENTO";"96669.75";"2025";"L";"29/01/2025";"0";"01/01/2025";"31/01/2025";"22"
"UNIDADE DE GESTÃO DE CULTURA";"13";"CULTURA";"122";"ADMINISTRAÇÃO GERAL";"2025";"3095";"";"0";"0";"100012604";"FOLHA DE PAGAMENTO";"45780103000150";"";"0";"PROPRIA";"33904901";"INDENIZACAO AUXILIO TRANSPORTE";"FOLHA DE PAGAMENTO";"27038";"2025";"L";"29/01/2025";"0";"01/01/2025";"31/01/2025";"22"
"UNIDADE DE GESTÃO DE CULTURA";"13";"CULTURA";"122";"ADMINISTRAÇÃO GERAL";"2025";"3096";"";"0";"0";"100012604";"FOLHA DE PAGAMENTO";"45780103000150";"";"0";"PROPRIA";"33904901";"INDENIZACAO AUXILIO TRANSPORTE";"FOLHA DE PAGAMENTO";"1320";"2025";"L";"29/01/2025";"0";"01/01/2025";"31/01/2025";"22"
"UNIDADE DE GESTÃO DE CULTURA";"13";"CULTURA";"122";"ADMINISTRAÇÃO GERAL";"2025";"3097";"";"0";"0";"100012604";"FOLHA DE PAGAMENTO";"45780103000150";"";"0";"PROPRIA";"33904901";"INDENIZACAO AUXILIO TRANSPORTE";"FOLHA DE PAGAMENTO";"2618";"2025";"L";"29/01/2025";"0";"01/01/2025";"31/01/2025";"22"
"UNIDADE DE GESTÃO DE ESPORTE E LAZER";"27";"DESPORTO E LAZER";"812";"DESPORTO COMUNITÁRIO";"2025";"3098";"";"0";"0";"100049213";"BB-PREVIDENCIA FUNDO DE PENSAO";"00544659000109";"";"0";"PROPRIA";"31900711";"CONTRIBUIÇÃO PATRONAL A ENTIDADES FECHADAS DE PREV";"FOLHA DE PAGAMENTO";"820.38";"2025";"L";"30/01/2025";"0";"01/01/2025";"31/01/2025";"23"
"UNIDADE DE GESTÃO DE ESPORTE E LAZER";"27";"DESPORTO E LAZER";"812";"DESPORTO COMUNITÁRIO";"2025";"3099";"";"0";"0";"100012604";"FOLHA DE PAGAMENTO";"45780103000150";"";"0";"PROPRIA";"31901101";"VENCIMENTO E SALARIOS";"FOLHA DE PAGAMENTO";"48689";"2025";"L";"29/01/2025";"0";"01/01/2025";"31/01/2025";"23"
"UNIDADE DE GESTÃO DE ESPORTE E LAZER";"27";"DESPORTO E LAZER";"812";"DESPORTO COMUNITÁRIO";"2025";"3100";"";"0";"0";"100012604";"FOLHA DE PAGAMENTO";"45780103000150";"";"0";"PROPRIA";"31901101";"VENCIMENTO E SALARIOS";"FOLHA DE PAGAMENTO";"739387.75";"2025";"L";"29/01/2025";"0";"01/01/2025";"31/01/2025";"23"
"UNIDADE DE GESTÃO DE ESPORTE E LAZER";"27";"DESPORTO E LAZER";"812";"DESPORTO COMUNITÁRIO";"2025";"3101";"";"0";"0";"100012604";"FOLHA DE PAGAMENTO";"45780103000150";"";"0";"PROPRIA";"31901101";"VENCIMENTO E SALARIOS";"FOLHA DE PAGAMENTO";"136981.88";"2025";"L";"29/01/2025";"0";"01/01/2025";"31/01/2025";"23"
"UNIDADE DE GESTÃO DE ESPORTE E LAZER";"27";"DESPORTO E LAZER";"812";"DESPORTO COMUNITÁRIO";"2025";"3102";"";"0";"0";"100012604";"FOLHA DE PAGAMENTO";"45780103000150";"";"0";"PROPRIA";"31901104";"ADICIONAL NOTURNO";"FOLHA DE PAGAMENTO";"1880.21";"2025";"L";"29/01/2025";"0";"01/01/2025";"31/01/2025";"23"
"UNIDADE DE GESTÃO DE ESPORTE E LAZER";"27";"DESPORTO E LAZER";"812";"DESPORTO COMUNITÁRIO";"2025";"3103";"";"0";"0";"100012604";"FOLHA DE PAGAMENTO";"45780103000150";"";"0";"PROPRIA";"31901107";"ABONO DE PERMANENCIA";"FOLHA DE PAGAMENTO";"3757.05";"2025";"L";"29/01/2025";"0";"01/01/2025";"31/01/2025";"23"
"UNIDADE DE GESTÃO DE ESPORTE E LAZER";"27";"DESPORTO E LAZER";"812";"DESPORTO COMUNITÁRIO";"2025";"3104";"";"0";"0";"100012604";"FOLHA DE PAGAMENTO";"45780103000150";"";"0";"PROPRIA";"31901110";"ADICIONAL DE INSALUBRIDADE";"FOLHA DE PAGAMENTO";"1801.36";"2025";"L";"29/01/2025";"0";"01/01/2025";"31/01/2025";"23"
"UNIDADE DE GESTÃO DE ESPORTE E LAZER";"27";"DESPORTO E LAZER";"812";"DESPORTO COMUNITÁRIO";"2025";"3105";"";"0";"0";"100012604";"FOLHA DE PAGAMENTO";"45780103000150";"";"0";"PROPRIA";"31901131";"GRATIFICACOES POR EXERCICIO DE  CARGO";"FOLHA DE PAGAMENTO";"16295.71";"2025";"L";"29/01/2025";"0";"01/01/2025";"31/01/2025";"23"
"UNIDADE DE GESTÃO DE ESPORTE E LAZER";"27";"DESPORTO E LAZER";"812";"DESPORTO COMUNITÁRIO";"2025";"3106";"";"0";"0";"100012604";"FOLHA DE PAGAMENTO";"45780103000150";"";"0";"PROPRIA";"31901131";"GRATIFICACOES POR EXERCICIO DE  CARGO";"FOLHA DE PAGAMENTO";"8515";"2025";"L";"29/01/2025";"0";"01/01/2025";"31/01/2025";"23"
"UNIDADE DE GESTÃO DE ESPORTE E LAZER";"27";"DESPORTO E LAZER";"812";"DESPORTO COMUNITÁRIO";"2025";"3107";"";"0";"0";"100012604";"FOLHA DE PAGAMENTO";"45780103000150";"";"0";"PROPRIA";"31901133";"GRATIFICACOES POR EXERCICIO DE  FUNCOES";"FOLHA DE PAGAMENTO";"24255.12";"2025";"L";"29/01/2025";"0";"01/01/2025";"31/01/2025";"23"
"UNIDADE DE GESTÃO DE ESPORTE E LAZER";"27";"DESPORTO E LAZER";"812";"DESPORTO COMUNITÁRIO";"2025";"3108";"";"0";"0";"100012604";"FOLHA DE PAGAMENTO";"45780103000150";"";"0";"PROPRIA";"31901137";"GRATIFICACOES POR TEMPO DE SERVICO";"FOLHA DE PAGAMENTO";"52629.65";"2025";"L";"29/01/2025";"0";"01/01/2025";"31/01/2025";"23"
"UNIDADE DE GESTÃO DE ESPORTE E LAZER";"27";"DESPORTO E LAZER";"812";"DESPORTO COMUNITÁRIO";"2025";"3109";"";"0";"0";"100012604";"FOLHA DE PAGAMENTO";"45780103000150";"";"0";"PROPRIA";"31901137";"GRATIFICACOES POR TEMPO DE SERVICO";"FOLHA DE PAGAMENTO";"126511.27";"2025";"L";"29/01/2025";"0";"01/01/2025";"31/01/2025";"23"
"UNIDADE DE GESTÃO DE ESPORTE E LAZER";"27";"DESPORTO E LAZER";"812";"DESPORTO COMUNITÁRIO";"2025";"3110";"";"0";"0";"100012604";"FOLHA DE PAGAMENTO";"45780103000150";"";"0";"PROPRIA";"31901144";"FÉRIAS - ABONO PECUNIARIO";"FOLHA DE PAGAMENTO";"2574.94";"2025";"L";"29/01/2025";"0";"01/01/2025";"31/01/2025";"23"
"UNIDADE DE GESTÃO DE ESPORTE E LAZER";"27";"DESPORTO E LAZER";"812";"DESPORTO COMUNITÁRIO";"2025";"3111";"";"0";"0";"100012604";"FOLHA DE PAGAMENTO";"45780103000150";"";"0";"PROPRIA";"31901145";"FÉRIAS - ABONO CONSTITUICOES";"FOLHA DE PAGAMENTO";"4051.24";"2025";"L";"29/01/2025";"0";"01/01/2025";"31/01/2025";"23"
"UNIDADE DE GESTÃO DE ESPORTE E LAZER";"27";"DESPORTO E LAZER";"812";"DESPORTO COMUNITÁRIO";"2025";"3112";"";"0";"0";"100012604";"FOLHA DE PAGAMENTO";"45780103000150";"";"0";"PROPRIA";"31901145";"FÉRIAS - ABONO CONSTITUICOES";"FOLHA DE PAGAMENTO";"2187.67";"2025";"L";"29/01/2025";"0";"01/01/2025";"31/01/2025";"23"
"UNIDADE DE GESTÃO DE ESPORTE E LAZER";"27";"DESPORTO E LAZER";"812";"DESPORTO COMUNITÁRIO";"2025";"3113";"";"0";"0";"4000055";"FUNDO DE GARANTIA POR TEMPO DE SERVICO";"00360305000104";"";"0";"PROPRIA";"31901301";"FGTS";"FOLHA DE PAGAMENTO";"32402.81";"2025";"L";"29/01/2025";"0";"01/01/2025";"31/01/2025";"23"
"UNIDADE DE GESTÃO DE ESPORTE E LAZER";"27";"DESPORTO E LAZER";"812";"DESPORTO COMUNITÁRIO";"2025";"3114";"";"0";"0";"4016168";"I.N.S.S -INST.NACIONAL DE SEGURO SOCIAL";"29979036000140";"";"0";"PROPRIA";"31901302";"CONTRIBUICOES PREVIDENCIARIAS - INSS";"FOLHA DE PAGAMENTO";"98068.67";"2025";"L";"29/01/2025";"0";"01/01/2025";"31/01/2025";"23"
"UNIDADE DE GESTÃO DE ESPORTE E LAZER";"27";"DESPORTO E LAZER";"812";"DESPORTO COMUNITÁRIO";"2025";"3115";"";"0";"0";"4016168";"I.N.S.S -INST.NACIONAL DE SEGURO SOCIAL";"29979036000140";"";"0";"PROPRIA";"31901302";"CONTRIBUICOES PREVIDENCIARIAS - INSS";"FOLHA DE PAGAMENTO";"10964.27";"2025";"L";"29/01/2025";"0";"01/01/2025";"31/01/2025";"23"
"UNIDADE DE GESTÃO DE ESPORTE E LAZER";"27";"DESPORTO E LAZER";"812";"DESPORTO COMUNITÁRIO";"2025";"3116";"";"0";"0";"100012604";"FOLHA DE PAGAMENTO";"45780103000150";"";"0";"PROPRIA";"31901644";"SERVIÇOS EXTRAORDINÁRIOS";"FOLHA DE PAGAMENTO";"128879.92";"2025";"L";"29/01/2025";"0";"01/01/2025";"31/01/2025";"23"
"UNIDADE DE GESTÃO DE ESPORTE E LAZER";"27";"DESPORTO E LAZER";"812";"DESPORTO COMUNITÁRIO";"2025";"3117";"";"0";"0";"100012604";"FOLHA DE PAGAMENTO";"45780103000150";"";"0";"PROPRIA";"31901644";"SERVIÇOS EXTRAORDINÁRIOS";"FOLHA DE PAGAMENTO";"13921.37";"2025";"L";"29/01/2025";"0";"01/01/2025";"31/01/2025";"23"
"UNIDADE DE GESTÃO DE ESPORTE E LAZER";"27";"DESPORTO E LAZER";"812";"DESPORTO COMUNITÁRIO";"2025";"3118";"";"0";"0";"100004453";"IPREJUN-INST.PREVIDENCIA DO MUN.JUNDIAI";"05507216000161";"";"0";"PROPRIA";"31911308";"CONTRIBUIÇÕES PREVIDENCIÁRIAS - RPPS - PESSOAL ATI";"FOLHA DE PAGAMENTO";"233265.7";"2025";"L";"29/01/2025";"0";"01/01/2025";"31/01/2025";"23"
"UNIDADE DE GESTÃO DE ESPORTE E LAZER";"27";"DESPORTO E LAZER";"812";"DESPORTO COMUNITÁRIO";"2025";"3119";"";"0";"0";"100004453";"IPREJUN-INST.PREVIDENCIA DO MUN.JUNDIAI";"05507216000161";"";"0";"PROPRIA";"31911320";"ALÍQUOTA SUPLEMENTAR DE CONTRIBUIÇÃO PREVIDENCIÁRI";"FOLHA DE PAGAMENTO";"338748";"2025";"L";"29/01/2025";"0";"01/01/2025";"31/01/2025";"23"
"UNIDADE DE GESTÃO DE ESPORTE E LAZER";"27";"DESPORTO E LAZER";"812";"DESPORTO COMUNITÁRIO";"2025";"3120";"";"0";"0";"100012604";"FOLHA DE PAGAMENTO";"45780103000150";"";"0";"PROPRIA";"33904901";"INDENIZACAO AUXILIO TRANSPORTE";"FOLHA DE PAGAMENTO";"32274";"2025";"L";"29/01/2025";"0";"01/01/2025";"31/01/2025";"23"
"UNIDADE DE GESTÃO DE ESPORTE E LAZER";"27";"DESPORTO E LAZER";"812";"DESPORTO COMUNITÁRIO";"2025";"3121";"";"0";"0";"100012604";"FOLHA DE PAGAMENTO";"45780103000150";"";"0";"PROPRIA";"33904901";"INDENIZACAO AUXILIO TRANSPORTE";"FOLHA DE PAGAMENTO";"3520";"2025";"L";"29/01/2025";"0";"01/01/2025";"31/01/2025";"23"
"UNIDADE DE GESTÃO DE ESPORTE E LAZER";"27";"DESPORTO E LAZER";"812";"DESPORTO COMUNITÁRIO";"2025";"3122";"";"0";"0";"100012604";"FOLHA DE PAGAMENTO";"45780103000150";"";"0";"PROPRIA";"33904901";"INDENIZACAO AUXILIO TRANSPORTE";"FOLHA DE PAGAMENTO";"3014";"2025";"L";"29/01/2025";"0";"01/01/2025";"31/01/2025";"23"
"UNIDADE GESTÃO DE ASSISTÊNCIA E DESENVOLV. SOCIAL";"4";"ADMINISTRAÇÃO";"122";"ADMINISTRAÇÃO GERAL";"2025";"3131";"";"0";"0";"100044411";"PMJ- ANDRE MOTA IASSIA";"40248932896";"";"0";"PROPRIA";"33903999";"OUTROS SERVICOS DE TERCEIROS - PESSOA JURIDICA";"ADIANTAMENTOS(SERVIDORES).";"3000";"2025";"L";"30/01/2025";"0";"01/01/2025";"31/01/2025";"15"
"UNIDADE GESTÃO DE ASSISTÊNCIA E DESENVOLV. SOCIAL";"4";"ADMINISTRAÇÃO";"122";"ADMINISTRAÇÃO GERAL";"2025";"3132";"";"0";"0";"100044411";"PMJ- ANDRE MOTA IASSIA";"40248932896";"";"0";"PROPRIA";"33903099";"OUTROS MATERIAIS DE CONSUMO";"ADIANTAMENTOS(SERVIDORES).";"3000";"2025";"L";"30/01/2025";"0";"01/01/2025";"31/01/2025";"15"
"UNIDADE GESTÃO DE AGRONEGÓCIO. ABASTEC. E TURISMO";"4";"ADMINISTRAÇÃO";"122";"ADMINISTRAÇÃO GERAL";"2025";"3134";"";"0";"0";"100015890";"PMJ - EDVALDO AVANZZI";"06835240890";"";"0";"PROPRIA";"33903999";"OUTROS SERVICOS DE TERCEIROS - PESSOA JURIDICA";"ADIANTAMENTOS(SERVIDORES).";"700";"2025";"L";"31/01/2025";"0";"01/01/2025";"31/01/2025";"17"
"UNIDADE GESTÃO DE AGRONEGÓCIO. ABASTEC. E TURISMO";"4";"ADMINISTRAÇÃO";"122";"ADMINISTRAÇÃO GERAL";"2025";"3135";"";"0";"0";"100015890";"PMJ - EDVALDO AVANZZI";"06835240890";"";"0";"PROPRIA";"33903099";"OUTROS MATERIAIS DE CONSUMO";"ADIANTAMENTOS(SERVIDORES).";"200";"2025";"L";"31/01/2025";"0";"01/01/2025";"31/01/2025";"17"
"UNIDADE DE GESTÃO DE GOVERNO E FINANÇAS";"28";"ENCARGOS ESPECIAIS";"846";"OUTROS ENCARGOS ESPECIAIS";"2025";"3137";"";"0";"0";"100050122";"LUIZ ANTONIO DE PAULA";"14393602862";"";"0";"PROPRIA";"33909115";"SENTENÇAS JUDICIAIS DE PEQUENO VALOR";"DESPESAS OBRIGATORIAS E/OU JUDICIAIS(P. FISICAS).";"20729.14";"2025";"L";"31/01/2025";"0";"01/01/2025";"31/01/2025";"8"
"UNIDADE DE GESTÃO DE GOVERNO E FINANÇAS";"28";"ENCARGOS ESPECIAIS";"846";"OUTROS ENCARGOS ESPECIAIS";"2025";"3138";"";"0";"0";"100044859";"CAPPUCCELLI & OLIVEIRA ADVOCACIA";"36712078000186";"";"0";"PROPRIA";"33909115";"SENTENÇAS JUDICIAIS DE PEQUENO VALOR";"DESPESAS OBRIGATORIAS E/OU JUDICIAIS(P. JURIDICAS).";"1568.04";"2025";"L";"31/01/2025";"0";"01/01/2025";"31/01/2025";"8"
"UNIDADE DE GESTÃO DE ESPORTE E LAZER";"4";"ADMINISTRAÇÃO";"122";"ADMINISTRAÇÃO GERAL";"2025";"3158";"";"0";"0";"100023698";"PMJ - JOYCE GOMES DE ALMEIDA";"13750702829";"";"0";"PROPRIA";"33903099";"OUTROS MATERIAIS DE CONSUMO";"ADIANTAMENTOS(SERVIDORES).";"500";"2025";"L";"31/01/2025";"0";"01/01/2025";"31/01/2025";"23"
"UNIDADE DE GESTÃO DE ESPORTE E LAZER";"4";"ADMINISTRAÇÃO";"122";"ADMINISTRAÇÃO GERAL";"2025";"3159";"";"0";"0";"100023698";"PMJ - JOYCE GOMES DE ALMEIDA";"13750702829";"";"0";"PROPRIA";"33903999";"OUTROS SERVICOS DE TERCEIROS - PESSOA JURIDICA";"ADIANTAMENTOS(SERVIDORES).";"5000";"2025";"L";"31/01/2025";"0";"01/01/2025";"31/01/2025";"23"
"UNIDADE DE GESTÃO DE GOVERNO E FINANÇAS";"4";"ADMINISTRAÇÃO";"122";"ADMINISTRAÇÃO GERAL";"2025";"3160";"";"0";"0";"100031542";"PMJ - WELLINGTON LUIZ TEIXEIRA";"35030109803";"";"0";"PROPRIA";"33903099";"OUTROS MATERIAIS DE CONSUMO";"ADIANTAMENTOS(SERVIDORES).";"1000";"2025";"L";"31/01/2025";"0";"01/01/2025";"31/01/2025";"8"
"UNIDADE DE GESTÃO DE GOVERNO E FINANÇAS";"4";"ADMINISTRAÇÃO";"122";"ADMINISTRAÇÃO GERAL";"2025";"3161";"";"0";"0";"100031542";"PMJ - WELLINGTON LUIZ TEIXEIRA";"35030109803";"";"0";"PROPRIA";"33903999";"OUTROS SERVICOS DE TERCEIROS - PESSOA JURIDICA";"ADIANTAMENTOS(SERVIDORES).";"2000";"2025";"L";"31/01/2025";"0";"01/01/2025";"31/01/2025";"8"
"UNIDADE DE GESTÃO DE ADMINIST. E GESTÃO DE PESSOAS";"4";"ADMINISTRAÇÃO";"122";"ADMINISTRAÇÃO GERAL";"2025";"3207";"";"0";"0";"100012604";"FOLHA DE PAGAMENTO";"45780103000150";"";"0";"PROPRIA";"31901109";"ADICIONAL DE PERICULOSIDADE";"FOLHA DE PAGAMENTO";"1789.15";"2025";"L";"30/01/2025";"0";"01/01/2025";"31/01/2025";"7"
"UNIDADE DE GESTÃO DE ADMINIST. E GESTÃO DE PESSOAS";"4";"ADMINISTRAÇÃO";"122";"ADMINISTRAÇÃO GERAL";"2025";"3208";"";"0";"0";"100012604";"FOLHA DE PAGAMENTO";"45780103000150";"";"0";"PROPRIA";"31901133";"GRATIFICACOES POR EXERCICIO DE  FUNCOES";"FOLHA DE PAGAMENTO";"783.09";"2025";"L";"30/01/2025";"0";"01/01/2025";"31/01/2025";"7"
"UNIDADE DE GESTÃO DE ADMINIST. E GESTÃO DE PESSOAS";"4";"ADMINISTRAÇÃO";"122";"ADMINISTRAÇÃO GERAL";"2025";"3209";"";"0";"0";"100012604";"FOLHA DE PAGAMENTO";"45780103000150";"";"0";"PROPRIA";"31901137";"GRATIFICACOES POR TEMPO DE SERVICO";"FOLHA DE PAGAMENTO";"758.72";"2025";"L";"30/01/2025";"0";"01/01/2025";"31/01/2025";"7"
"UNIDADE DE GESTÃO DE ADMINIST. E GESTÃO DE PESSOAS";"4";"ADMINISTRAÇÃO";"122";"ADMINISTRAÇÃO GERAL";"2025";"3210";"";"0";"0";"100012604";"FOLHA DE PAGAMENTO";"45780103000150";"";"0";"PROPRIA";"31901137";"GRATIFICACOES POR TEMPO DE SERVICO";"FOLHA DE PAGAMENTO";"1831.04";"2025";"L";"30/01/2025";"0";"01/01/2025";"31/01/2025";"7"
"UNIDADE DE GESTÃO DE ADMINIST. E GESTÃO DE PESSOAS";"4";"ADMINISTRAÇÃO";"122";"ADMINISTRAÇÃO GERAL";"2025";"3211";"";"0";"0";"100012604";"FOLHA DE PAGAMENTO";"45780103000150";"";"0";"PROPRIA";"31901143";"13 SALARIO";"FOLHA DE PAGAMENTO";"7529.5";"2025";"L";"30/01/2025";"0";"01/01/2025";"31/01/2025";"7"
"UNIDADE DE GESTÃO DE ADMINIST. E GESTÃO DE PESSOAS";"4";"ADMINISTRAÇÃO";"122";"ADMINISTRAÇÃO GERAL";"2025";"3212";"";"0";"0";"100012604";"FOLHA DE PAGAMENTO";"45780103000150";"";"0";"PROPRIA";"31901144";"FÉRIAS - ABONO PECUNIARIO";"FOLHA DE PAGAMENTO";"2840.8";"2025";"L";"30/01/2025";"0";"01/01/2025";"31/01/2025";"7"
"UNIDADE DE GESTÃO DE ADMINIST. E GESTÃO DE PESSOAS";"4";"ADMINISTRAÇÃO";"122";"ADMINISTRAÇÃO GERAL";"2025";"3213";"";"0";"0";"100012604";"FOLHA DE PAGAMENTO";"45780103000150";"";"0";"PROPRIA";"31901145";"FÉRIAS - ABONO CONSTITUICOES";"FOLHA DE PAGAMENTO";"1791.59";"2025";"L";"30/01/2025";"0";"01/01/2025";"31/01/2025";"7"
"UNIDADE DE GESTÃO DE ADMINIST. E GESTÃO DE PESSOAS";"4";"ADMINISTRAÇÃO";"122";"ADMINISTRAÇÃO GERAL";"2025";"3214";"";"0";"0";"100012604";"FOLHA DE PAGAMENTO";"45780103000150";"";"0";"PROPRIA";"31901145";"FÉRIAS - ABONO CONSTITUICOES";"FOLHA DE PAGAMENTO";"4779.86";"2025";"L";"30/01/2025";"0";"01/01/2025";"31/01/2025";"7"
"UNIDADE DE GESTÃO DE ADMINIST. E GESTÃO DE PESSOAS";"4";"ADMINISTRAÇÃO";"122";"ADMINISTRAÇÃO GERAL";"2025";"3215";"";"0";"0";"100012604";"FOLHA DE PAGAMENTO";"45780103000150";"";"0";"PROPRIA";"31901146";"FÉRIAS - PAGAMENTO ANTECIPADO - RPPS";"FOLHA DE PAGAMENTO";"2717.11";"2025";"L";"30/01/2025";"0";"01/01/2025";"31/01/2025";"7"
"UNIDADE DE GESTÃO DE ADMINIST. E GESTÃO DE PESSOAS";"4";"ADMINISTRAÇÃO";"122";"ADMINISTRAÇÃO GERAL";"2025";"3216";"";"0";"0";"100012604";"FOLHA DE PAGAMENTO";"45780103000150";"";"0";"PROPRIA";"31901146";"FÉRIAS - PAGAMENTO ANTECIPADO - RPPS";"FOLHA DE PAGAMENTO";"6368.26";"2025";"L";"30/01/2025";"0";"01/01/2025";"31/01/2025";"7"
"UNIDADE DE GESTÃO DE ADMINIST. E GESTÃO DE PESSOAS";"4";"ADMINISTRAÇÃO";"122";"ADMINISTRAÇÃO GERAL";"2025";"3217";"";"0";"0";"100012604";"FOLHA DE PAGAMENTO";"45780103000150";"";"0";"PROPRIA";"31901644";"SERVIÇOS EXTRAORDINÁRIOS";"FOLHA DE PAGAMENTO";"525.93";"2025";"L";"30/01/2025";"0";"01/01/2025";"31/01/2025";"7"
"UNIDADE DE GESTÃO DE ADMINIST. E GESTÃO DE PESSOAS";"17";"SANEAMENTO";"122";"ADMINISTRAÇÃO GERAL";"2025";"3218";"";"0";"0";"100012604";"FOLHA DE PAGAMENTO";"45780103000150";"";"902";"RESTITUIÇÕES DAE S/A";"31901110";"ADICIONAL DE INSALUBRIDADE";"FOLHA DE PAGAMENTO";"202.4";"2025";"L";"30/01/2025";"0";"01/01/2025";"31/01/2025";"7"
"UNIDADE DE GESTÃO DE ADMINIST. E GESTÃO DE PESSOAS";"17";"SANEAMENTO";"122";"ADMINISTRAÇÃO GERAL";"2025";"3219";"";"0";"0";"100012604";"FOLHA DE PAGAMENTO";"45780103000150";"";"902";"RESTITUIÇÕES DAE S/A";"31901137";"GRATIFICACOES POR TEMPO DE SERVICO";"FOLHA DE PAGAMENTO";"1791.08";"2025";"L";"30/01/2025";"0";"01/01/2025";"31/01/2025";"7"
"UNIDADE DE GESTÃO DE ADMINIST. E GESTÃO DE PESSOAS";"17";"SANEAMENTO";"122";"ADMINISTRAÇÃO GERAL";"2025";"3220";"";"0";"0";"100012604";"FOLHA DE PAGAMENTO";"45780103000150";"";"902";"RESTITUIÇÕES DAE S/A";"31901144";"FÉRIAS - ABONO PECUNIARIO";"FOLHA DE PAGAMENTO";"4194.48";"2025";"L";"30/01/2025";"0";"01/01/2025";"31/01/2025";"7"
"UNIDADE DE GESTÃO DE ADMINIST. E GESTÃO DE PESSOAS";"17";"SANEAMENTO";"122";"ADMINISTRAÇÃO GERAL";"2025";"3221";"";"0";"0";"100012604";"FOLHA DE PAGAMENTO";"45780103000150";"";"902";"RESTITUIÇÕES DAE S/A";"31901145";"FÉRIAS - ABONO CONSTITUICOES";"FOLHA DE PAGAMENTO";"2097.24";"2025";"L";"30/01/2025";"0";"01/01/2025";"31/01/2025";"7"
"UNIDADE DE GESTÃO DE ADMINIST. E GESTÃO DE PESSOAS";"17";"SANEAMENTO";"122";"ADMINISTRAÇÃO GERAL";"2025";"3222";"";"0";"0";"100012604";"FOLHA DE PAGAMENTO";"45780103000150";"";"902";"RESTITUIÇÕES DAE S/A";"31901146";"FÉRIAS - PAGAMENTO ANTECIPADO - RPPS";"FOLHA DE PAGAMENTO";"3366.2";"2025";"L";"30/01/2025";"0";"01/01/2025";"31/01/2025";"7"
"UNIDADE DE GESTÃO DE GOVERNO E FINANÇAS";"4";"ADMINISTRAÇÃO";"122";"ADMINISTRAÇÃO GERAL";"2025";"3223";"";"0";"0";"100012604";"FOLHA DE PAGAMENTO";"45780103000150";"";"0";"PROPRIA";"31901105";"INCORPORADOS";"FOLHA DE PAGAMENTO";"549.46";"2025";"L";"30/01/2025";"0";"01/01/2025";"31/01/2025";"8"
"UNIDADE DE GESTÃO DE GOVERNO E FINANÇAS";"4";"ADMINISTRAÇÃO";"122";"ADMINISTRAÇÃO GERAL";"2025";"3224";"";"0";"0";"100012604";"FOLHA DE PAGAMENTO";"45780103000150";"";"0";"PROPRIA";"31901133";"GRATIFICACOES POR EXERCICIO DE  FUNCOES";"FOLHA DE PAGAMENTO";"610.32";"2025";"L";"30/01/2025";"0";"01/01/2025";"31/01/2025";"8"
"UNIDADE DE GESTÃO DE GOVERNO E FINANÇAS";"4";"ADMINISTRAÇÃO";"122";"ADMINISTRAÇÃO GERAL";"2025";"3225";"";"0";"0";"100012604";"FOLHA DE PAGAMENTO";"45780103000150";"";"0";"PROPRIA";"31901137";"GRATIFICACOES POR TEMPO DE SERVICO";"FOLHA DE PAGAMENTO";"1059.75";"2025";"L";"30/01/2025";"0";"01/01/2025";"31/01/2025";"8"
"UNIDADE DE GESTÃO DE GOVERNO E FINANÇAS";"4";"ADMINISTRAÇÃO";"122";"ADMINISTRAÇÃO GERAL";"2025";"3226";"";"0";"0";"100012604";"FOLHA DE PAGAMENTO";"45780103000150";"";"0";"PROPRIA";"31901137";"GRATIFICACOES POR TEMPO DE SERVICO";"FOLHA DE PAGAMENTO";"1117.17";"2025";"L";"30/01/2025";"0";"01/01/2025";"31/01/2025";"8"
"UNIDADE DE GESTÃO DE GOVERNO E FINANÇAS";"4";"ADMINISTRAÇÃO";"122";"ADMINISTRAÇÃO GERAL";"2025";"3227";"";"0";"0";"100012604";"FOLHA DE PAGAMENTO";"45780103000150";"";"0";"PROPRIA";"31901143";"13 SALARIO";"FOLHA DE PAGAMENTO";"4272.25";"2025";"L";"30/01/2025";"0";"01/01/2025";"31/01/2025";"8"
"UNIDADE DE GESTÃO DE GOVERNO E FINANÇAS";"4";"ADMINISTRAÇÃO";"122";"ADMINISTRAÇÃO GERAL";"2025";"3228";"";"0";"0";"100012604";"FOLHA DE PAGAMENTO";"45780103000150";"";"0";"PROPRIA";"31901145";"FÉRIAS - ABONO CONSTITUICOES";"FOLHA DE PAGAMENTO";"2839.7";"2025";"L";"30/01/2025";"0";"01/01/2025";"31/01/2025";"8"
"UNIDADE DE GESTÃO DE GOVERNO E FINANÇAS";"4";"ADMINISTRAÇÃO";"122";"ADMINISTRAÇÃO GERAL";"2025";"3229";"";"0";"0";"100012604";"FOLHA DE PAGAMENTO";"45780103000150";"";"0";"PROPRIA";"31901145";"FÉRIAS - ABONO CONSTITUICOES";"FOLHA DE PAGAMENTO";"1220.07";"2025";"L";"30/01/2025";"0";"01/01/2025";"31/01/2025";"8"
"UNIDADE DE GESTÃO DE GOVERNO E FINANÇAS";"4";"ADMINISTRAÇÃO";"122";"ADMINISTRAÇÃO GERAL";"2025";"3230";"";"0";"0";"100012604";"FOLHA DE PAGAMENTO";"45780103000150";"";"0";"PROPRIA";"31901146";"FÉRIAS - PAGAMENTO ANTECIPADO - RPPS";"FOLHA DE PAGAMENTO";"4658.07";"2025";"L";"30/01/2025";"0";"01/01/2025";"31/01/2025";"8"
"UNIDADE DE GESTÃO DE GOVERNO E FINANÇAS";"4";"ADMINISTRAÇÃO";"122";"ADMINISTRAÇÃO GERAL";"2025";"3231";"";"0";"0";"100012604";"FOLHA DE PAGAMENTO";"45780103000150";"";"0";"PROPRIA";"31901146";"FÉRIAS - PAGAMENTO ANTECIPADO - RPPS";"FOLHA DE PAGAMENTO";"1551.51";"2025";"L";"30/01/2025";"0";"01/01/2025";"31/01/2025";"8"
"UNIDADE DE GESTÃO DE GOVERNO E FINANÇAS";"4";"ADMINISTRAÇÃO";"122";"ADMINISTRAÇÃO GERAL";"2025";"3232";"";"0";"0";"100012604";"FOLHA DE PAGAMENTO";"45780103000150";"";"0";"PROPRIA";"31901644";"SERVIÇOS EXTRAORDINÁRIOS";"FOLHA DE PAGAMENTO";"188.54";"2025";"L";"30/01/2025";"0";"01/01/2025";"31/01/2025";"8"
"UNIDADE DE GESTÃO DE INFRAEST. E SERVIÇOS PÚBLICOS";"15";"URBANISMO";"122";"ADMINISTRAÇÃO GERAL";"2025";"3233";"";"0";"0";"100012604";"FOLHA DE PAGAMENTO";"45780103000150";"";"0";"PROPRIA";"31901109";"ADICIONAL DE PERICULOSIDADE";"FOLHA DE PAGAMENTO";"441.72";"2025";"L";"30/01/2025";"0";"01/01/2025";"31/01/2025";"10"
"UNIDADE DE GESTÃO DE INFRAEST. E SERVIÇOS PÚBLICOS";"15";"URBANISMO";"122";"ADMINISTRAÇÃO GERAL";"2025";"3234";"";"0";"0";"100012604";"FOLHA DE PAGAMENTO";"45780103000150";"";"0";"PROPRIA";"31901110";"ADICIONAL DE INSALUBRIDADE";"FOLHA DE PAGAMENTO";"607.2";"2025";"L";"30/01/2025";"0";"01/01/2025";"31/01/2025";"10"
"UNIDADE DE GESTÃO DE INFRAEST. E SERVIÇOS PÚBLICOS";"15";"URBANISMO";"122";"ADMINISTRAÇÃO GERAL";"2025";"3235";"";"0";"0";"100012604";"FOLHA DE PAGAMENTO";"45780103000150";"";"0";"PROPRIA";"31901133";"GRATIFICACOES POR EXERCICIO DE  FUNCOES";"FOLHA DE PAGAMENTO";"1792.41";"2025";"L";"30/01/2025";"0";"01/01/2025";"31/01/2025";"10"
"UNIDADE DE GESTÃO DE INFRAEST. E SERVIÇOS PÚBLICOS";"15";"URBANISMO";"122";"ADMINISTRAÇÃO GERAL";"2025";"3236";"";"0";"0";"100012604";"FOLHA DE PAGAMENTO";"45780103000150";"";"0";"PROPRIA";"31901137";"GRATIFICACOES POR TEMPO DE SERVICO";"FOLHA DE PAGAMENTO";"19218.25";"2025";"L";"30/01/2025";"0";"01/01/2025";"31/01/2025";"10"
"UNIDADE DE GESTÃO DE INFRAEST. E SERVIÇOS PÚBLICOS";"15";"URBANISMO";"122";"ADMINISTRAÇÃO GERAL";"2025";"3237";"";"0";"0";"100012604";"FOLHA DE PAGAMENTO";"45780103000150";"";"0";"PROPRIA";"31901143";"13 SALARIO";"FOLHA DE PAGAMENTO";"32177.9";"2025";"L";"30/01/2025";"0";"01/01/2025";"31/01/2025";"10"
"UNIDADE DE GESTÃO DE INFRAEST. E SERVIÇOS PÚBLICOS";"15";"URBANISMO";"122";"ADMINISTRAÇÃO GERAL";"2025";"3238";"";"0";"0";"100012604";"FOLHA DE PAGAMENTO";"45780103000150";"";"0";"PROPRIA";"31901144";"FÉRIAS - ABONO PECUNIARIO";"FOLHA DE PAGAMENTO";"43254.45";"2025";"L";"30/01/2025";"0";"01/01/2025";"31/01/2025";"10"
"UNIDADE DE GESTÃO DE INFRAEST. E SERVIÇOS PÚBLICOS";"15";"URBANISMO";"122";"ADMINISTRAÇÃO GERAL";"2025";"3239";"";"0";"0";"100012604";"FOLHA DE PAGAMENTO";"45780103000150";"";"0";"PROPRIA";"31901145";"FÉRIAS - ABONO CONSTITUICOES";"FOLHA DE PAGAMENTO";"38392.85";"2025";"L";"30/01/2025";"0";"01/01/2025";"31/01/2025";"10"
"UNIDADE DE GESTÃO DE INFRAEST. E SERVIÇOS PÚBLICOS";"15";"URBANISMO";"122";"ADMINISTRAÇÃO GERAL";"2025";"3240";"";"0";"0";"100012604";"FOLHA DE PAGAMENTO";"45780103000150";"";"0";"PROPRIA";"31901146";"FÉRIAS - PAGAMENTO ANTECIPADO - RPPS";"FOLHA DE PAGAMENTO";"58857.83";"2025";"L";"30/01/2025";"0";"01/01/2025";"31/01/2025";"10"
"UNIDADE DE GESTÃO DE INFRAEST. E SERVIÇOS PÚBLICOS";"15";"URBANISMO";"122";"ADMINISTRAÇÃO GERAL";"2025";"3241";"";"0";"0";"100012604";"FOLHA DE PAGAMENTO";"45780103000150";"";"0";"PROPRIA";"31901644";"SERVIÇOS EXTRAORDINÁRIOS";"FOLHA DE PAGAMENTO";"12188.74";"2025";"L";"30/01/2025";"0";"01/01/2025";"31/01/2025";"10"
"UNIDADE GESTÃO DE PLANEJ. URBANO E MEIO AMBIENTE";"18";"GESTÃO AMBIENTAL";"122";"ADMINISTRAÇÃO GERAL";"2025";"3242";"";"0";"0";"100012604";"FOLHA DE PAGAMENTO";"45780103000150";"";"0";"PROPRIA";"31901137";"GRATIFICACOES POR TEMPO DE SERVICO";"FOLHA DE PAGAMENTO";"2223.76";"2025";"L";"30/01/2025";"0";"01/01/2025";"31/01/2025";"11"
"UNIDADE GESTÃO DE PLANEJ. URBANO E MEIO AMBIENTE";"18";"GESTÃO AMBIENTAL";"122";"ADMINISTRAÇÃO GERAL";"2025";"3243";"";"0";"0";"100012604";"FOLHA DE PAGAMENTO";"45780103000150";"";"0";"PROPRIA";"31901143";"13 SALARIO";"FOLHA DE PAGAMENTO";"23093.71";"2025";"L";"30/01/2025";"0";"01/01/2025";"31/01/2025";"11"
"UNIDADE GESTÃO DE PLANEJ. URBANO E MEIO AMBIENTE";"18";"GESTÃO AMBIENTAL";"122";"ADMINISTRAÇÃO GERAL";"2025";"3244";"";"0";"0";"100012604";"FOLHA DE PAGAMENTO";"45780103000150";"";"0";"PROPRIA";"31901144";"FÉRIAS - ABONO PECUNIARIO";"FOLHA DE PAGAMENTO";"20571.47";"2025";"L";"30/01/2025";"0";"01/01/2025";"31/01/2025";"11"
"UNIDADE GESTÃO DE PLANEJ. URBANO E MEIO AMBIENTE";"18";"GESTÃO AMBIENTAL";"122";"ADMINISTRAÇÃO GERAL";"2025";"3245";"";"0";"0";"100012604";"FOLHA DE PAGAMENTO";"45780103000150";"";"0";"PROPRIA";"31901145";"FÉRIAS - ABONO CONSTITUICOES";"FOLHA DE PAGAMENTO";"6994.56";"2025";"L";"30/01/2025";"0";"01/01/2025";"31/01/2025";"11"
"UNIDADE GESTÃO DE PLANEJ. URBANO E MEIO AMBIENTE";"18";"GESTÃO AMBIENTAL";"122";"ADMINISTRAÇÃO GERAL";"2025";"3246";"";"0";"0";"100012604";"FOLHA DE PAGAMENTO";"45780103000150";"";"0";"PROPRIA";"31901146";"FÉRIAS - PAGAMENTO ANTECIPADO - RPPS";"FOLHA DE PAGAMENTO";"13298.19";"2025";"L";"30/01/2025";"0";"01/01/2025";"31/01/2025";"11"
"UNIDADE DE GESTÃO DE MOBILIDADE E TRANSPORTE";"15";"URBANISMO";"122";"ADMINISTRAÇÃO GERAL";"2025";"3247";"";"0";"0";"100012604";"FOLHA DE PAGAMENTO";"45780103000150";"";"0";"PROPRIA";"31901104";"ADICIONAL NOTURNO";"FOLHA DE PAGAMENTO";"1428.8";"2025";"L";"30/01/2025";"0";"01/01/2025";"31/01/2025";"12"
"UNIDADE DE GESTÃO DE MOBILIDADE E TRANSPORTE";"15";"URBANISMO";"122";"ADMINISTRAÇÃO GERAL";"2025";"3248";"";"0";"0";"100012604";"FOLHA DE PAGAMENTO";"45780103000150";"";"0";"PROPRIA";"31901107";"ABONO DE PERMANENCIA";"FOLHA DE PAGAMENTO";"2045.66";"2025";"L";"30/01/2025";"0";"01/01/2025";"31/01/2025";"12"
"UNIDADE DE GESTÃO DE MOBILIDADE E TRANSPORTE";"15";"URBANISMO";"122";"ADMINISTRAÇÃO GERAL";"2025";"3249";"";"0";"0";"100012604";"FOLHA DE PAGAMENTO";"45780103000150";"";"0";"PROPRIA";"31901110";"ADICIONAL DE INSALUBRIDADE";"FOLHA DE PAGAMENTO";"404.8";"2025";"L";"30/01/2025";"0";"01/01/2025";"31/01/2025";"12"
"UNIDADE DE GESTÃO DE MOBILIDADE E TRANSPORTE";"15";"URBANISMO";"122";"ADMINISTRAÇÃO GERAL";"2025";"3250";"";"0";"0";"100012604";"FOLHA DE PAGAMENTO";"45780103000150";"";"0";"PROPRIA";"31901131";"GRATIFICACOES POR EXERCICIO DE  CARGO";"FOLHA DE PAGAMENTO";"2198.04";"2025";"L";"30/01/2025";"0";"01/01/2025";"31/01/2025";"12"
"UNIDADE DE GESTÃO DE MOBILIDADE E TRANSPORTE";"15";"URBANISMO";"122";"ADMINISTRAÇÃO GERAL";"2025";"3251";"";"0";"0";"100012604";"FOLHA DE PAGAMENTO";"45780103000150";"";"0";"PROPRIA";"31901133";"GRATIFICACOES POR EXERCICIO DE  FUNCOES";"FOLHA DE PAGAMENTO";"8805.52";"2025";"L";"30/01/2025";"0";"01/01/2025";"31/01/2025";"12"
"UNIDADE DE GESTÃO DE MOBILIDADE E TRANSPORTE";"15";"URBANISMO";"122";"ADMINISTRAÇÃO GERAL";"2025";"3252";"";"0";"0";"100012604";"FOLHA DE PAGAMENTO";"45780103000150";"";"0";"PROPRIA";"31901137";"GRATIFICACOES POR TEMPO DE SERVICO";"FOLHA DE PAGAMENTO";"11073.6";"2025";"L";"30/01/2025";"0";"01/01/2025";"31/01/2025";"12"
"UNIDADE DE GESTÃO DE MOBILIDADE E TRANSPORTE";"15";"URBANISMO";"122";"ADMINISTRAÇÃO GERAL";"2025";"3253";"";"0";"0";"100012604";"FOLHA DE PAGAMENTO";"45780103000150";"";"0";"PROPRIA";"31901143";"13 SALARIO";"FOLHA DE PAGAMENTO";"10833.36";"2025";"L";"30/01/2025";"0";"01/01/2025";"31/01/2025";"12"
"UNIDADE DE GESTÃO DE MOBILIDADE E TRANSPORTE";"15";"URBANISMO";"122";"ADMINISTRAÇÃO GERAL";"2025";"3254";"";"0";"0";"100012604";"FOLHA DE PAGAMENTO";"45780103000150";"";"0";"PROPRIA";"31901144";"FÉRIAS - ABONO PECUNIARIO";"FOLHA DE PAGAMENTO";"32298.7";"2025";"L";"30/01/2025";"0";"01/01/2025";"31/01/2025";"12"
"UNIDADE DE GESTÃO DE MOBILIDADE E TRANSPORTE";"15";"URBANISMO";"122";"ADMINISTRAÇÃO GERAL";"2025";"3255";"";"0";"0";"100012604";"FOLHA DE PAGAMENTO";"45780103000150";"";"0";"PROPRIA";"31901145";"FÉRIAS - ABONO CONSTITUICOES";"FOLHA DE PAGAMENTO";"21920.51";"2025";"L";"30/01/2025";"0";"01/01/2025";"31/01/2025";"12"
"UNIDADE DE GESTÃO DE MOBILIDADE E TRANSPORTE";"15";"URBANISMO";"122";"ADMINISTRAÇÃO GERAL";"2025";"3256";"";"0";"0";"100012604";"FOLHA DE PAGAMENTO";"45780103000150";"";"0";"PROPRIA";"31901146";"FÉRIAS - PAGAMENTO ANTECIPADO - RPPS";"FOLHA DE PAGAMENTO";"21926.81";"2025";"L";"30/01/2025";"0";"01/01/2025";"31/01/2025";"12"
"UNIDADE DE GESTÃO DE MOBILIDADE E TRANSPORTE";"15";"URBANISMO";"122";"ADMINISTRAÇÃO GERAL";"2025";"3257";"";"0";"0";"100012604";"FOLHA DE PAGAMENTO";"45780103000150";"";"0";"PROPRIA";"31901644";"SERVIÇOS EXTRAORDINÁRIOS";"FOLHA DE PAGAMENTO";"6986.76";"2025";"L";"30/01/2025";"0";"01/01/2025";"31/01/2025";"12"
"UNIDADE DE GESTÃO DE EDUCAÇÃO";"12";"EDUCAÇÃO";"361";"ENSINO FUNDAMENTAL";"2025";"3258";"";"0";"0";"100012604";"FOLHA DE PAGAMENTO";"45780103000150";"";"0";"PROPRIA";"31901133";"GRATIFICACOES POR EXERCICIO DE  FUNCOES";"FOLHA DE PAGAMENTO";"134.58";"2025";"L";"30/01/2025";"0";"01/01/2025";"31/01/2025";"13"
"UNIDADE DE GESTÃO DE EDUCAÇÃO";"12";"EDUCAÇÃO";"361";"ENSINO FUNDAMENTAL";"2025";"3259";"";"0";"0";"100012604";"FOLHA DE PAGAMENTO";"45780103000150";"";"0";"PROPRIA";"31901137";"GRATIFICACOES POR TEMPO DE SERVICO";"FOLHA DE PAGAMENTO";"269.16";"2025";"L";"30/01/2025";"0";"01/01/2025";"31/01/2025";"13"
"UNIDADE DE GESTÃO DE EDUCAÇÃO";"12";"EDUCAÇÃO";"361";"ENSINO FUNDAMENTAL";"2025";"3260";"";"0";"0";"100012604";"FOLHA DE PAGAMENTO";"45780103000150";"";"0";"PROPRIA";"31901145";"FÉRIAS - ABONO CONSTITUICOES";"FOLHA DE PAGAMENTO";"1034.29";"2025";"L";"30/01/2025";"0";"01/01/2025";"31/01/2025";"13"
"UNIDADE DE GESTÃO DE EDUCAÇÃO";"12";"EDUCAÇÃO";"361";"ENSINO FUNDAMENTAL";"2025";"3261";"";"0";"0";"100012604";"FOLHA DE PAGAMENTO";"45780103000150";"";"0";"PROPRIA";"31901146";"FÉRIAS - PAGAMENTO ANTECIPADO - RPPS";"FOLHA DE PAGAMENTO";"1816.48";"2025";"L";"30/01/2025";"0";"01/01/2025";"31/01/2025";"13"
"UNIDADE DE GESTÃO DE EDUCAÇÃO";"12";"EDUCAÇÃO";"361";"ENSINO FUNDAMENTAL";"2025";"3262";"";"0";"0";"100012604";"FOLHA DE PAGAMENTO";"45780103000150";"";"0";"PROPRIA";"31901644";"SERVIÇOS EXTRAORDINÁRIOS";"FOLHA DE PAGAMENTO";"7.57";"2025";"L";"30/01/2025";"0";"01/01/2025";"31/01/2025";"13"
"UNIDADE DE GESTÃO DE EDUCAÇÃO";"12";"EDUCAÇÃO";"361";"ENSINO FUNDAMENTAL";"2025";"3263";"";"0";"0";"100012604";"FOLHA DE PAGAMENTO";"45780103000150";"";"0";"PROPRIA";"31901137";"GRATIFICACOES POR TEMPO DE SERVICO";"FOLHA DE PAGAMENTO";"651.68";"2025";"L";"30/01/2025";"0";"01/01/2025";"31/01/2025";"13"
"UNIDADE DE GESTÃO DE EDUCAÇÃO";"12";"EDUCAÇÃO";"361";"ENSINO FUNDAMENTAL";"2025";"3264";"";"0";"0";"100012604";"FOLHA DE PAGAMENTO";"45780103000150";"";"0";"PROPRIA";"31901144";"FÉRIAS - ABONO PECUNIARIO";"FOLHA DE PAGAMENTO";"3876.54";"2025";"L";"30/01/2025";"0";"01/01/2025";"31/01/2025";"13"
"UNIDADE DE GESTÃO DE EDUCAÇÃO";"12";"EDUCAÇÃO";"361";"ENSINO FUNDAMENTAL";"2025";"3265";"";"0";"0";"100012604";"FOLHA DE PAGAMENTO";"45780103000150";"";"0";"PROPRIA";"31901145";"FÉRIAS - ABONO CONSTITUICOES";"FOLHA DE PAGAMENTO";"2405.73";"2025";"L";"30/01/2025";"0";"01/01/2025";"31/01/2025";"13"
"UNIDADE DE GESTÃO DE EDUCAÇÃO";"12";"EDUCAÇÃO";"361";"ENSINO FUNDAMENTAL";"2025";"3266";"";"0";"0";"100012604";"FOLHA DE PAGAMENTO";"45780103000150";"";"0";"PROPRIA";"31901146";"FÉRIAS - PAGAMENTO ANTECIPADO - RPPS";"FOLHA DE PAGAMENTO";"4958.77";"2025";"L";"30/01/2025";"0";"01/01/2025";"31/01/2025";"13"
"UNIDADE DE GESTÃO DE EDUCAÇÃO";"12";"EDUCAÇÃO";"365";"EDUCAÇÃO INFANTIL";"2025";"3267";"";"0";"0";"100012604";"FOLHA DE PAGAMENTO";"45780103000150";"";"0";"PROPRIA";"31901137";"GRATIFICACOES POR TEMPO DE SERVICO";"FOLHA DE PAGAMENTO";"242.45";"2025";"L";"30/01/2025";"0";"01/01/2025";"31/01/2025";"13"
"UNIDADE DE GESTÃO DE EDUCAÇÃO";"12";"EDUCAÇÃO";"365";"EDUCAÇÃO INFANTIL";"2025";"3268";"";"0";"0";"100012604";"FOLHA DE PAGAMENTO";"45780103000150";"";"0";"PROPRIA";"31901145";"FÉRIAS - ABONO CONSTITUICOES";"FOLHA DE PAGAMENTO";"888.97";"2025";"L";"30/01/2025";"0";"01/01/2025";"31/01/2025";"13"
"UNIDADE DE GESTÃO DE EDUCAÇÃO";"12";"EDUCAÇÃO";"365";"EDUCAÇÃO INFANTIL";"2025";"3269";"";"0";"0";"100012604";"FOLHA DE PAGAMENTO";"45780103000150";"";"0";"PROPRIA";"31901146";"FÉRIAS - PAGAMENTO ANTECIPADO - RPPS";"FOLHA DE PAGAMENTO";"1614.67";"2025";"L";"30/01/2025";"0";"01/01/2025";"31/01/2025";"13"
"UNIDADE DE GESTÃO DE PROMOÇÃO DA SAÚDE";"10";"SAÚDE";"122";"ADMINISTRAÇÃO GERAL";"2025";"3270";"";"0";"0";"100012604";"FOLHA DE PAGAMENTO";"45780103000150";"";"0";"PROPRIA";"31901133";"GRATIFICACOES POR EXERCICIO DE  FUNCOES";"FOLHA DE PAGAMENTO";"978.85";"2025";"L";"30/01/2025";"0";"01/01/2025";"31/01/2025";"14"
"UNIDADE DE GESTÃO DE PROMOÇÃO DA SAÚDE";"10";"SAÚDE";"122";"ADMINISTRAÇÃO GERAL";"2025";"3271";"";"0";"0";"100012604";"FOLHA DE PAGAMENTO";"45780103000150";"";"0";"PROPRIA";"31901137";"GRATIFICACOES POR TEMPO DE SERVICO";"FOLHA DE PAGAMENTO";"1073.56";"2025";"L";"30/01/2025";"0";"01/01/2025";"31/01/2025";"14"
"UNIDADE DE GESTÃO DE PROMOÇÃO DA SAÚDE";"10";"SAÚDE";"122";"ADMINISTRAÇÃO GERAL";"2025";"3272";"";"0";"0";"100012604";"FOLHA DE PAGAMENTO";"45780103000150";"";"0";"PROPRIA";"31901145";"FÉRIAS - ABONO CONSTITUICOES";"FOLHA DE PAGAMENTO";"5900.23";"2025";"L";"30/01/2025";"0";"01/01/2025";"31/01/2025";"14"
"UNIDADE DE GESTÃO DE PROMOÇÃO DA SAÚDE";"10";"SAÚDE";"122";"ADMINISTRAÇÃO GERAL";"2025";"3273";"";"0";"0";"100012604";"FOLHA DE PAGAMENTO";"45780103000150";"";"0";"PROPRIA";"31901146";"FÉRIAS - PAGAMENTO ANTECIPADO - RPPS";"FOLHA DE PAGAMENTO";"11639.17";"2025";"L";"30/01/2025";"0";"01/01/2025";"31/01/2025";"14"
"UNIDADE DE GESTÃO DE PROMOÇÃO DA SAÚDE";"10";"SAÚDE";"122";"ADMINISTRAÇÃO GERAL";"2025";"3274";"";"0";"0";"100012604";"FOLHA DE PAGAMENTO";"45780103000150";"";"0";"PROPRIA";"31901644";"SERVIÇOS EXTRAORDINÁRIOS";"FOLHA DE PAGAMENTO";"1907.63";"2025";"L";"30/01/2025";"0";"01/01/2025";"31/01/2025";"14"
"UNIDADE DE GESTÃO DE PROMOÇÃO DA SAÚDE";"10";"SAÚDE";"301";"ATENÇÃO BÁSICA";"2025";"3275";"";"0";"0";"100012604";"FOLHA DE PAGAMENTO";"45780103000150";"";"0";"PROPRIA";"31900411";"SALÁRIOS - CONTRATO TEMPORÁRIO";"FOLHA DE PAGAMENTO";"645.7";"2025";"L";"30/01/2025";"0";"01/01/2025";"31/01/2025";"14"
"UNIDADE DE GESTÃO DE PROMOÇÃO DA SAÚDE";"10";"SAÚDE";"301";"ATENÇÃO BÁSICA";"2025";"3276";"";"0";"0";"100012604";"FOLHA DE PAGAMENTO";"45780103000150";"";"0";"PROPRIA";"31900414";"FERIAS - ABONO CONSTITUCIONAL - CONTRATO TEMPORÁRI";"FOLHA DE PAGAMENTO";"2695.74";"2025";"L";"30/01/2025";"0";"01/01/2025";"31/01/2025";"14"
"UNIDADE DE GESTÃO DE PROMOÇÃO DA SAÚDE";"10";"SAÚDE";"301";"ATENÇÃO BÁSICA";"2025";"3277";"";"0";"0";"100012604";"FOLHA DE PAGAMENTO";"45780103000150";"";"0";"PROPRIA";"31900414";"FERIAS - ABONO CONSTITUCIONAL - CONTRATO TEMPORÁRI";"FOLHA DE PAGAMENTO";"1291.4";"2025";"L";"30/01/2025";"0";"01/01/2025";"31/01/2025";"14"
"UNIDADE DE GESTÃO DE PROMOÇÃO DA SAÚDE";"10";"SAÚDE";"301";"ATENÇÃO BÁSICA";"2025";"3278";"";"0";"0";"100012604";"FOLHA DE PAGAMENTO";"45780103000150";"";"0";"PROPRIA";"31901107";"ABONO DE PERMANENCIA";"FOLHA DE PAGAMENTO";"2054.94";"2025";"L";"30/01/2025";"0";"01/01/2025";"31/01/2025";"14"
"UNIDADE DE GESTÃO DE PROMOÇÃO DA SAÚDE";"10";"SAÚDE";"301";"ATENÇÃO BÁSICA";"2025";"3279";"";"0";"0";"100012604";"FOLHA DE PAGAMENTO";"45780103000150";"";"0";"PROPRIA";"31901110";"ADICIONAL DE INSALUBRIDADE";"FOLHA DE PAGAMENTO";"202.4";"2025";"L";"30/01/2025";"0";"01/01/2025";"31/01/2025";"14"
"UNIDADE DE GESTÃO DE PROMOÇÃO DA SAÚDE";"10";"SAÚDE";"301";"ATENÇÃO BÁSICA";"2025";"3280";"";"0";"0";"100012604";"FOLHA DE PAGAMENTO";"45780103000150";"";"0";"PROPRIA";"31901110";"ADICIONAL DE INSALUBRIDADE";"FOLHA DE PAGAMENTO";"4989.38";"2025";"L";"30/01/2025";"0";"01/01/2025";"31/01/2025";"14"
"UNIDADE DE GESTÃO DE PROMOÇÃO DA SAÚDE";"10";"SAÚDE";"301";"ATENÇÃO BÁSICA";"2025";"3281";"";"0";"0";"100012604";"FOLHA DE PAGAMENTO";"45780103000150";"";"0";"PROPRIA";"31901133";"GRATIFICACOES POR EXERCICIO DE  FUNCOES";"FOLHA DE PAGAMENTO";"1713";"2025";"L";"30/01/2025";"0";"01/01/2025";"31/01/2025";"14"
"UNIDADE DE GESTÃO DE PROMOÇÃO DA SAÚDE";"10";"SAÚDE";"301";"ATENÇÃO BÁSICA";"2025";"3282";"";"0";"0";"100012604";"FOLHA DE PAGAMENTO";"45780103000150";"";"0";"PROPRIA";"31901137";"GRATIFICACOES POR TEMPO DE SERVICO";"FOLHA DE PAGAMENTO";"3625.87";"2025";"L";"30/01/2025";"0";"01/01/2025";"31/01/2025";"14"
"UNIDADE DE GESTÃO DE PROMOÇÃO DA SAÚDE";"10";"SAÚDE";"301";"ATENÇÃO BÁSICA";"2025";"3283";"";"0";"0";"100012604";"FOLHA DE PAGAMENTO";"45780103000150";"";"0";"PROPRIA";"31901137";"GRATIFICACOES POR TEMPO DE SERVICO";"FOLHA DE PAGAMENTO";"6611.83";"2025";"L";"30/01/2025";"0";"01/01/2025";"31/01/2025";"14"
"UNIDADE DE GESTÃO DE PROMOÇÃO DA SAÚDE";"10";"SAÚDE";"301";"ATENÇÃO BÁSICA";"2025";"3284";"";"0";"0";"100012604";"FOLHA DE PAGAMENTO";"45780103000150";"";"0";"PROPRIA";"31901143";"13 SALARIO";"FOLHA DE PAGAMENTO";"2203.46";"2025";"L";"30/01/2025";"0";"01/01/2025";"31/01/2025";"14"
"UNIDADE DE GESTÃO DE PROMOÇÃO DA SAÚDE";"10";"SAÚDE";"301";"ATENÇÃO BÁSICA";"2025";"3285";"";"0";"0";"100012604";"FOLHA DE PAGAMENTO";"45780103000150";"";"0";"PROPRIA";"31901144";"FÉRIAS - ABONO PECUNIARIO";"FOLHA DE PAGAMENTO";"7076.19";"2025";"L";"30/01/2025";"0";"01/01/2025";"31/01/2025";"14"
"UNIDADE DE GESTÃO DE PROMOÇÃO DA SAÚDE";"10";"SAÚDE";"301";"ATENÇÃO BÁSICA";"2025";"3286";"";"0";"0";"100012604";"FOLHA DE PAGAMENTO";"45780103000150";"";"0";"PROPRIA";"31901145";"FÉRIAS - ABONO CONSTITUICOES";"FOLHA DE PAGAMENTO";"4729.3";"2025";"L";"30/01/2025";"0";"01/01/2025";"31/01/2025";"14"
"UNIDADE DE GESTÃO DE PROMOÇÃO DA SAÚDE";"10";"SAÚDE";"301";"ATENÇÃO BÁSICA";"2025";"3287";"";"0";"0";"100012604";"FOLHA DE PAGAMENTO";"45780103000150";"";"0";"PROPRIA";"31901145";"FÉRIAS - ABONO CONSTITUICOES";"FOLHA DE PAGAMENTO";"23475.43";"2025";"L";"30/01/2025";"0";"01/01/2025";"31/01/2025";"14"
"UNIDADE DE GESTÃO DE PROMOÇÃO DA SAÚDE";"10";"SAÚDE";"301";"ATENÇÃO BÁSICA";"2025";"3288";"";"0";"0";"100012604";"FOLHA DE PAGAMENTO";"45780103000150";"";"0";"PROPRIA";"31901146";"FÉRIAS - PAGAMENTO ANTECIPADO - RPPS";"FOLHA DE PAGAMENTO";"39785.92";"2025";"L";"30/01/2025";"0";"01/01/2025";"31/01/2025";"14"
"UNIDADE DE GESTÃO DE PROMOÇÃO DA SAÚDE";"10";"SAÚDE";"301";"ATENÇÃO BÁSICA";"2025";"3289";"";"0";"0";"100012604";"FOLHA DE PAGAMENTO";"45780103000150";"";"0";"PROPRIA";"31901146";"FÉRIAS - PAGAMENTO ANTECIPADO - RPPS";"FOLHA DE PAGAMENTO";"9408.02";"2025";"L";"30/01/2025";"0";"01/01/2025";"31/01/2025";"14"
"UNIDADE DE GESTÃO DE PROMOÇÃO DA SAÚDE";"10";"SAÚDE";"301";"ATENÇÃO BÁSICA";"2025";"3290";"";"0";"0";"100012604";"FOLHA DE PAGAMENTO";"45780103000150";"";"0";"PROPRIA";"31901644";"SERVIÇOS EXTRAORDINÁRIOS";"FOLHA DE PAGAMENTO";"2074.06";"2025";"L";"30/01/2025";"0";"01/01/2025";"31/01/2025";"14"
"UNIDADE DE GESTÃO DE PROMOÇÃO DA SAÚDE";"10";"SAÚDE";"302";"ASSISTÊNCIA HOSPITALAR E AMBULATORIAL";"2025";"3291";"";"0";"0";"100012604";"FOLHA DE PAGAMENTO";"45780103000150";"";"0";"PROPRIA";"31901110";"ADICIONAL DE INSALUBRIDADE";"FOLHA DE PAGAMENTO";"506";"2025";"L";"30/01/2025";"0";"01/01/2025";"31/01/2025";"14"
"UNIDADE DE GESTÃO DE PROMOÇÃO DA SAÚDE";"10";"SAÚDE";"302";"ASSISTÊNCIA HOSPITALAR E AMBULATORIAL";"2025";"3292";"";"0";"0";"100012604";"FOLHA DE PAGAMENTO";"45780103000150";"";"0";"PROPRIA";"31901137";"GRATIFICACOES POR TEMPO DE SERVICO";"FOLHA DE PAGAMENTO";"1231.8";"2025";"L";"30/01/2025";"0";"01/01/2025";"31/01/2025";"14"
"UNIDADE DE GESTÃO DE PROMOÇÃO DA SAÚDE";"10";"SAÚDE";"302";"ASSISTÊNCIA HOSPITALAR E AMBULATORIAL";"2025";"3293";"";"0";"0";"100012604";"FOLHA DE PAGAMENTO";"45780103000150";"";"0";"PROPRIA";"31901143";"13 SALARIO";"FOLHA DE PAGAMENTO";"2913.42";"2025";"L";"30/01/2025";"0";"01/01/2025";"31/01/2025";"14"
"UNIDADE DE GESTÃO DE PROMOÇÃO DA SAÚDE";"10";"SAÚDE";"302";"ASSISTÊNCIA HOSPITALAR E AMBULATORIAL";"2025";"3294";"";"0";"0";"100012604";"FOLHA DE PAGAMENTO";"45780103000150";"";"0";"PROPRIA";"31901145";"FÉRIAS - ABONO CONSTITUICOES";"FOLHA DE PAGAMENTO";"6660.3";"2025";"L";"30/01/2025";"0";"01/01/2025";"31/01/2025";"14"
"UNIDADE DE GESTÃO DE PROMOÇÃO DA SAÚDE";"10";"SAÚDE";"302";"ASSISTÊNCIA HOSPITALAR E AMBULATORIAL";"2025";"3295";"";"0";"0";"100012604";"FOLHA DE PAGAMENTO";"45780103000150";"";"0";"PROPRIA";"31901146";"FÉRIAS - PAGAMENTO ANTECIPADO - RPPS";"FOLHA DE PAGAMENTO";"13540.03";"2025";"L";"30/01/2025";"0";"01/01/2025";"31/01/2025";"14"
"UNIDADE DE GESTÃO DE PROMOÇÃO DA SAÚDE";"10";"SAÚDE";"302";"ASSISTÊNCIA HOSPITALAR E AMBULATORIAL";"2025";"3296";"";"0";"0";"100012604";"FOLHA DE PAGAMENTO";"45780103000150";"";"0";"PROPRIA";"31901644";"SERVIÇOS EXTRAORDINÁRIOS";"FOLHA DE PAGAMENTO";"371.6";"2025";"L";"30/01/2025";"0";"01/01/2025";"31/01/2025";"14"
"UNIDADE DE GESTÃO DE PROMOÇÃO DA SAÚDE";"10";"SAÚDE";"305";"VIGILÂNCIA EPIDEMIOLÓGICA";"2025";"3297";"";"0";"0";"100012604";"FOLHA DE PAGAMENTO";"45780103000150";"";"0";"PROPRIA";"31901104";"ADICIONAL NOTURNO";"FOLHA DE PAGAMENTO";"38.4";"2025";"L";"30/01/2025";"0";"01/01/2025";"31/01/2025";"14"
"UNIDADE DE GESTÃO DE PROMOÇÃO DA SAÚDE";"10";"SAÚDE";"305";"VIGILÂNCIA EPIDEMIOLÓGICA";"2025";"3298";"";"0";"0";"100012604";"FOLHA DE PAGAMENTO";"45780103000150";"";"0";"PROPRIA";"31901110";"ADICIONAL DE INSALUBRIDADE";"FOLHA DE PAGAMENTO";"506";"2025";"L";"30/01/2025";"0";"01/01/2025";"31/01/2025";"14"
"UNIDADE DE GESTÃO DE PROMOÇÃO DA SAÚDE";"10";"SAÚDE";"305";"VIGILÂNCIA EPIDEMIOLÓGICA";"2025";"3299";"";"0";"0";"100012604";"FOLHA DE PAGAMENTO";"45780103000150";"";"0";"PROPRIA";"31901137";"GRATIFICACOES POR TEMPO DE SERVICO";"FOLHA DE PAGAMENTO";"2238.37";"2025";"L";"30/01/2025";"0";"01/01/2025";"31/01/2025";"14"
"UNIDADE DE GESTÃO DE PROMOÇÃO DA SAÚDE";"10";"SAÚDE";"305";"VIGILÂNCIA EPIDEMIOLÓGICA";"2025";"3300";"";"0";"0";"100012604";"FOLHA DE PAGAMENTO";"45780103000150";"";"0";"PROPRIA";"31901143";"13 SALARIO";"FOLHA DE PAGAMENTO";"12886.84";"2025";"L";"30/01/2025";"0";"01/01/2025";"31/01/2025";"14"
"UNIDADE DE GESTÃO DE PROMOÇÃO DA SAÚDE";"10";"SAÚDE";"305";"VIGILÂNCIA EPIDEMIOLÓGICA";"2025";"3301";"";"0";"0";"100012604";"FOLHA DE PAGAMENTO";"45780103000150";"";"0";"PROPRIA";"31901144";"FÉRIAS - ABONO PECUNIARIO";"FOLHA DE PAGAMENTO";"2366.55";"2025";"L";"30/01/2025";"0";"01/01/2025";"31/01/2025";"14"
"UNIDADE DE GESTÃO DE PROMOÇÃO DA SAÚDE";"10";"SAÚDE";"305";"VIGILÂNCIA EPIDEMIOLÓGICA";"2025";"3302";"";"0";"0";"100012604";"FOLHA DE PAGAMENTO";"45780103000150";"";"0";"PROPRIA";"31901145";"FÉRIAS - ABONO CONSTITUICOES";"FOLHA DE PAGAMENTO";"9368.16";"2025";"L";"30/01/2025";"0";"01/01/2025";"31/01/2025";"14"
"UNIDADE DE GESTÃO DE PROMOÇÃO DA SAÚDE";"10";"SAÚDE";"305";"VIGILÂNCIA EPIDEMIOLÓGICA";"2025";"3303";"";"0";"0";"100012604";"FOLHA DE PAGAMENTO";"45780103000150";"";"0";"PROPRIA";"31901146";"FÉRIAS - PAGAMENTO ANTECIPADO - RPPS";"FOLHA DE PAGAMENTO";"18812.94";"2025";"L";"30/01/2025";"0";"01/01/2025";"31/01/2025";"14"
"UNIDADE DE GESTÃO DE PROMOÇÃO DA SAÚDE";"10";"SAÚDE";"305";"VIGILÂNCIA EPIDEMIOLÓGICA";"2025";"3304";"";"0";"0";"100012604";"FOLHA DE PAGAMENTO";"45780103000150";"";"0";"PROPRIA";"31901644";"SERVIÇOS EXTRAORDINÁRIOS";"FOLHA DE PAGAMENTO";"1008.25";"2025";"L";"30/01/2025";"0";"01/01/2025";"31/01/2025";"14"
"UNIDADE DE GESTÃO DE PROMOÇÃO DA SAÚDE";"10";"SAÚDE";"304";"VIGILÂNCIA SANITÁRIA";"2025";"3305";"";"0";"0";"100012604";"FOLHA DE PAGAMENTO";"45780103000150";"";"0";"PROPRIA";"31901107";"ABONO DE PERMANENCIA";"FOLHA DE PAGAMENTO";"2223.27";"2025";"L";"30/01/2025";"0";"01/01/2025";"31/01/2025";"14"
"UNIDADE DE GESTÃO DE PROMOÇÃO DA SAÚDE";"10";"SAÚDE";"304";"VIGILÂNCIA SANITÁRIA";"2025";"3306";"";"0";"0";"100012604";"FOLHA DE PAGAMENTO";"45780103000150";"";"0";"PROPRIA";"31901110";"ADICIONAL DE INSALUBRIDADE";"FOLHA DE PAGAMENTO";"303.6";"2025";"L";"30/01/2025";"0";"01/01/2025";"31/01/2025";"14"
"UNIDADE DE GESTÃO DE PROMOÇÃO DA SAÚDE";"10";"SAÚDE";"304";"VIGILÂNCIA SANITÁRIA";"2025";"3307";"";"0";"0";"100012604";"FOLHA DE PAGAMENTO";"45780103000150";"";"0";"PROPRIA";"31901133";"GRATIFICACOES POR EXERCICIO DE  FUNCOES";"FOLHA DE PAGAMENTO";"856.5";"2025";"L";"30/01/2025";"0";"01/01/2025";"31/01/2025";"14"
"UNIDADE DE GESTÃO DE PROMOÇÃO DA SAÚDE";"10";"SAÚDE";"304";"VIGILÂNCIA SANITÁRIA";"2025";"3308";"";"0";"0";"100012604";"FOLHA DE PAGAMENTO";"45780103000150";"";"0";"PROPRIA";"31901137";"GRATIFICACOES POR TEMPO DE SERVICO";"FOLHA DE PAGAMENTO";"6532.47";"2025";"L";"30/01/2025";"0";"01/01/2025";"31/01/2025";"14"
"UNIDADE DE GESTÃO DE PROMOÇÃO DA SAÚDE";"10";"SAÚDE";"304";"VIGILÂNCIA SANITÁRIA";"2025";"3309";"";"0";"0";"100012604";"FOLHA DE PAGAMENTO";"45780103000150";"";"0";"PROPRIA";"31901143";"13 SALARIO";"FOLHA DE PAGAMENTO";"7485.3";"2025";"L";"30/01/2025";"0";"01/01/2025";"31/01/2025";"14"
"UNIDADE DE GESTÃO DE PROMOÇÃO DA SAÚDE";"10";"SAÚDE";"304";"VIGILÂNCIA SANITÁRIA";"2025";"3310";"";"0";"0";"100012604";"FOLHA DE PAGAMENTO";"45780103000150";"";"0";"PROPRIA";"31901144";"FÉRIAS - ABONO PECUNIARIO";"FOLHA DE PAGAMENTO";"7138.38";"2025";"L";"30/01/2025";"0";"01/01/2025";"31/01/2025";"14"
"UNIDADE DE GESTÃO DE PROMOÇÃO DA SAÚDE";"10";"SAÚDE";"304";"VIGILÂNCIA SANITÁRIA";"2025";"3311";"";"0";"0";"100012604";"FOLHA DE PAGAMENTO";"45780103000150";"";"0";"PROPRIA";"31901145";"FÉRIAS - ABONO CONSTITUICOES";"FOLHA DE PAGAMENTO";"10871.21";"2025";"L";"30/01/2025";"0";"01/01/2025";"31/01/2025";"14"
"UNIDADE DE GESTÃO DE PROMOÇÃO DA SAÚDE";"10";"SAÚDE";"304";"VIGILÂNCIA SANITÁRIA";"2025";"3312";"";"0";"0";"100012604";"FOLHA DE PAGAMENTO";"45780103000150";"";"0";"PROPRIA";"31901146";"FÉRIAS - PAGAMENTO ANTECIPADO - RPPS";"FOLHA DE PAGAMENTO";"15213.17";"2025";"L";"30/01/2025";"0";"01/01/2025";"31/01/2025";"14"
"UNIDADE DE GESTÃO DE PROMOÇÃO DA SAÚDE";"10";"SAÚDE";"304";"VIGILÂNCIA SANITÁRIA";"2025";"3313";"";"0";"0";"100012604";"FOLHA DE PAGAMENTO";"45780103000150";"";"0";"PROPRIA";"31901644";"SERVIÇOS EXTRAORDINÁRIOS";"FOLHA DE PAGAMENTO";"1491.9";"2025";"L";"30/01/2025";"0";"01/01/2025";"31/01/2025";"14"
"UNIDADE DE GESTÃO DE PROMOÇÃO DA SAÚDE";"10";"SAÚDE";"303";"SUPORTE PROFILÁTICO E TERAPÊUTICO";"2025";"3314";"";"0";"0";"100012604";"FOLHA DE PAGAMENTO";"45780103000150";"";"0";"PROPRIA";"31901110";"ADICIONAL DE INSALUBRIDADE";"FOLHA DE PAGAMENTO";"404.8";"2025";"L";"30/01/2025";"0";"01/01/2025";"31/01/2025";"14"
"UNIDADE DE GESTÃO DE PROMOÇÃO DA SAÚDE";"10";"SAÚDE";"303";"SUPORTE PROFILÁTICO E TERAPÊUTICO";"2025";"3315";"";"0";"0";"100012604";"FOLHA DE PAGAMENTO";"45780103000150";"";"0";"PROPRIA";"31901137";"GRATIFICACOES POR TEMPO DE SERVICO";"FOLHA DE PAGAMENTO";"828.78";"2025";"L";"30/01/2025";"0";"01/01/2025";"31/01/2025";"14"
"UNIDADE DE GESTÃO DE PROMOÇÃO DA SAÚDE";"10";"SAÚDE";"303";"SUPORTE PROFILÁTICO E TERAPÊUTICO";"2025";"3316";"";"0";"0";"100012604";"FOLHA DE PAGAMENTO";"45780103000150";"";"0";"PROPRIA";"31901143";"13 SALARIO";"FOLHA DE PAGAMENTO";"2059.8";"2025";"L";"30/01/2025";"0";"01/01/2025";"31/01/2025";"14"
"UNIDADE DE GESTÃO DE PROMOÇÃO DA SAÚDE";"10";"SAÚDE";"303";"SUPORTE PROFILÁTICO E TERAPÊUTICO";"2025";"3317";"";"0";"0";"100012604";"FOLHA DE PAGAMENTO";"45780103000150";"";"0";"PROPRIA";"31901144";"FÉRIAS - ABONO PECUNIARIO";"FOLHA DE PAGAMENTO";"1853.66";"2025";"L";"30/01/2025";"0";"01/01/2025";"31/01/2025";"14"
"UNIDADE DE GESTÃO DE PROMOÇÃO DA SAÚDE";"10";"SAÚDE";"303";"SUPORTE PROFILÁTICO E TERAPÊUTICO";"2025";"3318";"";"0";"0";"100012604";"FOLHA DE PAGAMENTO";"45780103000150";"";"0";"PROPRIA";"31901145";"FÉRIAS - ABONO CONSTITUICOES";"FOLHA DE PAGAMENTO";"2678.45";"2025";"L";"30/01/2025";"0";"01/01/2025";"31/01/2025";"14"
"UNIDADE DE GESTÃO DE PROMOÇÃO DA SAÚDE";"10";"SAÚDE";"303";"SUPORTE PROFILÁTICO E TERAPÊUTICO";"2025";"3319";"";"0";"0";"100012604";"FOLHA DE PAGAMENTO";"45780103000150";"";"0";"PROPRIA";"31901146";"FÉRIAS - PAGAMENTO ANTECIPADO - RPPS";"FOLHA DE PAGAMENTO";"5608.07";"2025";"L";"30/01/2025";"0";"01/01/2025";"31/01/2025";"14"
"UNIDADE DE GESTÃO DE PROMOÇÃO DA SAÚDE";"10";"SAÚDE";"303";"SUPORTE PROFILÁTICO E TERAPÊUTICO";"2025";"3320";"";"0";"0";"100012604";"FOLHA DE PAGAMENTO";"45780103000150";"";"0";"PROPRIA";"31901644";"SERVIÇOS EXTRAORDINÁRIOS";"FOLHA DE PAGAMENTO";"113.88";"2025";"L";"30/01/2025";"0";"01/01/2025";"31/01/2025";"14"
"UNIDADE GESTÃO DE ASSISTÊNCIA E DESENVOLV. SOCIAL";"8";"ASSISTÊNCIA SOCIAL";"244";"ASSISTÊNCIA COMUNITÁRIA";"2025";"3321";"";"0";"0";"100012604";"FOLHA DE PAGAMENTO";"45780103000150";"";"0";"PROPRIA";"31901137";"GRATIFICACOES POR TEMPO DE SERVICO";"FOLHA DE PAGAMENTO";"415.47";"2025";"L";"30/01/2025";"0";"01/01/2025";"31/01/2025";"15"
"UNIDADE GESTÃO DE ASSISTÊNCIA E DESENVOLV. SOCIAL";"8";"ASSISTÊNCIA SOCIAL";"244";"ASSISTÊNCIA COMUNITÁRIA";"2025";"3322";"";"0";"0";"100012604";"FOLHA DE PAGAMENTO";"45780103000150";"";"0";"PROPRIA";"31901143";"13 SALARIO";"FOLHA DE PAGAMENTO";"6855.27";"2025";"L";"30/01/2025";"0";"01/01/2025";"31/01/2025";"15"
"UNIDADE GESTÃO DE ASSISTÊNCIA E DESENVOLV. SOCIAL";"8";"ASSISTÊNCIA SOCIAL";"244";"ASSISTÊNCIA COMUNITÁRIA";"2025";"3323";"";"0";"0";"100012604";"FOLHA DE PAGAMENTO";"45780103000150";"";"0";"PROPRIA";"31901145";"FÉRIAS - ABONO CONSTITUICOES";"FOLHA DE PAGAMENTO";"1523.39";"2025";"L";"30/01/2025";"0";"01/01/2025";"31/01/2025";"15"
"UNIDADE GESTÃO DE ASSISTÊNCIA E DESENVOLV. SOCIAL";"8";"ASSISTÊNCIA SOCIAL";"244";"ASSISTÊNCIA COMUNITÁRIA";"2025";"3324";"";"0";"0";"100012604";"FOLHA DE PAGAMENTO";"45780103000150";"";"0";"PROPRIA";"31901146";"FÉRIAS - PAGAMENTO ANTECIPADO - RPPS";"FOLHA DE PAGAMENTO";"2880.33";"2025";"L";"30/01/2025";"0";"01/01/2025";"31/01/2025";"15"
"UNIDADE GESTÃO DE ASSISTÊNCIA E DESENVOLV. SOCIAL";"8";"ASSISTÊNCIA SOCIAL";"244";"ASSISTÊNCIA COMUNITÁRIA";"2025";"3325";"";"0";"0";"100012604";"FOLHA DE PAGAMENTO";"45780103000150";"";"0";"PROPRIA";"31901107";"ABONO DE PERMANENCIA";"FOLHA DE PAGAMENTO";"567.76";"2025";"L";"30/01/2025";"0";"01/01/2025";"31/01/2025";"15"
"UNIDADE GESTÃO DE ASSISTÊNCIA E DESENVOLV. SOCIAL";"8";"ASSISTÊNCIA SOCIAL";"244";"ASSISTÊNCIA COMUNITÁRIA";"2025";"3326";"";"0";"0";"100012604";"FOLHA DE PAGAMENTO";"45780103000150";"";"0";"PROPRIA";"31901137";"GRATIFICACOES POR TEMPO DE SERVICO";"FOLHA DE PAGAMENTO";"1355.19";"2025";"L";"30/01/2025";"0";"01/01/2025";"31/01/2025";"15"
"UNIDADE GESTÃO DE ASSISTÊNCIA E DESENVOLV. SOCIAL";"8";"ASSISTÊNCIA SOCIAL";"244";"ASSISTÊNCIA COMUNITÁRIA";"2025";"3327";"";"0";"0";"100012604";"FOLHA DE PAGAMENTO";"45780103000150";"";"0";"PROPRIA";"31901144";"FÉRIAS - ABONO PECUNIARIO";"FOLHA DE PAGAMENTO";"5617.27";"2025";"L";"30/01/2025";"0";"01/01/2025";"31/01/2025";"15"
"UNIDADE GESTÃO DE ASSISTÊNCIA E DESENVOLV. SOCIAL";"8";"ASSISTÊNCIA SOCIAL";"244";"ASSISTÊNCIA COMUNITÁRIA";"2025";"3328";"";"0";"0";"100012604";"FOLHA DE PAGAMENTO";"45780103000150";"";"0";"PROPRIA";"31901145";"FÉRIAS - ABONO CONSTITUICOES";"FOLHA DE PAGAMENTO";"1999.57";"2025";"L";"30/01/2025";"0";"01/01/2025";"31/01/2025";"15"
"UNIDADE GESTÃO DE ASSISTÊNCIA E DESENVOLV. SOCIAL";"8";"ASSISTÊNCIA SOCIAL";"244";"ASSISTÊNCIA COMUNITÁRIA";"2025";"3329";"";"0";"0";"100012604";"FOLHA DE PAGAMENTO";"45780103000150";"";"0";"PROPRIA";"31901146";"FÉRIAS - PAGAMENTO ANTECIPADO - RPPS";"FOLHA DE PAGAMENTO";"3654.52";"2025";"L";"30/01/2025";"0";"01/01/2025";"31/01/2025";"15"
"UNIDADE GESTÃO DE ASSISTÊNCIA E DESENVOLV. SOCIAL";"8";"ASSISTÊNCIA SOCIAL";"244";"ASSISTÊNCIA COMUNITÁRIA";"2025";"3330";"";"0";"0";"100012604";"FOLHA DE PAGAMENTO";"45780103000150";"";"0";"PROPRIA";"31901644";"SERVIÇOS EXTRAORDINÁRIOS";"FOLHA DE PAGAMENTO";"157.49";"2025";"L";"30/01/2025";"0";"01/01/2025";"31/01/2025";"15"
"UNIDADE GESTÃO DE ASSISTÊNCIA E DESENVOLV. SOCIAL";"8";"ASSISTÊNCIA SOCIAL";"244";"ASSISTÊNCIA COMUNITÁRIA";"2025";"3331";"";"0";"0";"100012604";"FOLHA DE PAGAMENTO";"45780103000150";"";"0";"PROPRIA";"31901133";"GRATIFICACOES POR EXERCICIO DE  FUNCOES";"FOLHA DE PAGAMENTO";"1712.99";"2025";"L";"30/01/2025";"0";"01/01/2025";"31/01/2025";"15"
"UNIDADE GESTÃO DE ASSISTÊNCIA E DESENVOLV. SOCIAL";"8";"ASSISTÊNCIA SOCIAL";"244";"ASSISTÊNCIA COMUNITÁRIA";"2025";"3332";"";"0";"0";"100012604";"FOLHA DE PAGAMENTO";"45780103000150";"";"0";"PROPRIA";"31901137";"GRATIFICACOES POR TEMPO DE SERVICO";"FOLHA DE PAGAMENTO";"376.84";"2025";"L";"30/01/2025";"0";"01/01/2025";"31/01/2025";"15"
"UNIDADE GESTÃO DE ASSISTÊNCIA E DESENVOLV. SOCIAL";"8";"ASSISTÊNCIA SOCIAL";"244";"ASSISTÊNCIA COMUNITÁRIA";"2025";"3333";"";"0";"0";"100012604";"FOLHA DE PAGAMENTO";"45780103000150";"";"0";"PROPRIA";"31901145";"FÉRIAS - ABONO CONSTITUICOES";"FOLHA DE PAGAMENTO";"3208.89";"2025";"L";"30/01/2025";"0";"01/01/2025";"31/01/2025";"15"
"UNIDADE GESTÃO DE ASSISTÊNCIA E DESENVOLV. SOCIAL";"8";"ASSISTÊNCIA SOCIAL";"244";"ASSISTÊNCIA COMUNITÁRIA";"2025";"3334";"";"0";"0";"100012604";"FOLHA DE PAGAMENTO";"45780103000150";"";"0";"PROPRIA";"31901146";"FÉRIAS - PAGAMENTO ANTECIPADO - RPPS";"FOLHA DE PAGAMENTO";"6428.93";"2025";"L";"30/01/2025";"0";"01/01/2025";"31/01/2025";"15"
"UNIDADE DE GESTÃO DE SEGURANÇA MUNICIPAL";"6";"SEGURANÇA PÚBLICA";"122";"ADMINISTRAÇÃO GERAL";"2025";"3335";"";"0";"0";"100012604";"FOLHA DE PAGAMENTO";"45780103000150";"";"0";"PROPRIA";"31901104";"ADICIONAL NOTURNO";"FOLHA DE PAGAMENTO";"3840.37";"2025";"L";"30/01/2025";"0";"01/01/2025";"31/01/2025";"19"
"UNIDADE DE GESTÃO DE SEGURANÇA MUNICIPAL";"6";"SEGURANÇA PÚBLICA";"122";"ADMINISTRAÇÃO GERAL";"2025";"3336";"";"0";"0";"100012604";"FOLHA DE PAGAMENTO";"45780103000150";"";"0";"PROPRIA";"31901110";"ADICIONAL DE INSALUBRIDADE";"FOLHA DE PAGAMENTO";"202.4";"2025";"L";"30/01/2025";"0";"01/01/2025";"31/01/2025";"19"
"UNIDADE DE GESTÃO DE SEGURANÇA MUNICIPAL";"6";"SEGURANÇA PÚBLICA";"122";"ADMINISTRAÇÃO GERAL";"2025";"3337";"";"0";"0";"100012604";"FOLHA DE PAGAMENTO";"45780103000150";"";"0";"PROPRIA";"31901133";"GRATIFICACOES POR EXERCICIO DE  FUNCOES";"FOLHA DE PAGAMENTO";"17408.1";"2025";"L";"30/01/2025";"0";"01/01/2025";"31/01/2025";"19"
"UNIDADE DE GESTÃO DE SEGURANÇA MUNICIPAL";"6";"SEGURANÇA PÚBLICA";"122";"ADMINISTRAÇÃO GERAL";"2025";"3338";"";"0";"0";"100012604";"FOLHA DE PAGAMENTO";"45780103000150";"";"0";"PROPRIA";"31901137";"GRATIFICACOES POR TEMPO DE SERVICO";"FOLHA DE PAGAMENTO";"16911.49";"2025";"L";"30/01/2025";"0";"01/01/2025";"31/01/2025";"19"
"UNIDADE DE GESTÃO DE SEGURANÇA MUNICIPAL";"6";"SEGURANÇA PÚBLICA";"122";"ADMINISTRAÇÃO GERAL";"2025";"3339";"";"0";"0";"100012604";"FOLHA DE PAGAMENTO";"45780103000150";"";"0";"PROPRIA";"31901137";"GRATIFICACOES POR TEMPO DE SERVICO";"FOLHA DE PAGAMENTO";"2480.6";"2025";"L";"30/01/2025";"0";"01/01/2025";"31/01/2025";"19"
"UNIDADE DE GESTÃO DE SEGURANÇA MUNICIPAL";"6";"SEGURANÇA PÚBLICA";"122";"ADMINISTRAÇÃO GERAL";"2025";"3340";"";"0";"0";"100012604";"FOLHA DE PAGAMENTO";"45780103000150";"";"0";"PROPRIA";"31901143";"13 SALARIO";"FOLHA DE PAGAMENTO";"33838.93";"2025";"L";"30/01/2025";"0";"01/01/2025";"31/01/2025";"19"
"UNIDADE DE GESTÃO DE SEGURANÇA MUNICIPAL";"6";"SEGURANÇA PÚBLICA";"122";"ADMINISTRAÇÃO GERAL";"2025";"3341";"";"0";"0";"100012604";"FOLHA DE PAGAMENTO";"45780103000150";"";"0";"PROPRIA";"31901144";"FÉRIAS - ABONO PECUNIARIO";"FOLHA DE PAGAMENTO";"6378.69";"2025";"L";"30/01/2025";"0";"01/01/2025";"31/01/2025";"19"
"UNIDADE DE GESTÃO DE SEGURANÇA MUNICIPAL";"6";"SEGURANÇA PÚBLICA";"122";"ADMINISTRAÇÃO GERAL";"2025";"3342";"";"0";"0";"100012604";"FOLHA DE PAGAMENTO";"45780103000150";"";"0";"PROPRIA";"31901144";"FÉRIAS - ABONO PECUNIARIO";"FOLHA DE PAGAMENTO";"59028.68";"2025";"L";"30/01/2025";"0";"01/01/2025";"31/01/2025";"19"
"UNIDADE DE GESTÃO DE SEGURANÇA MUNICIPAL";"6";"SEGURANÇA PÚBLICA";"122";"ADMINISTRAÇÃO GERAL";"2025";"3343";"";"0";"0";"100012604";"FOLHA DE PAGAMENTO";"45780103000150";"";"0";"PROPRIA";"31901145";"FÉRIAS - ABONO CONSTITUICOES";"FOLHA DE PAGAMENTO";"3189.34";"2025";"L";"30/01/2025";"0";"01/01/2025";"31/01/2025";"19"
"UNIDADE DE GESTÃO DE SEGURANÇA MUNICIPAL";"6";"SEGURANÇA PÚBLICA";"122";"ADMINISTRAÇÃO GERAL";"2025";"3344";"";"0";"0";"100012604";"FOLHA DE PAGAMENTO";"45780103000150";"";"0";"PROPRIA";"31901145";"FÉRIAS - ABONO CONSTITUICOES";"FOLHA DE PAGAMENTO";"40771.75";"2025";"L";"30/01/2025";"0";"01/01/2025";"31/01/2025";"19"
"UNIDADE DE GESTÃO DE SEGURANÇA MUNICIPAL";"6";"SEGURANÇA PÚBLICA";"122";"ADMINISTRAÇÃO GERAL";"2025";"3345";"";"0";"0";"100012604";"FOLHA DE PAGAMENTO";"45780103000150";"";"0";"PROPRIA";"31901146";"FÉRIAS - PAGAMENTO ANTECIPADO - RPPS";"FOLHA DE PAGAMENTO";"44726.07";"2025";"L";"30/01/2025";"0";"01/01/2025";"31/01/2025";"19"
"UNIDADE DE GESTÃO DE SEGURANÇA MUNICIPAL";"6";"SEGURANÇA PÚBLICA";"122";"ADMINISTRAÇÃO GERAL";"2025";"3346";"";"0";"0";"100012604";"FOLHA DE PAGAMENTO";"45780103000150";"";"0";"PROPRIA";"31901146";"FÉRIAS - PAGAMENTO ANTECIPADO - RPPS";"FOLHA DE PAGAMENTO";"6135.81";"2025";"L";"30/01/2025";"0";"01/01/2025";"31/01/2025";"19"
"UNIDADE DE GESTÃO DE SEGURANÇA MUNICIPAL";"6";"SEGURANÇA PÚBLICA";"122";"ADMINISTRAÇÃO GERAL";"2025";"3347";"";"0";"0";"100012604";"FOLHA DE PAGAMENTO";"45780103000150";"";"0";"PROPRIA";"31901644";"SERVIÇOS EXTRAORDINÁRIOS";"FOLHA DE PAGAMENTO";"13986.72";"2025";"L";"30/01/2025";"0";"01/01/2025";"31/01/2025";"19"
"UNIDADE DE GESTÃO DE CULTURA";"13";"CULTURA";"122";"ADMINISTRAÇÃO GERAL";"2025";"3348";"";"0";"0";"100012604";"FOLHA DE PAGAMENTO";"45780103000150";"";"0";"PROPRIA";"31901104";"ADICIONAL NOTURNO";"FOLHA DE PAGAMENTO";"122.72";"2025";"L";"30/01/2025";"0";"01/01/2025";"31/01/2025";"22"
"UNIDADE DE GESTÃO DE CULTURA";"13";"CULTURA";"122";"ADMINISTRAÇÃO GERAL";"2025";"3349";"";"0";"0";"100012604";"FOLHA DE PAGAMENTO";"45780103000150";"";"0";"PROPRIA";"31901109";"ADICIONAL DE PERICULOSIDADE";"FOLHA DE PAGAMENTO";"974";"2025";"L";"30/01/2025";"0";"01/01/2025";"31/01/2025";"22"
"UNIDADE DE GESTÃO DE CULTURA";"13";"CULTURA";"122";"ADMINISTRAÇÃO GERAL";"2025";"3350";"";"0";"0";"100012604";"FOLHA DE PAGAMENTO";"45780103000150";"";"0";"PROPRIA";"31901137";"GRATIFICACOES POR TEMPO DE SERVICO";"FOLHA DE PAGAMENTO";"324.67";"2025";"L";"30/01/2025";"0";"01/01/2025";"31/01/2025";"22"
"UNIDADE DE GESTÃO DE CULTURA";"13";"CULTURA";"122";"ADMINISTRAÇÃO GERAL";"2025";"3351";"";"0";"0";"100012604";"FOLHA DE PAGAMENTO";"45780103000150";"";"0";"PROPRIA";"31901144";"FÉRIAS - ABONO PECUNIARIO";"FOLHA DE PAGAMENTO";"4031.18";"2025";"L";"30/01/2025";"0";"01/01/2025";"31/01/2025";"22"
"UNIDADE DE GESTÃO DE CULTURA";"13";"CULTURA";"122";"ADMINISTRAÇÃO GERAL";"2025";"3352";"";"0";"0";"100012604";"FOLHA DE PAGAMENTO";"45780103000150";"";"0";"PROPRIA";"31901145";"FÉRIAS - ABONO CONSTITUICOES";"FOLHA DE PAGAMENTO";"2015.6";"2025";"L";"30/01/2025";"0";"01/01/2025";"31/01/2025";"22"
"UNIDADE DE GESTÃO DE CULTURA";"13";"CULTURA";"122";"ADMINISTRAÇÃO GERAL";"2025";"3353";"";"0";"0";"100012604";"FOLHA DE PAGAMENTO";"45780103000150";"";"0";"PROPRIA";"31901146";"FÉRIAS - PAGAMENTO ANTECIPADO - RPPS";"FOLHA DE PAGAMENTO";"2719.19";"2025";"L";"30/01/2025";"0";"01/01/2025";"31/01/2025";"22"
"UNIDADE DE GESTÃO DE CULTURA";"13";"CULTURA";"122";"ADMINISTRAÇÃO GERAL";"2025";"3354";"";"0";"0";"100012604";"FOLHA DE PAGAMENTO";"45780103000150";"";"0";"PROPRIA";"31901644";"SERVIÇOS EXTRAORDINÁRIOS";"FOLHA DE PAGAMENTO";"1378.75";"2025";"L";"30/01/2025";"0";"01/01/2025";"31/01/2025";"22"
"UNIDADE DE GESTÃO DE ESPORTE E LAZER";"27";"DESPORTO E LAZER";"812";"DESPORTO COMUNITÁRIO";"2025";"3355";"";"0";"0";"100012604";"FOLHA DE PAGAMENTO";"45780103000150";"";"0";"PROPRIA";"31901104";"ADICIONAL NOTURNO";"FOLHA DE PAGAMENTO";"48.69";"2025";"L";"30/01/2025";"0";"01/01/2025";"31/01/2025";"23"
"UNIDADE DE GESTÃO DE ESPORTE E LAZER";"27";"DESPORTO E LAZER";"812";"DESPORTO COMUNITÁRIO";"2025";"3356";"";"0";"0";"100012604";"FOLHA DE PAGAMENTO";"45780103000150";"";"0";"PROPRIA";"31901133";"GRATIFICACOES POR EXERCICIO DE  FUNCOES";"FOLHA DE PAGAMENTO";"880.97";"2025";"L";"30/01/2025";"0";"01/01/2025";"31/01/2025";"23"
"UNIDADE DE GESTÃO DE ESPORTE E LAZER";"27";"DESPORTO E LAZER";"812";"DESPORTO COMUNITÁRIO";"2025";"3357";"";"0";"0";"100012604";"FOLHA DE PAGAMENTO";"45780103000150";"";"0";"PROPRIA";"31901137";"GRATIFICACOES POR TEMPO DE SERVICO";"FOLHA DE PAGAMENTO";"2204.6";"2025";"L";"30/01/2025";"0";"01/01/2025";"31/01/2025";"23"
"UNIDADE DE GESTÃO DE ESPORTE E LAZER";"27";"DESPORTO E LAZER";"812";"DESPORTO COMUNITÁRIO";"2025";"3358";"";"0";"0";"100012604";"FOLHA DE PAGAMENTO";"45780103000150";"";"0";"PROPRIA";"31901144";"FÉRIAS - ABONO PECUNIARIO";"FOLHA DE PAGAMENTO";"2443.65";"2025";"L";"30/01/2025";"0";"01/01/2025";"31/01/2025";"23"
"UNIDADE DE GESTÃO DE ESPORTE E LAZER";"27";"DESPORTO E LAZER";"812";"DESPORTO COMUNITÁRIO";"2025";"3359";"";"0";"0";"100012604";"FOLHA DE PAGAMENTO";"45780103000150";"";"0";"PROPRIA";"31901145";"FÉRIAS - ABONO CONSTITUICOES";"FOLHA DE PAGAMENTO";"4858.08";"2025";"L";"30/01/2025";"0";"01/01/2025";"31/01/2025";"23"
"UNIDADE DE GESTÃO DE ESPORTE E LAZER";"27";"DESPORTO E LAZER";"812";"DESPORTO COMUNITÁRIO";"2025";"3360";"";"0";"0";"100012604";"FOLHA DE PAGAMENTO";"45780103000150";"";"0";"PROPRIA";"31901146";"FÉRIAS - PAGAMENTO ANTECIPADO - RPPS";"FOLHA DE PAGAMENTO";"5744.39";"2025";"L";"30/01/2025";"0";"01/01/2025";"31/01/2025";"23"
"UNIDADE DE GESTÃO DE ESPORTE E LAZER";"27";"DESPORTO E LAZER";"812";"DESPORTO COMUNITÁRIO";"2025";"3361";"";"0";"0";"100012604";"FOLHA DE PAGAMENTO";"45780103000150";"";"0";"PROPRIA";"31901644";"SERVIÇOS EXTRAORDINÁRIOS";"FOLHA DE PAGAMENTO";"2065.03";"2025";"L";"30/01/2025";"0";"01/01/2025";"31/01/2025";"23"
"UNIDADE DE GESTÃO DE NEG. JURÍDICOS E CIDADANIA";"4";"ADMINISTRAÇÃO";"122";"ADMINISTRAÇÃO GERAL";"2025";"3365";"";"0";"0";"100029785";"PMJ - ROGÉRIA APARECIDA NASCIMENTO";"13753692883";"";"0";"PROPRIA";"33903999";"OUTROS SERVICOS DE TERCEIROS - PESSOA JURIDICA";"ADIANTAMENTOS(SERVIDORES).";"3000";"2025";"L";"31/01/2025";"0";"01/01/2025";"31/01/2025";"6"
"UNIDADE DE GESTÃO DE NEG. JURÍDICOS E CIDADANIA";"4";"ADMINISTRAÇÃO";"122";"ADMINISTRAÇÃO GERAL";"2025";"3366";"";"0";"0";"100029785";"PMJ - ROGÉRIA APARECIDA NASCIMENTO";"13753692883";"";"0";"PROPRIA";"33903099";"OUTROS MATERIAIS DE CONSUMO";"ADIANTAMENTOS(SERVIDORES).";"500";"2025";"L";"31/01/2025";"0";"01/01/2025";"31/01/2025";"6"
"UNIDADE GESTÃO DE PLANEJ. URBANO E MEIO AMBIENTE";"4";"ADMINISTRAÇÃO";"122";"ADMINISTRAÇÃO GERAL";"2025";"3367";"";"0";"0";"100040086";"PMJ-PATRICIA DE FREITAS DUARTE";"21043366865";"";"0";"PROPRIA";"33903099";"OUTROS MATERIAIS DE CONSUMO";"ADIANTAMENTOS(SERVIDORES).";"100";"2025";"L";"31/01/2025";"0";"01/01/2025";"31/01/2025";"11"
"UNIDADE GESTÃO DE PLANEJ. URBANO E MEIO AMBIENTE";"4";"ADMINISTRAÇÃO";"122";"ADMINISTRAÇÃO GERAL";"2025";"3368";"";"0";"0";"100040086";"PMJ-PATRICIA DE FREITAS DUARTE";"21043366865";"";"0";"PROPRIA";"33903999";"OUTROS SERVICOS DE TERCEIROS - PESSOA JURIDICA";"ADIANTAMENTOS(SERVIDORES).";"1000";"2025";"L";"31/01/2025";"0";"01/01/2025";"31/01/2025";"11"
"UNIDADE DE GESTÃO DE GOVERNO E FINANÇAS";"28";"ENCARGOS ESPECIAIS";"846";"OUTROS ENCARGOS ESPECIAIS";"2025";"3549";"";"0";"0";"100012130";"TRIBUNAL DE JUSTIÇA DO ESTADO DE SAO PAULO-EPM";"51174001000193";"";"0";"PROPRIA";"33906700";"DEPOSITOS COMPULSORIOS";"DEPOSITO COMPULSORIO";"1900.95";"2025";"L";"31/01/2025";"0";"01/01/2025";"31/01/2025";"8"
"UNIDADE DE GESTÃO DE GOVERNO E FINANÇAS";"28";"ENCARGOS ESPECIAIS";"846";"OUTROS ENCARGOS ESPECIAIS";"2025";"3550";"";"0";"0";"100012130";"TRIBUNAL DE JUSTIÇA DO ESTADO DE SAO PAULO-EPM";"51174001000193";"";"0";"PROPRIA";"33906700";"DEPOSITOS COMPULSORIOS";"DEPOSITO COMPULSORIO";"1516.59";"2025";"L";"31/01/2025";"0";"01/01/2025";"31/01/2025";"8"
"UNIDADE DE GESTÃO DES. ECON. CIÊNCIA E TECNOLOGIA";"4";"ADMINISTRAÇÃO";"122";"ADMINISTRAÇÃO GERAL";"2025";"3585";"";"0";"0";"100046986";"PMJ-SILMARA BARELLI";"13528247878";"";"0";"PROPRIA";"33903099";"OUTROS MATERIAIS DE CONSUMO";"ADIANTAMENTOS(SERVIDORES).";"300";"2025";"L";"31/01/2025";"0";"01/01/2025";"31/01/2025";"16"
"UNIDADE DE GESTÃO DES. ECON. CIÊNCIA E TECNOLOGIA";"4";"ADMINISTRAÇÃO";"122";"ADMINISTRAÇÃO GERAL";"2025";"3586";"";"0";"0";"100046986";"PMJ-SILMARA BARELLI";"13528247878";"";"0";"PROPRIA";"33903999";"OUTROS SERVICOS DE TERCEIROS - PESSOA JURIDICA";"ADIANTAMENTOS(SERVIDORES).";"2000";"2025";"L";"31/01/2025";"0";"01/01/2025";"31/01/2025";"16"
"UNIDADE DE GESTÃO DE GOVERNO E FINANÇAS";"4";"ADMINISTRAÇÃO";"123";"ADMINISTRAÇÃO FINANCEIRA";"2025";"3595";"";"0";"0";"100036424";"BANCO DO BRASIL S/A";"00000000000191";"";"0";"PROPRIA";"33903981";"SERVICOS BANCARIOS";"TARIFAS BANCARIAS(TAXAS E TAR.).";"156";"2025";"L";"31/01/2025";"0";"01/01/2025";"31/01/2025";"8"
"UNIDADE DE GESTÃO DE GOVERNO E FINANÇAS";"4";"ADMINISTRAÇÃO";"123";"ADMINISTRAÇÃO FINANCEIRA";"2025";"3595";"";"0";"0";"100036424";"BANCO DO BRASIL S/A";"00000000000191";"";"0";"PROPRIA";"33903981";"SERVICOS BANCARIOS";"TARIFAS BANCARIAS(TAXAS E TAR.).";"120";"2025";"L";"31/01/2025";"0";"01/01/2025";"31/01/2025";"8"
"UNIDADE DE GESTÃO DE GOVERNO E FINANÇAS";"4";"ADMINISTRAÇÃO";"123";"ADMINISTRAÇÃO FINANCEIRA";"2025";"3595";"";"0";"0";"100036424";"BANCO DO BRASIL S/A";"00000000000191";"";"0";"PROPRIA";"33903981";"SERVICOS BANCARIOS";"TARIFAS BANCARIAS(TAXAS E TAR.).";"12";"2025";"L";"31/01/2025";"0";"01/01/2025";"31/01/2025";"8"
"UNIDADE DE GESTÃO DE GOVERNO E FINANÇAS";"4";"ADMINISTRAÇÃO";"123";"ADMINISTRAÇÃO FINANCEIRA";"2025";"3595";"";"0";"0";"100036424";"BANCO DO BRASIL S/A";"00000000000191";"";"0";"PROPRIA";"33903981";"SERVICOS BANCARIOS";"TARIFAS BANCARIAS(TAXAS E TAR.).";"1332";"2025";"L";"31/01/2025";"0";"01/01/2025";"31/01/2025";"8"
"UNIDADE DE GESTÃO DE GOVERNO E FINANÇAS";"4";"ADMINISTRAÇÃO";"123";"ADMINISTRAÇÃO FINANCEIRA";"2025";"3595";"";"0";"0";"100036424";"BANCO DO BRASIL S/A";"00000000000191";"";"0";"PROPRIA";"33903981";"SERVICOS BANCARIOS";"TARIFAS BANCARIAS(TAXAS E TAR.).";"24";"2025";"L";"31/01/2025";"0";"01/01/2025";"31/01/2025";"8"
"UNIDADE DE GESTÃO DE GOVERNO E FINANÇAS";"4";"ADMINISTRAÇÃO";"123";"ADMINISTRAÇÃO FINANCEIRA";"2025";"3595";"";"0";"0";"100036424";"BANCO DO BRASIL S/A";"00000000000191";"";"0";"PROPRIA";"33903981";"SERVICOS BANCARIOS";"TARIFAS BANCARIAS(TAXAS E TAR.).";"12";"2025";"L";"31/01/2025";"0";"01/01/2025";"31/01/2025";"8"
"UNIDADE DE GESTÃO DE GOVERNO E FINANÇAS";"4";"ADMINISTRAÇÃO";"123";"ADMINISTRAÇÃO FINANCEIRA";"2025";"3595";"";"0";"0";"100036424";"BANCO DO BRASIL S/A";"00000000000191";"";"0";"PROPRIA";"33903981";"SERVICOS BANCARIOS";"TARIFAS BANCARIAS(TAXAS E TAR.).";"48";"2025";"L";"31/01/2025";"0";"01/01/2025";"31/01/2025";"8"
"UNIDADE DE GESTÃO DE GOVERNO E FINANÇAS";"4";"ADMINISTRAÇÃO";"123";"ADMINISTRAÇÃO FINANCEIRA";"2025";"3595";"";"0";"0";"100036424";"BANCO DO BRASIL S/A";"00000000000191";"";"0";"PROPRIA";"33903981";"SERVICOS BANCARIOS";"TARIFAS BANCARIAS(TAXAS E TAR.).";"467.9";"2025";"L";"31/01/2025";"0";"01/01/2025";"31/01/2025";"8"
"UNIDADE DE GESTÃO DE GOVERNO E FINANÇAS";"4";"ADMINISTRAÇÃO";"123";"ADMINISTRAÇÃO FINANCEIRA";"2025";"3595";"";"0";"0";"100036424";"BANCO DO BRASIL S/A";"00000000000191";"";"0";"PROPRIA";"33903981";"SERVICOS BANCARIOS";"TARIFAS BANCARIAS(TAXAS E TAR.).";"1650";"2025";"L";"31/01/2025";"0";"01/01/2025";"31/01/2025";"8"
"UNIDADE DE GESTÃO DE GOVERNO E FINANÇAS";"4";"ADMINISTRAÇÃO";"123";"ADMINISTRAÇÃO FINANCEIRA";"2025";"3595";"";"0";"0";"100036424";"BANCO DO BRASIL S/A";"00000000000191";"";"0";"PROPRIA";"33903981";"SERVICOS BANCARIOS";"TARIFAS BANCARIAS(TAXAS E TAR.).";"192";"2025";"L";"31/01/2025";"0";"01/01/2025";"31/01/2025";"8"
"UNIDADE DE GESTÃO DE GOVERNO E FINANÇAS";"4";"ADMINISTRAÇÃO";"123";"ADMINISTRAÇÃO FINANCEIRA";"2025";"3595";"";"0";"0";"100036424";"BANCO DO BRASIL S/A";"00000000000191";"";"0";"PROPRIA";"33903981";"SERVICOS BANCARIOS";"TARIFAS BANCARIAS(TAXAS E TAR.).";"707.99";"2025";"L";"31/01/2025";"0";"01/01/2025";"31/01/2025";"8"
"UNIDADE DE GESTÃO DE GOVERNO E FINANÇAS";"4";"ADMINISTRAÇÃO";"123";"ADMINISTRAÇÃO FINANCEIRA";"2025";"3595";"";"0";"0";"100036424";"BANCO DO BRASIL S/A";"00000000000191";"";"0";"PROPRIA";"33903981";"SERVICOS BANCARIOS";"TARIFAS BANCARIAS(TAXAS E TAR.).";"2082.1";"2025";"L";"31/01/2025";"0";"01/01/2025";"31/01/2025";"8"
